# Blender v2.71 (sub 0) OBJ File: 'City_Building06.blend'
# www.blender.org
mtllib City_Building06.mtl
o Exterior_Walls02
v 1.150000 4.274996 0.010000
v 1.150000 4.274996 2.109999
v 1.150000 3.374994 0.009996
v 1.150000 3.374994 2.109999
v 1.150000 4.264996 0.020002
v 1.150000 3.384995 0.020000
v 1.150000 3.384995 2.099999
v 1.100000 3.384995 2.099999
v 1.099999 4.264996 2.099999
v 1.150000 4.264996 2.099999
v 1.099999 4.284994 -0.050000
v 1.100000 3.364994 -0.050000
v 1.100000 3.384995 0.020000
v 1.099999 4.264996 0.020000
v 1.100000 3.364994 2.120001
v 1.099999 4.284994 2.120001
v 0.900000 2.724996 0.500000
v 0.300000 2.724996 0.500000
v 0.900000 2.724996 2.200000
v 0.300000 2.724996 2.200000
v 0.900000 2.774996 0.500000
v 0.300000 2.774996 0.500000
v 0.300000 2.774996 2.200000
v 0.900000 2.774996 2.200000
v 0.175000 0.599996 2.200000
v 0.175000 2.599996 2.200000
v 0.175000 2.599996 0.500000
v 0.175000 0.599996 0.500000
v 0.125000 0.599996 0.500000
v 0.125000 2.599996 2.200000
v 0.125000 0.599996 2.200000
v 0.125000 2.599996 0.500000
v 0.125000 0.619996 2.180000
v 0.125000 0.619996 0.520000
v 0.175000 0.619996 0.520000
v 0.175000 0.619996 2.180000
v 0.320000 2.774996 2.180000
v 0.125000 2.579995 2.180000
v 0.175000 2.579995 2.180000
v 0.320000 2.774996 0.520000
v 0.125000 2.579995 0.520000
v 0.320000 2.724996 0.520000
v 0.320000 2.724996 2.180000
v 0.175000 2.579995 0.520000
v 0.880000 2.774996 0.520000
v 0.880000 2.724996 0.520000
v 0.880000 2.774996 2.180000
v 0.880000 2.724996 2.180000
v 0.300000 4.849994 0.450000
v 0.900000 2.799995 0.450000
v 0.300000 2.799995 0.450000
v 1.100000 4.384995 0.450000
v 1.100000 4.699994 0.450000
v 0.100000 2.599996 0.050000
v 0.100000 0.599996 0.050000
v 0.900000 2.799995 0.100000
v 1.100000 3.264995 0.450000
v 0.900000 2.799995 0.050000
v 0.300000 2.799995 0.050000
v 1.100000 2.949995 0.050000
v 1.100000 4.384995 2.300000
v 0.300000 4.849994 2.300000
v 0.100000 2.599996 2.300001
v 1.100000 2.949995 0.400000
v 1.100000 3.264995 0.050000
v 0.100000 0.599996 0.100000
v 0.300000 2.799995 0.100000
v 0.080000 0.599996 0.050000
v 0.080000 2.599996 0.090000
v 0.080000 0.599996 0.450000
v 0.080000 2.599996 0.440000
v 0.080000 2.599996 0.100000
v 0.080000 0.599996 0.100000
v 0.900000 4.849994 0.100000
v 0.300000 4.849994 0.100000
v 1.100000 3.264995 2.300000
v 0.080000 2.599996 0.050000
v 0.080000 0.599996 0.400000
v 0.080000 0.599996 0.090000
v 0.080000 2.599996 0.400000
v 1.100000 4.699994 0.050000
v 0.300000 4.849994 0.400000
v 0.080000 0.599996 0.440000
v 0.080000 2.599996 0.450000
v 0.300000 4.849994 0.050000
v 0.080000 2.599996 0.410000
v 0.080000 0.599996 0.410000
v 0.080000 2.599996 0.060000
v 0.080000 0.599996 0.060000
v 1.100000 4.699994 0.100000
v 1.100000 4.384995 0.100000
v 0.900000 4.849994 0.400000
v 0.070000 2.599996 0.090000
v 0.070000 2.599996 0.440000
v 0.070000 0.599996 0.090000
v 0.070000 0.599996 0.440000
v 0.070000 2.599996 0.410000
v 0.070000 0.599996 0.410000
v 0.070000 2.599996 0.060000
v 0.070000 0.599996 0.060000
v 0.080000 2.599996 2.300001
v 0.080000 0.599996 2.300001
v 0.080000 0.599996 2.289999
v 0.080000 2.599996 2.289999
v 0.080000 0.599996 2.260001
v 0.080000 2.599996 2.260001
v 0.080000 2.599996 2.250001
v 0.080000 0.599996 2.250001
v 0.070000 0.599996 2.289999
v 0.070000 2.599996 2.289999
v 0.070000 0.599996 2.260001
v 0.070000 2.599996 2.260001
v 1.080000 4.384995 0.450000
v 1.080000 4.699994 0.450000
v 1.080000 2.949995 0.450000
v 1.080000 3.264995 0.450000
v 1.080000 4.384995 0.440000
v 1.080000 2.949995 0.410000
v 1.080000 2.949995 0.440000
v 1.080000 2.949995 2.260000
v 1.080000 4.384995 2.260000
v 1.080000 2.949995 0.050000
v 1.080000 3.264995 0.100000
v 1.080000 4.384995 2.300000
v 1.080000 2.949995 2.300000
v 1.080000 3.264995 0.440000
v 1.080000 3.264995 0.410000
v 1.080000 3.264995 0.400000
v 1.080000 2.949995 0.400000
v 1.080000 4.699994 2.250001
v 1.080000 4.384995 2.250001
v 1.080000 2.949995 2.250001
v 1.080000 3.264995 0.060000
v 1.080000 2.949995 0.090000
v 1.080000 3.264995 0.050000
v 1.080000 2.949995 0.060000
v 1.080000 2.949995 0.100000
v 1.080000 3.264995 2.250001
v 1.080000 4.699994 0.410000
v 1.080000 3.264995 2.260000
v 1.080000 4.384995 0.090000
v 1.080000 2.949995 2.289999
v 1.080000 4.384995 2.289999
v 1.080000 3.264995 0.090000
v 1.080000 4.699994 0.060000
v 1.080000 4.699994 0.090000
v 1.080000 4.699994 2.260000
v 1.080000 4.699994 0.400000
v 1.080000 4.384995 0.400000
v 1.080000 3.264995 2.300000
v 1.080000 3.264995 2.289999
v 1.080000 4.384995 0.050000
v 1.080000 4.699994 0.050000
v 1.080000 4.699994 2.300000
v 1.080000 4.699994 2.289999
v 1.080000 4.699994 0.100000
v 1.080000 4.384995 0.100000
v 1.080000 4.384995 0.410000
v 1.080000 4.699994 0.440000
v 1.080000 4.384995 0.060000
v 1.070000 4.384995 0.440000
v 1.070000 2.949995 0.410000
v 1.070000 2.949995 0.440000
v 1.070000 2.949995 2.260000
v 1.070000 4.384995 2.260000
v 1.070000 3.264995 0.440000
v 1.070000 3.264995 0.410000
v 1.070000 3.264995 0.060000
v 1.070000 2.949995 0.090000
v 1.070000 2.949995 0.060000
v 1.070000 4.699994 0.410000
v 1.070000 3.264995 2.260000
v 1.070000 4.384995 0.090000
v 1.070000 2.949995 2.289999
v 1.070000 4.384995 2.289999
v 1.070000 3.264995 0.090000
v 1.070000 4.699994 0.060000
v 1.070000 4.699994 0.090000
v 1.070000 4.699994 2.260000
v 1.070000 3.264995 2.289999
v 1.070000 4.699994 2.289999
v 1.070000 4.384995 0.410000
v 1.070000 4.699994 0.440000
v 1.070000 4.384995 0.060000
v 0.900000 2.819996 0.450000
v 0.300000 2.819996 0.450000
v 0.900000 2.819996 0.100000
v 0.900000 2.819996 0.440000
v 0.900000 2.819996 0.090000
v 0.900000 2.819996 0.410000
v 0.300000 2.819996 0.410000
v 0.300000 2.819996 0.440000
v 0.900000 2.819996 0.050000
v 0.900000 2.819996 0.060000
v 0.300000 2.819996 0.050000
v 0.900000 2.819996 0.400000
v 0.300000 2.819996 2.300001
v 0.300000 2.819996 0.400000
v 0.300000 2.819996 2.289999
v 0.300000 2.819996 0.090000
v 0.300000 2.819996 2.260001
v 0.300000 2.819996 0.060000
v 0.300000 2.819996 0.100000
v 0.300000 2.819996 2.250001
v 0.900000 2.819996 2.250001
v 0.900000 2.819996 2.300001
v 0.900000 2.819996 2.260001
v 0.900000 2.819996 2.289999
v 0.900000 2.829993 0.440000
v 0.900000 2.829993 0.090000
v 0.900000 2.829993 0.410000
v 0.300000 2.829993 0.410000
v 0.300000 2.829993 0.440000
v 0.900000 2.829993 0.060000
v 0.300000 2.829993 2.289999
v 0.300000 2.829993 0.090000
v 0.300000 2.829993 2.260001
v 0.300000 2.829993 0.060000
v 0.900000 2.829993 2.260001
v 0.900000 2.829993 2.289999
v 0.300000 4.829994 0.450000
v 0.900000 4.829994 0.450000
v 0.300000 4.829994 2.300000
v 0.900000 4.829994 2.289999
v 0.900000 4.829994 0.410000
v 0.300000 4.829994 0.410000
v 0.900000 4.829994 2.250001
v 0.300000 4.829994 2.250001
v 0.300000 4.829994 0.090000
v 0.900000 4.829994 2.300000
v 0.300000 4.829994 2.260000
v 0.900000 4.829994 0.100000
v 0.300000 4.829994 0.100000
v 0.300000 4.829994 0.060000
v 0.900000 4.829994 0.060000
v 0.900000 4.829994 2.260000
v 0.900000 4.829994 0.440000
v 0.300000 4.829994 0.400000
v 0.300000 4.829994 2.289999
v 0.300000 4.829994 0.440000
v 0.900000 4.829994 0.050000
v 0.300000 4.829994 0.050000
v 0.900000 4.829994 0.400000
v 0.900000 4.829994 0.090000
v 0.900000 4.819996 2.289999
v 0.900000 4.819996 0.410000
v 0.300000 4.819996 0.410000
v 0.300000 4.819996 0.090000
v 0.300000 4.819996 2.260000
v 0.300000 4.819996 0.060000
v 0.900000 4.819996 0.060000
v 0.900000 4.819996 2.260000
v 0.900000 4.819996 0.440000
v 0.300000 4.819996 2.289999
v 0.300000 4.819996 0.440000
v 0.900000 4.819996 0.090000
v 0.100000 0.599996 2.500000
v 0.100000 2.599996 2.500000
v 0.100000 0.599996 -0.050000
v 0.100000 2.599996 -0.050000
v 0.100000 0.599996 0.500000
v 0.100000 2.599996 0.500000
v 0.100000 0.599996 2.200000
v 0.100000 2.599996 2.200000
v 0.300000 2.799995 -0.050000
v 0.300000 4.849994 -0.050000
v 0.300000 2.799995 2.400000
v 0.300000 2.799995 0.500000
v 0.300000 4.849994 2.400000
v 0.300000 2.799995 2.200000
v 0.300000 4.849994 2.250000
v 0.900000 2.799995 -0.050000
v 0.900000 4.849994 -0.050000
v 0.900000 2.799995 2.400000
v 0.900000 2.799995 0.500000
v 0.900000 4.849994 2.400000
v 0.900000 2.799995 2.200000
v 0.900000 4.849994 2.250000
v 1.100000 3.264995 2.400000
v 1.100000 3.264995 -0.050000
v 1.100000 3.264995 2.250000
v 1.100000 2.949995 2.250000
v 1.100000 2.949995 0.450000
v 1.100000 2.949995 -0.050000
v 1.100000 2.949995 2.400000
v 1.100000 4.384995 2.400000
v 1.100000 4.384995 -0.050000
v 1.100000 4.384995 2.250000
v 1.100000 4.699994 -0.050000
v 1.100000 4.699994 2.250000
v 1.100000 4.699994 2.400000
v 0.900000 2.774996 0.500000
v 0.300000 2.774996 0.500000
v 0.300000 2.774996 2.200000
v 0.900000 2.774996 2.200000
v 0.125000 0.599996 0.500000
v 0.125000 2.599996 2.200000
v 0.125000 0.599996 2.200000
v 0.125000 2.599996 0.500000
v 1.100000 2.949995 2.300000
v 1.100000 4.699994 2.300000
v 0.600000 4.849994 0.050000
v 0.900000 4.849994 2.300000
v 0.600000 4.849994 2.300000
v 0.900000 2.799995 2.300000
v 0.300000 2.799995 2.300000
v 0.900000 2.799995 2.250000
v 0.300000 2.799995 2.250000
v 0.100000 0.599996 2.300000
v 0.600000 4.849994 0.450000
v 0.100000 0.599996 2.250000
v 0.100000 2.599996 2.250000
v 0.600000 4.849994 -0.050000
v 0.600000 4.849994 2.250000
v 0.900000 4.849994 0.450000
v 0.600000 4.849994 2.400000
v 0.600000 4.819996 0.410000
v 0.600000 4.819996 0.440000
v 1.100000 4.384995 0.400000
v 1.100000 4.699994 0.400000
v 0.600000 4.819996 0.060000
v 1.100000 3.264995 0.400000
v 0.900000 4.849994 0.050000
v 0.600000 4.819996 0.090000
v 1.100000 4.384995 0.050000
v 0.600000 4.819996 2.289999
v 0.600000 4.819996 2.260000
v 0.600000 4.829994 0.410000
v 0.600000 4.829994 0.440000
v 0.600000 4.829994 0.060000
v 0.600000 4.829994 0.100000
v 0.600000 4.829994 0.090000
v 1.100000 2.949995 0.100000
v 1.100000 3.264995 0.100000
v 0.600000 4.829994 2.289999
v 0.600000 4.829994 2.260000
v 0.100000 0.599996 0.450000
v 0.100000 2.599996 0.450000
v 0.900000 2.799995 0.400000
v 0.300000 2.799995 0.400000
v 0.100000 0.599996 0.400000
v 0.100000 2.599996 0.400000
v 0.600000 4.829994 0.050000
v 0.600000 4.829994 2.300000
v 0.600000 4.829994 2.250001
v 0.600000 4.829994 0.400000
v 0.600000 4.829994 0.450000
v 0.600000 4.849994 0.100000
v 0.600000 4.849994 0.400000
v 0.100000 2.599996 0.100000
v 1.100000 2.799995 2.400000
v 0.150000 2.799995 2.500000
v 0.150000 2.799995 2.400000
v 0.150000 4.849996 2.500000
v 0.150000 4.849996 2.400000
v 1.100000 4.849996 2.400000
v 0.100000 0.599996 2.500000
v 1.050000 3.364995 -0.050000
v 0.100000 0.599996 -0.050000
v 0.100000 2.599996 -0.050000
v 0.050000 2.649996 -0.050000
v 0.900000 2.849996 -0.050000
v 0.050000 0.549995 2.500000
v 1.050000 4.284995 -0.050000
v 0.100000 4.799994 -0.050000
v 0.100000 2.599996 2.500000
v 0.100000 4.799994 2.500000
v 0.300000 2.799995 -0.050000
v 0.300000 4.849994 -0.050000
v 0.300000 2.799995 2.500000
v 0.300000 4.849994 2.500000
v 0.900000 4.849994 -0.050000
v 0.900000 2.799995 2.400000
v 0.900000 2.799995 -0.050000
v 0.900000 4.849994 2.400000
v 1.050000 3.364995 2.119999
v 1.050000 4.284995 2.119999
v 1.100000 4.284995 -0.050000
v 1.100000 3.364995 -0.050000
v 1.100000 4.284995 2.119999
v 1.100000 3.364995 2.119999
v 0.050000 0.549995 -0.050000
v 0.050000 0.599996 2.500000
v 0.050000 2.599996 2.500000
v 0.050000 2.799995 2.500000
v 0.050000 4.849994 2.500000
v 0.050000 0.599996 -0.050000
v 0.050000 4.849994 -0.050000
v 0.050000 2.599996 -0.050000
v 0.050000 2.799995 -0.050000
v 0.100000 2.849996 2.500000
v 0.100000 2.849996 -0.050000
v 0.300000 2.849996 -0.050000
v 0.300000 2.849996 2.500000
v 0.050000 2.849996 2.500000
v 0.050000 2.849996 -0.050000
v 0.300000 4.799994 -0.050000
v 0.300000 4.799994 2.500000
v 0.900000 4.799994 -0.050000
v 0.900000 4.799994 2.400000
v 0.050000 4.799994 -0.050000
v 0.050000 4.799994 2.500000
v 0.900000 2.849996 2.400000
v 1.100000 3.264995 -0.050000
v 1.100000 3.264995 2.400000
v 1.100000 2.949995 -0.050000
v 1.100000 2.949995 2.400000
v 1.050000 2.949995 2.400000
v 1.050000 2.949995 -0.050000
v 1.100000 4.384995 -0.050000
v 1.100000 4.384995 2.400000
v 1.100000 4.699994 -0.050000
v 1.050000 4.699994 2.400000
v 1.100000 4.699994 2.400000
v 1.050000 4.699994 -0.050000
v 1.050000 3.344995 2.400000
v 1.050000 4.304995 2.400000
v 1.050000 3.264995 -0.050000
v 1.050000 4.384995 -0.050000
v 1.050000 4.384995 2.400000
v 1.050000 3.264995 2.400000
v 0.050000 2.649996 2.500000
v 0.030000 2.649996 2.500000
v 0.030000 0.549995 2.500000
v 0.030000 0.549995 -0.050000
v 0.030000 0.399995 2.500000
v 0.030000 4.999995 -0.050000
v 0.030000 4.849994 -0.050000
v 0.030000 0.399995 -0.050000
v 0.030000 2.799995 -0.050000
v 0.030000 2.799995 2.500000
v 0.030000 4.999995 2.500000
v 0.030000 4.849994 2.500000
v 0.030000 2.649996 -0.050000
v 0.250000 2.849996 2.500000
v 0.250000 2.849996 -0.050000
v 0.250000 4.799994 -0.050000
v 0.250000 4.799994 2.500000
v 0.100000 4.779994 2.500000
v 0.100000 4.779994 -0.050000
v 0.100000 2.869995 -0.050000
v 0.100000 2.869995 2.500000
v 0.250000 4.779994 2.500000
v 0.250000 2.869995 2.500000
v 0.250000 2.869995 -0.050000
v 0.250000 4.779994 -0.050000
v 0.950000 4.799994 -0.050000
v 0.950000 4.799994 2.400000
v 0.950000 2.849996 2.400000
v 0.950000 2.849996 -0.050000
v 1.050000 4.719995 -0.050000
v 1.050000 4.719995 2.400000
v 1.050000 2.929994 2.400000
v 1.050000 2.929994 -0.050000
v 1.030000 4.779994 2.400000
v 1.030000 4.779994 -0.050000
v 1.030000 2.869995 -0.050000
v 1.050000 4.304995 -0.050000
v 1.030000 4.719995 2.400000
v 1.030000 4.719995 -0.050000
v 1.030000 2.869995 2.400000
v 1.050000 4.364995 2.400000
v 1.030000 4.304995 2.400000
v 1.050000 4.364995 -0.050000
v 1.030000 2.929994 2.400000
v 1.030000 2.929994 -0.050000
v 0.950000 4.779994 2.400000
v 0.950000 4.779994 -0.050000
v 0.950000 2.869994 2.400000
v 0.950000 2.869994 -0.050000
v 1.030000 4.364995 -0.050000
v 1.050000 3.344995 -0.050000
v 1.030000 4.364995 2.400000
v 1.030000 4.304995 -0.050000
v 1.050000 3.284995 2.400000
v 1.050000 3.284995 -0.050000
v 1.030000 3.344995 2.400000
v 1.030000 3.284995 -0.050000
v 1.030000 3.284995 2.400000
v 1.030000 3.344995 -0.050000
v 0.900000 2.774996 -0.050000
v 0.300000 2.774996 -0.050000
v 0.300000 2.774996 2.500000
v 0.900000 2.774996 2.400000
v 0.125000 0.599996 -0.050000
v 0.125000 2.599996 2.500000
v 0.125000 0.599996 2.500000
v 0.125000 2.599996 -0.050000
vt 0.147378 0.484042
vt 0.261865 0.484094
vt 0.260610 0.486057
vt 0.149352 0.486019
vt 0.122921 0.493886
vt 0.122923 0.487646
vt 0.232744 0.487684
vt 0.232741 0.493924
vt 0.234691 0.495876
vt 0.121682 0.495825
vt 0.263134 0.501230
vt 0.146819 0.501190
vt 0.149350 0.492341
vt 0.260608 0.492379
vt 0.044026 0.493050
vt 0.044025 0.487873
vt 0.259399 0.487843
vt 0.259400 0.493020
vt 0.044684 0.493294
vt 0.044682 0.488137
vt 0.259228 0.488031
vt 0.259230 0.493188
vt 0.040200 0.484048
vt 0.260404 0.484066
vt 0.031074 0.484249
vt 0.261266 0.484249
vt 0.120427 0.485149
vt 0.235241 0.485189
vt 0.263196 0.496876
vt 0.036690 0.496876
vt 0.262993 0.497045
vt 0.043607 0.497105
vt 0.062931 0.496802
vt 0.065302 0.493349
vt 0.259697 0.493329
vt 0.263131 0.496802
vt 0.157636 0.496297
vt 0.160218 0.493715
vt 0.232532 0.493715
vt 0.235115 0.496297
vt 0.261957 0.484750
vt 0.259585 0.488203
vt 0.065191 0.488223
vt 0.061757 0.484750
vt 0.062703 0.496792
vt 0.065074 0.493339
vt 0.259472 0.493320
vt 0.262906 0.496792
vt 0.038552 0.497635
vt 0.040825 0.493747
vt 0.259723 0.493719
vt 0.263582 0.497635
vt 0.262068 0.484021
vt 0.259696 0.487474
vt 0.065302 0.487493
vt 0.061868 0.484021
vt 0.235114 0.484675
vt 0.232532 0.487258
vt 0.160218 0.487258
vt 0.157635 0.484675
vt 0.062820 0.497531
vt 0.065192 0.494078
vt 0.259586 0.494058
vt 0.263020 0.497531
vt 0.038507 0.497555
vt 0.259678 0.493638
vt 0.263538 0.497555
vt 0.259678 0.488054
vt 0.040779 0.488082
vt 0.259471 0.487465
vt 0.065074 0.487484
vt 0.261843 0.484012
vt 0.061640 0.484012
vt 0.261959 0.484315
vt 0.259587 0.487769
vt 0.065191 0.487788
vt 0.061757 0.484315
vt 0.261951 0.484165
vt 0.036919 0.484165
vt 0.040824 0.488163
vt 0.036965 0.484246
vt 0.065192 0.493643
vt 0.259588 0.493624
vt 0.062820 0.497096
vt 0.263022 0.497096
vt 0.157753 0.496187
vt 0.160336 0.493604
vt 0.232649 0.493604
vt 0.235232 0.496187
vt 0.235232 0.484565
vt 0.232649 0.487147
vt 0.160336 0.487148
vt 0.157753 0.484565
vt 0.700556 0.745218
vt 0.700577 0.742331
vt 0.866000 0.742329
vt 0.865978 0.745216
vt 0.831183 0.674246
vt 0.831183 0.676198
vt 0.772606 0.676198
vt 0.772606 0.674246
vt 0.648267 0.525156
vt 0.618908 0.525163
vt 0.618907 0.523299
vt 0.648267 0.523291
vt 0.700595 0.727896
vt 0.866020 0.727895
vt 0.866043 0.730782
vt 0.700619 0.730783
vt 0.700614 0.694421
vt 0.700650 0.691534
vt 0.866075 0.691533
vt 0.866039 0.694420
vt 0.700554 0.739444
vt 0.865977 0.739442
vt 0.700654 0.682872
vt 0.866081 0.682872
vt 0.866104 0.685759
vt 0.700678 0.685760
vt 0.866063 0.697307
vt 0.700638 0.697308
vt 0.700583 0.733670
vt 0.866007 0.733668
vt 0.866013 0.736556
vt 0.700590 0.736557
vt 0.700643 0.688647
vt 0.866068 0.688646
vt 0.867623 0.740721
vt 0.867588 0.743635
vt 0.700591 0.743636
vt 0.700627 0.740722
vt 0.867702 0.731978
vt 0.867666 0.734893
vt 0.700671 0.734893
vt 0.700707 0.731979
vt 0.867738 0.729064
vt 0.700743 0.729065
vt 0.867659 0.737807
vt 0.700664 0.737808
vt 0.618934 0.560565
vt 0.648289 0.560563
vt 0.648289 0.561495
vt 0.618934 0.561497
vt 0.648247 0.738566
vt 0.618890 0.738559
vt 0.618891 0.737627
vt 0.648247 0.737634
vt 0.618934 0.554974
vt 0.648289 0.554972
vt 0.648289 0.555904
vt 0.618934 0.555905
vt 0.618931 0.522356
vt 0.648287 0.522354
vt 0.618931 0.516764
vt 0.648287 0.516762
vt 0.648288 0.517694
vt 0.618931 0.517696
vt 0.618893 0.732969
vt 0.648248 0.732974
vt 0.648248 0.733906
vt 0.618892 0.733900
vt 0.648298 0.738561
vt 0.648298 0.739493
vt 0.618941 0.739489
vt 0.648246 0.739498
vt 0.648298 0.732968
vt 0.648298 0.733900
vt 0.618931 0.521424
vt 0.648288 0.521422
vt 0.648271 0.563374
vt 0.618917 0.563370
vt 0.618930 0.514900
vt 0.648287 0.514898
vt 0.618934 0.556837
vt 0.648289 0.556836
vt 0.648289 0.559632
vt 0.618934 0.559633
vt 0.618931 0.518628
vt 0.648288 0.518626
vt 0.618942 0.734831
vt 0.648298 0.734832
vt 0.648298 0.737628
vt 0.648247 0.734838
vt 0.748877 0.704528
vt 0.748878 0.703506
vt 0.807420 0.703503
vt 0.807419 0.704525
vt 0.772605 0.682195
vt 0.831182 0.682195
vt 0.831183 0.683217
vt 0.772605 0.683217
vt 0.831184 0.677221
vt 0.772606 0.677221
vt 0.772604 0.722407
vt 0.831182 0.722408
vt 0.831182 0.723430
vt 0.772605 0.723430
vt 0.772605 0.716411
vt 0.831182 0.716411
vt 0.831183 0.717434
vt 0.772606 0.717433
vt 0.807420 0.705546
vt 0.748878 0.705549
vt 0.748877 0.698535
vt 0.807420 0.698532
vt 0.807421 0.699554
vt 0.748878 0.699557
vt 0.831183 0.678243
vt 0.772606 0.678243
vt 0.772605 0.725382
vt 0.831182 0.725383
vt 0.831182 0.714459
vt 0.772605 0.714458
vt 0.831183 0.681172
vt 0.772606 0.681172
vt 0.772605 0.718456
vt 0.831182 0.718457
vt 0.831182 0.721385
vt 0.772605 0.721385
vt 0.748877 0.700579
vt 0.807420 0.700576
vt 0.646854 0.732967
vt 0.646854 0.733899
vt 0.646854 0.738558
vt 0.646854 0.739490
vt 0.646845 0.522354
vt 0.646845 0.523286
vt 0.646844 0.560561
vt 0.646844 0.561493
vt 0.646845 0.516763
vt 0.646845 0.517695
vt 0.619035 0.555868
vt 0.619035 0.556800
vt 0.646993 0.556800
vt 0.646993 0.555868
vt 0.646844 0.554971
vt 0.646844 0.555902
vt 0.618887 0.525149
vt 0.646845 0.525149
vt 0.619035 0.553073
vt 0.619035 0.554937
vt 0.646993 0.554936
vt 0.646993 0.553072
vt 0.646854 0.734831
vt 0.646854 0.737627
vt 0.646845 0.518626
vt 0.646845 0.521422
vt 0.646844 0.556834
vt 0.646844 0.559630
vt 0.619035 0.517661
vt 0.619035 0.518593
vt 0.646992 0.518592
vt 0.646992 0.517660
vt 0.619038 0.733865
vt 0.619038 0.734797
vt 0.646996 0.734797
vt 0.646996 0.733865
vt 0.748878 0.707501
vt 0.807420 0.707498
vt 0.807420 0.712376
vt 0.748878 0.712380
vt 0.867566 0.746550
vt 0.867566 0.750725
vt 0.700569 0.750725
vt 0.700569 0.746550
vt 0.772606 0.669364
vt 0.772606 0.666924
vt 0.831182 0.666924
vt 0.831183 0.669364
vt 0.807421 0.714816
vt 0.748878 0.714819
vt 0.867552 0.753639
vt 0.700554 0.753639
vt 0.700675 0.675850
vt 0.700689 0.672962
vt 0.866116 0.672962
vt 0.866102 0.675849
vt 0.748877 0.686826
vt 0.807419 0.686823
vt 0.807420 0.696580
vt 0.748877 0.696583
vt 0.646993 0.560527
vt 0.646993 0.559595
vt 0.619035 0.559596
vt 0.619035 0.560528
vt 0.646846 0.505580
vt 0.646845 0.514899
vt 0.618888 0.505579
vt 0.646844 0.553107
vt 0.618887 0.553107
vt 0.646844 0.563357
vt 0.646854 0.731103
vt 0.618897 0.731105
vt 0.646996 0.741321
vt 0.619038 0.741321
vt 0.619038 0.750640
vt 0.646996 0.750640
vt 0.646993 0.563323
vt 0.646993 0.561459
vt 0.619035 0.561460
vt 0.619035 0.563323
vt 0.866102 0.679985
vt 0.700675 0.679985
vt 0.646996 0.738524
vt 0.646996 0.737592
vt 0.619038 0.737593
vt 0.619038 0.738525
vt 0.646996 0.739457
vt 0.619038 0.739457
vt 0.646992 0.522319
vt 0.646992 0.521388
vt 0.619035 0.521388
vt 0.619035 0.522320
vt 0.866042 0.725008
vt 0.700617 0.725009
vt 0.700616 0.700195
vt 0.866041 0.700194
vt 0.648298 0.731103
vt 0.772605 0.685170
vt 0.831183 0.685170
vt 0.648289 0.553108
vt 0.618897 0.741355
vt 0.646854 0.741354
vt 0.867759 0.726150
vt 0.700765 0.726151
vt 0.648246 0.741362
vt 0.648248 0.731110
vt 0.648297 0.741357
vt 0.619038 0.731070
vt 0.619038 0.732933
vt 0.646996 0.732933
vt 0.646996 0.731069
vt 0.619035 0.514865
vt 0.619035 0.516729
vt 0.646992 0.516728
vt 0.646992 0.514864
vt 0.648296 0.750677
vt 0.618938 0.750672
vt 0.831182 0.735146
vt 0.772605 0.735145
vt 0.865978 0.753488
vt 0.700556 0.753489
vt 0.646854 0.750673
vt 0.648243 0.750682
vt 0.867759 0.709451
vt 0.700765 0.709451
vt 0.646992 0.525115
vt 0.646992 0.523251
vt 0.619035 0.523252
vt 0.619035 0.525116
vt 0.619034 0.505546
vt 0.646991 0.505545
vt 0.648261 0.505579
vt 0.900811 0.660478
vt 0.900811 0.753478
vt 0.700125 0.753478
vt 0.700125 0.660478
vt 0.900811 0.650688
vt 0.700125 0.650688
vt 0.870724 0.726463
vt 0.780661 0.726463
vt 0.780661 0.721568
vt 0.870724 0.721568
vt 0.626499 0.506875
vt 0.629537 0.506856
vt 0.629536 0.680903
vt 0.625994 0.728959
vt 0.637577 0.557856
vt 0.637577 0.750713
vt 0.634212 0.750736
vt 0.634211 0.557879
vt 0.629488 0.557879
vt 0.629489 0.750736
vt 0.872682 0.694158
vt 0.778703 0.694158
vt 0.618822 0.750728
vt 0.618821 0.557871
vt 0.622757 0.557871
vt 0.622758 0.750728
vt 0.652400 0.539761
vt 0.652401 0.745672
vt 0.645677 0.745672
vt 0.645677 0.539761
vt 0.626123 0.750759
vt 0.626123 0.557902
vt 0.637473 0.750763
vt 0.633604 0.750733
vt 0.633605 0.529056
vt 0.637474 0.529085
vt 0.641821 0.529085
vt 0.641820 0.750763
vt 0.631206 0.532628
vt 0.635011 0.532665
vt 0.635011 0.750722
vt 0.631206 0.750685
vt 0.660194 0.750758
vt 0.655919 0.750758
vt 0.655918 0.532701
vt 0.660193 0.532701
vt 0.622655 0.532628
vt 0.626930 0.532628
vt 0.626930 0.750685
vt 0.622654 0.750685
vt 0.651643 0.532701
vt 0.651643 0.750758
vt 0.618849 0.750750
vt 0.622214 0.557875
vt 0.622215 0.750727
vt 0.689183 0.750831
vt 0.684908 0.750831
vt 0.684907 0.532774
vt 0.689183 0.532774
vt 0.680632 0.750831
vt 0.680631 0.532774
vt 0.676826 0.750795
vt 0.676825 0.532738
vt 0.646167 0.529085
vt 0.646167 0.750763
vt 0.692988 0.532803
vt 0.692989 0.750860
vt 0.618849 0.532599
vt 0.629243 0.745663
vt 0.629243 0.539752
vt 0.633446 0.539752
vt 0.633446 0.745663
vt 0.640634 0.539761
vt 0.640634 0.745672
vt 0.633563 0.506005
vt 0.636699 0.506031
vt 0.636699 0.708883
vt 0.633563 0.685675
vt 0.664399 0.539794
vt 0.667993 0.539821
vt 0.667993 0.745732
vt 0.664399 0.745706
vt 0.618765 0.750646
vt 0.618765 0.527225
vt 0.631908 0.527224
vt 0.631907 0.750646
vt 0.666891 0.537086
vt 0.666891 0.745947
vt 0.662628 0.745947
vt 0.662628 0.537086
vt 0.639759 0.537044
vt 0.639760 0.745904
vt 0.635497 0.745904
vt 0.635496 0.537044
vt 0.633547 0.506856
vt 0.633546 0.680903
vt 0.637039 0.745696
vt 0.637040 0.539786
vt 0.626937 0.557875
vt 0.655995 0.745706
vt 0.655994 0.539794
vt 0.633669 0.750735
vt 0.633669 0.557883
vt 0.658983 0.537053
vt 0.658984 0.745913
vt 0.655339 0.745938
vt 0.655338 0.537077
vt 0.643403 0.537077
vt 0.643404 0.745938
vt 0.630303 0.557852
vt 0.630304 0.750704
vt 0.648471 0.527299
vt 0.661613 0.527299
vt 0.661610 0.750722
vt 0.648467 0.750722
vt 0.660196 0.539794
vt 0.660197 0.745706
vt 0.631234 0.537044
vt 0.631235 0.745904
vt 0.650036 0.529123
vt 0.650036 0.750801
vt 0.650223 0.537077
vt 0.650224 0.745938
vt 0.629423 0.685675
vt 0.629423 0.506005
vt 0.663076 0.529123
vt 0.663076 0.750801
vt 0.663999 0.750795
vt 0.663998 0.532738
vt 0.647838 0.750722
vt 0.647838 0.532665
vt 0.665509 0.750759
vt 0.665513 0.527336
vt 0.644568 0.750684
vt 0.640187 0.750684
vt 0.640189 0.527262
vt 0.644571 0.527261
vt 0.674272 0.750759
vt 0.669891 0.750759
vt 0.669893 0.527336
vt 0.674275 0.527336
vt 0.635806 0.750684
vt 0.635808 0.527262
usemtl Exterior_Mat
s off
f 3/1 1/2 5/3 6/4
f 7/5 8/6 9/7 10/8
f 7/5 10/8 2/9 4/10
f 11/11 12/12 13/13 14/14
f 14/15 5/16 10/17 9/18
f 6/19 13/20 8/21 7/22
f 14/14 13/13 6/4 5/3
f 1/23 2/24 10/17 5/16
f 12/25 15/26 8/21 13/20
f 15/27 16/28 9/7 8/6
f 16/29 11/30 14/15 9/18
f 6/19 7/22 4/31 3/32
f 18/33 42/34 43/35 20/36
f 22/37 40/38 45/39 21/40
f 19/41 48/42 46/43 17/44
f 28/45 35/46 36/47 25/48
f 29/49 34/50 41/51 32/52
f 23/53 37/54 40/55 22/56
f 17/57 46/58 42/59 18/60
f 21/61 45/62 47/63 24/64
f 25/65 36/50 39/66 26/67
f 38/68 39/66 36/50 33/69
f 40/38 42/59 46/58 45/39
f 33/70 36/47 35/46 34/71
f 31/72 33/70 34/71 29/73
f 26/74 39/75 44/76 27/77
f 30/78 38/68 33/69 31/79
f 27/78 44/68 35/80 28/81
f 41/82 44/76 39/75 38/83
f 32/84 41/82 38/83 30/85
f 34/50 35/80 44/68 41/51
f 20/86 43/87 48/88 19/89
f 24/90 47/91 37/92 23/93
f 45/62 46/43 48/42 47/63
f 47/91 48/88 43/87 37/92
f 37/54 43/35 42/34 40/55
f 55/94 68/95 77/96 54/97
f 50/98 185/99 186/100 51/101
f 91/102 90/103 156/104 157/105
f 73/106 72/107 69/108 79/109
f 87/110 98/111 97/112 86/113
f 89/114 88/115 77/96 68/95
f 70/116 84/117 71/118 83/119
f 87/110 86/113 80/120 78/121
f 95/122 93/123 99/124 100/125
f 96/126 94/127 97/112 98/111
f 89/114 100/125 99/124 88/115
f 71/118 94/127 96/126 83/119
f 69/108 93/123 95/122 79/109
f 106/128 107/129 108/130 105/131
f 104/132 110/133 109/134 103/135
f 101/136 104/132 103/135 102/137
f 110/133 112/138 111/139 109/134
f 105/131 111/139 112/138 106/128
f 126/140 119/141 115/142 116/143
f 143/144 155/145 181/146 175/147
f 128/148 129/149 118/150 127/151
f 144/152 134/153 137/105 123/104
f 135/154 122/155 136/156 133/157
f 130/158 131/159 121/160 147/161
f 151/145 142/162 125/163 150/164
f 155/145 143/144 124/165 154/164
f 138/158 132/166 120/167 140/161
f 134/153 144/152 176/168 169/169
f 141/153 146/152 178/168 173/169
f 146/152 141/153 157/105 156/104
f 159/140 117/141 113/142 114/143
f 153/154 152/155 160/156 145/157
f 148/148 149/149 158/150 139/151
f 52/170 53/171 114/143 113/142
f 65/172 60/173 122/155 135/154
f 167/174 162/175 163/176 166/177
f 168/178 170/179 169/169 176/168
f 172/180 164/181 174/182 180/146
f 179/180 165/183 175/147 181/146
f 177/178 184/179 173/169 178/168
f 171/174 182/175 161/176 183/177
f 139/151 158/150 182/175 171/174
f 119/141 126/140 166/177 163/176
f 147/161 121/160 165/183 179/180
f 133/157 136/156 170/179 168/178
f 127/151 118/150 162/175 167/174
f 117/141 159/140 183/177 161/176
f 142/162 151/145 180/146 174/182
f 145/157 160/156 184/179 177/178
f 140/161 120/167 164/181 172/180
f 201/184 217/185 219/186 207/187
f 191/188 190/189 196/190 198/191
f 186/100 185/99 188/192 192/193
f 202/194 194/195 193/196 195/197
f 203/198 187/199 189/200 200/201
f 201/184 207/187 205/202 204/203
f 197/204 206/205 208/206 199/207
f 188/192 209/208 213/209 192/193
f 59/210 195/197 193/196 58/211
f 56/212 187/199 203/198 67/213
f 213/209 209/208 211/214 212/215
f 216/216 210/217 214/218 218/219
f 215/220 220/221 219/186 217/185
f 208/206 220/221 215/220 199/207
f 189/200 210/217 216/216 200/201
f 191/188 212/215 211/214 190/189
f 202/194 218/219 214/218 194/195
f 345/158 227/222 236/223 336/161
f 335/145 224/224 230/225 344/164
f 332/152 244/226 232/227 331/104
f 329/140 237/228 222/229 347/143
f 343/154 241/230 235/231 330/157
f 328/232 317/233 247/234 226/235
f 346/148 243/236 225/237 328/151
f 348/238 331/104 232/227 74/239
f 349/240 346/241 238/242 82/243
f 327/180 252/244 245/245 326/146
f 321/178 251/246 256/247 324/168
f 317/174 246/248 253/249 318/177
f 330/250 321/251 250/252 234/253
f 335/145 326/146 245/245 224/224
f 329/140 318/177 253/249 237/228
f 332/152 324/168 256/247 244/226
f 336/254 327/255 249/256 231/257
f 308/258 307/259 277/260 270/261
f 312/262 264/263 263/264 311/265
f 268/266 293/267 292/268 275/269
f 277/260 295/270 294/271 270/261
f 264/263 297/272 298/273 263/264
f 261/274 296/275 299/276 262/277
f 267/278 274/279 305/280 306/281
f 240/282 255/283 318/284 329/285
f 273/286 323/287 302/172 313/288
f 74/239 92/289 349/290 348/238
f 315/291 278/292 314/293 310/171
f 62/294 304/295 316/296 269/297
f 49/298 221/299 347/300 310/301
f 261/274 262/277 338/302 337/303
f 323/287 241/230 343/154 302/172
f 239/304 254/305 326/306 335/307
f 278/292 227/222 345/158 314/293
f 62/294 223/308 344/309 304/295
f 236/223 252/244 327/180 336/161
f 229/310 248/311 324/312 332/313
f 350/314 72/107 73/106 66/315
f 341/316 78/121 80/120 342/317
f 281/293 282/318 132/166 138/158
f 340/319 198/191 196/190 339/320
f 322/290 64/321 129/149 128/148
f 311/265 108/130 107/129 312/262
f 338/302 84/117 70/116 337/303
f 304/322 344/164 230/225 303/323
f 320/290 319/321 149/149 148/148
f 333/102 334/103 123/104 137/105
f 63/324 101/136 102/137 309/325
f 81/172 325/173 152/155 153/154
f 61/326 301/322 154/164 124/165
f 290/293 288/327 131/159 130/158
f 300/328 76/322 150/164 125/163
f 283/170 57/171 116/143 115/142
f 305/280 206/205 197/204 306/281
f 308/258 204/203 205/202 307/259
f 314/329 345/330 228/331 271/332
f 302/333 343/334 242/335 85/336
f 310/171 347/143 222/229 315/291
f 76/322 300/328 285/337 279/338
f 235/231 251/246 321/178 330/157
f 59/210 58/211 272/339 265/340
f 55/94 54/97 260/341 259/342
f 57/171 283/170 282/318 281/293
f 304/322 303/323 276/343 316/338
f 301/322 61/326 286/344 291/338
f 53/171 52/170 288/327 290/293
f 310/301 314/329 271/332 49/298
f 247/234 317/233 318/284 255/283
f 250/252 321/251 324/312 248/311
f 249/256 327/255 326/306 254/305
f 258/345 63/324 309/325 257/346
f 92/289 243/236 346/148 349/290
f 75/347 233/348 331/349 348/350
f 238/242 346/241 328/232 226/235
f 348/350 349/240 82/243 75/347
f 90/103 91/102 319/321 320/290
f 334/103 333/102 64/321 322/290
f 313/351 302/333 85/336 266/352
f 289/288 287/353 325/173 81/172
f 280/288 284/353 60/173 65/172
f 225/237 246/248 317/174 328/151
f 242/335 343/334 330/250 234/253
f 240/282 329/285 347/300 221/299
f 268/266 275/269 50/98 51/101
f 229/310 332/313 331/349 233/348
f 239/304 335/307 344/309 223/308
f 228/331 345/330 336/254 231/257
f 340/319 339/320 56/212 67/213
f 341/316 342/317 350/314 66/315
f 355/354 356/355 351/356 353/357
f 354/358 355/354 353/357 352/359
f 380/360 381/361 376/362 377/363
f 458/364 364/365 377/366 417/367
f 458/368 417/369 463/370 474/371
f 471/372 474/371 463/370 473/373
f 417/374 377/363 376/362 416/375
f 411/376 410/377 419/378 420/379
f 470/380 469/381 461/382 457/383
f 462/384 464/385 471/372 473/373
f 357/386 487/387 485/388 359/389
f 359/389 387/390 383/391 357/386
f 436/392 445/393 444/394 435/395
f 385/396 395/397 396/398 390/399
f 368/400 393/401 394/402 370/403
f 392/404 396/398 395/397 391/405
f 435/395 394/402 393/401 436/392
f 416/406 472/377 480/407 477/408
f 366/409 384/410 389/411 360/412
f 422/413 361/414 389/411 384/410
f 422/413 423/415 434/416 361/414
f 383/391 387/390 382/417 363/418
f 360/412 488/419 486/420 366/409
f 370/403 483/376 482/421 368/400
f 407/422 406/423 409/424 408/425
f 466/426 457/383 461/382 465/427
f 358/428 472/429 416/430 376/431
f 374/432 481/433 484/434 373/435
f 432/436 427/437 428/438 433/439
f 412/440 414/441 413/442 415/443
f 419/378 464/385 462/384 420/379
f 447/444 448/445 400/446 399/447
f 378/448 380/449 377/366 364/365
f 453/450 454/451 466/426 465/427
f 480/407 478/452 479/402 477/408
f 449/453 469/381 470/380 450/454
f 404/368 405/369 421/455 418/456
f 451/457 452/458 459/459 460/460
f 447/444 468/461 467/462 448/445
f 476/463 418/456 421/455 475/464
f 440/465 446/466 443/467 439/468
f 476/463 475/464 479/402 478/452
f 409/424 454/451 453/450 408/425
f 451/457 415/443 413/442 452/458
f 362/469 403/470 449/453 450/454
f 372/471 399/447 400/446 375/472
f 382/417 425/473 424/474 363/418
f 456/475 460/460 459/459 455/476
f 456/475 455/476 467/462 468/461
f 381/477 379/478 358/428 376/431
f 373/435 403/470 362/469 374/432
f 424/474 425/473 429/479 426/480
f 431/481 430/482 434/416 423/415
f 390/399 430/482 431/481 385/396
f 442/483 444/394 445/393 441/484
f 391/405 442/483 441/484 392/404
f 438/485 443/467 446/466 437/486
f 367/487 402/488 401/489 365/490
f 371/491 398/492 397/493 369/494
f 386/495 433/439 428/438 388/496
f 437/486 397/493 398/492 438/485
f 365/490 440/465 439/468 367/487
f 388/496 401/489 402/488 386/495
o GlassPanes
v 0.137566 1.504997 3.785000
v 0.137566 1.504997 4.995000
v 0.137566 0.994997 4.995000
v 0.137566 0.994997 3.785000
v 0.129132 0.994997 3.785000
v 0.129132 0.994997 4.995000
v 0.129132 1.504997 4.995000
v 0.129132 1.504997 3.785000
v 0.137566 2.204996 3.785000
v 0.137566 2.204996 4.995000
v 0.137566 1.694996 4.995000
v 0.137566 1.694996 3.785000
v 0.129132 1.694996 3.785000
v 0.129132 1.694996 4.995000
v 0.129132 2.204996 4.995000
v 0.129132 2.204996 3.785000
v 8.370865 1.124996 3.785000
v 8.370865 1.124996 4.995000
v 8.370865 0.614996 4.995000
v 8.370865 0.614996 3.785000
v 8.362432 0.614996 3.785000
v 8.362432 0.614996 4.995000
v 8.362431 1.124996 4.995000
v 8.362431 1.124996 3.785000
v 8.370865 1.824996 3.785000
v 8.370865 1.824996 4.995000
v 8.370865 1.314996 4.995000
v 8.370865 1.314996 3.785000
v 8.362432 1.314996 3.785000
v 8.362432 1.314996 4.995000
v 8.362431 1.824996 4.995000
v 8.362431 1.824996 3.785000
v 0.145000 2.579995 0.520000
v 0.145000 0.619996 0.520000
v 0.145000 0.619996 2.180000
v 0.145000 2.579995 2.180000
v 0.880000 2.744995 2.180000
v 0.320000 2.744995 2.180000
v 0.320000 2.744995 0.520000
v 0.880000 2.744995 0.520000
v 0.155000 0.619996 2.180000
v 0.155000 0.619996 0.520000
v 0.155000 2.579995 2.180000
v 0.155000 2.579995 0.520000
v 0.880000 2.754995 0.520000
v 0.320000 2.754995 2.180000
v 0.880000 2.754995 2.180000
v 0.320000 2.754995 0.520000
v 0.137566 3.704993 3.785000
v 0.137566 3.704993 4.995000
v 0.137566 3.194993 4.995000
v 0.137566 3.194993 3.785000
v 0.129132 3.194993 3.785000
v 0.129132 3.194993 4.995000
v 0.129132 3.704993 4.995000
v 0.129132 3.704993 3.785000
v 0.137566 4.404992 3.785000
v 0.137566 4.404992 4.995000
v 0.137566 3.894992 4.995000
v 0.137566 3.894992 3.785000
v 0.129132 3.894992 3.785000
v 0.129132 3.894992 4.995000
v 0.129132 4.404992 4.995000
v 0.129132 4.404992 3.785000
vt 0.539499 0.525649
vt 0.539499 0.690771
vt 0.469902 0.690771
vt 0.469902 0.525649
vt 0.969746 0.630990
vt 0.969747 0.823811
vt 0.904699 0.823811
vt 0.904699 0.630990
vt 0.827410 0.995709
vt 0.827409 0.827349
vt 0.970000 0.827349
vt 0.970000 0.995709
usemtl GlassPanes_Mat
s off
f 489/497 490/498 491/499 492/500
f 493/497 494/498 495/499 496/500
f 497/497 498/498 499/499 500/500
f 501/497 502/498 503/499 504/500
f 505/497 506/498 507/499 508/500
f 509/497 510/498 511/499 512/500
f 513/497 514/498 515/499 516/500
f 517/497 518/498 519/499 520/500
f 536/501 534/502 535/503 533/504
f 530/505 532/506 531/507 529/508
f 522/508 523/505 524/506 521/507
f 528/501 525/502 526/503 527/504
f 537/497 538/498 539/499 540/500
f 541/497 542/498 543/499 544/500
f 545/497 546/498 547/499 548/500
f 549/497 550/498 551/499 552/500
o Storey02_Windows
v 0.150003 0.949996 3.740000
v 0.150002 1.549996 3.740000
v 0.150002 1.509995 3.779999
v 0.150003 0.989996 3.779999
v 0.116699 0.989997 3.779999
v 0.116698 1.509995 3.779999
v 0.116698 1.549998 3.740000
v 0.116699 0.949996 3.740000
v 0.120697 0.994997 4.995000
v 0.120697 0.994997 3.785000
v 0.116699 0.989997 5.000004
v 0.150002 1.549996 5.040004
v 0.150002 1.509995 5.000004
v 0.116699 0.949996 5.040004
v 0.116698 1.549998 5.040004
v 0.116698 1.509995 5.000004
v 0.146000 1.504997 3.785000
v 0.146000 0.994996 3.785000
v 0.150003 0.989996 5.000004
v 0.150003 0.949996 5.040004
v 0.120697 1.504997 3.785000
v 0.120697 1.504997 4.995000
v 0.146000 0.994996 4.995000
v 0.146000 1.504997 4.995000
v 0.150003 1.649995 3.740000
v 0.150002 2.249996 3.740000
v 0.150002 2.209994 3.779999
v 0.150003 1.689996 3.779999
v 0.116699 1.689996 3.779999
v 0.116698 2.209995 3.779999
v 0.116698 2.249997 3.740000
v 0.116699 1.649995 3.740000
v 0.120697 1.694996 4.995000
v 0.120697 1.694996 3.785000
v 0.116699 1.689996 5.000004
v 0.150002 2.249996 5.040004
v 0.150002 2.209994 5.000004
v 0.116699 1.649995 5.040004
v 0.116698 2.249997 5.040004
v 0.116698 2.209995 5.000004
v 0.146000 2.204996 3.785000
v 0.146000 1.694995 3.785000
v 0.150003 1.689996 5.000004
v 0.150003 1.649995 5.040004
v 0.120697 2.204996 3.785000
v 0.120697 2.204996 4.995000
v 0.146000 1.694995 4.995000
v 0.146000 2.204996 4.995000
v 8.383303 0.569995 3.740000
v 8.383301 1.169996 3.740000
v 8.383301 1.129994 3.779999
v 8.383303 0.609995 3.779999
v 8.349998 0.609996 3.779999
v 8.349997 1.129994 3.779999
v 8.349997 1.169997 3.740000
v 8.349998 0.569995 3.740000
v 8.353996 0.614996 4.995000
v 8.353996 0.614996 3.785000
v 8.349998 0.609996 5.000004
v 8.383301 1.169996 5.040004
v 8.383301 1.129994 5.000004
v 8.349998 0.569995 5.040004
v 8.349997 1.169997 5.040004
v 8.349997 1.129994 5.000004
v 8.379299 1.124996 3.785000
v 8.379299 0.614995 3.785000
v 8.383303 0.609995 5.000004
v 8.383303 0.569995 5.040004
v 8.353996 1.124996 3.785000
v 8.353996 1.124996 4.995000
v 8.379299 0.614995 4.995000
v 8.379299 1.124996 4.995000
v 8.383303 1.269995 3.740000
v 8.383301 1.869996 3.740000
v 8.383301 1.829994 3.779999
v 8.383303 1.309995 3.779999
v 8.349998 1.309996 3.779999
v 8.349997 1.829995 3.779999
v 8.349997 1.869997 3.740000
v 8.349998 1.269995 3.740000
v 8.353996 1.314996 4.995000
v 8.353996 1.314996 3.785000
v 8.349998 1.309996 5.000004
v 8.383301 1.869996 5.040004
v 8.383301 1.829994 5.000004
v 8.349998 1.269995 5.040004
v 8.349997 1.869997 5.040004
v 8.349997 1.829995 5.000004
v 8.379299 1.824996 3.785000
v 8.379299 1.314995 3.785000
v 8.383303 1.309995 5.000004
v 8.383303 1.269995 5.040004
v 8.353996 1.824996 3.785000
v 8.353996 1.824996 4.995000
v 8.379299 1.314995 4.995000
v 8.379299 1.824996 4.995000
v 0.150003 3.149992 3.740000
v 0.150002 3.749992 3.740000
v 0.150002 3.709991 3.779999
v 0.150003 3.189992 3.779999
v 0.116699 3.189993 3.779999
v 0.116698 3.709991 3.779999
v 0.116698 3.749994 3.740000
v 0.116699 3.149992 3.740000
v 0.120697 3.194993 4.995000
v 0.120697 3.194993 3.785000
v 0.116699 3.189993 5.000004
v 0.150002 3.749992 5.040004
v 0.150002 3.709991 5.000004
v 0.116699 3.149992 5.040004
v 0.116698 3.749994 5.040004
v 0.116698 3.709991 5.000004
v 0.146000 3.704993 3.785000
v 0.146000 3.194992 3.785000
v 0.150003 3.189992 5.000004
v 0.150003 3.149992 5.040004
v 0.120697 3.704993 3.785000
v 0.120697 3.704993 4.995000
v 0.146000 3.194992 4.995000
v 0.146000 3.704993 4.995000
v 0.150003 3.849991 3.740000
v 0.150002 4.449992 3.740000
v 0.150002 4.409990 3.779999
v 0.150003 3.889992 3.779999
v 0.116699 3.889992 3.779999
v 0.116698 4.409991 3.779999
v 0.116698 4.449993 3.740000
v 0.116699 3.849991 3.740000
v 0.120697 3.894992 4.995000
v 0.120697 3.894992 3.785000
v 0.116699 3.889992 5.000004
v 0.150002 4.449992 5.040004
v 0.150002 4.409990 5.000004
v 0.116699 3.849991 5.040004
v 0.116698 4.449993 5.040004
v 0.116698 4.409991 5.000004
v 0.146000 4.404992 3.785000
v 0.146000 3.894991 3.785000
v 0.150003 3.889992 5.000004
v 0.150003 3.849991 5.040004
v 0.120697 4.404992 3.785000
v 0.120697 4.404992 4.995000
v 0.146000 3.894991 4.995000
v 0.146000 4.404992 4.995000
vt 0.207119 0.508200
vt 0.090775 0.508201
vt 0.098532 0.500444
vt 0.199363 0.500444
vt 0.198979 0.492071
vt 0.098137 0.492071
vt 0.090380 0.484314
vt 0.206736 0.484314
vt 0.255303 0.504789
vt 0.038569 0.504753
vt 0.035620 0.508624
vt 0.256238 0.508624
vt 0.030356 0.489202
vt 0.265435 0.489202
vt 0.258202 0.496436
vt 0.037589 0.496436
vt 0.028387 0.515858
vt 0.263472 0.515857
vt 0.267496 0.515869
vt 0.032440 0.515870
vt 0.039673 0.508637
vt 0.260264 0.508637
vt 0.098928 0.491982
vt 0.199759 0.491947
vt 0.207513 0.484189
vt 0.091169 0.484229
vt 0.099490 0.498708
vt 0.198002 0.498701
vt 0.199378 0.500321
vt 0.090783 0.508116
vt 0.207138 0.508075
vt 0.265532 0.489190
vt 0.030472 0.489190
vt 0.037704 0.496423
vt 0.258299 0.496423
vt 0.198002 0.493814
vt 0.099489 0.493821
vt 0.099887 0.493718
vt 0.198399 0.493691
vt 0.040538 0.504838
vt 0.257267 0.504803
vt 0.198401 0.498578
vt 0.099888 0.498606
vt 0.038569 0.500221
vt 0.255304 0.500257
vt 0.207119 0.514658
vt 0.090775 0.514658
vt 0.090785 0.514574
vt 0.207140 0.514534
vt 0.265532 0.483168
vt 0.030472 0.483168
vt 0.030356 0.483180
vt 0.265435 0.483180
vt 0.257266 0.500270
vt 0.040537 0.500306
usemtl Exterior_Mat
s off
f 553/509 554/510 555/511 556/512
f 557/513 558/514 559/515 560/516
f 561/517 562/518 557/519 563/520
f 554/521 564/522 565/523 555/524
f 563/520 557/519 560/525 566/526
f 567/527 559/528 558/529 568/530
f 568/531 563/532 566/533 567/534
f 556/512 555/511 569/535 570/536
f 571/537 565/511 564/538 572/539
f 572/540 553/541 556/542 571/543
f 562/544 573/545 558/514 557/513
f 574/546 561/547 563/532 568/531
f 568/530 558/529 573/548 574/549
f 575/550 576/551 565/511 571/537
f 571/543 556/542 570/552 575/553
f 554/510 553/509 560/554 559/555
f 572/539 564/538 567/556 566/557
f 553/541 572/540 566/558 560/559
f 564/522 554/521 559/560 567/561
f 576/562 569/563 555/524 565/523
f 562/518 561/517 575/553 570/552
f 561/547 574/546 576/551 575/550
f 573/545 562/544 570/536 569/535
f 569/563 576/562 574/549 573/548
f 577/509 578/510 579/511 580/512
f 581/513 582/514 583/515 584/516
f 585/517 586/518 581/519 587/520
f 578/521 588/522 589/523 579/524
f 587/520 581/519 584/525 590/526
f 591/527 583/528 582/529 592/530
f 592/531 587/532 590/533 591/534
f 580/512 579/511 593/535 594/536
f 595/537 589/511 588/538 596/539
f 596/540 577/541 580/542 595/543
f 586/544 597/545 582/514 581/513
f 598/546 585/547 587/532 592/531
f 592/530 582/529 597/548 598/549
f 599/550 600/551 589/511 595/537
f 595/543 580/542 594/552 599/553
f 578/510 577/509 584/554 583/555
f 596/539 588/538 591/556 590/557
f 577/541 596/540 590/558 584/559
f 588/522 578/521 583/560 591/561
f 600/562 593/563 579/524 589/523
f 586/518 585/517 599/553 594/552
f 585/547 598/546 600/551 599/550
f 597/545 586/544 594/536 593/535
f 593/563 600/562 598/549 597/548
f 601/509 602/510 603/511 604/512
f 605/513 606/514 607/515 608/516
f 609/517 610/518 605/519 611/520
f 602/521 612/522 613/523 603/524
f 611/520 605/519 608/525 614/526
f 615/527 607/528 606/529 616/530
f 616/531 611/532 614/533 615/534
f 604/512 603/511 617/535 618/536
f 619/537 613/511 612/538 620/539
f 620/540 601/541 604/542 619/543
f 610/544 621/545 606/514 605/513
f 622/546 609/547 611/532 616/531
f 616/530 606/529 621/548 622/549
f 623/550 624/551 613/511 619/537
f 619/543 604/542 618/552 623/553
f 602/510 601/509 608/554 607/555
f 620/539 612/538 615/556 614/557
f 601/541 620/540 614/558 608/559
f 612/522 602/521 607/560 615/561
f 624/562 617/563 603/524 613/523
f 610/518 609/517 623/553 618/552
f 609/547 622/546 624/551 623/550
f 621/545 610/544 618/536 617/535
f 617/563 624/562 622/549 621/548
f 625/509 626/510 627/511 628/512
f 629/513 630/514 631/515 632/516
f 633/517 634/518 629/519 635/520
f 626/521 636/522 637/523 627/524
f 635/520 629/519 632/525 638/526
f 639/527 631/528 630/529 640/530
f 640/531 635/532 638/533 639/534
f 628/512 627/511 641/535 642/536
f 643/537 637/511 636/538 644/539
f 644/540 625/541 628/542 643/543
f 634/544 645/545 630/514 629/513
f 646/546 633/547 635/532 640/531
f 640/530 630/529 645/548 646/549
f 647/550 648/551 637/511 643/537
f 643/543 628/542 642/552 647/553
f 626/510 625/509 632/554 631/555
f 644/539 636/538 639/556 638/557
f 625/541 644/540 638/558 632/559
f 636/522 626/521 631/560 639/561
f 648/562 641/563 627/524 637/523
f 634/518 633/517 647/553 642/552
f 633/547 646/546 648/551 647/550
f 645/545 634/544 642/536 641/535
f 641/563 648/562 646/549 645/548
f 649/509 650/510 651/511 652/512
f 653/513 654/514 655/515 656/516
f 657/517 658/518 653/519 659/520
f 650/521 660/522 661/523 651/524
f 659/520 653/519 656/525 662/526
f 663/527 655/528 654/529 664/530
f 664/531 659/532 662/533 663/534
f 652/512 651/511 665/535 666/536
f 667/537 661/511 660/538 668/539
f 668/540 649/541 652/542 667/543
f 658/544 669/545 654/514 653/513
f 670/546 657/547 659/532 664/531
f 664/530 654/529 669/548 670/549
f 671/550 672/551 661/511 667/537
f 667/543 652/542 666/552 671/553
f 650/510 649/509 656/554 655/555
f 668/539 660/538 663/556 662/557
f 649/541 668/540 662/558 656/559
f 660/522 650/521 655/560 663/561
f 672/562 665/563 651/524 661/523
f 658/518 657/517 671/553 666/552
f 657/547 670/546 672/551 671/550
f 669/545 658/544 666/536 665/535
f 665/563 672/562 670/549 669/548
f 673/509 674/510 675/511 676/512
f 677/513 678/514 679/515 680/516
f 681/517 682/518 677/519 683/520
f 674/521 684/522 685/523 675/524
f 683/520 677/519 680/525 686/526
f 687/527 679/528 678/529 688/530
f 688/531 683/532 686/533 687/534
f 676/512 675/511 689/535 690/536
f 691/537 685/511 684/538 692/539
f 692/540 673/541 676/542 691/543
f 682/544 693/545 678/514 677/513
f 694/546 681/547 683/532 688/531
f 688/530 678/529 693/548 694/549
f 695/550 696/551 685/511 691/537
f 691/543 676/542 690/552 695/553
f 674/510 673/509 680/554 679/555
f 692/539 684/538 687/556 686/557
f 673/541 692/540 686/558 680/559
f 684/522 674/521 679/560 687/561
f 696/562 689/563 675/524 685/523
f 682/518 681/517 695/553 690/552
f 681/547 694/546 696/551 695/550
f 693/545 682/544 690/536 689/535
f 689/563 696/562 694/549 693/548
o Exterior_WindowFrames
v 0.100000 1.599999 3.699997
v 0.099999 1.599997 5.080000
v 0.100000 0.909993 5.080000
v 0.100000 0.909996 3.699997
v 0.149999 0.949993 3.740010
v 0.150000 1.549996 3.740010
v 0.099999 1.549996 3.740010
v 0.100000 0.949997 3.740010
v 0.100000 0.949994 5.040000
v 0.150000 1.549996 5.040000
v 0.149999 0.949993 5.040000
v 0.099999 1.549996 5.040000
v 0.099999 2.289999 3.700006
v 0.099999 2.289999 5.080000
v 0.149999 1.649995 3.740010
v 0.150000 2.249996 3.740010
v 0.099999 2.249996 3.740010
v 0.100000 1.649998 3.740010
v 0.100000 1.649996 5.040000
v 0.150000 2.249996 5.040000
v 0.149999 1.649995 5.040000
v 0.099999 2.249996 5.040000
v 0.100000 3.799999 3.699997
v 0.099999 3.799996 5.080000
v 0.100000 3.109993 5.080000
v 0.100000 3.109996 3.699997
v 0.149999 3.149993 3.740010
v 0.150000 3.749996 3.740010
v 0.099999 3.749996 3.740010
v 0.100000 3.149997 3.740010
v 0.100000 3.149994 5.040000
v 0.150000 3.749996 5.040000
v 0.149999 3.149993 5.040000
v 0.099999 3.749996 5.040000
v 0.099999 4.489999 3.700006
v 0.099999 4.489999 5.080000
v 0.149999 3.849995 3.740010
v 0.150000 4.449996 3.740010
v 0.099999 4.449996 3.740010
v 0.100000 3.849998 3.740010
v 0.100000 3.849996 5.040000
v 0.150000 4.449996 5.040000
v 0.149999 3.849995 5.040000
v 0.099999 4.449996 5.040000
v 8.400001 1.219993 3.699997
v 8.400002 1.219995 5.080000
v 8.400000 1.909998 5.080000
v 8.400000 1.909996 3.699997
v 8.350000 1.869999 3.740010
v 8.350000 1.269996 3.740010
v 8.400002 1.269996 3.740010
v 8.400000 1.869995 3.740010
v 8.400000 1.869997 5.040000
v 8.350000 1.269996 5.040000
v 8.350000 1.869999 5.040000
v 8.400002 1.269996 5.040000
v 8.400002 0.529993 3.700006
v 8.400002 0.529993 5.080000
v 8.350000 1.169996 3.740010
v 8.350000 0.569995 3.740010
v 8.400002 0.569995 3.740010
v 8.400001 1.169994 3.740010
v 8.400001 1.169996 5.040000
v 8.350000 0.569995 5.040000
v 8.350000 1.169996 5.040000
v 8.400002 0.569995 5.040000
vt 0.155209 0.502475
vt 0.059546 0.502476
vt 0.059546 0.494503
vt 0.155209 0.494503
vt 0.051574 0.488124
vt 0.161586 0.488124
vt 0.038219 0.500808
vt 0.258243 0.500808
vt 0.251865 0.507185
vt 0.044599 0.507186
vt 0.065357 0.493145
vt 0.161019 0.493145
vt 0.161019 0.501117
vt 0.065356 0.501117
vt 0.044598 0.483557
vt 0.251864 0.483557
vt 0.251864 0.491528
vt 0.044599 0.491528
vt 0.258242 0.499500
vt 0.038219 0.499501
vt 0.167397 0.507494
vt 0.057385 0.507494
vt 0.251865 0.515157
vt 0.044599 0.515157
vt 0.220777 0.504298
vt 0.125114 0.504297
vt 0.125114 0.496325
vt 0.220776 0.496326
vt 0.251864 0.507472
vt 0.044598 0.507473
vt 0.145785 0.493549
vt 0.241446 0.493549
vt 0.241446 0.501521
vt 0.145785 0.501521
vt 0.044597 0.483791
vt 0.251860 0.483791
vt 0.251860 0.491763
vt 0.044597 0.491763
vt 0.258238 0.498141
vt 0.038219 0.498141
vt 0.118736 0.489947
vt 0.228748 0.489947
vt 0.251864 0.515444
vt 0.044598 0.515445
vt 0.249418 0.507898
vt 0.139407 0.507898
vt 0.187076 0.511221
vt 0.091414 0.511222
vt 0.091414 0.503250
vt 0.187075 0.503250
vt 0.083441 0.496870
vt 0.193453 0.496870
vt 0.037932 0.500678
vt 0.257956 0.500678
vt 0.251578 0.507056
vt 0.044312 0.507056
vt 0.074113 0.488968
vt 0.169775 0.488968
vt 0.169775 0.496940
vt 0.074113 0.496940
vt 0.044599 0.483504
vt 0.251865 0.483504
vt 0.258242 0.499448
vt 0.038219 0.499448
vt 0.176153 0.503317
vt 0.066141 0.503318
vt 0.251578 0.515027
vt 0.044312 0.515028
vt 0.158208 0.508294
vt 0.062545 0.508293
vt 0.062545 0.500321
vt 0.158208 0.500322
vt 0.251865 0.507420
vt 0.044598 0.507420
vt 0.067925 0.489190
vt 0.163588 0.489191
vt 0.163588 0.497162
vt 0.067925 0.497163
vt 0.044597 0.483900
vt 0.251861 0.483899
vt 0.251861 0.491871
vt 0.044597 0.491871
vt 0.258239 0.498250
vt 0.038219 0.498250
vt 0.056168 0.493943
vt 0.166179 0.493943
vt 0.171559 0.503540
vt 0.061547 0.503540
vt 0.095846 0.491340
vt 0.191509 0.491339
vt 0.191509 0.499311
vt 0.095847 0.499311
vt 0.199481 0.505690
vt 0.089469 0.505691
vt 0.038219 0.500887
vt 0.258242 0.500886
vt 0.251865 0.507264
vt 0.044599 0.507264
vt 0.232547 0.510404
vt 0.136884 0.510403
vt 0.136885 0.502431
vt 0.232547 0.502432
vt 0.044601 0.491423
vt 0.130507 0.496054
vt 0.240518 0.496054
vt 0.063564 0.496086
vt 0.159227 0.496086
vt 0.159227 0.504058
vt 0.063564 0.504058
vt 0.218920 0.505690
vt 0.123257 0.505657
vt 0.123260 0.497685
vt 0.218922 0.497718
vt 0.038219 0.498155
vt 0.165605 0.510436
vt 0.055592 0.510437
vt 0.044593 0.515339
vt 0.115291 0.491305
vt 0.225303 0.491343
usemtl Exterior_Mat
s off
f 701/564 702/565 703/566 704/567
f 697/568 700/569 704/567 703/566
f 700/570 699/571 705/572 704/573
f 706/574 707/575 705/576 708/577
f 702/578 706/579 708/580 703/581
f 698/582 697/583 703/581 708/580
f 708/577 705/576 699/584 698/585
f 704/573 705/572 707/586 701/587
f 711/588 712/589 713/590 714/591
f 697/583 698/582 715/592 714/593
f 716/594 717/595 715/596 718/597
f 712/598 716/599 718/600 713/601
f 710/602 709/603 713/601 718/600
f 709/604 697/605 714/591 713/590
f 714/593 715/592 717/606 711/607
f 718/597 715/596 698/608 710/609
f 723/610 724/611 725/612 726/613
f 719/614 722/615 726/613 725/612
f 722/616 721/617 727/618 726/619
f 728/620 729/621 727/622 730/623
f 724/624 728/625 730/580 725/581
f 720/626 719/627 725/581 730/580
f 730/623 727/622 721/628 720/629
f 726/619 727/618 729/630 723/631
f 733/632 734/633 735/634 736/635
f 719/627 720/626 737/636 736/637
f 738/638 739/639 737/640 740/641
f 734/642 738/643 740/644 735/645
f 732/646 731/647 735/645 740/644
f 731/648 719/649 736/635 735/634
f 736/637 737/636 739/606 733/607
f 740/641 737/640 720/650 732/651
f 745/652 746/653 747/654 748/655
f 741/656 744/657 748/655 747/654
f 744/658 743/659 749/660 748/661
f 750/662 751/663 749/664 752/665
f 746/624 750/625 752/580 747/666
f 742/582 741/627 747/666 752/580
f 752/665 749/664 743/667 742/668
f 748/661 749/660 751/586 745/587
f 755/669 756/670 757/671 758/672
f 741/627 742/582 759/636 758/637
f 760/673 761/674 759/675 762/676
f 756/598 760/599 762/600 757/601
f 754/646 753/677 757/601 762/600
f 753/678 741/679 758/672 757/671
f 758/637 759/636 761/606 755/680
f 762/676 759/675 742/681 754/682
o Storey01_DoorFrames
v 1.200000 3.364994 0.000000
v 1.200000 4.284994 0.000000
v 1.200000 4.274995 0.009996
v 1.200000 3.374994 0.009996
v 1.150000 4.274996 0.010000
v 1.200000 4.274995 2.109999
v 1.150000 4.274996 2.109999
v 1.150000 3.374994 0.009996
v 1.150000 3.374994 2.109999
v 1.200000 3.374994 2.109999
v 1.200000 4.284994 2.120001
v 1.200000 3.364994 2.120001
v 8.350000 4.689996 0.010000
v 8.350000 4.689996 2.109999
v 8.349999 3.789994 0.009996
v 8.349999 3.789994 2.109999
v 8.350000 4.679996 0.020002
v 8.349999 3.799994 0.020000
v 8.349999 3.799994 2.099999
v 8.299999 3.799994 2.099999
v 8.299999 4.679996 2.099999
v 8.350000 4.679996 2.099999
v 8.299999 4.699994 0.000000
v 8.299999 3.779994 0.000000
v 8.299999 3.799994 0.020000
v 8.299999 4.679996 0.020000
v 8.299999 3.779994 2.120001
v 8.299999 4.699994 2.120001
v 6.299999 3.779993 0.000000
v 6.300001 4.699993 0.000000
v 6.300001 4.689995 0.009996
v 6.299999 3.789993 0.009996
v 6.250000 4.689995 0.010000
v 6.300001 4.689995 2.109999
v 6.250000 4.689995 2.109999
v 6.250000 3.789993 0.009996
v 6.250000 3.789993 2.109999
v 6.299999 3.789993 2.109999
v 6.250000 4.679995 0.020002
v 6.250000 3.799994 0.020000
v 6.250000 3.799994 2.099999
v 6.199998 3.799994 2.099999
v 6.199998 4.679995 2.099999
v 6.250000 4.679995 2.099999
v 6.199998 4.699993 0.000000
v 6.199998 3.779993 0.000000
v 6.199998 3.799994 0.020000
v 6.199998 4.679995 0.020000
v 6.199998 3.779993 2.120001
v 6.300001 4.699993 2.120001
v 6.199998 4.699993 2.120001
v 6.299999 3.779993 2.120001
vt 0.964710 0.587726
vt 0.964710 0.355674
vt 0.968691 0.358159
vt 0.968716 0.583718
vt 0.951437 0.287026
vt 0.962299 0.287023
vt 0.962402 0.743267
vt 0.951539 0.743269
vt 0.952584 0.285499
vt 0.963477 0.285496
vt 0.963578 0.742992
vt 0.952686 0.742994
vt 0.982288 0.586272
vt 0.969766 0.586273
vt 0.969741 0.360885
vt 0.982262 0.360883
vt 0.981222 0.358157
vt 0.981247 0.583716
vt 0.970505 0.279026
vt 0.970505 0.745537
vt 0.986291 0.356908
vt 0.986292 0.588817
vt 0.944561 0.751120
vt 0.944561 0.283388
vt 0.964427 0.588039
vt 0.964531 0.357923
vt 0.968478 0.360446
vt 0.968401 0.584071
vt 0.982208 0.582800
vt 0.969502 0.582800
vt 0.969502 0.359178
vt 0.982208 0.359178
vt 0.986180 0.355207
vt 0.986155 0.585322
vt 0.986269 0.355369
vt 0.986188 0.589160
vt 0.981107 0.584075
vt 0.981184 0.360450
vt 0.952235 0.303757
vt 0.962793 0.303756
vt 0.962853 0.742968
vt 0.952295 0.742969
vt 0.952137 0.305046
vt 0.962662 0.305045
vt 0.962724 0.742901
vt 0.952199 0.742903
vt 0.970593 0.295955
vt 0.970556 0.745016
vt 0.970501 0.297329
vt 0.970501 0.747191
vt 0.964419 0.587882
vt 0.964419 0.354095
vt 0.944495 0.750771
vt 0.944495 0.299582
vt 0.944324 0.750580
vt 0.944361 0.302845
vt 0.947913 0.589284
vt 0.947913 0.354604
vt 0.951938 0.357117
vt 0.951963 0.585231
vt 0.970620 0.293275
vt 0.981384 0.293277
vt 0.981265 0.745392
vt 0.970500 0.745389
vt 0.952330 0.290932
vt 0.963088 0.290930
vt 0.963190 0.742782
vt 0.952431 0.742785
vt 0.982213 0.586586
vt 0.969545 0.586588
vt 0.969517 0.358551
vt 0.982186 0.358550
vt 0.964636 0.585229
vt 0.964611 0.357116
vt 0.968525 0.359614
vt 0.968572 0.581293
vt 0.965633 0.584089
vt 0.953041 0.584091
vt 0.952991 0.362490
vt 0.965582 0.362487
vt 0.986157 0.354573
vt 0.986208 0.586328
vt 0.981168 0.581290
vt 0.981120 0.359611
vt 0.952137 0.301126
vt 0.962767 0.301127
vt 0.962745 0.743325
vt 0.952115 0.743325
vt 0.970937 0.293149
vt 0.981559 0.293144
vt 0.981758 0.735028
vt 0.971136 0.735032
vt 0.989468 0.285355
vt 0.989608 0.739354
vt 0.989294 0.747645
vt 0.948006 0.589129
vt 0.947953 0.357455
vt 0.944260 0.751178
vt 0.944345 0.296922
vt 0.986263 0.354527
vt 0.986263 0.589160
vt 0.944406 0.750810
vt 0.944406 0.288847
usemtl Interior_Mat
s off
f 763/683 764/684 765/685 766/686
f 767/687 765/688 768/689 769/690
f 766/691 770/692 771/693 772/694
f 772/695 771/696 769/697 768/698
f 767/699 770/700 766/686 765/685
f 768/689 765/688 764/701 773/702
f 772/695 768/698 773/703 774/704
f 774/705 763/706 766/691 772/694
f 777/707 775/708 779/709 780/710
f 781/711 782/712 783/713 784/714
f 781/711 784/714 776/715 778/716
f 785/717 786/718 787/719 788/720
f 788/721 779/722 784/723 783/724
f 780/725 787/726 782/727 781/728
f 788/720 787/719 780/710 779/709
f 775/729 776/730 784/723 779/722
f 786/731 789/732 782/727 787/726
f 789/733 790/734 783/713 782/712
f 790/735 785/736 788/721 783/724
f 780/725 781/728 778/737 777/738
f 791/739 792/740 793/741 794/742
f 795/743 793/744 796/745 797/746
f 794/747 798/748 799/749 800/750
f 800/751 799/752 797/753 796/754
f 798/755 795/756 801/757 802/758
f 803/759 804/760 805/761 806/762
f 803/759 806/762 797/753 799/752
f 807/763 808/764 809/765 810/766
f 810/767 801/768 806/769 805/770
f 802/771 809/772 804/773 803/774
f 810/766 809/765 802/758 801/757
f 795/756 798/755 794/742 793/741
f 795/743 797/746 806/769 801/768
f 808/775 811/776 804/773 809/772
f 796/745 793/744 792/775 812/777
f 811/778 813/779 805/761 804/760
f 813/780 807/781 810/767 805/770
f 800/751 796/754 812/782 814/783
f 814/784 791/785 794/747 800/750
f 802/771 803/774 799/749 798/748
o Storey01_Walls
v 0.200000 2.699995 2.450000
v 0.200000 2.699995 0.050000
v 1.200000 4.284995 0.000000
v 1.200000 3.364995 0.000000
v 1.200000 2.699995 2.450000
v 1.200000 2.699995 0.050000
v 1.200000 5.199991 2.450000
v 1.200000 5.199991 0.050000
v 0.200000 0.199999 0.050000
v 0.200000 0.199999 2.450000
v 6.200000 0.199999 0.050000
v 6.200000 0.199999 2.450000
v 6.200000 5.199991 0.050000
v 6.200000 5.199991 2.450000
v 6.200000 4.699995 0.000000
v 6.200000 3.779995 0.000000
v 6.200000 4.749995 2.170000
v 1.210000 2.689995 0.050000
v 1.210000 3.364995 0.000000
v 1.210000 2.689995 2.450000
v 6.200000 3.729996 0.050000
v 1.200000 3.314996 0.050000
v 1.200000 4.334995 0.050000
v 6.200000 3.729996 2.170000
v 1.200000 4.334995 2.170000
v 1.200000 3.314996 2.170000
v 1.210000 5.189991 0.000000
v 1.210000 5.189991 0.050000
v 1.210000 2.689995 0.000000
v 1.210000 5.189991 2.450000
v 1.200000 3.364995 2.120000
v 1.200000 4.284995 2.120000
v 1.210000 4.284995 0.000000
v 6.200000 4.749995 0.050000
v 6.200000 3.779995 2.120000
v 6.200000 4.699995 2.120000
v 1.210000 2.689995 2.500000
v 1.210000 5.189991 2.500000
v 1.210000 3.314996 0.050000
v 1.210000 4.334995 0.050000
v 1.210000 4.334995 2.170000
v 1.210000 3.314996 2.170000
v 1.210000 3.364995 2.120000
v 1.210000 4.284995 2.120000
v 0.210000 2.689996 2.450000
v 0.210000 2.689996 0.050000
v 0.210000 0.210000 0.050000
v 0.210000 0.210000 2.450000
v 0.210000 2.689996 0.000000
v 0.210000 0.210000 0.000000
v 0.210000 2.689996 2.500000
v 0.210000 0.210000 2.500000
v 6.190001 0.210000 2.450000
v 6.190001 5.189991 0.050000
v 6.190001 0.210000 0.050000
v 6.190001 0.210000 0.000000
v 6.190001 5.189991 2.450000
v 6.190001 0.210000 2.500000
v 6.190001 4.699995 0.000000
v 6.190001 3.779995 0.000000
v 6.190001 4.749995 2.170000
v 6.190001 5.189991 0.000000
v 6.190001 5.189991 2.500000
v 6.190001 3.729996 0.050000
v 6.190001 3.729996 2.170000
v 6.190001 4.749995 0.050000
v 6.190001 3.779995 2.120000
v 6.190001 4.699995 2.120000
v 6.300000 4.699995 -0.000000
v 6.300000 3.779995 -0.000000
v 6.300000 5.199991 2.450000
v 6.300000 0.200000 2.450000
v 6.300000 5.199991 0.050000
v 8.300000 5.199991 2.450000
v 8.300000 5.199991 0.050000
v 8.300000 4.699995 -0.000000
v 8.300000 0.200000 2.450000
v 6.300000 0.200000 0.050000
v 8.300000 0.200000 0.050000
v 8.300000 3.779995 -0.000000
v 8.289999 3.729996 2.170000
v 8.290000 0.210000 2.500000
v 8.289999 3.779995 -0.000000
v 8.290000 0.210000 -0.000000
v 6.310000 5.189990 2.450000
v 6.310000 5.189990 0.050000
v 8.290000 5.189990 2.450000
v 8.290000 5.189990 0.050000
v 6.310000 5.189990 -0.000000
v 8.290000 5.189990 -0.000000
v 6.310000 5.189990 2.500000
v 8.290000 5.189990 2.500000
v 6.310000 0.210000 2.450000
v 8.290000 0.210000 2.450000
v 6.310000 0.210000 0.050000
v 8.290000 0.210000 0.050000
v 6.310000 0.210000 -0.000000
v 6.310000 0.210000 2.500000
v 6.309999 3.779995 -0.000000
v 8.300000 3.729996 0.050000
v 8.300000 3.729996 2.170000
v 8.300000 4.749995 2.170000
v 8.300000 4.749995 0.050000
v 6.309999 4.699995 -0.000000
v 8.289999 4.699995 -0.000000
v 8.300000 3.779995 2.120000
v 8.300000 4.699995 2.120000
v 6.300000 4.749995 0.050000
v 8.289999 3.729996 0.050000
v 6.300000 4.749995 2.170000
v 6.300000 3.729996 2.170000
v 6.300000 4.699995 2.120000
v 6.300000 3.779995 2.120000
v 8.289999 4.749995 0.050000
v 8.289999 4.699995 2.120000
v 6.300000 3.729996 0.050000
v 8.289999 3.779995 2.120000
v 8.289999 4.749995 2.170000
v 6.309999 4.749995 0.050000
v 6.309999 4.749995 2.170000
v 6.309999 3.729996 2.170000
v 6.309999 4.699995 2.120000
v 6.309999 3.779995 2.120000
v 6.309999 3.729996 0.050000
v 3.700000 5.199991 0.050000
v 3.700000 5.189991 0.050000
v 3.700000 5.189991 0.000000
v 3.700000 5.199991 2.450000
v 3.700000 5.189991 2.450000
v 3.700000 5.189991 2.500000
v 4.200000 0.199999 0.050000
v 2.200000 0.199999 0.050000
v 4.196667 0.210000 0.000000
v 2.203333 0.210000 0.000000
v 4.196667 0.210000 0.050000
v 2.203333 0.210000 0.050000
v 2.200000 0.199999 2.450000
v 4.200000 0.199999 2.450000
v 2.203334 0.210000 2.500000
v 4.196667 0.210000 2.500000
v 2.203334 0.210000 2.450000
v 4.196667 0.210000 2.450000
v 6.200000 1.964997 0.050000
v 6.190001 1.969997 0.050000
v 6.190001 1.994997 0.000000
v 6.200000 2.699995 2.450000
v 6.190001 2.699995 2.450000
v 6.190001 2.699995 2.500000
v 8.300000 1.964998 0.050000
v 8.289999 1.994997 -0.000000
v 8.289999 1.969997 0.050000
v 8.300000 2.699995 2.450000
v 8.290000 2.699995 2.450000
v 8.290000 2.699995 2.500000
v 6.300000 2.699995 2.450000
v 6.310000 2.699995 2.500000
v 6.310000 2.699995 2.450000
v 6.309999 1.994997 -0.000000
v 6.300000 1.964998 0.050000
v 6.309999 1.969997 0.050000
v 0.200000 2.599996 0.500000
v 0.200000 0.599996 0.500000
v 0.200000 2.599996 2.200000
v 0.200000 0.599996 2.200000
v 0.200000 2.699995 2.450000
v 0.200000 2.699995 0.050000
v 1.200000 4.334994 0.050000
v 1.200000 3.314996 0.050000
v 1.200000 4.334994 2.170000
v 1.200000 3.314996 2.170000
v 0.300000 2.699995 0.500000
v 0.300000 2.699995 2.200000
v 0.900000 2.699995 0.500000
v 0.900000 2.699995 2.200000
v 1.200000 2.699995 2.450000
v 1.200000 2.699995 0.050000
v 1.200000 5.199994 2.450000
v 1.200000 5.199994 0.050000
v 0.200000 0.199995 0.050000
v 0.200000 0.199995 2.450000
v 6.200000 0.199996 0.050000
v 6.200000 0.199996 2.450000
v 6.200000 5.199995 0.050000
v 6.200000 5.199995 2.450000
v 6.200000 4.749994 0.050000
v 6.200000 4.749994 2.170001
v 6.200000 3.729996 0.050000
v 6.200000 3.729996 2.170001
v 6.300000 4.749994 2.170001
v 6.300000 4.749994 0.050000
v 6.300000 3.729996 0.050000
v 6.300000 3.729996 2.170001
v 6.300000 5.199994 2.450000
v 6.300000 0.199996 2.450000
v 6.300000 5.199994 0.050000
v 8.300000 5.199994 2.450000
v 8.300000 5.199994 0.050000
v 8.300000 4.749994 2.170000
v 8.300000 4.749994 0.050000
v 8.300000 3.729996 2.170000
v 8.300000 0.199996 2.450000
v 6.300000 0.199996 0.050000
v 8.300000 0.199996 0.050000
v 8.300000 3.729996 0.050000
v 0.175000 2.599996 0.500000
v 0.175000 0.599996 0.500000
v 0.175000 2.599996 2.200000
v 0.175000 0.599996 2.200000
v 0.300000 2.724996 0.500000
v 0.300000 2.724996 2.200000
v 0.900000 2.724996 0.500000
v 0.900000 2.724996 2.200000
v 6.200000 2.699995 2.450000
v 6.200000 2.699995 0.050000
v 6.300000 2.699995 2.450000
v 8.300000 2.699995 2.450000
v 6.300000 2.699995 0.050000
v 8.300000 2.699995 0.050000
v 3.200000 0.199995 2.450000
v 3.200000 0.199995 0.050000
v 3.700000 5.199994 2.450000
v 3.700000 5.199994 0.050000
vt 0.721999 0.255060
vt 0.560792 0.255059
vt 0.551365 0.245632
vt 0.721999 0.245633
vt 0.549153 0.254848
vt 0.556521 0.247480
vt 0.868911 0.247481
vt 0.861544 0.254847
vt 0.548828 0.260291
vt 0.548898 0.254840
vt 0.861304 0.254839
vt 0.861234 0.260291
vt 0.549157 0.245786
vt 0.941858 0.245787
vt 0.940227 0.252614
vt 0.549066 0.252612
vt 0.556267 0.257050
vt 0.556267 0.247301
vt 0.687885 0.247301
vt 0.678137 0.257050
vt 0.944786 0.245505
vt 0.943148 0.252379
vt 0.556140 0.252470
vt 0.549359 0.245505
vt 0.550601 0.248448
vt 0.733263 0.248448
vt 0.724309 0.257402
vt 0.559555 0.257402
vt 0.853579 0.251167
vt 0.857806 0.259621
vt 0.555990 0.259621
vt 0.555990 0.251166
vt 0.724829 0.257890
vt 0.560806 0.257873
vt 0.861589 0.260299
vt 0.549197 0.260300
vt 0.548828 0.247590
vt 0.861232 0.247590
vt 0.868600 0.254958
vt 0.556195 0.254957
vt 0.558280 0.248249
vt 0.723037 0.248249
vt 0.731990 0.257203
vt 0.549325 0.257203
vt 0.723056 0.245374
vt 0.558299 0.245374
vt 0.868669 0.260351
vt 0.556284 0.260351
vt 0.556240 0.254899
vt 0.868626 0.254899
vt 0.558360 0.259144
vt 0.678139 0.259141
vt 0.868741 0.242021
vt 0.868671 0.247472
vt 0.556265 0.247473
vt 0.556334 0.242022
vt 0.559536 0.260278
vt 0.724290 0.260278
vt 0.549130 0.252669
vt 0.941978 0.252669
vt 0.941978 0.260526
vt 0.549130 0.260526
vt 0.550757 0.245841
vt 0.943604 0.245840
vt 0.556126 0.260409
vt 0.868531 0.260409
vt 0.861301 0.242139
vt 0.548897 0.242140
vt 0.549301 0.260391
vt 0.731966 0.260391
vt 0.556477 0.242028
vt 0.868867 0.242029
vt 0.550792 0.253356
vt 0.550790 0.245553
vt 0.937799 0.245461
vt 0.937801 0.253264
vt 0.943150 0.260181
vt 0.556142 0.260273
vt 0.549154 0.260229
vt 0.944581 0.260229
vt 0.548872 0.247532
vt 0.861259 0.247532
vt 0.552848 0.256246
vt 0.552848 0.246986
vt 0.738051 0.246986
vt 0.738051 0.256246
vt 0.739492 0.249127
vt 0.739492 0.258387
vt 0.554289 0.258386
vt 0.554289 0.249126
vt 0.550978 0.259446
vt 0.736181 0.259446
vt 0.736292 0.245927
vt 0.551089 0.245926
vt 0.575361 0.246654
vt 0.663610 0.246654
vt 0.661650 0.248615
vt 0.575361 0.248615
vt 0.880861 0.246116
vt 0.882768 0.251837
vt 0.554435 0.251837
vt 0.548668 0.246068
vt 0.550445 0.260092
vt 0.548539 0.254371
vt 0.876872 0.254370
vt 0.882638 0.260140
vt 0.850990 0.245988
vt 0.550780 0.245956
vt 0.882768 0.260073
vt 0.554435 0.260073
vt 0.549003 0.260185
vt 0.548949 0.253380
vt 0.938874 0.253479
vt 0.945768 0.260379
vt 0.733288 0.245260
vt 0.550626 0.245260
vt 0.548539 0.246135
vt 0.876872 0.246135
vt 0.548828 0.242080
vt 0.861215 0.242080
vt 0.548951 0.245550
vt 0.938876 0.245649
vt 0.941854 0.253766
vt 0.550691 0.253764
vt 0.550691 0.245909
vt 0.941854 0.245909
vt 0.661650 0.258421
vt 0.565554 0.258421
vt 0.940227 0.260468
vt 0.941762 0.260591
vt 0.549066 0.260590
vt 0.548990 0.254693
vt 0.556358 0.247326
vt 0.868747 0.247326
vt 0.861380 0.254692
vt 0.549259 0.246577
vt 0.882359 0.246577
vt 0.880761 0.252290
vt 0.555043 0.252361
vt 0.550773 0.254701
vt 0.875646 0.254630
vt 0.881343 0.260471
vt 0.550520 0.248431
vt 0.733186 0.248431
vt 0.724233 0.257386
vt 0.559474 0.257386
vt 0.548836 0.260007
vt 0.548905 0.254555
vt 0.861316 0.254555
vt 0.861246 0.260007
vt 0.548990 0.247376
vt 0.861391 0.247376
vt 0.868759 0.254744
vt 0.556358 0.254743
vt 0.678677 0.256443
vt 0.592387 0.256443
vt 0.582582 0.246637
vt 0.678677 0.246637
vt 0.875986 0.254423
vt 0.550267 0.254493
vt 0.550265 0.246268
vt 0.875984 0.246197
vt 0.880763 0.260516
vt 0.555045 0.260587
vt 0.881769 0.260207
vt 0.548668 0.260207
vt 0.549108 0.260195
vt 0.549051 0.253390
vt 0.938981 0.253389
vt 0.945877 0.260288
vt 0.550772 0.246497
vt 0.875644 0.246425
vt 0.881343 0.246386
vt 0.879636 0.252156
vt 0.554764 0.252228
vt 0.549066 0.246386
vt 0.549051 0.245560
vt 0.938981 0.245560
vt 0.861461 0.241925
vt 0.549060 0.241925
vt 0.548828 0.241969
vt 0.861220 0.241969
vt 0.861264 0.247421
vt 0.548872 0.247422
vt 0.556240 0.254789
vt 0.868630 0.254788
vt 0.556272 0.247188
vt 0.868683 0.247188
vt 0.597548 0.247807
vt 0.683836 0.247807
vt 0.683836 0.257613
vt 0.587742 0.257613
vt 0.733210 0.245243
vt 0.550544 0.245243
vt 0.556288 0.260194
vt 0.868690 0.260196
vt 0.879638 0.260360
vt 0.554765 0.260432
vt 0.723008 0.248266
vt 0.558255 0.248265
vt 0.861424 0.260144
vt 0.549035 0.260145
vt 0.680639 0.258404
vt 0.592388 0.258404
vt 0.552276 0.254653
vt 0.556506 0.246193
vt 0.858508 0.246193
vt 0.850047 0.254654
vt 0.724214 0.260261
vt 0.851092 0.246056
vt 0.853681 0.251235
vt 0.556087 0.251234
vt 0.550878 0.246023
vt 0.868752 0.241737
vt 0.556341 0.241737
vt 0.857908 0.259689
vt 0.556087 0.259689
vt 0.597549 0.245845
vt 0.685797 0.245846
vt 0.945923 0.245741
vt 0.945978 0.252547
vt 0.556047 0.252448
vt 0.549154 0.245548
vt 0.551390 0.259849
vt 0.849986 0.259850
vt 0.556314 0.241874
vt 0.868703 0.241874
vt 0.558240 0.245390
vt 0.722993 0.245390
vt 0.945976 0.260377
vt 0.556045 0.260277
vt 0.945906 0.245545
vt 0.945963 0.252350
vt 0.945963 0.260179
vt 0.556049 0.260182
vt 0.879662 0.246603
vt 0.877967 0.252334
vt 0.549066 0.252334
vt 0.549659 0.246603
vt 0.879697 0.246399
vt 0.879100 0.252159
vt 0.550978 0.252182
vt 0.877967 0.260584
vt 0.879101 0.260389
vt 0.550979 0.260412
vt 0.550762 0.254762
vt 0.879661 0.254762
vt 0.879067 0.260492
vt 0.549728 0.254722
vt 0.877850 0.254699
vt 0.879697 0.260482
vt 0.879661 0.246512
vt 0.549727 0.246492
vt 0.877849 0.246469
vt 0.848985 0.251822
vt 0.857435 0.260272
vt 0.555772 0.260273
vt 0.551547 0.251822
vt 0.848945 0.246631
vt 0.548937 0.246601
vt 0.549001 0.260520
vt 0.550628 0.253693
vt 0.941801 0.253694
vt 0.941709 0.260520
vt 0.550628 0.245838
vt 0.941801 0.245840
vt 0.849014 0.246838
vt 0.849054 0.252029
vt 0.551611 0.252029
vt 0.549001 0.246807
vt 0.857504 0.260479
vt 0.555836 0.260479
vt 0.550693 0.253665
vt 0.941870 0.253665
vt 0.941778 0.260491
vt 0.550693 0.245810
vt 0.940243 0.252707
vt 0.549157 0.245880
vt 0.940243 0.260562
vt 0.550541 0.255245
vt 0.550541 0.246781
vt 0.852701 0.246781
vt 0.848469 0.255245
vt 0.548808 0.260430
vt 0.847581 0.260430
vt 0.655177 0.768631
vt 0.713504 0.768629
vt 0.713509 0.969691
vt 0.655182 0.996248
vt 0.669569 0.972540
vt 0.660084 0.996250
vt 0.660084 0.768631
vt 0.669569 0.811310
vt 0.882876 0.811266
vt 0.892360 0.768587
vt 0.892360 0.996207
vt 0.882876 0.972496
vt 0.655263 0.996200
vt 0.655263 0.768581
vt 0.754926 0.768631
vt 0.726474 0.811310
vt 0.754926 0.996250
vt 0.726473 0.972540
vt 0.810248 0.969690
vt 0.892287 0.996245
vt 0.794719 0.969629
vt 0.794719 0.768565
vt 0.693193 0.972497
vt 0.693193 0.811266
vt 0.810246 0.768625
vt 0.892285 0.768624
vt 0.697979 0.768563
vt 0.697981 0.969629
vt 0.939769 0.768606
vt 0.939769 0.996225
vt 0.564596 0.232892
vt 0.801330 0.232892
vt 0.801330 0.005628
vt 0.564596 0.005628
vt 0.758689 0.005630
vt 0.758689 0.206380
vt 0.753992 0.005626
vt 0.753992 0.232890
vt 0.607181 0.206379
vt 0.607181 0.005624
vt 0.703767 0.206378
vt 0.769424 0.960878
vt 0.766841 0.960870
vt 0.766891 0.812874
vt 0.769475 0.812882
vt 0.770182 0.812874
vt 0.772766 0.812882
vt 0.772766 0.960875
vt 0.770182 0.960868
vt 0.869086 0.934597
vt 0.869072 0.937399
vt 0.708547 0.937399
vt 0.708561 0.934597
vt 0.708547 0.940909
vt 0.708561 0.938107
vt 0.869086 0.938107
vt 0.869072 0.940909
vt 0.708547 0.943987
vt 0.708547 0.941616
vt 0.765452 0.941616
vt 0.765452 0.943987
vt 0.776764 0.812874
vt 0.779347 0.812882
vt 0.779347 0.960877
vt 0.776764 0.960870
vt 0.776057 0.960877
vt 0.773473 0.960870
vt 0.773473 0.812874
vt 0.776057 0.812882
vt 0.823066 0.941616
vt 0.823066 0.943987
vt 0.766160 0.943987
vt 0.766160 0.941616
vt 0.662102 0.206380
vt 0.662102 0.005631
vt 0.939816 0.996251
vt 0.655292 0.996252
vt 0.892433 0.996251
vt 0.703765 0.005630
usemtl Interior_Mat
s off
f 842/786 854/787 847/788 841/789
f 847/790 854/791 855/792 858/793
f 830/794 874/795 881/796 849/797
f 942/798 828/799 871/800 943/801
f 832/802 843/803 833/804 853/805
f 815/806 859/807 862/808 824/809
f 879/810 875/811 882/812 881/813
f 958/814 959/815 870/816 869/817
f 822/818 837/819 854/787 842/786
f 846/820 817/821 847/790 858/793
f 833/822 857/823 856/824 853/825
f 857/826 858/827 855/828 856/829
f 846/830 858/827 857/826 845/831
f 831/832 848/833 880/834 875/835
f 820/836 832/802 853/805 836/837
f 838/838 879/839 878/840 835/841
f 849/842 881/813 882/812 850/843
f 834/844 844/845 852/846 851/847
f 819/848 821/849 844/845 834/844
f 836/850 853/825 856/824 840/851
f 845/852 857/823 833/822 818/853
f 840/854 856/829 855/828 839/855
f 837/856 839/857 855/792 854/791
f 861/858 864/859 863/860 860/861
f 859/807 865/862 866/863 862/808
f 823/864 861/858 860/861 816/865
f 880/834 873/866 882/867 875/835
f 860/868 863/869 843/870 832/871
f 834/872 851/873 865/874 859/875
f 816/876 860/868 832/871 820/877
f 819/878 834/872 859/875 815/879
f 848/880 827/881 868/882 880/883
f 878/840 879/839 881/796 874/795
f 946/884 950/885 861/886 823/887
f 952/888 956/889 867/890 826/891
f 957/892 958/814 869/817 825/893
f 950/885 948/894 864/895 861/886
f 960/896 961/897 871/898 828/899
f 831/900 875/811 879/810 838/901
f 956/889 954/902 872/903 867/890
f 829/904 850/905 882/867 873/866
f 961/897 962/906 877/907 871/898
f 940/908 842/909 841/910 941/911
f 880/883 868/882 876/912 873/913
f 943/801 871/800 877/914 944/847
f 939/915 822/916 842/909 940/908
f 918/917 933/918 934/919 936/920
f 885/921 888/922 901/923 899/924
f 886/847 907/925 908/926 891/927
f 895/928 932/929 929/930 931/931
f 894/932 897/933 931/934 920/935
f 913/936 937/937 935/938 938/939
f 900/940 933/941 918/942 903/943
f 902/944 900/945 903/946 904/947
f 899/924 901/923 906/948 905/949
f 889/950 887/951 900/945 902/944
f 966/952 967/953 901/954 888/955
f 907/925 912/956 896/957 908/926
f 893/958 910/959 909/960 892/961
f 967/953 968/962 906/963 901/954
f 927/964 937/937 913/936 884/965
f 890/966 921/967 929/968 919/969
f 928/970 919/969 929/968 932/971
f 923/972 895/973 931/934 897/933
f 928/974 902/975 904/976 919/977
f 916/978 932/929 895/928 915/979
f 930/980 938/939 935/938 925/981
f 910/959 898/982 911/983 909/960
f 916/981 917/980 928/970 932/971
f 936/984 934/828 935/829 937/985
f 926/986 883/987 918/917 936/920
f 887/988 922/989 933/941 900/940
f 974/990 972/991 913/992 938/993
f 920/842 931/931 929/930 921/994
f 963/995 965/996 910/997 893/998
f 915/999 895/973 923/972 914/1000
f 965/996 964/1001 898/1002 910/997
f 917/1003 889/1004 902/975 928/974
f 969/1005 971/1006 907/1007 886/1008
f 924/855 925/854 935/829 934/828
f 973/1009 974/990 938/993 930/1010
f 922/1011 924/1012 934/919 933/918
f 927/1013 926/1014 936/984 937/985
f 971/1006 970/1015 912/1016 907/1007
f 868/898 940/897 941/906 876/907
f 827/899 939/896 940/897 868/898
f 821/1008 942/1017 943/1018 844/1007
f 844/1007 943/1018 944/1019 852/1020
f 825/1021 869/1022 949/1023 945/1024
f 945/1025 949/1026 950/1027 946/961
f 869/1022 870/1028 947/916 949/1023
f 949/1026 947/1029 948/1030 950/1027
f 824/847 862/1031 955/1032 951/1033
f 951/847 955/1034 956/1035 952/1036
f 862/1031 866/956 953/1037 955/1032
f 955/1034 953/1038 954/1039 956/1035
f 878/1040 874/1041 959/1042 958/1043
f 835/1044 878/1040 958/1043 957/1045
f 826/1046 867/1047 961/1048 960/1049
f 867/1047 872/1050 962/1051 961/1048
f 914/1052 923/1053 965/1054 963/1055
f 923/1053 897/1056 964/1057 965/1054
f 891/847 908/1058 967/1059 966/1060
f 908/1058 896/1061 968/799 967/1059
f 885/911 899/1062 971/844 969/1063
f 899/1062 905/1064 970/916 971/844
f 909/1065 911/1066 972/1067 974/1068
f 892/1069 909/1065 974/1068 973/1070
f 990/1071 982/1072 984/1073 989/1074
f 986/1075 979/1076 980/1077 985/1078
f 975/1079 980/1080 979/1081 977/1082
f 1035/1083 1036/1084 997/1080 998/1081
f 985/1078 980/1077 990/1085 987/1086
f 987/1086 990/1085 989/1087 988/1088
f 984/1073 983/1089 991/1090 989/1074
f 1027/1081 1002/1091 1001/1092 1028/1080
f 978/1093 994/1083 993/1084 976/1094
f 983/1089 981/1095 992/1096 991/1090
f 998/1083 997/1084 999/1097 1000/1098
f 1033/1071 996/1099 995/1100 1034/1074
f 988/1088 989/1087 979/1076 986/1075
f 977/1082 979/1081 994/1083 978/1093
f 1015/1101 1030/1102 1032/1103 1017/1104
f 1010/1102 1011/1103 1013/1105 1012/1106
f 1007/1101 1009/1104 1011/1107 1010/1108
f 1003/1109 1004/1110 1009/1104 1007/1101
f 1008/1101 1015/1108 1017/1107 1016/1104
f 1003/1109 1007/1101 1029/1102 1006/1111
f 976/1094 993/1084 980/1080 975/1079
f 977/1112 1021/1113 1019/1114 975/1115
f 976/1116 1020/1117 1022/1118 978/1119
f 975/1120 1019/1121 1020/1122 976/1123
f 978/1124 1022/1125 1021/1126 977/1127
f 986/1128 1024/1129 1026/1130 988/1131
f 985/1132 1023/1133 1024/1134 986/1135
f 988/1136 1026/1137 1025/1138 987/1139
f 987/1140 1025/1141 1023/1142 985/1143
f 996/1084 1027/1080 1028/1081 995/1083
f 1012/1106 1014/1144 1030/1101 1010/1102
f 1030/1101 1014/1144 1018/1145 1032/1104
f 1029/1103 1008/1104 1016/1101 1031/1102
f 994/1084 1033/1099 1034/1146 993/1147
f 991/1147 992/1084 1036/1080 1035/1148
f 1027/1081 998/1083 1000/1098 1002/1091
f 1006/1111 1029/1102 1031/1103 1005/1149
o Storey01_Ceiling
v 1.210000 2.689998 2.500000
v 6.190000 0.209995 2.500000
v 0.210000 2.689998 2.500000
v 0.210000 0.209995 2.500000
v 1.210000 5.189997 2.500000
v 6.190000 5.189997 2.500000
v 6.310000 5.189994 2.500000
v 8.290000 5.189994 2.500000
v 6.310000 0.209995 2.500000
v 8.290000 0.209995 2.500000
vt 0.001350 0.001264
vt 0.449727 0.224553
vt 0.449727 0.449641
vt 0.001351 0.449641
vt 0.476770 0.021634
vt 0.476770 0.199904
vt 0.028394 0.199904
vt 0.028394 0.021634
vt 0.539763 0.001264
vt 0.539762 0.224553
usemtl Interior_Mat
s off
f 1038/1150 1037/1151 1041/1152 1042/1153
f 1043/1154 1044/1155 1046/1156 1045/1157
f 1037/1151 1038/1150 1040/1158 1039/1159
o Storey02_WindowFrames
v 0.200001 0.940000 3.730000
v 0.200001 0.939996 5.050000
v 0.220000 0.939995 5.050000
v 0.220000 0.939995 3.730000
v 0.220000 0.859996 3.649998
v 0.220000 0.859996 5.130000
v 0.200001 0.859992 5.130000
v 0.200001 0.859992 3.649998
v 0.220000 1.599997 3.649998
v 0.200000 1.599997 3.649998
v 0.220000 1.559997 3.730000
v 0.220000 1.559997 5.050000
v 0.200000 1.559997 5.050000
v 0.200000 1.559997 3.730000
v 0.220000 1.599997 5.130000
v 0.200001 1.599997 5.130000
v 0.149999 0.949993 3.740010
v 0.150000 1.549996 3.740010
v 0.200000 1.539996 3.750010
v 0.200001 0.959996 3.750010
v 0.200001 0.959993 5.030000
v 0.150000 1.549996 5.040000
v 0.149999 0.949993 5.040000
v 0.200000 1.539996 5.030000
v 0.149999 0.959993 3.750010
v 0.150000 1.539997 3.750010
v 0.150000 1.539997 5.030000
v 0.149999 0.959993 5.030000
v 0.200001 1.640001 3.730000
v 0.200001 1.639997 5.050000
v 0.220000 1.639997 5.050000
v 0.220000 1.639997 3.730000
v 0.220000 2.339996 3.649998
v 0.200000 2.339996 3.649998
v 0.220000 2.259996 3.730000
v 0.220000 2.259996 5.050000
v 0.200000 2.259996 5.050000
v 0.200000 2.259996 3.730000
v 0.220000 2.339996 5.130000
v 0.200000 2.339996 5.130000
v 0.149999 1.649995 3.740010
v 0.150000 2.249996 3.740010
v 0.200000 2.239996 3.750010
v 0.200001 1.659998 3.750010
v 0.200001 1.659995 5.030000
v 0.150000 2.249996 5.040000
v 0.149999 1.649995 5.040000
v 0.200000 2.239996 5.030000
v 0.149999 1.659995 3.750010
v 0.150000 2.239997 3.750010
v 0.150000 2.239997 5.030000
v 0.149999 1.659995 5.030000
v 0.200001 3.139999 3.730000
v 0.200001 3.139996 5.050000
v 0.220000 3.139995 5.050000
v 0.220000 3.139995 3.730000
v 0.220000 3.059996 3.649998
v 0.220000 3.059996 5.130000
v 0.200001 3.059992 5.130000
v 0.200001 3.059992 3.649998
v 0.220000 3.799996 3.649998
v 0.200000 3.799996 3.649998
v 0.220000 3.759996 3.730000
v 0.220000 3.759996 5.050000
v 0.200000 3.759996 5.050000
v 0.200000 3.759996 3.730000
v 0.220000 3.799996 5.130000
v 0.200001 3.799996 5.130000
v 0.149999 3.149993 3.740010
v 0.150000 3.749996 3.740010
v 0.200000 3.739996 3.750010
v 0.200001 3.159996 3.750010
v 0.200001 3.159993 5.030000
v 0.150000 3.749996 5.040000
v 0.149999 3.149993 5.040000
v 0.200000 3.739996 5.030000
v 0.149999 3.159993 3.750010
v 0.150000 3.739997 3.750010
v 0.150000 3.739997 5.030000
v 0.149999 3.159993 5.030000
v 0.200001 3.840001 3.730000
v 0.200001 3.839996 5.050000
v 0.220000 3.839996 5.050000
v 0.220000 3.839996 3.730000
v 0.220000 4.539996 3.649998
v 0.200000 4.539996 3.649998
v 0.220000 4.459996 3.730000
v 0.220000 4.459996 5.050000
v 0.200000 4.459996 5.050000
v 0.200000 4.459996 3.730000
v 0.220000 4.539996 5.130000
v 0.200000 4.539996 5.130000
v 0.149999 3.849995 3.740010
v 0.150000 4.449996 3.740010
v 0.200000 4.439996 3.750010
v 0.200001 3.859998 3.750010
v 0.200001 3.859995 5.030000
v 0.150000 4.449996 5.040000
v 0.149999 3.849995 5.040000
v 0.200000 4.439996 5.030000
v 0.149999 3.859995 3.750010
v 0.150000 4.439997 3.750010
v 0.150000 4.439997 5.030000
v 0.149999 3.859995 5.030000
v 8.299999 1.879992 3.730000
v 8.299999 1.879996 5.050000
v 8.280000 1.879996 5.050000
v 8.280000 1.879996 3.730000
v 8.280000 1.959999 3.649998
v 8.280000 1.959999 5.130000
v 8.299999 1.959999 5.130000
v 8.299999 1.959999 3.649998
v 8.280001 1.219995 3.649998
v 8.300000 1.219995 3.649998
v 8.280001 1.259995 3.730000
v 8.280001 1.259995 5.050000
v 8.300000 1.259995 5.050000
v 8.300000 1.259995 3.730000
v 8.280001 1.219995 5.130000
v 8.299999 1.219995 5.130000
v 8.350000 1.869999 3.740010
v 8.350000 1.269996 3.740010
v 8.300000 1.279996 3.750010
v 8.299999 1.859995 3.750010
v 8.299999 1.859999 5.030000
v 8.350000 1.269996 5.040000
v 8.350000 1.869999 5.040000
v 8.300000 1.279996 5.030000
v 8.350000 1.859999 3.750010
v 8.350000 1.279995 3.750010
v 8.350000 1.279995 5.030000
v 8.350000 1.859999 5.030000
v 8.299999 1.179991 3.730000
v 8.299999 1.179995 5.050000
v 8.280001 1.179995 5.050000
v 8.280001 1.179995 3.730000
v 8.280001 0.479995 3.649998
v 8.300001 0.479995 3.649998
v 8.280001 0.559995 3.730000
v 8.280001 0.559995 5.050000
v 8.300001 0.559995 5.050000
v 8.300001 0.559995 3.730000
v 8.280001 0.479995 5.130000
v 8.300001 0.479995 5.130000
v 8.350000 1.169996 3.740010
v 8.350000 0.569995 3.740010
v 8.300001 0.579996 3.750010
v 8.299999 1.159994 3.750010
v 8.299999 1.159997 5.030000
v 8.350000 0.569995 5.040000
v 8.350000 1.169996 5.040000
v 8.300001 0.579996 5.030000
v 8.350000 1.159997 3.750010
v 8.350000 0.579994 3.750010
v 8.350000 0.579994 5.030000
v 8.350000 1.159997 5.030000
vt 0.922344 0.293114
vt 0.922338 0.509454
vt 0.918562 0.509462
vt 0.918568 0.293121
vt 0.905457 0.280009
vt 0.905450 0.522573
vt 0.901217 0.522587
vt 0.901223 0.280024
vt 0.897672 0.350130
vt 0.897672 0.478323
vt 0.894208 0.478323
vt 0.894208 0.350129
vt 0.905675 0.293998
vt 0.905703 0.509553
vt 0.901940 0.509561
vt 0.901913 0.294006
vt 0.914996 0.357059
vt 0.914996 0.464464
vt 0.911531 0.464465
vt 0.911532 0.357059
vt 0.912206 0.280932
vt 0.912237 0.522617
vt 0.918463 0.360524
vt 0.918462 0.461000
vt 0.926063 0.296401
vt 0.926065 0.505742
vt 0.898242 0.506310
vt 0.898208 0.297714
vt 0.918450 0.461019
vt 0.928910 0.358740
vt 0.928909 0.462734
vt 0.927124 0.461001
vt 0.927124 0.360524
vt 0.890093 0.506311
vt 0.890059 0.297715
vt 0.928896 0.462804
vt 0.928897 0.358810
vt 0.934243 0.505742
vt 0.934241 0.296401
vt 0.937959 0.292684
vt 0.937925 0.507351
vt 0.886389 0.510016
vt 0.886390 0.296111
vt 0.922502 0.293987
vt 0.922530 0.509542
vt 0.918768 0.509550
vt 0.918739 0.293996
vt 0.905581 0.292976
vt 0.905581 0.509333
vt 0.901805 0.509341
vt 0.901805 0.292984
vt 0.914941 0.356846
vt 0.914941 0.464249
vt 0.911477 0.464251
vt 0.911476 0.356846
vt 0.897617 0.342987
vt 0.897617 0.471181
vt 0.894152 0.471181
vt 0.894152 0.342987
vt 0.894791 0.477906
vt 0.894791 0.349711
vt 0.898255 0.349711
vt 0.898256 0.477905
vt 0.912115 0.464046
vt 0.912114 0.356640
vt 0.915579 0.356640
vt 0.915579 0.464046
vt 0.918694 0.279863
vt 0.918694 0.522445
vt 0.922928 0.279848
vt 0.922928 0.522431
vt 0.918407 0.360311
vt 0.918407 0.460785
vt 0.926207 0.297262
vt 0.926243 0.505843
vt 0.898093 0.506077
vt 0.898085 0.296705
vt 0.919044 0.360105
vt 0.919044 0.460582
vt 0.928854 0.358527
vt 0.928854 0.462519
vt 0.927069 0.460785
vt 0.927068 0.360311
vt 0.889915 0.506078
vt 0.889906 0.296705
vt 0.929491 0.358319
vt 0.929490 0.462313
vt 0.927706 0.460581
vt 0.927706 0.360104
vt 0.934390 0.505842
vt 0.934355 0.297261
vt 0.938060 0.293557
vt 0.938060 0.507444
vt 0.886196 0.509796
vt 0.886223 0.295095
vt 0.922444 0.293113
vt 0.922438 0.509453
vt 0.918662 0.509461
vt 0.918668 0.293121
vt 0.905557 0.280009
vt 0.905550 0.522572
vt 0.901317 0.522587
vt 0.901323 0.280024
vt 0.911561 0.464463
vt 0.911561 0.357056
vt 0.911194 0.357483
vt 0.911194 0.464889
vt 0.897335 0.471818
vt 0.897335 0.343624
vt 0.893871 0.471818
vt 0.893870 0.343624
vt 0.914659 0.357483
vt 0.914658 0.464889
vt 0.926163 0.296400
vt 0.926165 0.505742
vt 0.918124 0.360947
vt 0.918123 0.461424
vt 0.927153 0.460996
vt 0.927153 0.360523
vt 0.890039 0.297714
vt 0.928571 0.359162
vt 0.928569 0.463155
vt 0.926785 0.461424
vt 0.926786 0.360947
vt 0.934343 0.505742
vt 0.934340 0.296400
vt 0.938059 0.292683
vt 0.938025 0.507351
vt 0.918747 0.509550
vt 0.914659 0.356846
vt 0.914658 0.464250
vt 0.911194 0.464251
vt 0.911194 0.356846
vt 0.897335 0.342987
vt 0.897335 0.471181
vt 0.893870 0.471181
vt 0.893870 0.342987
vt 0.894294 0.478223
vt 0.894294 0.350029
vt 0.897758 0.350029
vt 0.897759 0.478223
vt 0.911617 0.464365
vt 0.911617 0.356959
vt 0.915082 0.356959
vt 0.915082 0.464365
vt 0.922960 0.279848
vt 0.922960 0.522431
vt 0.918125 0.360310
vt 0.918125 0.460786
vt 0.918546 0.360424
vt 0.918546 0.460901
vt 0.928572 0.358526
vt 0.928571 0.462521
vt 0.926786 0.460787
vt 0.926787 0.360310
vt 0.928994 0.358639
vt 0.928992 0.462633
vt 0.927208 0.460902
vt 0.927209 0.360425
vt 0.934335 0.297261
vt 0.938039 0.293557
vt 0.886257 0.295095
vt 0.922115 0.292951
vt 0.922114 0.509290
vt 0.918338 0.509298
vt 0.918339 0.292960
vt 0.905226 0.279848
vt 0.905226 0.522410
vt 0.900992 0.522425
vt 0.900992 0.279863
vt 0.897801 0.350148
vt 0.897801 0.478341
vt 0.894337 0.478341
vt 0.894336 0.350148
vt 0.905633 0.293997
vt 0.915124 0.357077
vt 0.915125 0.464480
vt 0.911660 0.464481
vt 0.911660 0.357077
vt 0.911476 0.356710
vt 0.911477 0.464114
vt 0.897618 0.471044
vt 0.897617 0.342851
vt 0.894153 0.471044
vt 0.894152 0.342851
vt 0.914941 0.356710
vt 0.914942 0.464114
vt 0.918590 0.360542
vt 0.918591 0.461016
vt 0.925834 0.296239
vt 0.925841 0.505578
vt 0.918406 0.360174
vt 0.918407 0.460649
vt 0.929038 0.358757
vt 0.929039 0.462750
vt 0.927254 0.461016
vt 0.927252 0.360542
vt 0.928853 0.358389
vt 0.928852 0.462380
vt 0.927068 0.460649
vt 0.927068 0.360174
vt 0.934019 0.505578
vt 0.934012 0.296238
vt 0.937730 0.292521
vt 0.937701 0.507187
vt 0.886347 0.510015
vt 0.886348 0.296112
vt 0.905779 0.293131
vt 0.905704 0.509491
vt 0.901928 0.509498
vt 0.902002 0.293138
vt 0.914939 0.357028
vt 0.914940 0.464434
vt 0.911475 0.464435
vt 0.911474 0.357028
vt 0.897615 0.343170
vt 0.897616 0.471365
vt 0.894151 0.471365
vt 0.894150 0.343170
vt 0.894253 0.350153
vt 0.897717 0.350153
vt 0.918896 0.280023
vt 0.918812 0.522608
vt 0.923130 0.280009
vt 0.923046 0.522594
vt 0.918405 0.360493
vt 0.898218 0.506232
vt 0.898281 0.296857
vt 0.890039 0.506230
vt 0.890102 0.296854
vt 0.934349 0.505841
vt 0.886319 0.509947
vt 0.886420 0.295243
usemtl Interior_Mat
s off
f 1047/1160 1048/1161 1049/1162 1050/1163
f 1051/1164 1052/1165 1053/1166 1054/1167
f 1055/1168 1051/1169 1054/1170 1056/1171
f 1057/1172 1058/1173 1059/1174 1060/1175
f 1060/1176 1047/1177 1050/1178 1057/1179
f 1051/1164 1050/1163 1049/1162 1052/1165
f 1049/1178 1058/1179 1061/1168 1052/1169
f 1062/1171 1053/1170 1052/1169 1061/1168
f 1058/1179 1049/1178 1048/1177 1059/1176
f 1057/1172 1055/1180 1061/1181 1058/1173
f 1051/1169 1055/1168 1057/1179 1050/1178
f 1047/1177 1060/1176 1065/1182 1066/1183
f 1048/1161 1047/1160 1066/1184 1067/1185
f 1060/1175 1059/1174 1070/1186 1065/1187
f 1059/1176 1048/1177 1067/1188 1070/1182
f 1064/1189 1063/1190 1071/1191 1072/1192
f 1066/1183 1065/1182 1072/1192 1071/1191
f 1065/1187 1070/1186 1073/1193 1072/1194
f 1069/1195 1068/1196 1073/1192 1074/1191
f 1070/1182 1067/1188 1074/1191 1073/1192
f 1074/1197 1071/1198 1063/1199 1069/1200
f 1071/1198 1074/1197 1067/1185 1066/1184
f 1068/1201 1064/1202 1072/1194 1073/1193
f 1075/1203 1076/1204 1077/1205 1078/1206
f 1055/1180 1078/1206 1077/1205 1061/1181
f 1081/1207 1082/1208 1083/1209 1084/1210
f 1084/1211 1075/1212 1078/1213 1081/1214
f 1079/1215 1055/1216 1056/1217 1080/1218
f 1086/1219 1062/1220 1061/1221 1085/1222
f 1082/1223 1077/1224 1076/1225 1083/1226
f 1081/1207 1079/1227 1085/1228 1082/1208
f 1077/1224 1082/1223 1085/1222 1061/1221
f 1080/1229 1086/1230 1085/1228 1079/1227
f 1075/1212 1084/1211 1089/1231 1090/1232
f 1076/1204 1075/1203 1090/1233 1091/1234
f 1084/1210 1083/1209 1094/1235 1089/1236
f 1083/1226 1076/1225 1091/1237 1094/1238
f 1088/1239 1087/1240 1095/1241 1096/1242
f 1090/1232 1089/1231 1096/1242 1095/1241
f 1089/1236 1094/1235 1097/1243 1096/1244
f 1093/1245 1092/1246 1097/1247 1098/1248
f 1094/1238 1091/1237 1098/1248 1097/1247
f 1098/1249 1095/1250 1087/1251 1093/1252
f 1095/1250 1098/1249 1091/1234 1090/1233
f 1092/1253 1088/1254 1096/1244 1097/1243
f 1055/1216 1079/1215 1081/1214 1078/1213
f 1099/1255 1100/1256 1101/1257 1102/1258
f 1103/1259 1104/1260 1105/1261 1106/1262
f 1107/1168 1103/1169 1106/1170 1108/1171
f 1109/1172 1110/1173 1111/1174 1112/1175
f 1112/1176 1099/1177 1102/1263 1109/1264
f 1103/1259 1102/1258 1101/1257 1104/1260
f 1101/1265 1110/1266 1113/1267 1104/1268
f 1114/1269 1105/1270 1104/1268 1113/1267
f 1110/1266 1101/1265 1100/1271 1111/1272
f 1109/1172 1107/1180 1113/1181 1110/1173
f 1103/1169 1107/1168 1109/1264 1102/1263
f 1099/1177 1112/1176 1117/1182 1118/1183
f 1100/1256 1099/1255 1118/1273 1119/1274
f 1112/1175 1111/1174 1122/1186 1117/1187
f 1111/1272 1100/1271 1119/1275 1122/1276
f 1116/1189 1115/1190 1123/1277 1124/1278
f 1118/1183 1117/1182 1124/1278 1123/1277
f 1117/1187 1122/1186 1125/1193 1124/1279
f 1121/1280 1120/1281 1125/1282 1126/1283
f 1122/1276 1119/1275 1126/1283 1125/1282
f 1126/1284 1123/1285 1115/1286 1121/1287
f 1123/1285 1126/1284 1119/1274 1118/1273
f 1120/1201 1116/1202 1124/1279 1125/1193
f 1127/1203 1128/1204 1129/1288 1130/1206
f 1107/1180 1130/1206 1129/1288 1113/1181
f 1133/1207 1134/1208 1135/1209 1136/1210
f 1136/1289 1127/1290 1130/1291 1133/1292
f 1131/1293 1107/1294 1108/1295 1132/1296
f 1138/1297 1114/1298 1113/1299 1137/1300
f 1134/1301 1129/1302 1128/1303 1135/1304
f 1133/1207 1131/1227 1137/1228 1134/1208
f 1129/1302 1134/1301 1137/1300 1113/1299
f 1132/1305 1138/1306 1137/1228 1131/1227
f 1127/1290 1136/1289 1141/1307 1142/1308
f 1128/1204 1127/1203 1142/1233 1143/1234
f 1136/1210 1135/1209 1146/1235 1141/1236
f 1135/1304 1128/1303 1143/1309 1146/1310
f 1140/1311 1139/1312 1147/1313 1148/1314
f 1142/1308 1141/1307 1148/1314 1147/1313
f 1141/1236 1146/1235 1149/1243 1148/1244
f 1145/1315 1144/1316 1149/1317 1150/1318
f 1146/1310 1143/1309 1150/1318 1149/1317
f 1150/1249 1147/1319 1139/1320 1145/1287
f 1147/1319 1150/1249 1143/1234 1142/1233
f 1144/1253 1140/1321 1148/1244 1149/1243
f 1107/1294 1131/1293 1133/1292 1130/1291
f 1151/1322 1152/1323 1153/1324 1154/1325
f 1155/1326 1156/1327 1157/1328 1158/1329
f 1159/1330 1155/1331 1158/1332 1160/1333
f 1161/1334 1162/1173 1163/1174 1164/1175
f 1164/1335 1151/1336 1154/1337 1161/1338
f 1155/1326 1154/1325 1153/1324 1156/1327
f 1153/1339 1162/1340 1165/1341 1156/1342
f 1166/1343 1157/1344 1156/1342 1165/1341
f 1162/1340 1153/1339 1152/1345 1163/1346
f 1161/1334 1159/1180 1165/1181 1162/1173
f 1155/1331 1159/1330 1161/1338 1154/1337
f 1151/1336 1164/1335 1169/1347 1170/1348
f 1152/1323 1151/1322 1170/1349 1171/1350
f 1164/1175 1163/1174 1174/1186 1169/1187
f 1163/1346 1152/1345 1171/1351 1174/1352
f 1168/1353 1167/1354 1175/1355 1176/1356
f 1170/1348 1169/1347 1176/1356 1175/1355
f 1169/1187 1174/1186 1177/1193 1176/1279
f 1173/1357 1172/1358 1177/1359 1178/1360
f 1174/1352 1171/1351 1178/1360 1177/1359
f 1178/1361 1175/1362 1167/1363 1173/1364
f 1175/1362 1178/1361 1171/1350 1170/1349
f 1172/1365 1168/1366 1176/1279 1177/1193
f 1179/1203 1180/1204 1181/1257 1182/1206
f 1159/1180 1182/1206 1181/1257 1165/1181
f 1185/1367 1186/1368 1187/1369 1188/1370
f 1188/1371 1179/1372 1182/1373 1185/1374
f 1183/1375 1159/1376 1160/1377 1184/1378
f 1190/1332 1166/1379 1165/1380 1189/1169
f 1186/1263 1181/1264 1180/1176 1187/1177
f 1185/1367 1183/1381 1189/1382 1186/1368
f 1181/1264 1186/1263 1189/1169 1165/1380
f 1184/1383 1190/1384 1189/1382 1183/1381
f 1179/1372 1188/1371 1193/1385 1194/1188
f 1180/1204 1179/1203 1194/1233 1195/1234
f 1188/1370 1187/1369 1198/1386 1193/1387
f 1187/1177 1180/1176 1195/1182 1198/1183
f 1192/1189 1191/1190 1199/1191 1200/1192
f 1194/1188 1193/1385 1200/1192 1199/1191
f 1193/1387 1198/1386 1201/1388 1200/1389
f 1197/1353 1196/1354 1201/1277 1202/1278
f 1198/1183 1195/1182 1202/1278 1201/1277
f 1202/1390 1199/1319 1191/1320 1197/1287
f 1199/1319 1202/1390 1195/1234 1194/1233
f 1196/1391 1192/1392 1200/1389 1201/1388
f 1159/1376 1183/1375 1185/1374 1182/1373
o Storey02_Floor
v 8.300000 0.199995 2.800000
v 5.300000 0.199995 2.800000
v 5.300000 3.179996 2.800000
v 8.300000 3.179996 2.800000
v 8.300000 3.279995 2.800000
v 3.400000 0.199996 2.800000
v 8.300000 5.199995 2.800000
v 0.200000 5.199995 2.800000
v 5.200000 3.279995 2.800000
v 3.400000 2.199995 2.800000
v 5.200000 2.199995 2.800000
v 5.200000 2.299995 2.800000
v 5.200000 0.199996 2.800000
v 3.300000 2.299993 2.800000
v 3.300000 0.199995 2.800000
v 0.200000 0.199997 2.800000
v 5.200000 5.199995 2.800000
vt 0.062316 0.922804
vt 0.062383 0.728526
vt 0.278247 0.728600
vt 0.278180 0.922878
vt 0.455270 0.994135
vt 0.131474 0.994135
vt 0.131474 0.672497
vt 0.455270 0.672497
vt 0.333729 0.459203
vt 0.540959 0.998865
vt 0.227955 0.664275
vt 0.227955 0.459203
vt 0.001298 0.998865
vt 0.001298 0.664275
vt 0.333787 0.793716
vt 0.333787 0.459126
vt 0.541017 0.459126
vt 0.541017 0.793716
vt 0.540959 0.459203
usemtl Interior_Mat
s off
f 1208/1393 1215/1394 1213/1395 1212/1396
f 1206/1397 1205/1398 1204/1399 1203/1400
f 1211/1401 1210/1402 1216/1403 1214/1404
f 1216/1403 1210/1402 1218/1405 1217/1406
f 1211/1407 1207/1408 1209/1409 1219/1410
f 1211/1401 1219/1411 1210/1402
o Storey02_DoorFrames
v 4.759999 2.299993 2.800001
v 3.839999 2.299996 2.800001
v 3.849998 2.299996 2.809997
v 4.749999 2.299993 2.809997
v 3.849998 2.249995 2.810001
v 3.849998 2.299996 4.910000
v 3.849998 2.249995 4.910000
v 4.749999 2.249993 2.809997
v 4.749999 2.249993 4.910000
v 4.749999 2.299993 4.910000
v 3.859998 2.249995 2.820003
v 4.739999 2.249993 2.820001
v 4.739999 2.249993 4.900000
v 4.739999 2.199992 4.900000
v 3.859998 2.199994 4.900000
v 3.859998 2.249995 4.900000
v 3.839999 2.199994 2.800001
v 4.759999 2.199992 2.800001
v 4.739999 2.199992 2.820001
v 3.859998 2.199994 2.820001
v 4.759999 2.199992 4.920002
v 3.839999 2.299996 4.920002
v 3.839999 2.199994 4.920002
v 4.759999 2.299993 4.920002
v 8.299998 4.699995 2.800001
v 8.299996 3.779995 2.800001
v 8.299996 3.789993 2.809997
v 8.299998 4.689995 2.809997
v 8.349998 3.789993 2.810001
v 8.299996 3.789993 4.910000
v 8.349998 3.789993 4.910000
v 8.349998 4.689995 2.809997
v 8.349998 4.689995 4.910000
v 8.299998 4.689995 4.910000
v 8.299996 3.779995 4.920002
v 8.299998 4.699995 4.920002
v 6.380002 3.180002 2.800001
v 7.300002 3.180000 2.800001
v 7.290004 3.180000 2.809997
v 6.390002 3.180002 2.809997
v 7.290004 3.230001 2.810001
v 7.290004 3.180000 4.910000
v 7.290004 3.230001 4.910000
v 6.390002 3.230001 2.809997
v 6.390002 3.230001 4.910000
v 6.390002 3.180002 4.910000
v 7.280004 3.230001 2.820003
v 6.400002 3.230001 2.820001
v 6.400002 3.230001 4.900000
v 6.400002 3.280003 4.900000
v 7.280004 3.280003 4.900000
v 7.280004 3.230001 4.900000
v 7.300002 3.280003 2.800001
v 6.380002 3.280003 2.800001
v 6.400002 3.280003 2.820001
v 7.280004 3.280003 2.820001
v 6.380002 3.280003 4.920002
v 7.300002 3.180000 4.920002
v 7.300002 3.280003 4.920002
v 6.380002 3.180002 4.920002
vt 0.987440 0.376873
vt 0.987359 0.614747
vt 0.983279 0.612199
vt 0.983332 0.380980
vt 0.971918 0.285876
vt 0.982830 0.285878
vt 0.982709 0.744149
vt 0.971799 0.744146
vt 0.953188 0.283817
vt 0.964092 0.283820
vt 0.963971 0.741848
vt 0.953067 0.741845
vt 0.952638 0.382969
vt 0.965479 0.382973
vt 0.965428 0.614120
vt 0.952587 0.614117
vt 0.970486 0.380977
vt 0.970434 0.612196
vt 0.966467 0.609662
vt 0.966494 0.384966
vt 0.969444 0.385507
vt 0.982207 0.385509
vt 0.982181 0.610133
vt 0.969418 0.610131
vt 0.948592 0.614766
vt 0.948620 0.379856
vt 0.953727 0.384965
vt 0.953700 0.609661
vt 0.953181 0.293834
vt 0.963956 0.293835
vt 0.963938 0.742054
vt 0.953164 0.742054
vt 0.972046 0.286079
vt 0.982813 0.286080
vt 0.982795 0.733996
vt 0.972029 0.733996
vt 0.990834 0.278188
vt 0.990751 0.738386
vt 0.991076 0.277849
vt 0.990848 0.746421
vt 0.987313 0.380404
vt 0.987285 0.615238
vt 0.945202 0.750015
vt 0.945283 0.289572
vt 0.948453 0.618193
vt 0.948534 0.380359
vt 0.944928 0.749977
vt 0.945157 0.281700
vt 0.987126 0.378912
vt 0.987126 0.614124
vt 0.983091 0.611606
vt 0.983065 0.382974
vt 0.952308 0.284058
vt 0.963319 0.284055
vt 0.963422 0.746525
vt 0.952413 0.746527
vt 0.980027 0.278088
vt 0.991068 0.278086
vt 0.991171 0.741818
vt 0.980130 0.741820
vt 0.957387 0.381634
vt 0.970079 0.381633
vt 0.970106 0.610092
vt 0.957413 0.610094
vt 0.970389 0.611607
vt 0.970364 0.382975
vt 0.971637 0.275948
vt 0.971637 0.748814
vt 0.953329 0.614124
vt 0.953328 0.379056
vt 0.971895 0.750057
vt 0.971895 0.275948
vt 0.948291 0.618193
vt 0.948407 0.380314
vt 0.952486 0.382863
vt 0.952399 0.614087
vt 0.971829 0.286055
vt 0.982741 0.286052
vt 0.982843 0.744324
vt 0.971933 0.744326
vt 0.983232 0.611944
vt 0.970391 0.611945
vt 0.970364 0.380800
vt 0.983206 0.380799
vt 0.965245 0.614092
vt 0.965333 0.382868
vt 0.969298 0.385403
vt 0.969237 0.610104
vt 0.966426 0.609412
vt 0.953663 0.609415
vt 0.953612 0.384792
vt 0.966375 0.384790
vt 0.987173 0.380301
vt 0.987110 0.615216
vt 0.982004 0.610107
vt 0.982066 0.385406
vt 0.953095 0.294022
vt 0.963871 0.294018
vt 0.964072 0.742238
vt 0.953297 0.742243
vt 0.982867 0.733993
vt 0.972101 0.733995
vt 0.990983 0.278019
vt 0.990983 0.746592
vt 0.948559 0.614521
vt 0.948505 0.379689
vt 0.945339 0.750208
vt 0.945195 0.289764
vt 0.987338 0.376721
vt 0.987338 0.614552
vt 0.945005 0.749981
vt 0.945142 0.281709
usemtl Interior_Mat
s off
f 1220/1412 1221/1413 1222/1414 1223/1415
f 1224/1416 1222/1417 1225/1418 1226/1419
f 1223/1420 1227/1421 1228/1422 1229/1423
f 1229/1424 1228/1425 1226/1426 1225/1427
f 1227/1428 1224/1429 1230/1430 1231/1431
f 1232/1432 1233/1433 1234/1434 1235/1435
f 1232/1432 1235/1435 1226/1426 1228/1425
f 1236/1436 1237/1437 1238/1438 1239/1439
f 1239/1440 1230/1441 1235/1442 1234/1443
f 1231/1444 1238/1445 1233/1446 1232/1447
f 1239/1439 1238/1438 1231/1431 1230/1430
f 1224/1429 1227/1428 1223/1415 1222/1414
f 1224/1416 1226/1419 1235/1442 1230/1441
f 1237/1448 1240/1449 1233/1446 1238/1445
f 1225/1418 1222/1417 1221/1450 1241/1451
f 1240/1452 1242/1453 1234/1434 1233/1433
f 1242/1454 1236/1455 1239/1440 1234/1443
f 1229/1424 1225/1427 1241/1456 1243/1457
f 1243/1458 1220/1459 1223/1420 1229/1423
f 1231/1444 1232/1447 1228/1422 1227/1421
f 1244/1460 1245/1461 1246/1462 1247/1463
f 1248/1464 1246/1465 1249/1466 1250/1467
f 1247/1468 1251/1469 1252/1470 1253/1471
f 1253/1472 1252/1473 1250/1474 1249/1475
f 1248/1476 1251/1477 1247/1463 1246/1462
f 1249/1466 1246/1465 1245/1478 1254/1479
f 1253/1472 1249/1475 1254/1480 1255/1481
f 1255/1482 1244/1483 1247/1468 1253/1471
f 1256/1484 1257/1485 1258/1486 1259/1487
f 1260/1488 1258/1489 1261/1490 1262/1491
f 1259/1420 1263/1421 1264/1422 1265/1423
f 1265/1492 1264/1493 1262/1494 1261/1495
f 1263/1496 1260/1497 1266/1498 1267/1499
f 1268/1500 1269/1501 1270/1502 1271/1503
f 1268/1500 1271/1503 1262/1494 1264/1493
f 1272/1504 1273/1505 1274/1506 1275/1507
f 1275/1508 1266/1509 1271/1510 1270/1511
f 1267/1444 1274/1445 1269/1512 1268/1513
f 1275/1507 1274/1506 1267/1499 1266/1498
f 1260/1497 1263/1496 1259/1487 1258/1486
f 1260/1488 1262/1491 1271/1510 1266/1509
f 1273/1448 1276/1449 1269/1512 1274/1445
f 1261/1490 1258/1489 1257/1514 1277/1515
f 1276/1516 1278/1517 1270/1502 1269/1501
f 1278/1518 1272/1519 1275/1508 1270/1511
f 1265/1492 1261/1495 1277/1520 1279/1521
f 1279/1522 1256/1523 1259/1420 1265/1423
f 1267/1444 1268/1513 1264/1422 1263/1421
o Storey02_Walls
v 5.300000 0.199996 2.850000
v 5.200000 0.199996 2.850000
v 0.200000 0.199996 2.849999
v 8.300000 5.199995 2.850000
v 0.200000 5.199995 2.849999
v 3.400000 0.199996 2.850000
v 5.200000 2.199995 2.850000
v 5.300000 0.199996 5.250000
v 3.299999 0.199996 2.849999
v 5.300000 3.179996 2.850000
v 8.300000 3.179996 5.250000
v 5.200000 0.199996 5.250000
v 0.200000 0.199996 5.250000
v 8.300000 5.199995 5.250000
v 0.200000 5.199995 5.250000
v 3.400000 0.199996 5.250000
v 5.200000 2.199995 5.250000
v 8.300000 3.779995 2.800001
v 7.300000 3.179996 2.800001
v 3.299999 0.199996 5.250000
v 5.300000 3.179996 5.250000
v 8.300000 0.199996 2.850000
v 8.300000 0.199996 5.250000
v 8.300000 3.179996 2.850000
v 8.300000 4.699995 2.800001
v 8.300000 3.279995 5.250000
v 5.190000 3.289995 2.849999
v 8.300000 3.279995 2.850000
v 3.400000 2.199995 5.250000
v 3.400000 2.199995 2.850000
v 3.299999 2.299995 5.250000
v 3.299999 2.299995 2.849999
v 6.380000 3.179996 2.800001
v 5.200000 2.299995 2.849999
v 3.840000 2.199995 2.800001
v 4.760000 2.199995 2.800001
v 5.200000 2.299995 5.250000
v 3.840000 2.299995 2.800000
v 5.200000 3.279995 5.250000
v 4.760000 2.299995 2.800000
v 5.200000 3.279995 2.849999
v 6.380000 3.279995 2.800000
v 7.300000 3.279995 2.800001
v 8.300000 3.729996 2.850000
v 6.380000 3.279995 4.920000
v 8.289999 3.289995 2.850000
v 5.190000 3.289995 5.250000
v 6.330000 3.279995 4.970000
v 8.289999 3.729996 2.850000
v 8.289999 4.699995 2.800001
v 5.190000 2.309996 5.300001
v 8.289999 5.189996 5.250000
v 3.289999 2.309996 2.800000
v 5.190000 3.289995 2.800000
v 7.350000 3.279995 2.850000
v 5.190000 2.309996 2.800000
v 8.289999 3.289995 5.250000
v 8.300000 4.749995 2.850000
v 7.350000 3.179996 2.850000
v 6.380000 3.179996 4.920001
v 3.289999 0.209996 2.800000
v 6.330000 3.279995 2.849999
v 6.330000 3.179996 4.970001
v 6.330000 3.179996 2.850000
v 8.289999 3.779995 2.800001
v 4.810000 2.199995 2.850000
v 8.289999 5.189996 2.850000
v 4.810000 2.299995 2.849999
v 8.289999 5.189996 5.300000
v 3.790000 2.199995 2.850000
v 4.760000 2.309996 2.800000
v 3.790000 2.299995 2.849999
v 7.300000 3.179996 4.920001
v 8.300000 4.699995 4.920001
v 8.300000 3.779995 4.920001
v 5.190000 3.289995 5.300001
v 3.840000 2.199995 4.920001
v 4.760000 2.199995 4.920001
v 3.840000 2.299995 4.920000
v 4.760000 2.299995 4.920000
v 5.190000 2.309996 5.250000
v 7.300000 3.279995 4.920001
v 8.300000 3.729996 4.970001
v 7.350000 3.279995 4.970001
v 8.300000 4.749995 4.970001
v 7.350000 3.179996 4.970001
v 5.190000 2.309996 2.849999
v 0.210000 0.209995 2.800000
v 4.810000 2.199995 4.970001
v 4.810000 2.299995 4.969999
v 3.790000 2.199995 4.970001
v 3.790000 2.299995 4.969999
v 3.289999 2.309996 5.250000
v 6.380000 3.289997 4.920000
v 7.300000 3.289997 2.800001
v 3.289999 2.309996 5.300001
v 8.289999 4.749995 2.850000
v 8.289999 3.729996 4.970001
v 8.289999 5.189996 2.800001
v 3.289999 0.209996 5.250000
v 3.289999 0.209996 2.849999
v 8.289999 4.699995 4.920001
v 6.380000 3.289997 2.800000
v 0.210000 5.189996 2.849999
v 0.210000 5.189996 2.800000
v 0.210000 0.209995 5.300001
v 3.289999 2.309996 2.849999
v 3.289999 0.209996 5.300001
v 8.289999 3.779995 4.920001
v 8.289999 4.749995 4.970001
v 8.289999 3.289995 2.800001
v 8.289999 3.289995 5.300000
v 0.210000 0.209995 2.849999
v 3.840000 2.309996 2.800000
v 6.330000 3.289997 4.970000
v 0.210000 0.209995 5.250000
v 7.350000 3.289997 2.850000
v 6.330000 3.289997 2.849999
v 7.300000 3.289997 4.920001
v 7.350000 3.289997 4.970001
v 0.210000 5.189996 5.250000
v 0.210000 5.189996 5.300001
v 4.810000 2.309996 2.849999
v 3.790000 2.309996 2.849999
v 3.840000 2.309996 4.920000
v 4.760000 2.309996 4.920000
v 4.810000 2.309996 4.969999
v 3.790000 2.309996 4.969999
v 3.410000 2.189996 2.850000
v 3.410000 2.189996 5.250000
v 5.190000 2.189996 2.850000
v 3.410000 2.189996 5.300000
v 5.190000 2.189996 5.300000
v 5.190000 2.189996 5.250000
v 4.760000 2.189996 2.800001
v 3.840000 2.189996 2.800001
v 5.190000 2.189996 2.800001
v 3.410000 2.189996 2.800001
v 4.810000 2.189996 2.850000
v 3.790000 2.189996 2.850000
v 3.840000 2.189996 4.920001
v 4.760000 2.189996 4.920001
v 4.810000 2.189996 4.970001
v 3.790000 2.189996 4.970001
v 5.190000 0.209995 2.850000
v 3.410000 0.209995 2.850000
v 5.190000 0.209995 5.250000
v 3.410000 0.209995 5.250000
v 5.190000 0.209995 5.300000
v 3.410000 0.209995 5.300000
v 5.190000 0.209995 2.800001
v 3.410000 0.209995 2.800001
v 5.310000 3.169995 2.850000
v 5.310000 3.169995 5.300000
v 8.290000 3.169995 2.850000
v 5.310000 3.169995 5.250000
v 8.290000 3.169995 5.250000
v 7.300000 3.169995 2.800001
v 8.290000 3.169995 5.300000
v 6.380000 3.169995 2.800001
v 5.310000 3.169995 2.800001
v 8.290000 3.169995 2.800001
v 7.350000 3.169995 2.850000
v 6.380000 3.169995 4.920001
v 6.330000 3.169995 4.970001
v 6.330000 3.169995 2.850000
v 7.300000 3.169995 4.920001
v 7.350000 3.169995 4.970001
v 5.310000 0.209995 2.850000
v 5.310000 0.209995 5.250000
v 8.290000 0.209995 2.850000
v 8.290000 0.209995 5.250000
v 5.310000 0.209995 5.300000
v 8.290000 0.209995 5.300000
v 5.310000 0.209995 2.800001
v 8.290000 0.209995 2.800001
v 0.210000 2.699995 5.250000
v 0.200000 2.699995 5.250000
v 0.210000 2.699995 5.300001
v 0.210000 2.699995 2.800000
v 0.200000 2.699995 2.849999
v 0.210000 2.699995 2.849999
v 2.900000 5.199995 2.849999
v 5.600000 5.199995 2.850000
v 2.903333 5.189996 2.800000
v 5.596666 5.189996 2.800001
v 2.903333 5.189996 2.849999
v 5.596666 5.189996 2.850000
v 2.900000 5.199995 5.250000
v 5.600000 5.199995 5.250000
v 2.903333 5.189996 5.250000
v 5.596666 5.189996 5.250000
v 2.903333 5.189996 5.300001
v 5.596666 5.189996 5.300000
v 5.300000 0.199996 2.850000
v 5.200000 0.199996 2.850000
v 0.200000 0.199996 2.849999
v 8.300000 5.199995 2.850000
v 0.200000 5.199995 2.849999
v 3.400000 0.199996 2.850000
v 5.200000 2.199995 2.850000
v 0.200000 2.699995 2.849999
v 5.300000 0.199996 5.250000
v 3.299999 0.199996 2.849999
v 5.300000 3.179996 2.850000
v 0.200000 4.539995 3.650005
v 0.200000 3.059996 3.650005
v 0.200000 2.339995 3.650005
v 0.200000 0.859996 3.650005
v 8.300000 3.179996 5.250000
v 5.200000 0.199996 5.250000
v 0.200000 0.199996 5.250000
v 8.300000 5.199995 5.250000
v 0.200000 5.199995 5.250000
v 3.400000 0.199996 5.250000
v 5.200000 2.199995 5.250000
v 0.200000 2.699995 5.250000
v 7.350000 3.179996 2.850000
v 3.299999 0.199996 5.250000
v 5.300000 3.179996 5.250000
v 0.200000 4.539995 5.129999
v 0.200000 3.059996 5.129999
v 0.200000 2.339995 5.129999
v 0.200000 0.859996 5.129999
v 8.300000 0.199996 2.850000
v 8.300000 0.199996 5.250000
v 8.300000 3.179996 2.850000
v 8.300000 0.479995 3.650000
v 8.300000 0.479995 5.130000
v 8.300000 1.959995 3.650000
v 8.300000 1.959995 5.130000
v 8.300000 4.749995 2.850000
v 8.300000 3.279995 5.250000
v 8.300000 3.729996 2.850000
v 8.300000 4.749995 4.970000
v 8.300000 3.729996 4.970000
v 8.300000 3.279995 2.850000
v 3.400000 2.199995 5.250000
v 3.400000 2.199995 2.850000
v 3.299999 2.299995 5.250000
v 3.299999 2.299995 2.849999
v 6.330000 3.179996 2.850000
v 7.350000 3.179996 4.970000
v 6.330000 3.179996 4.970000
v 5.200000 2.299995 2.849999
v 3.790000 2.199995 2.850000
v 4.810000 2.199995 2.850000
v 5.200000 2.299995 5.250000
v 3.790000 2.199995 4.970000
v 4.810000 2.199995 4.970000
v 3.790000 2.299995 2.849999
v 5.200000 3.279995 5.250000
v 3.790000 2.299995 4.970000
v 4.810000 2.299995 4.970000
v 4.810000 2.299995 2.849999
v 5.200000 3.279995 2.849999
v 6.330000 3.279995 2.849999
v 7.350000 3.279995 4.970000
v 7.350000 3.279995 2.850000
v 6.330000 3.279995 4.970000
v 4.250000 5.199995 5.250000
v 4.250000 5.199995 2.849999
vt 0.579768 0.256130
vt 0.664006 0.256130
vt 0.662134 0.254258
vt 0.579768 0.254258
vt 0.854078 0.247878
vt 0.847046 0.254911
vt 0.548874 0.254910
vt 0.555906 0.247879
vt 0.854078 0.247670
vt 0.847046 0.254703
vt 0.548870 0.254702
vt 0.555902 0.247670
vt 0.550365 0.258076
vt 0.877811 0.258077
vt 0.883499 0.252389
vt 0.556053 0.252388
vt 0.990047 0.243590
vt 0.557586 0.243590
vt 0.550063 0.251113
vt 0.982523 0.251113
vt 0.643327 0.244770
vt 0.570321 0.244770
vt 0.572194 0.246642
vt 0.643327 0.246642
vt 0.549477 0.257346
vt 0.841628 0.257347
vt 0.840064 0.252335
vt 0.554547 0.252275
vt 0.724469 0.244171
vt 0.550114 0.244170
vt 0.550096 0.247213
vt 0.724451 0.247213
vt 0.854036 0.247660
vt 0.548828 0.254691
vt 0.557151 0.259041
vt 0.731506 0.259041
vt 0.731524 0.255998
vt 0.557169 0.255998
vt 0.854078 0.242456
vt 0.555902 0.242456
vt 0.847088 0.259979
vt 0.548906 0.259978
vt 0.548864 0.254774
vt 0.847046 0.254775
vt 0.847054 0.254688
vt 0.847088 0.259907
vt 0.548912 0.259905
vt 0.662134 0.244899
vt 0.570409 0.244899
vt 0.557263 0.247608
vt 0.565809 0.256154
vt 0.723069 0.256154
vt 0.731615 0.247608
vt 0.722882 0.244737
vt 0.565619 0.244736
vt 0.565605 0.247481
vt 0.722867 0.247481
vt 0.565716 0.247451
vt 0.722977 0.247451
vt 0.557058 0.256028
vt 0.731415 0.256028
vt 0.853646 0.254817
vt 0.846614 0.247784
vt 0.548436 0.247785
vt 0.555468 0.254816
vt 0.572194 0.256002
vt 0.652686 0.256002
vt 0.716426 0.244222
vt 0.559163 0.244274
vt 0.559149 0.247019
vt 0.716412 0.246966
vt 0.854078 0.242664
vt 0.555895 0.242665
vt 0.854036 0.247868
vt 0.923516 0.244340
vt 0.548680 0.244339
vt 0.550232 0.250855
vt 0.923603 0.250855
vt 0.548786 0.260109
vt 0.846962 0.260109
vt 0.548828 0.254905
vt 0.566121 0.254119
vt 0.733523 0.254119
vt 0.733523 0.245215
vt 0.557217 0.245215
vt 0.854036 0.242674
vt 0.847088 0.260115
vt 0.548917 0.260114
vt 0.557040 0.259071
vt 0.731396 0.259071
vt 0.851942 0.249746
vt 0.551075 0.249682
vt 0.551073 0.257599
vt 0.851940 0.257664
vt 0.548830 0.259892
vt 0.847012 0.259892
vt 0.555426 0.260020
vt 0.853604 0.260021
vt 0.549742 0.253000
vt 0.748007 0.252999
vt 0.756702 0.244304
vt 0.549742 0.244303
vt 0.738914 0.244690
vt 0.557374 0.244690
vt 0.559155 0.247827
vt 0.738938 0.247828
vt 0.854036 0.242539
vt 0.883499 0.244593
vt 0.556053 0.244592
vt 0.570277 0.254118
vt 0.663872 0.254118
vt 0.673232 0.244759
vt 0.876128 0.244550
vt 0.548680 0.244549
vt 0.550290 0.250237
vt 0.877736 0.250237
vt 0.852525 0.249605
vt 0.550096 0.249604
vt 0.550096 0.257563
vt 0.852525 0.257563
vt 0.579677 0.255979
vt 0.650811 0.254107
vt 0.579677 0.254107
vt 0.733586 0.248704
vt 0.559891 0.248703
vt 0.559891 0.257565
vt 0.733586 0.257565
vt 0.857284 0.244403
vt 0.549534 0.244403
vt 0.558689 0.257994
vt 0.732384 0.257994
vt 0.735385 0.254994
vt 0.561690 0.254994
vt 0.854078 0.247534
vt 0.847046 0.254567
vt 0.548861 0.254566
vt 0.555893 0.247534
vt 0.724963 0.255510
vt 0.550605 0.255570
vt 0.731796 0.245703
vt 0.558101 0.245703
vt 0.550054 0.258661
vt 0.982514 0.258662
vt 0.555851 0.242330
vt 0.854036 0.242330
vt 0.566141 0.257040
vt 0.735321 0.257041
vt 0.551503 0.256430
vt 0.748036 0.256429
vt 0.550587 0.258613
vt 0.724945 0.258553
vt 0.847088 0.259771
vt 0.548904 0.259770
vt 0.735385 0.246132
vt 0.561690 0.246132
vt 0.574757 0.254378
vt 0.657122 0.254378
vt 0.666482 0.245018
vt 0.574757 0.245018
vt 0.572885 0.256250
vt 0.657122 0.256250
vt 0.550172 0.258363
vt 0.925011 0.258364
vt 0.923460 0.251848
vt 0.550085 0.251848
vt 0.550290 0.258033
vt 0.877736 0.258034
vt 0.572149 0.255990
vt 0.663873 0.255990
vt 0.650811 0.244747
vt 0.570318 0.244747
vt 0.846656 0.242580
vt 0.548479 0.242581
vt 0.923603 0.258353
vt 0.722992 0.244706
vt 0.565731 0.244706
vt 0.923460 0.244350
vt 0.550085 0.244350
vt 0.857776 0.244354
vt 0.555346 0.244354
vt 0.550774 0.258480
vt 0.948308 0.258481
vt 0.946777 0.251569
vt 0.550225 0.251568
vt 0.557213 0.251139
vt 0.985789 0.251247
vt 0.985800 0.243766
vt 0.557223 0.243659
vt 0.986729 0.243905
vt 0.549211 0.243904
vt 0.550537 0.251409
vt 0.979118 0.251516
vt 0.549601 0.258750
vt 0.987115 0.258751
vt 0.550527 0.258889
vt 0.979107 0.258997
vt 0.946206 0.244356
vt 0.548680 0.244356
vt 0.550211 0.251268
vt 0.946755 0.251268
vt 0.946777 0.244207
vt 0.550225 0.244207
vt 0.653708 0.246667
vt 0.582575 0.246667
vt 0.573215 0.256026
vt 0.653708 0.256027
vt 0.554990 0.252486
vt 0.840500 0.252545
vt 0.840502 0.244525
vt 0.554991 0.244465
vt 0.550211 0.258630
vt 0.946755 0.258631
vt 0.565795 0.258899
vt 0.723054 0.258899
vt 0.655580 0.244795
vt 0.582575 0.244795
vt 0.731634 0.244565
vt 0.557281 0.244565
vt 0.549919 0.257556
vt 0.842064 0.257556
vt 0.836819 0.249480
vt 0.551306 0.249420
vt 0.551304 0.257440
vt 0.836817 0.257501
vt 0.840066 0.244315
vt 0.554549 0.244256
vt 0.841890 0.244410
vt 0.549742 0.244409
vt 0.733374 0.250106
vt 0.566113 0.250106
vt 0.733374 0.259003
vt 0.866982 0.244275
vt 0.549034 0.244274
vt 0.550559 0.249728
vt 0.861461 0.249796
vt 0.559155 0.256640
vt 0.747750 0.256640
vt 0.555959 0.252198
vt 0.866862 0.252265
vt 0.866864 0.244415
vt 0.555961 0.244346
vt 0.550438 0.257719
vt 0.868388 0.257719
vt 0.866858 0.252241
vt 0.861458 0.250052
vt 0.550559 0.249984
vt 0.550558 0.257835
vt 0.861456 0.257903
vt 0.866979 0.244531
vt 0.549034 0.244530
vt 0.715904 0.255760
vt 0.558643 0.255760
vt 0.550558 0.257579
vt 0.861459 0.257647
vt 0.557228 0.251158
vt 0.978786 0.251262
vt 0.978793 0.243904
vt 0.557235 0.243799
vt 0.549742 0.258644
vt 0.980137 0.258645
vt 0.558628 0.258505
vt 0.715889 0.258505
vt 0.736313 0.247167
vt 0.566129 0.247187
vt 0.971946 0.250934
vt 0.550390 0.250829
vt 0.550384 0.258187
vt 0.971939 0.258292
vt 0.557229 0.250946
vt 0.978779 0.251051
vt 0.978786 0.243693
vt 0.557236 0.243588
vt 0.979433 0.243448
vt 0.549040 0.243447
vt 0.549742 0.258433
vt 0.980130 0.258433
vt 0.970712 0.251023
vt 0.550569 0.251064
vt 0.550566 0.258398
vt 0.970709 0.258357
vt 0.557025 0.250787
vt 0.977161 0.250891
vt 0.977167 0.243558
vt 0.557031 0.243454
vt 0.549565 0.258248
vt 0.978517 0.258249
vt 0.978171 0.243560
vt 0.549211 0.243707
vt 0.556885 0.250877
vt 0.977025 0.250981
vt 0.977031 0.243648
vt 0.556891 0.243544
vt 0.549424 0.258338
vt 0.978381 0.258339
vt 0.548894 0.258311
vt 0.927604 0.258312
vt 0.927660 0.251816
vt 0.555476 0.251728
vt 0.927661 0.244343
vt 0.555478 0.244254
vt 0.927798 0.244481
vt 0.549091 0.244480
vt 0.549036 0.250976
vt 0.921215 0.251064
vt 0.549034 0.258449
vt 0.921214 0.258538
vt 0.952716 0.243962
vt 0.552395 0.244027
vt 0.550096 0.250924
vt 0.945755 0.250924
vt 0.947837 0.244489
vt 0.549211 0.244488
vt 0.549643 0.251406
vt 0.945520 0.251437
vt 0.550096 0.258269
vt 0.945755 0.258269
vt 0.945520 0.258787
vt 0.549955 0.258294
vt 0.950269 0.258228
vt 0.952568 0.251331
vt 0.556915 0.251333
vt 0.549913 0.259083
vt 0.948538 0.259084
vt 0.948107 0.252166
vt 0.552229 0.252134
vt 0.952568 0.243986
vt 0.556915 0.243986
vt 0.948107 0.244817
vt 0.552230 0.244784
vt 0.548878 0.005110
vt 0.786557 0.005109
vt 0.723810 0.081167
vt 0.583104 0.081167
vt 0.583105 0.221872
vt 0.548880 0.233281
vt 0.752339 0.081176
vt 0.786564 0.233289
vt 0.752339 0.221880
vt 0.654794 0.302423
vt 0.825350 0.302423
vt 0.825350 0.529831
vt 0.654794 0.529831
vt 0.591485 0.206627
vt 0.688447 0.206628
vt 0.731223 0.233245
vt 0.548709 0.233245
vt 0.723810 0.221872
vt 0.611633 0.221880
vt 0.611633 0.081176
vt 0.656718 0.534743
vt 0.929650 0.534744
vt 0.904005 0.608014
vt 0.768456 0.608014
vt 0.929650 0.754555
vt 0.904005 0.743564
vt 0.548687 0.005107
vt 0.933677 0.005107
vt 0.933677 0.233248
vt 0.843395 0.233262
vt 0.548712 0.233263
vt 0.843394 0.005121
vt 0.591471 0.005104
vt 0.735949 0.206637
vt 0.638989 0.206638
vt 0.749222 0.534740
vt 0.749224 0.728909
vt 0.654888 0.754555
vt 0.654885 0.534741
vt 0.929650 0.754552
vt 0.842643 0.728908
vt 0.929652 0.754544
vt 0.656720 0.754545
vt 0.768456 0.743564
vt 0.656717 0.754555
vt 0.929648 0.534741
vt 0.842640 0.534743
vt 0.691742 0.503300
vt 0.788392 0.503300
vt 0.825346 0.529832
vt 0.682735 0.206610
vt 0.729314 0.233226
vt 0.585775 0.206610
vt 0.691742 0.302422
vt 0.844293 0.302426
vt 0.844293 0.529835
vt 0.788392 0.302424
vt 0.825345 0.302424
vt 0.729315 0.005083
vt 0.682736 0.005083
vt 0.748312 0.005107
vt 0.748312 0.233249
vt 0.641845 0.005106
vt 0.641845 0.233248
vt 0.585775 0.005086
vt 0.735949 0.005111
vt 0.688455 0.005104
vt 0.731232 0.005105
vt 0.638990 0.005113
usemtl Interior_Mat
s off
f 1337/1524 1283/1525 1346/1526 1376/1527
f 1414/1528 1418/1529 1422/1530 1421/1531
f 1437/1532 1442/1533 1447/1534 1446/1535
f 1288/1536 1311/1537 1386/1538 1380/1539
f 1305/1540 1318/1541 1326/1542 1336/1543
f 1349/1544 1309/1545 1408/1546 1419/1547
f 1285/1548 1281/1549 1424/1550 1425/1551
f 1365/1552 1342/1553 1444/1554 1447/1555
f 1445/1533 1439/1556 1443/1535 1444/1557
f 1371/1558 1369/1559 1406/1560 1407/1561
f 1312/1562 1339/1563 1443/1535 1439/1556
f 1323/1564 1362/1565 1377/1566 1328/1567
f 1376/1568 1329/1532 1381/1535 1389/1534
f 1338/1569 1365/1570 1447/1534 1442/1533
f 1376/1527 1346/1526 1378/1571 1329/1572
f 1423/1573 1420/1574 1421/1575 1422/1576
f 1353/1577 1354/1578 1388/1579 1381/1580
f 1404/1581 1407/1561 1406/1560 1405/1582
f 1388/1579 1377/1583 1389/1584 1381/1580
f 1393/1585 1403/1586 1407/1587 1404/1588
f 1419/1547 1408/1546 1417/1589 1415/1590
f 1361/1591 1324/1592 1373/1593 1398/1594
f 1344/1532 1328/1567 1377/1566 1388/1535
f 1322/1595 1361/1596 1398/1531 1374/1597
f 1304/1562 1353/1563 1381/1535 1329/1532
f 1460/1598 1282/1599 1392/1600 1461/1601
f 1369/1602 1347/1603 1402/1529 1406/1604
f 1396/1605 1325/1606 1390/1607 1374/1608
f 1357/1596 1315/1609 1414/1528 1421/1531
f 1345/1610 1368/1611 1422/1530 1418/1529
f 1362/1612 1364/1613 1389/1584 1377/1583
f 1331/1614 1336/1615 1391/1616 1348/1617
f 1364/1618 1337/1619 1376/1568 1389/1534
f 1358/1620 1317/1621 1393/1585 1404/1588
f 1306/1622 1397/1623 1382/1624 1333/1625
f 1343/1626 1289/1627 1432/1628 1445/1629
f 1370/1618 1349/1619 1419/1533 1423/1557
f 1402/1529 1350/1597 1405/1531 1406/1604
f 1354/1563 1297/1630 1344/1532 1388/1535
f 1380/1539 1386/1538 1332/1631 1340/1632
f 1386/1633 1403/1634 1393/1635 1332/1545
f 1310/1636 1299/1637 1379/1638 1372/1639
f 1360/1640 1372/1641 1375/1642 1330/1643
f 1347/1644 1313/1590 1366/1645 1402/1646
f 1326/1647 1360/1648 1330/1649 1355/1650
f 1293/1651 1305/1652 1336/1615 1331/1614
f 1313/1653 1320/1654 1306/1655 1366/1656
f 1396/1529 1374/1597 1398/1531 1399/1604
f 1382/1657 1397/1658 1394/1659 1373/1660
f 1399/1661 1398/1594 1373/1593 1394/1662
f 1318/1663 1316/1664 1360/1648 1326/1647
f 1363/1602 1334/1603 1396/1529 1399/1604
f 1336/1543 1326/1542 1355/1665 1391/1666
f 1324/1667 1321/1668 1382/1657 1373/1660
f 1334/1669 1307/1670 1325/1606 1396/1605
f 1320/1671 1341/1672 1397/1623 1306/1622
f 1327/1673 1363/1674 1399/1661 1394/1662
f 1341/1675 1327/1676 1394/1659 1397/1658
f 1366/1656 1306/1655 1333/1677 1335/1678
f 1325/1679 1328/1680 1344/1681 1390/1682
f 1307/1683 1323/1684 1328/1680 1325/1679
f 1457/1685 1294/1686 1400/1687 1456/1688
f 1372/1639 1379/1638 1387/1689 1375/1690
f 1311/1691 1351/1692 1403/1634 1386/1633
f 1402/1646 1366/1645 1335/1693 1350/1694
f 1351/1695 1371/1696 1407/1587 1403/1586
f 1461/1601 1392/1600 1367/1685 1459/1697
f 1359/1698 1358/1699 1404/1581 1405/1582
f 1319/1595 1359/1596 1405/1531 1350/1597
f 1456/1688 1400/1687 1401/1700 1458/1701
f 1316/1702 1310/1703 1372/1641 1360/1640
f 1469/1704 1293/1705 1331/1706 1471/1707
f 1392/1708 1380/1709 1340/1710 1367/1711
f 1419/1533 1415/1556 1420/1535 1423/1557
f 1299/1712 1292/1713 1395/1714 1379/1715
f 1282/1716 1288/1717 1380/1709 1392/1708
f 1379/1715 1395/1714 1385/1718 1387/1719
f 1462/1720 1284/1721 1383/1722 1466/1723
f 1471/1707 1331/1706 1348/1724 1473/1725
f 1410/1726 1418/1727 1414/1728 1416/1729
f 1409/1730 1413/1731 1412/1732 1411/1733
f 1466/1723 1383/1722 1384/1734 1464/1735
f 1356/1736 1357/1737 1421/1575 1420/1574
f 1286/1738 1345/1739 1418/1727 1410/1726
f 1368/1740 1370/1741 1423/1573 1422/1576
f 1308/1742 1296/1743 1413/1731 1409/1730
f 1314/1562 1356/1563 1420/1535 1415/1556
f 1426/1744 1427/1745 1429/1746 1428/1747
f 1425/1551 1424/1550 1430/1748 1431/1749
f 1291/1750 1295/1751 1427/1745 1426/1744
f 1434/1752 1442/1753 1437/1558 1441/1754
f 1296/1755 1291/1756 1426/1757 1413/1758
f 1445/1629 1432/1628 1440/1759 1439/1760
f 1427/1761 1409/1762 1411/1763 1429/1764
f 1295/1765 1308/1766 1409/1762 1427/1761
f 1281/1765 1286/1766 1410/1767 1424/1761
f 1408/1768 1425/1769 1431/1770 1417/1771
f 1309/1772 1285/1773 1425/1769 1408/1768
f 1446/1774 1447/1555 1444/1554 1443/1775
f 1413/1758 1426/1757 1428/1776 1412/1777
f 1435/1778 1436/1779 1438/1780 1433/1781
f 1424/1761 1410/1767 1416/1763 1430/1764
f 1300/1782 1290/1783 1436/1779 1435/1778
f 1352/1563 1298/1630 1437/1532 1446/1535
f 1339/1784 1352/1785 1446/1774 1443/1775
f 1342/1618 1343/1619 1445/1533 1444/1557
f 1303/1786 1338/1787 1442/1753 1434/1752
f 1451/1788 1449/1789 1452/1790 1453/1791
f 1448/1792 1450/1793 1455/1794 1454/1795
f 1302/1796 1287/1797 1449/1789 1451/1788
f 1280/1798 1301/1799 1450/1793 1448/1792
f 1436/1800 1451/1801 1453/1802 1438/1803
f 1450/1804 1434/1805 1441/1806 1455/1807
f 1301/1808 1303/1809 1434/1805 1450/1804
f 1290/1810 1302/1811 1451/1801 1436/1800
f 1449/1812 1435/1813 1433/1814 1452/1815
f 1287/1816 1300/1817 1435/1813 1449/1812
f 1432/1800 1448/1801 1454/1802 1440/1803
f 1289/1810 1280/1811 1448/1801 1432/1800
f 1292/1818 1457/1819 1456/1820 1395/1821
f 1395/1821 1456/1820 1458/1822 1385/1823
f 1284/1824 1460/1825 1461/1826 1383/1827
f 1383/1827 1461/1826 1459/1828 1384/1829
f 1283/1830 1463/1831 1467/1832 1346/1833
f 1463/1834 1462/1835 1466/1836 1467/1837
f 1346/1833 1467/1832 1465/1838 1378/1839
f 1467/1837 1466/1836 1464/1716 1465/1840
f 1294/1841 1468/1842 1470/1843 1400/1844
f 1468/1845 1469/1846 1471/1847 1470/1848
f 1400/1844 1470/1843 1472/1849 1401/1850
f 1470/1848 1471/1847 1473/1851 1472/1852
f 1481/1853 1478/1854 1485/1855 1486/1856
f 1481/1853 1486/1856 1501/1857 1496/1858
f 1487/1859 1481/1854 1496/1860 1502/1861
f 1475/1862 1479/1863 1494/1864 1490/1865
f 1514/1866 1515/1867 1512/1868 1492/1869
f 1500/1870 1493/1860 1496/1858 1501/1857
f 1502/1861 1496/1860 1491/1858 1503/1871
f 1476/1853 1488/1872 1503/1871 1491/1858
f 1485/1855 1478/1854 1493/1860 1500/1870
f 1476/1853 1481/1854 1487/1859 1488/1872
f 1506/1873 1504/1874 1507/1875 1509/1876
f 1507/1875 1504/1874 1505/1877 1508/1878
f 1541/1879 1477/1880 1492/1881 1540/1869
f 1491/1882 1498/1883 1483/1879 1476/1884
f 1477/1879 1511/1885 1514/1866 1492/1869
f 1539/1886 1531/1882 1512/1883 1537/1887
f 1521/1888 1523/1889 1499/1890 1484/1891
f 1505/1874 1504/1892 1474/1890 1482/1891
f 1522/1893 1489/1892 1499/1890 1523/1889
f 1499/1894 1482/1895 1474/1873 1484/1874
f 1510/1896 1508/1878 1505/1877 1489/1897
f 1506/1873 1509/1876 1510/1896 1489/1897
f 1506/1898 1489/1892 1522/1893 1497/1899
f 1517/1865 1528/1900 1529/1901 1495/1902
f 1532/1903 1519/1904 1527/1869 1533/1905
f 1517/1865 1518/1862 1525/1906 1528/1900
f 1479/1862 1518/1907 1517/1908 1494/1865
f 1490/1908 1495/1865 1480/1862 1475/1907
f 1529/1901 1526/1909 1480/1910 1495/1902
f 1520/1911 1519/1904 1532/1903 1530/1912
f 1520/1879 1483/1913 1498/1914 1519/1869
f 1524/1915 1527/1916 1531/1869 1535/1879
f 1534/1917 1533/1905 1527/1869 1524/1879
f 1535/1884 1531/1882 1539/1886 1536/1918
f 1513/1919 1516/1920 1512/1868 1515/1867
f 1538/1921 1537/1887 1512/1883 1516/1879
f 1478/1879 1541/1880 1540/1881 1493/1869
o Storey02_Ceiling
v 8.290000 0.209995 5.300001
v 5.310003 0.209995 5.300001
v 5.310003 3.169998 5.300001
v 8.290000 3.169998 5.300001
v 8.290000 3.289996 5.300001
v 3.410003 0.209996 5.300001
v 8.290000 5.189998 5.300001
v 0.210003 5.189998 5.300001
v 5.190000 3.289996 5.300001
v 3.410003 2.189998 5.300001
v 5.190000 2.189998 5.300001
v 5.190000 2.309997 5.300001
v 5.190000 0.209996 5.300001
v 3.290000 2.309994 5.300001
v 3.290000 0.209995 5.300001
v 0.210003 0.209998 5.300001
v 5.190000 5.189998 5.300001
vt 0.164005 0.074517
vt 0.342446 0.074517
vt 0.342446 0.234934
vt 0.164005 0.234934
vt 0.401798 0.007627
vt 0.401798 0.274388
vt 0.133235 0.274388
vt 0.133235 0.007627
vt 0.278920 0.450066
vt 0.190601 0.450066
vt 0.190600 0.278835
vt 0.450151 0.001260
vt 0.001345 0.278835
vt 0.001345 0.001261
vt 0.450047 0.450149
vt 0.278816 0.450149
vt 0.278815 0.170772
vt 0.450047 0.170772
vt 0.450152 0.450066
usemtl Interior_Mat
s off
f 1547/1922 1551/1923 1552/1924 1554/1925
f 1545/1926 1542/1927 1543/1928 1544/1929
f 1550/1930 1553/1931 1555/1932 1549/1933
f 1555/1932 1556/1934 1557/1935 1549/1933
f 1550/1936 1558/1937 1548/1938 1546/1939
f 1550/1930 1549/1933 1558/1940
o Exterior_Roof
v 0.200000 0.199996 5.600001
v 8.300000 0.199996 5.600001
v 8.300000 5.199995 5.600001
v 0.200000 5.199995 5.600001
v 4.250000 0.199996 5.600001
v 4.250000 5.199995 5.600001
v 0.200000 2.699995 5.600001
v 8.300000 2.699995 5.600001
v 4.250000 2.699995 5.600001
vt 0.617593 0.989786
vt 0.617593 0.756491
vt 0.761602 0.756491
vt 0.761602 0.989786
usemtl Exterior_Mat
s off
f 1567/1941 1566/1942 1561/1943 1564/1944
f 1565/1941 1567/1942 1564/1943 1562/1944
f 1563/1941 1560/1942 1566/1943 1567/1944
f 1559/1941 1563/1942 1567/1943 1565/1944
o Storey01_Doors
v 8.320004 3.959998 0.960001
v 8.320004 3.819996 0.960001
v 8.310003 3.819996 0.960001
v 8.310003 3.959998 0.960001
v 8.310003 3.819996 0.980002
v 8.310003 3.959998 0.980002
v 8.320004 3.819996 0.980002
v 8.320004 3.959998 0.980002
v 8.419997 3.819996 0.980002
v 8.419997 3.819996 0.960005
v 8.429997 3.819996 0.960005
v 8.429997 3.819996 0.980002
v 8.429997 3.959998 0.960005
v 8.429997 3.959998 0.980002
v 8.419997 3.959998 0.980002
v 8.419997 3.959998 0.960005
v 8.347003 3.867997 1.038002
v 8.347003 3.811997 1.038002
v 8.350003 3.809996 1.040003
v 8.350003 3.869998 1.040003
v 8.389997 3.869998 1.040003
v 8.389997 3.809996 1.040003
v 8.392997 3.811997 1.038002
v 8.392997 3.867997 1.038002
v 8.347003 3.867997 0.862001
v 8.350003 3.869998 0.860000
v 8.392997 3.867997 0.862004
v 8.389997 3.869998 0.860004
v 8.389997 3.809996 0.860004
v 8.392997 3.811997 0.862004
v 8.347003 3.811997 0.862001
v 8.350003 3.809996 0.860000
v 8.320004 3.845996 0.976002
v 8.320004 3.833997 0.976002
v 8.347003 3.833997 0.976002
v 8.347003 3.845996 0.976002
v 8.320004 3.833997 0.964002
v 8.347003 3.833997 0.964002
v 8.419997 3.845996 0.964002
v 8.419997 3.833997 0.964002
v 8.392997 3.833997 0.964002
v 8.392997 3.845996 0.964002
v 8.347003 3.845996 0.964002
v 8.320004 3.845996 0.964002
v 8.392997 3.845996 0.976002
v 8.392997 3.833997 0.976002
v 8.419997 3.833997 0.976002
v 8.419997 3.845996 0.976002
v 8.349992 3.789999 2.110002
v 8.349993 4.689998 2.110002
v 8.350014 4.689997 0.010000
v 8.350012 3.789998 0.010000
v 8.389987 3.789999 2.110006
v 8.390006 3.789998 0.010005
v 8.390007 4.690002 0.010000
v 8.389988 4.690003 2.110002
v 6.219982 3.959996 0.960001
v 6.219982 3.819995 0.960001
v 6.209982 3.819995 0.960001
v 6.209982 3.959996 0.960001
v 6.209982 3.819995 0.980002
v 6.209982 3.959996 0.980002
v 6.219982 3.819995 0.980002
v 6.219982 3.959996 0.980002
v 6.319977 3.819995 0.980002
v 6.319977 3.819995 0.960005
v 6.329977 3.819995 0.960005
v 6.329977 3.819995 0.980002
v 6.329977 3.959996 0.960005
v 6.329977 3.959996 0.980002
v 6.319977 3.959996 0.980002
v 6.319977 3.959996 0.960005
v 6.246983 3.867995 1.038002
v 6.246983 3.811995 1.038002
v 6.249983 3.809994 1.040003
v 6.249983 3.869996 1.040003
v 6.289976 3.869996 1.040003
v 6.289976 3.809994 1.040003
v 6.292976 3.811995 1.038002
v 6.292976 3.867995 1.038002
v 6.246983 3.867995 0.862001
v 6.249983 3.869996 0.860000
v 6.292976 3.867995 0.862004
v 6.289976 3.869996 0.860004
v 6.289976 3.809994 0.860004
v 6.292976 3.811995 0.862004
v 6.246983 3.811995 0.862001
v 6.249983 3.809994 0.860000
v 6.219982 3.845995 0.976002
v 6.219982 3.833995 0.976002
v 6.246983 3.833995 0.976002
v 6.246983 3.845995 0.976002
v 6.219982 3.833995 0.964002
v 6.246983 3.833995 0.964002
v 6.319977 3.845995 0.964002
v 6.319977 3.833995 0.964002
v 6.292976 3.833995 0.964002
v 6.292976 3.845995 0.964002
v 6.246983 3.845995 0.964002
v 6.219982 3.845995 0.964002
v 6.292976 3.845995 0.976002
v 6.292976 3.833995 0.976002
v 6.319977 3.833995 0.976002
v 6.319977 3.845995 0.976002
v 6.249971 3.789996 2.110002
v 6.249972 4.689996 2.110002
v 6.249993 4.689995 0.010000
v 6.249991 3.789996 0.010000
v 6.289967 3.789996 2.110006
v 6.289986 3.789996 0.010005
v 6.289986 4.689995 0.010000
v 6.289967 4.689996 2.110002
v 1.154980 3.475005 1.020002
v 1.154980 4.175004 1.020002
v 1.154980 4.175004 0.920002
v 1.154980 3.475005 0.920002
v 1.184980 3.475005 0.920006
v 1.184980 4.175004 0.920002
v 1.184980 4.175004 1.020002
v 1.184980 3.475005 1.020006
v 1.119983 3.545003 0.960001
v 1.119982 3.405003 0.960001
v 1.109982 3.405003 0.960001
v 1.109983 3.545003 0.960001
v 1.109982 3.405003 0.980002
v 1.109983 3.545003 0.980002
v 1.119982 3.405003 0.980002
v 1.119983 3.545003 0.980002
v 1.219977 3.405003 0.980002
v 1.219977 3.405003 0.960005
v 1.229977 3.405003 0.960005
v 1.229977 3.405003 0.980002
v 1.229977 3.545003 0.960005
v 1.229977 3.545003 0.980002
v 1.219977 3.545003 0.980002
v 1.219977 3.545003 0.960005
v 1.146983 3.453003 1.038002
v 1.146983 3.397005 1.038002
v 1.149982 3.395004 1.040003
v 1.149983 3.455003 1.040003
v 1.189977 3.455003 1.040003
v 1.189977 3.395004 1.040003
v 1.192976 3.397005 1.038002
v 1.192977 3.453003 1.038002
v 1.146983 3.453003 0.862001
v 1.149983 3.455003 0.860000
v 1.192977 3.453003 0.862004
v 1.189977 3.455003 0.860004
v 1.189977 3.395004 0.860004
v 1.192976 3.397005 0.862004
v 1.146983 3.397005 0.862001
v 1.149982 3.395004 0.860000
v 1.119983 3.431003 0.976002
v 1.119982 3.419005 0.976002
v 1.146983 3.419005 0.976002
v 1.146983 3.431003 0.976002
v 1.119982 3.419005 0.964002
v 1.146983 3.419005 0.964002
v 1.219977 3.431003 0.964002
v 1.219977 3.419005 0.964002
v 1.192977 3.419005 0.964002
v 1.192977 3.431003 0.964002
v 1.146983 3.431003 0.964002
v 1.119983 3.431003 0.964002
v 1.192977 3.431003 0.976002
v 1.192977 3.419005 0.976002
v 1.219977 3.419005 0.976002
v 1.219977 3.431003 0.976002
v 1.189967 3.375004 2.110005
v 1.189967 4.275004 2.110002
v 1.149972 4.275004 2.110002
v 1.149971 3.375004 2.110002
v 1.149972 4.175004 1.910003
v 1.149972 3.475005 1.910003
v 1.149992 3.375003 0.010000
v 1.189986 3.375003 0.010005
v 1.189967 3.475005 1.910007
v 1.189967 4.175004 1.910003
v 1.189986 4.275004 0.010000
v 1.189986 4.175004 0.210002
v 1.189986 3.475004 0.210006
v 1.149993 4.275003 0.010000
v 1.149993 4.175004 0.210002
v 1.149992 3.475004 0.210002
vt 0.807924 0.723564
vt 0.807924 0.572636
vt 0.818705 0.572638
vt 0.818704 0.723568
vt 0.840268 0.572639
vt 0.840266 0.723569
vt 0.818706 0.561857
vt 0.840269 0.561857
vt 0.851048 0.572640
vt 0.851047 0.723568
vt 0.825668 0.565198
vt 0.847225 0.565198
vt 0.847226 0.575976
vt 0.825668 0.575978
vt 0.847225 0.726905
vt 0.825667 0.726909
vt 0.814886 0.726908
vt 0.814888 0.575976
vt 0.858007 0.575973
vt 0.858007 0.726898
vt 0.806092 0.742538
vt 0.866464 0.742538
vt 0.868621 0.746426
vt 0.803936 0.746426
vt 0.868257 0.747260
vt 0.803572 0.747260
vt 0.805729 0.743372
vt 0.866101 0.743372
vt 0.806092 0.552796
vt 0.802206 0.744696
vt 0.802206 0.550639
vt 0.866101 0.553633
vt 0.869988 0.551477
vt 0.869988 0.745530
vt 0.801842 0.745529
vt 0.801842 0.551477
vt 0.805730 0.553633
vt 0.866464 0.552796
vt 0.870441 0.550640
vt 0.870441 0.744691
vt 0.858946 0.727371
vt 0.837388 0.727371
vt 0.837388 0.576440
vt 0.858946 0.576440
vt 0.821779 0.704928
vt 0.821779 0.691992
vt 0.850886 0.691992
vt 0.850886 0.704928
vt 0.803572 0.549746
vt 0.868257 0.549746
vt 0.821778 0.679056
vt 0.850886 0.679055
vt 0.850885 0.661905
vt 0.850885 0.674841
vt 0.821778 0.674841
vt 0.821778 0.661905
vt 0.847227 0.737687
vt 0.825669 0.737691
vt 0.803936 0.548909
vt 0.868621 0.548909
vt 0.835374 0.732551
vt 0.813811 0.732550
vt 0.813811 0.581619
vt 0.835374 0.581619
vt 0.850886 0.717865
vt 0.821779 0.717865
vt 0.850885 0.666120
vt 0.821778 0.666120
vt 0.821778 0.700714
vt 0.821778 0.687778
vt 0.850886 0.687778
vt 0.850886 0.700714
vt 0.821779 0.713651
vt 0.850887 0.713651
vt 0.840265 0.734351
vt 0.818702 0.734350
vt 0.793560 0.991813
vt 0.403700 0.991813
vt 0.403700 0.082141
vt 0.793560 0.082141
vt 0.775500 0.991813
vt 0.758175 0.991811
vt 0.758175 0.082149
vt 0.775500 0.082151
vt 0.403702 0.973750
vt 0.403702 0.956426
vt 0.793563 0.956426
vt 0.793564 0.973750
vt 0.776211 0.082142
vt 0.793536 0.082143
vt 0.793534 0.991848
vt 0.776211 0.991848
vt 0.403696 0.974485
vt 0.793556 0.974485
vt 0.814114 0.724214
vt 0.814114 0.573287
vt 0.824894 0.573288
vt 0.824894 0.724213
vt 0.846459 0.573291
vt 0.846458 0.724213
vt 0.824893 0.562500
vt 0.846461 0.562507
vt 0.857239 0.573288
vt 0.857237 0.724208
vt 0.824653 0.565847
vt 0.846210 0.565846
vt 0.846211 0.576626
vt 0.824654 0.576625
vt 0.846210 0.727553
vt 0.824653 0.727556
vt 0.813872 0.727556
vt 0.813873 0.576625
vt 0.856992 0.576624
vt 0.856992 0.727549
vt 0.806002 0.743052
vt 0.866374 0.743052
vt 0.868531 0.746940
vt 0.803846 0.746940
vt 0.868710 0.746422
vt 0.804025 0.746423
vt 0.806182 0.742535
vt 0.866554 0.742534
vt 0.806002 0.553310
vt 0.802115 0.745210
vt 0.802115 0.551153
vt 0.866555 0.552796
vt 0.802295 0.744692
vt 0.802295 0.550640
vt 0.806183 0.552796
vt 0.866374 0.553311
vt 0.870261 0.551153
vt 0.870261 0.745209
vt 0.835550 0.727371
vt 0.813991 0.727371
vt 0.813991 0.576440
vt 0.835549 0.576440
vt 0.821779 0.647130
vt 0.821779 0.634195
vt 0.850886 0.634195
vt 0.850887 0.647130
vt 0.804026 0.548909
vt 0.868710 0.548909
vt 0.821778 0.621258
vt 0.850886 0.621258
vt 0.850886 0.612536
vt 0.850886 0.625472
vt 0.821778 0.625473
vt 0.821778 0.612536
vt 0.846213 0.738334
vt 0.824654 0.738338
vt 0.803846 0.549423
vt 0.868531 0.549423
vt 0.858774 0.732551
vt 0.837211 0.732551
vt 0.837211 0.581620
vt 0.858774 0.581620
vt 0.850887 0.660067
vt 0.821779 0.660067
vt 0.850886 0.608322
vt 0.821778 0.608322
vt 0.821779 0.651345
vt 0.821779 0.638409
vt 0.850886 0.638409
vt 0.850886 0.651345
vt 0.821779 0.664282
vt 0.850886 0.664282
vt 0.846460 0.734994
vt 0.824896 0.734998
vt 0.397847 0.991895
vt 0.007987 0.991895
vt 0.007987 0.082223
vt 0.397847 0.082223
vt 0.397851 0.991896
vt 0.380527 0.991894
vt 0.380527 0.082232
vt 0.397852 0.082234
vt 0.007986 0.974567
vt 0.397847 0.974567
vt 0.362432 0.082221
vt 0.379756 0.082221
vt 0.379755 0.991926
vt 0.362432 0.991926
vt 0.397846 0.973829
vt 0.007984 0.973830
vt 0.007985 0.956504
vt 0.397846 0.956504
vt 0.932378 0.044977
vt 0.932379 0.320677
vt 0.892993 0.320677
vt 0.892992 0.044977
vt 0.983579 0.044977
vt 0.983581 0.320677
vt 0.944195 0.320677
vt 0.944194 0.044977
vt 0.881178 0.320677
vt 0.881176 0.044977
vt 0.854981 0.579505
vt 0.854980 0.730259
vt 0.844212 0.730259
vt 0.844212 0.579505
vt 0.822675 0.730259
vt 0.822675 0.579504
vt 0.844212 0.741027
vt 0.822675 0.741027
vt 0.811907 0.730259
vt 0.811907 0.579503
vt 0.845705 0.733256
vt 0.824172 0.733255
vt 0.824172 0.722487
vt 0.845705 0.722488
vt 0.824171 0.571734
vt 0.845703 0.571733
vt 0.856473 0.571731
vt 0.856473 0.722489
vt 0.813404 0.722488
vt 0.813402 0.571734
vt 0.805566 0.743219
vt 0.865868 0.743221
vt 0.868022 0.747104
vt 0.803412 0.747102
vt 0.867325 0.746739
vt 0.802714 0.746738
vt 0.804870 0.742855
vt 0.865171 0.742856
vt 0.805568 0.553697
vt 0.801684 0.745374
vt 0.801686 0.551543
vt 0.865171 0.553338
vt 0.869053 0.551185
vt 0.869053 0.745011
vt 0.800988 0.745009
vt 0.800988 0.551184
vt 0.804871 0.553338
vt 0.865868 0.553697
vt 0.869750 0.551540
vt 0.869750 0.745375
vt 0.838206 0.579248
vt 0.859739 0.579248
vt 0.859741 0.730002
vt 0.838208 0.730002
vt 0.854603 0.645275
vt 0.854604 0.658196
vt 0.825529 0.658196
vt 0.825530 0.645275
vt 0.802716 0.549456
vt 0.867325 0.549456
vt 0.854604 0.671118
vt 0.825529 0.671118
vt 0.854059 0.599383
vt 0.854059 0.612304
vt 0.824986 0.612305
vt 0.824986 0.599384
vt 0.824170 0.560967
vt 0.845703 0.560965
vt 0.803415 0.549815
vt 0.868023 0.549815
vt 0.815201 0.579248
vt 0.836738 0.579248
vt 0.836738 0.730002
vt 0.815201 0.730002
vt 0.825530 0.632354
vt 0.854603 0.632354
vt 0.825529 0.684039
vt 0.854603 0.684039
vt 0.824986 0.638147
vt 0.824986 0.625226
vt 0.854060 0.625226
vt 0.854061 0.638146
vt 0.824986 0.651069
vt 0.854061 0.651068
vt 0.822676 0.568736
vt 0.844213 0.568737
vt 0.991735 0.005866
vt 0.991735 0.360337
vt 0.975983 0.360337
vt 0.975982 0.005866
vt 0.897212 0.320951
vt 0.897211 0.045252
vt 0.991575 0.832956
vt 0.975823 0.832954
vt 0.975824 0.005862
vt 0.991577 0.005864
vt 0.881459 0.045251
vt 0.881460 0.320951
vt 0.802689 0.360337
vt 0.802688 0.005864
vt 0.802192 0.360858
vt 0.802190 0.006387
vt 0.880962 0.045772
vt 0.880964 0.321473
vt 0.936575 0.754187
vt 0.975961 0.832957
vt 0.936571 0.084632
vt 0.896716 0.321473
vt 0.896714 0.045772
vt 0.975486 0.006386
vt 0.975488 0.360858
vt 0.920820 0.084632
vt 0.920819 0.754186
vt 0.991237 0.006386
vt 0.991240 0.360858
vt 0.881434 0.005860
vt 0.881433 0.832958
vt 0.991711 0.832957
vt 0.936437 0.754183
vt 0.936440 0.084630
vt 0.920685 0.754185
vt 0.920685 0.084631
vt 0.881299 0.005860
vt 0.881299 0.832955
usemtl Doors_Mat
s off
f 1568/1945 1569/1946 1570/1947 1571/1948
f 1572/1949 1573/1950 1571/1948 1570/1947
f 1572/1949 1570/1947 1569/1951 1574/1952
f 1573/1950 1572/1949 1574/1953 1575/1954
f 1576/1955 1577/1956 1578/1957 1579/1958
f 1578/1957 1580/1959 1581/1960 1579/1958
f 1582/1961 1576/1962 1579/1958 1581/1960
f 1580/1959 1578/1957 1577/1963 1583/1964
f 1584/1965 1585/1966 1586/1967 1587/1968
f 1588/1969 1589/1970 1590/1971 1591/1972
f 1592/1973 1584/1965 1587/1974 1593/1975
f 1591/1972 1594/1976 1595/1977 1588/1978
f 1589/1979 1596/1980 1597/1981 1590/1971
f 1585/1966 1598/1982 1599/1983 1586/1984
f 1591/1972 1590/1971 1597/1981 1594/1976
f 1582/1985 1583/1986 1577/1987 1576/1988
f 1600/1989 1601/1990 1602/1991 1603/1992
f 1594/1976 1597/1981 1596/1993 1595/1994
f 1601/1990 1604/1995 1605/1996 1602/1991
f 1606/1997 1607/1998 1608/1999 1609/2000
f 1583/2001 1582/2002 1581/1960 1580/1959
f 1592/1973 1598/1982 1585/1966 1584/1965
f 1593/2003 1599/2004 1598/1982 1592/1973
f 1568/2005 1575/2006 1574/2007 1569/2008
f 1603/1992 1610/2009 1611/2010 1600/1989
f 1610/2011 1605/1996 1604/1995 1611/2012
f 1612/2013 1613/2014 1614/2015 1615/2016
f 1613/2014 1608/1999 1607/1998 1614/2015
f 1609/2017 1612/2013 1615/2016 1606/2018
f 1575/2019 1568/2020 1571/1948 1573/1950
f 1616/2021 1617/2022 1618/2023 1619/2024
f 1620/2025 1616/2026 1619/2027 1621/2028
f 1621/2021 1622/2022 1623/2023 1620/2024
f 1618/2029 1622/2030 1621/2031 1619/2032
f 1622/2033 1618/2034 1617/2035 1623/2036
f 1620/2021 1623/2022 1617/2037 1616/2038
f 1624/2039 1625/2040 1626/2041 1627/2042
f 1628/2043 1629/2044 1627/2042 1626/2041
f 1628/2043 1626/2041 1625/2045 1630/2046
f 1629/2044 1628/2043 1630/2047 1631/2048
f 1632/2049 1633/2050 1634/2051 1635/2052
f 1634/2051 1636/2053 1637/2054 1635/2052
f 1638/2055 1632/2056 1635/2052 1637/2054
f 1636/2053 1634/2051 1633/2057 1639/2058
f 1640/2059 1641/2060 1642/2061 1643/2062
f 1644/2063 1645/2064 1646/2065 1647/2066
f 1648/2067 1640/2059 1643/2068 1649/2069
f 1647/2066 1650/2070 1651/1983 1644/1984
f 1645/2071 1652/2072 1653/2073 1646/2065
f 1641/2060 1654/2074 1655/2075 1642/2076
f 1647/2066 1646/2065 1653/2073 1650/2070
f 1638/2077 1639/2078 1633/2079 1632/2080
f 1656/2081 1657/2082 1658/2083 1659/2084
f 1650/2070 1653/2073 1652/2085 1651/2086
f 1657/2082 1660/2087 1661/2088 1658/2083
f 1662/2089 1663/2090 1664/2091 1665/2092
f 1639/2093 1638/2094 1637/2054 1636/2053
f 1648/2067 1654/2074 1641/2060 1640/2059
f 1649/2095 1655/2096 1654/2074 1648/2067
f 1624/2097 1631/2098 1630/2099 1625/2100
f 1659/2084 1666/2101 1667/2102 1656/2081
f 1666/2103 1661/2088 1660/2087 1667/2104
f 1668/2105 1669/2106 1670/2107 1671/2108
f 1669/2106 1664/2091 1663/2090 1670/2107
f 1665/2109 1668/2105 1671/2108 1662/2110
f 1631/2111 1624/2112 1627/2042 1629/2044
f 1672/2113 1673/2114 1674/2115 1675/2116
f 1676/2117 1672/2118 1675/2119 1677/2120
f 1677/2113 1678/2114 1679/2115 1676/2116
f 1674/2114 1678/2121 1677/2122 1675/2113
f 1678/2123 1674/2124 1673/2125 1679/2126
f 1676/2127 1679/2128 1673/2129 1672/2130
f 1680/2131 1681/2132 1682/2133 1683/2134
f 1684/2135 1685/2136 1686/2137 1687/2138
f 1681/2132 1680/2131 1687/2138 1686/2137
f 1683/2134 1682/2133 1685/2139 1684/2140
f 1688/2141 1689/2142 1690/2143 1691/2144
f 1692/2145 1693/2146 1691/2144 1690/2143
f 1692/2145 1690/2143 1689/2147 1694/2148
f 1693/2146 1692/2145 1694/2149 1695/2150
f 1696/2151 1697/2152 1698/2153 1699/2154
f 1698/2153 1700/2155 1701/2156 1699/2154
f 1702/2157 1696/2158 1699/2154 1701/2156
f 1700/2155 1698/2153 1697/2159 1703/2160
f 1704/2161 1705/2162 1706/2163 1707/2164
f 1708/2165 1709/2166 1710/2167 1711/2168
f 1712/2169 1704/2161 1707/2170 1713/2171
f 1711/2168 1714/2172 1715/2173 1708/2174
f 1709/2175 1716/2176 1717/2177 1710/2167
f 1705/2162 1718/2178 1719/2179 1706/2180
f 1711/2168 1710/2167 1717/2177 1714/2172
f 1702/2181 1703/2182 1697/2183 1696/2184
f 1720/2185 1721/2186 1722/2187 1723/2188
f 1714/2172 1717/2177 1716/2189 1715/2190
f 1721/2186 1724/2191 1725/2192 1722/2187
f 1726/2193 1727/2194 1728/2195 1729/2196
f 1703/2197 1702/2198 1701/2156 1700/2155
f 1712/2169 1718/2178 1705/2162 1704/2161
f 1713/2199 1719/2200 1718/2178 1712/2169
f 1688/2201 1695/2202 1694/2203 1689/2204
f 1723/2188 1730/2205 1731/2206 1720/2185
f 1730/2207 1725/2192 1724/2191 1731/2208
f 1732/2209 1733/2210 1734/2211 1735/2212
f 1733/2210 1728/2195 1727/2194 1734/2211
f 1729/2213 1732/2209 1735/2212 1726/2214
f 1695/2215 1688/2216 1691/2144 1693/2146
f 1736/2217 1737/2218 1738/2219 1739/2220
f 1739/2220 1738/2219 1740/2221 1741/2222
f 1736/2223 1739/2224 1742/2225 1743/2226
f 1744/2227 1745/2228 1737/2229 1736/2230
f 1743/2231 1746/2232 1747/2233 1748/2234
f 1740/2235 1738/2236 1749/2220 1750/2237
f 1751/2238 1750/2239 1749/2240 1742/2241
f 1740/2235 1750/2237 1747/2242 1745/2243
f 1749/2240 1746/2244 1743/2245 1742/2241
f 1741/2222 1740/2221 1745/2228 1744/2227
f 1750/2239 1751/2238 1748/2234 1747/2233
f 1747/2242 1746/2246 1737/2247 1745/2243
f 1746/2217 1749/2220 1738/2236 1737/2248
f 1739/2224 1741/2249 1751/2250 1742/2225
f 1751/2250 1741/2249 1744/2251 1748/2252
f 1743/2253 1748/2252 1744/2251 1736/2254
o DoorGlass
v 1.174980 3.825004 0.565003
v 1.174985 3.825003 0.210003
v 1.174985 4.175004 0.210002
v 1.174980 4.175004 0.565002
v 1.164980 3.825004 0.565003
v 1.164980 4.175004 0.565002
v 1.164985 4.175004 0.210002
v 1.164985 3.825003 0.210003
v 1.174980 3.825004 1.465004
v 1.174985 3.825004 1.020004
v 1.174985 4.175004 1.020002
v 1.174980 4.175005 1.465003
v 1.164980 3.825004 1.465004
v 1.164985 3.825004 1.020003
v 1.164985 3.475005 1.020004
v 1.164980 3.475005 1.465005
v 1.164980 4.175005 1.465003
v 1.164985 4.175004 1.020002
v 1.164975 3.825004 1.910005
v 1.164975 3.475005 1.910006
v 1.164975 4.175005 1.910004
v 1.164980 3.475004 0.565003
v 1.164985 3.475004 0.210003
v 1.164975 3.825004 0.920002
v 1.164975 4.175004 0.920002
v 1.164975 3.475005 0.920003
v 1.174980 3.475004 0.565004
v 1.174985 3.475004 0.210004
v 1.174975 3.825004 0.920003
v 1.174975 4.175004 0.920002
v 1.174975 3.475005 0.920004
v 1.174980 3.475005 1.465006
v 1.174985 3.475005 1.020005
v 1.174975 3.825004 1.910005
v 1.174975 4.175005 1.910004
v 1.174975 3.475005 1.910007
vt 0.967156 0.994845
vt 0.813008 0.994845
vt 0.813008 0.842869
vt 0.967155 0.842869
vt 0.966478 0.995686
vt 0.814502 0.995686
vt 0.814501 0.841539
vt 0.966478 0.841538
vt 0.996039 0.995332
vt 0.802811 0.995266
vt 0.802863 0.843290
vt 0.996090 0.843356
vt 0.996648 0.995222
vt 0.803420 0.995222
vt 0.803420 0.843246
vt 0.996648 0.843246
vt 0.997062 0.995615
vt 0.803834 0.995615
vt 0.803834 0.843639
vt 0.997062 0.843639
vt 0.995738 0.995222
vt 0.802510 0.995223
vt 0.802510 0.843246
vt 0.995738 0.843246
vt 0.996322 0.995222
vt 0.803094 0.995222
vt 0.803094 0.843246
vt 0.996322 0.843246
vt 0.955534 0.996089
vt 0.803558 0.996089
vt 0.803558 0.841941
vt 0.955535 0.841941
vt 0.977096 0.996433
vt 0.825120 0.996433
vt 0.825119 0.842286
vt 0.977096 0.842285
vt 0.974786 0.997085
vt 0.822810 0.997085
vt 0.822810 0.842938
vt 0.974786 0.842938
vt 0.809180 0.843365
vt 0.963327 0.843365
vt 0.963328 0.995341
vt 0.809180 0.995342
vt 0.980265 0.995169
vt 0.826117 0.995169
vt 0.826116 0.843193
vt 0.980264 0.843193
vt 0.831343 0.843356
vt 0.985491 0.843356
vt 0.985492 0.995332
vt 0.831344 0.995332
vt 0.995688 0.995332
vt 0.802461 0.995332
vt 0.802460 0.843356
vt 0.995688 0.843356
vt 0.996039 0.994356
vt 0.802812 0.994356
vt 0.802811 0.842380
vt 0.996038 0.842379
vt 0.996384 0.995103
vt 0.803157 0.995103
vt 0.803156 0.843127
vt 0.996383 0.843126
usemtl DoorGlass_Mat
s off
f 1752/2255 1753/2256 1754/2257 1755/2258
f 1756/2259 1757/2260 1758/2261 1759/2262
f 1760/2263 1761/2264 1762/2265 1763/2266
f 1764/2267 1765/2268 1766/2269 1767/2270
f 1768/2271 1769/2272 1765/2273 1764/2274
f 1770/2275 1764/2276 1767/2277 1771/2278
f 1772/2279 1768/2280 1764/2281 1770/2282
f 1773/2283 1756/2284 1759/2285 1774/2286
f 1775/2287 1776/2288 1757/2289 1756/2290
f 1777/2291 1775/2292 1756/2293 1773/2294
f 1753/2295 1752/2296 1778/2297 1779/2298
f 1780/2299 1752/2300 1755/2301 1781/2302
f 1752/2303 1780/2304 1782/2305 1778/2306
f 1783/2307 1784/2308 1761/2309 1760/2310
f 1785/2311 1760/2312 1763/2313 1786/2314
f 1787/2315 1783/2316 1760/2317 1785/2318
o Storey02_Doors
v 8.280003 3.959994 3.760001
v 8.280003 3.819993 3.760001
v 8.270001 3.819993 3.760001
v 8.270001 3.959994 3.760001
v 8.270001 3.819993 3.780002
v 8.270001 3.959994 3.780002
v 8.280003 3.819993 3.780002
v 8.280003 3.959994 3.780002
v 8.379995 3.819993 3.780002
v 8.379995 3.819993 3.760005
v 8.389996 3.819993 3.760005
v 8.389996 3.819993 3.780002
v 8.389996 3.959994 3.760005
v 8.389996 3.959994 3.780002
v 8.379995 3.959994 3.780002
v 8.379995 3.959994 3.760005
v 8.307001 3.867993 3.838002
v 8.307001 3.811993 3.838002
v 8.310001 3.809992 3.840003
v 8.310001 3.869994 3.840003
v 8.349995 3.869994 3.840003
v 8.349995 3.809992 3.840003
v 8.352995 3.811993 3.838002
v 8.352995 3.867993 3.838002
v 8.307001 3.867993 3.662001
v 8.310001 3.869994 3.660000
v 8.352995 3.867993 3.662004
v 8.349995 3.869994 3.660004
v 8.349995 3.809992 3.660004
v 8.352995 3.811993 3.662004
v 8.307001 3.811993 3.662001
v 8.310001 3.809992 3.660000
v 8.280003 3.845993 3.776002
v 8.280003 3.833993 3.776002
v 8.307001 3.833993 3.776002
v 8.307001 3.845993 3.776002
v 8.280003 3.833993 3.764002
v 8.307001 3.833993 3.764002
v 8.379995 3.845993 3.764002
v 8.379995 3.833993 3.764002
v 8.352995 3.833993 3.764002
v 8.352995 3.845993 3.764002
v 8.307001 3.845993 3.764002
v 8.280003 3.845993 3.764002
v 8.352995 3.845993 3.776002
v 8.352995 3.833993 3.776002
v 8.379995 3.833993 3.776002
v 8.379995 3.845993 3.776002
v 8.309990 3.789995 4.910002
v 8.309991 4.689994 4.910002
v 8.310012 4.689993 2.810000
v 8.310010 3.789994 2.810000
v 8.349985 3.789995 4.910007
v 8.350004 3.789994 2.810005
v 8.350005 4.689998 2.810000
v 8.349986 4.689999 4.910002
v 7.119998 3.160005 3.760001
v 7.259999 3.160005 3.760001
v 7.259999 3.150005 3.760001
v 7.119998 3.150005 3.760001
v 7.259999 3.150005 3.780002
v 7.119998 3.150005 3.780002
v 7.259999 3.160005 3.780002
v 7.119998 3.160005 3.780002
v 7.259999 3.260000 3.780002
v 7.259999 3.260000 3.760005
v 7.259999 3.270000 3.760005
v 7.259999 3.270000 3.780002
v 7.119998 3.270000 3.760005
v 7.119998 3.270000 3.780002
v 7.119998 3.260000 3.780002
v 7.119998 3.260000 3.760005
v 7.211998 3.187006 3.838002
v 7.267998 3.187006 3.838002
v 7.269999 3.190006 3.840003
v 7.209999 3.190006 3.840003
v 7.209999 3.229999 3.840003
v 7.269999 3.229999 3.840003
v 7.267998 3.232999 3.838002
v 7.211998 3.232999 3.838002
v 7.211998 3.187006 3.662001
v 7.209999 3.190006 3.660000
v 7.211998 3.232999 3.662004
v 7.209999 3.229999 3.660004
v 7.269999 3.229999 3.660004
v 7.267998 3.232999 3.662004
v 7.267998 3.187006 3.662001
v 7.269999 3.190006 3.660000
v 7.233999 3.160005 3.776002
v 7.245998 3.160005 3.776002
v 7.245998 3.187006 3.776002
v 7.233999 3.187006 3.776002
v 7.245998 3.160005 3.764002
v 7.245998 3.187006 3.764002
v 7.233999 3.260000 3.764002
v 7.245998 3.260000 3.764002
v 7.245998 3.232999 3.764002
v 7.233999 3.232999 3.764002
v 7.233999 3.187006 3.764002
v 7.233999 3.160005 3.764002
v 7.233999 3.232999 3.776002
v 7.245998 3.232999 3.776002
v 7.245998 3.260000 3.776002
v 7.233999 3.260000 3.776002
v 7.289998 3.189994 4.910002
v 6.389997 3.189994 4.910002
v 6.389998 3.190015 2.810000
v 7.289998 3.190014 2.810000
v 7.289998 3.229990 4.910006
v 7.289998 3.230010 2.810005
v 6.389998 3.230009 2.810000
v 6.389997 3.229990 4.910002
v 4.019992 2.320000 3.760001
v 3.879991 2.320000 3.760001
v 3.879991 2.330000 3.760001
v 4.019992 2.330000 3.760001
v 3.879991 2.330000 3.780002
v 4.019992 2.330000 3.780002
v 3.879991 2.320000 3.780002
v 4.019992 2.320000 3.780002
v 3.879991 2.220006 3.780002
v 3.879991 2.220006 3.760005
v 3.879991 2.210005 3.760005
v 3.879991 2.210005 3.780002
v 4.019992 2.210005 3.760005
v 4.019992 2.210005 3.780002
v 4.019992 2.220006 3.780002
v 4.019992 2.220006 3.760005
v 3.927992 2.292999 3.838002
v 3.871992 2.292999 3.838002
v 3.869991 2.289999 3.840003
v 3.929991 2.289999 3.840003
v 3.929991 2.250006 3.840003
v 3.869991 2.250006 3.840003
v 3.871992 2.247006 3.838002
v 3.927992 2.247006 3.838002
v 3.927992 2.292999 3.662001
v 3.929991 2.289999 3.660000
v 3.927992 2.247006 3.662004
v 3.929991 2.250006 3.660004
v 3.869991 2.250006 3.660004
v 3.871992 2.247006 3.662004
v 3.871992 2.292999 3.662001
v 3.869991 2.289999 3.660000
v 3.905991 2.320000 3.776002
v 3.893992 2.320000 3.776002
v 3.893992 2.292999 3.776002
v 3.905991 2.292999 3.776002
v 3.893992 2.320000 3.764002
v 3.893992 2.292999 3.764002
v 3.905991 2.220006 3.764002
v 3.893992 2.220006 3.764002
v 3.893992 2.247006 3.764002
v 3.905991 2.247006 3.764002
v 3.905991 2.292999 3.764002
v 3.905991 2.320000 3.764002
v 3.905991 2.247006 3.776002
v 3.893992 2.247006 3.776002
v 3.893992 2.220006 3.776002
v 3.905991 2.220006 3.776002
v 3.849992 2.290011 4.910002
v 4.749993 2.290012 4.910002
v 4.749992 2.289991 2.810000
v 3.849992 2.289991 2.810000
v 3.849992 2.250015 4.910006
v 3.849992 2.249996 2.810005
v 4.749992 2.249998 2.810000
v 4.749993 2.250017 4.910002
vt 0.807924 0.723564
vt 0.807924 0.572636
vt 0.818705 0.572638
vt 0.818704 0.723568
vt 0.840268 0.572639
vt 0.840266 0.723569
vt 0.818706 0.561857
vt 0.840269 0.561857
vt 0.851048 0.572640
vt 0.851047 0.723568
vt 0.825668 0.565198
vt 0.847225 0.565198
vt 0.847226 0.575976
vt 0.825668 0.575978
vt 0.847225 0.726905
vt 0.825667 0.726909
vt 0.814886 0.726908
vt 0.814888 0.575976
vt 0.858007 0.575973
vt 0.858007 0.726898
vt 0.806092 0.742538
vt 0.866464 0.742538
vt 0.868621 0.746426
vt 0.803936 0.746426
vt 0.868257 0.747260
vt 0.803572 0.747260
vt 0.805729 0.743372
vt 0.866101 0.743372
vt 0.806092 0.552796
vt 0.802206 0.744696
vt 0.802206 0.550639
vt 0.866101 0.553633
vt 0.869988 0.551477
vt 0.869988 0.745530
vt 0.801842 0.745529
vt 0.801842 0.551477
vt 0.805730 0.553633
vt 0.866464 0.552796
vt 0.870441 0.550640
vt 0.870441 0.744691
vt 0.858946 0.727371
vt 0.837388 0.727371
vt 0.837388 0.576440
vt 0.858946 0.576440
vt 0.821779 0.704928
vt 0.821779 0.691992
vt 0.850886 0.691992
vt 0.850886 0.704928
vt 0.803572 0.549746
vt 0.868257 0.549746
vt 0.821778 0.679056
vt 0.850886 0.679055
vt 0.850885 0.661905
vt 0.850885 0.674841
vt 0.821778 0.674841
vt 0.821778 0.661905
vt 0.847227 0.737687
vt 0.825669 0.737691
vt 0.803936 0.548909
vt 0.868621 0.548909
vt 0.835374 0.732551
vt 0.813811 0.732550
vt 0.813811 0.581619
vt 0.835374 0.581619
vt 0.850886 0.717865
vt 0.821779 0.717865
vt 0.850885 0.666120
vt 0.821778 0.666120
vt 0.821778 0.700714
vt 0.821778 0.687778
vt 0.850886 0.687778
vt 0.850886 0.700714
vt 0.821779 0.713651
vt 0.850887 0.713651
vt 0.840265 0.734351
vt 0.818702 0.734350
vt 0.793560 0.991813
vt 0.403700 0.991813
vt 0.403700 0.082141
vt 0.793560 0.082141
vt 0.775500 0.991813
vt 0.758175 0.991811
vt 0.758175 0.082149
vt 0.775500 0.082151
vt 0.403702 0.973750
vt 0.403702 0.956426
vt 0.793563 0.956426
vt 0.793564 0.973750
vt 0.776211 0.082142
vt 0.793536 0.082143
vt 0.793534 0.991848
vt 0.776211 0.991848
vt 0.403696 0.974485
vt 0.793556 0.974485
vt 0.814114 0.724214
vt 0.814114 0.573287
vt 0.824894 0.573288
vt 0.824894 0.724213
vt 0.846459 0.573291
vt 0.846458 0.724213
vt 0.824893 0.562500
vt 0.846461 0.562507
vt 0.857239 0.573288
vt 0.857237 0.724208
vt 0.824653 0.565847
vt 0.846210 0.565846
vt 0.846211 0.576626
vt 0.824654 0.576625
vt 0.846210 0.727553
vt 0.824653 0.727556
vt 0.813872 0.727556
vt 0.813873 0.576625
vt 0.856992 0.576624
vt 0.856992 0.727549
vt 0.806002 0.743052
vt 0.866374 0.743052
vt 0.868531 0.746940
vt 0.803846 0.746940
vt 0.868710 0.746422
vt 0.804025 0.746423
vt 0.806182 0.742535
vt 0.866554 0.742534
vt 0.806002 0.553310
vt 0.802115 0.745210
vt 0.802115 0.551153
vt 0.866555 0.552796
vt 0.802295 0.744692
vt 0.802295 0.550640
vt 0.806183 0.552796
vt 0.866374 0.553311
vt 0.870261 0.551153
vt 0.870261 0.745209
vt 0.835550 0.727371
vt 0.813991 0.727371
vt 0.813991 0.576440
vt 0.835549 0.576440
vt 0.821779 0.647130
vt 0.821779 0.634195
vt 0.850886 0.634195
vt 0.850887 0.647130
vt 0.804026 0.548909
vt 0.868710 0.548909
vt 0.821778 0.621258
vt 0.850886 0.621258
vt 0.850886 0.612536
vt 0.850886 0.625472
vt 0.821778 0.625473
vt 0.821778 0.612536
vt 0.846213 0.738334
vt 0.824654 0.738338
vt 0.803846 0.549423
vt 0.868531 0.549423
vt 0.858774 0.732551
vt 0.837211 0.732551
vt 0.837211 0.581620
vt 0.858774 0.581620
vt 0.850887 0.660067
vt 0.821779 0.660067
vt 0.850886 0.608322
vt 0.821778 0.608322
vt 0.821779 0.651345
vt 0.821779 0.638409
vt 0.850886 0.638409
vt 0.850886 0.651345
vt 0.821779 0.664282
vt 0.850886 0.664282
vt 0.846460 0.734994
vt 0.824896 0.734998
vt 0.397847 0.991895
vt 0.007987 0.991895
vt 0.007987 0.082223
vt 0.397847 0.082223
vt 0.397851 0.991896
vt 0.380527 0.991894
vt 0.380527 0.082232
vt 0.397852 0.082234
vt 0.007986 0.974567
vt 0.397847 0.974567
vt 0.362432 0.082221
vt 0.379756 0.082221
vt 0.379755 0.991926
vt 0.362432 0.991926
vt 0.397846 0.973829
vt 0.007984 0.973830
vt 0.007985 0.956504
vt 0.397846 0.956504
usemtl Doors_Mat
s off
f 1788/2319 1789/2320 1790/2321 1791/2322
f 1792/2323 1793/2324 1791/2322 1790/2321
f 1792/2323 1790/2321 1789/2325 1794/2326
f 1793/2324 1792/2323 1794/2327 1795/2328
f 1796/2329 1797/2330 1798/2331 1799/2332
f 1798/2331 1800/2333 1801/2334 1799/2332
f 1802/2335 1796/2336 1799/2332 1801/2334
f 1800/2333 1798/2331 1797/2337 1803/2338
f 1804/2339 1805/2340 1806/2341 1807/2342
f 1808/2343 1809/2344 1810/2345 1811/2346
f 1812/2347 1804/2339 1807/2348 1813/2349
f 1811/2346 1814/2350 1815/2351 1808/2352
f 1809/2353 1816/2354 1817/2355 1810/2345
f 1805/2340 1818/2356 1819/2357 1806/2358
f 1811/2346 1810/2345 1817/2355 1814/2350
f 1802/2359 1803/2360 1797/2361 1796/2362
f 1820/2363 1821/2364 1822/2365 1823/2366
f 1814/2350 1817/2355 1816/2367 1815/2368
f 1821/2364 1824/2369 1825/2370 1822/2365
f 1826/2371 1827/2372 1828/2373 1829/2374
f 1803/2375 1802/2376 1801/2334 1800/2333
f 1812/2347 1818/2356 1805/2340 1804/2339
f 1813/2377 1819/2378 1818/2356 1812/2347
f 1788/2379 1795/2380 1794/2381 1789/2382
f 1823/2366 1830/2383 1831/2384 1820/2363
f 1830/2385 1825/2370 1824/2369 1831/2386
f 1832/2387 1833/2388 1834/2389 1835/2390
f 1833/2388 1828/2373 1827/2372 1834/2389
f 1829/2391 1832/2387 1835/2390 1826/2392
f 1795/2393 1788/2394 1791/2322 1793/2324
f 1836/2395 1837/2396 1838/2397 1839/2398
f 1840/2399 1836/2400 1839/2401 1841/2402
f 1841/2395 1842/2396 1843/2397 1840/2398
f 1838/2403 1842/2404 1841/2405 1839/2406
f 1842/2407 1838/2408 1837/2409 1843/2410
f 1840/2395 1843/2396 1837/2411 1836/2412
f 1844/2413 1845/2414 1846/2415 1847/2416
f 1848/2417 1849/2418 1847/2416 1846/2415
f 1848/2417 1846/2415 1845/2419 1850/2420
f 1849/2418 1848/2417 1850/2421 1851/2422
f 1852/2423 1853/2424 1854/2425 1855/2426
f 1854/2425 1856/2427 1857/2428 1855/2426
f 1858/2429 1852/2430 1855/2426 1857/2428
f 1856/2427 1854/2425 1853/2431 1859/2432
f 1860/2433 1861/2434 1862/2435 1863/2436
f 1864/2437 1865/2438 1866/2439 1867/2440
f 1868/2441 1860/2433 1863/2442 1869/2443
f 1867/2440 1870/2444 1871/2357 1864/2358
f 1865/2445 1872/2446 1873/2447 1866/2439
f 1861/2434 1874/2448 1875/2449 1862/2450
f 1867/2440 1866/2439 1873/2447 1870/2444
f 1858/2451 1859/2452 1853/2453 1852/2454
f 1876/2455 1877/2456 1878/2457 1879/2458
f 1870/2444 1873/2447 1872/2459 1871/2460
f 1877/2456 1880/2461 1881/2462 1878/2457
f 1882/2463 1883/2464 1884/2465 1885/2466
f 1859/2467 1858/2468 1857/2428 1856/2427
f 1868/2441 1874/2448 1861/2434 1860/2433
f 1869/2469 1875/2470 1874/2448 1868/2441
f 1844/2471 1851/2472 1850/2473 1845/2474
f 1879/2458 1886/2475 1887/2476 1876/2455
f 1886/2477 1881/2462 1880/2461 1887/2478
f 1888/2479 1889/2480 1890/2481 1891/2482
f 1889/2480 1884/2465 1883/2464 1890/2481
f 1885/2483 1888/2479 1891/2482 1882/2484
f 1851/2485 1844/2486 1847/2416 1849/2418
f 1892/2487 1893/2488 1894/2489 1895/2490
f 1896/2491 1892/2492 1895/2493 1897/2494
f 1897/2487 1898/2488 1899/2489 1896/2490
f 1894/2488 1898/2495 1897/2496 1895/2487
f 1898/2497 1894/2498 1893/2499 1899/2500
f 1896/2501 1899/2502 1893/2503 1892/2504
f 1900/2413 1901/2414 1902/2415 1903/2416
f 1904/2417 1905/2418 1903/2416 1902/2415
f 1904/2417 1902/2415 1901/2419 1906/2420
f 1905/2418 1904/2417 1906/2421 1907/2422
f 1908/2423 1909/2424 1910/2425 1911/2426
f 1910/2425 1912/2427 1913/2428 1911/2426
f 1914/2429 1908/2430 1911/2426 1913/2428
f 1912/2427 1910/2425 1909/2431 1915/2432
f 1916/2433 1917/2434 1918/2435 1919/2436
f 1920/2437 1921/2438 1922/2439 1923/2440
f 1924/2441 1916/2433 1919/2442 1925/2443
f 1923/2440 1926/2444 1927/2357 1920/2358
f 1921/2445 1928/2446 1929/2447 1922/2439
f 1917/2434 1930/2448 1931/2449 1918/2450
f 1923/2440 1922/2439 1929/2447 1926/2444
f 1914/2451 1915/2452 1909/2453 1908/2454
f 1932/2455 1933/2456 1934/2457 1935/2458
f 1926/2444 1929/2447 1928/2459 1927/2460
f 1933/2456 1936/2461 1937/2462 1934/2457
f 1938/2463 1939/2464 1940/2465 1941/2466
f 1915/2467 1914/2468 1913/2428 1912/2427
f 1924/2441 1930/2448 1917/2434 1916/2433
f 1925/2469 1931/2470 1930/2448 1924/2441
f 1900/2471 1907/2472 1906/2473 1901/2474
f 1935/2458 1942/2475 1943/2476 1932/2455
f 1942/2477 1937/2462 1936/2461 1943/2478
f 1944/2479 1945/2480 1946/2481 1947/2482
f 1945/2480 1940/2465 1939/2464 1946/2481
f 1941/2483 1944/2479 1947/2482 1938/2484
f 1907/2485 1900/2486 1903/2416 1905/2418
f 1948/2487 1949/2488 1950/2489 1951/2490
f 1952/2491 1948/2492 1951/2493 1953/2494
f 1953/2487 1954/2488 1955/2489 1952/2490
f 1950/2488 1954/2495 1953/2496 1951/2487
f 1954/2497 1950/2498 1949/2499 1955/2500
f 1952/2501 1955/2502 1949/2503 1948/2504
o Storey01_Floor
v 1.200000 5.199995 0.000000
v 6.200000 5.199995 0.000000
v 1.200000 2.699995 0.000000
v 6.200000 0.199996 0.000000
v 0.200000 2.699995 0.000000
v 0.200000 0.199996 0.000000
v 6.300000 5.199995 0.000000
v 8.300000 5.199995 0.000000
v 6.300000 0.199996 0.000000
v 8.300000 0.199996 0.000000
vt 0.111022 0.996363
vt 0.111022 0.728344
vt 0.647059 0.460326
vt 0.647059 0.996363
vt 0.573500 0.709926
vt 0.037463 0.709927
vt 0.037463 0.495512
vt 0.573500 0.495512
vt 0.003815 0.728344
vt 0.003815 0.460326
usemtl Interior_Mat
s off
f 1956/2505 1958/2506 1959/2507 1957/2508
f 1962/2509 1964/2510 1965/2511 1963/2512
f 1958/2506 1960/2513 1961/2514 1959/2507
o IronStairs
v 12.370001 0.300001 0.190000
v 12.370001 0.310003 0.190000
v 12.369998 1.300000 0.189998
v 12.369998 1.290003 0.189998
v 12.469999 1.300000 0.150000
v 12.470002 0.300001 0.150002
v 12.469999 1.290003 0.150000
v 12.470002 0.310003 0.150002
v 12.470002 0.310003 0.190000
v 12.469999 1.290003 0.189998
v 12.470002 0.300001 0.190000
v 12.469999 1.300000 0.189998
v 12.369998 1.290003 0.150000
v 12.369998 1.300000 0.150000
v 12.370001 0.310003 0.150002
v 12.370001 0.300001 0.150002
v 12.170002 0.300001 0.390000
v 12.170002 0.310003 0.390000
v 12.169999 1.300000 0.389998
v 12.169999 1.290003 0.389998
v 12.270000 1.300000 0.350000
v 12.270003 0.300001 0.350002
v 12.270000 1.290003 0.350000
v 12.270003 0.310003 0.350002
v 12.270003 0.310003 0.390000
v 12.270000 1.290003 0.389998
v 12.270003 0.300001 0.390000
v 12.270000 1.300000 0.389998
v 12.169999 1.290003 0.350000
v 12.169999 1.300000 0.350000
v 12.170002 0.310003 0.350002
v 12.170002 0.300001 0.350002
v 11.970001 0.300001 0.590000
v 11.970001 0.310003 0.590000
v 11.969998 1.300000 0.589998
v 11.969998 1.290003 0.589998
v 12.070000 1.300000 0.550000
v 12.070003 0.300001 0.550002
v 12.070000 1.290003 0.550000
v 12.070003 0.310003 0.550002
v 12.070003 0.310003 0.590000
v 12.070000 1.290003 0.589998
v 12.070003 0.300001 0.590000
v 12.070000 1.300000 0.589998
v 11.969998 1.290003 0.550000
v 11.969998 1.300000 0.550000
v 11.970001 0.310003 0.550002
v 11.970001 0.300001 0.550002
v 11.770000 0.300001 0.790000
v 11.770000 0.310003 0.790000
v 11.769998 1.300000 0.789998
v 11.769998 1.290003 0.789998
v 11.869999 1.300000 0.750000
v 11.870002 0.300001 0.750002
v 11.869999 1.290003 0.750000
v 11.870002 0.310003 0.750002
v 11.870002 0.310003 0.790000
v 11.869999 1.290003 0.789998
v 11.870002 0.300001 0.790000
v 11.869999 1.300000 0.789998
v 11.769998 1.290003 0.750000
v 11.769998 1.300000 0.750000
v 11.770000 0.310003 0.750002
v 11.770000 0.300001 0.750002
v 11.570001 0.300001 0.990000
v 11.570001 0.310003 0.990000
v 11.569998 1.300000 0.989998
v 11.569998 1.290003 0.989998
v 11.669999 1.300000 0.950000
v 11.670002 0.300001 0.950002
v 11.669999 1.290003 0.950000
v 11.670002 0.310003 0.950002
v 11.670002 0.310003 0.990000
v 11.669999 1.290003 0.989998
v 11.670002 0.300001 0.990000
v 11.669999 1.300000 0.989998
v 11.569998 1.290003 0.950000
v 11.569998 1.300000 0.950000
v 11.570001 0.310003 0.950002
v 11.570001 0.300001 0.950002
v 11.370002 0.300001 1.190000
v 11.370002 0.310003 1.190000
v 11.369999 1.300000 1.189998
v 11.369999 1.290003 1.189998
v 11.470000 1.300000 1.150001
v 11.470003 0.300001 1.150002
v 11.470000 1.290003 1.150001
v 11.470003 0.310003 1.150002
v 11.470003 0.310003 1.190000
v 11.470000 1.290003 1.189998
v 11.470003 0.300001 1.190000
v 11.470000 1.300000 1.189998
v 11.369999 1.290003 1.150001
v 11.369999 1.300000 1.150001
v 11.370002 0.310003 1.150002
v 11.370002 0.300001 1.150002
v 11.170003 0.300001 1.390000
v 11.170003 0.310003 1.390000
v 11.170000 1.300000 1.389998
v 11.170000 1.290003 1.389998
v 11.270001 1.300000 1.350001
v 11.270004 0.300001 1.350002
v 11.270001 1.290003 1.350001
v 11.270004 0.310003 1.350002
v 11.270004 0.310003 1.390000
v 11.270001 1.290003 1.389998
v 11.270004 0.300001 1.390000
v 11.270001 1.300000 1.389998
v 11.170000 1.290003 1.350001
v 11.170000 1.300000 1.350001
v 11.170003 0.310003 1.350002
v 11.170003 0.300001 1.350002
v 10.970001 0.300001 1.590000
v 10.970001 0.310003 1.590000
v 10.969998 1.300000 1.589998
v 10.969998 1.290003 1.589998
v 11.070000 1.300000 1.550001
v 11.070003 0.300001 1.550002
v 11.070000 1.290003 1.550001
v 11.070003 0.310003 1.550002
v 11.070003 0.310003 1.590000
v 11.070000 1.290003 1.589998
v 11.070003 0.300001 1.590000
v 11.070000 1.300000 1.589998
v 10.969998 1.290003 1.550001
v 10.969998 1.300000 1.550001
v 10.970001 0.310003 1.550002
v 10.970001 0.300001 1.550002
v 10.770000 0.300001 1.789999
v 10.770000 0.310003 1.789999
v 10.769998 1.300000 1.789998
v 10.769998 1.290003 1.789998
v 10.869999 1.300000 1.750000
v 10.870002 0.300001 1.750002
v 10.869999 1.290003 1.750000
v 10.870002 0.310003 1.750002
v 10.870002 0.310003 1.789999
v 10.869999 1.290003 1.789998
v 10.870002 0.300001 1.789999
v 10.869999 1.300000 1.789998
v 10.769998 1.290003 1.750000
v 10.769998 1.300000 1.750000
v 10.770000 0.310003 1.750002
v 10.770000 0.300001 1.750002
v 10.570000 0.300001 1.990000
v 10.570000 0.310003 1.990000
v 10.569997 1.300000 1.989998
v 10.569997 1.290003 1.989998
v 10.669998 1.300000 1.950001
v 10.670001 0.300001 1.950002
v 10.669998 1.290003 1.950001
v 10.670001 0.310003 1.950002
v 10.670001 0.310003 1.990000
v 10.669998 1.290003 1.989998
v 10.670001 0.300001 1.990000
v 10.669998 1.300000 1.989998
v 10.569997 1.290003 1.950001
v 10.569997 1.300000 1.950001
v 10.570000 0.310003 1.950002
v 10.570000 0.300001 1.950002
v 10.370001 0.300001 2.190000
v 10.370001 0.310003 2.190000
v 10.369998 1.300000 2.189998
v 10.369998 1.290003 2.189998
v 10.469999 1.300000 2.150001
v 10.470002 0.300001 2.150002
v 10.469999 1.290003 2.150001
v 10.470002 0.310003 2.150002
v 10.470002 0.310003 2.190000
v 10.469999 1.290003 2.189998
v 10.470002 0.300001 2.190000
v 10.469999 1.300000 2.189998
v 10.369998 1.290003 2.150001
v 10.369998 1.300000 2.150001
v 10.370001 0.310003 2.150002
v 10.370001 0.300001 2.150002
v 10.170002 0.300001 2.389999
v 10.170002 0.310003 2.389999
v 10.169999 1.300000 2.389998
v 10.169999 1.290003 2.389998
v 10.270000 1.300000 2.350000
v 10.270003 0.300001 2.350002
v 10.270000 1.290003 2.350000
v 10.270003 0.310003 2.350002
v 10.270003 0.310003 2.389999
v 10.270000 1.290003 2.389998
v 10.270003 0.300001 2.389999
v 10.270000 1.300000 2.389998
v 10.169999 1.290003 2.350000
v 10.169999 1.300000 2.350000
v 10.170002 0.310003 2.350002
v 10.170002 0.300001 2.350002
v 9.970001 0.300001 2.589999
v 9.970001 0.310003 2.589999
v 9.969998 1.300000 2.589998
v 9.969998 1.290003 2.589998
v 10.070000 1.300000 2.550000
v 10.070003 0.300001 2.550002
v 10.070000 1.290003 2.550000
v 10.070003 0.310003 2.550002
v 10.070003 0.310003 2.589999
v 10.070000 1.290003 2.589998
v 10.070003 0.300001 2.589999
v 10.070000 1.300000 2.589998
v 9.969998 1.290003 2.550000
v 9.969998 1.300000 2.550000
v 9.970001 0.310003 2.550002
v 9.970001 0.300001 2.550002
v 8.540000 4.870005 2.540000
v 8.540000 4.870005 2.500000
v 8.790000 3.190003 2.750000
v 8.750000 3.190003 2.750000
v 8.540000 1.070003 2.400000
v 8.540000 1.070003 2.440000
v 8.750000 4.870005 2.750000
v 8.790000 4.870005 2.750000
v 8.790000 4.890002 2.750000
v 8.850000 1.070003 2.750000
v 8.890000 1.070003 2.750000
v 8.790000 3.210004 2.750000
v 8.540000 3.190003 2.500000
v 8.540000 3.190003 2.540000
v 8.750000 3.210004 2.750000
v 8.750000 4.890002 2.750000
v 8.850000 0.530004 2.750000
v 8.750000 1.510004 2.750000
v 8.540000 4.890002 2.540000
v 8.540000 4.890002 2.500000
v 8.850000 0.510004 2.750000
v 8.890000 0.510004 2.750000
v 8.540000 1.530004 2.500000
v 8.540000 1.530004 2.540000
v 8.540000 1.510004 2.500000
v 8.790000 1.510004 2.750000
v 8.540000 0.530004 2.400000
v 8.540000 0.530004 2.440000
v 8.540000 1.510004 2.540000
v 8.540000 3.210004 2.540000
v 8.540000 3.210004 2.500000
v 8.790000 1.530004 2.750000
v 8.750000 1.530004 2.750000
v 8.850000 1.090002 2.750000
v 8.890000 1.090002 2.750000
v 8.540000 1.090002 2.400000
v 8.540000 1.090002 2.440000
v 8.540000 0.510004 2.440000
v 8.540000 0.510004 2.400000
v 8.890000 0.530004 2.750000
v 8.499998 4.900003 2.789997
v 9.500000 4.900003 2.789997
v 8.499998 0.500003 2.789997
v 9.820000 0.500003 2.789997
v 9.500000 4.860003 2.789997
v 8.499998 4.860003 2.789997
v 8.499998 0.540002 2.789997
v 9.820000 0.540002 2.789997
v 9.500000 4.900003 2.750000
v 8.499998 1.500003 2.789997
v 9.500000 1.500003 2.789997
v 9.500000 1.540003 2.789997
v 8.499998 1.540003 2.789997
v 8.499998 1.100003 2.789997
v 9.820000 1.100003 2.789997
v 9.500000 3.180003 2.789997
v 8.499998 3.180003 2.789997
v 9.500000 3.220003 2.789997
v 8.499998 3.220003 2.789997
v 9.820000 0.500003 2.750000
v 9.820000 1.060003 2.789997
v 8.499998 1.060003 2.789997
v 9.500000 4.860003 2.750000
v 9.820000 0.540002 2.750000
v 9.500000 1.500003 2.750000
v 9.500000 1.540003 2.750000
v 9.820000 1.100003 2.750000
v 9.500000 3.180003 2.750000
v 9.500000 3.220003 2.750000
v 9.820000 1.060003 2.750000
v 8.540000 0.540002 2.750000
v 8.540000 0.500003 2.750000
v 8.540000 1.100003 2.750000
v 8.540000 1.060003 2.750000
v 8.540000 3.220003 2.450000
v 8.540000 3.180003 2.450000
v 8.540000 4.860003 2.450000
v 8.540000 4.900003 2.450000
v 8.499998 0.540002 2.350000
v 8.499998 4.860003 2.450000
v 8.499998 0.500003 2.350000
v 8.499998 4.900003 2.450000
v 8.540000 1.540003 2.450000
v 8.540000 1.500003 2.450000
v 8.540000 1.060003 2.350000
v 8.540000 1.100003 2.350000
v 8.540000 1.500003 2.750000
v 8.540000 1.540003 2.750000
v 8.540000 4.900003 2.750000
v 8.540000 4.860003 2.750000
v 8.499998 3.220003 2.450000
v 8.499998 1.060003 2.350000
v 8.540000 0.540002 2.350000
v 8.540000 0.500003 2.350000
v 8.540000 3.180003 2.750000
v 8.540000 3.220003 2.750000
v 8.499998 3.180003 2.450000
v 8.499998 1.100003 2.350000
v 8.499998 1.540003 2.450000
v 8.499998 1.500003 2.450000
v 12.520000 0.270003 1.150000
v 12.520000 0.310003 1.150000
v 12.680000 0.270003 1.150000
v 12.680000 0.310003 1.150000
v 12.520000 1.290003 1.150000
v 12.520000 1.330004 1.150000
v 12.680000 1.290003 1.150000
v 12.680000 1.330004 1.150000
v 9.920000 0.270003 3.750000
v 9.920000 0.310003 3.750000
v 9.920000 1.290003 3.750000
v 9.920000 1.330004 3.750000
v 8.500000 0.270003 3.750000
v 8.500000 0.310003 3.750000
v 9.490000 1.290003 3.750000
v 9.530000 1.330004 3.750000
v 9.530000 5.130003 3.750000
v 9.490000 5.090003 3.750000
v 8.500000 5.090003 3.750000
v 8.500000 5.130003 3.750000
v 12.520000 0.270003 1.170000
v 12.520000 0.310003 1.170000
v 12.680000 0.270003 1.170000
v 12.680000 0.310003 1.170000
v 12.520000 1.290003 1.170000
v 12.520000 1.330004 1.170000
v 12.680000 1.290003 1.170000
v 12.680000 1.330004 1.170000
v 9.920000 0.270003 3.770000
v 9.920000 0.310003 3.770000
v 9.920000 1.290003 3.770000
v 9.920000 1.330004 3.770000
v 8.500000 0.270003 3.770000
v 8.500000 0.310003 3.770000
v 9.490000 1.290003 3.770000
v 9.530000 1.330004 3.770000
v 9.530000 5.130003 3.770000
v 9.490000 5.090003 3.770000
v 8.500000 5.090003 3.770000
v 8.500000 5.130003 3.770000
v 12.599998 1.300003 0.250000
v 12.599998 1.320004 0.250000
v 12.619997 1.300003 0.250000
v 12.619997 1.320004 0.250000
v 12.519998 1.300003 0.250000
v 12.519998 1.320004 0.250000
v 12.499997 1.300003 0.270000
v 12.499997 1.320004 0.270000
v 12.599998 0.280003 0.250000
v 12.599998 0.300003 0.250000
v 12.619997 0.280003 0.250000
v 12.619997 0.300003 0.250000
v 12.520000 0.280003 0.250000
v 12.520000 0.300003 0.250000
v 12.499997 0.280003 0.270000
v 12.499997 0.300003 0.270000
v 12.419997 1.300003 0.350000
v 12.419997 1.320004 0.350000
v 12.419997 0.280003 0.350000
v 12.419997 0.300003 0.350000
v 12.399998 1.300003 0.370000
v 12.399998 1.320004 0.370000
v 12.399998 0.280003 0.370000
v 12.399998 0.300003 0.370000
v 12.319998 1.300003 0.450000
v 12.319998 1.320004 0.450000
v 12.319998 0.280003 0.450000
v 12.319998 0.300003 0.450000
v 12.299997 1.300003 0.470000
v 12.299997 1.320004 0.470000
v 12.299997 0.280003 0.470000
v 12.299997 0.300003 0.470000
v 12.219997 1.300003 0.550000
v 12.219997 1.320004 0.550000
v 12.219997 0.280003 0.550000
v 12.219997 0.300003 0.550000
v 12.199997 1.300003 0.570001
v 12.199997 1.320004 0.570001
v 12.199997 0.280003 0.570001
v 12.199997 0.300003 0.570001
v 12.119997 1.300003 0.650001
v 12.119997 1.320004 0.650001
v 12.119997 0.280003 0.650001
v 12.119997 0.300003 0.650001
v 12.099998 1.300003 0.670000
v 12.099998 1.320004 0.670000
v 12.099998 0.280003 0.670000
v 12.099998 0.300003 0.670000
v 12.019998 1.300003 0.750000
v 12.019998 1.320004 0.750000
v 12.019998 0.280003 0.750000
v 12.019998 0.300003 0.750000
v 11.999997 1.300003 0.770001
v 11.999997 1.320004 0.770001
v 11.999997 0.280003 0.770001
v 11.999997 0.300003 0.770001
v 11.919997 1.300003 0.850001
v 11.919997 1.320004 0.850001
v 11.919997 0.280003 0.850001
v 11.919997 0.300003 0.850001
v 11.899998 1.300003 0.870001
v 11.899998 1.320004 0.870001
v 11.899998 0.280003 0.870001
v 11.899998 0.300003 0.870001
v 11.819998 1.300003 0.950001
v 11.819998 1.320004 0.950001
v 11.819998 0.280003 0.950001
v 11.819998 0.300003 0.950001
v 11.799997 1.300003 0.970001
v 11.799997 1.320004 0.970001
v 11.799997 0.280003 0.970001
v 11.799997 0.300003 0.970001
v 11.719997 1.300003 1.050000
v 11.719997 1.320004 1.050000
v 11.719997 0.280003 1.050000
v 11.719997 0.300003 1.050000
v 11.699997 1.300003 1.070000
v 11.699997 1.320004 1.070000
v 11.699997 0.280003 1.070000
v 11.699997 0.300003 1.070000
v 11.619997 1.300003 1.150000
v 11.619997 1.320004 1.150000
v 11.619997 0.280003 1.150000
v 11.619997 0.300003 1.150000
v 11.599998 1.300003 1.170000
v 11.599998 1.320004 1.170000
v 11.599998 0.280003 1.170000
v 11.599998 0.300003 1.170000
v 11.519998 1.300003 1.250000
v 11.519998 1.320004 1.250000
v 11.519998 0.280003 1.250000
v 11.519998 0.300003 1.250000
v 11.499997 1.300003 1.270000
v 11.499997 1.320004 1.270000
v 11.499997 0.280003 1.270000
v 11.499997 0.300003 1.270000
v 11.419997 1.300003 1.350000
v 11.419997 1.320004 1.350000
v 11.419997 0.280003 1.350000
v 11.419997 0.300003 1.350000
v 11.399998 1.300003 1.370000
v 11.399998 1.320004 1.370000
v 11.399998 0.280003 1.370000
v 11.399998 0.300003 1.370000
v 11.320000 1.300005 1.449997
v 11.320000 1.320005 1.449997
v 11.320000 0.280002 1.449997
v 11.320000 0.300002 1.449997
v 10.920000 1.300005 1.849998
v 10.920000 1.320004 1.849998
v 11.000000 1.300005 1.770001
v 11.000000 1.320004 1.770001
v 11.020000 1.300005 1.750001
v 11.020000 1.320004 1.750001
v 11.100000 1.300005 1.670000
v 11.100000 1.320004 1.670000
v 11.120000 1.300005 1.649999
v 11.120000 1.320004 1.649999
v 11.200000 1.300005 1.570001
v 11.200000 1.320004 1.570001
v 11.300000 0.280002 1.470000
v 11.300000 0.300001 1.470000
v 11.220000 0.300001 1.549999
v 11.220000 0.280002 1.549999
v 11.220000 1.300005 1.549999
v 11.220000 1.320004 1.549999
v 11.200000 0.300001 1.570001
v 11.200000 0.280002 1.570001
v 11.120000 0.300001 1.649999
v 11.120000 0.280002 1.649999
v 11.100000 0.300001 1.670000
v 11.100000 0.280002 1.670000
v 11.020000 0.300001 1.750001
v 11.020000 0.280002 1.750001
v 11.000000 0.300001 1.770001
v 11.000000 0.280002 1.770001
v 10.920000 0.300001 1.849998
v 10.920000 0.280002 1.849998
v 10.900000 0.300001 1.870000
v 10.900000 0.280002 1.870000
v 10.820000 0.300001 1.950000
v 10.820000 0.280002 1.950000
v 10.800000 0.300001 1.970001
v 10.800000 0.280002 1.970001
v 10.720000 0.300001 2.050000
v 10.720000 0.280002 2.050000
v 10.700000 0.300001 2.069999
v 10.700000 0.280002 2.069999
v 10.620000 0.300001 2.149999
v 10.620000 0.280002 2.149999
v 10.600000 0.300001 2.169999
v 10.600000 0.280002 2.169999
v 10.520000 0.300001 2.250001
v 10.520000 0.280002 2.250001
v 10.500000 0.300001 2.270000
v 10.500000 0.280002 2.270000
v 10.420000 0.300001 2.349998
v 10.420000 0.280002 2.349998
v 10.400000 0.300001 2.370000
v 10.400000 0.280002 2.370000
v 10.320000 0.300001 2.450000
v 10.320000 0.280002 2.450000
v 10.300000 0.300001 2.470000
v 10.300000 0.280002 2.470000
v 10.220000 0.300001 2.549999
v 10.220000 0.280002 2.549999
v 10.200000 0.300001 2.570000
v 10.200000 0.280002 2.570000
v 10.120000 0.300001 2.650000
v 10.120000 0.280002 2.650000
v 10.100000 0.300001 2.670000
v 10.100000 0.280002 2.670000
v 10.020000 0.300001 2.750000
v 10.020000 0.280002 2.750000
v 10.000000 0.300001 2.770000
v 10.000000 0.280002 2.770000
v 11.300000 1.320004 1.470000
v 9.920000 0.300003 2.849997
v 9.920000 0.280005 2.849997
v 11.300000 1.300005 1.470000
v 10.900000 1.320004 1.870000
v 10.900000 1.300005 1.870000
v 10.820000 1.320004 1.950000
v 10.820000 1.300005 1.950000
v 10.800000 1.320004 1.970001
v 10.800000 1.300005 1.970001
v 10.720000 1.320004 2.050000
v 10.720000 1.300005 2.050000
v 10.700000 1.320004 2.069999
v 10.700000 1.300005 2.069999
v 10.620000 1.320004 2.149999
v 10.620000 1.300005 2.149999
v 10.600000 1.320004 2.169999
v 10.600000 1.300005 2.169999
v 10.520000 1.320004 2.250001
v 10.520000 1.300005 2.250001
v 10.500000 1.320004 2.270000
v 10.500000 1.300005 2.270000
v 10.420000 1.320004 2.349998
v 10.420000 1.300005 2.349998
v 10.400000 1.320004 2.370000
v 10.400000 1.300005 2.370000
v 10.320000 1.320004 2.450000
v 10.320000 1.300005 2.450000
v 10.300000 1.320004 2.470000
v 10.300000 1.300005 2.470000
v 10.220000 1.320004 2.549999
v 10.220000 1.300005 2.549999
v 10.200000 1.320004 2.570000
v 10.200000 1.300005 2.570000
v 10.120000 1.320004 2.650000
v 10.120000 1.300005 2.650000
v 10.100000 1.320004 2.670000
v 10.100000 1.300005 2.670000
v 10.020000 1.320004 2.750000
v 10.020000 1.300005 2.750000
v 10.000000 1.320004 2.770000
v 10.000000 1.300005 2.770000
v 9.920000 1.320001 2.849997
v 9.920000 1.300002 2.849997
v 8.500000 0.300003 2.849997
v 8.520000 0.300003 2.849997
v 8.520000 0.280005 2.849997
v 8.500000 0.280005 2.849997
v 8.600000 0.300003 2.849997
v 8.600000 0.280005 2.849997
v 8.620000 0.300003 2.849997
v 8.620000 0.280005 2.849997
v 8.700000 0.300003 2.849997
v 8.700000 0.280005 2.849997
v 8.720000 0.300003 2.849997
v 8.720000 0.280005 2.849997
v 8.800000 0.300003 2.849997
v 8.800000 0.280005 2.849997
v 8.820000 0.300003 2.849997
v 8.820000 0.280005 2.849997
v 8.900000 0.300003 2.849997
v 8.900000 0.280005 2.849997
v 8.920000 0.300003 2.849997
v 8.920000 0.280005 2.849997
v 9.000000 0.300003 2.849997
v 9.000000 0.280005 2.849997
v 9.020000 0.300003 2.849997
v 9.020000 0.280005 2.849997
v 9.100000 0.300003 2.849997
v 9.100000 0.280005 2.849997
v 9.120000 0.300003 2.849997
v 9.120000 0.280005 2.849997
v 9.200000 0.300003 2.849997
v 9.200000 0.280005 2.849997
v 9.220000 0.300003 2.849997
v 9.220000 0.280005 2.849997
v 9.300000 0.300003 2.849997
v 9.300000 0.280005 2.849997
v 9.320000 0.300003 2.849997
v 9.320000 0.280005 2.849997
v 9.400000 0.300003 2.849997
v 9.400000 0.280005 2.849997
v 9.420000 0.300003 2.849997
v 9.420000 0.280005 2.849997
v 9.500000 0.300003 2.849997
v 9.500000 0.280005 2.849997
v 9.520000 0.300003 2.849997
v 9.520000 0.280005 2.849997
v 9.600000 0.300003 2.849997
v 9.600000 0.280005 2.849997
v 9.620000 0.300003 2.849997
v 9.620000 0.280005 2.849997
v 9.700000 0.300003 2.849997
v 9.700000 0.280005 2.849997
v 9.720000 0.300003 2.849997
v 9.720000 0.280005 2.849997
v 9.800000 0.300003 2.849997
v 9.800000 0.280005 2.849997
v 9.820000 0.300003 2.849997
v 9.820000 0.280005 2.849997
v 9.900000 0.300003 2.849997
v 9.900000 0.280005 2.849997
v 9.500000 1.320001 2.849997
v 9.500000 1.300002 2.849997
v 9.520000 1.320001 2.849997
v 9.520000 1.300002 2.849997
v 9.600000 1.320001 2.849997
v 9.600000 1.300002 2.849997
v 9.620000 1.320001 2.849997
v 9.620000 1.300002 2.849997
v 9.700000 1.320001 2.849997
v 9.700000 1.300002 2.849997
v 9.720000 1.320001 2.849997
v 9.720000 1.300002 2.849997
v 9.800000 1.320001 2.849997
v 9.800000 1.300002 2.849997
v 9.820000 1.320001 2.849997
v 9.820000 1.300002 2.849997
v 9.900000 1.320001 2.849997
v 9.900000 1.300002 2.849997
v 9.500000 1.400003 2.849997
v 9.520000 1.400003 2.849997
v 9.500000 1.420003 2.849997
v 9.520000 1.420003 2.849997
v 9.500000 1.500003 2.849997
v 9.520000 1.500003 2.849997
v 9.500000 1.520003 2.849997
v 9.520000 1.520003 2.849997
v 9.500000 1.600003 2.849997
v 9.520000 1.600003 2.849997
v 9.500000 1.620003 2.849997
v 9.520000 1.620003 2.849997
v 9.500000 1.700003 2.849997
v 9.520000 1.700003 2.849997
v 9.500000 1.720003 2.849997
v 9.520000 1.720003 2.849997
v 9.500000 1.800003 2.849997
v 9.520000 1.800003 2.849997
v 9.500000 1.820004 2.849997
v 9.520000 1.820004 2.849997
v 9.500000 1.900003 2.849997
v 9.520000 1.900003 2.849997
v 9.500000 1.920003 2.849997
v 9.520000 1.920003 2.849997
v 9.500000 2.000003 2.849997
v 9.520000 2.000003 2.849997
v 9.500000 2.020003 2.849997
v 9.520000 2.020003 2.849997
v 9.500000 2.100003 2.849997
v 9.520000 2.100003 2.849997
v 9.500000 2.120003 2.849997
v 9.520000 2.120003 2.849997
v 9.500000 2.200003 2.849997
v 9.520000 2.200003 2.849997
v 9.500000 2.220003 2.849997
v 9.520000 2.220003 2.849997
v 9.500000 2.300003 2.849997
v 9.520000 2.300003 2.849997
v 9.500000 2.320004 2.849997
v 9.520000 2.320004 2.849997
v 9.500000 2.400003 2.849997
v 9.520000 2.400003 2.849997
v 9.500000 2.420003 2.849997
v 9.520000 2.420003 2.849997
v 9.500000 2.500003 2.849997
v 9.520000 2.500003 2.849997
v 9.500000 2.520003 2.849997
v 9.520000 2.520003 2.849997
v 9.500000 2.600003 2.850000
v 9.520000 2.600003 2.850000
v 9.500000 2.620003 2.850000
v 9.520000 2.620003 2.850000
v 9.500000 2.700003 2.850000
v 9.520000 2.700003 2.850000
v 9.500000 2.720003 2.850000
v 9.520000 2.720003 2.850000
v 9.500000 2.800003 2.850000
v 9.520000 2.800003 2.850000
v 9.500000 2.820004 2.850000
v 9.520000 2.820004 2.850000
v 9.500000 2.900003 2.850000
v 9.520000 2.900003 2.850000
v 9.500000 2.920003 2.850000
v 9.520000 2.920003 2.850000
v 9.500000 3.000003 2.850000
v 9.520000 3.000003 2.850000
v 9.500000 3.020003 2.850000
v 9.520000 3.020003 2.850000
v 9.500000 3.100003 2.850000
v 9.520000 3.100003 2.850000
v 9.500000 3.120003 2.850000
v 9.520000 3.120003 2.850000
v 9.500000 3.200003 2.850000
v 9.520000 3.200003 2.850000
v 9.500000 3.220003 2.850000
v 9.520000 3.220003 2.850000
v 9.500000 3.300003 2.850000
v 9.520000 3.300003 2.850000
v 9.500000 3.320004 2.850000
v 9.520000 3.320004 2.850000
v 9.500000 3.400003 2.850000
v 9.520000 3.400003 2.850000
v 9.500000 3.420003 2.850000
v 9.520000 3.420003 2.850000
v 9.500000 3.500003 2.850000
v 9.520000 3.500003 2.850000
v 9.500000 3.520003 2.850000
v 9.520000 3.520003 2.850000
v 9.500000 3.600003 2.850000
v 9.520000 3.600003 2.850000
v 9.500000 3.620003 2.850000
v 9.520000 3.620003 2.850000
v 9.500000 3.700003 2.850000
v 9.520000 3.700003 2.850000
v 9.500000 3.720003 2.850000
v 9.520000 3.720003 2.850000
v 9.500000 3.800003 2.850000
v 9.520000 3.800003 2.850000
v 9.500000 3.820004 2.850000
v 9.520000 3.820004 2.850000
v 9.500000 3.900003 2.850000
v 9.520000 3.900003 2.850000
v 9.500000 3.920003 2.850000
v 9.520000 3.920003 2.850000
v 9.500000 4.000003 2.850000
v 9.520000 4.000003 2.850000
v 9.500000 4.020003 2.850000
v 9.520000 4.020003 2.850000
v 9.500000 4.100003 2.850000
v 9.520000 4.100003 2.850000
v 9.500000 4.120003 2.850000
v 9.520000 4.120003 2.850000
v 9.500000 4.200003 2.850000
v 9.520000 4.200003 2.850000
v 9.500000 4.220003 2.850000
v 9.520000 4.220003 2.850000
v 9.500000 4.300003 2.850000
v 9.520000 4.300003 2.850000
v 9.500000 4.320004 2.850000
v 9.520000 4.320004 2.850000
v 9.500000 4.400003 2.850000
v 9.520000 4.400003 2.850000
v 9.500000 4.420003 2.850000
v 9.520000 4.420003 2.850000
v 9.500000 4.500003 2.850000
v 9.520000 4.500003 2.850000
v 9.500000 4.520003 2.850000
v 9.520000 4.520003 2.850000
v 9.500000 4.600003 2.850000
v 9.520000 4.600003 2.850000
v 9.500000 4.620003 2.850000
v 9.520000 4.620003 2.850000
v 9.500000 4.700003 2.850000
v 9.520000 4.700003 2.850000
v 9.500000 4.720003 2.850000
v 9.520000 4.720003 2.850000
v 9.500000 4.800003 2.850000
v 9.520000 4.800003 2.850000
v 9.500000 4.820004 2.850000
v 9.520000 4.820004 2.850000
v 9.500000 4.900003 2.850000
v 9.520000 4.900003 2.850000
v 9.500000 4.920003 2.850000
v 9.520000 4.920003 2.850000
v 9.500000 5.000003 2.850000
v 9.520000 5.000003 2.850000
v 9.500000 5.020003 2.850000
v 9.520000 5.020003 2.850000
v 9.500000 5.100003 2.850000
v 9.520000 5.100003 2.850000
v 9.500000 5.120003 2.850000
v 9.520000 5.120003 2.850000
v 9.420000 5.100003 2.850000
v 9.420000 5.120003 2.850000
v 9.400000 5.100003 2.850000
v 9.400000 5.120003 2.850000
v 9.320000 5.100003 2.850000
v 9.320000 5.120003 2.850000
v 9.300000 5.100003 2.850000
v 9.300000 5.120003 2.850000
v 9.220000 5.100003 2.850000
v 9.220000 5.120003 2.850000
v 9.200000 5.100003 2.850000
v 9.200000 5.120003 2.850000
v 9.120000 5.100003 2.850000
v 9.120000 5.120003 2.850000
v 9.100000 5.100003 2.850000
v 9.100000 5.120003 2.850000
v 9.020000 5.100003 2.850000
v 9.020000 5.120003 2.850000
v 9.000000 5.100003 2.850000
v 9.000000 5.120003 2.850000
v 8.920000 5.100003 2.850000
v 8.920000 5.120003 2.850000
v 8.900000 5.100003 2.850000
v 8.900000 5.120003 2.850000
v 8.820000 5.100003 2.850000
v 8.820000 5.120003 2.850000
v 8.800000 5.100003 2.850000
v 8.800000 5.120003 2.850000
v 8.720000 5.100003 2.850000
v 8.720000 5.120003 2.850000
v 8.700000 5.100003 2.850000
v 8.700000 5.120003 2.850000
v 8.620000 5.100003 2.850000
v 8.620000 5.120003 2.850000
v 8.600000 5.100003 2.850000
v 8.600000 5.120003 2.850000
v 8.520000 5.100003 2.850000
v 8.520000 5.120003 2.850000
v 8.500000 5.100003 2.850000
v 8.500000 5.120003 2.850000
v 12.599998 1.300003 1.150000
v 12.599998 1.320004 1.150000
v 12.619997 1.300003 1.150000
v 12.619997 1.320004 1.150000
v 12.519998 1.300003 1.150000
v 12.519998 1.320004 1.150000
v 12.499997 1.300003 1.170000
v 12.499997 1.320004 1.170000
v 12.599998 0.280003 1.150000
v 12.599998 0.300003 1.150000
v 12.619997 0.280003 1.150000
v 12.619997 0.300003 1.150000
v 12.520000 0.280003 1.150000
v 12.520000 0.300003 1.150000
v 12.499997 0.280003 1.170000
v 12.499997 0.300003 1.170000
v 12.419997 1.300003 1.250000
v 12.419997 1.320004 1.250000
v 12.419997 0.280003 1.250000
v 12.419997 0.300003 1.250000
v 12.399998 1.300003 1.270000
v 12.399998 1.320004 1.270000
v 12.399998 0.280003 1.270000
v 12.399998 0.300003 1.270000
v 12.319998 1.300003 1.350000
v 12.319998 1.320004 1.350000
v 12.319998 0.280003 1.350000
v 12.319998 0.300003 1.350000
v 12.299997 1.300003 1.370000
v 12.299997 1.320004 1.370000
v 12.299997 0.280003 1.370000
v 12.299997 0.300003 1.370000
v 12.219997 1.300003 1.450000
v 12.219997 1.320004 1.450000
v 12.219997 0.280003 1.450000
v 12.219997 0.300003 1.450000
v 12.199997 1.300003 1.470001
v 12.199997 1.320004 1.470001
v 12.199997 0.280003 1.470001
v 12.199997 0.300003 1.470001
v 12.119997 1.300003 1.550001
v 12.119997 1.320004 1.550001
v 12.119997 0.280003 1.550001
v 12.119997 0.300003 1.550001
v 12.099998 1.300003 1.570001
v 12.099998 1.320004 1.570001
v 12.099998 0.280003 1.570001
v 12.099998 0.300003 1.570001
v 12.019998 1.300003 1.650001
v 12.019998 1.320004 1.650001
v 12.019998 0.280003 1.650001
v 12.019998 0.300003 1.650001
v 11.999997 1.300003 1.670001
v 11.999997 1.320004 1.670001
v 11.999997 0.280003 1.670001
v 11.999997 0.300003 1.670001
v 11.919997 1.300003 1.750001
v 11.919997 1.320004 1.750001
v 11.919997 0.280003 1.750001
v 11.919997 0.300003 1.750001
v 11.899998 1.300003 1.770001
v 11.899998 1.320004 1.770001
v 11.899998 0.280003 1.770001
v 11.899998 0.300003 1.770001
v 11.819998 1.300003 1.850001
v 11.819998 1.320004 1.850001
v 11.819998 0.280003 1.850001
v 11.819998 0.300003 1.850001
v 11.799997 1.300003 1.870001
v 11.799997 1.320004 1.870001
v 11.799997 0.280003 1.870001
v 11.799997 0.300003 1.870001
v 11.719997 1.300003 1.950000
v 11.719997 1.320004 1.950000
v 11.719997 0.280003 1.950000
v 11.719997 0.300003 1.950000
v 11.699997 1.300003 1.970001
v 11.699997 1.320004 1.970001
v 11.699997 0.280003 1.970001
v 11.699997 0.300003 1.970001
v 11.619997 1.300003 2.050000
v 11.619997 1.320004 2.050000
v 11.619997 0.280003 2.050000
v 11.619997 0.300003 2.050000
v 11.599998 1.300003 2.070000
v 11.599998 1.320004 2.070000
v 11.599998 0.280003 2.070000
v 11.599998 0.300003 2.070000
v 11.519998 1.300003 2.150000
v 11.519998 1.320004 2.150000
v 11.519998 0.280003 2.150000
v 11.519998 0.300003 2.150000
v 11.499997 1.300003 2.170000
v 11.499997 1.320004 2.170000
v 11.499997 0.280003 2.170000
v 11.499997 0.300003 2.170000
v 11.419997 1.300003 2.250000
v 11.419997 1.320004 2.250000
v 11.419997 0.280003 2.250000
v 11.419997 0.300003 2.250000
v 11.399998 1.300003 2.270000
v 11.399998 1.320004 2.270000
v 11.399998 0.280003 2.270000
v 11.399998 0.300003 2.270000
v 11.320000 1.300005 2.349997
v 11.320000 1.320005 2.349997
v 11.320000 0.280002 2.349997
v 11.320000 0.300002 2.349997
v 10.920000 1.300005 2.749998
v 10.920000 1.320004 2.749998
v 11.000000 1.300005 2.670001
v 11.000000 1.320004 2.670001
v 11.020000 1.300005 2.650001
v 11.020000 1.320004 2.650001
v 11.100000 1.300005 2.570000
v 11.100000 1.320004 2.570000
v 11.120000 1.300005 2.549999
v 11.120000 1.320004 2.549999
v 11.200000 1.300005 2.470001
v 11.200000 1.320004 2.470001
v 11.300000 0.280002 2.370000
v 11.300000 0.300001 2.370000
v 11.220000 0.300001 2.449999
v 11.220000 0.280002 2.449999
v 11.220000 1.300005 2.449999
v 11.220000 1.320004 2.449999
v 11.200000 0.300001 2.470001
v 11.200000 0.280002 2.470001
v 11.120000 0.300001 2.549999
v 11.120000 0.280002 2.549999
v 11.100000 0.300001 2.570000
v 11.100000 0.280002 2.570000
v 11.020000 0.300001 2.650001
v 11.020000 0.280002 2.650001
v 11.000000 0.300001 2.670001
v 11.000000 0.280002 2.670001
v 10.920000 0.300001 2.749998
v 10.920000 0.280002 2.749998
v 10.900000 0.300001 2.770000
v 10.900000 0.280002 2.770000
v 10.820000 0.300001 2.850000
v 10.820000 0.280002 2.850000
v 10.800000 0.300001 2.870001
v 10.800000 0.280002 2.870001
v 10.720000 0.300001 2.950000
v 10.720000 0.280002 2.950000
v 10.700000 0.300001 2.969999
v 10.700000 0.280002 2.969999
v 10.620000 0.300001 3.049999
v 10.620000 0.280002 3.049999
v 10.600000 0.300001 3.069999
v 10.600000 0.280002 3.069999
v 10.520000 0.300001 3.150001
v 10.520000 0.280002 3.150001
v 10.500000 0.300001 3.170001
v 10.500000 0.280002 3.170001
v 10.420000 0.300001 3.249999
v 10.420000 0.280002 3.249999
v 10.400000 0.300001 3.270000
v 10.400000 0.280002 3.270000
v 10.320000 0.300001 3.350000
v 10.320000 0.280002 3.350000
v 10.300000 0.300001 3.370000
v 10.300000 0.280002 3.370000
v 10.220000 0.300001 3.450000
v 10.220000 0.280002 3.450000
v 10.200000 0.300001 3.470000
v 10.200000 0.280002 3.470000
v 10.120000 0.300001 3.550000
v 10.120000 0.280002 3.550000
v 10.100000 0.300001 3.570000
v 10.100000 0.280002 3.570000
v 10.020000 0.300001 3.650000
v 10.020000 0.280002 3.650000
v 10.000000 0.300001 3.670000
v 10.000000 0.280002 3.670000
v 11.300000 1.320004 2.370000
v 9.920000 0.300003 3.749997
v 9.920000 0.280005 3.749997
v 11.300000 1.300005 2.370000
v 10.900000 1.320004 2.770000
v 10.900000 1.300005 2.770000
v 10.820000 1.320004 2.850000
v 10.820000 1.300005 2.850000
v 10.800000 1.320004 2.870001
v 10.800000 1.300005 2.870001
v 10.720000 1.320004 2.950000
v 10.720000 1.300005 2.950000
v 10.700000 1.320004 2.969999
v 10.700000 1.300005 2.969999
v 10.620000 1.320004 3.049999
v 10.620000 1.300005 3.049999
v 10.600000 1.320004 3.069999
v 10.600000 1.300005 3.069999
v 10.520000 1.320004 3.150001
v 10.520000 1.300005 3.150001
v 10.500000 1.320004 3.170001
v 10.500000 1.300005 3.170001
v 10.420000 1.320004 3.249999
v 10.420000 1.300005 3.249999
v 10.400000 1.320004 3.270000
v 10.400000 1.300005 3.270000
v 10.320000 1.320004 3.350000
v 10.320000 1.300005 3.350000
v 10.300000 1.320004 3.370000
v 10.300000 1.300005 3.370000
v 10.220000 1.320004 3.450000
v 10.220000 1.300005 3.450000
v 10.200000 1.320004 3.470000
v 10.200000 1.300005 3.470000
v 10.120000 1.320004 3.550000
v 10.120000 1.300005 3.550000
v 10.100000 1.320004 3.570000
v 10.100000 1.300005 3.570000
v 10.020000 1.320004 3.650000
v 10.020000 1.300005 3.650000
v 10.000000 1.320004 3.670000
v 10.000000 1.300005 3.670000
v 9.920000 1.320001 3.749997
v 9.920000 1.300002 3.749997
v 8.500000 0.300003 3.749997
v 8.520000 0.300003 3.749997
v 8.520000 0.280005 3.749997
v 8.500000 0.280005 3.749997
v 8.600000 0.300003 3.749997
v 8.600000 0.280005 3.749997
v 8.620000 0.300003 3.749997
v 8.620000 0.280005 3.749997
v 8.700000 0.300003 3.749997
v 8.700000 0.280005 3.749997
v 8.720000 0.300003 3.749997
v 8.720000 0.280005 3.749997
v 8.800000 0.300003 3.749997
v 8.800000 0.280005 3.749997
v 8.820000 0.300003 3.749997
v 8.820000 0.280005 3.749997
v 8.900000 0.300003 3.749997
v 8.900000 0.280005 3.749997
v 8.920000 0.300003 3.749997
v 8.920000 0.280005 3.749997
v 9.000000 0.300003 3.749997
v 9.000000 0.280005 3.749997
v 9.020000 0.300003 3.749997
v 9.020000 0.280005 3.749997
v 9.100000 0.300003 3.749997
v 9.100000 0.280005 3.749997
v 9.120000 0.300003 3.749997
v 9.120000 0.280005 3.749997
v 9.200000 0.300003 3.749997
v 9.200000 0.280005 3.749997
v 9.220000 0.300003 3.749997
v 9.220000 0.280005 3.749997
v 9.300000 0.300003 3.749997
v 9.300000 0.280005 3.749997
v 9.320000 0.300003 3.749997
v 9.320000 0.280005 3.749997
v 9.400000 0.300003 3.749997
v 9.400000 0.280005 3.749997
v 9.420000 0.300003 3.749997
v 9.420000 0.280005 3.749997
v 9.500000 0.300003 3.749997
v 9.500000 0.280005 3.749997
v 9.520000 0.300003 3.749997
v 9.520000 0.280005 3.749997
v 9.600000 0.300003 3.749997
v 9.600000 0.280005 3.749997
v 9.620000 0.300003 3.749997
v 9.620000 0.280005 3.749997
v 9.700000 0.300003 3.749997
v 9.700000 0.280005 3.749997
v 9.720000 0.300003 3.749997
v 9.720000 0.280005 3.749997
v 9.800000 0.300003 3.749997
v 9.800000 0.280005 3.749997
v 9.820000 0.300003 3.749997
v 9.820000 0.280005 3.749997
v 9.900000 0.300003 3.749997
v 9.900000 0.280005 3.749997
v 9.500000 1.320001 3.749997
v 9.500000 1.300002 3.749997
v 9.520000 1.320001 3.749997
v 9.520000 1.300002 3.749997
v 9.600000 1.320001 3.749997
v 9.600000 1.300002 3.749997
v 9.620000 1.320001 3.749997
v 9.620000 1.300002 3.749997
v 9.700000 1.320001 3.749997
v 9.700000 1.300002 3.749997
v 9.720000 1.320001 3.749997
v 9.720000 1.300002 3.749997
v 9.800000 1.320001 3.749997
v 9.800000 1.300002 3.749997
v 9.820000 1.320001 3.749997
v 9.820000 1.300002 3.749997
v 9.900000 1.320001 3.749997
v 9.900000 1.300002 3.749997
v 9.500000 1.400003 3.749997
v 9.520000 1.400003 3.749997
v 9.500000 1.420003 3.749997
v 9.520000 1.420003 3.749997
v 9.500000 1.500003 3.749997
v 9.520000 1.500003 3.749997
v 9.500000 1.520003 3.749997
v 9.520000 1.520003 3.749997
v 9.500000 1.600003 3.749997
v 9.520000 1.600003 3.749997
v 9.500000 1.620003 3.749997
v 9.520000 1.620003 3.749997
v 9.500000 1.700003 3.749997
v 9.520000 1.700003 3.749997
v 9.500000 1.720003 3.749997
v 9.520000 1.720003 3.749997
v 9.500000 1.800003 3.749997
v 9.520000 1.800003 3.749997
v 9.500000 1.820004 3.749997
v 9.520000 1.820004 3.749997
v 9.500000 1.900003 3.749997
v 9.520000 1.900003 3.749997
v 9.500000 1.920003 3.749997
v 9.520000 1.920003 3.749997
v 9.500000 2.000003 3.749997
v 9.520000 2.000003 3.749997
v 9.500000 2.020003 3.749997
v 9.520000 2.020003 3.749997
v 9.500000 2.100003 3.749997
v 9.520000 2.100003 3.749997
v 9.500000 2.120003 3.749997
v 9.520000 2.120003 3.749997
v 9.500000 2.200003 3.749997
v 9.520000 2.200003 3.749997
v 9.500000 2.220003 3.749997
v 9.520000 2.220003 3.749997
v 9.500000 2.300003 3.749997
v 9.520000 2.300003 3.749997
v 9.500000 2.320004 3.749997
v 9.520000 2.320004 3.749997
v 9.500000 2.400003 3.749997
v 9.520000 2.400003 3.749997
v 9.500000 2.420003 3.749997
v 9.520000 2.420003 3.749997
v 9.500000 2.500003 3.749997
v 9.520000 2.500003 3.749997
v 9.500000 2.520003 3.749997
v 9.520000 2.520003 3.749997
v 9.500000 2.600003 3.750000
v 9.520000 2.600003 3.750000
v 9.500000 2.620003 3.750000
v 9.520000 2.620003 3.750000
v 9.500000 2.700003 3.750000
v 9.520000 2.700003 3.750000
v 9.500000 2.720003 3.750000
v 9.520000 2.720003 3.750000
v 9.500000 2.800003 3.750000
v 9.520000 2.800003 3.750000
v 9.500000 2.820004 3.750000
v 9.520000 2.820004 3.750000
v 9.500000 2.900003 3.750000
v 9.520000 2.900003 3.750000
v 9.500000 2.920003 3.750000
v 9.520000 2.920003 3.750000
v 9.500000 3.000003 3.750000
v 9.520000 3.000003 3.750000
v 9.500000 3.020003 3.750000
v 9.520000 3.020003 3.750000
v 9.500000 3.100003 3.750000
v 9.520000 3.100003 3.750000
v 9.500000 3.120003 3.750000
v 9.520000 3.120003 3.750000
v 9.500000 3.200003 3.750000
v 9.520000 3.200003 3.750000
v 9.500000 3.220003 3.750000
v 9.520000 3.220003 3.750000
v 9.500000 3.300003 3.750000
v 9.520000 3.300003 3.750000
v 9.500000 3.320004 3.750000
v 9.520000 3.320004 3.750000
v 9.500000 3.400003 3.750000
v 9.520000 3.400003 3.750000
v 9.500000 3.420003 3.750000
v 9.520000 3.420003 3.750000
v 9.500000 3.500003 3.750000
v 9.520000 3.500003 3.750000
v 9.500000 3.520003 3.750000
v 9.520000 3.520003 3.750000
v 9.500000 3.600003 3.750000
v 9.520000 3.600003 3.750000
v 9.500000 3.620003 3.750000
v 9.520000 3.620003 3.750000
v 9.500000 3.700003 3.750000
v 9.520000 3.700003 3.750000
v 9.500000 3.720003 3.750000
v 9.520000 3.720003 3.750000
v 9.500000 3.800003 3.750000
v 9.520000 3.800003 3.750000
v 9.500000 3.820004 3.750000
v 9.520000 3.820004 3.750000
v 9.500000 3.900003 3.750000
v 9.520000 3.900003 3.750000
v 9.500000 3.920003 3.750000
v 9.520000 3.920003 3.750000
v 9.500000 4.000003 3.750000
v 9.520000 4.000003 3.750000
v 9.500000 4.020003 3.750000
v 9.520000 4.020003 3.750000
v 9.500000 4.100003 3.750000
v 9.520000 4.100003 3.750000
v 9.500000 4.120003 3.750000
v 9.520000 4.120003 3.750000
v 9.500000 4.200003 3.750000
v 9.520000 4.200003 3.750000
v 9.500000 4.220003 3.750000
v 9.520000 4.220003 3.750000
v 9.500000 4.300003 3.750000
v 9.520000 4.300003 3.750000
v 9.500000 4.320004 3.750000
v 9.520000 4.320004 3.750000
v 9.500000 4.400003 3.750000
v 9.520000 4.400003 3.750000
v 9.500000 4.420003 3.750000
v 9.520000 4.420003 3.750000
v 9.500000 4.500003 3.750000
v 9.520000 4.500003 3.750000
v 9.500000 4.520003 3.750000
v 9.520000 4.520003 3.750000
v 9.500000 4.600003 3.750000
v 9.520000 4.600003 3.750000
v 9.500000 4.620003 3.750000
v 9.520000 4.620003 3.750000
v 9.500000 4.700003 3.750000
v 9.520000 4.700003 3.750000
v 9.500000 4.720003 3.750000
v 9.520000 4.720003 3.750000
v 9.500000 4.800003 3.750000
v 9.520000 4.800003 3.750000
v 9.500000 4.820004 3.750000
v 9.520000 4.820004 3.750000
v 9.500000 4.900003 3.750000
v 9.520000 4.900003 3.750000
v 9.500000 4.920003 3.750000
v 9.520000 4.920003 3.750000
v 9.500000 5.000003 3.750000
v 9.520000 5.000003 3.750000
v 9.500000 5.020003 3.750000
v 9.520000 5.020003 3.750000
v 9.500000 5.100003 3.750000
v 9.520000 5.100003 3.750000
v 9.500000 5.120003 3.750000
v 9.520000 5.120003 3.750000
v 9.420000 5.100003 3.750000
v 9.420000 5.120003 3.750000
v 9.400000 5.100003 3.750000
v 9.400000 5.120003 3.750000
v 9.320000 5.100003 3.750000
v 9.320000 5.120003 3.750000
v 9.300000 5.100003 3.750000
v 9.300000 5.120003 3.750000
v 9.220000 5.100003 3.750000
v 9.220000 5.120003 3.750000
v 9.200000 5.100003 3.750000
v 9.200000 5.120003 3.750000
v 9.120000 5.100003 3.750000
v 9.120000 5.120003 3.750000
v 9.100000 5.100003 3.750000
v 9.100000 5.120003 3.750000
v 9.020000 5.100003 3.750000
v 9.020000 5.120003 3.750000
v 9.000000 5.100003 3.750000
v 9.000000 5.120003 3.750000
v 8.920000 5.100003 3.750000
v 8.920000 5.120003 3.750000
v 8.900000 5.100003 3.750000
v 8.900000 5.120003 3.750000
v 8.820000 5.100003 3.750000
v 8.820000 5.120003 3.750000
v 8.800000 5.100003 3.750000
v 8.800000 5.120003 3.750000
v 8.720000 5.100003 3.750000
v 8.720000 5.120003 3.750000
v 8.700000 5.100003 3.750000
v 8.700000 5.120003 3.750000
v 8.620000 5.100003 3.750000
v 8.620000 5.120003 3.750000
v 8.600000 5.100003 3.750000
v 8.600000 5.120003 3.750000
v 8.520000 5.100003 3.750000
v 8.520000 5.120003 3.750000
v 8.500000 5.100003 3.750000
v 8.500000 5.120003 3.750000
v 8.499998 5.100003 2.550000
v 8.499998 0.300003 2.550000
v 9.500000 5.100003 2.550000
v 9.919995 0.300003 2.550000
v 12.520000 1.300003 -0.050000
v 12.519990 0.300003 -0.050000
v 9.500000 1.300003 2.550000
v 9.919995 1.300003 2.550000
v 8.499998 5.100003 2.849997
v 8.499998 0.300003 2.849997
v 9.500000 5.100003 2.849997
v 9.919995 0.300003 2.849997
v 12.520000 1.300003 0.250000
v 12.519990 0.300003 0.250000
v 9.500000 1.300003 2.849997
v 9.919995 1.300003 2.849997
v 12.520000 0.280003 -0.050000
v 12.520000 0.280003 -0.000004
v 12.520000 0.280003 0.250000
v 9.520000 1.320004 2.849997
v 12.520000 0.290003 0.200001
v 9.919995 1.320003 2.550000
v 9.919995 0.280005 2.550000
v 12.520000 0.290003 -0.000004
v 8.499998 0.280005 2.599997
v 8.499998 0.280005 2.550000
v 12.520000 0.280003 0.200001
v 9.919995 0.280005 2.849997
v 9.919995 0.280005 2.599997
v 9.520000 1.320004 2.550000
v 12.520000 1.320004 0.250000
v 9.919995 1.320003 2.849997
v 8.499998 0.280005 2.849997
v 9.919995 0.280005 2.799996
v 8.499998 0.280005 2.799996
v 8.499998 0.290003 2.799996
v 9.919995 0.290003 2.799996
v 9.919995 0.290003 2.599997
v 8.499998 0.290003 2.599997
v 12.520000 1.310003 0.000004
v 12.520000 1.310003 0.199999
v 12.520000 1.320004 -0.050000
v 12.520000 1.320004 0.000004
v 12.520000 1.320004 0.199999
v 9.510000 1.310003 2.600004
v 9.510000 1.310003 2.799994
v 9.510000 5.110003 2.799994
v 9.510000 5.110003 2.600004
v 9.520000 5.120003 2.550000
v 9.520000 5.120003 2.849997
v 9.520000 1.320004 2.600004
v 9.520000 1.320004 2.799994
v 9.520000 5.120003 2.799994
v 9.520000 5.120003 2.600004
v 8.499998 5.110003 2.799994
v 8.499998 5.110003 2.600004
v 8.499998 5.120004 2.550000
v 8.499998 5.120004 2.849997
v 8.499998 5.120004 2.799994
v 8.499998 5.120004 2.600004
v 9.919995 1.310003 2.600004
v 9.919995 1.310003 2.799994
v 9.919995 1.320003 2.600004
v 9.919995 1.320003 2.799994
v 12.620000 1.300003 -0.050000
v 12.619989 0.300003 -0.050000
v 12.620000 1.300003 0.250000
v 12.619989 0.300003 0.250000
v 12.620000 0.280003 -0.050000
v 12.620000 0.280003 -0.000004
v 12.620000 0.280003 0.250000
v 12.620000 0.290003 0.200001
v 12.620000 0.290003 -0.000004
v 12.620000 0.280003 0.200001
v 12.620000 1.320004 0.250000
v 12.620000 1.310003 0.000004
v 12.620000 1.310003 0.199999
v 12.620000 1.320004 -0.050000
v 12.620000 1.320004 0.000004
v 12.620000 1.320004 0.199999
v 8.499998 5.100003 2.800000
v 8.499998 0.300003 2.800000
v 9.500000 5.100003 2.800000
v 9.919997 1.300003 2.600000
v 9.919997 0.300003 2.600000
v 10.119997 1.300003 2.600000
v 10.119997 0.300003 2.600000
v 10.119997 1.300003 2.400000
v 10.119997 0.300003 2.400000
v 10.319997 1.300003 2.400000
v 10.319997 0.300003 2.400000
v 10.319998 1.300003 2.200000
v 10.319998 0.300003 2.200000
v 10.519998 1.300003 2.200000
v 10.519998 0.300003 2.200000
v 10.519998 1.300003 2.000000
v 10.519998 0.300003 2.000000
v 10.719997 1.300003 2.000000
v 10.719997 0.300003 2.000000
v 10.719997 1.300003 1.800000
v 10.719997 0.300003 1.800000
v 10.919997 1.300003 1.800000
v 10.919997 0.300003 1.800000
v 10.919998 1.300003 1.600000
v 10.919998 0.300003 1.600000
v 11.119998 1.300003 1.600000
v 11.119998 0.300003 1.600000
v 11.119998 1.300003 1.400000
v 11.119998 0.300003 1.400000
v 11.320000 1.300003 1.400000
v 11.320000 0.300003 1.400000
v 11.320000 1.300000 1.200000
v 11.320000 0.300002 1.200000
v 11.520000 1.300000 1.200000
v 11.520000 0.300001 1.200000
v 11.520000 1.300000 1.000000
v 11.520000 0.300001 1.000000
v 11.720000 1.300000 1.000000
v 11.720000 0.300001 1.000000
v 11.720000 1.300000 0.800000
v 11.720000 0.300001 0.800000
v 11.920000 1.300000 0.800000
v 11.920000 0.300001 0.800000
v 11.920000 1.300000 0.600000
v 11.920000 0.300001 0.600000
v 12.120000 1.300000 0.600000
v 12.120000 0.300001 0.600000
v 12.120001 1.300000 0.400000
v 12.120001 0.300001 0.400000
v 12.320001 1.300000 0.400000
v 12.320001 0.300001 0.400000
v 12.320001 1.300000 0.200000
v 12.320001 0.300001 0.200000
v 12.520000 1.300000 0.200000
v 12.520002 0.300001 0.200000
v 8.499998 5.100003 2.789997
v 8.499998 0.300003 2.789997
v 9.500000 5.100003 2.789997
v 9.919997 1.300003 2.589997
v 9.919997 0.300003 2.589997
v 10.119997 1.300003 2.589997
v 10.119997 0.300003 2.589997
v 10.119997 1.300003 2.389997
v 10.119997 0.300003 2.389997
v 10.319997 1.300003 2.389997
v 10.319997 0.300003 2.389997
v 10.319998 1.300003 2.189997
v 10.319998 0.300003 2.189997
v 10.519998 1.300003 2.189997
v 10.519998 0.300003 2.189997
v 10.519998 1.300003 1.989997
v 10.519998 0.300003 1.989997
v 10.719997 1.300003 1.989997
v 10.719997 0.300003 1.989997
v 10.719997 1.300003 1.789997
v 10.719997 0.300003 1.789997
v 10.919997 1.300003 1.789997
v 10.919997 0.300003 1.789997
v 10.919998 1.300003 1.589997
v 10.919998 0.300003 1.589997
v 11.119998 1.300003 1.589997
v 11.119998 0.300003 1.589997
v 11.120000 1.300003 1.389997
v 11.120000 0.300003 1.389997
v 11.320000 1.300003 1.389997
v 11.320000 0.300003 1.389997
v 11.320000 1.300000 1.189997
v 11.320000 0.300002 1.189997
v 11.520000 1.300000 1.189997
v 11.520000 0.300001 1.189997
v 11.520000 1.300000 0.989997
v 11.520000 0.300001 0.989997
v 11.720000 1.300000 0.989997
v 11.720000 0.300001 0.989997
v 11.720000 1.300000 0.789997
v 11.720000 0.300001 0.789997
v 11.920000 1.300000 0.789997
v 11.920000 0.300001 0.789997
v 11.920000 1.300000 0.589997
v 11.920000 0.300001 0.589997
v 12.120000 1.300000 0.589997
v 12.120000 0.300001 0.589997
v 12.120001 1.300000 0.389997
v 12.120001 0.300001 0.389997
v 12.320001 1.300000 0.389997
v 12.320001 0.300001 0.389997
v 12.320001 1.300000 0.189997
v 12.320001 0.300001 0.189997
v 12.519998 1.300000 0.189997
v 12.520002 0.300001 0.190000
v 9.500000 1.300003 2.800000
v 9.500000 1.300003 2.789997
v 9.920000 0.300003 2.800000
v 9.920000 0.300003 2.789997
v 9.920000 1.300003 2.800000
v 9.920000 1.300003 2.789997
v 8.499998 1.300003 2.789997
v 8.499998 1.300003 2.800000
v 8.499998 2.566669 2.800000
v 8.499998 3.833336 2.800000
v 9.500000 2.566669 2.800000
v 9.500000 3.833336 2.800000
v 8.499998 2.566669 2.789997
v 8.499998 3.833336 2.789997
v 9.500000 2.566669 2.789997
v 9.500000 3.833336 2.789997
v 11.219993 0.300003 1.549998
v 11.219993 0.300003 1.250000
v 11.219997 0.280004 1.299997
v 11.219997 0.280004 1.549998
v 11.219997 0.290003 1.499999
v 11.219997 0.290003 1.299997
v 11.219997 0.280004 1.250000
v 11.219997 0.280004 1.499999
v 11.219997 1.300003 1.250000
v 11.219997 1.300003 1.549998
v 11.219997 1.320004 1.300004
v 11.219997 1.310003 1.499996
v 11.219997 1.320004 1.549998
v 11.219997 1.320004 1.499996
v 11.219997 1.320004 1.250000
v 11.219997 1.310003 1.300004
v 9.500000 2.566669 2.550000
v 9.500000 3.833336 2.550000
v 9.500000 2.566669 2.849997
v 9.500000 3.833336 2.849997
v 9.510000 2.576670 2.600004
v 9.510000 3.843336 2.600004
v 9.510000 2.576670 2.799994
v 9.510000 3.843336 2.799994
v 9.520000 2.586670 2.600004
v 9.520000 3.853336 2.600004
v 9.520000 2.586670 2.799994
v 9.520000 3.853336 2.799994
v 9.520000 2.586670 2.849997
v 9.520000 3.853336 2.849997
v 9.520000 2.586670 2.550000
v 9.520000 3.853336 2.550000
v 9.490000 3.823337 3.750000
v 9.490000 2.556669 3.750000
v 9.530000 3.863337 3.750000
v 9.530000 2.596670 3.750000
v 9.490000 3.823337 3.770000
v 9.490000 2.556669 3.770000
v 9.530000 3.863337 3.770000
v 9.530000 2.596670 3.770000
v 11.220000 0.310003 2.450000
v 11.220000 0.270003 2.450000
v 11.220000 0.310003 2.470000
v 11.220000 0.270003 2.470000
v 11.220000 1.330004 2.450000
v 11.220000 1.290003 2.450000
v 11.220000 1.330004 2.470000
v 11.220000 1.290003 2.470000
vt 0.200787 0.627173
vt 0.200787 0.622513
vt 0.219423 0.622512
vt 0.219423 0.627173
vt 0.161497 0.508063
vt 0.161497 0.512722
vt 0.142861 0.512721
vt 0.142861 0.508063
vt 0.224083 0.622512
vt 0.219423 0.575918
vt 0.224083 0.575918
vt 0.200786 0.575918
vt 0.200786 0.571259
vt 0.219422 0.571257
vt 0.161495 0.559316
vt 0.142859 0.559315
vt 0.138201 0.559316
vt 0.138202 0.512720
vt 0.161495 0.563973
vt 0.142859 0.563973
vt 0.230642 0.756122
vt 0.230642 0.751461
vt 0.249279 0.751461
vt 0.249279 0.756122
vt 0.224783 0.376532
vt 0.224783 0.381190
vt 0.206146 0.381190
vt 0.206146 0.376531
vt 0.253939 0.751463
vt 0.249278 0.704867
vt 0.253938 0.704868
vt 0.230642 0.704867
vt 0.230642 0.700207
vt 0.249278 0.700207
vt 0.224783 0.427784
vt 0.206146 0.427784
vt 0.201488 0.427784
vt 0.201488 0.381190
vt 0.224783 0.432442
vt 0.206146 0.432443
vt 0.200773 0.756121
vt 0.200774 0.751460
vt 0.219410 0.751461
vt 0.219410 0.756122
vt 0.191335 0.637929
vt 0.191335 0.642588
vt 0.172698 0.642587
vt 0.172699 0.637929
vt 0.224071 0.751461
vt 0.219411 0.704867
vt 0.224071 0.704867
vt 0.200774 0.704867
vt 0.200774 0.700208
vt 0.219410 0.700206
vt 0.191335 0.689181
vt 0.172699 0.689181
vt 0.168041 0.689182
vt 0.168040 0.642587
vt 0.191335 0.693839
vt 0.172699 0.693839
vt 0.104566 0.754136
vt 0.104566 0.749475
vt 0.123202 0.749475
vt 0.123202 0.754136
vt 0.190891 0.443218
vt 0.190891 0.447876
vt 0.172255 0.447875
vt 0.172255 0.443217
vt 0.127864 0.749476
vt 0.123200 0.702881
vt 0.127861 0.702882
vt 0.104565 0.702882
vt 0.104564 0.698222
vt 0.123200 0.698222
vt 0.190891 0.494470
vt 0.172255 0.494470
vt 0.167596 0.494470
vt 0.167597 0.447875
vt 0.190891 0.499127
vt 0.172255 0.499129
vt 0.200773 0.693635
vt 0.200774 0.688974
vt 0.219410 0.688974
vt 0.219410 0.693635
vt 0.191335 0.575447
vt 0.191335 0.580106
vt 0.172698 0.580106
vt 0.172698 0.575448
vt 0.224071 0.688975
vt 0.219409 0.642381
vt 0.224069 0.642380
vt 0.200773 0.642381
vt 0.200773 0.637720
vt 0.219408 0.637720
vt 0.191334 0.626700
vt 0.172698 0.626700
vt 0.168040 0.626700
vt 0.168040 0.580106
vt 0.191334 0.631358
vt 0.172698 0.631358
vt 0.222956 0.440316
vt 0.222956 0.444976
vt 0.204319 0.444976
vt 0.204319 0.440316
vt 0.127448 0.629906
vt 0.127448 0.634564
vt 0.108812 0.634564
vt 0.108813 0.629905
vt 0.199660 0.444977
vt 0.204319 0.491571
vt 0.199659 0.491571
vt 0.222956 0.491571
vt 0.222956 0.496231
vt 0.204319 0.496231
vt 0.127448 0.681158
vt 0.108811 0.681159
vt 0.104153 0.681159
vt 0.104154 0.634564
vt 0.127448 0.685816
vt 0.108811 0.685817
vt 0.257722 0.440379
vt 0.257722 0.445040
vt 0.239086 0.445041
vt 0.239086 0.440381
vt 0.191335 0.700411
vt 0.191335 0.705069
vt 0.172699 0.705069
vt 0.172699 0.700411
vt 0.234425 0.445042
vt 0.239091 0.491637
vt 0.234432 0.491638
vt 0.257726 0.491635
vt 0.257726 0.496296
vt 0.239091 0.496297
vt 0.191335 0.751663
vt 0.172699 0.751663
vt 0.168041 0.751664
vt 0.168041 0.705069
vt 0.191335 0.756321
vt 0.172699 0.756321
vt 0.234426 0.558783
vt 0.234428 0.554123
vt 0.253065 0.554132
vt 0.253063 0.558793
vt 0.253951 0.571262
vt 0.253951 0.575921
vt 0.235315 0.575919
vt 0.235316 0.571262
vt 0.257725 0.554134
vt 0.253084 0.507537
vt 0.257744 0.507540
vt 0.234448 0.507529
vt 0.234450 0.502868
vt 0.253086 0.502877
vt 0.253949 0.622514
vt 0.235313 0.622514
vt 0.230655 0.622514
vt 0.230657 0.575919
vt 0.253949 0.627173
vt 0.235312 0.627172
vt 0.230643 0.693635
vt 0.230643 0.688975
vt 0.249279 0.688974
vt 0.249279 0.693635
vt 0.190891 0.380735
vt 0.190891 0.385393
vt 0.172255 0.385392
vt 0.172255 0.380734
vt 0.253939 0.688974
vt 0.249278 0.642380
vt 0.253938 0.642380
vt 0.230642 0.642380
vt 0.230643 0.637720
vt 0.249278 0.637720
vt 0.190891 0.431986
vt 0.172255 0.431987
vt 0.167597 0.431987
vt 0.167597 0.385392
vt 0.190891 0.436644
vt 0.172255 0.436645
vt 0.161986 0.698222
vt 0.161985 0.702883
vt 0.143349 0.702881
vt 0.143349 0.698222
vt 0.190889 0.505699
vt 0.190890 0.510357
vt 0.172254 0.510358
vt 0.172253 0.505701
vt 0.138687 0.702882
vt 0.143348 0.749475
vt 0.138687 0.749476
vt 0.161984 0.749476
vt 0.161983 0.754136
vt 0.143348 0.754136
vt 0.190891 0.556952
vt 0.172255 0.556954
vt 0.167596 0.556954
vt 0.167596 0.510359
vt 0.190892 0.561610
vt 0.172256 0.561611
vt 0.257727 0.377896
vt 0.257727 0.382556
vt 0.239092 0.382555
vt 0.239092 0.377896
vt 0.158732 0.635104
vt 0.158732 0.639762
vt 0.140096 0.639761
vt 0.140096 0.635103
vt 0.234433 0.382555
vt 0.239089 0.429145
vt 0.234425 0.429143
vt 0.257727 0.429147
vt 0.257727 0.433808
vt 0.239088 0.433806
vt 0.158732 0.686355
vt 0.140095 0.686355
vt 0.135437 0.686356
vt 0.135438 0.639761
vt 0.158732 0.691013
vt 0.140095 0.691015
vt 0.199600 0.561980
vt 0.199600 0.557320
vt 0.218237 0.557321
vt 0.218236 0.561981
vt 0.158732 0.572621
vt 0.158732 0.577278
vt 0.140095 0.577278
vt 0.140096 0.572620
vt 0.222897 0.557321
vt 0.218237 0.510726
vt 0.222897 0.510726
vt 0.199601 0.510726
vt 0.199601 0.506066
vt 0.218238 0.506066
vt 0.158732 0.623873
vt 0.140095 0.623873
vt 0.135437 0.623873
vt 0.135437 0.577278
vt 0.158732 0.628530
vt 0.140095 0.628531
vt 0.161742 0.381774
vt 0.161742 0.386434
vt 0.143105 0.386434
vt 0.143105 0.381773
vt 0.161495 0.445580
vt 0.161495 0.450238
vt 0.142859 0.450236
vt 0.142860 0.445579
vt 0.138445 0.386433
vt 0.143104 0.433028
vt 0.138444 0.433028
vt 0.161740 0.433028
vt 0.161740 0.437688
vt 0.143104 0.437688
vt 0.161495 0.496832
vt 0.142859 0.496832
vt 0.138201 0.496832
vt 0.138201 0.450238
vt 0.161495 0.501489
vt 0.142860 0.501491
vt 0.927813 0.293255
vt 0.947373 0.273696
vt 0.947372 0.615992
vt 0.927812 0.596432
vt 0.973529 0.725470
vt 0.963533 0.725470
vt 0.963534 0.577026
vt 0.973530 0.577026
vt 0.941419 0.346363
vt 0.951415 0.346363
vt 0.951416 0.523081
vt 0.941418 0.523080
vt 0.965553 0.360500
vt 0.965554 0.508944
vt 0.972543 0.418464
vt 0.962546 0.418464
vt 0.962545 0.199332
vt 0.972543 0.199332
vt 0.975550 0.360500
vt 0.975551 0.508944
vt 0.948408 0.432602
vt 0.938412 0.432602
vt 0.938411 0.185193
vt 0.948408 0.185193
vt 0.924274 0.418464
vt 0.924274 0.199331
vt 0.961204 0.273696
vt 0.980764 0.293256
vt 0.980764 0.596433
vt 0.961204 0.615993
vt 0.949396 0.739608
vt 0.939399 0.739609
vt 0.939399 0.562888
vt 0.949396 0.562888
vt 0.913981 0.293254
vt 0.913981 0.596433
vt 0.929378 0.439937
vt 0.919382 0.439936
vt 0.919382 0.291492
vt 0.929378 0.291493
vt 0.953511 0.454075
vt 0.943516 0.454075
vt 0.943515 0.277355
vt 0.953511 0.277356
vt 0.925261 0.725472
vt 0.925261 0.577026
vt 0.927280 0.360501
vt 0.927281 0.508943
vt 0.967649 0.439937
vt 0.967649 0.291493
vt 0.914309 0.275547
vt 0.934303 0.295539
vt 0.934304 0.445491
vt 0.914309 0.445491
vt 0.936731 0.577956
vt 0.956725 0.577955
vt 0.956727 0.777890
vt 0.936733 0.777890
vt 0.916059 0.808936
vt 0.916058 0.149150
vt 0.936050 0.149150
vt 0.936051 0.788941
vt 0.916861 0.557458
vt 0.936856 0.577450
vt 0.936859 0.777382
vt 0.916863 0.777382
vt 0.956044 0.788941
vt 0.956044 0.149150
vt 0.956850 0.577449
vt 0.956854 0.777381
vt 0.979670 0.148292
vt 0.979670 0.680823
vt 0.958370 0.680822
vt 0.958371 0.169593
vt 0.978554 0.150005
vt 0.978554 0.682532
vt 0.957254 0.682532
vt 0.957255 0.171307
vt 0.916615 0.607437
vt 0.936609 0.627430
vt 0.936610 0.777384
vt 0.916614 0.777384
vt 0.918238 0.237542
vt 0.938233 0.257534
vt 0.938234 0.407487
vt 0.918239 0.407488
vt 0.956602 0.627430
vt 0.956603 0.777384
vt 0.937070 0.169592
vt 0.937070 0.680821
vt 0.935954 0.171308
vt 0.935954 0.682532
vt 0.958225 0.257533
vt 0.958228 0.407488
vt 0.954296 0.295539
vt 0.974290 0.275546
vt 0.974293 0.445491
vt 0.954298 0.445491
vt 0.914396 0.682227
vt 0.914395 0.149700
vt 0.935695 0.171001
vt 0.935695 0.682227
vt 0.956603 0.797378
vt 0.936610 0.797378
vt 0.958227 0.427481
vt 0.938234 0.427481
vt 0.956856 0.797377
vt 0.936860 0.797378
vt 0.978295 0.149700
vt 0.978295 0.682226
vt 0.956996 0.682227
vt 0.956996 0.171001
vt 0.976596 0.607438
vt 0.976597 0.777384
vt 0.976719 0.557964
vt 0.976721 0.777890
vt 0.975369 0.151699
vt 0.975369 0.811490
vt 0.955377 0.791496
vt 0.955376 0.151699
vt 0.956727 0.797885
vt 0.936734 0.797885
vt 0.915771 0.680821
vt 0.915771 0.148291
vt 0.935384 0.791496
vt 0.935384 0.151700
vt 0.954299 0.465486
vt 0.934304 0.465487
vt 0.915392 0.811491
vt 0.915391 0.151700
vt 0.976843 0.557457
vt 0.976849 0.777381
vt 0.916737 0.557964
vt 0.916737 0.777890
vt 0.976037 0.149150
vt 0.976036 0.808936
vt 0.941205 0.608728
vt 0.941198 0.628721
vt 0.921206 0.628715
vt 0.921213 0.608721
vt 0.968247 0.608728
vt 0.968247 0.628721
vt 0.948255 0.628721
vt 0.948255 0.608728
vt 0.914655 0.682532
vt 0.914655 0.150007
vt 0.978221 0.237541
vt 0.978222 0.407487
vt 0.913921 0.304438
vt 0.913921 0.216599
vt 0.935880 0.216599
vt 0.935882 0.304437
vt 0.957824 0.305252
vt 0.957826 0.217411
vt 0.979787 0.217412
vt 0.979785 0.305252
vt 0.978445 0.010617
vt 0.978446 0.808383
vt 0.961088 0.808383
vt 0.961087 0.010616
vt 0.960491 0.818266
vt 0.960495 0.020503
vt 0.977852 0.020503
vt 0.977848 0.818267
vt 0.935406 0.140661
vt 0.935406 0.823720
vt 0.916166 0.823719
vt 0.916164 0.140661
vt 0.979867 0.148146
vt 0.979867 0.811121
vt 0.958930 0.832057
vt 0.958931 0.169082
vt 0.914809 0.676010
vt 0.914801 0.148828
vt 0.936103 0.148828
vt 0.936111 0.697312
vt 0.976120 0.561141
vt 0.976118 0.776072
vt 0.956124 0.756079
vt 0.956126 0.561141
vt 0.968822 0.304438
vt 0.946862 0.304437
vt 0.946861 0.216598
vt 0.968822 0.216598
vt 0.946845 0.305252
vt 0.924884 0.305252
vt 0.924884 0.217412
vt 0.946846 0.217410
vt 0.929913 0.024433
vt 0.947271 0.024433
vt 0.947273 0.822199
vt 0.929914 0.822199
vt 0.946676 0.812021
vt 0.929319 0.812021
vt 0.929320 0.014258
vt 0.946679 0.014258
vt 0.947328 0.140625
vt 0.966569 0.140624
vt 0.966571 0.823682
vt 0.947329 0.823683
vt 0.926424 0.148162
vt 0.947359 0.169100
vt 0.947357 0.832076
vt 0.926421 0.811141
vt 0.968062 0.676011
vt 0.946763 0.697311
vt 0.946754 0.148827
vt 0.968056 0.148827
vt 0.926135 0.561139
vt 0.946129 0.561140
vt 0.946128 0.756079
vt 0.926134 0.776072
vt 0.977941 0.020244
vt 0.977942 0.818013
vt 0.964126 0.811768
vt 0.964125 0.013999
vt 0.913905 0.305251
vt 0.913905 0.217412
vt 0.946860 0.205617
vt 0.968822 0.205617
vt 0.915503 0.825837
vt 0.915503 0.028074
vt 0.977116 0.184231
vt 0.977115 0.806518
vt 0.966254 0.806535
vt 0.966254 0.184248
vt 0.960538 0.020249
vt 0.960538 0.818013
vt 0.946722 0.811767
vt 0.946722 0.014004
vt 0.979802 0.216600
vt 0.979803 0.304439
vt 0.978707 0.148826
vt 0.978713 0.676010
vt 0.916137 0.776073
vt 0.916137 0.561138
vt 0.978492 0.140588
vt 0.978492 0.823646
vt 0.924883 0.206432
vt 0.946843 0.206429
vt 0.978500 0.027389
vt 0.978500 0.723921
vt 0.963024 0.723921
vt 0.963028 0.027390
vt 0.932061 0.028465
vt 0.932058 0.724975
vt 0.916579 0.724975
vt 0.916584 0.028465
vt 0.979105 0.028286
vt 0.979100 0.724788
vt 0.963622 0.724788
vt 0.963625 0.028285
vt 0.963359 0.027956
vt 0.963359 0.724452
vt 0.947882 0.708975
vt 0.947882 0.012479
vt 0.947108 0.014452
vt 0.947109 0.710946
vt 0.931632 0.726427
vt 0.931628 0.029935
vt 0.946999 0.029401
vt 0.946998 0.725913
vt 0.931520 0.725913
vt 0.931521 0.029401
vt 0.932676 0.013552
vt 0.932671 0.710048
vt 0.917199 0.725529
vt 0.917196 0.029036
vt 0.946702 0.009988
vt 0.946706 0.706520
vt 0.931226 0.721999
vt 0.931226 0.025465
vt 0.932479 0.029281
vt 0.932478 0.725792
vt 0.916999 0.725792
vt 0.917001 0.029281
vt 0.978903 0.028864
vt 0.978904 0.725376
vt 0.963426 0.725376
vt 0.963426 0.028864
vt 0.978688 0.027174
vt 0.978688 0.723646
vt 0.963209 0.708166
vt 0.963207 0.011693
vt 0.947923 0.027901
vt 0.947924 0.724406
vt 0.932447 0.724406
vt 0.932449 0.027902
vt 0.946596 0.027680
vt 0.946594 0.724193
vt 0.931116 0.724193
vt 0.931118 0.027680
vt 0.963633 0.028470
vt 0.963633 0.724985
vt 0.948155 0.724985
vt 0.948156 0.028470
vt 0.961791 0.011693
vt 0.961785 0.708203
vt 0.946308 0.708203
vt 0.946312 0.011693
vt 0.931320 0.029577
vt 0.931311 0.726097
vt 0.915832 0.726098
vt 0.915844 0.029577
vt 0.978177 0.028864
vt 0.978179 0.725376
vt 0.962699 0.725376
vt 0.962700 0.028864
vt 0.947399 0.012478
vt 0.947399 0.708980
vt 0.931921 0.708980
vt 0.931920 0.012478
vt 0.931466 0.014101
vt 0.931464 0.710585
vt 0.915986 0.726062
vt 0.915986 0.029579
vt 0.947283 0.011011
vt 0.947284 0.707530
vt 0.931805 0.723009
vt 0.931805 0.026489
vt 0.961616 0.027487
vt 0.961616 0.724000
vt 0.946138 0.724000
vt 0.946138 0.027487
vt 0.964283 0.027956
vt 0.964283 0.724475
vt 0.948806 0.708997
vt 0.948806 0.012478
vt 0.931443 0.027389
vt 0.931441 0.723921
vt 0.915963 0.723921
vt 0.915965 0.027389
vt 0.978614 0.028964
vt 0.978616 0.725477
vt 0.963138 0.725477
vt 0.963137 0.028965
vt 0.930305 0.028883
vt 0.930323 0.725399
vt 0.914845 0.725399
vt 0.914826 0.028883
vt 0.948040 0.012478
vt 0.948041 0.708991
vt 0.932561 0.708991
vt 0.932562 0.012478
vt 0.932543 0.028238
vt 0.932534 0.724773
vt 0.917055 0.724772
vt 0.917064 0.028238
vt 0.962855 0.028241
vt 0.962855 0.724747
vt 0.947377 0.724747
vt 0.947376 0.028241
vt 0.947018 0.028951
vt 0.947024 0.725458
vt 0.931547 0.725458
vt 0.931540 0.028951
vt 0.963518 0.011693
vt 0.963516 0.708208
vt 0.948040 0.708208
vt 0.948038 0.011693
vt 0.978808 0.028236
vt 0.978808 0.724770
vt 0.963331 0.724771
vt 0.963335 0.028236
vt 0.932569 0.028286
vt 0.932567 0.724795
vt 0.917092 0.028286
vt 0.979151 0.028524
vt 0.979151 0.725051
vt 0.963674 0.725052
vt 0.963675 0.028524
vt 0.978462 0.029027
vt 0.978463 0.725542
vt 0.962985 0.725542
vt 0.962984 0.029028
vt 0.947539 0.028465
vt 0.947537 0.724976
vt 0.963084 0.028470
vt 0.963084 0.724971
vt 0.947610 0.724971
vt 0.947604 0.028470
vt 0.947180 0.011011
vt 0.947179 0.707498
vt 0.931700 0.722975
vt 0.931703 0.026488
vt 0.932965 0.029930
vt 0.932969 0.726435
vt 0.917487 0.726434
vt 0.917488 0.029930
vt 0.932000 0.028241
vt 0.931999 0.724741
vt 0.916521 0.724741
vt 0.916521 0.028241
vt 0.977955 0.029401
vt 0.977955 0.725912
vt 0.962477 0.725913
vt 0.962476 0.029401
vt 0.978066 0.029936
vt 0.978066 0.726427
vt 0.962587 0.710946
vt 0.962587 0.014452
vt 0.977659 0.025465
vt 0.977658 0.721998
vt 0.962183 0.706520
vt 0.962180 0.009988
vt 0.946896 0.029147
vt 0.946896 0.725663
vt 0.931419 0.725664
vt 0.931422 0.029147
vt 0.947957 0.029281
vt 0.947956 0.725792
vt 0.964061 0.029280
vt 0.964061 0.725789
vt 0.948583 0.725789
vt 0.948583 0.029281
vt 0.962105 0.012478
vt 0.962102 0.709026
vt 0.946624 0.709026
vt 0.946628 0.012479
vt 0.964303 0.013958
vt 0.964303 0.710462
vt 0.948825 0.710461
vt 0.948828 0.013957
vt 0.932006 0.028534
vt 0.931999 0.725080
vt 0.916520 0.725080
vt 0.916532 0.028534
vt 0.963401 0.027901
vt 0.963403 0.724406
vt 0.977552 0.027680
vt 0.977552 0.724193
vt 0.962074 0.724193
vt 0.962074 0.027680
vt 0.947850 0.013558
vt 0.947607 0.710062
vt 0.932131 0.710057
vt 0.932371 0.013552
vt 0.932273 0.011795
vt 0.932269 0.708298
vt 0.916793 0.723778
vt 0.916793 0.027275
vt 0.946795 0.014101
vt 0.946790 0.710619
vt 0.960598 0.028882
vt 0.960598 0.725393
vt 0.945120 0.725394
vt 0.945122 0.028883
vt 0.962425 0.029579
vt 0.962418 0.726062
vt 0.946941 0.710585
vt 0.946944 0.014101
vt 0.978234 0.026489
vt 0.978239 0.723009
vt 0.962763 0.707530
vt 0.962756 0.011011
vt 0.962861 0.027390
vt 0.962862 0.723920
vt 0.947385 0.723920
vt 0.947389 0.027390
vt 0.978013 0.028524
vt 0.978013 0.725019
vt 0.962536 0.725019
vt 0.962536 0.028524
vt 0.946151 0.012478
vt 0.946150 0.708988
vt 0.930672 0.708988
vt 0.930673 0.012479
vt 0.977867 0.027390
vt 0.977875 0.723921
vt 0.962397 0.723921
vt 0.962395 0.027390
vt 0.963173 0.027680
vt 0.963173 0.724193
vt 0.947694 0.724193
vt 0.947696 0.027680
vt 0.945783 0.028882
vt 0.945798 0.725398
vt 0.979578 0.027680
vt 0.979585 0.724212
vt 0.964108 0.724213
vt 0.964105 0.027680
vt 0.932945 0.029280
vt 0.932944 0.725785
vt 0.917467 0.725785
vt 0.917467 0.029280
vt 0.977976 0.028951
vt 0.977976 0.725457
vt 0.962500 0.725458
vt 0.962496 0.028951
vt 0.948047 0.028285
vt 0.948044 0.724795
vt 0.964388 0.028931
vt 0.964384 0.725431
vt 0.948909 0.725433
vt 0.948908 0.028931
vt 0.932028 0.013552
vt 0.932025 0.710067
vt 0.916543 0.725545
vt 0.916550 0.029028
vt 0.931655 0.029577
vt 0.931651 0.726081
vt 0.916172 0.726081
vt 0.916177 0.029577
vt 0.978588 0.027035
vt 0.978589 0.723534
vt 0.963112 0.723534
vt 0.963109 0.027035
vt 0.932501 0.028524
vt 0.932500 0.725033
vt 0.917023 0.725033
vt 0.917023 0.028524
vt 0.978495 0.028465
vt 0.978495 0.724976
vt 0.963015 0.724976
vt 0.963015 0.028465
vt 0.978137 0.026488
vt 0.978137 0.722974
vt 0.962658 0.707497
vt 0.962659 0.011011
vt 0.978776 0.029032
vt 0.978765 0.725563
vt 0.963290 0.725563
vt 0.963298 0.029032
vt 0.947391 0.027454
vt 0.947385 0.723982
vt 0.931908 0.723982
vt 0.931917 0.027454
vt 0.947478 0.028241
vt 0.947478 0.724742
vt 0.963048 0.028778
vt 0.963048 0.725288
vt 0.947570 0.725288
vt 0.947569 0.028779
vt 0.932152 0.028525
vt 0.932151 0.725036
vt 0.916672 0.725035
vt 0.916672 0.028525
vt 0.947727 0.708166
vt 0.947730 0.011693
vt 0.961365 0.013933
vt 0.961362 0.710438
vt 0.945885 0.710438
vt 0.945885 0.013933
vt 0.932173 0.027273
vt 0.932169 0.723812
vt 0.916692 0.723812
vt 0.916700 0.027273
vt 0.962375 0.029147
vt 0.962373 0.725664
vt 0.978913 0.029280
vt 0.978913 0.725791
vt 0.963435 0.725792
vt 0.963434 0.029280
vt 0.948293 0.013957
vt 0.948293 0.710463
vt 0.932814 0.710462
vt 0.932812 0.013958
vt 0.979235 0.027453
vt 0.979235 0.723944
vt 0.963755 0.708462
vt 0.963757 0.011973
vt 0.947481 0.013058
vt 0.947479 0.709601
vt 0.916969 0.724405
vt 0.916969 0.027902
vt 0.963706 0.724989
vt 0.963229 0.027275
vt 0.963226 0.723780
vt 0.947746 0.708298
vt 0.947748 0.011795
vt 0.977746 0.029578
vt 0.977746 0.726096
vt 0.962268 0.710619
vt 0.962270 0.014101
vt 0.963969 0.027903
vt 0.963969 0.724407
vt 0.948492 0.724407
vt 0.948494 0.027903
vt 0.931641 0.028864
vt 0.931642 0.725348
vt 0.916161 0.725347
vt 0.916161 0.028864
vt 0.946776 0.011693
vt 0.946773 0.708195
vt 0.931296 0.708195
vt 0.931296 0.011693
vt 0.963050 0.011693
vt 0.963049 0.708223
vt 0.947570 0.708224
vt 0.947578 0.011694
vt 0.978339 0.027389
vt 0.978339 0.723919
vt 0.931579 0.028524
vt 0.931580 0.725019
vt 0.916103 0.725018
vt 0.916101 0.028524
vt 0.977713 0.028272
vt 0.977713 0.724786
vt 0.962238 0.724787
vt 0.962239 0.028273
vt 0.932571 0.028864
vt 0.932572 0.725350
vt 0.917093 0.725350
vt 0.917093 0.028864
vt 0.976740 0.028882
vt 0.976748 0.725396
vt 0.961275 0.725397
vt 0.961261 0.028882
vt 0.948423 0.029281
vt 0.948421 0.725785
vt 0.962152 0.027864
vt 0.962152 0.724367
vt 0.946678 0.724367
vt 0.946672 0.027864
vt 0.932819 0.029805
vt 0.932814 0.726310
vt 0.917335 0.726309
vt 0.917342 0.029805
vt 0.979557 0.029019
vt 0.979557 0.725523
vt 0.964077 0.725523
vt 0.964079 0.029018
vt 0.931630 0.029147
vt 0.931631 0.725635
vt 0.916152 0.725634
vt 0.916152 0.029147
vt 0.979002 0.028285
vt 0.979002 0.724794
vt 0.963524 0.724795
vt 0.963524 0.028285
vt 0.947507 0.710067
vt 0.947506 0.013553
vt 0.977439 0.029579
vt 0.977435 0.726107
vt 0.961959 0.726107
vt 0.961961 0.029579
vt 0.932155 0.011558
vt 0.932157 0.708057
vt 0.916678 0.723534
vt 0.916678 0.027035
vt 0.947550 0.027391
vt 0.947545 0.723921
vt 0.932067 0.723921
vt 0.932076 0.027391
vt 0.947979 0.028524
vt 0.947977 0.725032
vt 0.963117 0.028864
vt 0.963117 0.725372
vt 0.947641 0.725373
vt 0.947638 0.028864
vt 0.932340 0.013552
vt 0.932339 0.710085
vt 0.916861 0.725564
vt 0.916861 0.029031
vt 0.930407 0.029414
vt 0.930408 0.725918
vt 0.914932 0.725918
vt 0.914932 0.029414
vt 0.962869 0.027453
vt 0.962865 0.723983
vt 0.978435 0.028241
vt 0.978435 0.724742
vt 0.962956 0.724742
vt 0.962956 0.028241
vt 0.948192 0.011693
vt 0.948196 0.708157
vt 0.932718 0.708157
vt 0.932713 0.011693
vt 0.978124 0.027036
vt 0.978118 0.723533
vt 0.962642 0.708057
vt 0.962645 0.011558
vt 0.947649 0.708334
vt 0.915941 0.725663
vt 0.915944 0.029147
vt 0.963169 0.029487
vt 0.963171 0.725989
vt 0.947692 0.725989
vt 0.947691 0.029487
vt 0.963639 0.029037
vt 0.963624 0.725531
vt 0.948146 0.710048
vt 0.948157 0.013553
vt 0.978434 0.028534
vt 0.978432 0.725077
vt 0.962957 0.709601
vt 0.962958 0.013058
vt 0.978580 0.028524
vt 0.978583 0.725035
vt 0.932678 0.028470
vt 0.932677 0.724985
vt 0.917199 0.724985
vt 0.917200 0.028470
vt 0.947794 0.012343
vt 0.947794 0.708838
vt 0.932315 0.708837
vt 0.932318 0.012343
vt 0.963036 0.012479
vt 0.963037 0.709017
vt 0.947561 0.709017
vt 0.947562 0.012478
vt 0.979448 0.027903
vt 0.979446 0.724407
vt 0.947118 0.028864
vt 0.947121 0.725348
vt 0.931906 0.723920
vt 0.931911 0.027390
vt 0.930661 0.027487
vt 0.930660 0.724001
vt 0.915181 0.724001
vt 0.915183 0.027487
vt 0.947058 0.725019
vt 0.947058 0.028524
vt 0.948049 0.028864
vt 0.948051 0.725351
vt 0.961117 0.028883
vt 0.961120 0.725412
vt 0.945643 0.725413
vt 0.945640 0.028883
vt 0.929839 0.029411
vt 0.929838 0.725925
vt 0.914361 0.725925
vt 0.914362 0.029411
vt 0.978994 0.027955
vt 0.978994 0.724467
vt 0.963518 0.724466
vt 0.963516 0.027955
vt 0.931899 0.028241
vt 0.931900 0.724748
vt 0.916421 0.724748
vt 0.916421 0.028241
vt 0.979378 0.029281
vt 0.979377 0.725785
vt 0.963899 0.725785
vt 0.963901 0.029281
vt 0.932560 0.027171
vt 0.932562 0.723687
vt 0.917082 0.723687
vt 0.917081 0.027171
vt 0.978931 0.028235
vt 0.978929 0.724736
vt 0.963451 0.724736
vt 0.963454 0.028235
vt 0.933125 0.013542
vt 0.933121 0.710046
vt 0.917643 0.725524
vt 0.917649 0.029018
vt 0.947858 0.028235
vt 0.947853 0.724771
vt 0.932375 0.724771
vt 0.932383 0.028235
vt 0.947108 0.029147
vt 0.947110 0.725636
vt 0.963748 0.028983
vt 0.963747 0.725500
vt 0.948269 0.725500
vt 0.948271 0.028983
vt 0.931005 0.014101
vt 0.931005 0.710629
vt 0.915527 0.726108
vt 0.915526 0.029578
vt 0.947635 0.708057
vt 0.947632 0.011558
vt 0.978934 0.028524
vt 0.978934 0.725032
vt 0.963456 0.725032
vt 0.963456 0.028524
vt 0.947258 0.014101
vt 0.947257 0.710598
vt 0.931778 0.710598
vt 0.931779 0.014101
vt 0.947817 0.710085
vt 0.916429 0.723982
vt 0.916439 0.027454
vt 0.963249 0.027857
vt 0.963248 0.724361
vt 0.947769 0.724361
vt 0.947771 0.027857
vt 0.947164 0.011558
vt 0.947165 0.708057
vt 0.931687 0.723534
vt 0.931686 0.027037
vt 0.978602 0.027273
vt 0.978604 0.723811
vt 0.963126 0.708334
vt 0.963125 0.011795
vt 0.933106 0.029281
vt 0.933104 0.725789
vt 0.917626 0.725789
vt 0.917627 0.029281
vt 0.979117 0.029037
vt 0.979102 0.725531
vt 0.962603 0.011011
vt 0.962600 0.707576
vt 0.947123 0.707577
vt 0.947125 0.011011
vt 0.933014 0.724407
vt 0.933015 0.027902
vt 0.929644 0.028883
vt 0.929641 0.725394
vt 0.914161 0.725394
vt 0.914166 0.028883
vt 0.978074 0.028864
vt 0.978077 0.725348
vt 0.962598 0.725348
vt 0.962596 0.028864
vt 0.932633 0.029280
vt 0.932635 0.725813
vt 0.917157 0.725813
vt 0.917159 0.029280
vt 0.962620 0.027856
vt 0.962623 0.724338
vt 0.947146 0.724338
vt 0.947143 0.027856
vt 0.931547 0.026488
vt 0.931545 0.723005
vt 0.916066 0.723005
vt 0.916070 0.026488
vt 0.977108 0.027955
vt 0.977105 0.724465
vt 0.961628 0.724464
vt 0.961630 0.027955
vt 0.932218 0.027680
vt 0.932216 0.724193
vt 0.916736 0.724193
vt 0.916740 0.027680
vt 0.979005 0.028864
vt 0.979008 0.725350
vt 0.963531 0.725351
vt 0.963527 0.028864
vt 0.979933 0.029929
vt 0.979933 0.726431
vt 0.964456 0.726431
vt 0.964456 0.029929
vt 0.917080 0.724468
vt 0.917087 0.027954
vt 0.948627 0.027680
vt 0.948631 0.724213
vt 0.933154 0.724214
vt 0.933154 0.027680
vt 0.963389 0.028456
vt 0.963393 0.724965
vt 0.947913 0.724965
vt 0.947913 0.028456
vt 0.932496 0.012757
vt 0.932495 0.709259
vt 0.917017 0.724736
vt 0.917019 0.028235
vt 0.948599 0.710046
vt 0.948603 0.013542
vt 0.978064 0.029147
vt 0.978065 0.725636
vt 0.962588 0.725636
vt 0.962586 0.029147
vt 0.933430 0.028931
vt 0.933434 0.725433
vt 0.917956 0.725433
vt 0.917952 0.028931
vt 0.932402 0.708975
vt 0.932403 0.012478
vt 0.946484 0.710629
vt 0.946483 0.014101
vt 0.948440 0.013542
vt 0.948440 0.710051
vt 0.932962 0.710051
vt 0.932961 0.013543
vt 0.916588 0.723921
vt 0.916598 0.027391
vt 0.948442 0.014452
vt 0.948445 0.710957
vt 0.976844 0.029414
vt 0.976839 0.725917
vt 0.978005 0.028155
vt 0.978005 0.724686
vt 0.962527 0.724686
vt 0.962533 0.028157
vt 0.932091 0.028779
vt 0.932092 0.725288
vt 0.916614 0.725288
vt 0.916613 0.028779
vt 0.916212 0.723535
vt 0.916210 0.027037
vt 0.963608 0.014327
vt 0.963611 0.710851
vt 0.948134 0.710851
vt 0.948135 0.014327
vt 0.948283 0.011973
vt 0.948277 0.708462
vt 0.932800 0.723940
vt 0.932804 0.027452
vt 0.917271 0.724988
vt 0.917272 0.028476
vt 0.979111 0.028470
vt 0.979112 0.724985
vt 0.931930 0.028525
vt 0.931930 0.725048
vt 0.916455 0.725048
vt 0.963158 0.028491
vt 0.963156 0.724997
vt 0.947676 0.724997
vt 0.947679 0.028491
vt 0.932168 0.029929
vt 0.932167 0.726432
vt 0.916689 0.726432
vt 0.916691 0.029929
vt 0.977734 0.027175
vt 0.977726 0.723674
vt 0.962250 0.723674
vt 0.962256 0.027174
vt 0.932100 0.027172
vt 0.932092 0.723702
vt 0.916616 0.723701
vt 0.916626 0.027172
vt 0.977094 0.027487
vt 0.977095 0.724000
vt 0.978552 0.029578
vt 0.978553 0.726078
vt 0.963075 0.726078
vt 0.963075 0.029578
vt 0.915196 0.724465
vt 0.915196 0.027955
vt 0.946760 0.028273
vt 0.946761 0.724787
vt 0.931283 0.724787
vt 0.931284 0.028273
vt 0.963086 0.027865
vt 0.963094 0.724371
vt 0.947616 0.724371
vt 0.947607 0.027864
vt 0.933498 0.014452
vt 0.933499 0.710953
vt 0.918020 0.726431
vt 0.918020 0.029929
vt 0.978333 0.028241
vt 0.978334 0.724747
vt 0.931193 0.027864
vt 0.931202 0.724368
vt 0.915724 0.724368
vt 0.915715 0.027864
vt 0.978997 0.027171
vt 0.978992 0.723685
vt 0.947975 0.709259
vt 0.947974 0.012757
vt 0.945370 0.013933
vt 0.945369 0.710442
vt 0.929891 0.710442
vt 0.929891 0.013933
vt 0.916897 0.724771
vt 0.916905 0.028235
vt 0.962553 0.027390
vt 0.962557 0.723912
vt 0.947079 0.723912
vt 0.947075 0.027390
vt 0.947133 0.014101
vt 0.947131 0.710604
vt 0.932161 0.028864
vt 0.932164 0.725373
vt 0.916685 0.725373
vt 0.916683 0.028864
vt 0.979399 0.029930
vt 0.979399 0.726433
vt 0.963923 0.710956
vt 0.963922 0.014452
vt 0.962806 0.010773
vt 0.962804 0.707303
vt 0.947326 0.707303
vt 0.947330 0.010773
vt 0.932212 0.029487
vt 0.932214 0.725989
vt 0.916737 0.725989
vt 0.916735 0.029487
vt 0.979539 0.029280
vt 0.979539 0.725790
vt 0.917324 0.723940
vt 0.917325 0.027452
vt 0.948111 0.029281
vt 0.948115 0.725812
vt 0.961946 0.028779
vt 0.961954 0.725290
vt 0.946476 0.725290
vt 0.946468 0.028778
vt 0.930833 0.027172
vt 0.930830 0.723683
vt 0.915355 0.723684
vt 0.915356 0.027172
vt 0.978750 0.027821
vt 0.978749 0.724316
vt 0.963272 0.724316
vt 0.963272 0.027821
vt 0.932084 0.027956
vt 0.932083 0.724496
vt 0.916606 0.724496
vt 0.916609 0.027957
vt 0.976076 0.028882
vt 0.976077 0.725393
vt 0.978355 0.027956
vt 0.978354 0.724458
vt 0.962876 0.724458
vt 0.962877 0.027956
vt 0.915819 0.723674
vt 0.915817 0.027174
vt 0.963907 0.028961
vt 0.963907 0.725474
vt 0.948430 0.725474
vt 0.948429 0.028961
vt 0.932119 0.014101
vt 0.932117 0.710601
vt 0.916637 0.726079
vt 0.916642 0.029578
vt 0.978651 0.027680
vt 0.978651 0.724193
vt 0.930161 0.028883
vt 0.930165 0.725413
vt 0.914687 0.725413
vt 0.914683 0.028883
vt 0.948978 0.710953
vt 0.948977 0.014452
vt 0.947909 0.011795
vt 0.947906 0.708320
vt 0.932428 0.708321
vt 0.932430 0.011796
vt 0.917675 0.724214
vt 0.917675 0.027680
vt 0.962962 0.029280
vt 0.962966 0.725793
vt 0.947488 0.725794
vt 0.947484 0.029281
vt 0.976542 0.028882
vt 0.976542 0.725397
vt 0.948296 0.014327
vt 0.948294 0.710832
vt 0.978135 0.029014
vt 0.978135 0.725547
vt 0.962659 0.725548
vt 0.962662 0.029015
vt 0.932794 0.028983
vt 0.932793 0.725500
vt 0.917315 0.725500
vt 0.917315 0.028983
vt 0.979866 0.028931
vt 0.979863 0.725431
vt 0.978088 0.029578
vt 0.978088 0.726081
vt 0.962611 0.710604
vt 0.962612 0.014101
vt 0.962779 0.027857
vt 0.962777 0.724367
vt 0.947301 0.724368
vt 0.947301 0.027856
vt 0.932293 0.027856
vt 0.932292 0.724361
vt 0.916815 0.724361
vt 0.916815 0.027856
vt 0.978526 0.028778
vt 0.978526 0.725288
vt 0.948097 0.028285
vt 0.948097 0.724806
vt 0.962373 0.028779
vt 0.962371 0.725296
vt 0.946895 0.725296
vt 0.946895 0.028779
vt 0.931153 0.027956
vt 0.931148 0.724505
vt 0.915672 0.724506
vt 0.915672 0.027956
vt 0.931649 0.026489
vt 0.931648 0.723058
vt 0.916173 0.723059
vt 0.916174 0.026489
vt 0.979184 0.724989
vt 0.978561 0.725552
vt 0.916836 0.724315
vt 0.916841 0.027821
vt 0.961916 0.028465
vt 0.961915 0.724978
vt 0.946437 0.724978
vt 0.946438 0.028465
vt 0.916443 0.724458
vt 0.916443 0.027956
vt 0.978529 0.027172
vt 0.978529 0.723700
vt 0.979061 0.029280
vt 0.979071 0.725812
vt 0.963592 0.725812
vt 0.963583 0.029280
vt 0.931665 0.027856
vt 0.931668 0.724338
vt 0.916186 0.724338
vt 0.916186 0.027856
vt 0.947597 0.710601
vt 0.947597 0.014101
vt 0.945834 0.013933
vt 0.945836 0.710435
vt 0.930357 0.710436
vt 0.930356 0.013933
vt 0.915806 0.724787
vt 0.915806 0.028273
vt 0.963272 0.029487
vt 0.963271 0.725999
vt 0.947792 0.726000
vt 0.947795 0.029487
vt 0.945317 0.013933
vt 0.945317 0.710447
vt 0.977270 0.028883
vt 0.977270 0.725416
vt 0.961793 0.725417
vt 0.961798 0.028883
vt 0.932435 0.028456
vt 0.932436 0.724965
vt 0.977631 0.027864
vt 0.977631 0.724366
vt 0.930112 0.725398
vt 0.930108 0.028882
vt 0.979250 0.029805
vt 0.979249 0.726310
vt 0.963772 0.710832
vt 0.963773 0.014327
vt 0.979395 0.029019
vt 0.979394 0.725529
vt 0.978595 0.028864
vt 0.978594 0.725372
vt 0.947055 0.028157
vt 0.947048 0.724686
vt 0.931570 0.724686
vt 0.931581 0.028157
vt 0.947948 0.725377
vt 0.947948 0.028864
vt 0.932252 0.027174
vt 0.932247 0.723643
vt 0.916768 0.723643
vt 0.916776 0.027174
vt 0.932657 0.029805
vt 0.932656 0.726330
vt 0.917178 0.726330
vt 0.917183 0.029805
vt 0.978648 0.029487
vt 0.978648 0.725989
vt 0.979248 0.029433
vt 0.979246 0.725939
vt 0.963768 0.725939
vt 0.963767 0.029433
vt 0.946841 0.028524
vt 0.946841 0.725035
vt 0.931365 0.725035
vt 0.931366 0.028525
vt 0.947222 0.725377
vt 0.947223 0.028864
vt 0.916647 0.725530
vt 0.978514 0.027957
vt 0.978515 0.724496
vt 0.962885 0.028525
vt 0.962885 0.725047
vt 0.947408 0.725047
vt 0.947410 0.028525
vt 0.933329 0.708998
vt 0.933328 0.012479
vt 0.947660 0.725478
vt 0.947659 0.028965
vt 0.947023 0.011011
vt 0.947023 0.707527
vt 0.978967 0.028238
vt 0.932128 0.027864
vt 0.932138 0.724372
vt 0.916662 0.724371
vt 0.916649 0.027864
vt 0.976595 0.028882
vt 0.976595 0.725412
vt 0.976273 0.029410
vt 0.976273 0.725924
vt 0.960795 0.710447
vt 0.960795 0.013933
vt 0.948196 0.725052
vt 0.960845 0.725920
vt 0.960848 0.029411
vt 0.931597 0.027390
vt 0.931600 0.723912
vt 0.916122 0.723912
vt 0.916120 0.027390
vt 0.979227 0.028983
vt 0.979224 0.725499
vt 0.917484 0.725530
vt 0.917484 0.029020
vt 0.947504 0.028972
vt 0.947498 0.725505
vt 0.932021 0.725505
vt 0.932030 0.028972
vt 0.915747 0.721999
vt 0.915748 0.025465
vt 0.931853 0.026250
vt 0.931850 0.722782
vt 0.916372 0.722781
vt 0.916379 0.026250
vt 0.978727 0.027857
vt 0.978725 0.724361
vt 0.979153 0.027174
vt 0.979153 0.723637
vt 0.963675 0.723637
vt 0.963677 0.027174
vt 0.979781 0.029437
vt 0.979780 0.725941
vt 0.917335 0.725941
vt 0.917336 0.029433
vt 0.978075 0.723054
vt 0.977793 0.028524
vt 0.977797 0.725035
vt 0.962320 0.725035
vt 0.962319 0.028524
vt 0.930991 0.028779
vt 0.930997 0.725290
vt 0.915519 0.725291
vt 0.915513 0.028779
vt 0.978364 0.725047
vt 0.947646 0.014452
vt 0.947646 0.710954
vt 0.932952 0.028961
vt 0.932952 0.725475
vt 0.978098 0.027856
vt 0.978102 0.724338
vt 0.977979 0.026488
vt 0.977979 0.723004
vt 0.962502 0.707527
vt 0.962501 0.011011
vt 0.932417 0.724733
vt 0.916939 0.724733
vt 0.978863 0.027272
vt 0.978861 0.723798
vt 0.963383 0.723797
vt 0.963386 0.027272
vt 0.932006 0.029281
vt 0.932009 0.725794
vt 0.916531 0.725794
vt 0.916528 0.029281
vt 0.914634 0.725398
vt 0.914630 0.028882
vt 0.947184 0.029015
vt 0.947182 0.725548
vt 0.931704 0.725548
vt 0.931711 0.029014
vt 0.916222 0.722975
vt 0.978951 0.028502
vt 0.978953 0.724999
vt 0.931822 0.027856
vt 0.931823 0.724368
vt 0.916346 0.724368
vt 0.916344 0.027856
vt 0.978214 0.029578
vt 0.978212 0.726075
vt 0.962735 0.726075
vt 0.962737 0.029578
vt 0.916091 0.724685
vt 0.916103 0.028157
vt 0.917240 0.723635
vt 0.917232 0.027174
vt 0.933344 0.725939
vt 0.933351 0.029436
vt 0.979086 0.029805
vt 0.979089 0.726330
vt 0.978876 0.027901
vt 0.978880 0.724406
vt 0.931417 0.028779
vt 0.931417 0.725296
vt 0.915939 0.725297
vt 0.915939 0.028779
vt 0.915887 0.725035
vt 0.915887 0.028524
vt 0.930961 0.028465
vt 0.930959 0.724978
vt 0.915480 0.724978
vt 0.915483 0.028465
vt 0.978602 0.029930
vt 0.978601 0.726432
vt 0.963125 0.710954
vt 0.963126 0.014452
vt 0.961313 0.725913
vt 0.961311 0.029410
vt 0.932317 0.029487
vt 0.932316 0.725999
vt 0.916837 0.725999
vt 0.916838 0.029487
vt 0.978564 0.027864
vt 0.978572 0.724370
vt 0.963373 0.028241
vt 0.963375 0.724733
vt 0.947895 0.724733
vt 0.916952 0.723801
vt 0.916953 0.027272
vt 0.946320 0.028883
vt 0.946315 0.725417
vt 0.930838 0.725417
vt 0.930846 0.028882
vt 0.978030 0.027389
vt 0.978035 0.723912
vt 0.932669 0.028286
vt 0.932668 0.724789
vt 0.917191 0.724789
vt 0.917191 0.028285
vt 0.978837 0.027956
vt 0.978837 0.724452
vt 0.916297 0.726076
vt 0.916301 0.029578
vt 0.978282 0.026251
vt 0.978282 0.722782
vt 0.977849 0.029147
vt 0.977850 0.725663
vt 0.932470 0.028864
vt 0.932471 0.725377
vt 0.916992 0.725378
vt 0.916992 0.028864
vt 0.917866 0.725938
vt 0.917877 0.029436
vt 0.978708 0.027275
vt 0.978703 0.723780
vt 0.931745 0.028864
vt 0.931745 0.725377
vt 0.916266 0.725377
vt 0.916267 0.028864
vt 0.977424 0.028778
vt 0.977433 0.725289
vt 0.977271 0.027173
vt 0.977264 0.723683
vt 0.916429 0.723920
vt 0.916437 0.027389
vt 0.979760 0.027956
vt 0.979761 0.724476
vt 0.946918 0.723921
vt 0.946918 0.027389
vt 0.932181 0.028965
vt 0.932183 0.725478
vt 0.916704 0.725478
vt 0.916703 0.028964
vt 0.948017 0.028238
vt 0.978440 0.029280
vt 0.978445 0.725793
vt 0.932719 0.725053
vt 0.917242 0.725053
vt 0.916226 0.725548
vt 0.916232 0.029014
vt 0.916923 0.724452
vt 0.916926 0.027956
vt 0.916154 0.726427
vt 0.916155 0.029935
vt 0.978341 0.027453
vt 0.978341 0.723983
vt 0.916040 0.725913
vt 0.916043 0.029402
vt 0.978258 0.027857
vt 0.978253 0.724367
vt 0.915638 0.724193
vt 0.915640 0.027680
vt 0.977849 0.028778
vt 0.977849 0.725296
vt 0.977583 0.027955
vt 0.977578 0.724503
vt 0.917539 0.724406
vt 0.917539 0.027901
vt 0.977903 0.029579
vt 0.977895 0.726061
vt 0.916327 0.723009
vt 0.916331 0.026488
vt 0.977393 0.028465
vt 0.977393 0.724978
vt 0.917853 0.724479
vt 0.917853 0.027956
vt 0.978749 0.029487
vt 0.978749 0.725999
vt 0.916070 0.725459
vt 0.916062 0.028951
vt 0.915358 0.725417
vt 0.915367 0.028882
vt 0.193943 0.329367
vt 0.334841 0.329367
vt 0.334840 0.924277
vt 0.193942 0.924277
vt 0.009658 0.329017
vt 0.021201 0.329056
vt 0.021205 0.990345
vt 0.009663 0.990307
vt 0.292272 0.518755
vt 0.196417 0.518753
vt 0.196420 0.322240
vt 0.292275 0.322243
vt 0.191625 0.513961
vt 0.167658 0.513961
vt 0.167659 0.322238
vt 0.191626 0.322239
vt 0.012003 0.335714
vt 0.022223 0.325494
vt 0.022224 0.920402
vt 0.012004 0.930622
vt 0.056024 0.329173
vt 0.149164 0.329171
vt 0.149168 0.990464
vt 0.056029 0.990464
vt 0.126607 0.907007
vt 0.126614 0.102199
vt 0.188522 0.164109
vt 0.188515 0.968915
vt 0.160705 0.329289
vt 0.183991 0.329287
vt 0.183991 0.990587
vt 0.160708 0.990585
vt 0.202559 0.969085
vt 0.202564 0.164280
vt 0.218035 0.179753
vt 0.218035 0.984562
vt 0.044484 0.329055
vt 0.044488 0.990344
vt 0.194339 0.925244
vt 0.184119 0.915836
vt 0.184123 0.320925
vt 0.194343 0.330328
vt 0.097093 0.891365
vt 0.097099 0.086556
vt 0.112570 0.102029
vt 0.112564 0.906837
vt 0.149937 0.330262
vt 0.160238 0.319959
vt 0.160237 0.914870
vt 0.149936 0.925170
vt 0.056009 0.330261
vt 0.056009 0.925170
vt 0.321032 0.513962
vt 0.297065 0.513962
vt 0.297068 0.322243
vt 0.321036 0.322243
vt 0.158073 0.322238
vt 0.158072 0.523548
vt 0.056407 0.926132
vt 0.046107 0.921362
vt 0.046109 0.326458
vt 0.056410 0.331227
vt 0.292874 0.859322
vt 0.196878 0.859324
vt 0.196872 0.374522
vt 0.292867 0.374519
vt 0.188414 0.859262
vt 0.164411 0.859264
vt 0.164410 0.369678
vt 0.188411 0.369675
vt 0.325520 0.859272
vt 0.301337 0.859270
vt 0.301394 0.365995
vt 0.325578 0.365997
vt 0.195534 0.990625
vt 0.195533 0.329327
vt 0.176178 0.984216
vt 0.083321 0.891353
vt 0.083348 0.086562
vt 0.176206 0.179426
vt 0.295711 0.907258
vt 0.295719 0.102479
vt 0.311194 0.087004
vt 0.311191 0.891780
vt 0.183723 0.319961
vt 0.183722 0.914870
vt 0.154810 0.379277
vt 0.154810 0.859264
vt 0.330619 0.523548
vt 0.330622 0.322242
vt 0.045708 0.325493
vt 0.045708 0.920401
vt 0.014279 0.523549
vt 0.014279 0.322237
vt 0.335192 0.859274
vt 0.335250 0.375670
vt 0.282136 0.102282
vt 0.296179 0.102451
vt 0.296177 0.907243
vt 0.282133 0.907075
vt 0.010815 0.859265
vt 0.010815 0.379277
vt 0.190229 0.984307
vt 0.190252 0.179519
vt 0.205730 0.164042
vt 0.205712 0.968827
vt 0.232486 0.179656
vt 0.325346 0.086798
vt 0.325340 0.891582
vt 0.232480 0.984441
vt 0.335243 0.329325
vt 0.335244 0.990625
vt 0.161640 0.540049
vt 0.161629 0.489063
vt 0.171831 0.489062
vt 0.171833 0.540049
vt 0.176668 0.179401
vt 0.190712 0.179494
vt 0.190700 0.984286
vt 0.176655 0.984194
vt 0.219759 0.968995
vt 0.219772 0.164212
vt 0.281677 0.102309
vt 0.281667 0.907091
vt 0.083444 0.086438
vt 0.097491 0.086362
vt 0.097491 0.891154
vt 0.083445 0.891229
vt 0.309494 0.430860
vt 0.309503 0.481847
vt 0.304405 0.481849
vt 0.304396 0.430862
vt 0.197329 0.489063
vt 0.197324 0.540051
vt 0.197321 0.430880
vt 0.197328 0.481867
vt 0.171833 0.481871
vt 0.171829 0.430883
vt 0.202431 0.489065
vt 0.202419 0.540053
vt 0.309492 0.540088
vt 0.309508 0.489096
vt 0.335006 0.489105
vt 0.334990 0.540097
vt 0.008676 0.540097
vt 0.008661 0.489109
vt 0.304393 0.540085
vt 0.304409 0.489095
vt 0.334986 0.430856
vt 0.334994 0.481843
vt 0.202419 0.430879
vt 0.202427 0.481866
vt 0.158071 0.305889
vt 0.134106 0.310682
vt 0.038242 0.310684
vt 0.014279 0.305890
vt 0.134106 0.315475
vt 0.158071 0.315476
vt 0.014279 0.315476
vt 0.038241 0.315477
vt 0.284659 0.310683
vt 0.308626 0.315477
vt 0.164831 0.315477
vt 0.188798 0.310684
vt 0.308626 0.305889
vt 0.284659 0.305889
vt 0.188798 0.305890
vt 0.164831 0.305890
vt 0.232081 0.984656
vt 0.232080 0.179851
vt 0.161633 0.430878
vt 0.161635 0.481867
vt 0.008661 0.481870
vt 0.008661 0.430878
vt 0.188918 0.163915
vt 0.202962 0.164083
vt 0.202959 0.968872
vt 0.188915 0.968704
vt 0.325236 0.891872
vt 0.325235 0.087098
vt 0.861426 0.597368
vt 0.861426 0.689114
vt 0.402696 0.689114
vt 0.402696 0.597368
vt 0.861975 0.596178
vt 0.861974 0.687924
vt 0.403244 0.687924
vt 0.403244 0.596178
vt 0.861531 0.596508
vt 0.861531 0.688254
vt 0.402799 0.688254
vt 0.402800 0.596508
vt 0.861853 0.596989
vt 0.861853 0.688735
vt 0.403122 0.688736
vt 0.403122 0.596990
vt 0.861426 0.597097
vt 0.861426 0.688843
vt 0.402695 0.688843
vt 0.402695 0.597097
vt 0.861863 0.596357
vt 0.861863 0.688102
vt 0.403133 0.688103
vt 0.403132 0.596357
vt 0.861009 0.596498
vt 0.860978 0.688245
vt 0.402248 0.688091
vt 0.402279 0.596343
vt 0.861863 0.596177
vt 0.861863 0.687923
vt 0.403136 0.687923
vt 0.403135 0.596177
vt 0.861443 0.596420
vt 0.861411 0.688166
vt 0.402681 0.688007
vt 0.402713 0.596262
vt 0.861097 0.596820
vt 0.861052 0.688565
vt 0.402323 0.688342
vt 0.402366 0.596596
vt 0.402662 0.688608
vt 0.402706 0.596862
vt 0.861531 0.688227
vt 0.402801 0.688227
vt 0.861472 0.788866
vt 0.402743 0.788867
vt 0.402742 0.697121
vt 0.861472 0.697120
vt 0.862020 0.787676
vt 0.403292 0.787676
vt 0.403292 0.695931
vt 0.862021 0.695930
vt 0.861577 0.788005
vt 0.402847 0.788006
vt 0.402846 0.696260
vt 0.861577 0.696260
vt 0.861899 0.788487
vt 0.403171 0.788488
vt 0.403170 0.696742
vt 0.861899 0.696742
vt 0.861472 0.788595
vt 0.402744 0.788596
vt 0.402744 0.696850
vt 0.861472 0.696849
vt 0.861909 0.787854
vt 0.403181 0.787855
vt 0.403180 0.696110
vt 0.861910 0.696109
vt 0.860990 0.787997
vt 0.402262 0.787843
vt 0.402292 0.696097
vt 0.861022 0.696251
vt 0.861909 0.787676
vt 0.403185 0.787676
vt 0.403184 0.695931
vt 0.861910 0.695931
vt 0.861423 0.787918
vt 0.402694 0.787760
vt 0.402725 0.696014
vt 0.861455 0.696172
vt 0.861051 0.788318
vt 0.402321 0.788094
vt 0.402365 0.696348
vt 0.861095 0.696572
vt 0.861390 0.788583
vt 0.402662 0.788360
vt 0.402706 0.696615
vt 0.861435 0.696838
vt 0.402848 0.696233
vt 0.861577 0.696233
vt 0.402324 0.588590
vt 0.861054 0.588813
vt 0.402235 0.588337
vt 0.860965 0.588491
vt 0.403089 0.588169
vt 0.861816 0.588170
vt 0.402649 0.589090
vt 0.861380 0.589091
vt 0.402753 0.588501
vt 0.861484 0.588501
vt 0.402650 0.589362
vt 0.861380 0.589362
vt 0.402663 0.588856
vt 0.402669 0.588255
vt 0.861399 0.588414
vt 0.403085 0.588350
vt 0.861817 0.588350
vt 0.403075 0.588983
vt 0.861806 0.588983
vt 0.403197 0.588171
vt 0.861928 0.588172
vt 0.893110 0.213742
vt 0.345484 0.213738
vt 0.345429 0.204180
vt 0.893054 0.204184
vt 0.344053 0.991374
vt 0.893103 0.442321
vt 0.893103 0.211721
vt 0.344052 0.211721
vt 0.893108 0.443745
vt 0.345479 0.991368
vt 0.403192 0.688396
vt 0.861922 0.688391
vt 0.861969 0.696398
vt 0.403239 0.696401
vt 0.861921 0.596645
vt 0.403191 0.596649
vt 0.403144 0.588643
vt 0.861874 0.588638
vt 0.861969 0.788145
vt 0.403239 0.788146
vt 0.343944 0.991321
vt 0.892995 0.991322
vt 0.892995 0.295858
vt 0.343944 0.295858
vt 0.893104 0.991371
vt 0.892995 0.991861
vt 0.892996 0.296397
vt 0.343944 0.296397
vt 0.343943 0.991861
vt 0.127009 0.906796
vt 0.127010 0.102008
vt 0.218441 0.179562
vt 0.218435 0.984349
vt 0.112967 0.101839
vt 0.112965 0.906628
vt 0.324942 0.086989
vt 0.324943 0.891795
vt 0.083051 0.086635
vt 0.083046 0.891441
vt 0.083797 0.891333
vt 0.083810 0.086539
vt 0.311656 0.086974
vt 0.311655 0.891767
vt 0.206190 0.164017
vt 0.206180 0.968809
vt 0.220226 0.968978
vt 0.220232 0.164186
vt 0.325701 0.891859
vt 0.325702 0.087067
vt 0.335243 0.330329
vt 0.335239 0.925245
vt 0.193952 0.328850
vt 0.334851 0.328852
vt 0.334845 0.923764
vt 0.193946 0.923763
vt 0.012404 0.336679
vt 0.022623 0.326458
vt 0.022623 0.921361
vt 0.012404 0.931578
vt 0.012011 0.335199
vt 0.022231 0.324977
vt 0.022231 0.919884
vt 0.012012 0.930105
vt 0.183726 0.914356
vt 0.183732 0.319446
vt 0.150337 0.331228
vt 0.160638 0.320925
vt 0.160634 0.915834
vt 0.150334 0.926134
vt 0.149946 0.329747
vt 0.160247 0.319446
vt 0.160242 0.914355
vt 0.149942 0.924656
vt 0.056018 0.329746
vt 0.056015 0.924654
vt 0.045714 0.919884
vt 0.045717 0.324975
vt 0.916090 0.806551
vt 0.916089 0.184265
vt 0.935740 0.164613
vt 0.935741 0.786900
vt 0.979460 0.148146
vt 0.979458 0.811119
vt 0.958521 0.832056
vt 0.958524 0.169083
vt 0.946603 0.786882
vt 0.946602 0.164596
vt 0.926015 0.148165
vt 0.946951 0.169101
vt 0.946949 0.832075
vt 0.926014 0.811139
vt 0.914848 0.811160
vt 0.914852 0.148180
vt 0.914441 0.811157
vt 0.914442 0.148183
vt 0.929365 0.811768
vt 0.929364 0.014004
vt 0.915548 0.825583
vt 0.915548 0.027820
vt 0.915596 0.825583
vt 0.915594 0.027815
vt 0.932951 0.027815
vt 0.932953 0.825583
vt 0.946769 0.811768
vt 0.946767 0.013999
vt 0.916098 0.815954
vt 0.916098 0.018188
usemtl IronStairs_Mat
s off
f 1966/2515 1967/2516 1980/2517 1981/2518
f 1977/2519 1975/2520 1972/2521 1970/2522
f 1981/2523 1980/2517 1973/2524 1971/2525
f 1974/2526 1976/2527 1971/2528 1973/2524
f 1975/2520 1969/2529 1978/2530 1972/2521
f 1978/2530 1979/2531 1970/2532 1972/2521
f 1969/2529 1968/2533 1979/2534 1978/2530
f 1967/2516 1974/2526 1973/2524 1980/2517
f 1982/2535 1983/2536 1996/2537 1997/2538
f 1993/2539 1991/2540 1988/2541 1986/2542
f 1997/2543 1996/2537 1989/2544 1987/2545
f 1990/2546 1992/2547 1987/2548 1989/2544
f 1991/2540 1985/2549 1994/2550 1988/2541
f 1994/2550 1995/2551 1986/2552 1988/2541
f 1985/2549 1984/2553 1995/2554 1994/2550
f 1983/2536 1990/2546 1989/2544 1996/2537
f 1998/2555 1999/2556 2012/2557 2013/2558
f 2009/2559 2007/2560 2004/2561 2002/2562
f 2013/2563 2012/2557 2005/2564 2003/2565
f 2006/2566 2008/2567 2003/2568 2005/2564
f 2007/2560 2001/2569 2010/2570 2004/2561
f 2010/2570 2011/2571 2002/2572 2004/2561
f 2001/2569 2000/2573 2011/2574 2010/2570
f 1999/2556 2006/2566 2005/2564 2012/2557
f 2014/2575 2015/2576 2028/2577 2029/2578
f 2025/2579 2023/2580 2020/2581 2018/2582
f 2029/2583 2028/2577 2021/2584 2019/2585
f 2022/2586 2024/2587 2019/2588 2021/2584
f 2023/2580 2017/2589 2026/2590 2020/2581
f 2026/2590 2027/2591 2018/2592 2020/2581
f 2017/2589 2016/2593 2027/2594 2026/2590
f 2015/2576 2022/2586 2021/2584 2028/2577
f 2030/2595 2031/2596 2044/2597 2045/2598
f 2041/2599 2039/2600 2036/2601 2034/2602
f 2045/2603 2044/2597 2037/2604 2035/2605
f 2038/2606 2040/2607 2035/2608 2037/2604
f 2039/2600 2033/2609 2042/2610 2036/2601
f 2042/2610 2043/2611 2034/2612 2036/2601
f 2033/2609 2032/2613 2043/2614 2042/2610
f 2031/2596 2038/2606 2037/2604 2044/2597
f 2046/2615 2047/2616 2060/2617 2061/2618
f 2057/2619 2055/2620 2052/2621 2050/2622
f 2061/2623 2060/2617 2053/2624 2051/2625
f 2054/2626 2056/2627 2051/2628 2053/2624
f 2055/2620 2049/2629 2058/2630 2052/2621
f 2058/2630 2059/2631 2050/2632 2052/2621
f 2049/2629 2048/2633 2059/2634 2058/2630
f 2047/2616 2054/2626 2053/2624 2060/2617
f 2062/2635 2063/2636 2076/2637 2077/2638
f 2073/2639 2071/2640 2068/2641 2066/2642
f 2077/2643 2076/2637 2069/2644 2067/2645
f 2070/2646 2072/2647 2067/2648 2069/2644
f 2071/2640 2065/2649 2074/2650 2068/2641
f 2074/2650 2075/2651 2066/2652 2068/2641
f 2065/2649 2064/2653 2075/2654 2074/2650
f 2063/2636 2070/2646 2069/2644 2076/2637
f 2078/2655 2079/2656 2092/2657 2093/2658
f 2089/2659 2087/2660 2084/2661 2082/2662
f 2093/2663 2092/2657 2085/2664 2083/2665
f 2086/2666 2088/2667 2083/2668 2085/2664
f 2087/2660 2081/2669 2090/2670 2084/2661
f 2090/2670 2091/2671 2082/2672 2084/2661
f 2081/2669 2080/2673 2091/2674 2090/2670
f 2079/2656 2086/2666 2085/2664 2092/2657
f 2094/2675 2095/2676 2108/2677 2109/2678
f 2105/2679 2103/2680 2100/2681 2098/2682
f 2109/2683 2108/2677 2101/2684 2099/2685
f 2102/2686 2104/2687 2099/2688 2101/2684
f 2103/2680 2097/2689 2106/2690 2100/2681
f 2106/2690 2107/2691 2098/2692 2100/2681
f 2097/2689 2096/2693 2107/2694 2106/2690
f 2095/2676 2102/2686 2101/2684 2108/2677
f 2110/2695 2111/2696 2124/2697 2125/2698
f 2121/2699 2119/2700 2116/2701 2114/2702
f 2125/2703 2124/2697 2117/2704 2115/2705
f 2118/2706 2120/2707 2115/2708 2117/2704
f 2119/2700 2113/2709 2122/2710 2116/2701
f 2122/2710 2123/2711 2114/2712 2116/2701
f 2113/2709 2112/2713 2123/2714 2122/2710
f 2111/2696 2118/2706 2117/2704 2124/2697
f 2126/2715 2127/2716 2140/2717 2141/2718
f 2137/2719 2135/2720 2132/2721 2130/2722
f 2141/2723 2140/2717 2133/2724 2131/2725
f 2134/2726 2136/2727 2131/2728 2133/2724
f 2135/2720 2129/2729 2138/2730 2132/2721
f 2138/2730 2139/2731 2130/2732 2132/2721
f 2129/2729 2128/2733 2139/2734 2138/2730
f 2127/2716 2134/2726 2133/2724 2140/2717
f 2142/2735 2143/2736 2156/2737 2157/2738
f 2153/2739 2151/2740 2148/2741 2146/2742
f 2157/2743 2156/2737 2149/2744 2147/2745
f 2150/2746 2152/2747 2147/2748 2149/2744
f 2151/2740 2145/2749 2154/2750 2148/2741
f 2154/2750 2155/2751 2146/2752 2148/2741
f 2145/2749 2144/2753 2155/2754 2154/2750
f 2143/2736 2150/2746 2149/2744 2156/2737
f 2158/2755 2159/2756 2172/2757 2173/2758
f 2169/2759 2167/2760 2164/2761 2162/2762
f 2173/2763 2172/2757 2165/2764 2163/2765
f 2166/2766 2168/2767 2163/2768 2165/2764
f 2167/2760 2161/2769 2170/2770 2164/2761
f 2170/2770 2171/2771 2162/2772 2164/2761
f 2161/2769 2160/2773 2171/2774 2170/2770
f 2159/2756 2166/2766 2165/2764 2172/2757
f 2211/2775 2212/2776 2195/2777 2194/2778
f 2197/2779 2202/2780 2191/2781 2206/2782
f 2186/2783 2204/2784 2185/2785 2176/2786
f 2204/2784 2203/2787 2188/2788 2185/2785
f 2210/2789 2179/2790 2183/2791 2207/2792
f 2203/2787 2187/2793 2177/2794 2188/2788
f 2178/2795 2209/2796 2208/2797 2184/2798
f 2209/2796 2210/2799 2207/2800 2208/2797
f 2200/2801 2201/2802 2190/2803 2213/2804
f 2198/2805 2196/2806 2205/2807 2199/2808
f 2179/2790 2178/2795 2184/2798 2183/2791
f 2201/2809 2211/2775 2194/2778 2190/2810
f 2192/2811 2174/2812 2180/2813 2189/2814
f 2175/2815 2193/2816 2182/2817 2181/2818
f 2193/2816 2192/2811 2189/2814 2182/2817
f 2196/2806 2197/2819 2206/2820 2205/2807
f 2202/2780 2198/2805 2199/2808 2191/2781
f 2212/2776 2200/2801 2213/2804 2195/2777
f 2187/2821 2186/2783 2176/2786 2177/2822
f 2174/2823 2175/2815 2181/2818 2180/2824
f 2214/2825 2262/2826 2251/2827 2255/2828
f 2244/2829 2245/2830 2267/2831 2266/2832
f 2227/2833 2228/2834 2240/2835 2246/2836
f 2227/2837 2246/2838 2259/2839 2271/2840
f 2247/2841 2246/2836 2240/2835 2243/2842
f 2246/2838 2247/2843 2258/2844 2259/2839
f 2226/2845 2225/2846 2239/2847 2261/2848
f 2232/2849 2231/2850 2242/2851 2269/2852
f 2226/2853 2261/2854 2256/2855 2272/2856
f 2232/2857 2269/2858 2248/2859 2264/2860
f 2261/2854 2260/2861 2257/2862 2256/2855
f 2260/2863 2261/2848 2239/2847 2238/2864
f 2268/2865 2269/2852 2242/2851 2241/2866
f 2269/2858 2268/2867 2249/2868 2248/2859
f 2263/2869 2219/2870 2253/2871 2250/2872
f 2218/2873 2219/2874 2263/2875 2236/2876
f 2273/2877 2272/2878 2256/2855 2257/2862
f 2270/2879 2264/2880 2248/2859 2249/2868
f 2265/2881 2271/2882 2259/2839 2258/2844
f 2214/2883 2215/2884 2222/2885 2262/2886
f 2260/2861 2223/2887 2273/2888 2257/2862
f 2245/2830 2216/2889 2254/2890 2267/2831
f 2217/2891 2216/2892 2245/2893 2233/2894
f 2254/2895 2252/2896 2266/2832 2267/2831
f 2224/2897 2223/2898 2260/2863 2238/2864
f 2245/2893 2244/2899 2237/2900 2233/2894
f 2253/2901 2255/2902 2251/2827 2250/2872
f 2263/2875 2262/2886 2222/2885 2236/2876
f 2220/2903 2221/2904 2237/2900 2244/2899
f 2262/2826 2263/2869 2250/2872 2251/2827
f 2247/2843 2235/2905 2265/2906 2258/2844
f 2220/2907 2244/2829 2266/2832 2252/2908
f 2234/2909 2235/2910 2247/2841 2243/2842
f 2228/2911 2234/2912 2243/2913 2240/2914
f 2221/2915 2217/2916 2233/2917 2237/2918
f 2229/2919 2230/2920 2268/2865 2241/2866
f 2268/2867 2230/2921 2270/2922 2249/2868
f 2275/2923 2277/2924 2276/2925 2274/2926
f 2279/2927 2281/2928 2280/2929 2278/2930
f 3541/2931 2284/2932 2285/2933 3540/2934
f 3537/2935 2282/2936 2283/2937 3536/2938
f 2282/2939 2286/2940 2287/2941 2283/2942
f 3528/2943 2291/2944 2290/2945 3530/2946
f 2291/2947 2292/2948 2293/2949 2290/2950
f 2284/2951 2288/2952 2289/2953 2285/2954
f 2295/2955 2294/2956 2296/2957 2297/2958
f 2299/2959 2298/2960 2300/2961 2301/2962
f 3543/2963 3542/2964 2305/2965 2304/2966
f 3539/2967 3538/2968 2303/2969 2302/2970
f 2302/2971 2303/2972 2307/2973 2306/2974
f 3532/2975 3534/2976 2310/2977 2311/2978
f 2311/2979 2310/2980 2313/2981 2312/2982
f 2304/2983 2305/2984 2309/2985 2308/2986
f 3541/2987 2278/2988 2298/2989 3543/2990
f 2278/2991 2280/2992 2300/2961 2298/2960
f 2276/2993 2277/2994 2297/2958 2296/2957
f 2290/2950 2293/2949 2313/2981 2310/2980
f 2285/2954 2289/2953 2309/2985 2305/2984
f 3536/2995 2283/2996 2303/2969 3538/2968
f 2281/2928 2279/2927 2299/2959 2301/2962
f 2274/2926 2276/2925 2296/2957 2294/2956
f 3529/2997 2288/2998 2308/2999 3533/3000
f 3537/3001 2274/3002 2294/3003 3539/3004
f 2277/3005 2275/3006 2295/2955 2297/2958
f 2292/3007 2291/3008 2311/2979 2312/2982
f 3530/2946 2290/2945 2310/2977 3534/2976
f 2288/3009 2284/3010 2304/2983 2308/2986
f 2283/3011 2287/3012 2307/2973 2303/2972
f 3540/2934 2285/2933 2305/2965 3542/2964
f 2280/3013 2281/3014 2301/2962 2300/2961
f 2286/2940 2282/2939 2302/2971 2306/2974
f 2563/3015 3051/3016 3050/3017 2562/3018
f 2716/3019 3204/3020 3205/3021 2717/3022
f 2793/3023 3281/3024 3279/3025 2791/3026
f 2337/3027 2825/3028 2821/3029 2333/3030
f 2418/3031 2906/3032 2981/3033 2493/3034
f 2722/3035 3210/3036 3212/3037 2724/3038
f 2420/3039 2908/3040 2922/3041 2434/3042
f 2338/3043 2826/3044 2830/3045 2342/3046
f 2656/3047 3144/3048 3145/3049 2657/3050
f 2733/3051 3221/3052 3219/3053 2731/3054
f 2351/3055 2839/3056 2835/3057 2347/3058
f 2588/3059 3076/3060 3077/3061 2589/3062
f 2662/3063 3150/3064 3152/3065 2664/3066
f 2743/3067 3231/3068 3230/3069 2742/3070
f 2363/3071 2851/3072 2850/3073 2362/3074
f 2519/3075 3007/3076 3006/3077 2518/3078
f 2673/3079 3161/3080 3159/3081 2671/3082
f 2373/3083 2861/3084 2860/3085 2372/3086
f 2447/3087 2935/3088 2937/3089 2449/3090
f 2525/3091 3013/3092 3015/3093 2527/3094
f 2683/3095 3171/3096 3170/3097 2682/3098
f 2456/3099 2944/3100 2942/3101 2454/3102
f 2536/3103 3024/3104 3025/3105 2537/3106
f 2613/3107 3101/3108 3099/3109 2611/3110
f 2768/3111 3256/3112 3257/3113 2769/3114
f 2466/3115 2954/3116 2955/3117 2467/3118
f 2545/3119 3033/3120 3031/3121 2543/3122
f 2623/3123 3111/3124 3110/3125 2622/3126
f 2774/3127 3262/3128 3264/3129 2776/3130
f 2319/3131 2807/3132 2806/3133 2318/3134
f 2555/3135 3043/3136 3042/3137 2554/3138
f 2708/3139 3196/3140 3197/3121 2709/3141
f 2785/3142 3273/3143 3271/3144 2783/3145
f 2328/3146 2816/3147 2817/3148 2329/3149
f 2714/3150 3202/3151 3204/3020 2716/3019
f 2795/3152 3283/3153 3282/3154 2794/3155
f 2330/3156 2818/3157 2822/3158 2334/3159
f 2414/3160 2902/3161 2903/3162 2415/3163
f 2648/3164 3136/3165 3137/3166 2649/3167
f 2725/3168 3213/3169 3211/3170 2723/3171
f 2490/3172 2978/3173 2907/3174 2419/3175
f 2343/3176 2831/3177 2827/3178 2339/3179
f 2580/3180 3068/3181 3069/3182 2581/3183
f 2654/3184 3142/3185 3144/3048 2656/3047
f 2735/3186 3223/3187 3222/3188 2734/3189
f 2355/3190 2843/3191 2842/3192 2354/3193
f 2431/3194 2919/3195 2918/3196 2430/3197
f 2511/3198 2999/3199 2998/3200 2510/3201
f 2586/3202 3074/3203 3076/3060 2588/3059
f 2665/3204 3153/3205 3151/3206 2663/3207
f 2365/3208 2853/3209 2852/3210 2364/3211
f 2437/3212 2925/3213 2929/3214 2441/3215
f 2517/3216 3005/3217 3007/3076 2519/3075
f 2675/3218 3163/3219 3162/3220 2674/3221
f 2448/3222 2936/3223 2934/3224 2446/3225
f 2526/3226 3014/3227 3012/3228 2524/3229
f 2606/3230 3094/3231 3095/3232 2607/3233
f 2760/3234 3248/3235 3249/3236 2761/3237
f 2458/3238 2946/3239 2947/3240 2459/3241
f 2537/3242 3025/3243 3022/3244 2534/3245
f 2615/3246 3103/3247 3102/3248 2614/3249
f 2766/3250 3254/3251 3256/3112 2768/3111
f 2547/3252 3035/3253 3034/3254 2546/3255
f 2700/3256 3188/3257 3189/3258 2701/3259
f 2777/3260 3265/3261 3263/3262 2775/3263
f 2706/3264 3194/3265 3196/3140 2708/3139
f 2787/3266 3275/3267 3274/3268 2786/3269
f 2326/3270 2814/3271 2816/3272 2328/3273
f 2406/3274 2894/3275 2895/3276 2407/3277
f 2485/3278 2973/3279 2972/3280 2484/3281
f 2640/3282 3128/3283 3129/3284 2641/3285
f 2717/3286 3205/3287 3203/3288 2715/3289
f 2335/3290 2823/3291 2819/3292 2331/3293
f 2416/3294 2904/3295 2905/3296 2417/3297
f 2572/3298 3060/3299 3061/3300 2573/3301
f 2646/3302 3134/3303 3136/3165 2648/3164
f 2727/3304 3215/3305 3214/3306 2726/3307
f 2492/3308 2980/3309 3079/3310 2591/3311
f 2347/3058 2835/3057 2834/3312 2346/3313
f 2423/3314 2911/3315 2910/3316 2422/3317
f 2503/3318 2991/3319 2990/3320 2502/3321
f 2578/3322 3066/3323 3068/3181 2580/3180
f 2657/3324 3145/3325 3143/3326 2655/3327
f 2357/3328 2845/3329 2844/3330 2356/3331
f 2433/3332 2921/3333 2927/3334 2439/3335
f 2509/3336 2997/3337 2999/3199 2511/3198
f 2589/3062 3077/3061 3075/3338 2587/3339
f 2667/3145 3155/3340 3154/3069 2666/3070
f 2440/3341 2928/3342 2924/3343 2436/3344
f 2518/3345 3006/3346 3004/3347 2516/3348
f 2598/3349 3086/3350 3087/3351 2599/3352
f 2752/3353 3240/3354 3241/3355 2753/3356
f 2450/3357 2938/3358 2939/3359 2451/3360
f 2528/3361 3016/3362 3017/3363 2529/3364
f 2604/3365 3092/3366 3094/3231 2606/3230
f 2758/3367 3246/3368 3248/3369 2760/3370
f 2539/3371 3027/3372 3026/3373 2538/3374
f 2692/3375 3180/3376 3181/3377 2693/3378
f 2769/3379 3257/3380 3255/3381 2767/3382
f 2698/3383 3186/3384 3188/3257 2700/3256
f 2779/3385 3267/3386 3266/3387 2778/3388
f 2398/3389 2886/3390 2887/3391 2399/3392
f 2477/3393 2965/3394 2964/3395 2476/3396
f 2632/3397 3120/3398 3121/3399 2633/3400
f 2709/3401 3197/3402 3195/3403 2707/3404
f 2329/3149 2817/3148 2815/3405 2327/3406
f 2408/3407 2896/3408 2897/3409 2409/3410
f 2483/3411 2971/3412 2973/3413 2485/3414
f 2564/3415 3052/3416 3053/3417 2565/3418
f 2638/3419 3126/3420 3128/3283 2640/3282
f 2719/3421 3207/3422 3206/3423 2718/3424
f 2339/3179 2827/3178 2826/3044 2338/3043
f 2412/3425 2900/3426 2904/3427 2416/3428
f 2495/3429 2983/3430 2982/3431 2494/3432
f 2570/3433 3058/3434 3060/3299 2572/3298
f 2649/3435 3137/3436 3135/3437 2647/3438
f 2349/3439 2837/3440 2836/3441 2348/3442
f 2425/3443 2913/3444 2915/3445 2427/3446
f 2501/3344 2989/3447 2991/3319 2503/3318
f 2581/3183 3069/3182 3067/3448 2579/3449
f 2659/3450 3147/3451 3146/3452 2658/3453
f 2435/3454 2923/3455 2909/3456 2421/3457
f 2510/3458 2998/3459 2996/3460 2508/3461
f 2591/3462 3079/3463 3078/3153 2590/3152
f 2744/3464 3232/3465 3233/3466 2745/3467
f 2442/3468 2930/3469 2931/3470 2443/3471
f 2520/3472 3008/3473 3009/3474 2521/3475
f 2596/3476 3084/3477 3086/3350 2598/3349
f 2750/3478 3238/3479 3240/3354 2752/3353
f 2607/3233 3095/3232 3093/3480 2605/3481
f 2684/3482 3172/3483 3173/3484 2685/3485
f 2761/3237 3249/3236 3247/3486 2759/3487
f 2690/3488 3178/3489 3180/3376 2692/3375
f 2771/3490 3259/3491 3258/3492 2770/3493
f 2390/3494 2878/3495 2879/3496 2391/3497
f 2469/3498 2957/3499 2956/3500 2468/3501
f 2624/3502 3112/3503 3113/3504 2625/3505
f 2701/3506 3189/3507 3187/3508 2699/3509
f 2320/3510 2808/3511 2809/3512 2321/3513
f 2400/3514 2888/3515 2889/3516 2401/3517
f 2475/3518 2963/3519 2965/3520 2477/3521
f 2556/3522 3044/3523 3045/3524 2557/3525
f 2630/3526 3118/3527 3120/3398 2632/3397
f 2711/3528 3199/3529 3198/3530 2710/3531
f 2331/3293 2819/3292 2818/3157 2330/3156
f 2404/3532 2892/3533 2896/3534 2408/3535
f 2484/3281 2972/3280 2970/3536 2482/3537
f 2562/3018 3050/3017 3052/3416 2564/3415
f 2641/3538 3129/3539 3127/3540 2639/3541
f 2796/3019 3284/3020 3285/3310 2797/3022
f 2341/3542 2829/3543 2828/3544 2340/3545
f 2417/3297 2905/3296 2901/3546 2413/3208
f 2422/3317 2910/3316 2983/3430 2495/3429
f 2573/3301 3061/3300 3059/3547 2571/3548
f 2651/3549 3139/3550 3138/3551 2650/3552
f 2426/3553 2914/3554 2912/3555 2424/3556
f 2502/3557 2990/3558 2988/3559 2500/3560
f 2583/3401 3071/3024 3070/3025 2582/3026
f 2736/3561 3224/3562 3225/3563 2737/3564
f 2434/3565 2922/3566 2923/3455 2435/3454
f 2512/3567 3000/3568 3001/3569 2513/3570
f 2742/3070 3230/3069 3232/3465 2744/3464
f 2599/3352 3087/3351 3085/3571 2597/3572
f 2676/3573 3164/3574 3165/3575 2677/3576
f 2753/3577 3241/3578 3239/3579 2751/3580
f 2609/3581 3097/3582 3096/3583 2608/3584
f 2682/3098 3170/3097 3172/3483 2684/3482
f 2763/3585 3251/3586 3250/3587 2762/3588
f 2382/3589 2870/3590 2871/3591 2383/3592
f 2461/3593 2949/3594 2948/3595 2460/3596
f 2616/3597 3104/3598 3105/3599 2617/3600
f 2693/3601 3181/3602 3179/3603 2691/3604
f 2392/3605 2880/3606 2881/3607 2393/3608
f 2467/3118 2955/3117 2957/3609 2469/3610
f 2548/3611 3036/3612 3037/3613 2549/3614
f 2622/3126 3110/3125 3112/3503 2624/3502
f 2703/3615 3191/3616 3190/3617 2702/3618
f 2318/3134 2806/3133 2808/3511 2320/3510
f 2396/3619 2884/3620 2888/3621 2400/3622
f 2476/3396 2964/3395 2962/3623 2474/3624
f 2554/3138 3042/3137 3044/3523 2556/3522
f 2633/3625 3121/3626 3119/3627 2631/3628
f 2788/3629 3276/3630 3277/3631 2789/3632
f 2333/3030 2821/3029 2820/3633 2332/3634
f 2409/3410 2897/3409 2893/3635 2405/3636
f 2486/3637 2974/3638 2975/3639 2487/3640
f 2565/3418 3053/3417 3051/3641 2563/3642
f 2643/3541 3131/3540 3130/3420 2642/3419
f 2794/3155 3282/3154 3284/3020 2796/3019
f 2410/3643 2898/3644 2902/3161 2414/3160
f 2494/3645 2982/3646 2911/3315 2423/3314
f 2575/3647 3063/3648 3062/3649 2574/3650
f 2728/3651 3216/3652 3217/3653 2729/3654
f 2424/3556 2912/3555 2913/3655 2425/3656
f 2504/3657 2992/3658 2993/3659 2505/3660
f 2734/3189 3222/3188 3224/3562 2736/3561
f 2438/3661 2926/3662 2920/3663 2432/3664
f 2668/3464 3156/3465 3157/3665 2669/3666
f 2745/3667 3233/3668 3231/3068 2743/3067
f 2601/3669 3089/3670 3088/3671 2600/3201
f 2674/3221 3162/3220 3164/3574 2676/3573
f 2755/3672 3243/3673 3242/3674 2754/3675
f 2374/3676 2862/3677 2863/3678 2375/3679
f 2453/3680 2941/3681 2940/3682 2452/3683
f 2531/3684 3019/3685 3018/3686 2530/3687
f 2685/3688 3173/3689 3171/3096 2683/3095
f 2384/3690 2872/3691 2873/3692 2385/3693
f 2459/3241 2947/3240 2949/3694 2461/3695
f 2540/3696 3028/3697 3029/3698 2541/3699
f 2614/3249 3102/3248 3104/3598 2616/3597
f 2695/3700 3183/3701 3182/3702 2694/3703
f 2388/3704 2876/3705 2880/3706 2392/3707
f 2468/3501 2956/3500 2954/3116 2466/3115
f 2546/3255 3034/3254 3036/3612 2548/3611
f 2625/3708 3113/3709 3111/3124 2623/3123
f 2780/3710 3268/3711 3269/3712 2781/3713
f 2321/3714 2809/3715 2807/3132 2319/3131
f 2401/3517 2889/3516 2885/3716 2397/3717
f 2478/3718 2966/3719 2967/3720 2479/3721
f 2557/3525 3045/3524 3043/3722 2555/3723
f 2635/3724 3123/3725 3122/3726 2634/3727
f 2786/3269 3274/3268 3276/3630 2788/3629
f 2402/3728 2890/3729 2894/3275 2406/3274
f 2567/3146 3055/3147 3054/3148 2566/3149
f 2720/3730 3208/3731 3209/3732 2721/3733
f 2797/3462 3285/3463 3283/3153 2795/3152
f 2415/3734 2903/3735 2899/3736 2411/3737
f 2496/3738 2984/3739 2985/3740 2497/3741
f 2726/3307 3214/3306 3216/3652 2728/3651
f 2660/3742 3148/3743 3149/3744 2661/3745
f 2737/3746 3225/3747 3223/3187 2735/3186
f 2432/3664 2920/3663 2921/3748 2433/3749
f 2533/3750 3021/3751 3097/3582 2609/3581
f 2666/3070 3154/3069 3156/3465 2668/3464
f 2747/3752 3235/3753 3234/3754 2746/3755
f 2366/3756 2854/3757 2855/3758 2367/3759
f 2445/3760 2933/3761 2932/3762 2444/3763
f 2523/3764 3011/3765 3010/3766 2522/3767
f 2677/3768 3165/3769 3163/3219 2675/3218
f 2376/3770 2864/3771 2865/3772 2377/3773
f 2451/3360 2939/3359 2941/3774 2453/3775
f 2529/3364 3017/3363 3019/3685 2531/3684
f 2687/3776 3175/3777 3174/3778 2686/3779
f 2380/3780 2868/3781 2872/3782 2384/3783
f 2460/3596 2948/3595 2946/3239 2458/3238
f 2538/3374 3026/3373 3028/3697 2540/3696
f 2617/3784 3105/3785 3103/3247 2615/3246
f 2772/3786 3260/3787 3261/3788 2773/3789
f 2393/3608 2881/3607 2877/3790 2389/3791
f 2470/3792 2958/3793 2959/3794 2471/3795
f 2549/3614 3037/3613 3035/3796 2547/3797
f 2627/3798 3115/3799 3114/3800 2626/3801
f 2778/3388 3266/3387 3268/3711 2780/3710
f 2322/3802 2810/3803 2811/3491 2323/3490
f 2394/3804 2882/3805 2886/3390 2398/3389
f 2559/3806 3047/3807 3046/3808 2558/3809
f 2712/3810 3200/3811 3201/3812 2713/3813
f 2789/3814 3277/3815 3275/3267 2787/3266
f 2407/3816 2895/3817 2891/3818 2403/3819
f 2718/3424 3206/3423 3208/3731 2720/3730
f 2799/3820 3287/3821 3286/3822 2798/3823
f 2419/3175 2907/3174 2906/3032 2418/3031
f 2652/3824 3140/3825 3141/3826 2653/3827
f 2729/3828 3217/3829 3215/3305 2727/3304
f 2584/3830 3072/3831 3073/3140 2585/3139
f 2658/3453 3146/3452 3148/3743 2660/3742
f 2739/3832 3227/3833 3226/3834 2738/3835
f 2358/3836 2846/3837 2847/3838 2359/3839
f 2515/3840 3003/3841 3002/3842 2514/3843
f 2590/3152 3078/3153 2979/3154 2491/3155
f 2669/3142 3157/3844 3155/3340 2667/3145
f 2368/3294 2856/3845 2857/3109 2369/3297
f 2443/3471 2931/3470 2933/3846 2445/3847
f 2521/3475 3009/3474 3011/3765 2523/3764
f 2679/3848 3167/3849 3166/3850 2678/3851
f 2372/3086 2860/3085 2864/3852 2376/3853
f 2452/3683 2940/3682 2938/3358 2450/3357
f 2530/3854 3018/3855 3016/3362 2528/3361
f 2608/3856 3096/3857 3020/3858 2532/3859
f 2764/3860 3252/3861 3253/3862 2765/3863
f 2385/3693 2873/3692 2869/3864 2381/3865
f 2462/3866 2950/3867 2951/3868 2463/3869
f 2541/3699 3029/3698 3027/3870 2539/3871
f 2619/3872 3107/3873 3106/3874 2618/3875
f 2770/3493 3258/3492 3260/3787 2772/3786
f 2386/3876 2874/3877 2878/3495 2390/3494
f 2551/3878 3039/3879 3038/3880 2550/3881
f 2704/3882 3192/3883 3193/3284 2705/3285
f 2781/3884 3269/3885 3267/3386 2779/3385
f 2325/3493 2813/3492 2812/3886 2324/3887
f 2399/3888 2887/3889 2883/3890 2395/3891
f 2710/3531 3198/3530 3200/3811 2712/3810
f 2791/3026 3279/3025 3278/3831 2790/3830
f 2411/3737 2899/3736 2898/3644 2410/3643
f 2489/3892 2977/3893 2976/3777 2488/3776
f 2644/3282 3132/3283 3133/3284 2645/3285
f 2721/3894 3209/3895 3207/3422 2719/3421
f 2421/3457 2909/3456 2908/3040 2420/3039
f 2576/3896 3064/3897 3065/3898 2577/3899
f 2650/3552 3138/3551 3140/3825 2652/3824
f 2731/3054 3219/3053 3218/3900 2730/3901
f 2350/3902 2838/3903 2839/3904 2351/3905
f 2427/3446 2915/3445 2914/3554 2426/3553
f 2507/3906 2995/3907 2994/3908 2506/3909
f 2582/3026 3070/3025 3072/3831 2584/3830
f 2661/3910 3149/3911 3147/3451 2659/3450
f 2360/3912 2848/3913 2849/3914 2361/3915
f 2513/3570 3001/3569 3003/3841 2515/3840
f 2593/3916 3081/3917 3080/3918 2592/3919
f 2671/3082 3159/3081 3158/3920 2670/3921
f 2364/3211 2852/3210 2856/3922 2368/3428
f 2444/3763 2932/3762 2930/3469 2442/3468
f 2522/3923 3010/3924 3008/3473 2520/3472
f 2602/3925 3090/3926 3091/3927 2603/3928
f 2756/3308 3244/3309 3245/3310 2757/3311
f 2377/3773 2865/3772 2861/3084 2373/3083
f 2454/3102 2942/3101 2943/3929 2455/3930
f 2532/3859 3020/3858 3021/3751 2533/3750
f 2611/3110 3099/3109 3098/3931 2610/3932
f 2762/3588 3250/3587 3252/3861 2764/3860
f 2378/3933 2866/3934 2870/3590 2382/3589
f 2543/3935 3031/3402 3030/3403 2542/3517
f 2696/3936 3184/3937 3185/3938 2697/3939
f 2773/3940 3261/3941 3259/3491 2771/3490
f 2391/3942 2879/3943 2875/3944 2387/3945
f 2702/3618 3190/3617 3192/3883 2704/3882
f 2783/3145 3271/3144 3270/3946 2782/3070
f 2323/3490 2811/3491 2813/3492 2325/3493
f 2403/3819 2891/3818 2890/3729 2402/3728
f 2481/3942 2969/3943 2968/3947 2480/3948
f 2636/3949 3124/3950 3125/3951 2637/3952
f 2713/3953 3201/3954 3199/3529 2711/3528
f 2413/3208 2901/3546 2900/3426 2412/3425
f 2487/3640 2975/3639 2977/3955 2489/3956
f 2568/3957 3056/3958 3057/3959 2569/3960
f 2642/3419 3130/3420 3132/3283 2644/3282
f 2723/3171 3211/3170 3210/3036 2722/3035
f 2342/3046 2830/3045 2831/3961 2343/3962
f 2499/3963 2987/3964 2986/3965 2498/3966
f 2574/3650 3062/3649 3064/3897 2576/3896
f 2653/3967 3141/3968 3139/3550 2651/3549
f 2352/3969 2840/3970 2841/3971 2353/3972
f 2429/3973 2917/3974 2919/3195 2431/3194
f 2505/3660 2993/3659 2995/3907 2507/3906
f 2585/3139 3073/3140 3071/3121 2583/3141
f 2663/3207 3151/3206 3150/3064 2662/3063
f 2356/3331 2844/3330 2848/3975 2360/3976
f 2436/3344 2924/3343 2925/3213 2437/3212
f 2514/3290 3002/3977 3000/3568 2512/3567
f 2594/3978 3082/3979 3083/3980 2595/3981
f 2748/3982 3236/3983 3237/3984 2749/3985
f 2369/3297 2857/3109 2853/3209 2365/3208
f 2446/3225 2934/3224 2935/3088 2447/3087
f 2524/3229 3012/3228 3013/3092 2525/3091
f 2600/3458 3088/3986 3090/3926 2602/3925
f 2754/3675 3242/3674 3244/3309 2756/3308
f 2370/3987 2858/3988 2862/3677 2374/3676
f 2688/3989 3176/3990 3177/3955 2689/3956
f 2765/3991 3253/3992 3251/3586 2763/3585
f 2383/3993 2871/3994 2867/3995 2379/3996
f 2694/3703 3182/3702 3184/3937 2696/3936
f 2775/3263 3263/3262 3262/3128 2774/3127
f 2314/3525 2802/3997 2803/3998 2315/3723
f 2395/3891 2883/3890 2882/3805 2394/3804
f 2473/3999 2961/4000 2960/4001 2472/4002
f 2628/4003 3116/4004 3117/4005 2629/4006
f 2705/3538 3193/3539 3191/3616 2703/3615
f 2324/3887 2812/3886 2810/4007 2322/4008
f 2405/3636 2893/3635 2892/3533 2404/3532
f 2479/3721 2967/3720 2969/3496 2481/3497
f 2560/4009 3048/4010 3049/4011 2561/4012
f 2634/3727 3122/3726 3124/3950 2636/3949
f 2715/3289 3203/3288 3202/3151 2714/3150
f 2334/3159 2822/3158 2823/4013 2335/3843
f 2488/3776 2976/3777 2974/3638 2486/3637
f 2566/3149 3054/3148 3056/3958 2568/3957
f 2645/4014 3133/4015 3131/3540 2643/3541
f 2800/4016 3288/4017 3289/4018 2801/4019
f 2344/4020 2832/4021 2833/4022 2345/4023
f 2497/3741 2985/3740 2987/3964 2499/3963
f 2577/3899 3065/3898 3063/4024 2575/4025
f 2655/3327 3143/3326 3142/3185 2654/3184
f 2348/3442 2836/3441 2840/4026 2352/4027
f 2430/3197 2918/3196 2916/4028 2428/4029
f 2506/4030 2994/4031 2992/3658 2504/3657
f 2587/4032 3075/4033 3074/3203 2586/3202
f 2740/4034 3228/4035 3229/4036 2741/4037
f 2361/3915 2849/3914 2845/3329 2357/3328
f 2439/3335 2927/3334 2926/3662 2438/3661
f 2516/3348 3004/3347 3005/3217 2517/3216
f 2592/3919 3080/3918 3082/4038 2594/4039
f 2746/3755 3234/3754 3236/3983 2748/3982
f 2362/3074 2850/3073 2854/3757 2366/3756
f 2603/3928 3091/3927 3089/3670 2601/3669
f 2680/4040 3168/4041 3169/4042 2681/4043
f 2757/3462 3245/3463 3243/3673 2755/3672
f 2375/4044 2863/4045 2859/4046 2371/4047
f 2686/3779 3174/3778 3176/3990 2688/3989
f 2767/3382 3255/3381 3254/3251 2766/3250
f 2387/3945 2875/3944 2874/3877 2386/3876
f 2465/3645 2953/3646 2952/4048 2464/4049
f 2620/4050 3108/4051 3109/4052 2621/4053
f 2697/4054 3185/4055 3183/3701 2695/3700
f 2317/4056 2805/4057 2804/4058 2316/3522
f 2397/3717 2885/3716 2884/3620 2396/3619
f 2471/3795 2959/3794 2961/4059 2473/4060
f 2552/4061 3040/4062 3041/4063 2553/4064
f 2626/3801 3114/3800 3116/4004 2628/4003
f 2707/3404 3195/3403 3194/3265 2706/3264
f 2327/3406 2815/3405 2814/3271 2326/3270
f 2480/3948 2968/3947 2966/3719 2478/3718
f 2558/3809 3046/3808 3048/4010 2560/4009
f 2637/4065 3125/4066 3123/3725 2635/3724
f 2792/4067 3280/4068 3281/4069 2793/4070
f 2336/4071 2824/4072 2825/3028 2337/3027
f 2491/3155 2979/3154 2980/3309 2492/3308
f 2569/3960 3057/3959 3055/3272 2567/3273
f 2647/3438 3135/3437 3134/3303 2646/3302
f 2798/3823 3286/3822 3288/4017 2800/4016
f 2340/3545 2828/3544 2832/4073 2344/4074
f 2498/4075 2986/4076 2984/3739 2496/3738
f 2579/4077 3067/4078 3066/3323 2578/3322
f 2732/4079 3220/4080 3221/4081 2733/4082
f 2353/3972 2841/3971 2837/3440 2349/3439
f 2428/4029 2916/4028 2917/4083 2429/4084
f 2508/3461 2996/3460 2997/3337 2509/3336
f 2738/3835 3226/3834 3228/4035 2740/4034
f 2354/3193 2842/3192 2846/3837 2358/3836
f 2441/4085 2929/4086 2928/3342 2440/3341
f 2595/3981 3083/3980 3081/3917 2593/3916
f 2672/4087 3160/4088 3161/4089 2673/4090
f 2749/4091 3237/4092 3235/3753 2747/3752
f 2367/4093 2855/4094 2851/3072 2363/3071
f 2605/3481 3093/3480 3092/4095 2604/4096
f 2678/3851 3166/3850 3168/4041 2680/4040
f 2759/3487 3247/3486 3246/3368 2758/3367
f 2379/3996 2867/3995 2866/3934 2378/3933
f 2457/4097 2945/4098 2944/3100 2456/3099
f 2534/3245 3022/3244 3023/4099 2535/4100
f 2612/4101 3100/4102 3101/4103 2613/4104
f 2689/3892 3177/3893 3175/3777 2687/3776
f 2389/3791 2877/3790 2876/3705 2388/3704
f 2463/3869 2951/3868 2953/3431 2465/3432
f 2544/4105 3032/3265 3033/3120 2545/3119
f 2618/3875 3106/3874 3108/4051 2620/4050
f 2699/3509 3187/3508 3186/3384 2698/3383
f 2315/3514 2803/3515 2805/4057 2317/4056
f 2472/4002 2960/4001 2958/3793 2470/3792
f 2550/3881 3038/3880 3040/4062 2552/4061
f 2629/4106 3117/4107 3115/3799 2627/3798
f 2784/3464 3272/4108 3273/4109 2785/3467
f 2482/3537 2970/3536 2971/3412 2483/3411
f 2561/4012 3049/4011 3047/4110 2559/4111
f 2639/3541 3127/3540 3126/3420 2638/3419
f 2790/3830 3278/3831 3280/4068 2792/4067
f 2332/3634 2820/3633 2824/4112 2336/4113
f 2493/3034 2981/3033 2978/4114 2490/4115
f 2571/4116 3059/4117 3058/3434 2570/3433
f 2724/3038 3212/3037 3213/4118 2725/4119
f 2801/4120 3289/4121 3287/3821 2799/3820
f 2345/4023 2833/4022 2829/3543 2341/3542
f 2500/3560 2988/3559 2989/3447 2501/3344
f 2730/3901 3218/3900 3220/4080 2732/4079
f 2346/3313 2834/3312 2838/3903 2350/3902
f 2664/3066 3152/3065 3153/4122 2665/4123
f 2741/4124 3229/4125 3227/3833 2739/3832
f 2359/4126 2847/4127 2843/3191 2355/3190
f 2597/3572 3085/3571 3084/4128 2596/4129
f 2670/3921 3158/3920 3160/4088 2672/4087
f 2751/3580 3239/3579 3238/3479 2750/3478
f 2371/4047 2859/4046 2858/3988 2370/3987
f 2449/4130 2937/4131 2936/3223 2448/3222
f 2527/3094 3015/3093 3014/4132 2526/4133
f 2681/4134 3169/4135 3167/3849 2679/3848
f 2381/3865 2869/3864 2868/3781 2380/3780
f 2455/3930 2943/3929 2945/4136 2457/4137
f 2535/4100 3023/4099 3024/3104 2536/3103
f 2610/3932 3098/3931 3100/4102 2612/4101
f 2691/3604 3179/3603 3178/3489 2690/3488
f 2464/4049 2952/4048 2950/3867 2462/3866
f 2542/3517 3030/3403 3032/3265 2544/4105
f 2621/4138 3109/4139 3107/3873 2619/3872
f 2776/3130 3264/3129 3265/4140 2777/4141
f 2316/3522 2804/4058 2802/3997 2314/3525
f 2474/3624 2962/3623 2963/3519 2475/3518
f 2553/4064 3041/4063 3039/4142 2551/4143
f 2631/3628 3119/3627 3118/3527 2630/3526
f 2782/3070 3270/3946 3272/4108 2784/3464
f 3514/4144 3512/4145 3296/4146 3304/4147
f 3293/4148 3312/4149 3315/4150 3291/4151
f 3334/4152 3335/4153 3351/4154 3350/4155
f 3341/4156 3309/4157 3321/4158 3353/4159
f 3512/4160 3526/4161 3319/4162 3296/4163
f 3327/4164 3326/4165 3325/4166 3328/4167
f 3501/4168 3313/4169 3310/4170 3500/4171
f 3323/4172 3317/4173 3322/4174 3324/4175
f 3503/4176 3316/4177 3308/4178 3499/4179
f 3312/4149 3318/4180 3314/4181 3315/4150
f 3326/4165 3323/4172 3324/4175 3325/4166
f 3328/4167 3314/4181 3318/4180 3327/4164
f 3515/4182 3525/4183 3339/4184 3300/4185
f 3502/4186 3306/4187 3307/4188 3498/4189
f 3501/4168 3498/4189 3307/4188 3313/4169
f 3518/4190 3522/4191 3341/4192 3335/4193
f 3516/4194 3518/4190 3335/4193 3334/4195
f 3319/4196 3340/4197 3352/4198 3311/4199
f 3305/4200 3321/4158 3309/4157 3304/4201
f 3517/4202 3521/4203 3343/4204 3337/4205
f 3350/4155 3352/4198 3340/4197 3334/4152
f 3345/4206 3344/4207 3336/4208 3337/4209
f 3348/4210 3347/4211 3339/4212 3342/4213
f 3346/4214 3349/4215 3343/4216 3338/4217
f 3299/4218 3322/4174 3317/4173 3301/4219
f 3505/4220 3504/4221 3294/4222 3302/4223
f 3337/4209 3343/4216 3349/4215 3345/4206
f 3344/4207 3348/4210 3342/4213 3336/4208
f 3506/4224 3332/4225 3331/4226 3510/4227
f 3522/4191 3524/4228 3309/4229 3341/4192
f 3300/4230 3339/4212 3347/4211 3298/4231
f 3296/4232 3319/4196 3311/4199 3297/4233
f 3335/4153 3341/4156 3353/4159 3351/4154
f 3526/4161 3520/4234 3340/4235 3319/4162
f 3304/4201 3296/4236 3297/4237 3305/4200
f 3290/4238 3346/4214 3338/4217 3292/4239
f 3511/4240 3506/4241 3352/4242 3350/4243
f 3298/4231 3290/4244 3292/4245 3300/4230
f 3508/4246 3320/4247 3333/4248 3509/4249
f 3496/4250 3497/4251 3293/4252 3301/4253
f 3301/4219 3293/4254 3291/4255 3299/4218
f 3302/4256 3356/4257 3364/4258 3320/4259
f 3505/4260 3508/4261 3321/4262 3305/4263
f 3507/4264 3330/4265 3329/4266 3511/4267
f 3497/4268 3502/4269 3312/4270 3293/4271
f 3307/4272 3359/4273 3362/4274 3313/4275
f 3320/4259 3364/4258 3369/4276 3333/4277
f 3316/4278 3363/4279 3360/4280 3308/4281
f 3333/4277 3369/4276 3366/4282 3330/4283
f 3332/4284 3368/4285 3367/4286 3331/4287
f 3294/4288 3354/4289 3356/4257 3302/4256
f 3329/4290 3365/4291 3368/4285 3332/4284
f 3330/4283 3366/4282 3365/4291 3329/4290
f 3306/4292 3358/4293 3359/4273 3307/4272
f 3310/4294 3361/4295 3363/4279 3316/4278
f 3357/4296 3361/4297 3362/4298 3355/4299
f 3363/4300 3361/4297 3357/4296 3360/4301
f 3358/4302 3355/4299 3362/4298 3359/4303
f 3366/4304 3356/4305 3354/4306 3365/4307
f 3364/4308 3356/4305 3366/4304 3369/4309
f 3368/4310 3365/4307 3354/4306 3367/4311
f 3496/4312 3499/4179 3308/4178 3303/4313
f 3303/4314 3357/4315 3355/4316 3295/4317
f 3308/4281 3360/4280 3357/4315 3303/4314
f 3313/4275 3362/4274 3361/4295 3310/4294
f 3500/4318 3503/4319 3323/4320 3326/4321
f 3507/4264 3509/4249 3333/4248 3330/4265
f 3504/4322 3510/4227 3331/4226 3294/4323
f 3374/4324 3376/4325 3375/4326 3373/4327
f 3378/4328 3380/4329 3379/4330 3377/4331
f 3382/4332 3384/4333 3383/4334 3381/4335
f 3386/4336 3388/4337 3387/4338 3385/4339
f 3390/4340 3392/4341 3391/4342 3389/4343
f 3394/4344 3396/4345 3395/4346 3393/4347
f 3398/4348 3400/4349 3399/4350 3397/4351
f 3402/4352 3404/4353 3403/4354 3401/4355
f 3406/4356 3408/4357 3407/4358 3405/4359
f 3410/4360 3412/4361 3411/4362 3409/4363
f 3414/4340 3416/4341 3415/4364 3413/4365
f 3418/4332 3420/4366 3419/4367 3417/4335
f 3429/4368 3428/4369 3430/4370 3431/4371
f 3433/4372 3432/4373 3434/4374 3435/4375
f 3437/4376 3436/4377 3438/4378 3439/4379
f 3441/4380 3440/4381 3442/4382 3443/4383
f 3445/4384 3444/4385 3446/4386 3447/4387
f 3449/4388 3448/4389 3450/4390 3451/4391
f 3453/4392 3452/4393 3454/4394 3455/4395
f 3457/4396 3456/4397 3458/4398 3459/4399
f 3461/4400 3460/4401 3462/4402 3463/4403
f 3465/4404 3464/4405 3466/4406 3467/4407
f 3469/4408 3468/4409 3470/4410 3471/4411
f 3473/4376 3472/4377 3474/4412 3475/4413
f 3375/4326 3376/4325 3431/4371 3430/4370
f 3410/4360 3409/4363 3464/4414 3465/4415
f 3398/4348 3397/4351 3452/4416 3453/4417
f 3415/4364 3416/4341 3471/4411 3470/4410
f 3402/4352 3401/4355 3456/4418 3457/4419
f 3390/4340 3389/4343 3444/4420 3445/4421
f 3407/4358 3408/4357 3463/4403 3462/4402
f 3395/4346 3396/4345 3451/4391 3450/4390
f 3382/4332 3381/4335 3436/4422 3437/4423
f 3387/4338 3388/4337 3443/4383 3442/4382
f 3374/4324 3373/4327 3428/4424 3429/4425
f 3379/4330 3380/4329 3435/4375 3434/4374
f 3414/4340 3413/4365 3468/4426 3469/4421
f 3419/4367 3420/4366 3475/4413 3474/4412
f 3406/4356 3405/4359 3460/4427 3461/4428
f 3394/4344 3393/4347 3448/4429 3449/4430
f 3411/4362 3412/4361 3467/4407 3466/4406
f 3386/4336 3385/4339 3440/4431 3441/4432
f 3403/4354 3404/4353 3459/4399 3458/4398
f 3391/4342 3392/4341 3447/4387 3446/4386
f 3378/4328 3377/4331 3432/4433 3433/4434
f 3383/4334 3384/4333 3439/4379 3438/4378
f 3418/4332 3417/4335 3472/4422 3473/4423
f 3399/4350 3400/4349 3455/4395 3454/4394
f 3484/4435 3482/4436 3483/4437 3485/4438
f 3426/4439 3481/4440 3485/4441 3483/4442
f 3480/4443 3371/4444 3482/4436 3484/4435
f 3423/4445 3424/4446 3479/4447 3478/4448
f 3422/4449 3421/4450 3476/4451 3477/4452
f 3477/4453 3476/4454 3478/4448 3479/4447
f 3422/4449 3424/4446 3423/4445 3421/4450
f 3489/4455 3491/4456 3372/4457 3370/4458
f 3371/4444 3480/4443 3487/4459
f 3493/4460 3425/4461 3427/4462 3495/4463
f 3426/4439 3486/4459 3481/4440
f 3487/4463 3480/4460 3490/4461 3488/4462
f 3488/4458 3490/4457 3491/4456 3489/4455
f 3486/4460 3492/4461 3494/4462 3481/4463
f 3492/4457 3493/4456 3495/4455 3494/4458
f 3327/4464 3501/4465 3500/4318 3326/4321
f 3323/4320 3503/4319 3499/4466 3317/4467
f 3312/4270 3502/4269 3498/4468 3318/4469
f 3327/4464 3318/4469 3498/4468 3501/4465
f 3303/4313 3295/4470 3497/4471 3496/4312
f 3295/4472 3306/4187 3502/4186 3497/4473
f 3301/4253 3317/4467 3499/4466 3496/4250
f 3310/4170 3316/4177 3503/4176 3500/4171
f 3305/4263 3297/4474 3504/4475 3505/4260
f 3352/4242 3506/4241 3510/4476 3311/4477
f 3329/4266 3332/4225 3506/4224 3511/4267
f 3321/4262 3508/4261 3509/4478 3353/4479
f 3302/4223 3320/4247 3508/4246 3505/4220
f 3351/4480 3507/4481 3511/4240 3350/4243
f 3351/4480 3353/4479 3509/4478 3507/4481
f 3297/4482 3311/4477 3510/4476 3504/4483
f 3300/4185 3292/4484 3513/4485 3515/4182
f 3515/4486 3513/4487 3512/4488 3514/4489
f 3292/4490 3338/4491 3527/4492 3513/4493
f 3513/4494 3527/4495 3526/4496 3512/4497
f 3304/4147 3309/4229 3524/4228 3514/4144
f 3514/4489 3524/4498 3525/4499 3515/4486
f 3336/4500 3342/4501 3523/4502 3519/4503
f 3519/4504 3523/4505 3522/4506 3518/4507
f 3337/4205 3336/4500 3519/4503 3517/4202
f 3517/4508 3519/4504 3518/4507 3516/4509
f 3334/4195 3340/4235 3520/4234 3516/4194
f 3516/4509 3520/4510 3521/4511 3517/4508
f 3342/4501 3339/4184 3525/4183 3523/4502
f 3523/4505 3525/4499 3524/4498 3522/4506
f 3338/4491 3343/4204 3521/4203 3527/4492
f 3527/4495 3521/4511 3520/4510 3526/4496
f 2288/4512 3529/4513 3531/4514 2289/4515
f 3529/4516 3528/4517 3530/4518 3531/4519
f 2308/2999 2309/4520 3535/4521 3533/3000
f 3533/4522 3535/4523 3534/4524 3532/4525
f 2291/4526 3528/4527 3532/2975 2311/2978
f 3528/4528 3529/4529 3533/4522 3532/4525
f 2289/4515 3531/4514 3535/4521 2309/4520
f 3531/4519 3530/4518 3534/4524 3535/4523
f 2274/3002 3537/3001 3536/2987 2275/2988
f 2294/3003 2295/4530 3538/4531 3539/3004
f 2275/4532 3536/4533 3538/4531 2295/4530
f 2282/2936 3537/2935 3539/2967 2302/2970
f 2278/4534 3541/4535 3540/4536 2279/4537
f 2298/2989 2299/4538 3542/4539 3543/2990
f 2284/4540 3541/4541 3543/2963 2304/2966
f 2279/4537 3540/4536 3542/4539 2299/4538
o Exterior_Walls01
v 8.399998 0.429996 3.700000
v 8.399998 2.009995 3.700000
v 8.549999 0.429995 3.700000
v 8.549999 2.009995 3.700000
v 8.549999 0.429995 3.600000
v 8.549999 2.009995 3.600000
v 8.399999 0.429995 3.600000
v 8.399999 2.009995 3.600000
v 0.100000 0.809995 3.700000
v 0.100000 3.009995 3.700000
v 0.100000 4.589994 3.700000
v 0.100000 2.389995 3.700000
v 0.100000 2.389995 3.600002
v 0.100000 0.809995 3.600002
v 0.100000 3.009996 3.600002
v 0.100000 4.589993 3.600002
v -0.050000 0.809995 3.700000
v -0.050000 3.009996 3.700000
v -0.050000 4.589993 3.700000
v -0.050000 2.389995 3.700000
v -0.050000 2.389995 3.600002
v -0.050000 0.809995 3.600002
v -0.050000 3.009996 3.600002
v -0.050000 4.589993 3.600002
v -0.020000 0.399995 2.500000
v 0.000000 0.399995 2.599999
v 0.100000 0.399995 5.080000
v 0.000000 0.399995 5.179998
v -0.020000 4.999995 2.500000
v 0.000000 4.999995 2.599999
v 0.000000 1.933329 5.179998
v 0.000000 3.466661 5.179998
v 0.000000 4.999995 5.179998
v 0.100000 4.999995 5.080000
v -0.020000 3.466661 5.080000
v -0.020000 1.933329 5.080000
v 0.150000 0.399995 2.500000
v 0.150000 4.999995 2.500000
v -0.020000 0.399995 2.599999
v 0.000000 5.299993 2.500000
v 0.000000 5.299993 2.599999
v 0.000000 0.299993 2.500000
v 0.000000 0.299993 2.599999
v 0.000000 5.099995 2.500000
v 0.000000 5.099995 2.599999
v 0.000000 0.099998 2.500000
v 0.000000 0.099998 2.599999
v -0.020000 0.399995 5.080000
v -0.020000 0.399995 5.179998
v -0.020000 4.999995 2.599999
v -0.020000 1.933329 5.179998
v -0.020000 3.466661 5.179998
v -0.020000 4.999995 5.179998
v -0.020000 4.999995 5.080000
v 0.100000 3.466661 5.080000
v 0.100000 1.933329 5.080000
v -0.020000 5.299993 2.500000
v -0.020000 5.299993 2.599999
v -0.020000 0.299993 2.500000
v -0.020000 5.099995 2.500000
v -0.020000 0.299993 2.599999
v -0.020000 5.099995 2.599999
v -0.020000 0.099998 2.500000
v -0.020000 0.099998 2.599999
v -0.020000 3.466661 2.500000
v -0.020000 1.933329 2.500000
v 0.000000 1.933329 2.599999
v 0.000000 3.466661 2.599999
v -0.020000 3.466661 2.599999
v -0.020000 1.933329 2.599999
v 0.150000 3.466661 2.500000
v 0.150000 1.933329 2.500000
v 0.000000 0.399995 2.599999
v 0.000000 0.399995 5.080000
v 0.000000 0.399995 5.179998
v 0.000000 2.699995 2.599999
v 0.000000 4.999995 5.179998
v 0.000000 3.109995 3.600002
v 0.000000 3.109995 5.080000
v 0.000000 4.999995 2.599999
v 0.000000 4.489994 3.600002
v 0.000000 4.489994 5.080000
v 0.000000 4.999995 5.080000
v 0.000000 0.909994 3.600002
v 0.000000 0.909994 5.080000
v 0.000000 2.289994 3.600002
v 0.000000 2.289994 5.080000
v 0.100000 0.909994 3.600000
v 0.100000 0.909994 5.080000
v 0.100000 3.109995 3.600000
v 0.100000 4.489994 3.600000
v 0.100000 4.489994 5.080000
v 0.100000 2.289994 3.600000
v 0.100000 2.289994 5.080000
v 0.100000 3.109995 5.080000
v 0.000000 5.299993 6.200006
v 0.000000 0.099998 6.200006
v 0.000000 5.099995 5.999995
v 0.000000 0.299993 5.999995
v 0.000000 4.999995 5.899997
v 0.000000 0.399995 5.899997
v 0.000000 5.299993 2.500000
v 0.000000 5.299993 2.599999
v 0.000000 5.299993 0.300000
v 0.000000 0.299993 0.300000
v 0.000000 0.299993 2.500000
v 0.000000 0.099998 0.300000
v 0.000000 0.299993 2.599999
v 0.000000 5.099995 2.500000
v 0.000000 5.099995 2.599999
v 0.000000 5.099995 0.300000
v 0.000000 0.099998 2.500000
v 0.000000 0.099998 2.599999
v -0.050000 -0.050004 6.399997
v -0.050000 5.449995 6.399997
v 0.230000 -0.050004 6.399997
v 0.230000 5.449995 6.399997
v -0.050000 -0.050004 6.300001
v -0.050000 5.449995 6.300001
v 0.230000 -0.050004 6.300001
v 0.230000 5.449995 6.300001
v 0.230000 3.616662 6.300001
v 0.230000 1.783329 6.300001
v 0.230000 3.616662 6.399997
v 0.230000 1.783329 6.399997
v -0.050000 3.616662 6.399997
v -0.050000 1.783329 6.399997
v -0.050000 3.616662 6.300001
v -0.050000 1.783329 6.300001
v 8.400000 3.779994 0.000000
v 8.400001 4.699994 0.000000
v 8.400001 4.689996 0.009996
v 8.400000 3.789994 0.009996
v 8.350000 4.689996 0.010000
v 8.400001 4.689996 2.109999
v 8.350000 4.689996 2.109999
v 8.349999 3.789994 0.009996
v 8.349999 3.789994 2.109999
v 8.400000 3.789994 2.109999
v 8.400001 4.699994 2.120001
v 8.400000 3.779994 2.120001
v 8.349998 3.789993 2.810001
v 8.349998 3.789993 4.910000
v 8.349998 4.689995 2.809997
v 8.349998 4.689995 4.910000
v 8.349998 3.799994 2.820003
v 8.349998 4.679995 2.820001
v 8.349998 4.679995 4.900000
v 8.399999 4.679995 4.900000
v 8.399999 3.799994 4.900000
v 8.349998 3.799994 4.900000
v 8.399999 3.779995 2.800001
v 8.399999 4.699995 2.800001
v 8.399999 4.679995 2.820001
v 8.399999 3.799994 2.820001
v 8.399999 4.699995 4.920002
v 8.399999 3.779995 4.920002
v -0.020000 0.399995 3.200000
v -0.020000 -0.000005 3.200000
v 0.200000 -0.000005 3.200000
v 0.200000 -0.000005 5.900000
v 0.030000 0.399995 3.200000
v 0.030000 0.399995 5.899997
v 0.200000 -0.000005 -0.050000
v 0.030000 0.399995 -0.050000
v -0.020000 4.999995 3.200000
v 0.030000 4.999995 3.200000
v 0.030000 4.999995 5.899997
v -0.020000 5.399996 3.200000
v 0.200000 5.399996 3.200000
v 0.200000 5.399996 5.900000
v 0.200000 2.699995 6.300000
v 0.030000 4.999995 -0.050000
v 0.200000 5.399996 -0.050000
v -0.020000 0.399995 0.100000
v -0.020000 -0.000005 0.100000
v -0.020000 5.399996 0.100000
v -0.020000 4.999995 0.100000
v -0.020000 5.099995 5.999995
v 0.000000 5.299993 6.200006
v 0.200000 -0.000005 6.300000
v 0.000000 0.099998 6.200006
v -0.020000 1.933329 5.899997
v -0.020000 3.466661 5.899997
v -0.020000 1.899994 5.999995
v 0.200000 5.399996 6.300000
v -0.020000 3.499994 5.999995
v 0.000000 5.099995 5.999995
v 0.000000 0.299993 5.999995
v 0.200000 0.199996 5.900000
v -0.050000 5.399996 -0.050000
v -0.050000 4.999995 -0.050000
v 0.000000 5.299993 3.200000
v 0.000000 5.299993 0.300000
v 0.000000 0.299993 0.300000
v 0.000000 0.299993 3.200000
v 0.000000 0.099998 0.300000
v -0.050000 0.399995 -0.050000
v 0.000000 5.099995 3.200000
v -0.050000 -0.000005 -0.050000
v 0.000000 5.099995 0.300000
v 0.000000 0.099998 3.200000
v -0.020000 -0.000005 6.300001
v -0.020000 0.399995 5.899997
v -0.020000 4.999995 5.899997
v -0.020000 5.399996 6.300001
v 0.200000 2.699995 5.600000
v 0.000000 1.833329 6.200006
v 0.000000 3.566661 6.200006
v -0.020000 1.833329 6.200006
v -0.020000 3.566661 6.200006
v 0.030000 1.933329 5.899997
v -0.020000 5.299993 6.200006
v -0.020000 0.099998 6.200006
v 0.000000 1.899994 5.999995
v 0.000000 3.499994 5.999995
v -0.020000 3.599996 6.300001
v -0.020000 1.799995 6.300001
v -0.020000 0.299993 5.999995
v -0.020000 5.299993 3.200000
v -0.020000 5.299993 0.300000
v -0.020000 0.299993 0.300000
v -0.020000 0.299993 3.200000
v -0.020000 0.099998 0.300000
v 0.030000 3.466661 5.899997
v -0.020000 5.099995 3.200000
v -0.020000 5.099995 0.300000
v -0.020000 0.099998 3.200000
v -0.050000 -0.000005 0.100000
v -0.050000 0.399995 0.100000
v -0.050000 5.399996 0.100000
v -0.050000 4.999995 0.100000
v 8.499999 2.939995 5.900001
v 8.500000 2.939996 -0.050000
v 8.299998 2.939995 5.600001
v 8.499998 5.399993 2.549999
v 8.500000 5.399996 5.900001
v 8.499998 4.699995 0.000000
v 8.499998 1.909995 3.600002
v 8.499998 2.939995 2.549999
v 8.499998 1.909995 5.080000
v 8.499998 3.779994 0.000000
v 8.499998 -0.000005 2.549999
v 8.500000 -0.000005 5.900001
v 8.500000 -0.000005 -0.050000
v 8.499998 4.699995 2.120000
v 8.499998 3.779994 2.120000
v 8.499998 0.529996 5.080000
v 8.300000 0.199996 5.900001
v 8.300000 0.199995 5.600000
v 8.499998 0.529996 3.600000
v 8.499998 5.399993 -0.050000
v 8.399998 1.909995 5.080000
v 8.399998 1.909995 3.600002
v 8.399998 0.529996 3.600002
v 8.399998 0.529996 5.080000
v 8.299999 5.199995 5.600001
v 0.200000 5.199995 5.600000
v 8.399999 4.699995 0.000000
v 8.399999 3.779994 0.000000
v 8.399999 4.699995 2.120000
v 8.399999 3.779994 2.120000
v 8.299998 2.939995 5.900001
v 8.299999 5.199995 5.900001
v 0.200000 5.199995 5.900000
v 0.200000 0.199996 5.600000
v 8.499998 4.699995 4.920000
v 8.499998 4.699995 2.800000
v 8.499998 3.779995 2.800000
v 8.499998 3.779995 4.920000
v 8.400000 4.699995 4.920000
v 8.400000 4.699995 2.800000
v 8.400000 3.779995 2.800000
v 8.400000 3.779995 4.920000
vt 0.474332 0.515792
vt 0.474332 0.503716
vt 0.601528 0.503717
vt 0.601528 0.515793
vt 0.474332 0.495667
vt 0.601528 0.495666
vt 0.474332 0.483591
vt 0.601528 0.483590
vt 0.462258 0.503716
vt 0.462258 0.495667
vt 0.613606 0.495667
vt 0.613605 0.503718
vt 0.462225 0.495666
vt 0.462225 0.503716
vt 0.443355 0.496170
vt 0.430944 0.496170
vt 0.430944 0.489964
vt 0.443355 0.489965
vt 0.430118 0.488724
vt 0.430118 0.489965
vt 0.417707 0.489965
vt 0.417707 0.488724
vt 0.430118 0.496170
vt 0.417707 0.496170
vt 0.443355 0.488724
vt 0.430944 0.488724
vt 0.430944 0.497411
vt 0.443355 0.497411
vt 0.362631 0.498320
vt 0.362631 0.490977
vt 0.456469 0.490977
vt 0.456469 0.498320
vt 0.456636 0.483130
vt 0.456628 0.484767
vt 0.362790 0.484767
vt 0.362797 0.483130
vt 0.362790 0.498231
vt 0.362790 0.490887
vt 0.456628 0.490887
vt 0.456628 0.498231
vt 0.417707 0.497411
vt 0.430118 0.497411
vt 0.362746 0.501331
vt 0.362753 0.499690
vt 0.456814 0.499690
vt 0.456807 0.501331
vt 0.456840 0.499456
vt 0.362779 0.499456
vt 0.362779 0.493322
vt 0.456840 0.493321
vt 0.362753 0.493555
vt 0.456814 0.483127
vt 0.456814 0.493555
vt 0.362772 0.501098
vt 0.456833 0.501097
vt 0.362772 0.501009
vt 0.362779 0.499367
vt 0.456840 0.499367
vt 0.456832 0.501009
vt 0.362779 0.493233
vt 0.456840 0.493233
vt 0.362779 0.482893
vt 0.456840 0.482893
vt 0.362779 0.482804
vt 0.456840 0.482804
vt 0.456586 0.496862
vt 0.362748 0.496862
vt 0.362748 0.490742
vt 0.456586 0.490742
vt 0.362631 0.484857
vt 0.456469 0.484857
vt 0.456476 0.483219
vt 0.362638 0.483219
vt 0.362741 0.498500
vt 0.456579 0.498499
vt 0.456586 0.483398
vt 0.362748 0.483398
vt 0.836171 0.243568
vt 0.836172 0.251618
vt 0.717025 0.251617
vt 0.717025 0.243567
vt 0.717025 0.354665
vt 0.717025 0.346614
vt 0.836172 0.346613
vt 0.836172 0.354664
vt 0.696714 0.197836
vt 0.696714 0.020728
vt 0.712814 0.020728
vt 0.712814 0.197836
vt 0.696737 0.378680
vt 0.696737 0.201572
vt 0.712838 0.201572
vt 0.712838 0.378680
vt 0.717026 0.177553
vt 0.717027 0.169503
vt 0.836172 0.169504
vt 0.836172 0.177554
vt 0.717026 0.395722
vt 0.916677 0.395721
vt 0.836172 0.066460
vt 0.916676 0.025403
vt 0.916676 0.210561
vt 0.717026 0.066460
vt 0.717027 0.025403
vt 0.598024 0.333988
vt 0.614124 0.350089
vt 0.195511 0.350088
vt 0.211612 0.333986
vt 0.195507 0.060277
vt 0.211609 0.060277
vt 0.836172 0.074510
vt 0.717026 0.074511
vt 0.598023 0.060266
vt 0.614123 0.060266
vt 0.977137 0.572479
vt 0.919174 0.572479
vt 0.919173 0.202160
vt 0.977136 0.202160
vt 0.450202 0.509502
vt 0.457356 0.509502
vt 0.457356 0.489470
vt 0.450202 0.489470
vt 0.319042 0.482317
vt 0.319042 0.489471
vt 0.450202 0.482316
vt 0.319042 0.509503
vt 0.319042 0.516657
vt 0.450202 0.516656
vt 0.319069 0.509491
vt 0.319069 0.489459
vt 0.319057 0.482313
vt 0.450264 0.482284
vt 0.450264 0.489438
vt 0.319104 0.489437
vt 0.450264 0.509469
vt 0.319057 0.516652
vt 0.450263 0.516623
vt 0.319104 0.516623
vt 0.450230 0.489432
vt 0.232587 0.498643
vt 0.120216 0.498643
vt 0.121418 0.496715
vt 0.230646 0.496702
vt 0.041198 0.499529
vt 0.041196 0.494269
vt 0.262133 0.494218
vt 0.262134 0.499478
vt 0.038710 0.495291
vt 0.038709 0.490016
vt 0.260256 0.489967
vt 0.260257 0.495242
vt 0.137061 0.496368
vt 0.137061 0.490305
vt 0.246206 0.490292
vt 0.246207 0.496356
vt 0.121417 0.490647
vt 0.230645 0.490634
vt 0.037322 0.490295
vt 0.263232 0.490295
vt 0.248132 0.498307
vt 0.135829 0.498307
vt 0.264192 0.499176
vt 0.037689 0.499176
vt 0.144531 0.488876
vt 0.255966 0.488888
vt 0.254745 0.490799
vt 0.146454 0.490799
vt 0.149543 0.496981
vt 0.149545 0.490828
vt 0.257834 0.490865
vt 0.257833 0.497018
vt 0.259755 0.498942
vt 0.148321 0.498892
vt 0.257207 0.499413
vt 0.143992 0.499414
vt 0.146454 0.496952
vt 0.254746 0.496952
vt 0.047100 0.496329
vt 0.047099 0.491216
vt 0.259791 0.491186
vt 0.259792 0.496299
vt 0.047059 0.496248
vt 0.259094 0.491121
vt 0.259096 0.496218
vt 0.043322 0.487438
vt 0.260783 0.487456
vt 0.261171 0.487354
vt 0.147084 0.488365
vt 0.260296 0.488405
vt 0.263569 0.500077
vt 0.045078 0.500077
vt 0.262813 0.500031
vt 0.045989 0.500014
vt 0.450243 0.493965
vt 0.278040 0.493965
vt 0.289150 0.488410
vt 0.450244 0.488409
vt 0.447453 0.487652
vt 0.452968 0.493168
vt 0.281992 0.493168
vt 0.281992 0.487653
vt 0.455454 0.483498
vt 0.455443 0.485301
vt 0.352137 0.485301
vt 0.352148 0.483498
vt 0.450055 0.490712
vt 0.288962 0.490712
vt 0.277852 0.485157
vt 0.450055 0.485157
vt 0.292178 0.494686
vt 0.292208 0.491817
vt 0.456615 0.491805
vt 0.456585 0.494674
vt 0.456565 0.483183
vt 0.456534 0.486057
vt 0.291857 0.486057
vt 0.291887 0.483184
vt 0.456161 0.486440
vt 0.454141 0.492501
vt 0.357143 0.492502
vt 0.363205 0.486440
vt 0.450273 0.485598
vt 0.289180 0.485599
vt 0.437979 0.507962
vt 0.437979 0.506721
vt 0.450390 0.506721
vt 0.450390 0.507962
vt 0.431773 0.492449
vt 0.431773 0.483141
vt 0.456595 0.492449
vt 0.437971 0.506764
vt 0.431769 0.494351
vt 0.456591 0.494359
vt 0.450382 0.506769
vt 0.431773 0.494311
vt 0.456595 0.494310
vt 0.022901 0.263235
vt 0.691084 0.210914
vt 0.691087 0.001604
vt 0.022904 0.001597
vt 0.002778 0.001597
vt 0.002778 0.013673
vt 0.005193 0.013673
vt 0.446905 0.483690
vt 0.446905 0.486721
vt 0.353949 0.486721
vt 0.353949 0.483690
vt 0.454787 0.484303
vt 0.449272 0.489818
vt 0.283812 0.489818
vt 0.283812 0.484302
vt 0.361515 0.491119
vt 0.359495 0.485056
vt 0.456491 0.485056
vt 0.454471 0.491119
vt 0.447484 0.484765
vt 0.282024 0.484765
vt 0.452967 0.492783
vt 0.355970 0.492783
vt 0.288933 0.493523
vt 0.450026 0.493523
vt 0.987593 0.986482
vt 0.973243 0.986482
vt 0.973243 0.599029
vt 0.987593 0.599029
vt 0.456545 0.483405
vt 0.456516 0.486204
vt 0.296115 0.486204
vt 0.296144 0.483405
vt 0.271978 0.494809
vt 0.271866 0.490226
vt 0.280458 0.490018
vt 0.280500 0.491736
vt 0.280869 0.486148
vt 0.456615 0.486136
vt 0.431770 0.492489
vt 0.456592 0.492498
vt 0.431773 0.483181
vt 0.280869 0.487996
vt 0.271629 0.487996
vt 0.271629 0.483068
vt 0.550994 0.693645
vt 0.542944 0.693645
vt 0.542944 0.522977
vt 0.550994 0.522977
vt 0.358490 0.377380
vt 0.559749 0.377380
vt 0.559749 0.401531
vt 0.358490 0.433733
vt 0.456161 0.483408
vt 0.363205 0.483408
vt 0.456535 0.491736
vt 0.005184 0.263234
vt 0.296115 0.494797
vt 0.296115 0.491933
vt 0.450787 0.491933
vt 0.450787 0.494797
vt 0.457843 0.522981
vt 0.465893 0.522981
vt 0.465893 0.693647
vt 0.457843 0.693647
vt 0.319180 0.932715
vt 0.319180 0.940765
vt 0.208085 0.940765
vt 0.208085 0.932715
vt 0.987609 0.747306
vt 0.997176 0.737739
vt 0.997173 0.878370
vt 0.987606 0.878370
vt 0.597816 0.728177
vt 0.399776 0.728177
vt 0.467399 0.693561
vt 0.541463 0.693561
vt 0.399776 0.518868
vt 0.467399 0.522893
vt 0.973259 0.747305
vt 0.973256 0.878370
vt 0.350629 0.489957
vt 0.348642 0.483998
vt 0.455921 0.483998
vt 0.453934 0.489958
vt 0.575850 0.433733
vt 0.575850 0.401531
vt 0.446606 0.483499
vt 0.446606 0.486363
vt 0.291934 0.486364
vt 0.291934 0.483500
vt 0.141128 0.401531
vt 0.157229 0.401531
vt 0.141129 0.433733
vt 0.597818 0.997866
vt 0.541464 0.918972
vt 0.541463 0.748303
vt 0.022895 0.480593
vt 0.005185 0.512795
vt 0.283780 0.492705
vt 0.449241 0.492705
vt 0.355962 0.494476
vt 0.452959 0.494476
vt 0.022896 0.512795
vt 0.691082 0.480603
vt 0.399777 0.997866
vt 0.467400 0.918972
vt 0.208177 0.931853
vt 0.163094 0.997866
vt 0.163095 0.728177
vt 0.208177 0.812707
vt 0.453457 0.491261
vt 0.346177 0.491261
vt 0.456530 0.494809
vt 0.359503 0.483363
vt 0.328122 0.931912
vt 0.320072 0.931912
vt 0.320072 0.812766
vt 0.328122 0.812766
vt 0.541463 0.522893
vt 0.597815 0.518869
vt 0.357135 0.494195
vt 0.454132 0.494195
vt 0.198936 0.813097
vt 0.206986 0.813097
vt 0.206986 0.932242
vt 0.198936 0.932242
vt 0.997150 0.996044
vt 0.997150 0.599029
vt 0.467399 0.748303
vt 0.319272 0.931853
vt 0.467365 0.702519
vt 0.467365 0.694469
vt 0.541429 0.694469
vt 0.541429 0.702519
vt 0.163095 0.518868
vt 0.319272 0.812708
vt 0.361515 0.494149
vt 0.454471 0.494150
vt 0.542343 0.918997
vt 0.550394 0.918997
vt 0.550393 0.748328
vt 0.542343 0.748328
vt 0.541299 0.920080
vt 0.541299 0.928130
vt 0.467235 0.928130
vt 0.467235 0.920080
vt 0.467235 0.920033
vt 0.541299 0.920032
vt 0.458575 0.748287
vt 0.466625 0.748287
vt 0.466625 0.918955
vt 0.458575 0.918955
vt 0.157229 0.377379
vt 0.997176 0.996039
vt 0.973259 0.986473
vt 0.448741 0.486875
vt 0.454701 0.492835
vt 0.347422 0.492835
vt 0.345435 0.486875
vt 0.452335 0.492092
vt 0.291934 0.492093
vt 0.350618 0.491760
vt 0.453924 0.491761
vt 0.448752 0.485072
vt 0.345446 0.485072
vt 0.291906 0.494892
vt 0.452306 0.494891
vt 0.541547 0.702426
vt 0.467483 0.702426
vt 0.467483 0.694376
vt 0.541547 0.694376
usemtl Exterior_Mat
s off
f 3544/4542 3546/4543 3547/4544 3545/4545
f 3546/4543 3548/4546 3549/4547 3547/4544
f 3548/4546 3550/4548 3551/4549 3549/4547
f 3544/4550 3550/4551 3548/4546 3546/4543
f 3547/4544 3549/4547 3551/4552 3545/4553
f 3554/4549 3562/4547 3561/4546 3553/4548
f 3561/4546 3562/4547 3567/4544 3566/4543
f 3555/4549 3563/4547 3560/4546 3552/4548
f 3552/4554 3560/4546 3565/4543 3557/4555
f 3553/4551 3561/4546 3566/4543 3558/4550
f 3558/4542 3566/4543 3567/4544 3559/4545
f 3560/4546 3563/4547 3564/4544 3565/4543
f 3559/4553 3567/4544 3562/4547 3554/4552
f 3557/4542 3565/4543 3564/4544 3556/4545
f 3556/4553 3564/4544 3563/4547 3555/4552
f 3605/4556 3601/4557 3600/4558 3603/4559
f 3589/4560 3606/4561 3602/4562 3585/4563
f 3607/4564 3604/4565 3602/4562 3606/4561
f 3587/4566 3603/4559 3600/4558 3583/4567
f 3584/4568 3601/4557 3605/4556 3588/4569
f 3599/4570 3579/4571 3578/4572 3598/4573
f 3574/4574 3594/4575 3592/4576 3571/4577
f 3570/4578 3591/4579 3579/4580 3599/4581
f 3586/4582 3604/4565 3607/4564 3590/4583
f 3610/4584 3613/4585 3582/4586 3569/4587
f 3612/4588 3593/4589 3572/4590 3608/4591
f 3609/4592 3615/4577 3580/4593 3568/4594
f 3573/4595 3593/4589 3612/4588 3611/4596
f 3611/4597 3612/4598 3613/4599 3610/4600
f 3582/4586 3613/4585 3609/4592 3568/4594
f 3613/4599 3612/4598 3608/4601 3609/4602
f 3572/4590 3581/4603 3614/4604 3608/4591
f 3608/4601 3614/4605 3615/4606 3609/4602
f 3595/4607 3596/4608 3597/4609 3578/4610
f 3594/4611 3595/4612 3578/4572 3579/4571
f 3592/4576 3594/4575 3579/4580 3591/4579
f 3575/4613 3595/4612 3594/4611 3574/4614
f 3576/4615 3596/4608 3595/4607 3575/4616
f 3598/4617 3578/4610 3597/4609 3577/4618
f 3629/4619 3636/4620 3637/4621 3630/4622
f 3628/4623 3632/4624 3631/4625 3627/4626
f 3649/4627 3648/4628 3650/4629 3655/4630
f 3645/4631 3647/4632 3654/4633 3652/4634
f 3622/4635 3638/4636 3633/4637 3621/4638
f 3617/4639 3628/4623 3627/4626 3616/4640
f 3621/4638 3624/4641 3623/4642 3619/4643
f 3630/4622 3622/4635 3621/4638 3629/4619
f 3625/4644 3626/4645 3623/4642 3624/4641
f 3642/4646 3640/4647 3639/4648 3641/4649
f 3641/4649 3639/4648 3646/4650 3653/4651
f 3624/4641 3634/4652 3635/4653 3625/4644
f 3640/4647 3642/4646 3651/4654 3656/4655
f 3627/4626 3629/4619 3619/4643 3616/4640
f 3629/4619 3621/4638 3619/4643
f 3618/4656 3644/4657 3643/4658 3620/4659
f 3660/4660 3664/4661 3662/4662 3658/4663
f 3657/4663 3661/4662 3663/4661 3659/4660
f 3671/4664 3669/4665 3658/4663 3662/4666
f 3669/4665 3667/4667 3660/4660 3658/4663
f 3667/4667 3665/4668 3664/4669 3660/4660
f 3672/4670 3666/4671 3663/4663 3661/4660
f 3661/4666 3657/4663 3670/4671 3672/4672
f 3672/4673 3670/4674 3669/4675 3671/4672
f 3657/4663 3659/4660 3668/4670 3670/4671
f 3670/4674 3668/4676 3667/4670 3669/4675
f 3659/4660 3663/4669 3666/4677 3668/4670
f 3668/4676 3666/4678 3665/4679 3667/4670
f 3662/4667 3664/4665 3665/4663 3671/4660
f 3671/4670 3665/4675 3666/4680 3672/4660
f 3673/4681 3674/4682 3675/4683 3676/4684
f 3677/4685 3675/4686 3678/4687 3679/4688
f 3676/4689 3680/4690 3681/4691 3682/4692
f 3682/4693 3681/4694 3679/4695 3678/4696
f 3677/4697 3680/4698 3676/4684 3675/4683
f 3678/4687 3675/4686 3674/4699 3683/4700
f 3682/4693 3678/4696 3683/4701 3684/4702
f 3684/4703 3673/4704 3676/4689 3682/4692
f 3687/4705 3685/4706 3689/4707 3690/4708
f 3691/4709 3692/4710 3693/4711 3694/4712
f 3691/4709 3694/4712 3686/4713 3688/4714
f 3695/4715 3696/4716 3697/4717 3698/4718
f 3698/4719 3689/4720 3694/4721 3693/4722
f 3690/4723 3697/4720 3692/4724 3691/4725
f 3698/4718 3697/4717 3690/4708 3689/4707
f 3685/4726 3686/4727 3694/4721 3689/4720
f 3696/4726 3699/4728 3692/4724 3697/4720
f 3699/4729 3700/4730 3693/4711 3692/4710
f 3700/4731 3695/4732 3698/4719 3693/4722
f 3690/4723 3691/4725 3688/4733 3687/4734
f 3712/4735 3720/4736 3764/4737 3763/4738
f 3756/4739 3749/4740 3712/4741 3763/4742
f 3752/4743 3754/4744 3756/4745 3723/4746
f 3771/4747 3767/4748 3719/4749 3702/4750
f 3744/4751 3770/4752 3769/4753 3742/4754
f 3739/4755 3766/4756 3765/4757 3738/4758
f 3727/4759 3730/4760 3722/4761 3748/4762
f 3736/4763 3763/4738 3764/4737 3737/4764
f 3737/4765 3764/4766 3770/4767 3744/4768
f 3774/4769 3734/4770 3735/4574 3775/4771
f 3765/4772 3718/4773 3719/4774 3767/4775
f 3720/4776 3774/4769 3775/4771 3721/4777
f 3713/4778 3779/4779 3795/4780 3717/4781
f 3717/4781 3734/4782 3774/4783 3720/4784
f 3706/4785 3747/4786 3726/4787 3755/4788
f 3746/4789 3757/4790 3771/4791 3702/4792
f 3726/4793 3728/4794 3730/4795 3727/4796
f 3723/4797 3756/4739 3763/4742 3736/4798
f 3747/4786 3762/4799 3728/4800 3726/4787
f 3719/4784 3772/4783 3743/4782 3707/4781
f 3738/4765 3765/4772 3767/4775 3740/4768
f 3740/4801 3767/4748 3771/4747 3745/4802
f 3792/4803 3793/4804 3809/4805 3733/4806
f 3732/4807 3762/4808 3766/4809 3739/4810
f 3708/4811 3741/4812 3773/4813 3718/4814
f 3764/4766 3720/4776 3721/4777 3770/4767
f 3769/4753 3770/4752 3721/4815 3709/4816
f 3718/4773 3773/4817 3772/4818 3719/4774
f 3773/4817 3741/4819 3743/4755 3772/4818
f 3721/4815 3775/4820 3735/4821 3716/4822
f 3789/4823 3804/4824 3802/4825 3781/4826
f 3750/4827 3801/4828 3808/4829 3715/4830
f 3768/4831 3727/4759 3748/4762 3711/4832
f 3701/4833 3718/4814 3765/4757 3766/4756
f 3719/4784 3707/4781 3703/4778 3702/4834
f 3705/4835 3701/4836 3747/4837 3706/4838
f 3785/4839 3803/4840 3805/4841 3790/4842
f 3791/4843 3799/4844 3796/4845 3784/4846
f 3792/4847 3787/4848 3776/4849 3806/4850
f 3779/4851 3783/4852 3790/4853 3789/4854
f 3790/4853 3783/4852 3777/4855 3785/4856
f 3793/4857 3792/4847 3806/4850 3778/4858
f 3753/4859 3761/4860 3760/4861 3754/4862
f 3729/4863 3715/4830 3808/4829 3714/4864
f 3711/4865 3748/4866 3709/4867 3710/4868
f 3704/4869 3733/4870 3715/4830 3724/4871
f 3779/4851 3780/4872 3810/4873 3811/4874
f 3704/4875 3746/4876 3702/4834 3703/4778
f 3745/4877 3771/4791 3757/4790 3725/4878
f 3758/4879 3728/4800 3762/4799 3732/4880
f 3724/4881 3746/4876 3704/4875
f 3714/4875 3780/4882 3779/4779 3713/4778
f 3762/4808 3747/4837 3701/4836 3766/4809
f 3714/4875 3749/4876 3729/4881
f 3810/4873 3780/4872 3776/4883 3813/4884
f 3791/4885 3787/4886 3786/4887 3794/4888
f 3754/4744 3760/4889 3749/4890 3756/4745
f 3701/4833 3705/4891 3708/4811 3718/4814
f 3703/4778 3786/4779 3787/4882 3704/4875
f 3759/4807 3730/4795 3728/4794 3758/4892
f 3784/4893 3796/4894 3797/4895 3782/4896
f 3779/4851 3789/4854 3781/4897 3795/4898
f 3731/4899 3722/4761 3730/4760 3759/4900
f 3794/4901 3798/4902 3799/4903 3791/4904
f 3808/4806 3807/4803 3780/4905 3714/4906
f 3808/4806 3801/4805 3800/4804 3807/4803
f 3812/4907 3813/4884 3776/4883 3783/4852
f 3784/4908 3776/4883 3787/4886 3791/4885
f 3779/4851 3811/4874 3812/4907 3783/4852
f 3707/4781 3788/4780 3786/4779 3703/4778
f 3790/4909 3805/4910 3804/4911 3789/4912
f 3783/4852 3786/4887 3788/4913 3777/4855
f 3782/4914 3794/4888 3786/4887 3783/4852
f 3755/4915 3726/4793 3727/4796 3768/4916
f 3810/4917 3814/4918 3815/4919 3811/4920
f 3811/4921 3815/4922 3816/4923 3812/4924
f 3813/4923 3817/4925 3814/4926 3810/4922
f 3812/4927 3816/4928 3817/4929 3813/4930
f 3776/4883 3784/4908 3782/4914 3783/4852
f 3809/4931 3750/4827 3715/4830 3733/4870
f 3806/4850 3776/4849 3780/4932 3807/4803
f 3778/4858 3806/4850 3807/4803 3800/4933
f 3704/4906 3787/4932 3792/4803 3733/4806
f 3713/4778 3712/4834 3749/4876 3714/4875
f 3757/4934 3746/4935 3761/4936 3753/4937
f 3748/4866 3722/4938 3769/4939 3709/4867
f 3712/4834 3713/4778 3717/4781 3720/4784
f 3751/4940 3753/4859 3754/4862 3752/4941
f 3721/4815 3716/4822 3710/4574 3709/4816
f 3725/4942 3757/4934 3753/4937 3751/4943
f 3742/4944 3769/4939 3722/4938 3731/4945
f 3802/4946 3803/4947 3785/4948 3781/4949
f 3781/4897 3785/4856 3777/4855 3795/4898
