# Blender v2.71 (sub 0) OBJ File: 'City_Building04.blend'
# www.blender.org
mtllib City_Building04.mtl
o Storey01_DoorFrames
v 1.200000 3.339999 0.000000
v 1.200000 4.259999 0.000000
v 1.200000 4.250000 0.009996
v 1.200000 3.350000 0.009996
v 1.150000 4.250001 0.010000
v 1.200000 4.250000 2.109999
v 1.150000 4.250001 2.109999
v 1.150000 3.350000 0.009996
v 1.150000 3.350000 2.109999
v 1.200000 3.350000 2.109999
v 1.200000 4.259999 2.120001
v 1.200000 3.339999 2.120001
v 1.200000 10.564999 0.000000
v 1.200000 11.484999 0.000000
v 1.200000 11.474999 0.009996
v 1.200000 10.574999 0.009996
v 1.150000 11.475000 0.010000
v 1.200000 11.474999 2.109999
v 1.150000 11.475000 2.109999
v 1.150000 10.574999 0.009996
v 1.150000 10.574999 2.109999
v 1.200000 10.574999 2.109999
v 1.200000 11.484999 2.120001
v 1.200000 10.564999 2.120001
v 1.200000 15.539999 0.000000
v 1.200000 16.459999 0.000000
v 1.200000 16.450001 0.009996
v 1.200000 15.549999 0.009996
v 1.150000 16.450001 0.010000
v 1.200000 16.450001 2.109999
v 1.150000 16.450001 2.109999
v 1.150000 15.549999 0.009996
v 1.150000 15.549999 2.109999
v 1.200000 15.549999 2.109999
v 1.200000 16.459999 2.120001
v 1.200000 15.539999 2.120001
v 8.350000 18.990002 0.010000
v 8.350000 18.990002 2.109999
v 8.349999 18.090000 0.009996
v 8.349999 18.090000 2.109999
v 8.350000 18.980001 0.020002
v 8.349999 18.100000 0.020000
v 8.349999 18.100000 2.099999
v 8.299999 18.100000 2.099999
v 8.299999 18.980001 2.099999
v 8.350000 18.980001 2.099999
v 8.299999 19.000000 0.000000
v 8.299999 18.080000 0.000000
v 8.299999 18.100000 0.020000
v 8.299999 18.980001 0.020000
v 8.299999 18.080000 2.120001
v 8.299999 19.000000 2.120001
v 8.350000 11.890000 0.010000
v 8.350000 11.890000 2.109999
v 8.349999 10.989999 0.009996
v 8.349999 10.989999 2.109999
v 8.350000 11.880000 0.020002
v 8.349999 10.999999 0.020000
v 8.349999 10.999999 2.099999
v 8.299999 10.999999 2.099999
v 8.299999 11.880000 2.099999
v 8.350000 11.880000 2.099999
v 8.299999 11.899999 0.000000
v 8.299999 10.979999 0.000000
v 8.299999 10.999999 0.020000
v 8.299999 11.880000 0.020000
v 8.299999 10.979999 2.120001
v 8.299999 11.899999 2.120001
v 8.350000 6.690000 0.010000
v 8.350000 6.690000 2.109999
v 8.349999 5.789998 0.009996
v 8.349999 5.789998 2.109999
v 8.350000 6.679999 0.020002
v 8.349999 5.799998 0.020000
v 8.349999 5.799998 2.099999
v 8.299999 5.799998 2.099999
v 8.299999 6.679999 2.099999
v 8.350000 6.679999 2.099999
v 8.299999 6.699998 0.000000
v 8.299999 5.779998 0.000000
v 8.299999 5.799998 0.020000
v 8.299999 6.679999 0.020000
v 8.299999 5.779998 2.120001
v 8.299999 6.699998 2.120001
v 6.299999 18.080000 0.000000
v 6.300000 19.000000 0.000000
v 6.300000 18.990002 0.009996
v 6.299999 18.090000 0.009996
v 6.250000 18.990002 0.010000
v 6.300000 18.990002 2.109999
v 6.250000 18.990002 2.109999
v 6.249999 18.090000 0.009996
v 6.249999 18.090000 2.109999
v 6.299999 18.090000 2.109999
v 6.250000 18.980001 0.020002
v 6.249999 18.100000 0.020000
v 6.249999 18.100000 2.099999
v 6.199999 18.100000 2.099999
v 6.199999 18.980001 2.099999
v 6.250000 18.980001 2.099999
v 6.199999 19.000000 0.000000
v 6.199999 18.080000 0.000000
v 6.199999 18.100000 0.020000
v 6.199999 18.980001 0.020000
v 6.199999 18.080000 2.120001
v 6.300000 19.000000 2.120001
v 6.199999 19.000000 2.120001
v 6.299999 18.080000 2.120001
v 6.840000 14.900001 0.000000
v 7.760000 14.899999 0.000000
v 7.750001 14.899999 0.009996
v 6.850000 14.900001 0.009996
v 7.750001 14.950000 0.010000
v 7.750001 14.899999 2.109999
v 7.750001 14.950000 2.109999
v 6.850000 14.950000 0.009996
v 6.850000 14.950000 2.109999
v 6.850000 14.900001 2.109999
v 7.740001 14.950000 0.020002
v 6.860000 14.950000 0.020000
v 6.860000 14.950000 2.099999
v 6.860000 15.000001 2.099999
v 7.740001 15.000001 2.099999
v 7.740001 14.950000 2.099999
v 7.760000 15.000001 0.000000
v 6.840000 15.000001 0.000000
v 6.860000 15.000001 0.020000
v 7.740001 15.000001 0.020000
v 6.840000 15.000001 2.120001
v 7.760000 14.899999 2.120001
v 7.760000 15.000001 2.120001
v 6.840000 14.900001 2.120001
v 6.840000 2.600001 0.000000
v 7.760000 2.599999 0.000000
v 7.750001 2.599999 0.009996
v 6.850000 2.600001 0.009996
v 7.750001 2.650001 0.010000
v 7.750001 2.599999 2.109999
v 7.750001 2.650001 2.109999
v 6.850000 2.650001 0.009996
v 6.850000 2.650001 2.109999
v 6.850000 2.600001 2.109999
v 7.740001 2.650001 0.020002
v 6.860000 2.650001 0.020000
v 6.860000 2.650001 2.099999
v 6.860000 2.700002 2.099999
v 7.740001 2.700002 2.099999
v 7.740001 2.650001 2.099999
v 7.760000 2.700002 0.000000
v 6.840000 2.700002 0.000000
v 6.860000 2.700002 0.020000
v 7.740001 2.700002 0.020000
v 6.840000 2.700002 2.120001
v 7.760000 2.599999 2.120001
v 7.760000 2.700002 2.120001
v 6.840000 2.600001 2.120001
v 6.299999 5.779999 0.000000
v 6.300001 6.699999 0.000000
v 6.300001 6.690001 0.009996
v 6.299999 5.789999 0.009996
v 6.250000 6.690001 0.010000
v 6.300001 6.690001 2.109999
v 6.250000 6.690001 2.109999
v 6.250000 5.789999 0.009996
v 6.250000 5.789999 2.109999
v 6.299999 5.789999 2.109999
v 6.250000 6.680001 0.020002
v 6.250000 5.800000 0.020000
v 6.250000 5.800000 2.099999
v 6.199998 5.800000 2.099999
v 6.199998 6.680001 2.099999
v 6.250000 6.680001 2.099999
v 6.199998 6.699999 0.000000
v 6.199998 5.779999 0.000000
v 6.199998 5.800000 0.020000
v 6.199998 6.680001 0.020000
v 6.199998 5.779999 2.120001
v 6.300001 6.699999 2.120001
v 6.199998 6.699999 2.120001
v 6.299999 5.779999 2.120001
v 6.299999 10.979998 0.000000
v 6.300001 11.899998 0.000000
v 6.300001 11.889999 0.009996
v 6.299999 10.989998 0.009996
v 6.250000 11.889999 0.010000
v 6.300001 11.889999 2.109999
v 6.250000 11.889999 2.109999
v 6.250000 10.989998 0.009996
v 6.250000 10.989998 2.109999
v 6.299999 10.989998 2.109999
v 6.250000 11.879999 0.020002
v 6.250000 10.999998 0.020000
v 6.250000 10.999998 2.099999
v 6.199998 10.999998 2.099999
v 6.199998 11.879999 2.099999
v 6.250000 11.879999 2.099999
v 6.199998 11.899998 0.000000
v 6.199998 10.979998 0.000000
v 6.199998 10.999998 0.020000
v 6.199998 11.879999 0.020000
v 6.199998 10.979998 2.120001
v 6.300001 11.899998 2.120001
v 6.199998 11.899998 2.120001
v 6.299999 10.979998 2.120001
vt 0.950625 0.696809
vt 0.950625 0.460028
vt 0.954687 0.462562
vt 0.954713 0.692719
vt 0.945463 0.281258
vt 0.956547 0.281254
vt 0.956651 0.746794
vt 0.945568 0.746796
vt 0.953801 0.279830
vt 0.964916 0.279827
vt 0.965019 0.746652
vt 0.953905 0.746654
vt 0.966446 0.692336
vt 0.953669 0.692338
vt 0.953643 0.462355
vt 0.966420 0.462354
vt 0.967473 0.462561
vt 0.967499 0.692717
vt 0.964920 0.273094
vt 0.964920 0.749110
vt 0.970531 0.458296
vt 0.970531 0.694930
vt 0.945615 0.754946
vt 0.945615 0.277675
vt 0.949457 0.696511
vt 0.949457 0.459730
vt 0.953519 0.462265
vt 0.953545 0.692421
vt 0.945223 0.281058
vt 0.956307 0.281055
vt 0.956412 0.746600
vt 0.945328 0.746602
vt 0.953621 0.280029
vt 0.964736 0.280026
vt 0.964838 0.746850
vt 0.953724 0.746853
vt 0.966522 0.692175
vt 0.953745 0.692177
vt 0.953718 0.462193
vt 0.966495 0.462192
vt 0.966305 0.462263
vt 0.966331 0.692419
vt 0.964680 0.272895
vt 0.964680 0.748916
vt 0.970606 0.458135
vt 0.970607 0.694772
vt 0.945434 0.755145
vt 0.945434 0.277875
vt 0.950668 0.696934
vt 0.950668 0.460153
vt 0.954730 0.462688
vt 0.954756 0.692844
vt 0.945006 0.280860
vt 0.956090 0.280857
vt 0.956195 0.746397
vt 0.945112 0.746399
vt 0.953433 0.279830
vt 0.964548 0.279827
vt 0.964651 0.746645
vt 0.953537 0.746647
vt 0.963500 0.692833
vt 0.950723 0.692834
vt 0.950697 0.462851
vt 0.963473 0.462850
vt 0.967516 0.462686
vt 0.967542 0.692842
vt 0.964463 0.272696
vt 0.964463 0.748713
vt 0.967585 0.458793
vt 0.967585 0.695428
vt 0.945246 0.754939
vt 0.945246 0.277675
vt 0.948970 0.695455
vt 0.949077 0.460649
vt 0.953104 0.463223
vt 0.953025 0.691406
vt 0.966787 0.692271
vt 0.953822 0.692272
vt 0.953822 0.464090
vt 0.966787 0.464090
vt 0.970840 0.460038
vt 0.970815 0.694844
vt 0.971257 0.458045
vt 0.971175 0.696601
vt 0.965990 0.691411
vt 0.966069 0.463227
vt 0.953082 0.298369
vt 0.963856 0.298368
vt 0.963917 0.746530
vt 0.953144 0.746532
vt 0.953093 0.299788
vt 0.963834 0.299787
vt 0.963898 0.746563
vt 0.953159 0.746565
vt 0.971815 0.290408
vt 0.971776 0.748620
vt 0.971833 0.291914
vt 0.971833 0.750940
vt 0.948636 0.697459
vt 0.948636 0.458904
vt 0.945185 0.754493
vt 0.945185 0.294109
vt 0.945123 0.754398
vt 0.945158 0.297542
vt 0.949638 0.461667
vt 0.953665 0.464241
vt 0.953586 0.692425
vt 0.967721 0.693023
vt 0.954756 0.693024
vt 0.954756 0.464842
vt 0.967721 0.464842
vt 0.971774 0.460790
vt 0.971749 0.695597
vt 0.971818 0.459061
vt 0.971735 0.697618
vt 0.966551 0.692429
vt 0.966630 0.464245
vt 0.953407 0.298871
vt 0.964181 0.298870
vt 0.964242 0.747029
vt 0.953469 0.747031
vt 0.953339 0.300290
vt 0.964079 0.300289
vt 0.964143 0.747067
vt 0.953404 0.747069
vt 0.972141 0.290910
vt 0.972101 0.749120
vt 0.972079 0.292416
vt 0.972079 0.751444
vt 0.949570 0.698209
vt 0.949570 0.459657
vt 0.945509 0.754992
vt 0.945509 0.294611
vt 0.945368 0.754902
vt 0.945404 0.298044
vt 0.949637 0.696632
vt 0.949743 0.461825
vt 0.953770 0.464399
vt 0.953691 0.692582
vt 0.967578 0.693149
vt 0.954613 0.693149
vt 0.954613 0.464968
vt 0.967578 0.464968
vt 0.971631 0.460916
vt 0.971606 0.695722
vt 0.971923 0.459220
vt 0.971841 0.697776
vt 0.966656 0.692587
vt 0.966736 0.464404
vt 0.953230 0.298871
vt 0.964003 0.298870
vt 0.964064 0.747035
vt 0.953291 0.747036
vt 0.953083 0.300290
vt 0.963823 0.300288
vt 0.963886 0.747064
vt 0.953146 0.747066
vt 0.971963 0.290910
vt 0.971924 0.749125
vt 0.971822 0.292416
vt 0.971822 0.751442
vt 0.949427 0.698334
vt 0.949427 0.459783
vt 0.945332 0.754997
vt 0.945332 0.294611
vt 0.945111 0.754899
vt 0.945148 0.298044
vt 0.948907 0.698220
vt 0.948990 0.458759
vt 0.953097 0.461324
vt 0.953042 0.694085
vt 0.971052 0.278820
vt 0.982035 0.278822
vt 0.981914 0.740154
vt 0.970929 0.740150
vt 0.952885 0.285864
vt 0.963862 0.285861
vt 0.963965 0.746917
vt 0.952988 0.746920
vt 0.983491 0.695810
vt 0.970564 0.695812
vt 0.970537 0.463132
vt 0.983464 0.463130
vt 0.965973 0.694087
vt 0.966028 0.461327
vt 0.970021 0.463877
vt 0.969992 0.690071
vt 0.966572 0.693263
vt 0.953724 0.693267
vt 0.953674 0.467150
vt 0.966522 0.467148
vt 0.988014 0.458740
vt 0.987984 0.695214
vt 0.982844 0.690072
vt 0.982873 0.463879
vt 0.952190 0.286832
vt 0.963037 0.286833
vt 0.963018 0.738045
vt 0.952173 0.738044
vt 0.971871 0.288126
vt 0.982710 0.288121
vt 0.982912 0.739005
vt 0.972073 0.739010
vt 0.990780 0.280174
vt 0.990922 0.743420
vt 0.990336 0.270739
vt 0.990106 0.742453
vt 0.948586 0.698408
vt 0.948534 0.462010
vt 0.944157 0.746058
vt 0.944239 0.282542
vt 0.987624 0.459025
vt 0.987624 0.698436
vt 0.944799 0.755109
vt 0.944799 0.283736
vt 0.948848 0.698425
vt 0.948982 0.458965
vt 0.953089 0.461531
vt 0.952984 0.694291
vt 0.970873 0.279020
vt 0.981857 0.279022
vt 0.981735 0.740354
vt 0.970752 0.740351
vt 0.952961 0.286104
vt 0.963939 0.286104
vt 0.963903 0.747173
vt 0.952926 0.747172
vt 0.983705 0.692778
vt 0.970778 0.692780
vt 0.970751 0.460097
vt 0.983679 0.460096
vt 0.965915 0.694297
vt 0.966020 0.461536
vt 0.970012 0.464088
vt 0.969934 0.690282
vt 0.966787 0.690230
vt 0.953938 0.690233
vt 0.953889 0.464116
vt 0.966736 0.464113
vt 0.988007 0.458954
vt 0.987926 0.695427
vt 0.982786 0.690286
vt 0.982865 0.464092
vt 0.952012 0.287031
vt 0.962859 0.287032
vt 0.962840 0.738246
vt 0.951994 0.738245
vt 0.971947 0.288372
vt 0.982787 0.288370
vt 0.982851 0.739266
vt 0.972013 0.739268
vt 0.990860 0.280425
vt 0.990860 0.743683
vt 0.990158 0.270939
vt 0.989927 0.742654
vt 0.948800 0.695373
vt 0.948748 0.458977
vt 0.943979 0.746259
vt 0.944061 0.282741
vt 0.987838 0.455991
vt 0.987838 0.695404
vt 0.944736 0.755360
vt 0.944876 0.283974
vt 0.948704 0.698147
vt 0.948786 0.458685
vt 0.952893 0.461251
vt 0.952839 0.694012
vt 0.970823 0.279029
vt 0.981807 0.279026
vt 0.981910 0.740352
vt 0.970926 0.740354
vt 0.952680 0.286104
vt 0.963657 0.286104
vt 0.963620 0.747173
vt 0.952643 0.747172
vt 0.983512 0.695511
vt 0.970586 0.695512
vt 0.970558 0.462831
vt 0.983485 0.462830
vt 0.965770 0.694014
vt 0.965824 0.461254
vt 0.969817 0.463804
vt 0.969789 0.689999
vt 0.966594 0.692963
vt 0.953746 0.692967
vt 0.953695 0.466850
vt 0.966543 0.466848
vt 0.987810 0.458666
vt 0.987782 0.695142
vt 0.982641 0.690000
vt 0.982669 0.463806
vt 0.962812 0.287045
vt 0.963013 0.738253
vt 0.952167 0.738258
vt 0.971665 0.288371
vt 0.982504 0.288370
vt 0.982568 0.739266
vt 0.971730 0.739268
vt 0.990577 0.280425
vt 0.990577 0.743683
vt 0.990104 0.270939
vt 0.990104 0.742648
vt 0.948607 0.698107
vt 0.948554 0.461713
vt 0.944156 0.746275
vt 0.944013 0.282763
vt 0.987645 0.458725
vt 0.987645 0.698137
vt 0.944452 0.755359
vt 0.944594 0.283973
vt 0.948761 0.698346
vt 0.948844 0.458887
vt 0.952951 0.461452
vt 0.952897 0.694211
vt 0.971038 0.279029
vt 0.982023 0.279025
vt 0.982126 0.740347
vt 0.971143 0.740349
vt 0.952585 0.285852
vt 0.963562 0.285853
vt 0.963525 0.746922
vt 0.952547 0.746921
vt 0.983384 0.695810
vt 0.970457 0.695811
vt 0.970430 0.463130
vt 0.983357 0.463129
vt 0.965828 0.694214
vt 0.965883 0.461454
vt 0.969875 0.464005
vt 0.969846 0.690198
vt 0.966465 0.693262
vt 0.953617 0.693265
vt 0.953567 0.467149
vt 0.966414 0.467146
vt 0.987869 0.458866
vt 0.987839 0.695342
vt 0.982699 0.690200
vt 0.982727 0.464006
vt 0.952181 0.287049
vt 0.963027 0.287045
vt 0.963229 0.738247
vt 0.952383 0.738252
vt 0.971571 0.288120
vt 0.982410 0.288119
vt 0.982473 0.739015
vt 0.971635 0.739016
vt 0.990482 0.280174
vt 0.990482 0.743432
vt 0.990320 0.270939
vt 0.990320 0.742642
vt 0.948479 0.698405
vt 0.948426 0.462012
vt 0.944372 0.746270
vt 0.944228 0.282763
vt 0.987517 0.459024
vt 0.987517 0.698436
vt 0.944357 0.755108
vt 0.944500 0.283723
vt 0.948942 0.698299
vt 0.949076 0.458842
vt 0.953183 0.461407
vt 0.953078 0.694166
vt 0.970802 0.278820
vt 0.981786 0.278823
vt 0.981664 0.740154
vt 0.970681 0.740151
vt 0.953118 0.286104
vt 0.964096 0.286104
vt 0.964060 0.747173
vt 0.953083 0.747172
vt 0.983537 0.695909
vt 0.970610 0.695911
vt 0.970583 0.463230
vt 0.983510 0.463229
vt 0.966009 0.694172
vt 0.966114 0.461413
vt 0.970106 0.463964
vt 0.970028 0.690158
vt 0.966619 0.693362
vt 0.953771 0.693365
vt 0.953720 0.467248
vt 0.966568 0.467246
vt 0.988101 0.458829
vt 0.988020 0.695306
vt 0.982880 0.690163
vt 0.982958 0.463968
vt 0.951941 0.286832
vt 0.962787 0.286833
vt 0.962769 0.738045
vt 0.951923 0.738045
vt 0.972104 0.288371
vt 0.982944 0.288370
vt 0.983008 0.739266
vt 0.972170 0.739268
vt 0.991017 0.280425
vt 0.991017 0.743683
vt 0.990087 0.270739
vt 0.989857 0.742453
vt 0.948632 0.698505
vt 0.948579 0.462110
vt 0.943908 0.746058
vt 0.943990 0.282542
vt 0.987670 0.459124
vt 0.987670 0.698535
vt 0.944893 0.755360
vt 0.945034 0.283974
usemtl Interior_Mat
s off
f 1/1 2/2 3/3 4/4
f 5/5 3/6 6/7 7/8
f 4/9 8/10 9/11 10/12
f 10/13 9/14 7/15 6/16
f 5/17 8/18 4/4 3/3
f 6/7 3/6 2/19 11/20
f 10/13 6/16 11/21 12/22
f 12/23 1/24 4/9 10/12
f 13/25 14/26 15/27 16/28
f 17/29 15/30 18/31 19/32
f 16/33 20/34 21/35 22/36
f 22/37 21/38 19/39 18/40
f 17/41 20/42 16/28 15/27
f 18/31 15/30 14/43 23/44
f 22/37 18/40 23/45 24/46
f 24/47 13/48 16/33 22/36
f 25/49 26/50 27/51 28/52
f 29/53 27/54 30/55 31/56
f 28/57 32/58 33/59 34/60
f 34/61 33/62 31/63 30/64
f 29/65 32/66 28/52 27/51
f 30/55 27/54 26/67 35/68
f 34/61 30/64 35/69 36/70
f 36/71 25/72 28/57 34/60
f 39/73 37/74 41/75 42/76
f 43/77 44/78 45/79 46/80
f 43/77 46/80 38/81 40/82
f 47/83 48/84 49/85 50/86
f 50/87 41/88 46/89 45/90
f 42/91 49/92 44/93 43/94
f 50/86 49/85 42/76 41/75
f 37/95 38/96 46/89 41/88
f 48/97 51/98 44/93 49/92
f 51/99 52/100 45/79 44/78
f 52/101 47/102 50/87 45/90
f 42/91 43/94 40/103 39/104
f 55/25 53/105 57/106 58/107
f 59/108 60/109 61/110 62/111
f 59/108 62/111 54/112 56/113
f 63/114 64/115 65/116 66/117
f 66/118 57/119 62/120 61/121
f 58/122 65/123 60/124 59/125
f 66/117 65/116 58/107 57/106
f 53/126 54/127 62/120 57/119
f 64/128 67/129 60/124 65/123
f 67/130 68/131 61/110 60/109
f 68/132 63/133 66/118 61/121
f 58/122 59/125 56/134 55/135
f 71/136 69/137 73/138 74/139
f 75/140 76/141 77/142 78/143
f 75/140 78/143 70/144 72/145
f 79/146 80/147 81/148 82/149
f 82/150 73/151 78/152 77/153
f 74/154 81/155 76/156 75/157
f 82/149 81/148 74/139 73/138
f 69/158 70/159 78/152 73/151
f 80/160 83/161 76/156 81/155
f 83/162 84/163 77/142 76/141
f 84/164 79/165 82/150 77/153
f 74/154 75/157 72/166 71/167
f 85/168 86/169 87/170 88/171
f 89/172 87/173 90/174 91/175
f 88/176 92/177 93/178 94/179
f 94/180 93/181 91/182 90/183
f 92/184 89/185 95/186 96/187
f 97/188 98/189 99/190 100/191
f 97/188 100/191 91/182 93/181
f 101/192 102/193 103/194 104/195
f 104/196 95/197 100/198 99/199
f 96/200 103/201 98/202 97/203
f 104/195 103/194 96/187 95/186
f 89/185 92/184 88/171 87/170
f 89/172 91/175 100/198 95/197
f 102/204 105/205 98/202 103/201
f 90/174 87/173 86/206 106/207
f 105/208 107/209 99/190 98/189
f 107/210 101/211 104/196 99/199
f 94/180 90/183 106/212 108/213
f 108/214 85/215 88/176 94/179
f 96/200 97/203 93/178 92/177
f 109/216 110/217 111/218 112/219
f 113/220 111/221 114/222 115/223
f 112/224 116/225 117/226 118/227
f 118/228 117/229 115/230 114/231
f 116/232 113/233 119/234 120/235
f 121/236 122/237 123/238 124/239
f 121/236 124/239 115/230 117/229
f 125/240 126/241 127/242 128/243
f 128/244 119/245 124/246 123/247
f 120/248 127/249 122/250 121/251
f 128/243 127/242 120/235 119/234
f 113/233 116/232 112/219 111/218
f 113/220 115/223 124/246 119/245
f 126/252 129/253 122/250 127/249
f 114/222 111/221 110/254 130/255
f 129/256 131/257 123/238 122/237
f 131/258 125/259 128/244 123/247
f 118/228 114/231 130/260 132/261
f 132/262 109/263 112/224 118/227
f 120/248 121/251 117/226 116/225
f 133/264 134/265 135/266 136/267
f 137/268 135/269 138/270 139/271
f 136/272 140/273 141/274 142/275
f 142/276 141/277 139/278 138/279
f 140/280 137/281 143/282 144/283
f 145/284 146/285 147/286 148/287
f 145/284 148/287 139/278 141/277
f 149/288 150/289 151/290 152/291
f 152/244 143/292 148/293 147/294
f 144/295 151/296 146/297 145/298
f 152/291 151/290 144/283 143/282
f 137/281 140/280 136/267 135/266
f 137/268 139/271 148/293 143/292
f 150/299 153/300 146/297 151/296
f 138/270 135/269 134/301 154/302
f 153/303 155/304 147/286 146/285
f 155/305 149/306 152/244 147/294
f 142/276 138/279 154/307 156/308
f 156/309 133/310 136/272 142/275
f 144/295 145/298 141/274 140/273
f 157/311 158/312 159/313 160/314
f 161/315 159/316 162/317 163/318
f 160/319 164/320 165/321 166/322
f 166/323 165/324 163/325 162/326
f 164/327 161/328 167/329 168/330
f 169/331 170/332 171/333 172/334
f 169/331 172/334 163/325 165/324
f 173/335 174/336 175/337 176/338
f 176/339 167/340 172/341 171/342
f 168/343 175/344 170/345 169/346
f 176/338 175/337 168/330 167/329
f 161/328 164/327 160/314 159/313
f 161/315 163/318 172/341 167/340
f 174/347 177/348 170/345 175/344
f 162/317 159/316 158/349 178/350
f 177/351 179/352 171/333 170/332
f 179/353 173/354 176/339 171/342
f 166/323 162/326 178/355 180/356
f 180/357 157/358 160/319 166/322
f 168/343 169/346 165/321 164/320
f 181/359 182/360 183/361 184/362
f 185/363 183/364 186/365 187/366
f 184/367 188/368 189/369 190/370
f 190/371 189/372 187/373 186/374
f 188/375 185/376 191/377 192/378
f 193/379 194/380 195/381 196/382
f 193/379 196/382 187/373 189/372
f 197/383 198/384 199/385 200/386
f 200/387 191/388 196/389 195/390
f 192/391 199/392 194/393 193/394
f 200/386 199/385 192/378 191/377
f 185/376 188/375 184/362 183/361
f 185/363 187/366 196/389 191/388
f 198/395 201/396 194/393 199/392
f 186/365 183/364 182/397 202/398
f 201/399 203/400 195/381 194/380
f 203/401 197/402 200/387 195/390
f 190/371 186/374 202/403 204/404
f 204/405 181/406 184/367 190/370
f 192/391 193/394 189/369 188/368
o Storey01_Walls
v 0.200000 9.800000 0.500000
v 0.200000 7.800000 0.500000
v 0.200000 9.800000 2.200000
v 0.200000 7.800000 2.200000
v 0.200000 9.900000 2.450000
v 0.200000 9.900000 0.050000
v 0.900000 2.700000 2.200000
v 0.200000 5.000000 2.200000
v 0.200000 2.600000 2.200000
v 0.200000 7.000000 2.200000
v 0.200000 0.600000 2.200000
v 0.200000 2.600000 0.500000
v 0.200000 0.600000 0.500000
v 0.200000 7.000000 0.500000
v 0.200000 5.000000 0.500000
v 0.900000 2.700000 0.500000
v 0.300000 2.700000 2.200000
v 0.300000 2.700000 0.500000
v 0.300000 4.900000 0.500000
v 0.300000 4.900000 2.200000
v 0.900000 4.900000 0.500000
v 0.900000 4.900000 2.200000
v 0.200000 4.900000 2.450000
v 0.200000 4.900000 0.050000
v 0.200000 7.300000 2.450000
v 0.200000 7.300000 0.050000
v 0.200000 0.200000 0.050000
v 0.200000 0.200000 2.450000
v 1.200000 2.700000 2.450000
v 1.200000 2.700000 0.050000
v 0.200000 12.800000 0.500000
v 0.200000 14.799999 0.500000
v 0.200000 19.200001 0.500000
v 0.200000 17.200001 0.500000
v 0.200000 12.800000 2.200000
v 0.200000 14.799999 2.200000
v 0.200000 19.200003 2.200000
v 0.200000 17.200001 2.200000
v 0.300000 14.899999 0.500000
v 0.300000 14.899999 2.200000
v 0.900000 14.899999 0.500000
v 0.900000 14.899999 2.200000
v 0.300000 17.100000 0.500000
v 0.300000 17.100000 2.200000
v 0.900000 17.100000 0.500000
v 0.900000 17.100000 2.200000
v 1.200000 4.900000 0.050000
v 1.200000 4.900000 2.450000
v 0.200000 2.700000 2.450000
v 0.200000 2.700000 0.050000
v 1.200000 3.290000 0.050000
v 1.200000 3.290000 2.170000
v 1.200000 4.310000 0.050000
v 1.200000 4.310000 2.170000
v 6.200000 7.300000 2.450000
v 6.200000 7.300000 0.050000
v 6.200000 0.200000 0.050000
v 6.200000 0.200000 2.450000
v 6.200000 6.750000 2.170001
v 6.200000 6.750000 0.050000
v 6.200000 5.730000 0.050000
v 6.200000 5.730000 2.170001
v 6.300000 6.750000 2.170001
v 6.300000 6.750000 0.050000
v 6.300000 5.730000 2.170001
v 6.300000 5.730000 0.050000
v 6.300000 7.300000 2.450000
v 6.300000 2.700000 2.450000
v 6.300000 7.300000 0.050000
v 8.300000 7.300000 2.450000
v 8.300000 7.300000 0.050000
v 8.300000 6.750000 2.170000
v 8.300000 6.750000 0.050000
v 8.300000 5.730000 2.170000
v 8.300000 2.700000 2.450000
v 6.300000 2.700000 0.050000
v 6.790000 2.700000 2.170001
v 6.790000 2.700000 0.050000
v 6.790000 2.600000 2.170001
v 6.790000 2.600000 0.050000
v 6.300000 2.600000 2.450000
v 6.300000 2.600000 0.050000
v 6.300000 0.200000 2.450000
v 6.300000 0.200000 0.050000
v 8.300000 0.200000 2.450000
v 8.300000 0.200000 0.050000
v 8.300000 2.600000 2.450000
v 8.300000 2.600000 0.050000
v 7.810000 2.600000 2.170001
v 7.810000 2.600000 0.050000
v 7.810000 2.700000 2.170001
v 7.810000 2.700000 0.050000
v 8.300000 2.700000 0.050000
v 8.300000 5.730000 0.050000
v 1.200000 11.534999 0.050000
v 1.200000 10.515000 0.050000
v 1.200000 11.534999 2.170000
v 1.200000 10.515000 2.170000
v 0.300000 9.900000 0.500000
v 0.300000 9.900000 2.200000
v 0.900000 9.900000 0.500000
v 0.900000 9.900000 2.200000
v 1.200000 9.900000 2.450000
v 1.200000 9.900000 0.050000
v 1.200000 12.300000 2.450000
v 1.200000 12.300000 0.050000
v 0.200000 7.500000 0.050000
v 0.200000 7.500000 2.450000
v 6.200000 7.500000 0.050000
v 6.200000 7.500000 2.450000
v 6.200000 12.300000 0.050000
v 6.200000 12.300000 2.450000
v 6.200000 11.949999 0.050000
v 6.200000 11.949999 2.170001
v 6.200000 10.930000 0.050000
v 6.200000 10.930000 2.170001
v 6.300000 11.949999 2.170001
v 6.300000 11.949999 0.050000
v 6.300000 10.930000 0.050000
v 6.300000 10.930000 2.170001
v 6.300000 12.300000 2.450000
v 6.300000 7.500000 2.450000
v 6.300000 12.300000 0.050000
v 8.300000 12.300000 2.450000
v 8.300000 12.300000 0.050000
v 8.300000 11.949999 2.170000
v 8.300000 11.949999 0.050000
v 8.300000 10.930000 2.170000
v 8.300000 7.500000 2.450000
v 6.300000 7.500000 0.050000
v 8.300000 7.500000 0.050000
v 8.300000 10.930000 0.050000
v 0.200000 17.100000 2.450000
v 0.200000 17.100000 0.050000
v 0.200000 14.899999 0.050000
v 0.200000 14.899999 2.450000
v 0.200000 12.499999 2.450000
v 0.200000 12.499999 0.050000
v 0.200000 19.600000 0.050000
v 0.200000 19.600002 2.450000
v 1.200000 14.899999 0.050000
v 1.200000 14.899999 2.450000
v 1.200000 17.100000 0.050000
v 1.200000 17.100000 2.450000
v 1.200000 16.510000 0.050000
v 1.200000 16.509998 2.170000
v 1.200000 15.490001 0.050000
v 1.200000 15.489999 2.170000
v 6.200000 12.499999 2.450000
v 6.200000 12.499999 0.050000
v 6.200000 19.600000 0.050000
v 6.200000 19.600002 2.450000
v 6.200000 19.049997 0.050000
v 6.200000 18.029999 0.050000
v 6.200000 18.029999 2.170001
v 6.200000 19.049999 2.170001
v 6.300000 15.000000 2.450000
v 6.300000 19.600000 2.450000
v 6.300000 19.049999 2.170001
v 6.300000 18.029999 0.050000
v 6.300000 18.029999 2.170001
v 6.300000 19.049997 0.050000
v 6.300000 19.599998 0.050000
v 8.300000 19.599998 0.050000
v 8.300000 19.600000 2.450000
v 8.300000 19.049999 0.050000
v 8.300000 19.050001 2.170000
v 8.300000 15.000000 2.450000
v 8.300000 18.029999 2.170000
v 6.300000 15.000000 0.050000
v 6.790000 15.000000 0.050000
v 6.790000 15.000000 2.170001
v 6.300000 14.900000 2.450000
v 6.790000 14.900000 0.050000
v 6.790000 14.900000 2.170001
v 6.300000 14.900000 0.050000
v 6.300000 12.500000 2.450000
v 6.300000 12.500000 0.050000
v 8.300000 12.500000 2.450000
v 8.300000 12.500000 0.050000
v 8.300000 14.900000 2.450000
v 8.300000 14.900000 0.050000
v 7.810000 14.900000 0.050000
v 7.810000 14.900000 2.170001
v 7.810000 15.000000 0.050000
v 7.810000 15.000000 2.170001
v 8.300000 15.000000 0.050000
v 8.300000 18.029999 0.050000
v 0.175000 9.800000 0.500000
v 0.175000 7.800000 0.500000
v 0.175000 9.800000 2.200000
v 0.175000 7.800000 2.200000
v 0.175000 5.000000 2.200000
v 0.175000 2.600000 2.200000
v 0.175000 7.000000 2.200000
v 0.175000 0.600000 2.200000
v 0.175000 2.600000 0.500000
v 0.175000 0.600000 0.500000
v 0.175000 7.000000 0.500000
v 0.175000 5.000000 0.500000
v 0.175000 12.800000 0.500000
v 0.175000 14.799999 0.500000
v 0.175000 19.200001 0.500000
v 0.175000 17.200001 0.500000
v 0.175000 12.800000 2.200000
v 0.175000 14.799999 2.200000
v 0.175000 19.200003 2.200000
v 0.175000 17.200001 2.200000
v 0.300000 17.075001 0.500000
v 0.300000 17.075001 2.200000
v 0.900000 17.075001 0.500000
v 0.900000 17.075001 2.200000
v 0.300000 14.925000 0.500000
v 0.300000 14.925000 2.200000
v 0.900000 14.925000 0.500000
v 0.900000 14.925000 2.200000
v 0.300000 9.925000 0.500000
v 0.300000 9.925000 2.200000
v 0.900000 9.925000 0.500000
v 0.900000 9.925000 2.200000
v 0.300000 4.875000 0.500000
v 0.300000 4.875000 2.200000
v 0.900000 4.875000 0.500000
v 0.900000 4.875000 2.200000
v 0.900000 2.725000 2.200000
v 0.900000 2.725000 0.500000
v 0.300000 2.725000 2.200000
v 0.300000 2.725000 0.500000
v 3.200000 7.300000 2.450000
v 3.200000 7.300000 0.050000
v 3.200000 7.500000 2.450000
v 3.200000 7.500000 0.050000
v 3.200000 0.200000 2.450000
v 3.200000 0.200000 0.050000
v 3.200000 12.499999 0.050000
v 3.200000 12.499999 2.450000
v 3.200000 19.600002 2.450000
v 3.200000 19.600000 0.050000
v 6.200000 3.750000 0.050000
v 6.200000 3.750000 2.450000
v 6.200000 9.900000 2.450000
v 6.300000 9.900000 2.450000
v 6.200000 9.900000 0.050000
v 6.200000 16.050001 2.450000
v 6.200000 16.049999 0.050000
v 3.700000 12.300000 0.050000
v 8.300000 9.900000 2.450000
v 3.700000 12.300000 2.450000
v 6.300000 9.900000 0.050000
v 8.300000 9.900000 0.050000
v 0.200000 9.900000 2.450000
v 0.200000 9.900000 0.050000
v 1.200000 11.485000 0.000000
v 1.200000 10.565000 0.000000
v 1.200000 9.900000 2.450000
v 1.200000 9.900000 0.050000
v 1.200000 12.300000 2.450000
v 1.200000 12.300000 0.050000
v 0.200000 7.500000 0.050000
v 0.200000 7.500000 2.450000
v 6.200000 7.500000 0.050000
v 6.200000 7.500000 2.450000
v 6.200000 12.300000 0.050000
v 6.200000 12.300000 2.450000
v 6.200000 11.900000 0.000000
v 6.200000 10.980000 0.000000
v 0.200000 17.100000 2.450000
v 0.200000 17.100000 0.050000
v 0.200000 14.899999 0.050000
v 0.200000 14.899999 2.450000
v 0.200000 12.499999 2.450000
v 0.200000 12.499999 0.050000
v 0.200000 19.600000 0.050000
v 0.200000 19.600002 2.450000
v 1.200000 14.899999 0.050000
v 1.200000 14.899999 2.450000
v 1.200000 17.100000 0.050000
v 1.200000 17.100000 2.450000
v 1.200000 16.459999 -0.000000
v 1.200000 15.540001 -0.000000
v 6.200000 12.499999 2.450000
v 6.200000 12.499999 0.050000
v 6.200000 19.600000 0.050000
v 6.200000 19.600002 2.450000
v 6.200000 18.999998 -0.000000
v 6.200000 18.080000 -0.000000
v 6.200000 11.950000 2.170000
v 1.210000 9.889999 0.050000
v 1.210000 10.565000 0.000000
v 1.210000 9.889999 2.450000
v 6.200000 19.049999 0.050000
v 6.200000 18.030001 2.170000
v 1.200000 15.490000 0.050000
v 6.200000 19.049999 2.170000
v 1.200000 15.490000 2.170000
v 1.200000 16.510000 2.170000
v 1.200000 16.510000 0.050000
v 6.200000 10.930000 0.050000
v 1.200000 16.459999 2.120000
v 1.200000 15.540001 2.120000
v 6.200000 18.030001 0.050000
v 6.200000 18.999998 2.120000
v 6.200000 18.080000 2.120000
v 1.200000 10.515000 0.050000
v 1.200000 11.535000 0.050000
v 6.200000 10.930000 2.170000
v 1.200000 11.535000 2.170000
v 1.200000 10.515000 2.170000
v 1.210000 12.290000 0.000000
v 1.210000 12.290000 0.050000
v 1.210000 9.889999 0.000000
v 1.210000 12.290000 2.450000
v 1.200000 10.565000 2.120000
v 1.200000 11.485000 2.120000
v 1.210000 11.485000 0.000000
v 6.200000 11.950000 0.050000
v 6.200000 10.980000 2.120000
v 6.200000 11.900000 2.120000
v 1.210000 9.889999 2.500000
v 1.210000 12.290000 2.500000
v 1.210000 10.515000 0.050000
v 1.210000 11.535000 0.050000
v 1.210000 11.535000 2.170000
v 1.210000 10.515000 2.170000
v 1.210000 10.565000 2.120000
v 1.210000 11.485000 2.120000
v 0.210000 9.890000 2.450000
v 0.210000 9.890000 0.050000
v 0.210000 7.510000 0.050000
v 0.210000 7.510000 2.450000
v 0.210000 9.890000 0.000000
v 0.210000 7.510000 0.000000
v 0.210000 9.890000 2.500000
v 0.210000 7.510000 2.500000
v 6.190001 7.510000 2.450000
v 6.190001 12.290000 0.050000
v 1.210000 17.110001 0.050000
v 6.190001 7.510000 0.050000
v 1.210000 17.110001 -0.000000
v 6.190001 7.510000 0.000000
v 6.190001 12.290000 2.450000
v 6.190001 7.510000 2.500000
v 6.190001 11.900000 0.000000
v 6.190001 10.980000 0.000000
v 6.190001 11.950000 2.170000
v 1.210000 15.540001 -0.000000
v 6.190001 12.290000 0.000000
v 1.210000 14.890000 2.450000
v 6.190001 12.290000 2.500000
v 6.190001 10.930000 0.050000
v 6.190001 10.930000 2.170000
v 6.190001 11.950000 0.050000
v 6.190001 10.980000 2.120000
v 6.190001 11.900000 2.120000
v 1.210000 16.459999 -0.000000
v 1.210000 17.110001 2.450000
v 1.210000 14.890000 -0.000000
v 1.210000 14.890000 0.050000
v 1.210000 14.890000 2.500000
v 1.210000 17.110001 2.500000
v 1.210000 15.490000 0.050000
v 1.210000 15.490000 2.170000
v 1.210000 16.510000 2.170000
v 1.210000 16.510000 0.050000
v 1.210000 16.459999 2.120000
v 1.210000 15.540001 2.120000
v 0.210000 14.890000 0.050000
v 0.210000 14.890000 2.450000
v 0.210000 12.510000 2.450000
v 0.210000 12.510000 0.050000
v 0.210000 14.890000 -0.000000
v 0.210000 12.510000 -0.000000
v 0.210000 14.890000 2.500000
v 0.210000 12.510000 2.500000
v 0.210000 17.110001 2.450000
v 0.210000 17.110001 0.050000
v 0.210000 19.589998 0.050000
v 0.210000 19.590000 2.450000
v 0.210000 17.110001 -0.000000
v 0.210000 19.589998 -0.000000
v 0.210000 17.110001 2.500000
v 0.210000 19.590000 2.500000
v 6.190000 12.510000 0.050000
v 6.190000 19.590000 2.450000
v 6.190000 12.510000 -0.000000
v 6.190000 12.510000 2.500000
v 6.190000 12.510000 2.450000
v 6.190000 19.589998 0.050000
v 6.190000 19.589998 -0.000000
v 6.190000 19.590000 2.500000
v 6.190001 18.999998 -0.000000
v 6.190001 18.080000 -0.000000
v 6.190001 19.049999 0.050000
v 6.190001 18.030001 2.170000
v 6.190001 19.049999 2.170000
v 6.190001 18.030001 0.050000
v 6.190001 18.999998 2.120000
v 6.190001 18.080000 2.120000
v 6.300000 15.000000 2.450000
v 6.300000 19.600000 2.450000
v 6.300000 18.080000 -0.000000
v 6.300000 18.999998 -0.000000
v 6.300000 19.599998 0.050000
v 8.300000 19.599998 0.050000
v 8.300000 19.600000 2.450000
v 8.300000 19.000000 -0.000000
v 8.300000 15.000000 2.450000
v 6.300000 15.000000 0.050000
v 6.840000 15.000000 -0.000000
v 6.300000 14.900000 2.450000
v 6.840000 14.900000 -0.000000
v 6.300000 14.900000 0.050000
v 6.300000 12.500000 2.450000
v 6.300000 12.500000 0.050000
v 8.300000 12.500000 2.450000
v 8.300000 12.500000 0.050000
v 8.300000 14.900000 2.450000
v 8.300000 14.900000 0.050000
v 7.760000 14.900000 -0.000000
v 7.760000 15.000000 -0.000000
v 8.300000 15.000000 0.050000
v 8.300000 18.080000 -0.000000
v 8.290000 12.510000 -0.000000
v 7.810000 14.890002 0.050000
v 8.290000 14.890002 -0.000000
v 7.760000 14.890002 -0.000000
v 8.290000 14.890002 2.500000
v 8.290000 12.510000 2.500000
v 6.300000 19.049999 0.050000
v 7.760000 15.000000 2.120000
v 8.300000 18.080000 2.120000
v 8.300000 19.049999 0.050000
v 6.310000 12.510000 -0.000000
v 8.300000 19.000000 2.120000
v 6.840000 15.000000 2.120000
v 6.300000 18.030001 0.050000
v 8.300000 18.030001 0.050000
v 6.310000 12.510000 2.500000
v 6.790000 15.000000 0.050000
v 6.790000 14.890002 0.050000
v 7.810000 15.000000 0.050000
v 6.310000 14.890002 2.500000
v 6.310000 14.890002 -0.000000
v 6.790000 14.900000 0.050000
v 8.290000 14.890002 0.050000
v 7.810000 14.900000 0.050000
v 6.840000 14.900000 2.120000
v 7.760000 14.900000 2.120000
v 6.300000 18.999998 2.120000
v 6.300000 18.080000 2.120000
v 6.300000 19.049999 2.170001
v 8.300000 19.049999 2.170001
v 6.300000 18.030001 2.170001
v 8.300000 18.030001 2.170001
v 6.790000 15.000000 2.170001
v 7.810000 15.000000 2.170001
v 6.790000 14.900000 2.170001
v 7.810000 14.900000 2.170001
v 7.810000 14.890002 2.170001
v 6.310000 12.510000 0.050000
v 8.290000 12.510000 0.050000
v 7.760000 14.890002 2.120000
v 8.290000 14.890002 2.450000
v 6.840000 14.890002 -0.000000
v 8.290000 12.510000 2.450000
v 6.310000 12.510000 2.450000
v 6.840000 14.890002 2.120000
v 6.790000 14.890002 2.170001
v 6.310000 14.890002 0.050000
v 6.310000 14.890002 2.450000
v 8.290000 15.010000 0.050000
v 8.290000 15.010000 -0.000000
v 6.310000 15.010000 -0.000000
v 8.290000 15.010000 2.450000
v 6.310000 15.010000 2.450000
v 6.310000 15.010000 0.050000
v 6.840000 15.010000 -0.000000
v 7.760000 15.010000 -0.000000
v 6.310000 15.010000 2.500000
v 8.290000 15.010000 2.500000
v 7.760000 15.010000 2.120000
v 6.840000 15.010000 2.120000
v 6.790000 15.010000 0.050000
v 7.810000 15.010000 0.050000
v 6.790000 15.010000 2.170001
v 7.810000 15.010000 2.170001
v 6.310000 19.590000 2.450000
v 6.310000 19.589998 0.050000
v 8.290000 19.589998 0.050000
v 8.290000 19.590000 2.450000
v 6.310000 19.589998 -0.000000
v 8.290000 19.589998 -0.000000
v 6.310000 19.590000 2.500000
v 8.290000 19.590000 2.500000
v 8.289999 19.000000 -0.000000
v 8.289999 18.080000 -0.000000
v 8.289999 18.080000 2.120000
v 8.289999 19.049999 0.050000
v 8.289999 19.000000 2.120000
v 8.289999 18.030001 0.050000
v 8.289999 19.049999 2.170001
v 8.289999 18.030001 2.170001
v 6.309999 18.080000 -0.000000
v 6.309999 18.999998 -0.000000
v 6.309999 19.049999 0.050000
v 6.309999 18.030001 0.050000
v 6.309999 18.999998 2.120000
v 6.309999 18.080000 2.120000
v 6.309999 19.049999 2.170001
v 6.309999 18.030001 2.170001
v 6.300000 11.900000 -0.000000
v 6.300000 10.980000 -0.000000
v 6.300000 12.300000 2.450000
v 6.300000 7.500000 2.450000
v 6.300000 12.300000 0.050000
v 8.300000 12.300000 2.450000
v 8.300000 12.300000 0.050000
v 8.300000 11.900000 -0.000000
v 8.300000 7.500000 2.450000
v 6.300000 7.500000 0.050000
v 8.300000 7.500000 0.050000
v 8.300000 10.980000 -0.000000
v 8.289999 10.930000 2.170000
v 8.290000 7.510000 2.500000
v 8.289999 10.980000 -0.000000
v 8.290000 7.510000 -0.000000
v 6.310000 12.289999 2.450000
v 6.310000 12.289999 0.050000
v 8.290000 12.289999 2.450000
v 8.290000 12.289999 0.050000
v 6.310000 12.289999 -0.000000
v 8.290000 12.289999 -0.000000
v 6.310000 12.289999 2.500000
v 8.290000 12.289999 2.500000
v 6.310000 7.510000 2.450000
v 8.290000 7.510000 2.450000
v 6.310000 7.510000 0.050000
v 8.290000 7.510000 0.050000
v 6.310000 7.510000 -0.000000
v 6.310000 7.510000 2.500000
v 6.309999 10.980000 -0.000000
v 8.300000 10.930000 0.050000
v 8.300000 10.930000 2.170000
v 8.300000 11.950000 2.170000
v 8.300000 11.950000 0.050000
v 6.309999 11.900000 -0.000000
v 8.289999 11.900000 -0.000000
v 8.300000 10.980000 2.120000
v 8.300000 11.900000 2.120000
v 6.300000 11.950000 0.050000
v 8.289999 10.930000 0.050000
v 6.300000 11.950000 2.170000
v 6.300000 10.930000 2.170000
v 6.300000 11.900000 2.120000
v 6.300000 10.980000 2.120000
v 8.289999 11.950000 0.050000
v 8.289999 11.900000 2.120000
v 6.300000 10.930000 0.050000
v 8.289999 10.980000 2.120000
v 8.289999 11.950000 2.170000
v 6.309999 11.950000 0.050000
v 6.309999 11.950000 2.170000
v 6.309999 10.930000 2.170000
v 6.309999 11.900000 2.120000
v 6.309999 10.980000 2.120000
v 6.309999 10.930000 0.050000
v 6.300000 6.700000 -0.000000
v 6.300000 5.780000 -0.000000
v 6.300000 7.300000 2.450000
v 6.300000 2.700000 2.450000
v 6.300000 7.300000 0.050000
v 8.300000 7.300000 2.450000
v 8.300000 7.300000 0.050000
v 8.300000 6.700000 -0.000000
v 8.300000 2.700000 2.450000
v 6.300000 2.700000 0.050000
v 6.840000 2.700000 -0.000000
v 7.760000 2.700000 -0.000000
v 8.300000 2.700000 0.050000
v 8.300000 5.780000 -0.000000
v 8.290000 2.710000 0.050000
v 8.290000 2.710000 -0.000000
v 8.290000 2.710000 2.500000
v 6.310000 2.710000 -0.000000
v 6.790000 2.710000 2.170000
v 6.790000 2.700000 0.050000
v 6.790000 2.700000 2.170000
v 7.810000 2.700000 2.170000
v 6.300000 5.730000 0.050000
v 7.810000 2.700000 0.050000
v 6.310000 2.710000 2.500000
v 6.840000 2.700000 2.120000
v 7.760000 2.700000 2.120000
v 8.300000 6.750000 0.050000
v 6.300000 6.750000 0.050000
v 7.760000 2.710000 -0.000000
v 8.300000 5.730000 0.050000
v 6.790000 2.710000 0.050000
v 8.300000 5.780000 2.120000
v 8.300000 6.700000 2.120000
v 6.300000 5.780000 2.120000
v 6.300000 6.700000 2.120000
v 8.300000 5.730000 2.170000
v 6.300000 6.750000 2.170000
v 8.300000 6.750000 2.170000
v 6.300000 5.730000 2.170000
v 7.810000 2.710000 0.050000
v 7.760000 2.710000 2.120000
v 8.290000 2.710000 2.450000
v 6.840000 2.710000 -0.000000
v 7.810000 2.710000 2.170000
v 6.310000 2.710000 0.050000
v 6.840000 2.710000 2.120000
v 6.310000 2.710000 2.450000
v 6.310000 7.290000 0.050000
v 6.310000 7.290000 2.450000
v 8.290000 7.290000 2.450000
v 8.290000 7.290000 0.050000
v 6.310000 7.290000 -0.000000
v 8.290000 7.290000 -0.000000
v 6.310000 7.290000 2.500000
v 8.290000 7.290000 2.500000
v 8.289999 6.700000 -0.000000
v 8.289999 5.780000 -0.000000
v 8.289999 6.750000 0.050000
v 8.289999 5.730000 0.050000
v 8.289999 5.780000 2.120000
v 8.289999 6.700000 2.120000
v 8.289999 5.730000 2.170000
v 8.289999 6.750000 2.170000
v 6.309999 6.700000 -0.000000
v 6.309999 5.780000 -0.000000
v 6.309999 5.730000 0.050000
v 6.309999 6.750000 0.050000
v 6.309999 5.780000 2.120000
v 6.309999 6.700000 2.120000
v 6.309999 6.750000 2.170000
v 6.309999 5.730000 2.170000
v 6.840000 2.600000 -0.000000
v 6.300000 2.600000 2.450000
v 6.300000 2.600000 0.050000
v 6.300000 0.200000 2.450000
v 6.300000 0.200000 0.050000
v 8.300000 0.200000 2.450000
v 8.300000 0.200000 0.050000
v 8.300000 2.600000 2.450000
v 8.300000 2.600000 0.050000
v 7.760000 2.600000 -0.000000
v 7.810000 2.600000 0.050000
v 7.810000 2.600000 2.170000
v 6.790000 2.600000 2.170000
v 6.840000 2.600000 2.120000
v 7.760000 2.600000 2.120000
v 6.790000 2.600000 0.050000
v 6.840000 2.590000 -0.000000
v 6.310000 2.590000 2.450000
v 6.310000 2.590000 0.050000
v 8.290000 2.590000 2.450000
v 8.290000 2.590000 0.050000
v 7.760000 2.590000 -0.000000
v 6.310000 2.590000 -0.000000
v 8.290000 2.590000 -0.000000
v 6.310000 2.590000 2.500000
v 8.290000 2.590000 2.500000
v 7.810000 2.590000 0.050000
v 7.810000 2.590000 2.170000
v 6.790000 2.590000 2.170000
v 6.840000 2.590000 2.120000
v 7.760000 2.590000 2.120000
v 6.790000 2.590000 0.050000
v 6.310000 0.210000 2.450000
v 6.310000 0.210000 0.050000
v 8.290000 0.210000 2.450000
v 8.290000 0.210000 0.050000
v 6.310000 0.210000 -0.000000
v 8.290000 0.210000 -0.000000
v 6.310000 0.210000 2.500000
v 8.290000 0.210000 2.500000
v 0.200000 4.900000 2.450000
v 0.200000 4.900000 0.050000
v 0.200000 7.300000 2.450000
v 0.200000 7.300000 0.050000
v 0.200000 0.200000 0.050000
v 0.200000 0.200000 2.450000
v 1.200000 2.700000 2.450000
v 1.200000 2.700000 0.050000
v 1.200000 4.900000 0.050000
v 1.200000 4.900000 2.450000
v 0.200000 2.700000 2.450000
v 0.200000 2.700000 0.050000
v 1.200000 3.340000 -0.000000
v 1.200000 4.260000 -0.000000
v 6.200000 7.300000 2.450000
v 6.200000 7.300000 0.050000
v 6.200000 0.200000 0.050000
v 6.200000 0.200000 2.450000
v 6.200000 6.700000 -0.000000
v 6.200000 5.780000 -0.000000
v 1.210000 3.290000 2.170000
v 1.210000 4.260000 2.120000
v 1.210000 4.260000 -0.000000
v 1.210000 4.910000 -0.000000
v 6.200000 6.750000 0.050000
v 1.210000 3.340000 -0.000000
v 1.200000 4.310000 0.050000
v 1.210000 3.340000 2.120000
v 1.210000 2.690000 -0.000000
v 6.200000 5.730000 0.050000
v 1.210000 4.310000 2.170000
v 1.200000 3.290000 0.050000
v 1.200000 3.340000 2.120000
v 1.200000 4.260000 2.120000
v 6.200000 6.700000 2.120000
v 6.200000 5.780000 2.120000
v 6.200000 6.750000 2.170000
v 1.200000 4.310000 2.170000
v 6.200000 5.730000 2.170000
v 1.200000 3.290000 2.170000
v 1.210000 3.290000 0.050000
v 1.210000 4.910000 2.500000
v 1.210000 4.910000 2.450000
v 1.210000 2.690000 0.050000
v 1.210000 4.910000 0.050000
v 1.210000 2.690000 2.500000
v 1.210000 2.690000 2.450000
v 1.210000 4.310000 0.050000
v 0.210000 0.210000 0.050000
v 0.210000 0.210000 2.450000
v 0.210000 2.690000 2.450000
v 0.210000 2.690000 0.050000
v 0.210000 0.210000 -0.000000
v 0.210000 2.690000 -0.000000
v 0.210000 0.210000 2.500000
v 0.210000 2.690000 2.500000
v 0.210000 4.910000 2.450000
v 0.210000 4.910000 0.050000
v 0.210000 7.290000 2.450000
v 0.210000 7.290000 0.050000
v 0.210000 4.910000 -0.000000
v 0.210000 7.290000 -0.000000
v 0.210000 4.910000 2.500000
v 0.210000 7.290000 2.500000
v 6.190001 0.210000 2.450000
v 6.190001 6.700000 -0.000000
v 6.190001 7.290000 0.050000
v 6.190001 7.290000 -0.000000
v 6.190001 0.210000 -0.000000
v 6.190001 0.210000 0.050000
v 6.190001 5.780000 -0.000000
v 6.190001 7.290000 2.450000
v 6.190001 7.290000 2.500000
v 6.190001 0.210000 2.500000
v 6.190001 6.750000 0.050000
v 6.190001 5.730000 0.050000
v 6.190001 6.700000 2.120000
v 6.190001 5.780000 2.120000
v 6.190001 6.750000 2.170000
v 6.190001 5.730000 2.170000
v 4.200000 19.600000 0.050000
v 2.200000 19.600000 0.050000
v 4.196666 19.589998 -0.000000
v 2.203333 19.589998 -0.000000
v 4.196666 19.589998 0.050000
v 2.203333 19.589998 0.050000
v 2.200000 19.600002 2.450000
v 4.200000 19.600002 2.450000
v 2.203333 19.590000 2.500000
v 4.196666 19.590000 2.500000
v 2.203333 19.590000 2.450000
v 4.196666 19.590000 2.450000
v 2.200000 12.499999 0.050000
v 4.200000 12.499999 0.050000
v 2.203333 12.510000 -0.000000
v 4.196666 12.510000 -0.000000
v 2.203333 12.510000 0.050000
v 4.196666 12.510000 0.050000
v 4.200000 12.499999 2.450000
v 2.200000 12.499999 2.450000
v 4.196666 12.510000 2.500000
v 2.203333 12.510000 2.500000
v 4.196666 12.510000 2.450000
v 2.203333 12.510000 2.450000
v 6.200000 16.186666 0.050000
v 6.200000 14.343332 0.050000
v 6.190000 16.223333 -0.000000
v 6.190000 14.366667 -0.000000
v 6.190000 16.190001 0.050000
v 6.190000 14.350000 0.050000
v 6.200000 17.825001 2.450000
v 6.200000 16.049999 2.450000
v 6.200000 14.275000 2.450000
v 6.190000 17.820000 2.500000
v 6.190000 16.049999 2.500000
v 6.190000 14.280000 2.500000
v 6.190000 17.820000 2.450000
v 6.190000 16.049999 2.450000
v 6.190000 14.280000 2.450000
v 8.300000 18.066668 2.450000
v 8.300000 16.533333 2.450000
v 8.290000 18.063334 2.500000
v 8.290000 16.536667 2.500000
v 8.290000 18.063334 2.450000
v 8.290000 16.536667 2.450000
v 8.300000 16.514999 0.050000
v 8.289999 16.545000 -0.000000
v 8.289999 16.520000 0.050000
v 6.300000 16.533333 2.450000
v 6.300000 18.066666 2.450000
v 6.310000 16.536667 2.450000
v 6.310000 18.063334 2.450000
v 6.310000 16.536667 2.500000
v 6.310000 18.063334 2.500000
v 6.300000 16.514999 0.050000
v 6.309999 16.545000 -0.000000
v 6.309999 16.520000 0.050000
v 8.300000 13.700000 0.050000
v 8.290000 13.700001 -0.000000
v 8.290000 13.700001 0.050000
v 8.300000 13.700000 2.450000
v 8.290000 13.700001 2.450000
v 8.290000 13.700001 2.500000
v 6.300000 13.700000 0.050000
v 6.310000 13.700001 -0.000000
v 6.310000 13.700001 0.050000
v 6.300000 13.700000 2.450000
v 6.310000 13.700001 2.500000
v 6.310000 13.700001 2.450000
v 6.309999 9.245000 -0.000000
v 6.300000 9.215000 0.050000
v 6.309999 9.220000 0.050000
v 8.300000 9.215000 0.050000
v 8.289999 9.245000 -0.000000
v 8.289999 9.220000 0.050000
v 8.300000 10.700000 2.450000
v 8.300000 9.100000 2.450000
v 8.290000 10.696666 2.450000
v 8.290000 9.103333 2.450000
v 8.290000 10.696666 2.500000
v 8.290000 9.103333 2.500000
v 6.300000 9.100000 2.450000
v 6.300000 10.700001 2.450000
v 6.310000 9.103333 2.500000
v 6.310000 10.696667 2.500000
v 6.310000 9.103333 2.450000
v 6.310000 10.696667 2.450000
v 6.200000 9.215000 0.050000
v 6.190001 9.220000 0.050000
v 6.190001 9.245000 0.000000
v 6.200000 10.700000 2.450000
v 6.200000 9.099999 2.450000
v 6.190001 10.696667 2.450000
v 6.190001 9.103333 2.450000
v 6.190001 10.696667 2.500000
v 6.190001 9.103333 2.500000
v 2.866667 12.300000 0.050000
v 4.533333 12.300000 0.050000
v 2.870000 12.290000 0.050000
v 4.530001 12.290000 0.050000
v 2.870000 12.290000 0.000000
v 4.530001 12.290000 0.000000
v 2.866667 12.300000 2.450000
v 4.533333 12.300000 2.450000
v 2.870000 12.290000 2.450000
v 4.530001 12.290000 2.450000
v 2.870000 12.290000 2.500000
v 4.530001 12.290000 2.500000
v 4.200000 7.500000 0.050000
v 2.200000 7.500000 0.050000
v 4.196667 7.510000 0.000000
v 2.203333 7.510000 0.000000
v 4.196667 7.510000 0.050000
v 2.203333 7.510000 0.050000
v 2.200000 7.500000 2.450000
v 4.200000 7.500000 2.450000
v 2.203334 7.510000 2.500000
v 4.196667 7.510000 2.500000
v 2.203334 7.510000 2.450000
v 4.196667 7.510000 2.450000
v 8.300000 4.215000 0.050000
v 8.289999 4.220000 0.050000
v 8.289999 4.245000 -0.000000
v 6.300000 4.215000 0.050000
v 6.309999 4.245000 -0.000000
v 6.309999 4.220000 0.050000
v 8.300000 5.766666 2.450000
v 8.300000 4.233333 2.450000
v 8.290000 5.763333 2.450000
v 8.290000 4.236667 2.450000
v 8.290000 5.763333 2.500000
v 8.290000 4.236667 2.500000
v 6.300000 4.233334 2.450000
v 6.300000 5.766667 2.450000
v 6.310000 4.236667 2.450000
v 6.310000 5.763333 2.450000
v 6.310000 4.236667 2.500000
v 6.310000 5.763333 2.500000
v 8.300000 1.400000 0.050000
v 8.290000 1.400000 -0.000000
v 8.290000 1.400000 0.050000
v 8.300000 1.400000 2.450000
v 8.290000 1.400000 2.450000
v 8.290000 1.400000 2.500000
v 6.300000 1.400000 0.050000
v 6.310000 1.400000 -0.000000
v 6.310000 1.400000 0.050000
v 6.300000 1.400000 2.450000
v 6.310000 1.400000 2.450000
v 6.310000 1.400000 2.500000
v 2.200000 0.200000 0.050000
v 4.200000 0.200000 0.050000
v 2.203334 0.210000 -0.000000
v 4.196667 0.210000 -0.000000
v 2.203334 0.210000 0.050000
v 4.196667 0.210000 0.050000
v 2.200000 0.200000 2.450000
v 4.200000 0.200000 2.450000
v 2.203334 0.210000 2.450000
v 4.196667 0.210000 2.450000
v 2.203334 0.210000 2.500000
v 4.196667 0.210000 2.500000
v 6.200000 3.852116 0.050000
v 6.190001 3.857116 0.050000
v 6.190001 3.882116 -0.000000
v 6.200000 5.516371 2.450000
v 6.200000 2.004618 2.450000
v 6.190001 5.513037 2.450000
v 6.190001 2.007952 2.450000
v 6.190001 5.513037 2.500000
v 6.190001 2.007952 2.500000
v 4.200000 7.300000 0.050000
v 2.200000 7.300000 0.050000
v 4.196667 7.290000 -0.000000
v 2.203333 7.290000 -0.000000
v 4.196667 7.290000 0.050000
v 2.203333 7.290000 0.050000
v 2.200000 7.300000 2.450000
v 4.200000 7.300000 2.450000
v 2.203334 7.290000 2.450000
v 4.196667 7.290000 2.450000
v 2.203334 7.290000 2.500000
v 4.196667 7.290000 2.500000
v 6.200000 3.760495 2.450000
v 6.190001 3.760494 2.450000
v 6.190001 3.760494 2.500000
v 6.200000 2.026058 0.050000
v 6.190001 2.033558 0.050000
v 6.190001 2.046058 -0.000000
vt 0.674918 0.768418
vt 0.733294 0.768418
vt 0.733293 0.969647
vt 0.674918 0.996224
vt 0.904224 0.972419
vt 0.894732 0.996148
vt 0.894732 0.768345
vt 0.904223 0.811058
vt 0.882638 0.811058
vt 0.892130 0.768345
vt 0.892130 0.996147
vt 0.882638 0.972418
vt 0.664302 0.972527
vt 0.654810 0.996256
vt 0.654809 0.768453
vt 0.664301 0.811167
vt 0.667216 0.768466
vt 0.676707 0.792195
vt 0.676707 0.953555
vt 0.667216 0.996269
vt 0.854137 0.811166
vt 0.882613 0.768453
vt 0.882613 0.996256
vt 0.854138 0.972527
vt 0.692802 0.972418
vt 0.654835 0.996147
vt 0.654835 0.768345
vt 0.692802 0.811058
vt 0.875581 0.996180
vt 0.819579 0.969603
vt 0.819577 0.768378
vt 0.875578 0.768377
vt 0.761800 0.972530
vt 0.752308 0.996259
vt 0.752308 0.768457
vt 0.761800 0.811169
vt 0.762134 0.768466
vt 0.733658 0.792195
vt 0.847226 0.768456
vt 0.818750 0.811169
vt 0.818750 0.972530
vt 0.847226 0.996259
vt 0.762134 0.996269
vt 0.733658 0.953555
vt 0.600716 0.206604
vt 0.697211 0.206604
vt 0.983862 0.233092
vt 0.548684 0.233093
vt 0.654849 0.768435
vt 0.939603 0.768435
vt 0.939603 0.996238
vt 0.654849 0.996238
vt 0.706999 0.768455
vt 0.706999 0.969681
vt 0.991753 0.996258
vt 0.803815 0.969681
vt 0.803815 0.768454
vt 0.991753 0.768455
vt 0.991785 0.768409
vt 0.991785 0.996212
vt 0.738120 0.232937
vt 0.691765 0.206449
vt 0.691764 0.005891
vt 0.738119 0.005890
vt 0.835320 0.206591
vt 0.548670 0.006030
vt 0.835320 0.006030
vt 0.600717 0.006045
vt 0.548953 0.005831
vt 0.738161 0.005831
vt 0.738161 0.232881
vt 0.548953 0.232881
vt 0.595268 0.206448
vt 0.548912 0.232937
vt 0.548911 0.005885
vt 0.595268 0.005885
vt 0.844331 0.529911
vt 0.654845 0.529911
vt 0.701269 0.503383
vt 0.797907 0.503383
vt 0.844302 0.529834
vt 0.654816 0.529834
vt 0.654816 0.302450
vt 0.844302 0.302450
vt 0.882213 0.529893
vt 0.882213 0.302509
vt 0.882218 0.529837
vt 0.797907 0.302526
vt 0.873118 0.811193
vt 0.873118 0.972553
vt 0.892095 0.768383
vt 0.892095 0.996185
vt 0.989649 0.768345
vt 0.961174 0.811058
vt 0.989650 0.996148
vt 0.961174 0.972418
vt 0.830110 0.969647
vt 0.902722 0.996223
vt 0.886245 0.996230
vt 0.788479 0.969654
vt 0.788478 0.768427
vt 0.886244 0.768427
vt 0.683282 0.972553
vt 0.683282 0.811193
vt 0.830108 0.768422
vt 0.902720 0.768421
vt 0.658442 0.996231
vt 0.658448 0.768426
vt 0.691669 0.768427
vt 0.691664 0.969654
vt 0.666761 0.996181
vt 0.722763 0.969604
vt 0.776127 0.233118
vt 0.549078 0.233118
vt 0.549078 0.006069
vt 0.776127 0.006069
vt 0.548858 0.232820
vt 0.548862 0.005767
vt 0.581974 0.005768
vt 0.581970 0.206331
vt 0.548867 0.232996
vt 0.738075 0.232996
vt 0.742783 0.206399
vt 0.742782 0.005834
vt 0.775894 0.005834
vt 0.775894 0.232888
vt 0.738027 0.232969
vt 0.548819 0.232969
vt 0.548819 0.005920
vt 0.738027 0.005920
vt 0.666761 0.768377
vt 0.722763 0.768376
vt 0.749318 0.811196
vt 0.758810 0.768483
vt 0.758810 0.996286
vt 0.749318 0.972556
vt 0.931816 0.006032
vt 0.983848 0.006032
vt 0.983848 0.233080
vt 0.931816 0.206591
vt 0.873104 0.972538
vt 0.683269 0.972538
vt 0.692367 0.972557
vt 0.663892 0.996286
vt 0.663892 0.768483
vt 0.692367 0.811196
vt 0.878724 0.996212
vt 0.822722 0.969635
vt 0.822724 0.768411
vt 0.878725 0.768411
vt 0.721231 0.811169
vt 0.749706 0.768456
vt 0.749706 0.996259
vt 0.721231 0.972530
vt 0.669904 0.996213
vt 0.725906 0.969635
vt 0.669902 0.768408
vt 0.725905 0.768408
vt 0.892097 0.768466
vt 0.892098 0.996269
vt 0.983874 0.233046
vt 0.548695 0.233047
vt 0.595322 0.005835
vt 0.691821 0.005839
vt 0.654813 0.302565
vt 0.844299 0.302565
vt 0.701268 0.302513
vt 0.939598 0.996253
vt 0.697223 0.005997
vt 0.983873 0.005997
vt 0.678465 0.206332
vt 0.775907 0.232820
vt 0.838683 0.960459
vt 0.836098 0.960451
vt 0.836149 0.812335
vt 0.838734 0.812343
vt 0.833446 0.960455
vt 0.830861 0.960447
vt 0.830912 0.812335
vt 0.833497 0.812343
vt 0.782133 0.970648
vt 0.779548 0.970641
vt 0.779548 0.822529
vt 0.782133 0.822536
vt 0.899569 0.971087
vt 0.896984 0.971080
vt 0.896984 0.822968
vt 0.899569 0.822975
vt 0.831109 0.906327
vt 0.831095 0.909131
vt 0.670440 0.909131
vt 0.670454 0.906327
vt 0.831109 0.911732
vt 0.831095 0.914536
vt 0.670440 0.914536
vt 0.670454 0.911732
vt 0.876237 0.822968
vt 0.878822 0.822975
vt 0.878822 0.971089
vt 0.876237 0.971082
vt 0.994379 0.922543
vt 0.994366 0.925347
vt 0.833710 0.925347
vt 0.833724 0.922543
vt 0.994379 0.917138
vt 0.994365 0.919941
vt 0.833710 0.919941
vt 0.833724 0.917138
vt 0.833710 0.914536
vt 0.833724 0.911732
vt 0.994380 0.911732
vt 0.994366 0.914536
vt 0.865864 0.822968
vt 0.868449 0.822975
vt 0.868449 0.971091
vt 0.865864 0.971084
vt 0.683412 0.818812
vt 0.683427 0.816008
vt 0.844082 0.816008
vt 0.844068 0.818812
vt 0.994379 0.906327
vt 0.994366 0.909131
vt 0.833711 0.909131
vt 0.833724 0.906327
vt 0.670440 0.919941
vt 0.670454 0.917138
vt 0.831109 0.917138
vt 0.831095 0.919941
vt 0.683412 0.813407
vt 0.683427 0.810603
vt 0.844082 0.810603
vt 0.844068 0.813407
vt 0.907357 0.822968
vt 0.909943 0.822975
vt 0.909943 0.971090
vt 0.907357 0.971082
vt 0.825674 0.812335
vt 0.828259 0.812343
vt 0.828208 0.960456
vt 0.825623 0.960448
vt 0.820436 0.812335
vt 0.823021 0.812343
vt 0.822970 0.960461
vt 0.820385 0.960454
vt 0.904756 0.971088
vt 0.902171 0.971081
vt 0.902171 0.822968
vt 0.904756 0.822975
vt 0.670440 0.925347
vt 0.670454 0.922543
vt 0.831109 0.922543
vt 0.831095 0.925347
vt 0.683412 0.870155
vt 0.683412 0.867782
vt 0.740363 0.867782
vt 0.740363 0.870155
vt 0.740364 0.862808
vt 0.740364 0.865181
vt 0.683412 0.865181
vt 0.683412 0.862808
vt 0.871050 0.822968
vt 0.873635 0.822975
vt 0.873635 0.971093
vt 0.871050 0.971086
vt 0.787320 0.970644
vt 0.784735 0.970637
vt 0.784735 0.822529
vt 0.787320 0.822536
vt 0.847701 0.971093
vt 0.845116 0.971085
vt 0.845116 0.822968
vt 0.847701 0.822975
vt 0.683412 0.823787
vt 0.683412 0.821414
vt 0.740363 0.821414
vt 0.740364 0.823787
vt 0.740364 0.826389
vt 0.740364 0.828762
vt 0.683412 0.828762
vt 0.683412 0.826389
vt 0.850303 0.822968
vt 0.852888 0.822975
vt 0.852888 0.971093
vt 0.850303 0.971085
vt 0.683412 0.838710
vt 0.683412 0.836337
vt 0.740364 0.836337
vt 0.740364 0.838710
vt 0.860677 0.822968
vt 0.863262 0.822975
vt 0.863262 0.971090
vt 0.860677 0.971083
vt 0.858075 0.971090
vt 0.855490 0.971083
vt 0.855490 0.822968
vt 0.858075 0.822975
vt 0.740364 0.831363
vt 0.740364 0.833736
vt 0.683412 0.833736
vt 0.683412 0.831363
vt 0.740364 0.846287
vt 0.740364 0.848659
vt 0.683412 0.848659
vt 0.683412 0.846287
vt 0.886610 0.822968
vt 0.889195 0.822975
vt 0.889195 0.971088
vt 0.886610 0.971081
vt 0.894382 0.971088
vt 0.891797 0.971081
vt 0.891797 0.822968
vt 0.894382 0.822975
vt 0.683412 0.843685
vt 0.683412 0.841312
vt 0.740364 0.841312
vt 0.740364 0.843685
vt 0.915129 0.971088
vt 0.912544 0.971081
vt 0.912544 0.822968
vt 0.915129 0.822975
vt 0.881423 0.822968
vt 0.884009 0.822975
vt 0.884009 0.971087
vt 0.881423 0.971080
vt 0.683412 0.858608
vt 0.683412 0.856236
vt 0.740364 0.856236
vt 0.740364 0.858608
vt 0.740364 0.851261
vt 0.740364 0.853634
vt 0.683412 0.853634
vt 0.683412 0.851261
vt 0.991745 0.996271
vt 0.991745 0.768467
vt 0.678464 0.005772
vt 0.775984 0.233048
vt 0.548934 0.005998
vt 0.775984 0.005998
vt 0.646287 0.206399
vt 0.548846 0.232888
vt 0.548846 0.005840
vt 0.646288 0.005840
vt 0.703966 0.246275
vt 0.560848 0.246275
vt 0.551370 0.255753
vt 0.703967 0.255753
vt 0.549657 0.247437
vt 0.556964 0.254744
vt 0.866768 0.254744
vt 0.859462 0.247439
vt 0.549451 0.242125
vt 0.549520 0.247532
vt 0.859336 0.247532
vt 0.859268 0.242126
vt 0.734699 0.255848
vt 0.737873 0.252674
vt 0.554201 0.252675
vt 0.551027 0.255848
vt 0.645333 0.255721
vt 0.927933 0.255721
vt 0.926199 0.250818
vt 0.644730 0.250818
vt 0.552499 0.243276
vt 0.554354 0.246450
vt 0.738025 0.246450
vt 0.736171 0.243276
vt 0.601070 0.246073
vt 0.601070 0.255742
vt 0.731600 0.255747
vt 0.721932 0.246077
vt 0.929586 0.256694
vt 0.927948 0.250089
vt 0.556054 0.250002
vt 0.549536 0.256694
vt 0.550782 0.254062
vt 0.731935 0.254062
vt 0.723054 0.245181
vt 0.559662 0.245181
vt 0.843434 0.250695
vt 0.847649 0.242264
vt 0.555112 0.242264
vt 0.555112 0.250695
vt 0.666228 0.252203
vt 0.666228 0.242479
vt 0.551477 0.242479
vt 0.561202 0.252204
vt 0.549657 0.254595
vt 0.859475 0.254593
vt 0.866782 0.247285
vt 0.556963 0.247289
vt 0.549451 0.254578
vt 0.859270 0.254577
vt 0.866577 0.247269
vt 0.556757 0.247272
vt 0.942099 0.256514
vt 0.940473 0.249697
vt 0.556666 0.249606
vt 0.549940 0.256514
vt 0.706475 0.243766
vt 0.560858 0.243777
vt 0.549429 0.253713
vt 0.730581 0.253713
vt 0.721701 0.244833
vt 0.558309 0.244833
vt 0.603063 0.243855
vt 0.601065 0.245853
vt 0.717488 0.245856
vt 0.717489 0.243858
vt 0.550444 0.241979
vt 0.552082 0.248585
vt 0.923978 0.248671
vt 0.930494 0.241979
vt 0.610439 0.244086
vt 0.610440 0.246084
vt 0.726859 0.246084
vt 0.724917 0.244086
vt 0.549451 0.242232
vt 0.549520 0.247639
vt 0.859348 0.247639
vt 0.859279 0.242232
vt 0.645102 0.241985
vt 0.645126 0.245147
vt 0.826281 0.245147
vt 0.826256 0.241985
vt 0.668174 0.254148
vt 0.561202 0.254148
vt 0.859544 0.260000
vt 0.549726 0.260000
vt 0.866723 0.260350
vt 0.866654 0.254945
vt 0.556826 0.254945
vt 0.556895 0.260352
vt 0.601065 0.255555
vt 0.727191 0.255558
vt 0.866710 0.260309
vt 0.866641 0.254903
vt 0.556895 0.260310
vt 0.859506 0.242032
vt 0.549701 0.242030
vt 0.549451 0.254725
vt 0.859271 0.254725
vt 0.866578 0.247418
vt 0.556757 0.247419
vt 0.653971 0.253774
vt 0.817366 0.253773
vt 0.826245 0.244893
vt 0.645091 0.244893
vt 0.817385 0.256625
vt 0.653989 0.256625
vt 0.866649 0.241786
vt 0.556845 0.241785
vt 0.556801 0.247192
vt 0.866605 0.247192
vt 0.603146 0.243997
vt 0.721935 0.244004
vt 0.866711 0.260244
vt 0.866643 0.254838
vt 0.556826 0.254838
vt 0.556895 0.260244
vt 0.559643 0.242330
vt 0.723035 0.242330
vt 0.549113 0.250438
vt 0.926665 0.250438
vt 0.926665 0.242572
vt 0.549113 0.242572
vt 0.550741 0.257000
vt 0.928293 0.257000
vt 0.556688 0.242013
vt 0.866509 0.242012
vt 0.859339 0.260131
vt 0.549520 0.260131
vt 0.645066 0.241732
vt 0.826221 0.241732
vt 0.552081 0.256458
vt 0.923975 0.256546
vt 0.927950 0.242276
vt 0.556055 0.242188
vt 0.549495 0.254499
vt 0.859299 0.254498
vt 0.552226 0.246112
vt 0.552226 0.255295
vt 0.735898 0.255295
vt 0.735898 0.246112
vt 0.736179 0.251449
vt 0.736179 0.242266
vt 0.552508 0.242266
vt 0.552508 0.251450
vt 0.550371 0.242938
vt 0.734043 0.242938
vt 0.733006 0.254623
vt 0.549335 0.254623
vt 0.600738 0.255786
vt 0.726859 0.255786
vt 0.654006 0.254027
vt 0.817401 0.254027
vt 0.848484 0.245038
vt 0.780411 0.245038
vt 0.782356 0.246983
vt 0.848484 0.246983
vt 0.880982 0.255926
vt 0.882873 0.250253
vt 0.557256 0.250252
vt 0.551537 0.255974
vt 0.905877 0.249994
vt 0.905878 0.241985
vt 0.550281 0.241985
vt 0.550281 0.249994
vt 0.552937 0.241858
vt 0.551046 0.247531
vt 0.876663 0.247532
vt 0.882382 0.241810
vt 0.840925 0.255712
vt 0.550066 0.255742
vt 0.882873 0.242085
vt 0.557256 0.242085
vt 0.647087 0.242513
vt 0.645509 0.247247
vt 0.917316 0.247247
vt 0.922086 0.242477
vt 0.731959 0.257223
vt 0.550807 0.257223
vt 0.551046 0.255699
vt 0.876663 0.255699
vt 0.549451 0.259905
vt 0.859255 0.259905
vt 0.645509 0.255776
vt 0.917316 0.255776
vt 0.928708 0.246886
vt 0.647243 0.246887
vt 0.647243 0.255364
vt 0.928708 0.255364
vt 0.782357 0.256708
vt 0.858209 0.256708
vt 0.926199 0.242340
vt 0.644730 0.242340
vt 0.928105 0.241984
vt 0.645509 0.241984
vt 0.899779 0.256252
vt 0.551934 0.256172
vt 0.817420 0.256879
vt 0.654025 0.256879
vt 0.556894 0.241883
vt 0.866714 0.241878
vt 0.552081 0.256397
vt 0.928937 0.251031
vt 0.928939 0.243194
vt 0.555904 0.243106
vt 0.555902 0.250944
vt 0.930449 0.257569
vt 0.549277 0.257569
vt 0.551075 0.248900
vt 0.551074 0.256638
vt 0.934881 0.256729
vt 0.934883 0.248991
vt 0.940475 0.241959
vt 0.556667 0.241868
vt 0.549450 0.242083
vt 0.941608 0.242083
vt 0.548882 0.247288
vt 0.548882 0.255456
vt 0.874503 0.255456
vt 0.874503 0.247288
vt 0.829066 0.256878
vt 0.832240 0.253704
vt 0.648568 0.253704
vt 0.645394 0.256878
vt 0.550782 0.244972
vt 0.552637 0.248146
vt 0.736310 0.248145
vt 0.734454 0.244972
vt 0.552637 0.257329
vt 0.736310 0.257329
vt 0.737873 0.243491
vt 0.554201 0.243491
vt 0.832240 0.244521
vt 0.648568 0.244521
vt 0.554354 0.255633
vt 0.738025 0.255633
vt 0.550359 0.247281
vt 0.550359 0.255650
vt 0.846621 0.255650
vt 0.846621 0.247281
vt 0.548623 0.247356
vt 0.548623 0.255524
vt 0.874244 0.255524
vt 0.874244 0.247357
vt 0.550773 0.241615
vt 0.880223 0.241567
vt 0.861380 0.250613
vt 0.864152 0.242297
vt 0.555375 0.242297
vt 0.555375 0.250613
vt 0.880823 0.255712
vt 0.882714 0.250039
vt 0.557093 0.250037
vt 0.550513 0.241682
vt 0.879963 0.241635
vt 0.730604 0.256875
vt 0.549454 0.256875
vt 0.859339 0.259984
vt 0.549520 0.259983
vt 0.552938 0.242124
vt 0.851809 0.242093
vt 0.857832 0.255934
vt 0.550032 0.255956
vt 0.882714 0.241871
vt 0.557093 0.241870
vt 0.866508 0.241863
vt 0.558290 0.241981
vt 0.721682 0.241982
vt 0.883204 0.250313
vt 0.883204 0.242146
vt 0.557583 0.242145
vt 0.557583 0.250313
vt 0.881313 0.255987
vt 0.551864 0.256034
vt 0.559296 0.254425
vt 0.722685 0.254425
vt 0.731565 0.245545
vt 0.550417 0.245544
vt 0.549451 0.254764
vt 0.859271 0.254764
vt 0.866578 0.247457
vt 0.556757 0.247458
vt 0.879425 0.255654
vt 0.877732 0.249932
vt 0.555554 0.249861
vt 0.549902 0.255654
vt 0.549451 0.242011
vt 0.549520 0.247418
vt 0.859330 0.247418
vt 0.859261 0.242012
vt 0.549446 0.242000
vt 0.549420 0.245714
vt 0.762194 0.245747
vt 0.765939 0.242000
vt 0.867350 0.252841
vt 0.877074 0.243116
vt 0.773992 0.243116
vt 0.773992 0.252841
vt 0.859339 0.260170
vt 0.549520 0.260170
vt 0.866926 0.260265
vt 0.866855 0.254859
vt 0.557036 0.254964
vt 0.557107 0.260371
vt 0.866704 0.260130
vt 0.866636 0.254724
vt 0.556826 0.254724
vt 0.556895 0.260130
vt 0.730712 0.257355
vt 0.730687 0.254193
vt 0.549529 0.254193
vt 0.549553 0.257355
vt 0.722704 0.257276
vt 0.559315 0.257276
vt 0.780015 0.244928
vt 0.770291 0.254653
vt 0.873372 0.254653
vt 0.873372 0.244929
vt 0.816164 0.251323
vt 0.820475 0.242701
vt 0.555764 0.242701
vt 0.555764 0.251323
vt 0.730516 0.257201
vt 0.730492 0.254039
vt 0.549335 0.254039
vt 0.549359 0.257201
vt 0.613457 0.247897
vt 0.613456 0.256033
vt 0.935641 0.256104
vt 0.935643 0.247967
vt 0.878611 0.250648
vt 0.878614 0.242512
vt 0.556428 0.242441
vt 0.556426 0.250577
vt 0.780015 0.242984
vt 0.875317 0.242984
vt 0.771927 0.242997
vt 0.773872 0.244942
vt 0.867229 0.244942
vt 0.867229 0.242997
vt 0.773872 0.254666
vt 0.876953 0.254666
vt 0.558196 0.242307
vt 0.558215 0.245159
vt 0.721611 0.245159
vt 0.721592 0.242307
vt 0.549657 0.242254
vt 0.549728 0.247661
vt 0.859546 0.247555
vt 0.859476 0.242149
vt 0.556688 0.242052
vt 0.866509 0.242050
vt 0.550393 0.242383
vt 0.731541 0.242383
vt 0.877734 0.241796
vt 0.555556 0.241725
vt 0.880305 0.256371
vt 0.550775 0.256371
vt 0.611764 0.242174
vt 0.941294 0.242174
vt 0.765586 0.255080
vt 0.765611 0.251367
vt 0.552840 0.251366
vt 0.549094 0.255114
vt 0.549582 0.242076
vt 0.549557 0.245790
vt 0.762327 0.245823
vt 0.766073 0.242076
vt 0.765611 0.242427
vt 0.552840 0.242426
vt 0.549556 0.254730
vt 0.762325 0.254763
vt 0.766392 0.255003
vt 0.766417 0.251289
vt 0.553649 0.251289
vt 0.549902 0.255037
vt 0.549419 0.254654
vt 0.762192 0.254687
vt 0.766417 0.242350
vt 0.553649 0.242349
vt 0.557032 0.254811
vt 0.866855 0.254811
vt 0.859548 0.247504
vt 0.549726 0.247504
vt 0.875131 0.252825
vt 0.875131 0.243100
vt 0.772049 0.243100
vt 0.781773 0.252825
vt 0.549657 0.242098
vt 0.867350 0.254786
vt 0.772047 0.254786
vt 0.866924 0.260217
vt 0.557101 0.260217
vt 0.877076 0.254770
vt 0.781773 0.254770
vt 0.551923 0.247589
vt 0.551921 0.255725
vt 0.874106 0.255796
vt 0.874108 0.247659
vt 0.877684 0.250419
vt 0.877686 0.242283
vt 0.555501 0.242212
vt 0.555499 0.250348
vt 0.879378 0.256142
vt 0.549848 0.256142
vt 0.550229 0.241866
vt 0.879759 0.241866
vt 0.557032 0.254852
vt 0.859553 0.247545
vt 0.549657 0.254483
vt 0.859472 0.254483
vt 0.866779 0.247175
vt 0.556963 0.247177
vt 0.721807 0.245313
vt 0.558410 0.245313
vt 0.556894 0.241771
vt 0.866710 0.241768
vt 0.859541 0.259889
vt 0.549726 0.259889
vt 0.549454 0.246708
vt 0.549454 0.255303
vt 0.811879 0.255303
vt 0.811879 0.246708
vt 0.550978 0.242138
vt 0.816482 0.242104
vt 0.558391 0.242461
vt 0.721788 0.242461
vt 0.557101 0.260259
vt 0.813899 0.255853
vt 0.551210 0.255878
vt 0.668173 0.254168
vt 0.561203 0.254169
vt 0.816801 0.250796
vt 0.816801 0.242202
vt 0.554374 0.242200
vt 0.554374 0.250795
vt 0.550492 0.246915
vt 0.554805 0.255541
vt 0.819614 0.255541
vt 0.810988 0.246915
vt 0.549657 0.254776
vt 0.859475 0.254777
vt 0.866782 0.247470
vt 0.556963 0.247470
vt 0.731568 0.245439
vt 0.550416 0.245438
vt 0.559296 0.254319
vt 0.722689 0.254319
vt 0.561364 0.244415
vt 0.551640 0.254139
vt 0.666390 0.254139
vt 0.666391 0.244414
vt 0.556894 0.242064
vt 0.866713 0.242064
vt 0.722708 0.257171
vt 0.559314 0.257170
vt 0.859543 0.260183
vt 0.549726 0.260182
vt 0.815277 0.255367
vt 0.549771 0.255399
vt 0.561363 0.242470
vt 0.668336 0.242469
vt 0.550393 0.242277
vt 0.731544 0.242277
vt 0.549595 0.242369
vt 0.810939 0.242369
vt 0.611504 0.256123
vt 0.941849 0.256123
vt 0.940264 0.250456
vt 0.617240 0.250387
vt 0.611635 0.242147
vt 0.613328 0.247870
vt 0.935513 0.247941
vt 0.941164 0.242147
vt 0.549333 0.254202
vt 0.730490 0.254202
vt 0.721610 0.245322
vt 0.558213 0.245322
vt 0.549657 0.242211
vt 0.549726 0.247618
vt 0.859481 0.242212
vt 0.549657 0.254891
vt 0.859474 0.254890
vt 0.866781 0.247584
vt 0.556963 0.247584
vt 0.782520 0.255108
vt 0.848648 0.255108
vt 0.858372 0.245384
vt 0.782520 0.245383
vt 0.875330 0.247919
vt 0.552304 0.247849
vt 0.552303 0.256006
vt 0.875328 0.256077
vt 0.940266 0.242299
vt 0.617242 0.242228
vt 0.881065 0.242183
vt 0.550720 0.242183
vt 0.646698 0.242424
vt 0.645120 0.247158
vt 0.916928 0.247158
vt 0.921697 0.242387
vt 0.613327 0.256006
vt 0.935512 0.256077
vt 0.878389 0.256280
vt 0.876696 0.250558
vt 0.554510 0.250487
vt 0.548859 0.256280
vt 0.645119 0.255687
vt 0.916928 0.255687
vt 0.859543 0.260297
vt 0.549726 0.260296
vt 0.848647 0.247129
vt 0.782519 0.247129
vt 0.782519 0.256854
vt 0.858372 0.256854
vt 0.730515 0.257364
vt 0.549357 0.257364
vt 0.556894 0.242178
vt 0.866712 0.242177
vt 0.876698 0.242422
vt 0.554512 0.242350
vt 0.556845 0.241897
vt 0.722645 0.254275
vt 0.731525 0.245396
vt 0.780575 0.257053
vt 0.848647 0.257053
vt 0.550641 0.247316
vt 0.554859 0.255752
vt 0.847562 0.255751
vt 0.839127 0.247316
vt 0.558194 0.242470
vt 0.721591 0.242470
vt 0.841386 0.255288
vt 0.843894 0.250271
vt 0.555569 0.250270
vt 0.550522 0.255318
vt 0.848109 0.241840
vt 0.555569 0.241840
vt 0.848647 0.245184
vt 0.780575 0.245184
vt 0.920118 0.255692
vt 0.921696 0.250958
vt 0.649888 0.250959
vt 0.731543 0.242234
vt 0.550392 0.242234
vt 0.549759 0.242282
vt 0.839069 0.242282
vt 0.556714 0.260276
vt 0.866518 0.260276
vt 0.559238 0.257128
vt 0.722629 0.257127
vt 0.649888 0.242429
vt 0.645407 0.253797
vt 0.826562 0.253796
vt 0.817681 0.244916
vt 0.654288 0.244916
vt 0.549451 0.254911
vt 0.859269 0.254910
vt 0.866576 0.247604
vt 0.556757 0.247605
vt 0.867676 0.253018
vt 0.877401 0.243293
vt 0.774318 0.243294
vt 0.774318 0.253018
vt 0.859337 0.260317
vt 0.549520 0.260317
vt 0.654269 0.242065
vt 0.817663 0.242065
vt 0.879511 0.256240
vt 0.877818 0.250518
vt 0.555633 0.250447
vt 0.549982 0.256240
vt 0.815061 0.255346
vt 0.816584 0.250775
vt 0.554158 0.250775
vt 0.549555 0.255379
vt 0.556688 0.242199
vt 0.866507 0.242198
vt 0.866654 0.254832
vt 0.558188 0.242363
vt 0.721586 0.242363
vt 0.722688 0.257099
vt 0.722669 0.254248
vt 0.559277 0.254248
vt 0.559296 0.257099
vt 0.883140 0.252971
vt 0.883141 0.243246
vt 0.780058 0.243246
vt 0.789783 0.252971
vt 0.552086 0.247763
vt 0.552084 0.255899
vt 0.874268 0.255971
vt 0.874270 0.247834
vt 0.826586 0.256958
vt 0.645431 0.256958
vt 0.879921 0.242041
vt 0.885085 0.254916
vt 0.789783 0.254916
vt 0.867676 0.254963
vt 0.772374 0.254963
vt 0.551806 0.247955
vt 0.551804 0.256091
vt 0.873988 0.256162
vt 0.873990 0.248026
vt 0.877820 0.242382
vt 0.555635 0.242310
vt 0.550112 0.242232
vt 0.879641 0.242232
vt 0.886651 0.252649
vt 0.886651 0.242924
vt 0.771900 0.242924
vt 0.781625 0.252649
vt 0.549327 0.254095
vt 0.730485 0.254095
vt 0.815638 0.250360
vt 0.819950 0.241737
vt 0.555239 0.241737
vt 0.555239 0.250360
vt 0.888596 0.254594
vt 0.781625 0.254594
vt 0.551589 0.242496
vt 0.550066 0.247066
vt 0.812492 0.247065
vt 0.817095 0.242461
vt 0.556688 0.241752
vt 0.866511 0.241751
vt 0.812492 0.255660
vt 0.730509 0.257256
vt 0.549351 0.257256
vt 0.813374 0.254889
vt 0.550686 0.254915
vt 0.550514 0.246562
vt 0.554827 0.255188
vt 0.819638 0.255188
vt 0.811012 0.246562
vt 0.780317 0.244764
vt 0.770593 0.254488
vt 0.885344 0.254488
vt 0.885344 0.244764
vt 0.780317 0.242819
vt 0.887289 0.242819
vt 0.816584 0.242181
vt 0.554158 0.242180
vt 0.549618 0.242016
vt 0.810963 0.242016
vt 0.765524 0.254945
vt 0.765548 0.251232
vt 0.552778 0.251232
vt 0.549032 0.254979
vt 0.878661 0.256367
vt 0.876968 0.250645
vt 0.554783 0.250574
vt 0.549132 0.256367
vt 0.549557 0.245736
vt 0.766074 0.242022
vt 0.878614 0.250651
vt 0.779976 0.242745
vt 0.779976 0.244690
vt 0.873333 0.244690
vt 0.875277 0.242745
vt 0.645231 0.241793
vt 0.645255 0.244954
vt 0.826410 0.244954
vt 0.826385 0.241793
vt 0.817549 0.256686
vt 0.817530 0.253834
vt 0.654135 0.253835
vt 0.654154 0.256686
vt 0.876970 0.242509
vt 0.554785 0.242437
vt 0.774034 0.244952
vt 0.774034 0.254676
vt 0.877115 0.254676
vt 0.867391 0.244952
vt 0.770251 0.254415
vt 0.873333 0.254415
vt 0.772089 0.243007
vt 0.867391 0.243007
vt 0.551040 0.248088
vt 0.551038 0.256224
vt 0.873222 0.256295
vt 0.873224 0.248159
vt 0.549346 0.242365
vt 0.878875 0.242365
vt 0.766304 0.251172
vt 0.766304 0.242232
vt 0.553534 0.242231
vt 0.553534 0.251170
vt 0.762352 0.245707
vt 0.766279 0.254885
vt 0.549788 0.254918
vt 0.549582 0.254614
vt 0.762351 0.254647
vt 0.762326 0.254709
vt 0.765548 0.242292
vt 0.552778 0.242292
vt 0.601065 0.245805
vt 0.601065 0.255507
vt 0.727191 0.255507
vt 0.717489 0.245805
vt 0.858261 0.250700
vt 0.860344 0.242368
vt 0.554402 0.242368
vt 0.554402 0.250701
vt 0.826572 0.245147
vt 0.645418 0.245147
vt 0.654298 0.254028
vt 0.817692 0.254028
vt 0.645393 0.241986
vt 0.826548 0.241986
vt 0.854300 0.255981
vt 0.549105 0.255998
vt 0.898873 0.256221
vt 0.904970 0.249963
vt 0.549373 0.249963
vt 0.551026 0.256141
vt 0.888578 0.254764
vt 0.886633 0.252819
vt 0.781606 0.252819
vt 0.781606 0.254764
vt 0.603064 0.243807
vt 0.717490 0.243808
vt 0.610600 0.245944
vt 0.600902 0.255649
vt 0.727022 0.255605
vt 0.727019 0.245904
vt 0.904970 0.241954
vt 0.610599 0.243946
vt 0.725077 0.243906
vt 0.817711 0.256880
vt 0.654317 0.256879
vt 0.551075 0.248633
vt 0.551073 0.256371
vt 0.934881 0.256462
vt 0.934883 0.248724
vt 0.940473 0.249964
vt 0.940475 0.242226
vt 0.556665 0.249873
vt 0.942098 0.256780
vt 0.549940 0.256780
vt 0.549450 0.241816
vt 0.941607 0.241816
vt 0.551174 0.248854
vt 0.551172 0.256667
vt 0.923066 0.256755
vt 0.923068 0.248941
vt 0.927688 0.250946
vt 0.927689 0.243133
vt 0.555795 0.243045
vt 0.555793 0.250859
vt 0.929326 0.257552
vt 0.929585 0.242249
vt 0.866851 0.254746
vt 0.554297 0.246646
vt 0.554297 0.255830
vt 0.737969 0.255830
vt 0.737969 0.246646
vt 0.829014 0.257091
vt 0.832187 0.253917
vt 0.648516 0.253917
vt 0.645342 0.257091
vt 0.554564 0.246464
vt 0.554564 0.255647
vt 0.738235 0.255647
vt 0.738235 0.246464
vt 0.552708 0.243290
vt 0.736379 0.243290
vt 0.735919 0.252128
vt 0.735919 0.242944
vt 0.552247 0.242944
vt 0.552247 0.252128
vt 0.732745 0.255302
vt 0.549074 0.255302
vt 0.886633 0.243094
vt 0.771881 0.243095
vt 0.832187 0.244734
vt 0.648516 0.244734
vt 0.549575 0.247887
vt 0.549575 0.256244
vt 0.846589 0.256244
vt 0.846589 0.247885
vt 0.552442 0.243473
vt 0.736114 0.243473
vt 0.551300 0.242713
vt 0.851804 0.242669
vt 0.879958 0.249975
vt 0.879958 0.241808
vt 0.554342 0.241809
vt 0.554342 0.249976
vt 0.551681 0.242023
vt 0.549790 0.247696
vt 0.875406 0.247697
vt 0.881125 0.241975
vt 0.878067 0.255649
vt 0.548623 0.255698
vt 0.549791 0.247524
vt 0.549790 0.255691
vt 0.875405 0.255691
vt 0.875405 0.247524
vt 0.880217 0.249562
vt 0.880217 0.241394
vt 0.554602 0.241394
vt 0.554602 0.249561
vt 0.551681 0.241850
vt 0.881124 0.241802
vt 0.878325 0.255235
vt 0.548882 0.255283
vt 0.549790 0.255864
vt 0.875407 0.255864
vt 0.551163 0.247676
vt 0.877347 0.255858
vt 0.877347 0.247676
vt 0.553308 0.248026
vt 0.553308 0.256188
vt 0.878720 0.256211
vt 0.878720 0.248049
vt 0.876756 0.241993
vt 0.552716 0.242314
vt 0.880553 0.242314
vt 0.876273 0.251212
vt 0.876273 0.243030
vt 0.550089 0.243030
vt 0.550089 0.251212
vt 0.878793 0.250708
vt 0.878794 0.242545
vt 0.553382 0.242522
vt 0.553381 0.250684
vt 0.877955 0.256895
vt 0.550680 0.256895
vt 0.879385 0.256420
vt 0.551549 0.256420
vt 0.877721 0.256120
vt 0.876039 0.250437
vt 0.549852 0.250437
vt 0.550443 0.256121
vt 0.876040 0.256138
vt 0.875448 0.250426
vt 0.550038 0.250403
vt 0.548205 0.256138
vt 0.876039 0.242256
vt 0.549852 0.242256
vt 0.875448 0.242264
vt 0.550039 0.242241
vt 0.552716 0.248145
vt 0.552716 0.256327
vt 0.878900 0.256326
vt 0.878900 0.248145
vt 0.551114 0.248154
vt 0.551114 0.256317
vt 0.876523 0.256340
vt 0.876524 0.248177
vt 0.551034 0.242462
vt 0.878310 0.242462
vt 0.550522 0.242442
vt 0.878357 0.242442
vt 0.855999 0.250708
vt 0.864309 0.242398
vt 0.555746 0.242398
vt 0.550205 0.250709
vt 0.860371 0.250852
vt 0.865913 0.242540
vt 0.557248 0.242539
vt 0.554476 0.250853
vt 0.855957 0.256044
vt 0.548419 0.256066
vt 0.858595 0.256181
vt 0.550909 0.256203
vt 0.551148 0.247416
vt 0.551148 0.255794
vt 0.847750 0.255794
vt 0.847750 0.247416
vt 0.848373 0.256003
vt 0.848372 0.247628
vt 0.549248 0.248440
vt 0.549248 0.256804
vt 0.845359 0.256804
vt 0.845359 0.248439
vt 0.549432 0.242254
vt 0.846871 0.242254
vt 0.848312 0.242455
vt 0.549289 0.243272
vt 0.847958 0.243241
vt 0.647165 0.246567
vt 0.647165 0.255172
vt 0.909928 0.255172
vt 0.909927 0.246567
vt 0.646372 0.247197
vt 0.646371 0.255786
vt 0.908604 0.255803
vt 0.908605 0.247214
vt 0.909320 0.241991
vt 0.645762 0.242594
vt 0.910089 0.242594
vt 0.908253 0.251068
vt 0.916871 0.242451
vt 0.652306 0.242451
vt 0.647997 0.251069
vt 0.908219 0.255611
vt 0.645715 0.255635
vt 0.812380 0.250487
vt 0.812380 0.241882
vt 0.549618 0.241882
vt 0.549618 0.250487
vt 0.813757 0.250549
vt 0.813758 0.241955
vt 0.551358 0.241939
vt 0.551357 0.250533
vt 0.814134 0.255063
vt 0.550226 0.255063
vt 0.814295 0.255139
vt 0.549821 0.255139
vt 0.552527 0.246475
vt 0.552527 0.255106
vt 0.817484 0.255106
vt 0.813169 0.246475
vt 0.550766 0.241942
vt 0.812271 0.241942
vt 0.764453 0.254624
vt 0.762639 0.250906
vt 0.549583 0.250910
vt 0.762639 0.241954
vt 0.551409 0.245762
vt 0.764470 0.245761
vt 0.764436 0.242043
vt 0.551409 0.254713
vt 0.764470 0.254713
vt 0.551558 0.245927
vt 0.764616 0.245927
vt 0.764581 0.242208
vt 0.551558 0.254879
vt 0.764615 0.254879
vt 0.764664 0.254596
vt 0.762849 0.250877
vt 0.549789 0.250877
vt 0.549822 0.254596
vt 0.762849 0.241925
vt 0.549789 0.241926
vt 0.646847 0.246824
vt 0.646847 0.255263
vt 0.939705 0.255263
vt 0.935486 0.246824
vt 0.645119 0.241801
vt 0.934604 0.241801
vt 0.840568 0.255845
vt 0.840606 0.250815
vt 0.552430 0.250816
vt 0.549902 0.255874
vt 0.849032 0.242389
vt 0.556643 0.242389
vt 0.646127 0.242022
vt 0.647871 0.246762
vt 0.920048 0.246762
vt 0.919441 0.242021
vt 0.645348 0.241884
vt 0.645880 0.246637
vt 0.917677 0.246654
vt 0.919267 0.241884
vt 0.647871 0.255303
vt 0.920048 0.255303
vt 0.645880 0.255167
vt 0.917676 0.255184
vt 0.918857 0.255346
vt 0.917113 0.250606
vt 0.644936 0.250606
vt 0.645543 0.255346
vt 0.919493 0.255273
vt 0.918887 0.250505
vt 0.647273 0.250487
vt 0.645737 0.255273
vt 0.917113 0.242065
vt 0.644936 0.242065
vt 0.918887 0.241981
vt 0.647274 0.241964
vt 0.841385 0.250477
vt 0.849811 0.242050
vt 0.557427 0.242051
vt 0.553214 0.250477
vt 0.841347 0.255506
vt 0.550686 0.255535
vt 0.645325 0.242173
vt 0.647070 0.246913
vt 0.919244 0.246913
vt 0.918638 0.242172
vt 0.645737 0.241914
vt 0.646344 0.246682
vt 0.917955 0.246699
vt 0.919490 0.241914
vt 0.647070 0.255454
vt 0.919244 0.255454
vt 0.646344 0.255205
vt 0.917954 0.255223
vt 0.925799 0.247060
vt 0.644730 0.247060
vt 0.644730 0.255526
vt 0.925799 0.255526
vt 0.926712 0.247049
vt 0.645646 0.247031
vt 0.645645 0.255497
vt 0.926711 0.255515
vt 0.930731 0.242126
vt 0.646362 0.242165
vt 0.928356 0.242116
vt 0.645119 0.242116
vt 0.645509 0.255190
vt 0.929875 0.255150
vt 0.931507 0.250255
vt 0.650441 0.250256
vt 0.645119 0.255375
vt 0.928356 0.255375
vt 0.927830 0.250460
vt 0.646764 0.250442
vt 0.931507 0.241789
vt 0.650441 0.241790
vt 0.927831 0.241994
vt 0.646764 0.241975
vt 0.877456 0.256143
vt 0.875775 0.250460
vt 0.550184 0.256143
vt 0.878062 0.256156
vt 0.877470 0.250444
vt 0.552062 0.250421
vt 0.550229 0.256156
vt 0.875775 0.242278
vt 0.549595 0.242279
vt 0.877470 0.242281
vt 0.552062 0.242259
vt 0.549514 0.242348
vt 0.551195 0.248031
vt 0.877375 0.248031
vt 0.876786 0.242348
vt 0.549435 0.242846
vt 0.550027 0.248558
vt 0.875435 0.248581
vt 0.877267 0.242846
vt 0.551195 0.256213
vt 0.877375 0.256213
vt 0.550026 0.256720
vt 0.875434 0.256743
vt 0.907864 0.250864
vt 0.916481 0.242246
vt 0.651917 0.242247
vt 0.647608 0.250865
vt 0.907830 0.255406
vt 0.645325 0.255431
vt 0.552700 0.246729
vt 0.552700 0.255360
vt 0.817660 0.255359
vt 0.813345 0.246729
vt 0.550940 0.242195
vt 0.812448 0.242195
vt 0.550945 0.242137
vt 0.815464 0.246712
vt 0.814856 0.242136
vt 0.645853 0.246392
vt 0.908087 0.246409
vt 0.909571 0.241789
vt 0.552701 0.255318
vt 0.815464 0.255318
vt 0.645852 0.254980
vt 0.908086 0.254997
vt 0.814276 0.255438
vt 0.812521 0.250862
vt 0.550366 0.255438
vt 0.909441 0.255297
vt 0.908832 0.250694
vt 0.646599 0.250677
vt 0.645115 0.255297
vt 0.812521 0.242257
vt 0.908832 0.242105
vt 0.646599 0.242089
vt 0.767469 0.254939
vt 0.765654 0.251221
vt 0.552597 0.251221
vt 0.552631 0.254939
vt 0.765654 0.242269
vt 0.552597 0.242269
vt 0.552500 0.242241
vt 0.554315 0.245960
vt 0.767371 0.245960
vt 0.767338 0.242241
vt 0.554315 0.254912
vt 0.767371 0.254912
vt 0.551529 0.245840
vt 0.764585 0.245840
vt 0.764551 0.242122
vt 0.551529 0.254792
vt 0.764585 0.254792
vt 0.762640 0.250960
vt 0.549583 0.250960
vt 0.875589 0.250177
vt 0.875589 0.241995
vt 0.549412 0.250177
vt 0.876720 0.251142
vt 0.876720 0.242980
vt 0.551314 0.242957
vt 0.551314 0.251119
vt 0.550000 0.255860
vt 0.877312 0.256854
vt 0.551584 0.247930
vt 0.551584 0.256112
vt 0.877761 0.256111
vt 0.877761 0.247930
vt 0.550382 0.248033
vt 0.550381 0.256195
vt 0.875788 0.256218
vt 0.875788 0.248056
vt 0.549902 0.242246
vt 0.877172 0.242246
vt 0.877621 0.242321
vt 0.863444 0.250859
vt 0.871724 0.242579
vt 0.557464 0.242579
vt 0.553324 0.250858
vt 0.863402 0.256271
vt 0.550602 0.256303
vt 0.551450 0.248422
vt 0.551450 0.256773
vt 0.851756 0.256774
vt 0.851756 0.248422
vt 0.644730 0.247286
vt 0.644730 0.255671
vt 0.938602 0.255671
vt 0.938602 0.247286
vt 0.549739 0.243191
vt 0.851158 0.243190
vt 0.644770 0.242158
vt 0.940318 0.242138
vt 0.550440 0.242512
vt 0.552122 0.248195
vt 0.878301 0.248195
vt 0.877712 0.242512
vt 0.549789 0.242676
vt 0.550382 0.248388
vt 0.875788 0.248411
vt 0.877621 0.242676
vt 0.878301 0.256377
vt 0.550381 0.256551
vt 0.875788 0.256573
vt 0.875917 0.250189
vt 0.875917 0.242007
vt 0.549739 0.250189
vt 0.876205 0.250871
vt 0.876206 0.242709
vt 0.550799 0.242686
vt 0.550798 0.250848
vt 0.877599 0.255872
vt 0.550327 0.255872
vt 0.876797 0.256583
vt 0.548965 0.256583
vt 0.645719 0.247137
vt 0.645719 0.255527
vt 0.939810 0.255527
vt 0.939810 0.247136
vt 0.939749 0.242004
vt 0.857826 0.250960
vt 0.861991 0.242630
vt 0.556125 0.242630
vt 0.554043 0.250960
vt 0.855182 0.256247
vt 0.550066 0.256263
usemtl Interior_Mat
s off
f 308/407 300/408 302/409 307/410
f 304/411 209/412 210/413 303/414
f 216/415 254/416 253/417 213/418
f 212/419 227/420 228/421 219/422
f 227/423 224/424 223/425 228/426
f 218/427 230/428 229/429 214/430
f 215/431 232/432 231/433 217/434
f 252/435 258/436 257/437 251/438
f 221/439 253/440 254/441 222/442
f 224/424 227/423 252/443 226/444
f 222/442 254/441 234/445 220/446
f 219/422 228/421 230/428 218/427
f 211/447 233/448 253/440 221/439
f 226/444 252/443 251/449 225/450
f 276/451 278/452 279/453 274/454
f 434/455 260/456 259/457 433/458
f 437/457 262/458 261/455 438/456
f 213/418 253/417 232/432 215/431
f 225/450 251/449 228/426 223/425
f 260/421 264/459 263/460 259/420
f 444/461 266/462 265/463 443/464
f 353/455 448/465 449/466 354/458
f 272/467 281/468 282/469 280/470
f 269/471 272/454 280/472 270/473
f 275/472 277/474 276/451 274/454
f 273/475 275/476 274/477 271/478
f 295/479 279/480 297/481 296/482
f 291/483 285/484 283/485 293/486
f 287/487 289/488 290/489 288/490
f 289/491 291/484 292/489 290/492
f 285/493 287/488 288/489 286/492
f 291/483 293/486 294/494 292/490
f 295/479 281/468 272/467 279/480
f 205/495 210/428 209/429 207/496
f 452/458 450/455 315/497 316/498
f 303/414 210/413 308/499 305/500
f 305/500 308/499 307/501 306/502
f 302/409 301/503 309/504 307/410
f 445/505 320/506 319/507 447/508
f 208/509 312/420 311/421 206/510
f 301/503 299/511 310/512 309/504
f 316/513 315/514 317/515 318/516
f 435/455 314/456 313/457 436/458
f 306/502 307/501 209/412 304/411
f 207/496 209/429 312/420 208/509
f 252/435 233/517 256/518 258/436
f 217/434 231/433 254/416 216/415
f 333/519 451/520 454/521 335/522
f 328/523 329/524 331/525 330/526
f 325/527 327/481 329/470 328/528
f 321/529 322/530 327/531 325/532
f 220/446 234/445 233/448 211/447
f 326/533 333/534 335/535 334/536
f 234/537 255/538 256/518 233/517
f 247/539 338/540 337/541 248/542
f 214/430 229/429 227/420 212/419
f 242/419 337/420 338/421 238/422
f 268/543 273/544 271/545 267/546
f 244/419 340/420 339/421 243/422
f 236/495 339/428 340/429 240/547
f 240/547 340/429 341/420 239/548
f 239/548 341/420 342/421 235/510
f 250/549 348/550 347/551 249/552
f 348/553 350/554 349/555 347/556
f 245/557 345/558 346/559 246/560
f 350/554 348/553 346/561 352/562
f 246/560 346/559 340/420 244/419
f 345/563 351/564 352/562 346/561
f 243/422 339/421 345/558 245/557
f 249/552 347/551 338/540 247/539
f 237/427 343/565 344/566 241/430
f 248/542 337/541 348/550 250/549
f 238/422 338/421 343/565 237/427
f 241/430 344/566 337/420 242/419
f 363/546 362/545 361/454 365/471
f 440/457 353/458 354/455 439/456
f 379/485 388/486 385/483 377/484
f 385/483 388/486 387/494 386/490
f 371/451 373/452 372/567 369/568
f 368/472 370/474 371/451 369/568
f 390/479 372/478 391/475 389/569
f 361/477 376/468 375/570 374/476
f 365/471 361/454 374/472 364/473
f 377/491 381/484 382/489 380/492
f 381/483 383/484 384/571 382/572
f 383/491 385/484 386/489 384/492
f 379/485 377/484 380/489 378/573
f 367/481 368/470 369/528 362/527
f 361/477 372/478 390/479 376/468
f 366/543 367/544 362/545 363/546
f 355/421 357/459 360/460 356/420
f 235/510 342/421 339/428 236/495
f 442/455 355/456 356/574 441/420
f 372/567 373/452 392/575 391/576
f 330/526 332/577 451/578 328/523
f 206/510 311/421 210/428 205/495
f 267/546 271/545 272/454 269/471
f 279/453 278/452 298/575 297/576
f 283/485 285/484 286/489 284/573
f 241/579 411/580 407/581 237/582
f 214/583 399/584 403/585 218/586
f 240/587 410/588 406/589 236/590
f 207/591 395/592 393/593 205/594
f 218/595 403/596 404/597 219/598
f 237/599 407/600 408/601 238/602
f 206/603 394/604 396/605 208/606
f 216/607 401/608 402/609 217/610
f 236/611 406/612 405/613 235/614
f 215/615 400/616 398/617 213/618
f 235/619 405/620 409/621 239/622
f 212/623 397/624 399/625 214/626
f 205/627 393/628 394/629 206/630
f 239/631 409/632 410/633 240/634
f 208/635 396/636 395/637 207/638
f 219/639 404/640 397/641 212/642
f 217/643 402/644 400/645 215/646
f 238/647 408/648 412/649 242/650
f 213/651 398/652 401/653 216/654
f 242/655 412/656 411/657 241/658
f 247/659 413/660 415/661 249/662
f 250/663 416/664 414/665 248/666
f 249/667 415/668 416/669 250/670
f 248/671 414/672 413/673 247/674
f 246/675 420/676 419/677 245/678
f 244/679 418/680 420/681 246/682
f 245/683 419/684 417/685 243/686
f 243/687 417/688 418/689 244/690
f 304/691 422/692 424/693 306/694
f 303/695 421/696 422/697 304/698
f 306/699 424/700 423/701 305/702
f 305/703 423/704 421/705 303/706
f 226/707 428/708 426/709 224/710
f 225/711 427/712 428/713 226/714
f 224/715 426/716 425/717 223/718
f 223/719 425/720 427/721 225/722
f 211/723 429/724 430/725 220/726
f 222/727 432/728 431/729 221/730
f 221/731 431/732 429/733 211/734
f 220/735 430/736 432/737 222/738
f 230/455 434/456 433/457 229/458
f 312/455 435/456 436/457 311/458
f 232/457 437/458 438/455 231/456
f 341/457 440/458 439/455 342/456
f 343/455 442/456 441/457 344/458
f 262/739 444/420 443/421 261/740
f 448/461 359/462 358/463 449/464
f 314/420 445/421 447/428 313/429
f 451/578 332/577 336/741 454/531
f 444/461 259/420 263/460 266/462
f 360/460 359/462 448/461 356/420
f 445/505 316/513 318/516 320/506
f 309/458 310/455 450/497 452/498
f 446/742 326/527 334/743 453/744
f 324/745 446/746 453/747 323/748
f 321/529 325/532 446/746 324/745
f 514/749 526/750 519/751 513/752
f 519/753 526/754 527/755 530/756
f 470/757 548/758 557/759 521/760
f 480/761 552/762 572/763 474/764
f 1066/765 468/766 545/767 1068/768
f 473/769 571/770 562/771 479/772
f 492/773 515/774 493/775 525/776
f 455/777 531/778 534/779 464/780
f 555/781 549/782 558/783 557/784
f 1051/785 1052/786 544/787 542/788
f 592/789 593/790 595/791 597/792
f 550/793 570/794 566/795 565/796
f 595/797 601/798 599/799 597/800
f 478/801 582/802 579/803 471/804
f 462/805 509/806 526/750 514/749
f 598/807 599/808 601/809 602/810
f 479/811 562/812 565/813 497/814
f 476/815 574/816 571/817 473/818
f 501/819 568/820 541/821 481/822
f 483/823 559/824 569/825 503/826
f 499/827 566/828 567/829 500/830
f 487/831 592/789 597/792 495/832
f 504/833 570/794 550/793 484/834
f 500/835 567/836 568/837 501/838
f 562/812 561/839 550/840 565/813
f 496/841 598/842 600/837 505/843
f 518/844 457/845 519/753 530/756
f 493/846 529/847 528/848 525/849
f 529/850 530/851 527/852 528/853
f 518/854 530/851 529/850 517/855
f 491/856 520/857 556/858 549/859
f 460/860 492/773 525/776 508/861
f 510/862 555/863 554/864 502/865
f 521/866 557/784 558/783 522/867
f 494/868 516/869 524/870 523/871
f 459/872 461/873 516/869 494/868
f 508/874 525/849 528/848 512/875
f 517/876 529/847 493/846 458/877
f 512/878 528/853 527/852 511/879
f 509/865 511/862 527/755 526/754
f 533/816 536/880 535/881 532/817
f 531/778 537/882 538/883 534/779
f 463/815 533/816 532/817 456/818
f 556/858 547/884 558/885 549/859
f 532/886 535/887 515/888 492/889
f 494/890 523/891 537/892 531/893
f 456/894 532/886 492/889 460/895
f 568/837 567/836 569/825 559/824
f 459/896 494/890 531/893 455/897
f 568/820 559/898 543/899 541/821
f 567/829 566/828 570/900 569/901
f 520/902 467/903 540/904 556/905
f 554/864 555/863 557/759 548/758
f 1072/906 1076/907 533/908 463/909
f 560/910 564/911 563/912 552/913
f 1078/914 1082/915 539/916 466/917
f 1050/918 1051/785 542/788 465/919
f 1076/907 1074/920 536/921 533/908
f 1053/922 1055/923 545/924 468/925
f 491/926 549/782 555/781 510/927
f 1082/915 1080/928 546/929 539/916
f 469/930 522/931 558/885 547/884
f 1055/923 1057/932 553/933 545/924
f 1061/934 514/935 513/936 1063/937
f 556/905 540/904 551/938 547/939
f 1068/768 545/767 553/940 1070/941
f 1059/942 462/943 514/935 1061/934
f 482/944 560/910 552/913 480/945
f 503/946 569/901 570/900 504/947
f 497/948 565/796 566/795 499/949
f 574/816 576/950 575/881 571/817
f 572/951 577/952 578/953 573/954
f 474/955 572/951 573/954 475/956
f 580/957 583/958 584/959 581/960
f 582/802 586/961 585/962 579/803
f 472/963 580/957 581/960 477/964
f 985/965 983/966 590/967 591/968
f 481/969 541/970 580/971 472/972
f 471/973 579/974 560/975 482/976
f 579/974 585/977 564/978 560/975
f 552/762 563/979 577/980 572/763
f 541/970 543/981 583/982 580/971
f 571/770 575/983 561/984 562/771
f 999/985 996/986 594/987 588/988
f 967/989 965/990 593/991 592/992
f 981/993 985/965 591/968 485/994
f 992/995 990/996 589/997 587/998
f 600/837 598/842 602/825 596/824
f 975/999 979/1000 574/1001 476/751
f 963/1002 967/989 592/992 487/1003
f 498/1004 599/808 598/807 496/1005
f 506/1006 601/798 595/797 489/1007
f 993/1008 999/985 588/988 488/1009
f 988/1010 992/995 587/998 486/1011
f 979/1000 977/1012 576/1013 574/1001
f 495/962 597/800 599/799 498/1014
f 490/823 596/824 602/825 507/826
f 507/1015 602/810 601/809 506/1016
f 973/1017 971/1018 586/1019 582/1020
f 969/1021 973/1017 582/1020 478/1022
f 671/1023 666/1024 663/1025 672/1026
f 682/1027 685/1028 690/1029 688/1030
f 621/1031 667/1032 674/1033 614/1034
f 623/1035 630/1036 666/1037 652/1038
f 668/1027 671/1028 672/848 644/849
f 1023/1039 1024/1040 667/1041 621/1042
f 687/1043 681/1044 677/1045 680/1046
f 634/1047 685/1028 682/1027 624/1048
f 655/1049 713/1050 709/1051 633/1052
f 662/1053 663/1054 628/1055 650/1056
f 656/1057 705/1058 706/1059 658/1060
f 651/1047 671/1028 668/1027 615/1048
f 652/1061 666/1024 671/1023 651/1062
f 628/1063 630/1064 629/1065 649/1066
f 1010/1067 1009/1068 676/1069 675/1070
f 648/874 644/849 672/848 661/875
f 660/1071 690/1072 689/1073 659/1074
f 670/1075 642/1076 632/1077 669/1078
f 628/1055 663/1054 666/1037 630/1036
f 665/1079 627/1080 637/1081 664/1082
f 650/1083 628/1063 649/1066 622/1084
f 616/1085 673/1086 644/1087 648/1088
f 673/1086 647/1089 668/1090 644/1087
f 639/1091 686/1092 685/1093 634/1094
f 606/1095 708/1096 711/1097 653/1098
f 645/1099 688/1030 690/1029 660/1100
f 661/1101 672/1026 663/1025 662/1102
f 667/1032 631/1103 646/1104 674/1033
f 620/1105 665/1079 664/1082 618/1106
f 617/1107 670/1075 669/1078 619/1108
f 689/1073 690/1072 685/1093 686/1092
f 1029/1109 1031/1110 670/1111 617/1112
f 1026/1113 1028/1114 673/1115 616/1116
f 1031/1110 1030/1117 642/1118 670/1111
f 1028/1114 1027/1119 647/1120 673/1115
f 1020/1121 1022/1122 665/1123 620/1124
f 1024/1040 1025/1125 631/1126 667/1041
f 1022/1122 1021/1127 627/1128 665/1123
f 687/1129 689/1130 686/1131 681/1132
f 675/1133 676/1134 682/1135 688/1136
f 679/1075 683/1076 684/1077 678/1078
f 613/1137 681/1132 686/1131 639/1098
f 643/1138 687/1043 680/1046 612/1139
f 659/1140 689/1130 687/1129 643/1141
f 625/1142 675/1133 688/1136 645/1143
f 603/1107 679/1075 678/1078 611/1108
f 692/1144 695/1145 696/1146 693/1147
f 694/1148 698/1149 697/1150 691/1151
f 609/1152 694/1148 691/1151 604/1153
f 607/1154 692/1144 693/1147 608/1155
f 693/789 696/790 699/791 702/792
f 704/1156 706/1050 701/1157 700/1132
f 699/1158 703/1159 705/1160 702/1161
f 706/1059 705/1058 703/1162 701/1163
f 636/1164 702/1161 705/1160 656/1165
f 638/1166 703/1159 699/1158 610/1167
f 1006/1168 1004/1169 698/1170 694/1171
f 626/1137 700/1132 701/1157 635/1098
f 1002/1172 1006/1168 694/1171 609/1173
f 635/1174 701/1163 703/1162 638/1175
f 658/1049 706/1050 704/1156 641/1176
f 1008/1177 1010/1067 675/1070 625/1178
f 608/1179 693/789 702/792 636/1180
f 1013/1181 1015/1182 683/1183 679/1184
f 1019/1185 1018/1186 707/1187 710/1188
f 707/1189 712/1190 714/1191 710/1192
f 709/1051 713/1050 711/1097 708/1096
f 713/1193 714/1194 712/1195 711/1196
f 709/1197 708/1198 695/1199 692/1200
f 640/1201 710/1192 714/1191 657/1202
f 653/1203 711/1196 712/1195 654/1204
f 654/1205 712/1190 707/1189 605/1206
f 1011/1207 1013/1181 679/1184 603/1208
f 633/1209 709/1197 692/1200 607/1210
f 657/1211 714/1194 713/1193 655/1212
f 1017/1213 1019/1185 710/1188 640/1214
f 750/824 765/837 766/842 768/825
f 717/1215 720/1216 733/1217 731/1218
f 718/1219 739/1220 740/1221 723/1222
f 727/1223 764/1224 761/1225 763/1226
f 726/1227 729/1228 763/1097 752/1229
f 745/1230 769/1231 767/1232 770/1233
f 732/1234 765/1235 750/1236 735/1237
f 734/1238 732/1239 735/1240 736/1241
f 731/1218 733/1217 738/1242 737/1243
f 721/1244 719/1245 732/1239 734/1238
f 1038/1246 1040/1247 733/1248 720/1249
f 739/1220 744/1250 728/1251 740/1221
f 725/1252 742/1253 741/1254 724/1255
f 1040/1247 1042/1256 738/1257 733/1248
f 759/1258 769/1231 745/1230 716/1259
f 722/1007 753/1006 761/798 751/797
f 760/800 751/797 761/798 764/799
f 755/1156 727/1050 763/1097 729/1228
f 760/1260 734/1261 736/1262 751/1263
f 748/1264 764/1224 727/1223 747/1265
f 762/1266 770/1233 767/1232 757/1267
f 742/1253 730/1268 743/1269 741/1254
f 748/949 749/1270 760/800 764/799
f 768/1271 766/1272 767/1194 769/1195
f 758/826 715/823 750/824 768/825
f 719/1273 754/1274 765/1235 732/1234
f 1034/1275 1032/1276 745/1277 770/1278
f 752/1279 763/1226 761/1225 753/1280
f 1035/1281 1037/1282 742/1283 725/1284
f 747/1049 727/1050 755/1156 746/1176
f 1037/1282 1036/1285 730/1286 742/1283
f 749/1287 721/1288 734/1261 760/1260
f 1044/1289 1048/1290 739/1291 718/1256
f 756/1292 757/1293 767/1194 766/1272
f 1033/1294 1034/1275 770/1278 762/1295
f 754/1296 756/1297 766/842 765/837
f 759/1298 758/1299 768/1271 769/1195
f 1048/1290 1046/1249 744/1300 739/1291
f 789/1301 815/1302 812/1303 817/1304
f 800/1305 812/1306 815/1307 811/1308
f 802/1309 814/1310 788/1311 816/1312
f 797/1313 812/1306 800/1305 782/1314
f 796/1315 817/1304 812/1303 797/1316
f 776/1317 821/1318 820/1319 773/1320
f 1095/1321 1097/1322 818/1323 774/1324
f 794/1325 811/1308 815/1307 792/1326
f 804/931 832/885 827/884 778/930
f 771/1137 835/1228 840/1097 806/1098
f 807/862 833/1327 830/864 801/865
f 803/1328 831/1092 832/1093 804/1329
f 793/948 837/796 842/795 810/949
f 806/1330 840/1331 839/1332 805/1333
f 785/1334 786/1335 800/1336 811/1337
f 791/841 789/842 802/837 790/843
f 802/837 789/842 817/825 814/824
f 784/757 828/758 831/759 803/760
f 818/1338 795/1339 787/1340 813/1341
f 792/1342 815/1302 789/1301 791/1343
f 781/823 814/824 817/825 796/826
f 774/815 818/1338 813/1341 779/1344
f 783/1345 785/1334 811/1337 794/1346
f 790/1347 802/1309 816/1312 780/1348
f 819/1349 823/1350 824/1351 822/1352
f 821/1318 826/1353 825/1354 820/1319
f 775/1355 819/1349 822/1352 777/1356
f 822/1357 824/1358 827/1359 829/1360
f 827/884 832/885 834/859 829/858
f 830/864 833/1327 831/759 828/758
f 833/1361 834/1362 832/1093 831/1092
f 1084/1363 1085/1364 786/1365 785/1366
f 777/1367 822/1357 829/1360 798/1368
f 1089/1369 1091/1370 821/1371 776/1372
f 798/1373 829/858 834/859 809/1374
f 1091/1370 1093/919 826/1375 821/1371
f 809/1376 834/1362 833/1361 807/1377
f 1083/1378 1084/1363 785/1366 783/1379
f 1088/1380 1087/1381 836/1382 837/1383
f 836/793 839/794 842/795 837/796
f 838/1156 841/1050 840/1097 835/1228
f 839/1332 840/1331 841/1272 842/1194
f 808/1049 841/1050 838/1156 799/1176
f 810/1293 842/1194 841/1272 808/1292
f 838/1384 835/1385 823/1386 819/1387
f 799/1388 838/1384 819/1387 775/1389
f 805/833 839/794 836/793 772/834
f 1097/1322 1099/1390 795/1391 818/1323
f 1086/1392 1088/1380 837/1383 793/1393
f 1101/1394 1103/1395 878/1396 849/1397
f 850/1398 862/1399 860/1400 844/1401
f 1104/1392 1105/1402 862/1115 850/1403
f 849/1105 878/1404 876/1082 847/1106
f 853/1405 869/1406 863/1407 851/1408
f 855/1409 871/1410 870/1411 854/1412
f 857/1413 873/1414 872/1415 856/1416
f 862/1399 868/1417 867/1418 860/1400
f 861/1419 865/1420 859/1421 874/1422
f 869/1406 864/1423 866/1424 863/1407
f 872/1415 873/1414 870/1411 871/1410
f 869/864 870/863 873/759 864/758
f 859/846 872/847 871/799 874/800
f 854/862 870/863 869/864 853/865
f 845/1425 861/1419 874/1422 858/1426
f 858/962 874/800 871/799 855/1014
f 856/876 872/847 859/846 843/877
f 852/757 864/758 873/759 857/760
f 878/1404 880/1080 879/1081 876/1082
f 875/1427 881/1428 882/1429 877/1430
f 846/1431 875/1427 877/1430 848/1432
f 1111/1433 1112/1434 881/1435 875/1436
f 1107/1392 1109/1402 861/1437 845/1403
f 1110/1438 1111/1433 875/1436 846/1439
f 1109/1402 1108/1440 865/1441 861/1437
f 1105/1402 1106/1119 868/1442 862/1115
f 1103/1395 1102/1443 880/1444 878/1396
f 926/1445 911/1446 908/1447 923/1448
f 962/807 961/808 959/809 960/810
f 1150/1449 1151/1450 951/1451 952/1452
f 913/1453 903/1454 910/1455 904/1456
f 922/1457 903/1454 913/1453 920/1458
f 1149/1459 1150/1449 952/1452 899/1460
f 892/1461 925/1462 929/1463 889/1464
f 917/1047 959/1028 948/1027 901/1048
f 908/797 910/798 903/799 923/800
f 898/1465 949/1466 957/1467 907/1468
f 890/1469 926/1445 923/1448 914/1470
f 919/1004 961/808 962/807 921/1005
f 930/864 913/863 904/759 905/758
f 930/1471 905/1472 906/1473 927/1474
f 896/757 905/758 904/759 916/760
f 907/1099 957/1030 961/1029 919/1100
f 925/1462 924/1475 928/1039 929/1463
f 920/862 913/863 930/864 909/865
f 909/1476 930/1471 927/1474 891/1477
f 914/962 923/800 903/799 922/1014
f 916/1478 904/1456 910/1455 915/1479
f 915/1006 910/798 908/797 895/1007
f 931/1480 935/1481 936/1482 934/1483
f 933/1484 938/1485 937/1099 932/1486
f 893/1487 933/1484 932/1486 888/1488
f 887/1489 931/1480 934/1483 894/1490
f 940/1491 943/1492 944/1493 942/1494
f 941/1495 946/1496 945/1497 939/1498
f 885/1499 941/1495 939/1498 883/956
f 884/823 940/1491 942/1494 886/1500
f 958/754 962/1501 960/756 953/753
f 934/1502 936/1503 911/1504 926/1505
f 889/1506 929/1507 933/1508 893/1509
f 939/1510 945/1511 924/1512 925/1513
f 883/1514 939/1510 925/1513 892/1515
f 927/1516 906/1517 943/1518 940/1519
f 891/1520 927/1516 940/1519 884/1521
f 948/1027 959/1028 961/1029 957/1030
f 949/1466 950/1522 948/1523 957/1467
f 929/1507 928/1524 938/1525 933/1508
f 1130/1526 1132/1527 955/1528 954/1529
f 894/1530 934/1502 926/1505 890/1531
f 918/1015 960/810 959/809 917/1016
f 902/845 953/753 960/756 918/844
f 1128/1532 1130/1526 954/1529 897/1533
f 921/1140 962/1501 958/754 912/1141
f 1142/1534 1144/1535 946/1536 941/1537
f 1134/1538 1138/1539 949/1540 898/1541
f 1140/1542 1142/1534 941/1537 885/1543
f 1122/1544 1124/1545 956/1546 947/1547
f 1117/1548 1115/1549 935/1550 931/1551
f 1120/1552 1122/1544 947/1547 900/1553
f 1113/1554 1117/1548 931/1551 887/1555
f 1138/1539 1136/1556 950/1557 949/1540
f 581/1558 584/1178 966/1559 968/1560
f 968/1561 966/1562 965/1563 967/1564
f 477/1035 581/1558 968/1560 964/1565
f 964/1566 968/1561 967/1564 963/1567
f 588/1568 594/1569 972/1570 974/1571
f 974/1572 972/1573 971/1574 973/1575
f 488/1576 588/1568 974/1571 970/1577
f 970/1578 974/1572 973/1575 969/1579
f 486/1580 587/1581 980/1582 976/1583
f 976/1584 980/1585 979/1586 975/1587
f 587/1581 589/1588 978/1589 980/1582
f 980/1585 978/1590 977/1591 979/1586
f 573/1592 578/1593 984/1594 986/1595
f 986/1596 984/1597 983/1598 985/1599
f 475/1600 573/1592 986/1595 982/1601
f 982/1602 986/1596 985/1599 981/1603
f 600/1604 596/1605 989/1606 991/1607
f 991/1608 989/1609 990/1610 992/1611
f 505/1612 600/1604 991/1607 987/1613
f 987/1614 991/1608 992/1611 988/1615
f 591/1616 590/1617 998/1618 1001/1619
f 1001/1144 998/1022 997/1620 1000/1621
f 1000/1622 997/1623 996/1624 999/1625
f 485/1626 591/1616 1001/1619 995/1627
f 995/1600 1001/1144 1000/1621 994/1628
f 994/1629 1000/1622 999/1625 993/1630
f 678/1631 684/1632 1005/1633 1007/1634
f 1007/1635 1005/1636 1004/1637 1006/1638
f 611/1457 678/1631 1007/1634 1003/1639
f 1003/1640 1007/1635 1006/1638 1002/1641
f 704/1642 700/1643 1009/1644 1010/1645
f 641/1646 704/1642 1010/1645 1008/1647
f 691/1648 697/1649 1016/1650 1014/1651
f 1014/1652 1016/1653 1015/1654 1013/1655
f 604/1656 691/1648 1014/1651 1012/1657
f 1012/1658 1014/1652 1013/1655 1011/1659
f 680/1660 677/1661 1018/1662 1019/1663
f 612/1664 680/1660 1019/1663 1017/1665
f 622/1666 649/1667 1022/1668 1020/1440
f 649/1667 629/1669 1021/1392 1022/1668
f 619/1392 669/1670 1024/1671 1023/1672
f 669/1670 632/1673 1025/1674 1024/1671
f 618/1227 664/1675 1028/1676 1026/1677
f 664/1675 637/1678 1027/1679 1028/1676
f 614/1680 674/1681 1031/1682 1029/1683
f 674/1681 646/1684 1030/1685 1031/1682
f 741/1686 743/1687 1032/1688 1034/1689
f 724/1690 741/1686 1034/1689 1033/1691
f 746/1692 755/1693 1037/1694 1035/1695
f 755/1693 729/1696 1036/1697 1037/1694
f 723/1698 740/1699 1041/1700 1039/1701
f 1039/1702 1041/1703 1040/1704 1038/1705
f 740/1699 728/1706 1043/1707 1041/1700
f 1041/1703 1043/1708 1042/1709 1040/1704
f 717/1710 731/1711 1049/1712 1045/1713
f 1045/1714 1049/1715 1048/1716 1044/1717
f 731/1711 737/1718 1047/1719 1049/1712
f 1049/1715 1047/1720 1046/1721 1048/1716
f 554/1722 548/1723 1052/1724 1051/1725
f 502/1726 554/1722 1051/1725 1050/1727
f 466/1728 539/1729 1056/1730 1054/1731
f 1054/1732 1056/1733 1055/1734 1053/1735
f 539/1729 546/1736 1058/1737 1056/1730
f 1056/1733 1058/1738 1057/1739 1055/1734
f 540/1740 1062/1741 1064/1742 551/1743
f 1062/1744 1061/1745 1063/1746 1064/1747
f 467/1748 1060/1749 1062/1741 540/1740
f 1060/1750 1059/1751 1061/1745 1062/1744
f 461/1752 1065/1753 1067/1754 516/1755
f 1065/1756 1066/1757 1068/1758 1067/1759
f 516/1755 1067/1754 1069/1760 524/1761
f 1067/1759 1068/1758 1070/1762 1069/1763
f 465/1764 542/1765 1075/1651 1071/1766
f 1071/1767 1075/1768 1076/1769 1072/1770
f 542/1765 544/1771 1073/1772 1075/1651
f 1075/1768 1073/1773 1074/1774 1076/1769
f 464/1775 534/1776 1081/1777 1077/1778
f 1077/1779 1081/1780 1082/1781 1078/1782
f 534/1776 538/1783 1079/1784 1081/1777
f 1081/1780 1079/1785 1080/1786 1082/1781
f 830/1787 828/1788 1085/1789 1084/1790
f 801/1791 830/1787 1084/1790 1083/1792
f 816/1793 788/1794 1087/1795 1088/1796
f 780/1797 816/1793 1088/1796 1086/1798
f 779/1799 813/1793 1092/1800 1090/1801
f 1090/1409 1092/1802 1091/1803 1089/1804
f 813/1793 787/1805 1094/1806 1092/1800
f 1092/1802 1094/1807 1093/1808 1091/1803
f 773/1809 820/1810 1098/1682 1096/1811
f 1096/1812 1098/1813 1097/1814 1095/1815
f 820/1810 825/1816 1100/1294 1098/1682
f 1098/1813 1100/1817 1099/1818 1097/1814
f 851/1819 863/1820 1103/1821 1101/1822
f 863/1820 866/1823 1102/1824 1103/1821
f 848/1825 877/1826 1105/1827 1104/1828
f 877/1826 882/1829 1106/1830 1105/1827
f 847/1137 876/1831 1109/1832 1107/1833
f 876/1831 879/1834 1108/1835 1109/1832
f 860/1836 867/1669 1112/1392 1111/1837
f 844/1674 860/1836 1111/1837 1110/1119
f 952/1838 951/1839 1116/1039 1118/1840
f 1118/1841 1116/1842 1115/1843 1117/1844
f 899/1559 952/1838 1118/1840 1114/1845
f 1114/1846 1118/1841 1117/1844 1113/1005
f 932/1847 937/1848 1123/1849 1121/1850
f 1121/1851 1123/1852 1124/1853 1122/1854
f 888/1855 932/1847 1121/1850 1119/1856
f 1119/1294 1121/1851 1122/1854 1120/1857
f 958/1858 953/1859 1127/1860 1126/1861
f 912/1862 958/1858 1126/1861 1125/1863
f 947/1864 956/1865 1133/1866 1131/1867
f 1147/1868 1148/1869 1132/1870 1130/1871
f 900/1872 947/1864 1131/1867 1129/1873
f 1146/1874 1147/1868 1130/1871 1128/1875
f 886/1876 942/1877 1139/1878 1135/1879
f 1135/1880 1139/1881 1138/1882 1134/1883
f 942/1877 944/950 1137/1884 1139/1878
f 1139/1881 1137/1885 1136/1886 1138/1882
f 954/1887 955/1888 1145/845 1143/1889
f 1143/1890 1145/1891 1144/1892 1142/1893
f 897/1894 954/1887 1143/1889 1141/1895
f 1141/1896 1143/1890 1142/1893 1140/1897
f 1131/1898 1133/1899 1148/1900 1147/1901
f 1129/827 1131/1898 1147/1901 1146/1902
f 1126/1903 1127/1904 1151/1905 1150/1906
f 1125/1907 1126/1903 1150/1906 1149/1908
o Storey01_Ceiling
v 1.210000 2.690003 2.500000
v 6.190000 0.209996 2.500000
v 6.190000 7.290003 2.500000
v 1.210000 4.910000 2.500000
v 0.210000 2.690003 2.500000
v 0.210000 0.209996 2.500000
v 0.210000 4.910000 2.500000
v 0.210000 7.290003 2.500000
v 1.210000 9.890002 2.500000
v 6.190000 7.509996 2.500000
v 0.210000 9.890002 2.500000
v 0.210000 7.509996 2.500000
v 1.210000 12.290003 2.500000
v 6.190000 12.290003 2.500000
v 1.210000 17.110001 2.500000
v 6.190000 12.509996 2.500000
v 6.190000 19.590004 2.500000
v 0.210000 12.509996 2.500000
v 0.210000 14.890002 2.500000
v 1.210000 14.890002 2.500000
v 0.210000 19.590004 2.500000
v 0.210000 17.110001 2.500000
v 6.310000 7.290000 2.500000
v 8.290000 7.290000 2.500000
v 6.310000 2.710000 2.500000
v 8.290000 2.710000 2.500000
v 8.290000 2.590000 2.500000
v 8.290000 0.210000 2.500000
v 6.310000 2.590000 2.500000
v 6.310000 0.210000 2.500000
v 6.310000 12.290000 2.500000
v 8.290000 12.290000 2.500000
v 6.310000 7.510000 2.500000
v 8.290000 7.510000 2.500000
v 6.310000 19.590000 2.500000
v 8.290000 19.590000 2.500000
v 6.310000 15.010000 2.500000
v 8.290000 15.010000 2.500000
v 8.290000 14.889999 2.500000
v 8.290000 12.510000 2.500000
v 6.310000 14.889999 2.500000
v 6.310000 12.510000 2.500000
vt 0.006642 0.450209
vt 0.192801 0.076392
vt 0.359442 0.076392
vt 0.538094 0.450209
vt 0.538095 0.360131
vt 0.164277 0.181479
vt 0.164277 0.001325
vt 0.538094 0.001325
vt 0.359442 0.001328
vt 0.006642 0.001328
vt 0.192801 0.001328
vt 0.272577 0.348990
vt 0.093925 0.348990
vt 0.093925 0.200364
vt 0.272577 0.200364
vt 0.446980 0.096120
vt 0.446980 0.244746
vt 0.088175 0.244746
vt 0.088175 0.096120
vt 0.351935 0.076389
vt 0.351936 0.001325
vt 0.185294 0.001325
vt 0.185294 0.076389
vt 0.437717 0.051260
vt 0.437717 0.199886
vt 0.093925 0.199886
vt 0.093925 0.051260
vt 0.089213 0.360131
vt 0.089213 0.181479
vt 0.431967 0.393850
vt 0.088175 0.393850
vt 0.088175 0.245224
vt 0.431967 0.245224
vt 0.273054 0.348990
vt 0.273054 0.200364
vt 0.451706 0.200364
vt 0.451706 0.348990
usemtl Interior_Mat
s off
f 1153/1909 1152/1910 1155/1911 1154/1912
f 1161/1913 1160/1914 1164/1915 1165/1916
f 1154/1912 1155/1911 1158/1917 1159/1916
f 1152/1910 1153/1909 1157/1918 1156/1919
f 1178/1920 1179/1921 1181/1922 1180/1923
f 1182/1924 1183/1925 1185/1926 1184/1927
f 1166/1928 1173/1929 1172/1916 1168/1912
f 1167/1909 1169/1918 1170/1930 1171/1931
f 1174/1932 1175/1933 1177/1934 1176/1935
f 1160/1914 1161/1913 1163/1936 1162/1937
f 1187/1938 1189/1939 1188/1940 1186/1941
f 1191/1942 1193/1943 1192/1944 1190/1945
f 1168/1912 1167/1909 1171/1931 1166/1928
o Storey02_Floor
v 8.300000 0.200000 2.800000
v 6.300000 0.200000 2.800000
v 0.200000 2.750000 2.800000
v 6.200000 4.299996 2.800000
v 6.200000 19.600000 2.800000
v 0.200000 19.600000 2.800000
v 0.200000 0.200000 2.800000
v 6.200000 0.200000 2.800000
v 6.300000 19.600000 2.800000
v 8.300000 19.600000 2.800000
v 6.200000 7.400000 2.800000
v 0.200000 7.400000 2.800000
v 6.200000 7.300000 2.800000
v 0.200000 7.300000 2.800000
v 4.200000 19.600000 2.800000
v 4.200000 0.200000 2.800000
v 6.200000 12.400000 2.800000
v 0.200000 12.400000 2.800000
v 4.200000 7.400000 2.800000
v 4.200000 7.300000 2.800000
v 4.200000 12.400000 2.800000
v 4.200000 12.500000 2.800000
v 0.200000 12.500000 2.800000
v 6.200000 12.500000 2.800000
v 4.200000 4.299996 2.800000
v 0.200000 9.950000 2.800000
v 0.200000 9.850000 2.800000
v 4.099999 19.600000 2.800000
v 4.099999 0.200000 2.800000
v 4.099999 9.850000 2.800000
v 4.099999 9.950000 2.800000
v 4.099999 12.500000 2.800000
v 4.099999 12.400000 2.800000
v 4.099999 4.199996 2.800000
v 4.099999 7.300000 2.800000
v 4.099999 7.400000 2.800000
v 6.200000 17.150002 2.800000
v 0.200000 17.150002 2.800000
v 4.200000 17.150002 2.800000
v 4.099999 17.150002 2.800000
v 0.200000 17.049999 2.800000
v 6.200000 17.049999 2.800000
v 6.200000 15.499999 2.800000
v 4.200000 15.499999 2.800000
v 4.100000 15.600000 2.800000
v 6.200000 15.600000 2.800000
v 6.200000 4.199996 2.800000
v 6.200000 2.750000 2.800000
v 0.200000 2.650000 2.800000
v 4.099999 2.650000 2.800000
v 4.200000 2.650000 2.800000
v 6.200000 2.650000 2.800000
v 8.300000 6.666667 2.800000
v 8.300000 13.133333 2.800000
v 6.300000 6.666667 2.800000
v 6.300000 13.133333 2.800000
v 4.100000 17.049999 2.800000
v 4.100000 2.750000 2.800000
vt 0.291717 0.958266
vt 0.091792 0.958266
vt 0.091792 0.658380
vt 0.291717 0.658380
vt 0.294132 0.966386
vt 0.094208 0.966386
vt 0.094208 0.666499
vt 0.294132 0.666499
vt 0.515387 0.796249
vt 0.515388 0.996174
vt 0.015576 0.996174
vt 0.015576 0.796250
vt 0.431710 0.930171
vt 0.041857 0.930171
vt 0.041857 0.685264
vt 0.431710 0.685263
vt 0.432722 0.931394
vt 0.042869 0.931395
vt 0.042869 0.686487
vt 0.432721 0.686487
vt 0.353983 0.932114
vt 0.154059 0.932114
vt 0.154059 0.687206
vt 0.353983 0.687206
vt 0.456129 0.606208
vt 0.456129 0.996061
vt 0.146246 0.996061
vt 0.001301 0.606209
vt 0.422026 0.948834
vt 0.032173 0.948835
vt 0.032172 0.703927
vt 0.422025 0.703927
vt 0.382251 0.704302
vt 0.382251 0.949209
vt 0.182327 0.949209
vt 0.182327 0.704302
vt 0.427491 0.660310
vt 0.427491 0.905218
vt 0.037638 0.905219
vt 0.037638 0.660311
vt 0.001317 0.996057
vt 0.001316 0.796133
vt 0.647739 0.796132
vt 0.647739 0.996056
vt 0.001301 0.786136
vt 0.146247 0.786136
vt 0.146392 0.995921
vt 0.001448 0.995921
vt 0.001447 0.786000
vt 0.146392 0.786000
usemtl Interior_Mat
s off
f 1215/1946 1217/1947 1236/1948 1237/1949
f 1218/1950 1197/1951 1206/1952 1213/1953
f 1212/1954 1204/1955 1210/1956 1214/1957
f 1231/1958 1233/1959 1221/1960 1199/1961
f 1219/1962 1224/1963 1226/1964 1211/1965
f 1232/1966 1230/1967 1198/1968 1208/1969
f 1216/1970 1225/1971 1238/1972 1234/1973
f 1205/1974 1229/1975 1223/1976 1220/1977
f 1244/1978 1209/1979 1201/1980 1245/1981
f 1196/1973 1227/1972 1228/1971 1207/1970
f 1242/1982 1200/1983 1222/1984 1243/1985
f 1246/1986 1248/1987 1195/1988 1194/1989
f 1203/1986 1202/1987 1249/1988 1247/1989
f 1247/1986 1249/1987 1248/1988 1246/1989
f 1238/1986 1239/1990 1235/1991 1250/1972
f 1238/1972 1250/1986 1234/1973
f 1227/1992 1251/1993 1241/1994 1240/1995
f 1227/1972 1196/1973 1251/1986
o Storey02_Doors
v 6.280007 1.539998 3.760001
v 6.280007 1.679999 3.760001
v 6.290008 1.679999 3.760001
v 6.290008 1.539998 3.760001
v 6.290008 1.679999 3.780002
v 6.290008 1.539998 3.780002
v 6.280007 1.679999 3.780002
v 6.280007 1.539998 3.780002
v 6.180014 1.679999 3.780002
v 6.180014 1.679999 3.760005
v 6.170014 1.679999 3.760005
v 6.170014 1.679999 3.780002
v 6.170014 1.539998 3.760005
v 6.170014 1.539998 3.780002
v 6.180014 1.539998 3.780002
v 6.180014 1.539998 3.760005
v 6.253008 1.631998 3.838002
v 6.253008 1.687998 3.838002
v 6.250008 1.689999 3.840003
v 6.250008 1.629998 3.840003
v 6.210015 1.629998 3.840003
v 6.210015 1.689999 3.840003
v 6.207015 1.687998 3.838002
v 6.207015 1.631998 3.838002
v 6.253008 1.631998 3.662001
v 6.250008 1.629998 3.660000
v 6.207015 1.631998 3.662004
v 6.210015 1.629998 3.660004
v 6.210015 1.689999 3.660004
v 6.207015 1.687998 3.662004
v 6.253008 1.687998 3.662001
v 6.250008 1.689999 3.660000
v 6.280007 1.653999 3.776002
v 6.280007 1.665998 3.776002
v 6.253008 1.665998 3.776002
v 6.253008 1.653999 3.776002
v 6.280007 1.665998 3.764002
v 6.253008 1.665998 3.764002
v 6.180014 1.653999 3.764002
v 6.180014 1.665998 3.764002
v 6.207015 1.665998 3.764002
v 6.207015 1.653999 3.764002
v 6.253008 1.653999 3.764002
v 6.280007 1.653999 3.764002
v 6.207015 1.653999 3.776002
v 6.207015 1.665998 3.776002
v 6.180014 1.665998 3.776002
v 6.180014 1.653999 3.776002
v 6.250020 1.709997 4.910002
v 6.250020 0.809997 4.910002
v 6.249999 0.809998 2.810000
v 6.250000 1.709998 2.810000
v 6.210024 1.709997 4.910007
v 6.210005 1.709998 2.810005
v 6.210005 0.809998 2.810000
v 6.210024 0.809997 4.910002
v 4.920001 2.769987 3.760001
v 4.780000 2.769987 3.760001
v 4.780000 2.779987 3.760001
v 4.920001 2.779987 3.760001
v 4.780000 2.779987 3.780002
v 4.920001 2.779987 3.780002
v 4.780000 2.769987 3.780002
v 4.920001 2.769987 3.780002
v 4.780000 2.669992 3.780002
v 4.780000 2.669992 3.760005
v 4.780000 2.659992 3.760005
v 4.780000 2.659992 3.780002
v 4.920001 2.659992 3.760005
v 4.920001 2.659992 3.780002
v 4.920001 2.669992 3.780002
v 4.920001 2.669992 3.760005
v 4.828001 2.742985 3.838002
v 4.772001 2.742985 3.838002
v 4.770000 2.739986 3.840003
v 4.830000 2.739986 3.840003
v 4.830000 2.699993 3.840003
v 4.770000 2.699993 3.840003
v 4.772001 2.696993 3.838002
v 4.828001 2.696993 3.838002
v 4.828001 2.742985 3.662001
v 4.830000 2.739986 3.660000
v 4.828001 2.696993 3.662004
v 4.830000 2.699993 3.660004
v 4.770000 2.699993 3.660004
v 4.772001 2.696993 3.662004
v 4.772001 2.742985 3.662001
v 4.770000 2.739986 3.660000
v 4.806000 2.769987 3.776002
v 4.794001 2.769987 3.776002
v 4.794001 2.742985 3.776002
v 4.806000 2.742985 3.776002
v 4.794001 2.769987 3.764002
v 4.794001 2.742985 3.764002
v 4.806000 2.669992 3.764002
v 4.794001 2.669992 3.764002
v 4.794001 2.696993 3.764002
v 4.806000 2.696993 3.764002
v 4.806000 2.742985 3.764002
v 4.806000 2.769987 3.764002
v 4.806000 2.696993 3.776002
v 4.794001 2.696993 3.776002
v 4.794001 2.669992 3.776002
v 4.806000 2.669992 3.776002
v 4.750001 2.739998 4.910002
v 5.650002 2.739998 4.910002
v 5.650001 2.739977 2.810000
v 4.750001 2.739978 2.810000
v 4.750001 2.700001 4.910006
v 4.750001 2.699982 2.810005
v 5.650001 2.699984 2.810000
v 5.650002 2.700003 4.910002
v 6.280007 8.639996 3.760001
v 6.280007 8.779997 3.760001
v 6.290008 8.779997 3.760001
v 6.290008 8.639996 3.760001
v 6.290008 8.779997 3.780002
v 6.290008 8.639996 3.780002
v 6.280007 8.779997 3.780002
v 6.280007 8.639996 3.780002
v 6.180014 8.779997 3.780002
v 6.180014 8.779997 3.760005
v 6.170014 8.779997 3.760005
v 6.170014 8.779997 3.780002
v 6.170014 8.639996 3.760005
v 6.170014 8.639996 3.780002
v 6.180014 8.639996 3.780002
v 6.180014 8.639996 3.760005
v 6.253008 8.731997 3.838002
v 6.253008 8.787996 3.838002
v 6.250008 8.789997 3.840003
v 6.250008 8.729996 3.840003
v 6.210015 8.729996 3.840003
v 6.210015 8.789997 3.840003
v 6.207015 8.787996 3.838002
v 6.207015 8.731997 3.838002
v 6.253008 8.731997 3.662001
v 6.250008 8.729996 3.660000
v 6.207015 8.731997 3.662004
v 6.210015 8.729996 3.660004
v 6.210015 8.789997 3.660004
v 6.207015 8.787996 3.662004
v 6.253008 8.787996 3.662001
v 6.250008 8.789997 3.660000
v 6.280007 8.753998 3.776002
v 6.280007 8.765997 3.776002
v 6.253008 8.765997 3.776002
v 6.253008 8.753998 3.776002
v 6.280007 8.765997 3.764002
v 6.253008 8.765997 3.764002
v 6.180014 8.753998 3.764002
v 6.180014 8.765997 3.764002
v 6.207015 8.765997 3.764002
v 6.207015 8.753998 3.764002
v 6.253008 8.753998 3.764002
v 6.280007 8.753998 3.764002
v 6.207015 8.753998 3.776002
v 6.207015 8.765997 3.776002
v 6.180014 8.765997 3.776002
v 6.180014 8.753998 3.776002
v 6.250020 8.809996 4.910002
v 6.250020 7.909995 4.910002
v 6.249999 7.909996 2.810000
v 6.250000 8.809996 2.810000
v 6.210024 8.809996 4.910007
v 6.210005 8.809996 2.810005
v 6.210005 7.909996 2.810000
v 6.210024 7.909995 4.910002
v 6.180017 11.160002 3.760001
v 6.180017 11.020000 3.760001
v 6.170016 11.020000 3.760001
v 6.170016 11.160002 3.760001
v 6.170016 11.020000 3.780002
v 6.170016 11.160002 3.780002
v 6.180017 11.020000 3.780002
v 6.180017 11.160002 3.780002
v 6.280010 11.020000 3.780002
v 6.280010 11.020000 3.760005
v 6.290010 11.020000 3.760005
v 6.290010 11.020000 3.780002
v 6.290010 11.160002 3.760005
v 6.290010 11.160002 3.780002
v 6.280010 11.160002 3.780002
v 6.280010 11.160002 3.760005
v 6.207016 11.068001 3.838002
v 6.207016 11.012001 3.838002
v 6.210016 11.010000 3.840003
v 6.210016 11.070002 3.840003
v 6.250009 11.070002 3.840003
v 6.250009 11.010000 3.840003
v 6.253009 11.012001 3.838002
v 6.253009 11.068001 3.838002
v 6.207016 11.068001 3.662001
v 6.210016 11.070002 3.660000
v 6.253009 11.068001 3.662004
v 6.250009 11.070002 3.660004
v 6.250009 11.010000 3.660004
v 6.253009 11.012001 3.662004
v 6.207016 11.012001 3.662001
v 6.210016 11.010000 3.660000
v 6.180017 11.046000 3.776002
v 6.180017 11.034000 3.776002
v 6.207016 11.034000 3.776002
v 6.207016 11.046000 3.776002
v 6.180017 11.034000 3.764002
v 6.207016 11.034000 3.764002
v 6.280010 11.046000 3.764002
v 6.280010 11.034000 3.764002
v 6.253009 11.034000 3.764002
v 6.253009 11.046000 3.764002
v 6.207016 11.046000 3.764002
v 6.180017 11.046000 3.764002
v 6.253009 11.046000 3.776002
v 6.253009 11.034000 3.776002
v 6.280010 11.034000 3.776002
v 6.280010 11.046000 3.776002
v 6.210004 10.990002 4.910002
v 6.210003 11.890002 4.910002
v 6.210024 11.890001 2.810000
v 6.210024 10.990002 2.810000
v 6.250000 10.990002 4.910007
v 6.250019 10.990002 2.810005
v 6.250018 11.890001 2.810000
v 6.249999 11.890002 4.910002
v 6.180017 18.260000 3.760001
v 6.180017 18.119997 3.760001
v 6.170016 18.119997 3.760001
v 6.170016 18.260000 3.760001
v 6.170016 18.119997 3.780002
v 6.170016 18.260000 3.780002
v 6.180017 18.119997 3.780002
v 6.180017 18.260000 3.780002
v 6.280010 18.119997 3.780002
v 6.280010 18.119997 3.760005
v 6.290010 18.119997 3.760005
v 6.290010 18.119997 3.780002
v 6.290010 18.260000 3.760005
v 6.290010 18.260000 3.780002
v 6.280010 18.260000 3.780002
v 6.280010 18.260000 3.760005
v 6.207016 18.167997 3.838002
v 6.207016 18.111998 3.838002
v 6.210016 18.109999 3.840003
v 6.210016 18.170000 3.840003
v 6.250009 18.170000 3.840003
v 6.250009 18.109999 3.840003
v 6.253009 18.111998 3.838002
v 6.253009 18.167997 3.838002
v 6.207016 18.167997 3.662001
v 6.210016 18.170000 3.660000
v 6.253009 18.167997 3.662004
v 6.250009 18.170000 3.660004
v 6.250009 18.109999 3.660004
v 6.253009 18.111998 3.662004
v 6.207016 18.111998 3.662001
v 6.210016 18.109999 3.660000
v 6.180017 18.145998 3.776002
v 6.180017 18.133997 3.776002
v 6.207016 18.133997 3.776002
v 6.207016 18.145998 3.776002
v 6.180017 18.133997 3.764002
v 6.207016 18.133997 3.764002
v 6.280010 18.145998 3.764002
v 6.280010 18.133997 3.764002
v 6.253009 18.133997 3.764002
v 6.253009 18.145998 3.764002
v 6.207016 18.145998 3.764002
v 6.180017 18.145998 3.764002
v 6.253009 18.145998 3.776002
v 6.253009 18.133997 3.776002
v 6.280010 18.133997 3.776002
v 6.280010 18.145998 3.776002
v 6.210004 18.089998 4.910002
v 6.210003 18.990000 4.910002
v 6.210024 18.990000 2.810000
v 6.210024 18.089998 2.810000
v 6.250000 18.089998 4.910007
v 6.250019 18.089998 2.810005
v 6.250018 18.990000 2.810000
v 6.249999 18.990000 4.910002
v 7.020001 19.680010 3.760001
v 6.879998 19.680012 3.760001
v 6.879998 19.690012 3.760001
v 7.020001 19.690012 3.760001
v 6.879998 19.690012 3.780002
v 7.020001 19.690012 3.780002
v 6.879998 19.680012 3.780002
v 7.020001 19.680010 3.780002
v 6.879998 19.580019 3.780002
v 6.879998 19.580019 3.760005
v 6.879998 19.570019 3.760005
v 6.879998 19.570019 3.780002
v 7.020001 19.570017 3.760005
v 7.020001 19.570017 3.780002
v 7.020001 19.580017 3.780002
v 7.020001 19.580017 3.760005
v 6.927999 19.653013 3.838002
v 6.871999 19.653013 3.838002
v 6.870000 19.650013 3.840003
v 6.930001 19.650013 3.840003
v 6.930001 19.610020 3.840003
v 6.870000 19.610020 3.840003
v 6.871999 19.607019 3.838002
v 6.927999 19.607019 3.838002
v 6.927999 19.653013 3.662001
v 6.930001 19.650013 3.660000
v 6.927999 19.607019 3.662004
v 6.930001 19.610020 3.660004
v 6.870000 19.610020 3.660004
v 6.871999 19.607019 3.662004
v 6.871999 19.653013 3.662001
v 6.870000 19.650013 3.660000
v 6.905999 19.680012 3.776002
v 6.893998 19.680012 3.776002
v 6.893998 19.653013 3.776002
v 6.905999 19.653013 3.776002
v 6.893998 19.680012 3.764002
v 6.893998 19.653013 3.764002
v 6.905999 19.580019 3.764002
v 6.893998 19.580019 3.764002
v 6.893998 19.607019 3.764002
v 6.905999 19.607019 3.764002
v 6.905999 19.653013 3.764002
v 6.905999 19.680012 3.764002
v 6.905999 19.607019 3.776002
v 6.893998 19.607019 3.776002
v 6.893998 19.580019 3.776002
v 6.905999 19.580019 3.776002
v 6.849999 19.650024 4.910002
v 7.750001 19.650024 4.910002
v 7.750001 19.650003 2.810000
v 6.849999 19.650003 2.810000
v 6.849999 19.610029 4.910007
v 6.849999 19.610010 2.810005
v 7.750001 19.610010 2.810000
v 7.750001 19.610029 4.910002
v 2.960001 2.769987 3.760001
v 2.819999 2.769987 3.760001
v 2.819999 2.779987 3.760001
v 2.960001 2.779987 3.760001
v 2.819999 2.779987 3.780002
v 2.960001 2.779987 3.780002
v 2.819999 2.769987 3.780002
v 2.960001 2.769987 3.780002
v 2.819999 2.669992 3.780002
v 2.819999 2.669992 3.760005
v 2.819999 2.659992 3.760005
v 2.819999 2.659992 3.780002
v 2.960001 2.659992 3.760005
v 2.960001 2.659992 3.780002
v 2.960001 2.669992 3.780002
v 2.960001 2.669992 3.760005
v 2.868001 2.742985 3.838002
v 2.812000 2.742985 3.838002
v 2.809999 2.739986 3.840003
v 2.869999 2.739986 3.840003
v 2.869999 2.699993 3.840003
v 2.809999 2.699993 3.840003
v 2.812000 2.696993 3.838002
v 2.868001 2.696993 3.838002
v 2.868001 2.742985 3.662001
v 2.869999 2.739986 3.660000
v 2.868001 2.696993 3.662004
v 2.869999 2.699993 3.660004
v 2.809999 2.699993 3.660004
v 2.812000 2.696993 3.662004
v 2.812000 2.742985 3.662001
v 2.809999 2.739986 3.660000
v 2.845999 2.769987 3.776002
v 2.834001 2.769987 3.776002
v 2.834001 2.742985 3.776002
v 2.845999 2.742985 3.776002
v 2.834001 2.769987 3.764002
v 2.834001 2.742985 3.764002
v 2.845999 2.669992 3.764002
v 2.834001 2.669992 3.764002
v 2.834001 2.696993 3.764002
v 2.845999 2.696993 3.764002
v 2.845999 2.742985 3.764002
v 2.845999 2.769987 3.764002
v 2.845999 2.696993 3.776002
v 2.834001 2.696993 3.776002
v 2.834001 2.669992 3.776002
v 2.845999 2.669992 3.776002
v 2.790000 2.739998 4.910002
v 3.690001 2.739998 4.910002
v 3.690001 2.739977 2.810000
v 2.790000 2.739978 2.810000
v 2.790000 2.700001 4.910006
v 2.790000 2.699982 2.810005
v 3.690001 2.699984 2.810000
v 3.690001 2.700003 4.910002
v 4.920002 4.320006 3.760001
v 4.780001 4.320006 3.760001
v 4.780001 4.330007 3.760001
v 4.920002 4.330007 3.760001
v 4.780001 4.330007 3.780002
v 4.920002 4.330007 3.780002
v 4.780001 4.320006 3.780002
v 4.920002 4.320006 3.780002
v 4.780001 4.220012 3.780002
v 4.780001 4.220012 3.760005
v 4.780001 4.210011 3.760005
v 4.780001 4.210011 3.780002
v 4.920002 4.210011 3.760005
v 4.920002 4.210011 3.780002
v 4.920002 4.220012 3.780002
v 4.920002 4.220012 3.760005
v 4.828002 4.293005 3.838002
v 4.772002 4.293005 3.838002
v 4.770001 4.290006 3.840003
v 4.830001 4.290006 3.840003
v 4.830001 4.250012 3.840003
v 4.770001 4.250012 3.840003
v 4.772002 4.247012 3.838002
v 4.828002 4.247012 3.838002
v 4.828002 4.293005 3.662001
v 4.830001 4.290006 3.660000
v 4.828002 4.247012 3.662004
v 4.830001 4.250012 3.660004
v 4.770001 4.250012 3.660004
v 4.772002 4.247012 3.662004
v 4.772002 4.293005 3.662001
v 4.770001 4.290006 3.660000
v 4.806001 4.320006 3.776002
v 4.794002 4.320006 3.776002
v 4.794002 4.293005 3.776002
v 4.806001 4.293005 3.776002
v 4.794002 4.320006 3.764002
v 4.794002 4.293005 3.764002
v 4.806001 4.220012 3.764002
v 4.794002 4.220012 3.764002
v 4.794002 4.247012 3.764002
v 4.806001 4.247012 3.764002
v 4.806001 4.293005 3.764002
v 4.806001 4.320006 3.764002
v 4.806001 4.247012 3.776002
v 4.794002 4.247012 3.776002
v 4.794002 4.220012 3.776002
v 4.806001 4.220012 3.776002
v 4.750002 4.290017 4.910002
v 5.650003 4.290017 4.910002
v 5.650002 4.289996 2.810000
v 4.750002 4.289997 2.810000
v 4.750002 4.250021 4.910006
v 4.750002 4.250002 2.810005
v 5.650002 4.250003 2.810000
v 5.650003 4.250022 4.910002
v 2.960003 7.420005 3.760001
v 2.820001 7.420005 3.760001
v 2.820001 7.430006 3.760001
v 2.960003 7.430006 3.760001
v 2.820001 7.430006 3.780002
v 2.960003 7.430006 3.780002
v 2.820001 7.420005 3.780002
v 2.960003 7.420005 3.780002
v 2.820001 7.320011 3.780002
v 2.820001 7.320011 3.760005
v 2.820001 7.310010 3.760005
v 2.820001 7.310010 3.780002
v 2.960003 7.310010 3.760005
v 2.960003 7.310010 3.780002
v 2.960003 7.320011 3.780002
v 2.960003 7.320011 3.760005
v 2.868003 7.393004 3.838002
v 2.812002 7.393004 3.838002
v 2.810001 7.390005 3.840003
v 2.870002 7.390005 3.840003
v 2.870002 7.350011 3.840003
v 2.810001 7.350011 3.840003
v 2.812002 7.347011 3.838002
v 2.868003 7.347011 3.838002
v 2.868003 7.393004 3.662001
v 2.870002 7.390005 3.660000
v 2.868003 7.347011 3.662004
v 2.870002 7.350011 3.660004
v 2.810001 7.350011 3.660004
v 2.812002 7.347011 3.662004
v 2.812002 7.393004 3.662001
v 2.810001 7.390005 3.660000
v 2.846001 7.420005 3.776002
v 2.834002 7.420005 3.776002
v 2.834002 7.393004 3.776002
v 2.846001 7.393004 3.776002
v 2.834002 7.420005 3.764002
v 2.834002 7.393004 3.764002
v 2.846001 7.320011 3.764002
v 2.834002 7.320011 3.764002
v 2.834002 7.347011 3.764002
v 2.846001 7.347011 3.764002
v 2.846001 7.393004 3.764002
v 2.846001 7.420005 3.764002
v 2.846001 7.347011 3.776002
v 2.834002 7.347011 3.776002
v 2.834002 7.320011 3.776002
v 2.846001 7.320011 3.776002
v 2.790003 7.390016 4.910002
v 3.690003 7.390016 4.910002
v 3.690002 7.389995 2.810000
v 2.790003 7.389996 2.810000
v 2.790003 7.350020 4.910006
v 2.790003 7.350001 2.810005
v 3.690002 7.350002 2.810000
v 3.690003 7.350021 4.910002
v 2.960003 12.480016 3.760001
v 2.820001 12.480016 3.760001
v 2.820001 12.490016 3.760001
v 2.960003 12.490016 3.760001
v 2.820001 12.490016 3.780002
v 2.960003 12.490016 3.780002
v 2.820001 12.480016 3.780002
v 2.960003 12.480016 3.780002
v 2.820001 12.380021 3.780002
v 2.820001 12.380021 3.760005
v 2.820001 12.370021 3.760005
v 2.820001 12.370021 3.780002
v 2.960003 12.370021 3.760005
v 2.960003 12.370021 3.780002
v 2.960003 12.380021 3.780002
v 2.960003 12.380021 3.760005
v 2.868003 12.453014 3.838002
v 2.812002 12.453014 3.838002
v 2.810001 12.450015 3.840003
v 2.870002 12.450015 3.840003
v 2.870002 12.410022 3.840003
v 2.810001 12.410022 3.840003
v 2.812002 12.407022 3.838002
v 2.868003 12.407022 3.838002
v 2.868003 12.453014 3.662001
v 2.870002 12.450015 3.660000
v 2.868003 12.407022 3.662004
v 2.870002 12.410022 3.660004
v 2.810001 12.410022 3.660004
v 2.812002 12.407022 3.662004
v 2.812002 12.453014 3.662001
v 2.810001 12.450015 3.660000
v 2.846001 12.480016 3.776002
v 2.834002 12.480016 3.776002
v 2.834002 12.453014 3.776002
v 2.846001 12.453014 3.776002
v 2.834002 12.480016 3.764002
v 2.834002 12.453014 3.764002
v 2.846001 12.380021 3.764002
v 2.834002 12.380021 3.764002
v 2.834002 12.407022 3.764002
v 2.846001 12.407022 3.764002
v 2.846001 12.453014 3.764002
v 2.846001 12.480016 3.764002
v 2.846001 12.407022 3.776002
v 2.834002 12.407022 3.776002
v 2.834002 12.380021 3.776002
v 2.846001 12.380021 3.776002
v 2.790003 12.450027 4.910002
v 3.690003 12.450027 4.910002
v 3.690002 12.450006 2.810000
v 2.790003 12.450006 2.810000
v 2.790003 12.410030 4.910006
v 2.790003 12.410011 2.810005
v 3.690002 12.410012 2.810000
v 3.690003 12.410031 4.910002
v 4.920002 15.580015 3.760001
v 4.780001 15.580015 3.760001
v 4.780001 15.590015 3.760001
v 4.920002 15.590015 3.760001
v 4.780001 15.590015 3.780002
v 4.920002 15.590015 3.780002
v 4.780001 15.580015 3.780002
v 4.920002 15.580015 3.780002
v 4.780001 15.480021 3.780002
v 4.780001 15.480021 3.760005
v 4.780001 15.470020 3.760005
v 4.780001 15.470020 3.780002
v 4.920002 15.470020 3.760005
v 4.920002 15.470020 3.780002
v 4.920002 15.480021 3.780002
v 4.920002 15.480021 3.760005
v 4.828002 15.553013 3.838002
v 4.772002 15.553013 3.838002
v 4.770001 15.550014 3.840003
v 4.830001 15.550014 3.840003
v 4.830001 15.510021 3.840003
v 4.770001 15.510021 3.840003
v 4.772002 15.507021 3.838002
v 4.828002 15.507021 3.838002
v 4.828002 15.553013 3.662001
v 4.830001 15.550014 3.660000
v 4.828002 15.507021 3.662004
v 4.830001 15.510021 3.660004
v 4.770001 15.510021 3.660004
v 4.772002 15.507021 3.662004
v 4.772002 15.553013 3.662001
v 4.770001 15.550014 3.660000
v 4.806001 15.580015 3.776002
v 4.794002 15.580015 3.776002
v 4.794002 15.553013 3.776002
v 4.806001 15.553013 3.776002
v 4.794002 15.580015 3.764002
v 4.794002 15.553013 3.764002
v 4.806001 15.480021 3.764002
v 4.794002 15.480021 3.764002
v 4.794002 15.507021 3.764002
v 4.806001 15.507021 3.764002
v 4.806001 15.553013 3.764002
v 4.806001 15.580015 3.764002
v 4.806001 15.507021 3.776002
v 4.794002 15.507021 3.776002
v 4.794002 15.480021 3.776002
v 4.806001 15.480021 3.776002
v 4.750002 15.550026 4.910002
v 5.650003 15.550026 4.910002
v 5.650002 15.550005 2.810000
v 4.750002 15.550007 2.810000
v 4.750002 15.510029 4.910006
v 4.750002 15.510010 2.810005
v 5.650002 15.510012 2.810000
v 5.650003 15.510031 4.910002
v 4.920001 17.130011 3.760001
v 4.780000 17.130011 3.760001
v 4.780000 17.140011 3.760001
v 4.920001 17.140011 3.760001
v 4.780000 17.140011 3.780002
v 4.920001 17.140011 3.780002
v 4.780000 17.130011 3.780002
v 4.920001 17.130011 3.780002
v 4.780000 17.030016 3.780002
v 4.780000 17.030016 3.760005
v 4.780000 17.020016 3.760005
v 4.780000 17.020016 3.780002
v 4.920001 17.020016 3.760005
v 4.920001 17.020016 3.780002
v 4.920001 17.030016 3.780002
v 4.920001 17.030016 3.760005
v 4.828001 17.103008 3.838002
v 4.772001 17.103008 3.838002
v 4.770000 17.100010 3.840003
v 4.830000 17.100010 3.840003
v 4.830000 17.060017 3.840003
v 4.770000 17.060017 3.840003
v 4.772001 17.057016 3.838002
v 4.828001 17.057016 3.838002
v 4.828001 17.103008 3.662001
v 4.830000 17.100010 3.660000
v 4.828001 17.057016 3.662004
v 4.830000 17.060017 3.660004
v 4.770000 17.060017 3.660004
v 4.772001 17.057016 3.662004
v 4.772001 17.103008 3.662001
v 4.770000 17.100010 3.660000
v 4.806000 17.130011 3.776002
v 4.794001 17.130011 3.776002
v 4.794001 17.103008 3.776002
v 4.806000 17.103008 3.776002
v 4.794001 17.130011 3.764002
v 4.794001 17.103008 3.764002
v 4.806000 17.030016 3.764002
v 4.794001 17.030016 3.764002
v 4.794001 17.057016 3.764002
v 4.806000 17.057016 3.764002
v 4.806000 17.103008 3.764002
v 4.806000 17.130011 3.764002
v 4.806000 17.057016 3.776002
v 4.794001 17.057016 3.776002
v 4.794001 17.030016 3.776002
v 4.806000 17.030016 3.776002
v 4.750001 17.100021 4.910002
v 5.650002 17.100021 4.910002
v 5.650001 17.100002 2.810000
v 4.750001 17.100002 2.810000
v 4.750001 17.060024 4.910006
v 4.750001 17.060005 2.810005
v 5.650001 17.060009 2.810000
v 5.650002 17.060028 4.910002
v 2.960001 17.130011 3.760001
v 2.819999 17.130011 3.760001
v 2.819999 17.140011 3.760001
v 2.960001 17.140011 3.760001
v 2.819999 17.140011 3.780002
v 2.960001 17.140011 3.780002
v 2.819999 17.130011 3.780002
v 2.960001 17.130011 3.780002
v 2.819999 17.030016 3.780002
v 2.819999 17.030016 3.760005
v 2.819999 17.020016 3.760005
v 2.819999 17.020016 3.780002
v 2.960001 17.020016 3.760005
v 2.960001 17.020016 3.780002
v 2.960001 17.030016 3.780002
v 2.960001 17.030016 3.760005
v 2.868001 17.103008 3.838002
v 2.812000 17.103008 3.838002
v 2.809999 17.100010 3.840003
v 2.869999 17.100010 3.840003
v 2.869999 17.060017 3.840003
v 2.809999 17.060017 3.840003
v 2.812000 17.057016 3.838002
v 2.868001 17.057016 3.838002
v 2.868001 17.103008 3.662001
v 2.869999 17.100010 3.660000
v 2.868001 17.057016 3.662004
v 2.869999 17.060017 3.660004
v 2.809999 17.060017 3.660004
v 2.812000 17.057016 3.662004
v 2.812000 17.103008 3.662001
v 2.809999 17.100010 3.660000
v 2.845999 17.130011 3.776002
v 2.834001 17.130011 3.776002
v 2.834001 17.103008 3.776002
v 2.845999 17.103008 3.776002
v 2.834001 17.130011 3.764002
v 2.834001 17.103008 3.764002
v 2.845999 17.030016 3.764002
v 2.834001 17.030016 3.764002
v 2.834001 17.057016 3.764002
v 2.845999 17.057016 3.764002
v 2.845999 17.103008 3.764002
v 2.845999 17.130011 3.764002
v 2.845999 17.057016 3.776002
v 2.834001 17.057016 3.776002
v 2.834001 17.030016 3.776002
v 2.845999 17.030016 3.776002
v 2.790000 17.100021 4.910002
v 3.690001 17.100021 4.910002
v 3.690001 17.100002 2.810000
v 2.790000 17.100002 2.810000
v 2.790000 17.060024 4.910006
v 2.790000 17.060005 2.810005
v 3.690001 17.060009 2.810000
v 3.690001 17.060028 4.910002
vt 0.807924 0.723564
vt 0.807924 0.572636
vt 0.818705 0.572638
vt 0.818704 0.723568
vt 0.840268 0.572639
vt 0.840266 0.723569
vt 0.818706 0.561857
vt 0.840269 0.561857
vt 0.851048 0.572640
vt 0.851047 0.723568
vt 0.825668 0.565198
vt 0.847225 0.565198
vt 0.847226 0.575976
vt 0.825668 0.575978
vt 0.847225 0.726905
vt 0.825667 0.726909
vt 0.814886 0.726908
vt 0.814888 0.575976
vt 0.858007 0.575973
vt 0.858007 0.726898
vt 0.806092 0.742538
vt 0.866464 0.742538
vt 0.868621 0.746426
vt 0.803936 0.746426
vt 0.868257 0.747260
vt 0.803572 0.747260
vt 0.805729 0.743372
vt 0.866101 0.743372
vt 0.806092 0.552796
vt 0.802206 0.744696
vt 0.802206 0.550639
vt 0.866101 0.553633
vt 0.869988 0.551477
vt 0.869988 0.745530
vt 0.801842 0.745529
vt 0.801842 0.551477
vt 0.805730 0.553633
vt 0.866464 0.552796
vt 0.870441 0.550640
vt 0.870441 0.744691
vt 0.858946 0.727371
vt 0.837388 0.727371
vt 0.837388 0.576440
vt 0.858946 0.576440
vt 0.821779 0.704928
vt 0.821779 0.691992
vt 0.850886 0.691992
vt 0.850886 0.704928
vt 0.803572 0.549746
vt 0.868257 0.549746
vt 0.821778 0.679056
vt 0.850886 0.679055
vt 0.850885 0.661905
vt 0.850885 0.674841
vt 0.821778 0.674841
vt 0.821778 0.661905
vt 0.847227 0.737687
vt 0.825669 0.737691
vt 0.803936 0.548909
vt 0.868621 0.548909
vt 0.835374 0.732551
vt 0.813811 0.732550
vt 0.813811 0.581619
vt 0.835374 0.581619
vt 0.850886 0.717865
vt 0.821779 0.717865
vt 0.850885 0.666120
vt 0.821778 0.666120
vt 0.821778 0.700714
vt 0.821778 0.687778
vt 0.850886 0.687778
vt 0.850886 0.700714
vt 0.821779 0.713651
vt 0.850887 0.713651
vt 0.840265 0.734351
vt 0.818702 0.734350
vt 0.793560 0.991813
vt 0.403700 0.991813
vt 0.403700 0.082141
vt 0.793560 0.082141
vt 0.775500 0.991813
vt 0.758175 0.991811
vt 0.758175 0.082149
vt 0.775500 0.082151
vt 0.403702 0.973750
vt 0.403702 0.956426
vt 0.793563 0.956426
vt 0.793564 0.973750
vt 0.776211 0.082142
vt 0.793536 0.082143
vt 0.793534 0.991848
vt 0.776211 0.991848
vt 0.403696 0.974485
vt 0.793556 0.974485
vt 0.814114 0.724214
vt 0.814114 0.573287
vt 0.824894 0.573288
vt 0.824894 0.724213
vt 0.846459 0.573291
vt 0.846458 0.724213
vt 0.824893 0.562500
vt 0.846461 0.562507
vt 0.857239 0.573288
vt 0.857237 0.724208
vt 0.824653 0.565847
vt 0.846210 0.565846
vt 0.846211 0.576626
vt 0.824654 0.576625
vt 0.846210 0.727553
vt 0.824653 0.727556
vt 0.813872 0.727556
vt 0.813873 0.576625
vt 0.856992 0.576624
vt 0.856992 0.727549
vt 0.806002 0.743052
vt 0.866374 0.743052
vt 0.868531 0.746940
vt 0.803846 0.746940
vt 0.868710 0.746422
vt 0.804025 0.746423
vt 0.806182 0.742535
vt 0.866554 0.742534
vt 0.806002 0.553310
vt 0.802115 0.745210
vt 0.802115 0.551153
vt 0.866555 0.552796
vt 0.802295 0.744692
vt 0.802295 0.550640
vt 0.806183 0.552796
vt 0.866374 0.553311
vt 0.870261 0.551153
vt 0.870261 0.745209
vt 0.835550 0.727371
vt 0.813991 0.727371
vt 0.813991 0.576440
vt 0.835549 0.576440
vt 0.821779 0.647130
vt 0.821779 0.634195
vt 0.850886 0.634195
vt 0.850887 0.647130
vt 0.804026 0.548909
vt 0.868710 0.548909
vt 0.821778 0.621258
vt 0.850886 0.621258
vt 0.850886 0.612536
vt 0.850886 0.625472
vt 0.821778 0.625473
vt 0.821778 0.612536
vt 0.846213 0.738334
vt 0.824654 0.738338
vt 0.803846 0.549423
vt 0.868531 0.549423
vt 0.858774 0.732551
vt 0.837211 0.732551
vt 0.837211 0.581620
vt 0.858774 0.581620
vt 0.850887 0.660067
vt 0.821779 0.660067
vt 0.850886 0.608322
vt 0.821778 0.608322
vt 0.821779 0.651345
vt 0.821779 0.638409
vt 0.850886 0.638409
vt 0.850886 0.651345
vt 0.821779 0.664282
vt 0.850886 0.664282
vt 0.846460 0.734994
vt 0.824896 0.734998
vt 0.397847 0.991895
vt 0.007987 0.991895
vt 0.007987 0.082223
vt 0.397847 0.082223
vt 0.397851 0.991896
vt 0.380527 0.991894
vt 0.380527 0.082232
vt 0.397852 0.082234
vt 0.007986 0.974567
vt 0.397847 0.974567
vt 0.362432 0.082221
vt 0.379756 0.082221
vt 0.379755 0.991926
vt 0.362432 0.991926
vt 0.397846 0.973829
vt 0.007984 0.973830
vt 0.007985 0.956504
vt 0.397846 0.956504
usemtl Doors_Mat
s off
f 1252/1996 1253/1997 1254/1998 1255/1999
f 1256/2000 1257/2001 1255/1999 1254/1998
f 1256/2000 1254/1998 1253/2002 1258/2003
f 1257/2001 1256/2000 1258/2004 1259/2005
f 1260/2006 1261/2007 1262/2008 1263/2009
f 1262/2008 1264/2010 1265/2011 1263/2009
f 1266/2012 1260/2013 1263/2009 1265/2011
f 1264/2010 1262/2008 1261/2014 1267/2015
f 1268/2016 1269/2017 1270/2018 1271/2019
f 1272/2020 1273/2021 1274/2022 1275/2023
f 1276/2024 1268/2016 1271/2025 1277/2026
f 1275/2023 1278/2027 1279/2028 1272/2029
f 1273/2030 1280/2031 1281/2032 1274/2022
f 1269/2017 1282/2033 1283/2034 1270/2035
f 1275/2023 1274/2022 1281/2032 1278/2027
f 1266/2036 1267/2037 1261/2038 1260/2039
f 1284/2040 1285/2041 1286/2042 1287/2043
f 1278/2027 1281/2032 1280/2044 1279/2045
f 1285/2041 1288/2046 1289/2047 1286/2042
f 1290/2048 1291/2049 1292/2050 1293/2051
f 1267/2052 1266/2053 1265/2011 1264/2010
f 1276/2024 1282/2033 1269/2017 1268/2016
f 1277/2054 1283/2055 1282/2033 1276/2024
f 1252/2056 1259/2057 1258/2058 1253/2059
f 1287/2043 1294/2060 1295/2061 1284/2040
f 1294/2062 1289/2047 1288/2046 1295/2063
f 1296/2064 1297/2065 1298/2066 1299/2067
f 1297/2065 1292/2050 1291/2049 1298/2066
f 1293/2068 1296/2064 1299/2067 1290/2069
f 1259/2070 1252/2071 1255/1999 1257/2001
f 1300/2072 1301/2073 1302/2074 1303/2075
f 1304/2076 1300/2077 1303/2078 1305/2079
f 1305/2072 1306/2073 1307/2074 1304/2075
f 1302/2080 1306/2081 1305/2082 1303/2083
f 1306/2084 1302/2085 1301/2086 1307/2087
f 1304/2072 1307/2073 1301/2088 1300/2089
f 1308/2090 1309/2091 1310/2092 1311/2093
f 1312/2094 1313/2095 1311/2093 1310/2092
f 1312/2094 1310/2092 1309/2096 1314/2097
f 1313/2095 1312/2094 1314/2098 1315/2099
f 1316/2100 1317/2101 1318/2102 1319/2103
f 1318/2102 1320/2104 1321/2105 1319/2103
f 1322/2106 1316/2107 1319/2103 1321/2105
f 1320/2104 1318/2102 1317/2108 1323/2109
f 1324/2110 1325/2111 1326/2112 1327/2113
f 1328/2114 1329/2115 1330/2116 1331/2117
f 1332/2118 1324/2110 1327/2119 1333/2120
f 1331/2117 1334/2121 1335/2034 1328/2035
f 1329/2122 1336/2123 1337/2124 1330/2116
f 1325/2111 1338/2125 1339/2126 1326/2127
f 1331/2117 1330/2116 1337/2124 1334/2121
f 1322/2128 1323/2129 1317/2130 1316/2131
f 1340/2132 1341/2133 1342/2134 1343/2135
f 1334/2121 1337/2124 1336/2136 1335/2137
f 1341/2133 1344/2138 1345/2139 1342/2134
f 1346/2140 1347/2141 1348/2142 1349/2143
f 1323/2144 1322/2145 1321/2105 1320/2104
f 1332/2118 1338/2125 1325/2111 1324/2110
f 1333/2146 1339/2147 1338/2125 1332/2118
f 1308/2148 1315/2149 1314/2150 1309/2151
f 1343/2135 1350/2152 1351/2153 1340/2132
f 1350/2154 1345/2139 1344/2138 1351/2155
f 1352/2156 1353/2157 1354/2158 1355/2159
f 1353/2157 1348/2142 1347/2141 1354/2158
f 1349/2160 1352/2156 1355/2159 1346/2161
f 1315/2162 1308/2163 1311/2093 1313/2095
f 1356/2164 1357/2165 1358/2166 1359/2167
f 1360/2168 1356/2169 1359/2170 1361/2171
f 1361/2164 1362/2165 1363/2166 1360/2167
f 1358/2165 1362/2172 1361/2173 1359/2164
f 1362/2174 1358/2175 1357/2176 1363/2177
f 1360/2178 1363/2179 1357/2180 1356/2181
f 1364/1996 1365/1997 1366/1998 1367/1999
f 1368/2000 1369/2001 1367/1999 1366/1998
f 1368/2000 1366/1998 1365/2002 1370/2003
f 1369/2001 1368/2000 1370/2004 1371/2005
f 1372/2006 1373/2007 1374/2008 1375/2009
f 1374/2008 1376/2010 1377/2011 1375/2009
f 1378/2012 1372/2013 1375/2009 1377/2011
f 1376/2010 1374/2008 1373/2014 1379/2015
f 1380/2016 1381/2017 1382/2018 1383/2019
f 1384/2020 1385/2021 1386/2022 1387/2023
f 1388/2024 1380/2016 1383/2025 1389/2026
f 1387/2023 1390/2027 1391/2028 1384/2029
f 1385/2030 1392/2031 1393/2032 1386/2022
f 1381/2017 1394/2033 1395/2034 1382/2035
f 1387/2023 1386/2022 1393/2032 1390/2027
f 1378/2036 1379/2037 1373/2038 1372/2039
f 1396/2040 1397/2041 1398/2042 1399/2043
f 1390/2027 1393/2032 1392/2044 1391/2045
f 1397/2041 1400/2046 1401/2047 1398/2042
f 1402/2048 1403/2049 1404/2050 1405/2051
f 1379/2052 1378/2053 1377/2011 1376/2010
f 1388/2024 1394/2033 1381/2017 1380/2016
f 1389/2054 1395/2055 1394/2033 1388/2024
f 1364/2056 1371/2057 1370/2058 1365/2059
f 1399/2043 1406/2060 1407/2061 1396/2040
f 1406/2062 1401/2047 1400/2046 1407/2063
f 1408/2064 1409/2065 1410/2066 1411/2067
f 1409/2065 1404/2050 1403/2049 1410/2066
f 1405/2068 1408/2064 1411/2067 1402/2069
f 1371/2070 1364/2071 1367/1999 1369/2001
f 1412/2072 1413/2073 1414/2074 1415/2075
f 1416/2076 1412/2077 1415/2078 1417/2079
f 1417/2072 1418/2073 1419/2074 1416/2075
f 1414/2080 1418/2081 1417/2082 1415/2083
f 1418/2084 1414/2085 1413/2086 1419/2087
f 1416/2072 1419/2073 1413/2088 1412/2089
f 1420/1996 1421/1997 1422/1998 1423/1999
f 1424/2000 1425/2001 1423/1999 1422/1998
f 1424/2000 1422/1998 1421/2002 1426/2003
f 1425/2001 1424/2000 1426/2004 1427/2005
f 1428/2006 1429/2007 1430/2008 1431/2009
f 1430/2008 1432/2010 1433/2011 1431/2009
f 1434/2012 1428/2013 1431/2009 1433/2011
f 1432/2010 1430/2008 1429/2014 1435/2015
f 1436/2016 1437/2017 1438/2018 1439/2019
f 1440/2020 1441/2021 1442/2022 1443/2023
f 1444/2024 1436/2016 1439/2025 1445/2026
f 1443/2023 1446/2027 1447/2028 1440/2029
f 1441/2030 1448/2031 1449/2032 1442/2022
f 1437/2017 1450/2033 1451/2034 1438/2035
f 1443/2023 1442/2022 1449/2032 1446/2027
f 1434/2036 1435/2037 1429/2038 1428/2039
f 1452/2040 1453/2041 1454/2042 1455/2043
f 1446/2027 1449/2032 1448/2044 1447/2045
f 1453/2041 1456/2046 1457/2047 1454/2042
f 1458/2048 1459/2049 1460/2050 1461/2051
f 1435/2052 1434/2053 1433/2011 1432/2010
f 1444/2024 1450/2033 1437/2017 1436/2016
f 1445/2054 1451/2055 1450/2033 1444/2024
f 1420/2056 1427/2057 1426/2058 1421/2059
f 1455/2043 1462/2060 1463/2061 1452/2040
f 1462/2062 1457/2047 1456/2046 1463/2063
f 1464/2064 1465/2065 1466/2066 1467/2067
f 1465/2065 1460/2050 1459/2049 1466/2066
f 1461/2068 1464/2064 1467/2067 1458/2069
f 1427/2070 1420/2071 1423/1999 1425/2001
f 1468/2072 1469/2073 1470/2074 1471/2075
f 1472/2076 1468/2077 1471/2078 1473/2079
f 1473/2072 1474/2073 1475/2074 1472/2075
f 1470/2080 1474/2081 1473/2082 1471/2083
f 1474/2084 1470/2085 1469/2086 1475/2087
f 1472/2072 1475/2073 1469/2088 1468/2089
f 1476/1996 1477/1997 1478/1998 1479/1999
f 1480/2000 1481/2001 1479/1999 1478/1998
f 1480/2000 1478/1998 1477/2002 1482/2003
f 1481/2001 1480/2000 1482/2004 1483/2005
f 1484/2006 1485/2007 1486/2008 1487/2009
f 1486/2008 1488/2010 1489/2011 1487/2009
f 1490/2012 1484/2013 1487/2009 1489/2011
f 1488/2010 1486/2008 1485/2014 1491/2015
f 1492/2016 1493/2017 1494/2018 1495/2019
f 1496/2020 1497/2021 1498/2022 1499/2023
f 1500/2024 1492/2016 1495/2025 1501/2026
f 1499/2023 1502/2027 1503/2028 1496/2029
f 1497/2030 1504/2031 1505/2032 1498/2022
f 1493/2017 1506/2033 1507/2034 1494/2035
f 1499/2023 1498/2022 1505/2032 1502/2027
f 1490/2036 1491/2037 1485/2038 1484/2039
f 1508/2040 1509/2041 1510/2042 1511/2043
f 1502/2027 1505/2032 1504/2044 1503/2045
f 1509/2041 1512/2046 1513/2047 1510/2042
f 1514/2048 1515/2049 1516/2050 1517/2051
f 1491/2052 1490/2053 1489/2011 1488/2010
f 1500/2024 1506/2033 1493/2017 1492/2016
f 1501/2054 1507/2055 1506/2033 1500/2024
f 1476/2056 1483/2057 1482/2058 1477/2059
f 1511/2043 1518/2060 1519/2061 1508/2040
f 1518/2062 1513/2047 1512/2046 1519/2063
f 1520/2064 1521/2065 1522/2066 1523/2067
f 1521/2065 1516/2050 1515/2049 1522/2066
f 1517/2068 1520/2064 1523/2067 1514/2069
f 1483/2070 1476/2071 1479/1999 1481/2001
f 1524/2072 1525/2073 1526/2074 1527/2075
f 1528/2076 1524/2077 1527/2078 1529/2079
f 1529/2072 1530/2073 1531/2074 1528/2075
f 1526/2080 1530/2081 1529/2082 1527/2083
f 1530/2084 1526/2085 1525/2086 1531/2087
f 1528/2072 1531/2073 1525/2088 1524/2089
f 1532/1996 1533/1997 1534/1998 1535/1999
f 1536/2000 1537/2001 1535/1999 1534/1998
f 1536/2000 1534/1998 1533/2002 1538/2003
f 1537/2001 1536/2000 1538/2004 1539/2005
f 1540/2006 1541/2007 1542/2008 1543/2009
f 1542/2008 1544/2010 1545/2011 1543/2009
f 1546/2012 1540/2013 1543/2009 1545/2011
f 1544/2010 1542/2008 1541/2014 1547/2015
f 1548/2016 1549/2017 1550/2018 1551/2019
f 1552/2020 1553/2021 1554/2022 1555/2023
f 1556/2024 1548/2016 1551/2025 1557/2026
f 1555/2023 1558/2027 1559/2028 1552/2029
f 1553/2030 1560/2031 1561/2032 1554/2022
f 1549/2017 1562/2033 1563/2034 1550/2035
f 1555/2023 1554/2022 1561/2032 1558/2027
f 1546/2036 1547/2037 1541/2038 1540/2039
f 1564/2040 1565/2041 1566/2042 1567/2043
f 1558/2027 1561/2032 1560/2044 1559/2045
f 1565/2041 1568/2046 1569/2047 1566/2042
f 1570/2048 1571/2049 1572/2050 1573/2051
f 1547/2052 1546/2053 1545/2011 1544/2010
f 1556/2024 1562/2033 1549/2017 1548/2016
f 1557/2054 1563/2055 1562/2033 1556/2024
f 1532/2056 1539/2057 1538/2058 1533/2059
f 1567/2043 1574/2060 1575/2061 1564/2040
f 1574/2062 1569/2047 1568/2046 1575/2063
f 1576/2064 1577/2065 1578/2066 1579/2067
f 1577/2065 1572/2050 1571/2049 1578/2066
f 1573/2068 1576/2064 1579/2067 1570/2069
f 1539/2070 1532/2071 1535/1999 1537/2001
f 1580/2072 1581/2073 1582/2074 1583/2075
f 1584/2076 1580/2077 1583/2078 1585/2079
f 1585/2072 1586/2073 1587/2074 1584/2075
f 1582/2080 1586/2081 1585/2082 1583/2083
f 1586/2084 1582/2085 1581/2086 1587/2087
f 1584/2072 1587/2073 1581/2088 1580/2089
f 1588/2090 1589/2091 1590/2092 1591/2093
f 1592/2094 1593/2095 1591/2093 1590/2092
f 1592/2094 1590/2092 1589/2096 1594/2097
f 1593/2095 1592/2094 1594/2098 1595/2099
f 1596/2100 1597/2101 1598/2102 1599/2103
f 1598/2102 1600/2104 1601/2105 1599/2103
f 1602/2106 1596/2107 1599/2103 1601/2105
f 1600/2104 1598/2102 1597/2108 1603/2109
f 1604/2110 1605/2111 1606/2112 1607/2113
f 1608/2114 1609/2115 1610/2116 1611/2117
f 1612/2118 1604/2110 1607/2119 1613/2120
f 1611/2117 1614/2121 1615/2034 1608/2035
f 1609/2122 1616/2123 1617/2124 1610/2116
f 1605/2111 1618/2125 1619/2126 1606/2127
f 1611/2117 1610/2116 1617/2124 1614/2121
f 1602/2128 1603/2129 1597/2130 1596/2131
f 1620/2132 1621/2133 1622/2134 1623/2135
f 1614/2121 1617/2124 1616/2136 1615/2137
f 1621/2133 1624/2138 1625/2139 1622/2134
f 1626/2140 1627/2141 1628/2142 1629/2143
f 1603/2144 1602/2145 1601/2105 1600/2104
f 1612/2118 1618/2125 1605/2111 1604/2110
f 1613/2146 1619/2147 1618/2125 1612/2118
f 1588/2148 1595/2149 1594/2150 1589/2151
f 1623/2135 1630/2152 1631/2153 1620/2132
f 1630/2154 1625/2139 1624/2138 1631/2155
f 1632/2156 1633/2157 1634/2158 1635/2159
f 1633/2157 1628/2142 1627/2141 1634/2158
f 1629/2160 1632/2156 1635/2159 1626/2161
f 1595/2162 1588/2163 1591/2093 1593/2095
f 1636/2164 1637/2165 1638/2166 1639/2167
f 1640/2168 1636/2169 1639/2170 1641/2171
f 1641/2164 1642/2165 1643/2166 1640/2167
f 1638/2165 1642/2172 1641/2173 1639/2164
f 1642/2174 1638/2175 1637/2176 1643/2177
f 1640/2178 1643/2179 1637/2180 1636/2181
f 1644/2090 1645/2091 1646/2092 1647/2093
f 1648/2094 1649/2095 1647/2093 1646/2092
f 1648/2094 1646/2092 1645/2096 1650/2097
f 1649/2095 1648/2094 1650/2098 1651/2099
f 1652/2100 1653/2101 1654/2102 1655/2103
f 1654/2102 1656/2104 1657/2105 1655/2103
f 1658/2106 1652/2107 1655/2103 1657/2105
f 1656/2104 1654/2102 1653/2108 1659/2109
f 1660/2110 1661/2111 1662/2112 1663/2113
f 1664/2114 1665/2115 1666/2116 1667/2117
f 1668/2118 1660/2110 1663/2119 1669/2120
f 1667/2117 1670/2121 1671/2034 1664/2035
f 1665/2122 1672/2123 1673/2124 1666/2116
f 1661/2111 1674/2125 1675/2126 1662/2127
f 1667/2117 1666/2116 1673/2124 1670/2121
f 1658/2128 1659/2129 1653/2130 1652/2131
f 1676/2132 1677/2133 1678/2134 1679/2135
f 1670/2121 1673/2124 1672/2136 1671/2137
f 1677/2133 1680/2138 1681/2139 1678/2134
f 1682/2140 1683/2141 1684/2142 1685/2143
f 1659/2144 1658/2145 1657/2105 1656/2104
f 1668/2118 1674/2125 1661/2111 1660/2110
f 1669/2146 1675/2147 1674/2125 1668/2118
f 1644/2148 1651/2149 1650/2150 1645/2151
f 1679/2135 1686/2152 1687/2153 1676/2132
f 1686/2154 1681/2139 1680/2138 1687/2155
f 1688/2156 1689/2157 1690/2158 1691/2159
f 1689/2157 1684/2142 1683/2141 1690/2158
f 1685/2160 1688/2156 1691/2159 1682/2161
f 1651/2162 1644/2163 1647/2093 1649/2095
f 1692/2164 1693/2165 1694/2166 1695/2167
f 1696/2168 1692/2169 1695/2170 1697/2171
f 1697/2164 1698/2165 1699/2166 1696/2167
f 1694/2165 1698/2172 1697/2173 1695/2164
f 1698/2174 1694/2175 1693/2176 1699/2177
f 1696/2178 1699/2179 1693/2180 1692/2181
f 1700/2090 1701/2091 1702/2092 1703/2093
f 1704/2094 1705/2095 1703/2093 1702/2092
f 1704/2094 1702/2092 1701/2096 1706/2097
f 1705/2095 1704/2094 1706/2098 1707/2099
f 1708/2100 1709/2101 1710/2102 1711/2103
f 1710/2102 1712/2104 1713/2105 1711/2103
f 1714/2106 1708/2107 1711/2103 1713/2105
f 1712/2104 1710/2102 1709/2108 1715/2109
f 1716/2110 1717/2111 1718/2112 1719/2113
f 1720/2114 1721/2115 1722/2116 1723/2117
f 1724/2118 1716/2110 1719/2119 1725/2120
f 1723/2117 1726/2121 1727/2034 1720/2035
f 1721/2122 1728/2123 1729/2124 1722/2116
f 1717/2111 1730/2125 1731/2126 1718/2127
f 1723/2117 1722/2116 1729/2124 1726/2121
f 1714/2128 1715/2129 1709/2130 1708/2131
f 1732/2132 1733/2133 1734/2134 1735/2135
f 1726/2121 1729/2124 1728/2136 1727/2137
f 1733/2133 1736/2138 1737/2139 1734/2134
f 1738/2140 1739/2141 1740/2142 1741/2143
f 1715/2144 1714/2145 1713/2105 1712/2104
f 1724/2118 1730/2125 1717/2111 1716/2110
f 1725/2146 1731/2147 1730/2125 1724/2118
f 1700/2148 1707/2149 1706/2150 1701/2151
f 1735/2135 1742/2152 1743/2153 1732/2132
f 1742/2154 1737/2139 1736/2138 1743/2155
f 1744/2156 1745/2157 1746/2158 1747/2159
f 1745/2157 1740/2142 1739/2141 1746/2158
f 1741/2160 1744/2156 1747/2159 1738/2161
f 1707/2162 1700/2163 1703/2093 1705/2095
f 1748/2164 1749/2165 1750/2166 1751/2167
f 1752/2168 1748/2169 1751/2170 1753/2171
f 1753/2164 1754/2165 1755/2166 1752/2167
f 1750/2165 1754/2172 1753/2173 1751/2164
f 1754/2174 1750/2175 1749/2176 1755/2177
f 1752/2178 1755/2179 1749/2180 1748/2181
f 1756/2090 1757/2091 1758/2092 1759/2093
f 1760/2094 1761/2095 1759/2093 1758/2092
f 1760/2094 1758/2092 1757/2096 1762/2097
f 1761/2095 1760/2094 1762/2098 1763/2099
f 1764/2100 1765/2101 1766/2102 1767/2103
f 1766/2102 1768/2104 1769/2105 1767/2103
f 1770/2106 1764/2107 1767/2103 1769/2105
f 1768/2104 1766/2102 1765/2108 1771/2109
f 1772/2110 1773/2111 1774/2112 1775/2113
f 1776/2114 1777/2115 1778/2116 1779/2117
f 1780/2118 1772/2110 1775/2119 1781/2120
f 1779/2117 1782/2121 1783/2034 1776/2035
f 1777/2122 1784/2123 1785/2124 1778/2116
f 1773/2111 1786/2125 1787/2126 1774/2127
f 1779/2117 1778/2116 1785/2124 1782/2121
f 1770/2128 1771/2129 1765/2130 1764/2131
f 1788/2132 1789/2133 1790/2134 1791/2135
f 1782/2121 1785/2124 1784/2136 1783/2137
f 1789/2133 1792/2138 1793/2139 1790/2134
f 1794/2140 1795/2141 1796/2142 1797/2143
f 1771/2144 1770/2145 1769/2105 1768/2104
f 1780/2118 1786/2125 1773/2111 1772/2110
f 1781/2146 1787/2147 1786/2125 1780/2118
f 1756/2148 1763/2149 1762/2150 1757/2151
f 1791/2135 1798/2152 1799/2153 1788/2132
f 1798/2154 1793/2139 1792/2138 1799/2155
f 1800/2156 1801/2157 1802/2158 1803/2159
f 1801/2157 1796/2142 1795/2141 1802/2158
f 1797/2160 1800/2156 1803/2159 1794/2161
f 1763/2162 1756/2163 1759/2093 1761/2095
f 1804/2164 1805/2165 1806/2166 1807/2167
f 1808/2168 1804/2169 1807/2170 1809/2171
f 1809/2164 1810/2165 1811/2166 1808/2167
f 1806/2165 1810/2172 1809/2173 1807/2164
f 1810/2174 1806/2175 1805/2176 1811/2177
f 1808/2178 1811/2179 1805/2180 1804/2181
f 1812/2090 1813/2091 1814/2092 1815/2093
f 1816/2094 1817/2095 1815/2093 1814/2092
f 1816/2094 1814/2092 1813/2096 1818/2097
f 1817/2095 1816/2094 1818/2098 1819/2099
f 1820/2100 1821/2101 1822/2102 1823/2103
f 1822/2102 1824/2104 1825/2105 1823/2103
f 1826/2106 1820/2107 1823/2103 1825/2105
f 1824/2104 1822/2102 1821/2108 1827/2109
f 1828/2110 1829/2111 1830/2112 1831/2113
f 1832/2114 1833/2115 1834/2116 1835/2117
f 1836/2118 1828/2110 1831/2119 1837/2120
f 1835/2117 1838/2121 1839/2034 1832/2035
f 1833/2122 1840/2123 1841/2124 1834/2116
f 1829/2111 1842/2125 1843/2126 1830/2127
f 1835/2117 1834/2116 1841/2124 1838/2121
f 1826/2128 1827/2129 1821/2130 1820/2131
f 1844/2132 1845/2133 1846/2134 1847/2135
f 1838/2121 1841/2124 1840/2136 1839/2137
f 1845/2133 1848/2138 1849/2139 1846/2134
f 1850/2140 1851/2141 1852/2142 1853/2143
f 1827/2144 1826/2145 1825/2105 1824/2104
f 1836/2118 1842/2125 1829/2111 1828/2110
f 1837/2146 1843/2147 1842/2125 1836/2118
f 1812/2148 1819/2149 1818/2150 1813/2151
f 1847/2135 1854/2152 1855/2153 1844/2132
f 1854/2154 1849/2139 1848/2138 1855/2155
f 1856/2156 1857/2157 1858/2158 1859/2159
f 1857/2157 1852/2142 1851/2141 1858/2158
f 1853/2160 1856/2156 1859/2159 1850/2161
f 1819/2162 1812/2163 1815/2093 1817/2095
f 1860/2164 1861/2165 1862/2166 1863/2167
f 1864/2168 1860/2169 1863/2170 1865/2171
f 1865/2164 1866/2165 1867/2166 1864/2167
f 1862/2165 1866/2172 1865/2173 1863/2164
f 1866/2174 1862/2175 1861/2176 1867/2177
f 1864/2178 1867/2179 1861/2180 1860/2181
f 1868/2090 1869/2091 1870/2092 1871/2093
f 1872/2094 1873/2095 1871/2093 1870/2092
f 1872/2094 1870/2092 1869/2096 1874/2097
f 1873/2095 1872/2094 1874/2098 1875/2099
f 1876/2100 1877/2101 1878/2102 1879/2103
f 1878/2102 1880/2104 1881/2105 1879/2103
f 1882/2106 1876/2107 1879/2103 1881/2105
f 1880/2104 1878/2102 1877/2108 1883/2109
f 1884/2110 1885/2111 1886/2112 1887/2113
f 1888/2114 1889/2115 1890/2116 1891/2117
f 1892/2118 1884/2110 1887/2119 1893/2120
f 1891/2117 1894/2121 1895/2034 1888/2035
f 1889/2122 1896/2123 1897/2124 1890/2116
f 1885/2111 1898/2125 1899/2126 1886/2127
f 1891/2117 1890/2116 1897/2124 1894/2121
f 1882/2128 1883/2129 1877/2130 1876/2131
f 1900/2132 1901/2133 1902/2134 1903/2135
f 1894/2121 1897/2124 1896/2136 1895/2137
f 1901/2133 1904/2138 1905/2139 1902/2134
f 1906/2140 1907/2141 1908/2142 1909/2143
f 1883/2144 1882/2145 1881/2105 1880/2104
f 1892/2118 1898/2125 1885/2111 1884/2110
f 1893/2146 1899/2147 1898/2125 1892/2118
f 1868/2148 1875/2149 1874/2150 1869/2151
f 1903/2135 1910/2152 1911/2153 1900/2132
f 1910/2154 1905/2139 1904/2138 1911/2155
f 1912/2156 1913/2157 1914/2158 1915/2159
f 1913/2157 1908/2142 1907/2141 1914/2158
f 1909/2160 1912/2156 1915/2159 1906/2161
f 1875/2162 1868/2163 1871/2093 1873/2095
f 1916/2164 1917/2165 1918/2166 1919/2167
f 1920/2168 1916/2169 1919/2170 1921/2171
f 1921/2164 1922/2165 1923/2166 1920/2167
f 1918/2165 1922/2172 1921/2173 1919/2164
f 1922/2174 1918/2175 1917/2176 1923/2177
f 1920/2178 1923/2179 1917/2180 1916/2181
f 1924/2090 1925/2091 1926/2092 1927/2093
f 1928/2094 1929/2095 1927/2093 1926/2092
f 1928/2094 1926/2092 1925/2096 1930/2097
f 1929/2095 1928/2094 1930/2098 1931/2099
f 1932/2100 1933/2101 1934/2102 1935/2103
f 1934/2102 1936/2104 1937/2105 1935/2103
f 1938/2106 1932/2107 1935/2103 1937/2105
f 1936/2104 1934/2102 1933/2108 1939/2109
f 1940/2110 1941/2111 1942/2112 1943/2113
f 1944/2114 1945/2115 1946/2116 1947/2117
f 1948/2118 1940/2110 1943/2119 1949/2120
f 1947/2117 1950/2121 1951/2034 1944/2035
f 1945/2122 1952/2123 1953/2124 1946/2116
f 1941/2111 1954/2125 1955/2126 1942/2127
f 1947/2117 1946/2116 1953/2124 1950/2121
f 1938/2128 1939/2129 1933/2130 1932/2131
f 1956/2132 1957/2133 1958/2134 1959/2135
f 1950/2121 1953/2124 1952/2136 1951/2137
f 1957/2133 1960/2138 1961/2139 1958/2134
f 1962/2140 1963/2141 1964/2142 1965/2143
f 1939/2144 1938/2145 1937/2105 1936/2104
f 1948/2118 1954/2125 1941/2111 1940/2110
f 1949/2146 1955/2147 1954/2125 1948/2118
f 1924/2148 1931/2149 1930/2150 1925/2151
f 1959/2135 1966/2152 1967/2153 1956/2132
f 1966/2154 1961/2139 1960/2138 1967/2155
f 1968/2156 1969/2157 1970/2158 1971/2159
f 1969/2157 1964/2142 1963/2141 1970/2158
f 1965/2160 1968/2156 1971/2159 1962/2161
f 1931/2162 1924/2163 1927/2093 1929/2095
f 1972/2164 1973/2165 1974/2166 1975/2167
f 1976/2168 1972/2169 1975/2170 1977/2171
f 1977/2164 1978/2165 1979/2166 1976/2167
f 1974/2165 1978/2172 1977/2173 1975/2164
f 1978/2174 1974/2175 1973/2176 1979/2177
f 1976/2178 1979/2179 1973/2180 1972/2181
o Storey02_DoorFrames
v 6.840001 19.600000 2.800001
v 7.760001 19.599998 2.800001
v 7.750002 19.599998 2.809997
v 6.850001 19.600000 2.809997
v 7.750002 19.650000 2.810001
v 7.750002 19.599998 4.910000
v 7.750002 19.650000 4.910000
v 6.850001 19.650000 2.809997
v 6.850001 19.650000 4.910000
v 6.850001 19.600000 4.910000
v 7.760001 19.599998 4.920002
v 6.840001 19.600000 4.920002
v 6.200001 18.999998 2.800001
v 6.199998 18.079998 2.800001
v 6.199998 18.089996 2.809997
v 6.200001 18.989998 2.809997
v 6.250000 18.089996 2.810001
v 6.199998 18.089996 4.910000
v 6.250000 18.089996 4.910000
v 6.250000 18.989998 2.809997
v 6.250000 18.989998 4.910000
v 6.200001 18.989998 4.910000
v 6.250000 18.099997 2.820003
v 6.250000 18.979998 2.820001
v 6.250000 18.979998 4.900000
v 6.300002 18.979998 4.900000
v 6.300001 18.099997 4.900000
v 6.250000 18.099997 4.900000
v 6.300001 18.079998 2.800001
v 6.300002 18.999998 2.800001
v 6.300002 18.979998 2.820001
v 6.300001 18.099997 2.820001
v 6.300002 18.999998 4.920002
v 6.199998 18.079998 4.920002
v 6.300001 18.079998 4.920002
v 6.200001 18.999998 4.920002
v 6.200001 8.820001 2.800001
v 6.199998 7.900001 2.800001
v 6.199998 7.909999 2.809997
v 6.200001 8.810000 2.809997
v 6.250000 7.909999 2.810001
v 6.199998 7.909999 4.910000
v 6.250000 7.909999 4.910000
v 6.250000 8.810000 2.809997
v 6.250000 8.810000 4.910000
v 6.200001 8.810000 4.910000
v 6.250000 7.919999 2.820003
v 6.250000 8.800000 2.820001
v 6.250000 8.800000 4.900000
v 6.300002 8.800000 4.900000
v 6.300001 7.919999 4.900000
v 6.250000 7.919999 4.900000
v 6.300001 7.900001 2.800001
v 6.300002 8.820001 2.800001
v 6.300002 8.800000 2.820001
v 6.300001 7.919999 2.820001
v 6.300002 8.820001 4.920002
v 6.199998 7.900001 4.920002
v 6.300001 7.900001 4.920002
v 6.200001 8.820001 4.920002
v 6.200001 11.900000 2.800001
v 6.199998 10.980000 2.800001
v 6.199998 10.989998 2.809997
v 6.200001 11.889999 2.809997
v 6.250000 10.989998 2.810001
v 6.199998 10.989998 4.910000
v 6.250000 10.989998 4.910000
v 6.250000 11.889999 2.809997
v 6.250000 11.889999 4.910000
v 6.200001 11.889999 4.910000
v 6.250000 10.999998 2.820003
v 6.250000 11.879999 2.820001
v 6.250000 11.879999 4.900000
v 6.300002 11.879999 4.900000
v 6.300001 10.999998 4.900000
v 6.250000 10.999998 4.900000
v 6.300001 10.980000 2.800001
v 6.300002 11.900000 2.800001
v 6.300002 11.879999 2.820001
v 6.300001 10.999998 2.820001
v 6.300002 11.900000 4.920002
v 6.199998 10.980000 4.920002
v 6.300001 10.980000 4.920002
v 6.200001 11.900000 4.920002
v 6.200001 1.720001 2.800001
v 6.199998 0.800001 2.800001
v 6.199998 0.809999 2.809997
v 6.200001 1.710001 2.809997
v 6.250000 0.809999 2.810001
v 6.199998 0.809999 4.910000
v 6.250000 0.809999 4.910000
v 6.250000 1.710001 2.809997
v 6.250000 1.710001 4.910000
v 6.200001 1.710001 4.910000
v 6.250000 0.820000 2.820003
v 6.250000 1.700001 2.820001
v 6.250000 1.700001 4.900000
v 6.300002 1.700001 4.900000
v 6.300001 0.820000 4.900000
v 6.250000 0.820000 4.900000
v 6.300001 0.800001 2.800001
v 6.300002 1.720001 2.800001
v 6.300002 1.700001 2.820001
v 6.300001 0.820000 2.820001
v 6.300002 1.720001 4.920002
v 6.199998 0.800001 4.920002
v 6.300001 0.800001 4.920002
v 6.200001 1.720001 4.920002
v 5.660000 2.749999 2.800001
v 4.740000 2.750002 2.800001
v 4.749998 2.750002 2.809997
v 5.650000 2.749999 2.809997
v 4.749998 2.700001 2.810001
v 4.749998 2.750002 4.910000
v 4.749998 2.700001 4.910000
v 5.650000 2.700000 2.809997
v 5.650000 2.700000 4.910000
v 5.650000 2.749999 4.910000
v 4.759998 2.700001 2.820003
v 5.639999 2.700000 2.820001
v 5.639999 2.700000 4.900000
v 5.639999 2.649999 4.900000
v 4.759998 2.650000 4.900000
v 4.759998 2.700001 4.900000
v 4.740000 2.650000 2.800001
v 5.660000 2.649999 2.800001
v 5.639999 2.649999 2.820001
v 4.759998 2.650000 2.820001
v 5.660000 2.649999 4.920002
v 4.740000 2.750002 4.920002
v 4.740000 2.650000 4.920002
v 5.660000 2.749999 4.920002
v 5.660000 4.299998 2.800001
v 4.740000 4.300002 2.800001
v 4.749998 4.300002 2.809997
v 5.650000 4.299998 2.809997
v 4.749998 4.250001 2.810001
v 4.749998 4.300002 4.910000
v 4.749998 4.250001 4.910000
v 5.650000 4.249999 2.809997
v 5.650000 4.249999 4.910000
v 5.650000 4.299998 4.910000
v 4.759998 4.250001 2.820003
v 5.639999 4.249999 2.820001
v 5.639999 4.249999 4.900000
v 5.639999 4.199998 4.900000
v 4.759998 4.200000 4.900000
v 4.759998 4.250001 4.900000
v 4.740000 4.200000 2.800001
v 5.660000 4.199998 2.800001
v 5.639999 4.199998 2.820001
v 4.759998 4.200000 2.820001
v 5.660000 4.199998 4.920002
v 4.740000 4.300002 4.920002
v 4.740000 4.200000 4.920002
v 5.660000 4.299998 4.920002
v 3.700001 2.749999 2.800001
v 2.780001 2.750003 2.800001
v 2.789999 2.750003 2.809997
v 3.690001 2.749999 2.809997
v 2.789999 2.700001 2.810001
v 2.789999 2.750003 4.910000
v 2.789999 2.700001 4.910000
v 3.690001 2.700000 2.809997
v 3.690001 2.700000 4.910000
v 3.690001 2.749999 4.910000
v 2.799999 2.700001 2.820003
v 3.680001 2.700000 2.820001
v 3.680001 2.700000 4.900000
v 3.680001 2.649998 4.900000
v 2.799999 2.650000 4.900000
v 2.799999 2.700001 4.900000
v 2.780001 2.650000 2.800001
v 3.700001 2.649998 2.800001
v 3.680001 2.649998 2.820001
v 2.799999 2.650000 2.820001
v 3.700001 2.649998 4.920002
v 2.780001 2.750003 4.920002
v 2.780001 2.650000 4.920002
v 3.700001 2.749999 4.920002
v 3.700001 7.399999 2.800001
v 2.780001 7.400002 2.800001
v 2.789999 7.400002 2.809997
v 3.690001 7.399999 2.809997
v 2.789999 7.350001 2.810001
v 2.789999 7.400002 4.910000
v 2.789999 7.350001 4.910000
v 3.690001 7.349999 2.809997
v 3.690001 7.349999 4.910000
v 3.690001 7.399999 4.910000
v 2.799999 7.350001 2.820003
v 3.680001 7.349999 2.820001
v 3.680001 7.349999 4.900000
v 3.680001 7.299998 4.900000
v 2.799999 7.300000 4.900000
v 2.799999 7.350001 4.900000
v 2.780001 7.300000 2.800001
v 3.700001 7.299998 2.800001
v 3.680001 7.299998 2.820001
v 2.799999 7.300000 2.820001
v 3.700001 7.299998 4.920002
v 2.780001 7.400002 4.920002
v 2.780001 7.300000 4.920002
v 3.700001 7.399999 4.920002
v 2.780000 12.400001 2.800001
v 3.700000 12.399996 2.800001
v 3.690002 12.399996 2.809997
v 2.790000 12.400001 2.809997
v 3.690002 12.449997 2.810001
v 3.690002 12.399996 4.910000
v 3.690002 12.449997 4.910000
v 2.790000 12.450000 2.809997
v 2.790000 12.450000 4.910000
v 2.790000 12.400001 4.910000
v 3.680001 12.449997 2.820003
v 2.800000 12.450000 2.820001
v 2.800000 12.450000 4.900000
v 2.800000 12.500001 4.900000
v 3.680001 12.499998 4.900000
v 3.680001 12.449997 4.900000
v 3.700000 12.499998 2.800001
v 2.780000 12.500001 2.800001
v 2.800000 12.500001 2.820001
v 3.680001 12.499998 2.820001
v 2.780000 12.500001 4.920002
v 3.700000 12.399996 4.920002
v 3.700000 12.499998 4.920002
v 2.780000 12.400001 4.920002
v 2.780000 17.050003 2.800001
v 3.700000 17.049997 2.800001
v 3.690002 17.049997 2.809997
v 2.790000 17.050003 2.809997
v 3.690002 17.099998 2.810001
v 3.690002 17.049997 4.910000
v 3.690002 17.099998 4.910000
v 2.790000 17.100002 2.809997
v 2.790000 17.100002 4.910000
v 2.790000 17.050003 4.910000
v 3.680001 17.099998 2.820003
v 2.800000 17.100002 2.820001
v 2.800000 17.100002 4.900000
v 2.800000 17.150002 4.900000
v 3.680001 17.150000 4.900000
v 3.680001 17.099998 4.900000
v 3.700000 17.150000 2.800001
v 2.780000 17.150002 2.800001
v 2.800000 17.150002 2.820001
v 3.680001 17.150000 2.820001
v 2.780000 17.150002 4.920002
v 3.700000 17.049997 4.920002
v 3.700000 17.150000 4.920002
v 2.780000 17.050003 4.920002
v 4.740000 17.050003 2.800001
v 5.660000 17.049997 2.800001
v 5.650002 17.049997 2.809997
v 4.750000 17.050003 2.809997
v 5.650002 17.099998 2.810001
v 5.650002 17.049997 4.910000
v 5.650002 17.099998 4.910000
v 4.750000 17.100002 2.809997
v 4.750000 17.100002 4.910000
v 4.750000 17.050003 4.910000
v 5.640001 17.099998 2.820003
v 4.760000 17.100002 2.820001
v 4.760000 17.100002 4.900000
v 4.760000 17.150002 4.900000
v 5.640001 17.150000 4.900000
v 5.640001 17.099998 4.900000
v 5.660000 17.150000 2.800001
v 4.740000 17.150002 2.800001
v 4.760000 17.150002 2.820001
v 5.640001 17.150000 2.820001
v 4.740000 17.150002 4.920002
v 5.660000 17.049997 4.920002
v 5.660000 17.150000 4.920002
v 4.740000 17.050003 4.920002
v 4.740000 15.500005 2.800001
v 5.660000 15.499999 2.800001
v 5.650002 15.499999 2.809997
v 4.750000 15.500005 2.809997
v 5.650002 15.550000 2.810001
v 5.650002 15.499999 4.910000
v 5.650002 15.550000 4.910000
v 4.750000 15.550004 2.809997
v 4.750000 15.550004 4.910000
v 4.750000 15.500005 4.910000
v 5.640001 15.550000 2.820003
v 4.760000 15.550004 2.820001
v 4.760000 15.550004 4.900000
v 4.760000 15.600003 4.900000
v 5.640001 15.600001 4.900000
v 5.640001 15.550000 4.900000
v 5.660000 15.600001 2.800001
v 4.740000 15.600003 2.800001
v 4.760000 15.600003 2.820001
v 5.640001 15.600001 2.820001
v 4.740000 15.600003 4.920002
v 5.660000 15.499999 4.920002
v 5.660000 15.600001 4.920002
v 4.740000 15.500005 4.920002
vt 0.945854 0.637286
vt 0.945935 0.401846
vt 0.949973 0.404368
vt 0.949919 0.633222
vt 0.946413 0.279947
vt 0.957435 0.279943
vt 0.957539 0.742857
vt 0.946518 0.742859
vt 0.954197 0.277613
vt 0.965248 0.277610
vt 0.965351 0.741793
vt 0.954300 0.741796
vt 0.958392 0.633370
vt 0.945688 0.633367
vt 0.945739 0.404687
vt 0.958443 0.404690
vt 0.962688 0.404371
vt 0.962633 0.633224
vt 0.965760 0.271829
vt 0.965760 0.745148
vt 0.962534 0.400657
vt 0.962453 0.635952
vt 0.946057 0.750041
vt 0.946057 0.275471
vt 0.984305 0.400399
vt 0.984223 0.638501
vt 0.980139 0.635950
vt 0.980193 0.404510
vt 0.971214 0.282815
vt 0.982136 0.282815
vt 0.982098 0.741529
vt 0.971176 0.741528
vt 0.952915 0.280077
vt 0.963830 0.280074
vt 0.963933 0.738545
vt 0.953018 0.738547
vt 0.949400 0.403468
vt 0.962253 0.403467
vt 0.962280 0.634835
vt 0.949426 0.634836
vt 0.967335 0.404507
vt 0.967281 0.635947
vt 0.963311 0.633411
vt 0.963339 0.408499
vt 0.966222 0.406001
vt 0.978997 0.405999
vt 0.979048 0.630840
vt 0.966273 0.630842
vt 0.945419 0.638520
vt 0.945449 0.403384
vt 0.950560 0.408497
vt 0.950531 0.633409
vt 0.952461 0.290785
vt 0.963246 0.290784
vt 0.963307 0.739435
vt 0.952523 0.739437
vt 0.971794 0.282332
vt 0.982570 0.282327
vt 0.982772 0.730676
vt 0.971995 0.730681
vt 0.990595 0.274424
vt 0.990737 0.735067
vt 0.990389 0.274777
vt 0.990244 0.743802
vt 0.984107 0.400888
vt 0.984160 0.635948
vt 0.944555 0.747407
vt 0.944555 0.286520
vt 0.945291 0.638917
vt 0.945290 0.400856
vt 0.944876 0.746691
vt 0.944876 0.277961
vt 0.984588 0.400733
vt 0.984539 0.638837
vt 0.980455 0.636288
vt 0.980477 0.404844
vt 0.970822 0.282815
vt 0.981744 0.282815
vt 0.981701 0.741534
vt 0.970782 0.741534
vt 0.953034 0.280273
vt 0.963949 0.280271
vt 0.964051 0.738727
vt 0.953136 0.738729
vt 0.950146 0.403246
vt 0.963000 0.403245
vt 0.963026 0.634612
vt 0.950173 0.634613
vt 0.967620 0.404843
vt 0.967597 0.636287
vt 0.963627 0.633752
vt 0.963626 0.408835
vt 0.966969 0.405780
vt 0.979744 0.405777
vt 0.979794 0.630616
vt 0.967018 0.630618
vt 0.945735 0.638866
vt 0.945735 0.403723
vt 0.950846 0.408835
vt 0.950847 0.633753
vt 0.952068 0.290785
vt 0.962853 0.290784
vt 0.962914 0.739441
vt 0.952129 0.739443
vt 0.971913 0.282528
vt 0.982690 0.282523
vt 0.982890 0.730859
vt 0.972113 0.730864
vt 0.990714 0.274621
vt 0.990855 0.735249
vt 0.989997 0.274777
vt 0.989848 0.743808
vt 0.984854 0.400666
vt 0.984905 0.635725
vt 0.944162 0.747412
vt 0.944162 0.286520
vt 0.946037 0.638694
vt 0.946037 0.400634
vt 0.944993 0.746873
vt 0.944993 0.278158
vt 0.984525 0.400512
vt 0.984475 0.638618
vt 0.980390 0.636068
vt 0.980413 0.404624
vt 0.981776 0.741538
vt 0.970855 0.741540
vt 0.963782 0.738525
vt 0.952867 0.738524
vt 0.949986 0.403024
vt 0.962839 0.403022
vt 0.962867 0.634388
vt 0.950013 0.634391
vt 0.967556 0.404622
vt 0.967532 0.636067
vt 0.963562 0.633531
vt 0.963561 0.408615
vt 0.966808 0.405558
vt 0.979582 0.405556
vt 0.979635 0.630389
vt 0.966860 0.630393
vt 0.945671 0.638643
vt 0.945670 0.403501
vt 0.950782 0.408614
vt 0.950782 0.633532
vt 0.952001 0.290797
vt 0.962785 0.290792
vt 0.962986 0.739450
vt 0.952201 0.739455
vt 0.982623 0.730663
vt 0.971846 0.730664
vt 0.990587 0.735055
vt 0.989923 0.274777
vt 0.989923 0.743809
vt 0.984691 0.400447
vt 0.984748 0.635495
vt 0.944094 0.286535
vt 0.945876 0.638472
vt 0.945876 0.400412
vt 0.944723 0.746665
vt 0.944865 0.277947
vt 0.984147 0.400390
vt 0.984097 0.638495
vt 0.980013 0.635945
vt 0.980036 0.404501
vt 0.971690 0.282821
vt 0.982612 0.282818
vt 0.982715 0.741534
vt 0.971795 0.741537
vt 0.951836 0.280416
vt 0.962752 0.280418
vt 0.962695 0.738877
vt 0.951780 0.738876
vt 0.949702 0.402972
vt 0.962555 0.402970
vt 0.962581 0.634338
vt 0.949728 0.634339
vt 0.967178 0.404500
vt 0.967155 0.635944
vt 0.963185 0.633408
vt 0.963184 0.408492
vt 0.966525 0.405506
vt 0.979300 0.405503
vt 0.979349 0.630341
vt 0.966574 0.630344
vt 0.945293 0.638520
vt 0.945293 0.403380
vt 0.950405 0.408492
vt 0.950405 0.633409
vt 0.952939 0.290796
vt 0.963725 0.290792
vt 0.963927 0.739447
vt 0.953142 0.739452
vt 0.970714 0.282678
vt 0.981492 0.282677
vt 0.981536 0.731016
vt 0.970759 0.731017
vt 0.989519 0.274777
vt 0.989500 0.735409
vt 0.990863 0.274777
vt 0.990863 0.743805
vt 0.984410 0.400392
vt 0.984460 0.635450
vt 0.945176 0.747424
vt 0.945032 0.286534
vt 0.945592 0.638421
vt 0.945592 0.400360
vt 0.943635 0.747016
vt 0.943797 0.278298
vt 0.980128 0.635959
vt 0.970489 0.282816
vt 0.981411 0.282816
vt 0.981370 0.741535
vt 0.970450 0.741534
vt 0.953028 0.279985
vt 0.963943 0.279983
vt 0.964045 0.738445
vt 0.953130 0.738447
vt 0.949469 0.403251
vt 0.962322 0.403255
vt 0.962271 0.634618
vt 0.949417 0.634616
vt 0.967376 0.404511
vt 0.967270 0.635953
vt 0.963379 0.408502
vt 0.966291 0.405791
vt 0.979066 0.405793
vt 0.979040 0.630627
vt 0.966265 0.630626
vt 0.945489 0.403384
vt 0.951735 0.290785
vt 0.962521 0.290784
vt 0.962582 0.739441
vt 0.951797 0.739443
vt 0.971907 0.282240
vt 0.982684 0.282235
vt 0.982883 0.730576
vt 0.972107 0.730581
vt 0.990708 0.274332
vt 0.990849 0.734967
vt 0.989664 0.274777
vt 0.989517 0.743808
vt 0.984177 0.400684
vt 0.984150 0.635737
vt 0.943829 0.747413
vt 0.943829 0.286520
vt 0.945279 0.638697
vt 0.945360 0.400638
vt 0.944988 0.746591
vt 0.944988 0.277870
vt 0.984388 0.400581
vt 0.984255 0.638685
vt 0.980172 0.636134
vt 0.980276 0.404691
vt 0.970613 0.282815
vt 0.981535 0.282815
vt 0.981495 0.741532
vt 0.970574 0.741531
vt 0.953080 0.279632
vt 0.963995 0.279629
vt 0.964098 0.738094
vt 0.953182 0.738096
vt 0.949363 0.402895
vt 0.962216 0.402898
vt 0.962164 0.634266
vt 0.949310 0.634263
vt 0.967418 0.404685
vt 0.967314 0.636128
vt 0.963345 0.633591
vt 0.963422 0.408676
vt 0.966184 0.405435
vt 0.978959 0.405438
vt 0.978933 0.630275
vt 0.966158 0.630274
vt 0.945452 0.638697
vt 0.945532 0.403556
vt 0.950643 0.408671
vt 0.950565 0.633587
vt 0.951860 0.290785
vt 0.962645 0.290784
vt 0.962706 0.739439
vt 0.951922 0.739440
vt 0.971959 0.281887
vt 0.982736 0.281882
vt 0.982936 0.730225
vt 0.972159 0.730230
vt 0.990760 0.273979
vt 0.990901 0.734615
vt 0.989788 0.274777
vt 0.989641 0.743805
vt 0.984070 0.400328
vt 0.984043 0.635385
vt 0.943954 0.747410
vt 0.943954 0.286521
vt 0.945173 0.638344
vt 0.945254 0.400282
vt 0.945040 0.746240
vt 0.945040 0.277517
vt 0.984009 0.400397
vt 0.983928 0.638500
vt 0.979844 0.635950
vt 0.979897 0.404508
vt 0.970947 0.282815
vt 0.981869 0.282815
vt 0.952854 0.280418
vt 0.963769 0.280419
vt 0.963733 0.738879
vt 0.952818 0.738878
vt 0.949278 0.402720
vt 0.962131 0.402719
vt 0.962158 0.634084
vt 0.949304 0.634086
vt 0.967039 0.404505
vt 0.966986 0.635947
vt 0.963017 0.633411
vt 0.963044 0.408497
vt 0.966100 0.405254
vt 0.978875 0.405251
vt 0.978926 0.630087
vt 0.966151 0.630090
vt 0.945125 0.638520
vt 0.945153 0.403383
vt 0.950264 0.408496
vt 0.950237 0.633409
vt 0.952193 0.290785
vt 0.962978 0.290784
vt 0.963039 0.739438
vt 0.952254 0.739440
vt 0.971733 0.282679
vt 0.982510 0.282677
vt 0.982574 0.731015
vt 0.971797 0.731017
vt 0.990537 0.274777
vt 0.990537 0.735408
vt 0.990121 0.274777
vt 0.989974 0.743805
vt 0.983985 0.400140
vt 0.984038 0.635195
vt 0.944286 0.747409
vt 0.944286 0.286520
vt 0.945168 0.638167
vt 0.945168 0.400109
vt 0.944674 0.747019
vt 0.944815 0.278300
vt 0.983969 0.638509
vt 0.979885 0.635958
vt 0.971423 0.282816
vt 0.982345 0.282816
vt 0.982305 0.741537
vt 0.971385 0.741536
vt 0.953231 0.279632
vt 0.964146 0.279629
vt 0.964248 0.738095
vt 0.953333 0.738097
vt 0.949222 0.403073
vt 0.962075 0.403076
vt 0.962022 0.634443
vt 0.949169 0.634440
vt 0.967132 0.404508
vt 0.967027 0.635952
vt 0.963059 0.633415
vt 0.963136 0.408500
vt 0.966044 0.405612
vt 0.978819 0.405614
vt 0.978791 0.630452
vt 0.966016 0.630451
vt 0.945166 0.638520
vt 0.950279 0.633410
vt 0.952670 0.290785
vt 0.963455 0.290784
vt 0.963517 0.739444
vt 0.952732 0.739445
vt 0.972109 0.281887
vt 0.982887 0.281882
vt 0.983086 0.730226
vt 0.972309 0.730231
vt 0.990911 0.273979
vt 0.991051 0.734616
vt 0.990598 0.274777
vt 0.990451 0.743811
vt 0.983930 0.400504
vt 0.983901 0.635562
vt 0.944764 0.747415
vt 0.944764 0.286521
vt 0.945032 0.638520
vt 0.945113 0.400460
vt 0.945191 0.746241
vt 0.945191 0.277516
vt 0.945118 0.638344
vt 0.945257 0.400249
vt 0.949340 0.402801
vt 0.949231 0.634234
vt 0.971091 0.282815
vt 0.982012 0.282815
vt 0.981972 0.741530
vt 0.971052 0.741529
vt 0.952674 0.280277
vt 0.963590 0.280277
vt 0.963556 0.738742
vt 0.952641 0.738741
vt 0.980049 0.636255
vt 0.967196 0.636257
vt 0.967170 0.404896
vt 0.980023 0.404894
vt 0.962089 0.634240
vt 0.962198 0.402807
vt 0.966166 0.405344
vt 0.966087 0.630248
vt 0.963226 0.633722
vt 0.950451 0.633725
vt 0.950402 0.408892
vt 0.963178 0.408890
vt 0.984060 0.400239
vt 0.952337 0.290785
vt 0.963122 0.290784
vt 0.963184 0.739436
vt 0.952399 0.739438
vt 0.971553 0.282537
vt 0.982331 0.282536
vt 0.982395 0.730879
vt 0.971619 0.730881
vt 0.990358 0.274635
vt 0.990358 0.735271
vt 0.990265 0.274777
vt 0.990119 0.743803
vt 0.945341 0.638836
vt 0.945290 0.403784
vt 0.944431 0.747407
vt 0.944431 0.286521
vt 0.984159 0.400813
vt 0.984159 0.638867
vt 0.944496 0.746882
vt 0.944634 0.278159
vt 0.945358 0.638697
vt 0.949522 0.403140
vt 0.949470 0.634586
vt 0.971343 0.282821
vt 0.982367 0.741538
vt 0.953106 0.279712
vt 0.964020 0.279713
vt 0.963981 0.738174
vt 0.953066 0.738173
vt 0.980207 0.636528
vt 0.967353 0.636529
vt 0.967327 0.405166
vt 0.980180 0.405164
vt 0.962379 0.403143
vt 0.966349 0.405679
vt 0.963382 0.633994
vt 0.950608 0.633997
vt 0.950560 0.409161
vt 0.963335 0.409159
vt 0.984240 0.400570
vt 0.984214 0.635711
vt 0.979104 0.630598
vt 0.979127 0.405680
vt 0.952592 0.290796
vt 0.963377 0.290792
vt 0.963576 0.739450
vt 0.952791 0.739455
vt 0.971982 0.281973
vt 0.982760 0.281971
vt 0.982822 0.730312
vt 0.972045 0.730313
vt 0.990786 0.274071
vt 0.990786 0.734704
vt 0.945499 0.639108
vt 0.945448 0.404052
vt 0.944684 0.286535
vt 0.984317 0.401083
vt 0.984317 0.639139
vt 0.944921 0.746315
vt 0.945066 0.277594
vt 0.949400 0.402793
vt 0.949349 0.634233
vt 0.982248 0.741538
vt 0.971327 0.741540
vt 0.952918 0.280279
vt 0.963833 0.280280
vt 0.963799 0.738746
vt 0.952885 0.738746
vt 0.980146 0.635732
vt 0.967292 0.635734
vt 0.967266 0.404369
vt 0.980119 0.404368
vt 0.962208 0.634235
vt 0.962257 0.402795
vt 0.966205 0.630243
vt 0.963322 0.633199
vt 0.950548 0.633201
vt 0.950498 0.408365
vt 0.963272 0.408363
vt 0.984096 0.635357
vt 0.978985 0.630244
vt 0.979006 0.405332
vt 0.963258 0.290792
vt 0.963457 0.739450
vt 0.952673 0.739455
vt 0.971796 0.282540
vt 0.982573 0.282538
vt 0.982639 0.730883
vt 0.971863 0.730885
vt 0.990601 0.274638
vt 0.990601 0.735275
vt 0.990394 0.743809
vt 0.945440 0.638312
vt 0.945386 0.403257
vt 0.944707 0.747427
vt 0.984256 0.400286
vt 0.984256 0.638344
vt 0.944741 0.746887
vt 0.944878 0.278161
vt 0.945467 0.638520
vt 0.945547 0.400420
vt 0.949630 0.402970
vt 0.949580 0.634409
vt 0.971814 0.282821
vt 0.982735 0.282818
vt 0.982838 0.741538
vt 0.971917 0.741541
vt 0.952735 0.279998
vt 0.963650 0.279998
vt 0.963616 0.738464
vt 0.952701 0.738464
vt 0.979835 0.635732
vt 0.966980 0.635734
vt 0.966954 0.404368
vt 0.979808 0.404367
vt 0.962439 0.634412
vt 0.962489 0.402973
vt 0.966435 0.630419
vt 0.963010 0.633199
vt 0.950235 0.633202
vt 0.950187 0.408364
vt 0.962961 0.408361
vt 0.984326 0.635533
vt 0.979214 0.630420
vt 0.979237 0.405510
vt 0.953063 0.290797
vt 0.963848 0.290792
vt 0.964048 0.739451
vt 0.953263 0.739456
vt 0.971613 0.282258
vt 0.982391 0.282256
vt 0.982455 0.730601
vt 0.971679 0.730603
vt 0.990418 0.274356
vt 0.990418 0.734993
vt 0.990985 0.274777
vt 0.990985 0.743809
vt 0.945075 0.403255
vt 0.945297 0.747428
vt 0.945156 0.286535
vt 0.983944 0.400285
vt 0.983944 0.638344
vt 0.944557 0.746605
vt 0.944695 0.277880
usemtl Interior_Mat
s off
f 1980/2182 1981/2183 1982/2184 1983/2185
f 1984/2186 1982/2187 1985/2188 1986/2189
f 1983/2190 1987/2191 1988/2192 1989/2193
f 1989/2194 1988/2195 1986/2196 1985/2197
f 1984/2198 1987/2199 1983/2185 1982/2184
f 1985/2188 1982/2187 1981/2200 1990/2201
f 1989/2194 1985/2197 1990/2202 1991/2203
f 1991/2204 1980/2205 1983/2190 1989/2193
f 1992/2206 1993/2207 1994/2208 1995/2209
f 1996/2210 1994/2211 1997/2212 1998/2213
f 1995/2214 1999/2215 2000/2216 2001/2217
f 2001/2218 2000/2219 1998/2220 1997/2221
f 1999/2222 1996/2223 2002/2224 2003/2225
f 2004/2226 2005/2227 2006/2228 2007/2229
f 2004/2226 2007/2229 1998/2220 2000/2219
f 2008/2230 2009/2231 2010/2232 2011/2233
f 2011/2234 2002/2235 2007/2236 2006/2237
f 2003/2238 2010/2239 2005/2240 2004/2241
f 2011/2233 2010/2232 2003/2225 2002/2224
f 1996/2223 1999/2222 1995/2209 1994/2208
f 1996/2210 1998/2213 2007/2236 2002/2235
f 2009/2242 2012/2243 2005/2240 2010/2239
f 1997/2212 1994/2211 1993/2244 2013/2245
f 2012/2246 2014/2247 2006/2228 2005/2227
f 2014/2248 2008/2249 2011/2234 2006/2237
f 2001/2218 1997/2221 2013/2250 2015/2251
f 2015/2252 1992/2253 1995/2214 2001/2217
f 2003/2238 2004/2241 2000/2216 1999/2215
f 2016/2254 2017/2255 2018/2256 2019/2257
f 2020/2258 2018/2259 2021/2260 2022/2261
f 2019/2262 2023/2263 2024/2264 2025/2265
f 2025/2266 2024/2267 2022/2268 2021/2269
f 2023/2270 2020/2271 2026/2272 2027/2273
f 2028/2274 2029/2275 2030/2276 2031/2277
f 2028/2274 2031/2277 2022/2268 2024/2267
f 2032/2278 2033/2279 2034/2280 2035/2281
f 2035/2282 2026/2283 2031/2284 2030/2285
f 2027/2286 2034/2287 2029/2288 2028/2289
f 2035/2281 2034/2280 2027/2273 2026/2272
f 2020/2271 2023/2270 2019/2257 2018/2256
f 2020/2258 2022/2261 2031/2284 2026/2283
f 2033/2290 2036/2291 2029/2288 2034/2287
f 2021/2260 2018/2259 2017/2292 2037/2293
f 2036/2294 2038/2295 2030/2276 2029/2275
f 2038/2296 2032/2297 2035/2282 2030/2285
f 2025/2266 2021/2269 2037/2298 2039/2299
f 2039/2300 2016/2301 2019/2262 2025/2265
f 2027/2286 2028/2289 2024/2264 2023/2263
f 2040/2302 2041/2303 2042/2304 2043/2305
f 2044/2258 2042/2259 2045/2306 2046/2307
f 2043/2214 2047/2215 2048/2308 2049/2309
f 2049/2310 2048/2311 2046/2312 2045/2313
f 2047/2314 2044/2315 2050/2316 2051/2317
f 2052/2318 2053/2319 2054/2320 2055/2321
f 2052/2318 2055/2321 2046/2312 2048/2311
f 2056/2322 2057/2323 2058/2324 2059/2325
f 2059/2326 2050/2327 2055/2328 2054/2329
f 2051/2238 2058/2239 2053/2330 2052/2331
f 2059/2325 2058/2324 2051/2317 2050/2316
f 2044/2315 2047/2314 2043/2305 2042/2304
f 2044/2258 2046/2307 2055/2328 2050/2327
f 2057/2242 2060/2332 2053/2330 2058/2239
f 2045/2306 2042/2259 2041/2333 2061/2334
f 2060/2335 2062/2336 2054/2320 2053/2319
f 2062/2296 2056/2337 2059/2326 2054/2329
f 2049/2310 2045/2313 2061/2338 2063/2339
f 2063/2340 2040/2341 2043/2214 2049/2309
f 2051/2238 2052/2331 2048/2308 2047/2215
f 2064/2342 2065/2343 2066/2344 2067/2345
f 2068/2346 2066/2347 2069/2348 2070/2349
f 2067/2350 2071/2351 2072/2352 2073/2353
f 2073/2354 2072/2355 2070/2356 2069/2357
f 2071/2358 2068/2359 2074/2360 2075/2361
f 2076/2362 2077/2363 2078/2364 2079/2365
f 2076/2362 2079/2365 2070/2356 2072/2355
f 2080/2366 2081/2367 2082/2368 2083/2369
f 2083/2370 2074/2371 2079/2372 2078/2373
f 2075/2374 2082/2375 2077/2376 2076/2377
f 2083/2369 2082/2368 2075/2361 2074/2360
f 2068/2359 2071/2358 2067/2345 2066/2344
f 2068/2346 2070/2349 2079/2372 2074/2371
f 2081/2378 2084/2379 2077/2376 2082/2375
f 2069/2348 2066/2347 2065/2380 2085/2381
f 2084/2382 2086/2383 2078/2364 2077/2363
f 2086/2384 2080/2385 2083/2370 2078/2373
f 2073/2354 2069/2357 2085/2386 2087/2387
f 2087/2388 2064/2389 2067/2350 2073/2353
f 2075/2374 2076/2377 2072/2352 2071/2351
f 2088/2206 2089/2207 2090/2390 2091/2209
f 2092/2391 2090/2392 2093/2393 2094/2394
f 2091/2395 2095/2396 2096/2397 2097/2398
f 2097/2399 2096/2400 2094/2401 2093/2402
f 2095/2403 2092/2404 2098/2224 2099/2405
f 2100/2406 2101/2407 2102/2408 2103/2409
f 2100/2406 2103/2409 2094/2401 2096/2400
f 2104/2230 2105/2410 2106/2232 2107/2233
f 2107/2411 2098/2412 2103/2413 2102/2414
f 2099/2415 2106/2416 2101/2417 2100/2418
f 2107/2233 2106/2232 2099/2405 2098/2224
f 2092/2404 2095/2403 2091/2209 2090/2390
f 2092/2391 2094/2394 2103/2413 2098/2412
f 2105/2419 2108/2420 2101/2417 2106/2416
f 2093/2393 2090/2392 2089/2421 2109/2422
f 2108/2423 2110/2424 2102/2408 2101/2407
f 2110/2425 2104/2426 2107/2411 2102/2414
f 2097/2399 2093/2402 2109/2427 2111/2428
f 2111/2429 2088/2430 2091/2395 2097/2398
f 2099/2415 2100/2418 2096/2397 2095/2396
f 2112/2431 2113/2432 2114/2433 2115/2434
f 2116/2435 2114/2436 2117/2437 2118/2438
f 2115/2439 2119/2440 2120/2441 2121/2442
f 2121/2443 2120/2444 2118/2445 2117/2446
f 2119/2447 2116/2448 2122/2449 2123/2450
f 2124/2451 2125/2452 2126/2453 2127/2454
f 2124/2451 2127/2454 2118/2445 2120/2444
f 2128/2455 2129/2456 2130/2457 2131/2458
f 2131/2459 2122/2460 2127/2461 2126/2462
f 2123/2463 2130/2464 2125/2465 2124/2466
f 2131/2458 2130/2457 2123/2450 2122/2449
f 2116/2448 2119/2447 2115/2434 2114/2433
f 2116/2435 2118/2438 2127/2461 2122/2460
f 2129/2467 2132/2468 2125/2465 2130/2464
f 2117/2437 2114/2436 2113/2469 2133/2470
f 2132/2471 2134/2472 2126/2453 2125/2452
f 2134/2473 2128/2474 2131/2459 2126/2462
f 2121/2443 2117/2446 2133/2475 2135/2476
f 2135/2477 2112/2478 2115/2439 2121/2442
f 2123/2463 2124/2466 2120/2441 2119/2440
f 2136/2479 2137/2480 2138/2481 2139/2482
f 2140/2483 2138/2484 2141/2306 2142/2307
f 2139/2485 2143/2486 2144/2487 2145/2488
f 2145/2489 2144/2490 2142/2491 2141/2492
f 2143/2493 2140/2494 2146/2495 2147/2496
f 2148/2497 2149/2498 2150/2499 2151/2500
f 2148/2497 2151/2500 2142/2491 2144/2490
f 2152/2501 2153/2502 2154/2503 2155/2504
f 2155/2505 2146/2506 2151/2507 2150/2508
f 2147/2509 2154/2510 2149/2511 2148/2512
f 2155/2504 2154/2503 2147/2496 2146/2495
f 2140/2494 2143/2493 2139/2482 2138/2481
f 2140/2483 2142/2307 2151/2507 2146/2506
f 2153/2513 2156/2514 2149/2511 2154/2510
f 2141/2306 2138/2484 2137/2515 2157/2516
f 2156/2517 2158/2518 2150/2499 2149/2498
f 2158/2519 2152/2520 2155/2505 2150/2508
f 2145/2489 2141/2492 2157/2521 2159/2522
f 2159/2523 2136/2524 2139/2485 2145/2488
f 2147/2509 2148/2512 2144/2487 2143/2486
f 2160/2342 2161/2525 2162/2526 2163/2345
f 2164/2527 2162/2528 2165/2529 2166/2530
f 2163/2531 2167/2532 2168/2533 2169/2534
f 2169/2535 2168/2536 2166/2537 2165/2538
f 2167/2539 2164/2540 2170/2541 2171/2542
f 2172/2543 2173/2544 2174/2545 2175/2546
f 2172/2543 2175/2546 2166/2537 2168/2536
f 2176/2547 2177/2502 2178/2368 2179/2548
f 2179/2549 2170/2550 2175/2551 2174/2552
f 2171/2553 2178/2554 2173/2555 2172/2556
f 2179/2548 2178/2368 2171/2542 2170/2541
f 2164/2540 2167/2539 2163/2345 2162/2526
f 2164/2527 2166/2530 2175/2551 2170/2550
f 2177/2557 2180/2558 2173/2555 2178/2554
f 2165/2529 2162/2528 2161/2559 2181/2560
f 2180/2561 2182/2562 2174/2545 2173/2544
f 2182/2563 2176/2564 2179/2549 2174/2552
f 2169/2535 2165/2538 2181/2565 2183/2566
f 2183/2567 2160/2568 2163/2531 2169/2534
f 2171/2553 2172/2556 2168/2533 2167/2532
f 2184/2569 2185/2570 2186/2571 2187/2572
f 2188/2573 2186/2574 2189/2575 2190/2576
f 2187/2577 2191/2578 2192/2579 2193/2580
f 2193/2581 2192/2582 2190/2583 2189/2584
f 2191/2585 2188/2586 2194/2587 2195/2588
f 2196/2589 2197/2590 2198/2591 2199/2592
f 2196/2589 2199/2592 2190/2583 2192/2582
f 2200/2593 2201/2472 2202/2453 2203/2498
f 2203/2594 2194/2595 2199/2596 2198/2597
f 2195/2598 2202/2599 2197/2600 2196/2601
f 2203/2498 2202/2453 2195/2588 2194/2587
f 2188/2586 2191/2585 2187/2572 2186/2571
f 2188/2573 2190/2576 2199/2596 2194/2595
f 2201/2602 2204/2603 2197/2600 2202/2599
f 2189/2575 2186/2574 2185/2604 2205/2605
f 2204/2606 2206/2607 2198/2591 2197/2590
f 2206/2608 2200/2609 2203/2594 2198/2597
f 2193/2581 2189/2584 2205/2610 2207/2611
f 2207/2612 2184/2613 2187/2577 2193/2580
f 2195/2598 2196/2601 2192/2579 2191/2578
f 2208/2614 2209/2428 2210/2615 2211/2616
f 2212/2617 2210/2528 2213/2618 2214/2530
f 2211/2619 2215/2620 2216/2621 2217/2622
f 2217/2623 2216/2624 2214/2625 2213/2626
f 2215/2401 2212/2627 2218/2628 2219/2409
f 2220/2629 2221/2630 2222/2631 2223/2632
f 2220/2629 2223/2632 2214/2625 2216/2624
f 2224/2633 2225/2634 2226/2635 2227/2636
f 2227/2637 2218/2638 2223/2639 2222/2640
f 2219/2641 2226/2642 2221/2643 2220/2644
f 2227/2636 2226/2635 2219/2409 2218/2628
f 2212/2627 2215/2401 2211/2616 2210/2615
f 2212/2617 2214/2530 2223/2639 2218/2638
f 2225/2645 2228/2646 2221/2643 2226/2642
f 2213/2618 2210/2528 2209/2513 2229/2560
f 2228/2647 2230/2648 2222/2631 2221/2630
f 2230/2563 2224/2649 2227/2637 2222/2640
f 2217/2623 2213/2626 2229/2650 2231/2651
f 2231/2652 2208/2653 2211/2619 2217/2622
f 2219/2641 2220/2644 2216/2621 2215/2620
f 2232/2475 2233/2570 2234/2654 2235/2655
f 2236/2210 2234/2211 2237/2656 2238/2657
f 2235/2658 2239/2659 2240/2660 2241/2661
f 2241/2662 2240/2663 2238/2664 2237/2665
f 2239/2666 2236/2667 2242/2587 2243/2668
f 2244/2669 2245/2670 2246/2671 2247/2672
f 2244/2669 2247/2672 2238/2664 2240/2663
f 2248/2593 2249/2673 2250/2674 2251/2675
f 2251/2234 2242/2676 2247/2677 2246/2678
f 2243/2679 2250/2680 2245/2681 2244/2682
f 2251/2675 2250/2674 2243/2668 2242/2587
f 2236/2667 2239/2666 2235/2655 2234/2654
f 2236/2210 2238/2657 2247/2677 2242/2676
f 2249/2683 2252/2684 2245/2681 2250/2680
f 2237/2656 2234/2211 2233/2244 2253/2685
f 2252/2686 2254/2687 2246/2671 2245/2670
f 2254/2688 2248/2249 2251/2234 2246/2678
f 2241/2662 2237/2665 2253/2689 2255/2690
f 2255/2691 2232/2692 2235/2658 2241/2661
f 2243/2679 2244/2682 2240/2660 2239/2659
f 2256/2693 2257/2694 2258/2695 2259/2696
f 2260/2697 2258/2698 2261/2699 2262/2700
f 2259/2701 2263/2702 2264/2703 2265/2704
f 2265/2705 2264/2706 2262/2707 2261/2708
f 2263/2709 2260/2710 2266/2362 2267/2711
f 2268/2712 2269/2713 2270/2714 2271/2715
f 2268/2712 2271/2715 2262/2707 2264/2706
f 2272/2206 2273/2716 2274/2717 2275/2718
f 2275/2719 2266/2720 2271/2721 2270/2722
f 2267/2723 2274/2724 2269/2725 2268/2726
f 2275/2718 2274/2717 2267/2711 2266/2362
f 2260/2710 2263/2709 2259/2696 2258/2695
f 2260/2697 2262/2700 2271/2721 2266/2720
f 2273/2727 2276/2728 2269/2725 2274/2724
f 2261/2699 2258/2698 2257/2729 2277/2730
f 2276/2569 2278/2731 2270/2714 2269/2713
f 2278/2732 2272/2733 2275/2719 2270/2722
f 2265/2705 2261/2708 2277/2734 2279/2735
f 2279/2736 2256/2737 2259/2701 2265/2704
f 2267/2723 2268/2726 2264/2703 2263/2702
o Storey02_WindowFrames
v 0.200001 0.940003 3.730000
v 0.200001 0.939999 5.050000
v 0.220000 0.939999 5.050000
v 0.220000 0.939999 3.730000
v 0.220000 0.859996 3.649998
v 0.220000 0.859996 5.130000
v 0.200001 0.859996 5.130000
v 0.200001 0.859996 3.649998
v 0.220000 1.600000 3.649998
v 0.200000 1.600000 3.649998
v 0.220000 1.560000 3.730000
v 0.220000 1.560000 5.050000
v 0.200000 1.560000 5.050000
v 0.200000 1.560000 3.730000
v 0.220000 1.600000 5.130000
v 0.200001 1.600000 5.130000
v 0.149999 0.949997 3.740010
v 0.150000 1.550000 3.740010
v 0.200000 1.539999 3.750010
v 0.200001 0.960000 3.750010
v 0.200001 0.959997 5.030000
v 0.150000 1.550000 5.040000
v 0.149999 0.949997 5.040000
v 0.200000 1.539999 5.030000
v 0.149999 0.959997 3.750010
v 0.150000 1.540001 3.750010
v 0.150000 1.540001 5.030000
v 0.149999 0.959997 5.030000
v 0.200001 1.640005 3.730000
v 0.200001 1.640000 5.050000
v 0.220000 1.640000 5.050000
v 0.220000 1.640000 3.730000
v 0.220000 2.340000 3.649998
v 0.200000 2.340000 3.649998
v 0.220000 2.260000 3.730000
v 0.220000 2.260000 5.050000
v 0.200000 2.260000 5.050000
v 0.200000 2.260000 3.730000
v 0.220000 2.340000 5.130000
v 0.200000 2.340000 5.130000
v 0.149999 1.649998 3.740010
v 0.150000 2.250000 3.740010
v 0.200000 2.240000 3.750010
v 0.200001 1.660001 3.750010
v 0.200001 1.659998 5.030000
v 0.150000 2.250000 5.040000
v 0.149999 1.649998 5.040000
v 0.200000 2.240000 5.030000
v 0.149999 1.659998 3.750010
v 0.150000 2.240001 3.750010
v 0.150000 2.240001 5.030000
v 0.149999 1.659998 5.030000
v 0.200001 3.140004 3.730000
v 0.200001 3.140000 5.050000
v 0.220000 3.140000 5.050000
v 0.220000 3.140000 3.730000
v 0.220000 3.060000 3.649998
v 0.220000 3.060000 5.130000
v 0.200001 3.059997 5.130000
v 0.200001 3.059997 3.649998
v 0.220000 3.800001 3.649998
v 0.200000 3.800001 3.649998
v 0.220000 3.760001 3.730000
v 0.220000 3.760001 5.050000
v 0.200000 3.760001 5.050000
v 0.200000 3.760001 3.730000
v 0.220000 3.800001 5.130000
v 0.200001 3.800001 5.130000
v 0.149999 3.149998 3.740010
v 0.150000 3.750000 3.740010
v 0.200000 3.740000 3.750010
v 0.200001 3.160001 3.750010
v 0.200001 3.159998 5.030000
v 0.150000 3.750000 5.040000
v 0.149999 3.149998 5.040000
v 0.200000 3.740000 5.030000
v 0.149999 3.159998 3.750010
v 0.150000 3.740001 3.750010
v 0.150000 3.740001 5.030000
v 0.149999 3.159998 5.030000
v 0.200001 3.840005 3.730000
v 0.200001 3.840001 5.050000
v 0.220000 3.840001 5.050000
v 0.220000 3.840001 3.730000
v 0.220000 4.540001 3.649998
v 0.200000 4.540001 3.649998
v 0.220000 4.460001 3.730000
v 0.220000 4.460001 5.050000
v 0.200000 4.460001 5.050000
v 0.200000 4.460001 3.730000
v 0.220000 4.540001 5.130000
v 0.200000 4.540001 5.130000
v 0.149999 3.849999 3.740010
v 0.150000 4.450001 3.740010
v 0.200000 4.440001 3.750010
v 0.200001 3.860002 3.750010
v 0.200001 3.859999 5.030000
v 0.150000 4.450001 5.040000
v 0.149999 3.849999 5.040000
v 0.200000 4.440001 5.030000
v 0.149999 3.859999 3.750010
v 0.150000 4.440001 3.750010
v 0.150000 4.440001 5.030000
v 0.149999 3.859999 5.030000
v 0.200001 5.340003 3.730000
v 0.200001 5.339999 5.050000
v 0.220000 5.339999 5.050000
v 0.220000 5.339999 3.730000
v 0.220000 5.260000 3.649998
v 0.220000 5.260000 5.130000
v 0.200001 5.259995 5.130000
v 0.200001 5.259995 3.649998
v 0.220000 6.000000 3.649998
v 0.200000 6.000000 3.649998
v 0.220000 5.960000 3.730000
v 0.220000 5.960000 5.050000
v 0.200000 5.960000 5.050000
v 0.200000 5.960000 3.730000
v 0.220000 6.000000 5.130000
v 0.200001 6.000000 5.130000
v 0.149999 5.349997 3.740010
v 0.150000 5.950000 3.740010
v 0.200000 5.940000 3.750010
v 0.200001 5.360000 3.750010
v 0.200001 5.359997 5.030000
v 0.150000 5.950000 5.040000
v 0.149999 5.349997 5.040000
v 0.200000 5.940000 5.030000
v 0.149999 5.359997 3.750010
v 0.150000 5.940001 3.750010
v 0.150000 5.940001 5.030000
v 0.149999 5.359997 5.030000
v 0.200001 6.040005 3.730000
v 0.200001 6.040000 5.050000
v 0.220000 6.040000 5.050000
v 0.220000 6.040000 3.730000
v 0.220000 6.740000 3.649998
v 0.200000 6.740000 3.649998
v 0.220000 6.660000 3.730000
v 0.220000 6.660000 5.050000
v 0.200000 6.660000 5.050000
v 0.200000 6.660000 3.730000
v 0.220000 6.740000 5.130000
v 0.200000 6.740000 5.130000
v 0.149999 6.049998 3.740010
v 0.150000 6.650000 3.740010
v 0.200000 6.639999 3.750010
v 0.200001 6.060001 3.750010
v 0.200001 6.059999 5.030000
v 0.150000 6.650000 5.040000
v 0.149999 6.049998 5.040000
v 0.200000 6.639999 5.030000
v 0.149999 6.059999 3.750010
v 0.150000 6.640000 3.750010
v 0.150000 6.640000 5.030000
v 0.149999 6.059999 5.030000
v 0.200001 8.140004 3.730000
v 0.200001 8.140000 5.050000
v 0.220000 8.139999 5.050000
v 0.220000 8.139999 3.730000
v 0.220000 8.060000 3.649998
v 0.220000 8.060000 5.130000
v 0.200001 8.059997 5.130000
v 0.200001 8.059997 3.649998
v 0.220000 8.800001 3.649998
v 0.200000 8.800001 3.649998
v 0.220000 8.760001 3.730000
v 0.220000 8.760001 5.050000
v 0.200000 8.760001 5.050000
v 0.200000 8.760001 3.730000
v 0.220000 8.800001 5.130000
v 0.200001 8.800001 5.130000
v 0.149999 8.149998 3.740010
v 0.150000 8.750001 3.740010
v 0.200000 8.740001 3.750010
v 0.200001 8.160001 3.750010
v 0.200001 8.159998 5.030000
v 0.150000 8.750001 5.040000
v 0.149999 8.149998 5.040000
v 0.200000 8.740001 5.030000
v 0.149999 8.159998 3.750010
v 0.150000 8.740002 3.750010
v 0.150000 8.740002 5.030000
v 0.149999 8.159998 5.030000
v 0.200001 8.840006 3.730000
v 0.200001 8.840001 5.050000
v 0.220000 8.840001 5.050000
v 0.220000 8.840001 3.730000
v 0.220000 9.540001 3.649998
v 0.200000 9.540001 3.649998
v 0.220000 9.460001 3.730000
v 0.220000 9.460001 5.050000
v 0.200000 9.460001 5.050000
v 0.200000 9.460001 3.730000
v 0.220000 9.540001 5.130000
v 0.200000 9.540001 5.130000
v 0.149999 8.849999 3.740010
v 0.150000 9.450001 3.740010
v 0.200000 9.440001 3.750010
v 0.200001 8.860003 3.750010
v 0.200001 8.860000 5.030000
v 0.150000 9.450001 5.040000
v 0.149999 8.849999 5.040000
v 0.200000 9.440001 5.030000
v 0.149999 8.860000 3.750010
v 0.150000 9.440001 3.750010
v 0.150000 9.440001 5.030000
v 0.149999 8.860000 5.030000
v 0.200001 10.340004 3.730000
v 0.200001 10.340000 5.050000
v 0.220000 10.339999 5.050000
v 0.220000 10.339999 3.730000
v 0.220000 10.260000 3.649998
v 0.220000 10.260000 5.130000
v 0.200001 10.259996 5.130000
v 0.200001 10.259996 3.649998
v 0.220000 11.000001 3.649998
v 0.200000 11.000001 3.649998
v 0.220000 10.960001 3.730000
v 0.220000 10.960001 5.050000
v 0.200000 10.960001 5.050000
v 0.200000 10.960001 3.730000
v 0.220000 11.000001 5.130000
v 0.200001 11.000001 5.130000
v 0.149999 10.349998 3.740010
v 0.150000 10.950001 3.740010
v 0.200000 10.940001 3.750010
v 0.200001 10.360001 3.750010
v 0.200001 10.359998 5.030000
v 0.150000 10.950001 5.040000
v 0.149999 10.349998 5.040000
v 0.200000 10.940001 5.030000
v 0.149999 10.359998 3.750010
v 0.150000 10.940001 3.750010
v 0.150000 10.940001 5.030000
v 0.149999 10.359998 5.030000
v 0.200001 11.040006 3.730000
v 0.200001 11.040001 5.050000
v 0.220000 11.040001 5.050000
v 0.220000 11.040001 3.730000
v 0.220000 11.740001 3.649998
v 0.200000 11.740001 3.649998
v 0.220000 11.660001 3.730000
v 0.220000 11.660001 5.050000
v 0.200000 11.660001 5.050000
v 0.200000 11.660001 3.730000
v 0.220000 11.740001 5.130000
v 0.200000 11.740001 5.130000
v 0.149999 11.049999 3.740010
v 0.150000 11.650001 3.740010
v 0.200000 11.640000 3.750010
v 0.200001 11.060002 3.750010
v 0.200001 11.059999 5.030000
v 0.150000 11.650001 5.040000
v 0.149999 11.049999 5.040000
v 0.200000 11.640000 5.030000
v 0.149999 11.059999 3.750010
v 0.150000 11.640001 3.750010
v 0.150000 11.640001 5.030000
v 0.149999 11.059999 5.030000
v 0.200001 13.140003 3.730000
v 0.200001 13.139999 5.050000
v 0.220000 13.139998 5.050000
v 0.220000 13.139998 3.730000
v 0.220000 13.059996 3.649998
v 0.220000 13.059996 5.130000
v 0.200001 13.059996 5.130000
v 0.200001 13.059996 3.649998
v 0.220000 13.800000 3.649998
v 0.200000 13.800000 3.649998
v 0.220000 13.760000 3.730000
v 0.220000 13.760000 5.050000
v 0.200000 13.760000 5.050000
v 0.200000 13.760000 3.730000
v 0.220000 13.800000 5.130000
v 0.200001 13.800000 5.130000
v 0.149999 13.149997 3.740010
v 0.150000 13.750000 3.740010
v 0.200000 13.740000 3.750010
v 0.200001 13.160000 3.750010
v 0.200001 13.159997 5.030000
v 0.150000 13.750000 5.040000
v 0.149999 13.149997 5.040000
v 0.200000 13.740000 5.030000
v 0.149999 13.159997 3.750010
v 0.150000 13.740001 3.750010
v 0.150000 13.740001 5.030000
v 0.149999 13.159997 5.030000
v 0.200001 13.840005 3.730000
v 0.200001 13.840000 5.050000
v 0.220000 13.840000 5.050000
v 0.220000 13.840000 3.730000
v 0.220000 14.540000 3.649998
v 0.200000 14.540000 3.649998
v 0.220000 14.460000 3.730000
v 0.220000 14.460000 5.050000
v 0.200000 14.460000 5.050000
v 0.200000 14.460000 3.730000
v 0.220000 14.540000 5.130000
v 0.200000 14.540000 5.130000
v 0.149999 13.849998 3.740010
v 0.150000 14.450000 3.740010
v 0.200000 14.440000 3.750010
v 0.200001 13.860002 3.750010
v 0.200001 13.859999 5.030000
v 0.150000 14.450000 5.040000
v 0.149999 13.849998 5.040000
v 0.200000 14.440000 5.030000
v 0.149999 13.859999 3.750010
v 0.150000 14.440001 3.750010
v 0.150000 14.440001 5.030000
v 0.149999 13.859999 5.030000
v 0.200001 15.340005 3.730000
v 0.200001 15.340001 5.050000
v 0.220000 15.340000 5.050000
v 0.220000 15.340000 3.730000
v 0.220000 15.259997 3.649998
v 0.220000 15.259997 5.130000
v 0.200001 15.259997 5.130000
v 0.200001 15.259997 3.649998
v 0.220000 16.000002 3.649998
v 0.200000 16.000002 3.649998
v 0.220000 15.960002 3.730000
v 0.220000 15.960002 5.050000
v 0.200000 15.960002 5.050000
v 0.200000 15.960002 3.730000
v 0.220000 16.000002 5.130000
v 0.200001 16.000002 5.130000
v 0.149999 15.349998 3.740010
v 0.150000 15.950002 3.740010
v 0.200000 15.940001 3.750010
v 0.200001 15.360002 3.750010
v 0.200001 15.359999 5.030000
v 0.150000 15.950002 5.040000
v 0.149999 15.349998 5.040000
v 0.200000 15.940001 5.030000
v 0.149999 15.359999 3.750010
v 0.150000 15.940002 3.750010
v 0.150000 15.940002 5.030000
v 0.149999 15.359999 5.030000
v 0.200001 16.040007 3.730000
v 0.200001 16.040001 5.050000
v 0.220000 16.040001 5.050000
v 0.220000 16.040001 3.730000
v 0.220000 16.740000 3.649998
v 0.200000 16.740002 3.649998
v 0.220000 16.660002 3.730000
v 0.220000 16.660002 5.050000
v 0.200000 16.660002 5.050000
v 0.200000 16.660002 3.730000
v 0.220000 16.740000 5.130000
v 0.200000 16.740002 5.130000
v 0.149999 16.049999 3.740010
v 0.150000 16.650002 3.740010
v 0.200000 16.640001 3.750010
v 0.200001 16.060003 3.750010
v 0.200001 16.060001 5.030000
v 0.150000 16.650002 5.040000
v 0.149999 16.049999 5.040000
v 0.200000 16.640001 5.030000
v 0.149999 16.060001 3.750010
v 0.150000 16.640003 3.750010
v 0.150000 16.640003 5.030000
v 0.149999 16.060001 5.030000
v 0.200001 17.540005 3.730000
v 0.200001 17.540001 5.050000
v 0.220000 17.540001 5.050000
v 0.220000 17.540001 3.730000
v 0.220000 17.459999 3.649998
v 0.220000 17.459999 5.130000
v 0.200001 17.459999 5.130000
v 0.200001 17.459999 3.649998
v 0.220000 18.200003 3.649998
v 0.200000 18.200003 3.649998
v 0.220000 18.160004 3.730000
v 0.220000 18.160004 5.050000
v 0.200000 18.160004 5.050000
v 0.200000 18.160004 3.730000
v 0.220000 18.200003 5.130000
v 0.200001 18.200003 5.130000
v 0.149999 17.549999 3.740010
v 0.150000 18.150002 3.740010
v 0.200000 18.140003 3.750010
v 0.200001 17.560001 3.750010
v 0.200001 17.559999 5.030000
v 0.150000 18.150002 5.040000
v 0.149999 17.549999 5.040000
v 0.200000 18.140003 5.030000
v 0.149999 17.559999 3.750010
v 0.150000 18.140003 3.750010
v 0.150000 18.140003 5.030000
v 0.149999 17.559999 5.030000
v 0.200001 18.240007 3.730000
v 0.200001 18.240002 5.050000
v 0.220000 18.240002 5.050000
v 0.220000 18.240002 3.730000
v 0.220000 18.940001 3.649998
v 0.200000 18.940002 3.649998
v 0.220000 18.860003 3.730000
v 0.220000 18.860003 5.050000
v 0.200000 18.860003 5.050000
v 0.200000 18.860003 3.730000
v 0.220000 18.940001 5.130000
v 0.200000 18.940002 5.130000
v 0.149999 18.250000 3.740010
v 0.150000 18.850002 3.740010
v 0.200000 18.840002 3.750010
v 0.200001 18.260004 3.750010
v 0.200001 18.260002 5.030000
v 0.150000 18.850002 5.040000
v 0.149999 18.250000 5.040000
v 0.200000 18.840002 5.030000
v 0.149999 18.260002 3.750010
v 0.150000 18.840004 3.750010
v 0.150000 18.840004 5.030000
v 0.149999 18.260002 5.030000
v 0.830003 19.599995 3.730000
v 0.829999 19.599995 5.050000
v 0.829999 19.579996 5.050000
v 0.829999 19.579996 3.730000
v 0.749997 19.579996 3.649998
v 0.749997 19.579996 5.130000
v 0.749997 19.599995 5.130000
v 0.749997 19.599995 3.649998
v 1.490001 19.579994 3.649998
v 1.490001 19.599995 3.649998
v 1.450002 19.579994 3.730000
v 1.450002 19.579994 5.050000
v 1.450002 19.599995 5.050000
v 1.450002 19.599995 3.730000
v 1.490001 19.579994 5.130000
v 1.490001 19.599995 5.130000
v 0.839997 19.649996 3.740010
v 1.440000 19.649994 3.740010
v 1.430001 19.599995 3.750010
v 0.849999 19.599995 3.750010
v 0.849997 19.599995 5.030000
v 1.440000 19.649994 5.040000
v 0.839997 19.649996 5.040000
v 1.430001 19.599995 5.030000
v 0.849997 19.649996 3.750010
v 1.430001 19.649994 3.750010
v 1.430001 19.649994 5.030000
v 0.849997 19.649996 5.030000
v 1.530005 19.599995 3.730000
v 1.530000 19.599995 5.050000
v 1.530000 19.579994 5.050000
v 1.530000 19.579994 3.730000
v 2.230000 19.579994 3.649998
v 2.230000 19.599995 3.649998
v 2.150001 19.579994 3.730000
v 2.150001 19.579994 5.050000
v 2.150001 19.599995 5.050000
v 2.150001 19.599995 3.730000
v 2.230000 19.579994 5.130000
v 2.230000 19.599995 5.130000
v 1.539998 19.649996 3.740010
v 2.140000 19.649994 3.740010
v 2.130000 19.599995 3.750010
v 1.550002 19.599995 3.750010
v 1.550000 19.599995 5.030000
v 2.140000 19.649994 5.040000
v 1.539998 19.649996 5.040000
v 2.130000 19.599995 5.030000
v 1.550000 19.649996 3.750010
v 2.130002 19.649994 3.750010
v 2.130002 19.649994 5.030000
v 1.550000 19.649996 5.030000
v 2.149996 0.200002 3.730000
v 2.150000 0.200002 5.050000
v 2.150000 0.220001 5.050000
v 2.150000 0.220001 3.730000
v 2.230003 0.220001 3.650000
v 2.230003 0.220001 5.130000
v 2.230003 0.200002 5.130000
v 2.230003 0.200002 3.649998
v 1.489999 0.220001 3.650000
v 1.489999 0.200001 3.649998
v 1.529999 0.220001 3.730000
v 1.529999 0.220001 5.050000
v 1.529999 0.200001 5.050000
v 1.529999 0.200001 3.730000
v 1.489999 0.220001 5.130000
v 1.489999 0.200002 5.130000
v 2.140002 0.150001 3.740010
v 1.539999 0.150001 3.740010
v 1.550000 0.200001 3.750010
v 2.129999 0.200002 3.750010
v 2.130002 0.200002 5.030000
v 1.539999 0.150001 5.040000
v 2.140002 0.150001 5.040000
v 1.550000 0.200001 5.030000
v 2.130002 0.150001 3.750010
v 1.549998 0.150001 3.750010
v 1.549998 0.150001 5.030000
v 2.130002 0.150001 5.030000
v 1.449994 0.200002 3.730000
v 1.449999 0.200002 5.050000
v 1.449999 0.220001 5.050000
v 1.449999 0.220001 3.730000
v 0.749999 0.220001 3.649998
v 0.749999 0.200001 3.649998
v 0.829999 0.220001 3.730000
v 0.829999 0.220001 5.050000
v 0.829999 0.200001 5.050000
v 0.829999 0.200001 3.730000
v 0.749999 0.220001 5.130000
v 0.749999 0.200001 5.130000
v 1.440001 0.150001 3.740010
v 0.839999 0.150001 3.740010
v 0.850000 0.200001 3.750010
v 1.429998 0.200002 3.750010
v 1.430001 0.200002 5.030000
v 0.839999 0.150001 5.040000
v 1.440001 0.150001 5.040000
v 0.850000 0.200001 5.030000
v 1.430001 0.150001 3.750010
v 0.849998 0.150001 3.750010
v 0.849998 0.150001 5.030000
v 1.430001 0.150001 5.030000
v 7.959996 0.200002 3.730000
v 7.960001 0.200002 5.050000
v 7.960001 0.220001 5.050000
v 7.960001 0.220001 3.730000
v 8.040004 0.220001 3.649998
v 8.040004 0.220001 5.130000
v 8.040004 0.200002 5.130000
v 8.040004 0.200002 3.649998
v 7.299999 0.220001 3.649998
v 7.299999 0.200001 3.649998
v 7.340000 0.220001 3.730000
v 7.340000 0.220001 5.050000
v 7.340000 0.200001 5.050000
v 7.340000 0.200001 3.730000
v 7.299999 0.220001 5.130000
v 7.299999 0.200002 5.130000
v 7.950003 0.150001 3.740010
v 7.350000 0.150001 3.740010
v 7.360000 0.200001 3.750010
v 7.940000 0.200002 3.750010
v 7.940002 0.200002 5.030000
v 7.350000 0.150001 5.040000
v 7.950003 0.150001 5.040000
v 7.360000 0.200001 5.030000
v 7.940002 0.150001 3.750010
v 7.359999 0.150001 3.750010
v 7.359999 0.150001 5.030000
v 7.940002 0.150001 5.030000
v 7.259995 0.200002 3.730000
v 7.259999 0.200002 5.050000
v 7.259999 0.220001 5.050000
v 7.259999 0.220001 3.730000
v 6.559999 0.220001 3.649998
v 6.559999 0.200001 3.649998
v 6.639999 0.220001 3.730000
v 6.639999 0.220001 5.050000
v 6.639999 0.200001 5.050000
v 6.639999 0.200001 3.730000
v 6.559999 0.220001 5.130000
v 6.559999 0.200001 5.130000
v 7.250001 0.150001 3.740010
v 6.650000 0.150001 3.740010
v 6.660000 0.200001 3.750010
v 7.239998 0.200002 3.750010
v 7.240001 0.200002 5.030000
v 6.650000 0.150001 5.040000
v 7.250001 0.150001 5.040000
v 6.660000 0.200001 5.030000
v 7.240001 0.150001 3.750010
v 6.659998 0.150001 3.750010
v 6.659998 0.150001 5.030000
v 7.240001 0.150001 5.030000
v 8.299999 2.349997 3.730000
v 8.299999 2.350001 5.050000
v 8.280000 2.350001 5.050000
v 8.280000 2.350001 3.730000
v 8.280000 2.430004 3.649998
v 8.280000 2.430004 5.130000
v 8.299999 2.430004 5.130000
v 8.299999 2.430004 3.649998
v 8.280001 1.689999 3.649998
v 8.300000 1.689999 3.649998
v 8.280001 1.730000 3.730000
v 8.280001 1.730000 5.050000
v 8.300000 1.730000 5.050000
v 8.300000 1.730000 3.730000
v 8.280001 1.689999 5.130000
v 8.299999 1.689999 5.130000
v 8.350000 2.340003 3.740010
v 8.350000 1.740000 3.740010
v 8.300000 1.750000 3.750010
v 8.299999 2.330000 3.750010
v 8.299999 2.330003 5.030000
v 8.350000 1.740000 5.040000
v 8.350000 2.340003 5.040000
v 8.300000 1.750000 5.030000
v 8.350000 2.330003 3.750010
v 8.350000 1.749999 3.750010
v 8.350000 1.749999 5.030000
v 8.350000 2.330003 5.030000
v 8.299999 1.649995 3.730000
v 8.299999 1.649999 5.050000
v 8.280001 1.649999 5.050000
v 8.280001 1.649999 3.730000
v 8.280001 0.950000 3.649998
v 8.300001 0.950000 3.649998
v 8.280001 1.029999 3.730000
v 8.280001 1.029999 5.050000
v 8.300001 1.030000 5.050000
v 8.300001 1.030000 3.730000
v 8.280001 0.950000 5.130000
v 8.300001 0.950000 5.130000
v 8.350000 1.640001 3.740010
v 8.350000 1.040000 3.740010
v 8.300001 1.050000 3.750010
v 8.299999 1.629998 3.750010
v 8.299999 1.630001 5.030000
v 8.350000 1.040000 5.040000
v 8.350000 1.640001 5.040000
v 8.300001 1.050000 5.030000
v 8.350000 1.630001 3.750010
v 8.350000 1.049999 3.750010
v 8.350000 1.049999 5.030000
v 8.350000 1.630001 5.030000
v 8.299999 5.729996 3.730000
v 8.299999 5.730000 5.050000
v 8.280000 5.730000 5.050000
v 8.280000 5.730000 3.730000
v 8.280000 5.810003 3.649998
v 8.280000 5.810003 5.130000
v 8.299999 5.810004 5.130000
v 8.299999 5.810004 3.649998
v 8.280001 5.069999 3.649998
v 8.300000 5.069999 3.649998
v 8.280001 5.110000 3.730000
v 8.280001 5.110000 5.050000
v 8.300000 5.110000 5.050000
v 8.300000 5.110000 3.730000
v 8.280001 5.069999 5.130000
v 8.299999 5.069999 5.130000
v 8.350000 5.720003 3.740010
v 8.350000 5.120000 3.740010
v 8.300000 5.130000 3.750010
v 8.299999 5.710000 3.750010
v 8.299999 5.710002 5.030000
v 8.350000 5.120000 5.040000
v 8.350000 5.720003 5.040000
v 8.300000 5.130000 5.030000
v 8.350000 5.710002 3.750010
v 8.350000 5.129999 3.750010
v 8.350000 5.129999 5.030000
v 8.350000 5.710002 5.030000
v 8.299999 5.029995 3.730000
v 8.299999 5.029999 5.050000
v 8.280001 5.029999 5.050000
v 8.280001 5.029999 3.730000
v 8.280001 4.329999 3.649998
v 8.300001 4.329999 3.649998
v 8.280001 4.409999 3.730000
v 8.280001 4.409999 5.050000
v 8.300001 4.409999 5.050000
v 8.300001 4.409999 3.730000
v 8.280001 4.329999 5.130000
v 8.300001 4.329999 5.130000
v 8.350000 5.020001 3.740010
v 8.350000 4.420000 3.740010
v 8.300001 4.430000 3.750010
v 8.299999 5.009998 3.750010
v 8.299999 5.010001 5.030000
v 8.350000 4.420000 5.040000
v 8.350000 5.020001 5.040000
v 8.300001 4.430000 5.030000
v 8.350000 5.010001 3.750010
v 8.350000 4.429998 3.750010
v 8.350000 4.429998 5.030000
v 8.350000 5.010001 5.030000
v 8.299999 9.079995 3.730000
v 8.299999 9.080000 5.050000
v 8.280000 9.080000 5.050000
v 8.280000 9.080000 3.730000
v 8.280000 9.160003 3.649998
v 8.280000 9.160003 5.130000
v 8.299999 9.160003 5.130000
v 8.299999 9.160003 3.649998
v 8.280001 8.419999 3.649998
v 8.300000 8.419999 3.649998
v 8.280001 8.459999 3.730000
v 8.280001 8.459999 5.050000
v 8.300000 8.459999 5.050000
v 8.300000 8.459999 3.730000
v 8.280001 8.419999 5.130000
v 8.299999 8.419999 5.130000
v 8.350000 9.070003 3.740010
v 8.350000 8.469999 3.740010
v 8.300000 8.480000 3.750010
v 8.299999 9.059999 3.750010
v 8.299999 9.060002 5.030000
v 8.350000 8.469999 5.040000
v 8.350000 9.070003 5.040000
v 8.300000 8.480000 5.030000
v 8.350000 9.060002 3.750010
v 8.350000 8.479999 3.750010
v 8.350000 8.479999 5.030000
v 8.350000 9.060002 5.030000
v 8.299999 8.379994 3.730000
v 8.299999 8.379998 5.050000
v 8.280001 8.379998 5.050000
v 8.280001 8.379998 3.730000
v 8.280001 7.679999 3.649998
v 8.300001 7.679999 3.649998
v 8.280001 7.759998 3.730000
v 8.280001 7.759998 5.050000
v 8.300001 7.759999 5.050000
v 8.300001 7.759999 3.730000
v 8.280001 7.679999 5.130000
v 8.300001 7.679999 5.130000
v 8.350000 8.370000 3.740010
v 8.350000 7.769999 3.740010
v 8.300001 7.779999 3.750010
v 8.299999 8.359998 3.750010
v 8.299999 8.360001 5.030000
v 8.350000 7.769999 5.040000
v 8.350000 8.370000 5.040000
v 8.300001 7.779999 5.030000
v 8.350000 8.360001 3.750010
v 8.350000 7.779998 3.750010
v 8.350000 7.779998 5.030000
v 8.350000 8.360001 5.030000
v 8.299999 12.489997 3.730000
v 8.299999 12.490002 5.050000
v 8.280000 12.490002 5.050000
v 8.280000 12.490002 3.730000
v 8.280000 12.570004 3.649998
v 8.280000 12.570004 5.130000
v 8.299999 12.570004 5.130000
v 8.299999 12.570004 3.649998
v 8.280001 11.830001 3.649998
v 8.300000 11.830001 3.649998
v 8.280001 11.870001 3.730000
v 8.280001 11.870001 5.050000
v 8.300000 11.870001 5.050000
v 8.300000 11.870001 3.730000
v 8.280001 11.830001 5.130000
v 8.299999 11.830001 5.130000
v 8.350000 12.480004 3.740010
v 8.350000 11.880001 3.740010
v 8.300000 11.890001 3.750010
v 8.299999 12.470000 3.750010
v 8.299999 12.470004 5.030000
v 8.350000 11.880001 5.040000
v 8.350000 12.480004 5.040000
v 8.300000 11.890001 5.030000
v 8.350000 12.470004 3.750010
v 8.350000 11.890000 3.750010
v 8.350000 11.890000 5.030000
v 8.350000 12.470004 5.030000
v 8.299999 11.789996 3.730000
v 8.299999 11.790000 5.050000
v 8.280001 11.790000 5.050000
v 8.280001 11.790000 3.730000
v 8.280001 11.090000 3.649998
v 8.300001 11.090000 3.649998
v 8.280001 11.170000 3.730000
v 8.280001 11.170000 5.050000
v 8.300001 11.170000 5.050000
v 8.300001 11.170000 3.730000
v 8.280001 11.090000 5.130000
v 8.300001 11.090000 5.130000
v 8.350000 11.780002 3.740010
v 8.350000 11.180000 3.740010
v 8.300001 11.190001 3.750010
v 8.299999 11.770000 3.750010
v 8.299999 11.770002 5.030000
v 8.350000 11.180000 5.040000
v 8.350000 11.780002 5.040000
v 8.300001 11.190001 5.030000
v 8.350000 11.770002 3.750010
v 8.350000 11.190000 3.750010
v 8.350000 11.190000 5.030000
v 8.350000 11.770002 5.030000
v 8.299999 15.869990 3.730000
v 8.299999 15.869995 5.050000
v 8.280000 15.869995 5.050000
v 8.280000 15.869995 3.730000
v 8.280000 15.949998 3.649998
v 8.280000 15.949998 5.130000
v 8.299999 15.949998 5.130000
v 8.299999 15.949998 3.649998
v 8.280001 15.209994 3.649998
v 8.300000 15.209994 3.649998
v 8.280001 15.249994 3.730000
v 8.280001 15.249994 5.050000
v 8.300000 15.249994 5.050000
v 8.300000 15.249994 3.730000
v 8.280001 15.209994 5.130000
v 8.299999 15.209994 5.130000
v 8.350000 15.859998 3.740010
v 8.350000 15.259995 3.740010
v 8.300000 15.269995 3.750010
v 8.299999 15.849994 3.750010
v 8.299999 15.849998 5.030000
v 8.350000 15.259995 5.040000
v 8.350000 15.859998 5.040000
v 8.300000 15.269995 5.030000
v 8.350000 15.849998 3.750010
v 8.350000 15.269994 3.750010
v 8.350000 15.269994 5.030000
v 8.350000 15.849998 5.030000
v 8.299999 15.169990 3.730000
v 8.299999 15.169993 5.050000
v 8.280001 15.169993 5.050000
v 8.280001 15.169993 3.730000
v 8.280001 14.469994 3.649998
v 8.300001 14.469994 3.649998
v 8.280001 14.549994 3.730000
v 8.280001 14.549994 5.050000
v 8.300001 14.549994 5.050000
v 8.300001 14.549994 3.730000
v 8.280001 14.469994 5.130000
v 8.300001 14.469994 5.130000
v 8.350000 15.159995 3.740010
v 8.350000 14.559994 3.740010
v 8.300001 14.569994 3.750010
v 8.299999 15.149993 3.750010
v 8.299999 15.149996 5.030000
v 8.350000 14.559994 5.040000
v 8.350000 15.159995 5.040000
v 8.300001 14.569994 5.030000
v 8.350000 15.149996 3.750010
v 8.350000 14.569993 3.750010
v 8.350000 14.569993 5.030000
v 8.350000 15.149996 5.030000
vt 0.907711 0.292321
vt 0.907705 0.508490
vt 0.903932 0.508498
vt 0.903938 0.292329
vt 0.890837 0.279227
vt 0.890830 0.521599
vt 0.886600 0.521613
vt 0.886606 0.279242
vt 0.890405 0.280009
vt 0.890405 0.408101
vt 0.886944 0.408101
vt 0.886943 0.280009
vt 0.905816 0.293616
vt 0.905843 0.509000
vt 0.902084 0.509009
vt 0.902056 0.293624
vt 0.907715 0.286933
vt 0.907715 0.394252
vt 0.904253 0.394253
vt 0.904253 0.286933
vt 0.905028 0.393917
vt 0.905027 0.286596
vt 0.918875 0.279672
vt 0.918875 0.407765
vt 0.922337 0.279672
vt 0.922337 0.407765
vt 0.901566 0.393917
vt 0.901565 0.286596
vt 0.912341 0.280561
vt 0.912372 0.522053
vt 0.911179 0.290395
vt 0.911179 0.390791
vt 0.911427 0.295606
vt 0.911429 0.504782
vt 0.898389 0.505760
vt 0.898354 0.297329
vt 0.898104 0.390456
vt 0.898103 0.290058
vt 0.921618 0.288612
vt 0.921617 0.392524
vt 0.919834 0.390791
vt 0.919834 0.290395
vt 0.890247 0.505761
vt 0.890212 0.297330
vt 0.887665 0.392239
vt 0.887665 0.288328
vt 0.889448 0.290058
vt 0.889449 0.390456
vt 0.919600 0.504782
vt 0.919598 0.295606
vt 0.923314 0.291892
vt 0.923279 0.506390
vt 0.886545 0.509463
vt 0.886546 0.295728
vt 0.922629 0.293606
vt 0.922657 0.508989
vt 0.918898 0.508998
vt 0.918870 0.293615
vt 0.906613 0.292833
vt 0.906616 0.509020
vt 0.902843 0.509028
vt 0.902839 0.292841
vt 0.908079 0.293486
vt 0.908079 0.400806
vt 0.904617 0.400806
vt 0.904617 0.293486
vt 0.890770 0.279638
vt 0.890769 0.407730
vt 0.887307 0.407730
vt 0.887307 0.279638
vt 0.921559 0.279733
vt 0.921559 0.407826
vt 0.918097 0.407826
vt 0.918096 0.279733
vt 0.904249 0.293581
vt 0.904249 0.400902
vt 0.900788 0.400902
vt 0.900787 0.293581
vt 0.919715 0.279730
vt 0.919719 0.522122
vt 0.923945 0.279715
vt 0.923949 0.522107
vt 0.911542 0.296948
vt 0.911543 0.397344
vt 0.926332 0.296878
vt 0.926367 0.505294
vt 0.899134 0.505767
vt 0.899123 0.296559
vt 0.897326 0.397441
vt 0.897325 0.297043
vt 0.921981 0.295166
vt 0.921981 0.399077
vt 0.920198 0.397344
vt 0.920197 0.296948
vt 0.890962 0.505767
vt 0.890950 0.296559
vt 0.886887 0.399224
vt 0.886888 0.295313
vt 0.888670 0.297043
vt 0.888671 0.397441
vt 0.934509 0.505292
vt 0.934473 0.296877
vt 0.938175 0.293176
vt 0.938175 0.506894
vt 0.887246 0.509482
vt 0.887271 0.294951
vt 0.907646 0.508490
vt 0.886541 0.521613
vt 0.886547 0.279242
vt 0.890552 0.280009
vt 0.890553 0.408100
vt 0.887091 0.408101
vt 0.887091 0.280009
vt 0.905893 0.293642
vt 0.905920 0.509026
vt 0.902161 0.509035
vt 0.902133 0.293651
vt 0.907862 0.286933
vt 0.907862 0.394252
vt 0.904401 0.394253
vt 0.904400 0.286933
vt 0.904340 0.396128
vt 0.904336 0.288807
vt 0.918183 0.281883
vt 0.918188 0.409975
vt 0.921645 0.281883
vt 0.921650 0.409976
vt 0.900878 0.396129
vt 0.900874 0.288807
vt 0.912418 0.280588
vt 0.911326 0.290395
vt 0.911326 0.390791
vt 0.898465 0.505786
vt 0.898431 0.297355
vt 0.897416 0.392667
vt 0.897412 0.292269
vt 0.921765 0.288612
vt 0.921764 0.392524
vt 0.919981 0.390791
vt 0.919981 0.290395
vt 0.890323 0.505787
vt 0.890289 0.297356
vt 0.886977 0.394451
vt 0.886974 0.290540
vt 0.888757 0.292270
vt 0.888761 0.392668
vt 0.919541 0.504781
vt 0.919538 0.295606
vt 0.923220 0.506390
vt 0.886622 0.509489
vt 0.886623 0.295754
vt 0.922706 0.293633
vt 0.918975 0.509024
vt 0.906225 0.293256
vt 0.906224 0.509443
vt 0.902450 0.509451
vt 0.902451 0.293265
vt 0.907668 0.293856
vt 0.907668 0.401176
vt 0.904207 0.401177
vt 0.904206 0.293856
vt 0.921476 0.279749
vt 0.921479 0.407841
vt 0.918017 0.407842
vt 0.918014 0.279749
vt 0.900708 0.400918
vt 0.900705 0.293597
vt 0.919327 0.280154
vt 0.919326 0.522545
vt 0.923557 0.280139
vt 0.923557 0.522530
vt 0.911132 0.297319
vt 0.911132 0.397714
vt 0.926409 0.296905
vt 0.898741 0.506189
vt 0.898735 0.296983
vt 0.897246 0.397456
vt 0.897243 0.297059
vt 0.921571 0.295536
vt 0.921570 0.399447
vt 0.919787 0.397714
vt 0.919786 0.297319
vt 0.890569 0.506189
vt 0.890563 0.296983
vt 0.886807 0.399240
vt 0.886806 0.295329
vt 0.888588 0.297059
vt 0.888590 0.397457
vt 0.934585 0.505319
vt 0.934550 0.296904
vt 0.938251 0.293202
vt 0.938251 0.506921
vt 0.886853 0.509905
vt 0.886883 0.295374
vt 0.908426 0.292799
vt 0.908426 0.508966
vt 0.904653 0.508974
vt 0.904653 0.292807
vt 0.891552 0.279706
vt 0.891552 0.522075
vt 0.887321 0.522090
vt 0.887321 0.279721
vt 0.890327 0.280047
vt 0.890326 0.408139
vt 0.905840 0.293715
vt 0.905867 0.509098
vt 0.902108 0.509107
vt 0.907637 0.286972
vt 0.907636 0.394291
vt 0.904174 0.394292
vt 0.904175 0.286972
vt 0.904356 0.394183
vt 0.918205 0.279938
vt 0.918204 0.408032
vt 0.921666 0.279938
vt 0.921666 0.408033
vt 0.900894 0.394183
vt 0.900895 0.286861
vt 0.912365 0.280660
vt 0.912396 0.522152
vt 0.911100 0.290434
vt 0.911100 0.390830
vt 0.912142 0.296084
vt 0.912150 0.505257
vt 0.898412 0.505858
vt 0.897433 0.390721
vt 0.897433 0.290323
vt 0.921539 0.288652
vt 0.921538 0.392563
vt 0.890270 0.505859
vt 0.890237 0.297429
vt 0.886994 0.392504
vt 0.886995 0.288593
vt 0.888778 0.290323
vt 0.888778 0.390721
vt 0.920321 0.505256
vt 0.920313 0.296083
vt 0.924028 0.292369
vt 0.924000 0.506864
vt 0.886569 0.509561
vt 0.922653 0.293704
vt 0.922681 0.509088
vt 0.918922 0.509096
vt 0.918894 0.293713
vt 0.906149 0.292928
vt 0.906149 0.509114
vt 0.902376 0.509122
vt 0.902375 0.292936
vt 0.907955 0.294417
vt 0.907959 0.401738
vt 0.904498 0.401739
vt 0.904494 0.294417
vt 0.890645 0.280570
vt 0.890650 0.408663
vt 0.887189 0.408663
vt 0.887183 0.280570
vt 0.921585 0.279836
vt 0.921585 0.407929
vt 0.918123 0.407929
vt 0.918123 0.279836
vt 0.904275 0.293684
vt 0.904276 0.401005
vt 0.900814 0.401005
vt 0.900813 0.293684
vt 0.919251 0.279825
vt 0.919251 0.522216
vt 0.923482 0.279810
vt 0.923482 0.522201
vt 0.911419 0.297879
vt 0.911422 0.398277
vt 0.926356 0.296977
vt 0.926391 0.505392
vt 0.898667 0.505861
vt 0.898659 0.296654
vt 0.897352 0.397543
vt 0.897352 0.297146
vt 0.921858 0.296097
vt 0.921861 0.400010
vt 0.920077 0.398277
vt 0.920074 0.297879
vt 0.890495 0.505861
vt 0.890487 0.296654
vt 0.886913 0.399327
vt 0.888696 0.297146
vt 0.888697 0.397544
vt 0.934532 0.505390
vt 0.934497 0.296975
vt 0.938199 0.293274
vt 0.938199 0.506992
vt 0.886779 0.509577
vt 0.886807 0.295045
vt 0.907440 0.292503
vt 0.907434 0.508671
vt 0.903661 0.508679
vt 0.903667 0.292511
vt 0.890566 0.279409
vt 0.890559 0.521780
vt 0.886329 0.521795
vt 0.886336 0.279424
vt 0.890346 0.279947
vt 0.890346 0.408040
vt 0.886885 0.408041
vt 0.886884 0.279947
vt 0.905878 0.293688
vt 0.907656 0.394192
vt 0.904194 0.394192
vt 0.904195 0.286872
vt 0.905229 0.395204
vt 0.905224 0.287882
vt 0.919071 0.280958
vt 0.919077 0.409051
vt 0.922533 0.280958
vt 0.922539 0.409051
vt 0.901767 0.395204
vt 0.901762 0.287881
vt 0.911120 0.290335
vt 0.911120 0.390730
vt 0.911156 0.295788
vt 0.911158 0.504963
vt 0.898305 0.391743
vt 0.898300 0.291343
vt 0.919775 0.390730
vt 0.919775 0.290335
vt 0.887867 0.393527
vt 0.887862 0.289614
vt 0.889645 0.291344
vt 0.889651 0.391743
vt 0.919329 0.504962
vt 0.919327 0.295787
vt 0.923042 0.292073
vt 0.923008 0.506570
vt 0.918960 0.509070
vt 0.906104 0.293348
vt 0.906104 0.509535
vt 0.902331 0.509543
vt 0.902330 0.293356
vt 0.907791 0.293677
vt 0.907791 0.400996
vt 0.890481 0.279828
vt 0.890481 0.407922
vt 0.887019 0.407922
vt 0.887019 0.279829
vt 0.921524 0.279564
vt 0.921524 0.407656
vt 0.918063 0.407656
vt 0.918062 0.279563
vt 0.904215 0.293411
vt 0.904215 0.400732
vt 0.900753 0.400732
vt 0.900753 0.293410
vt 0.919206 0.280245
vt 0.919206 0.522638
vt 0.923437 0.280231
vt 0.923437 0.522623
vt 0.911254 0.297140
vt 0.911254 0.397535
vt 0.898622 0.506281
vt 0.898614 0.297074
vt 0.897291 0.397270
vt 0.897291 0.296872
vt 0.921693 0.295357
vt 0.921693 0.399267
vt 0.919909 0.397535
vt 0.919909 0.297140
vt 0.890450 0.506281
vt 0.890442 0.297074
vt 0.886852 0.399053
vt 0.886853 0.295142
vt 0.888636 0.296872
vt 0.888636 0.397270
vt 0.934570 0.505364
vt 0.886734 0.509996
vt 0.886762 0.295465
vt 0.907630 0.292627
vt 0.907624 0.508796
vt 0.903851 0.508803
vt 0.903857 0.292635
vt 0.890756 0.279533
vt 0.890749 0.521905
vt 0.886519 0.521919
vt 0.886526 0.279548
vt 0.890329 0.280078
vt 0.890329 0.408172
vt 0.886867 0.408173
vt 0.886867 0.280078
vt 0.904506 0.393685
vt 0.904507 0.286365
vt 0.918354 0.279441
vt 0.918354 0.407533
vt 0.921816 0.279441
vt 0.921816 0.407533
vt 0.901044 0.393685
vt 0.901045 0.286364
vt 0.911102 0.290466
vt 0.911102 0.390860
vt 0.911345 0.295912
vt 0.911348 0.505087
vt 0.897582 0.390224
vt 0.897583 0.289827
vt 0.919757 0.390860
vt 0.919757 0.290466
vt 0.887144 0.392007
vt 0.887145 0.288097
vt 0.888928 0.289827
vt 0.888927 0.390224
vt 0.919519 0.505087
vt 0.919516 0.295912
vt 0.923232 0.292198
vt 0.923198 0.506695
vt 0.906170 0.293166
vt 0.906168 0.509350
vt 0.902394 0.509358
vt 0.902396 0.293174
vt 0.907864 0.293592
vt 0.907865 0.400910
vt 0.904403 0.400911
vt 0.904403 0.293593
vt 0.890555 0.279746
vt 0.890555 0.407836
vt 0.887093 0.407837
vt 0.887093 0.279746
vt 0.921842 0.281671
vt 0.921842 0.409762
vt 0.918380 0.409762
vt 0.918379 0.281671
vt 0.904532 0.295518
vt 0.904532 0.402838
vt 0.901070 0.402838
vt 0.901070 0.295518
vt 0.919272 0.280064
vt 0.923502 0.280049
vt 0.923502 0.522436
vt 0.911329 0.397448
vt 0.898685 0.506096
vt 0.898679 0.296892
vt 0.897608 0.399376
vt 0.897608 0.298980
vt 0.921767 0.295271
vt 0.921767 0.399181
vt 0.919984 0.397448
vt 0.919983 0.297054
vt 0.890513 0.506097
vt 0.890507 0.296892
vt 0.887169 0.401160
vt 0.887170 0.297250
vt 0.888953 0.298980
vt 0.888952 0.399376
vt 0.886797 0.509812
vt 0.907820 0.292551
vt 0.907820 0.508720
vt 0.904046 0.508728
vt 0.904046 0.292559
vt 0.890945 0.279458
vt 0.890944 0.521829
vt 0.886714 0.521844
vt 0.886714 0.279472
vt 0.890184 0.279837
vt 0.890184 0.407931
vt 0.886722 0.407932
vt 0.886722 0.279837
vt 0.905693 0.293715
vt 0.905720 0.509098
vt 0.901960 0.509107
vt 0.901933 0.293723
vt 0.907493 0.286761
vt 0.907494 0.394080
vt 0.904033 0.394082
vt 0.904032 0.286761
vt 0.904658 0.393685
vt 0.904653 0.286364
vt 0.918501 0.279440
vt 0.918507 0.407533
vt 0.921963 0.279440
vt 0.921969 0.407533
vt 0.901196 0.393685
vt 0.901192 0.286364
vt 0.912218 0.280660
vt 0.912249 0.522152
vt 0.910957 0.290223
vt 0.910958 0.390618
vt 0.911535 0.295836
vt 0.911543 0.505011
vt 0.898265 0.505858
vt 0.898231 0.297428
vt 0.897734 0.390223
vt 0.897730 0.289826
vt 0.921396 0.288440
vt 0.921396 0.392350
vt 0.919613 0.390618
vt 0.919612 0.290222
vt 0.890123 0.505860
vt 0.890089 0.297429
vt 0.887296 0.392007
vt 0.887292 0.288097
vt 0.889075 0.289826
vt 0.889079 0.390224
vt 0.919714 0.505010
vt 0.919706 0.295835
vt 0.923422 0.292121
vt 0.923393 0.506618
vt 0.886421 0.509562
vt 0.886423 0.295827
vt 0.922506 0.293705
vt 0.922534 0.509088
vt 0.918775 0.509096
vt 0.918746 0.293713
vt 0.906320 0.293823
vt 0.906321 0.510010
vt 0.902547 0.510018
vt 0.902547 0.293831
vt 0.907814 0.293898
vt 0.907813 0.401216
vt 0.904351 0.401217
vt 0.904352 0.293897
vt 0.890504 0.280050
vt 0.890503 0.408140
vt 0.887041 0.408140
vt 0.887041 0.280050
vt 0.921905 0.279744
vt 0.921916 0.407836
vt 0.918454 0.407837
vt 0.918443 0.279743
vt 0.904597 0.293592
vt 0.904605 0.400913
vt 0.901143 0.400913
vt 0.901135 0.293591
vt 0.919423 0.280720
vt 0.919423 0.523113
vt 0.923653 0.280705
vt 0.923654 0.523098
vt 0.911277 0.297360
vt 0.911276 0.397755
vt 0.926208 0.296977
vt 0.926244 0.505392
vt 0.898839 0.506756
vt 0.898831 0.297549
vt 0.897681 0.397451
vt 0.897674 0.297053
vt 0.921716 0.295578
vt 0.921715 0.399489
vt 0.919931 0.397756
vt 0.919932 0.297360
vt 0.890666 0.506756
vt 0.890658 0.297549
vt 0.887243 0.399234
vt 0.887236 0.295324
vt 0.889019 0.297053
vt 0.889026 0.397451
vt 0.934385 0.505391
vt 0.934350 0.296975
vt 0.938051 0.293274
vt 0.938051 0.506993
vt 0.886950 0.510471
vt 0.886979 0.295941
vt 0.907857 0.292713
vt 0.907855 0.508878
vt 0.904082 0.508886
vt 0.904083 0.292721
vt 0.890981 0.279619
vt 0.890981 0.521987
vt 0.886750 0.522001
vt 0.886750 0.279634
vt 0.886832 0.408055
vt 0.886813 0.279960
vt 0.907586 0.286884
vt 0.907601 0.394203
vt 0.904140 0.394205
vt 0.904124 0.286884
vt 0.904337 0.395913
vt 0.904336 0.288591
vt 0.918184 0.281666
vt 0.918184 0.409761
vt 0.921646 0.281667
vt 0.921646 0.409761
vt 0.900875 0.395912
vt 0.900874 0.288591
vt 0.911573 0.295997
vt 0.911579 0.505170
vt 0.897413 0.392451
vt 0.897412 0.292054
vt 0.921489 0.288564
vt 0.921503 0.392472
vt 0.919719 0.390740
vt 0.919705 0.290346
vt 0.886974 0.394235
vt 0.886975 0.290324
vt 0.888758 0.292054
vt 0.888758 0.392451
vt 0.919750 0.505169
vt 0.919744 0.295997
vt 0.923459 0.292283
vt 0.923429 0.506777
vt 0.906289 0.293168
vt 0.906289 0.509351
vt 0.902515 0.509359
vt 0.902516 0.293176
vt 0.907433 0.293787
vt 0.907434 0.401107
vt 0.903972 0.401108
vt 0.903971 0.293788
vt 0.890123 0.279941
vt 0.890124 0.408032
vt 0.886662 0.408033
vt 0.886662 0.279942
vt 0.921428 0.279748
vt 0.921431 0.407842
vt 0.904119 0.293596
vt 0.904121 0.400918
vt 0.919391 0.280066
vt 0.919391 0.522453
vt 0.923622 0.522438
vt 0.910897 0.297249
vt 0.910897 0.397645
vt 0.898805 0.506098
vt 0.898801 0.296894
vt 0.921336 0.295466
vt 0.921336 0.399379
vt 0.919553 0.397645
vt 0.919552 0.297248
vt 0.890633 0.506098
vt 0.890628 0.296894
vt 0.888540 0.297057
vt 0.888542 0.397455
vt 0.886917 0.509813
vt 0.903842 0.508796
vt 0.903843 0.292634
vt 0.890740 0.279533
vt 0.905918 0.293768
vt 0.905946 0.509153
vt 0.902187 0.509162
vt 0.902159 0.293777
vt 0.904110 0.394253
vt 0.904676 0.395726
vt 0.904674 0.288404
vt 0.918522 0.281479
vt 0.918523 0.409573
vt 0.921985 0.281478
vt 0.921985 0.409573
vt 0.901214 0.395726
vt 0.901212 0.288405
vt 0.912475 0.522206
vt 0.911035 0.290394
vt 0.911035 0.390790
vt 0.898491 0.505912
vt 0.898457 0.297481
vt 0.897752 0.392264
vt 0.897750 0.291867
vt 0.919690 0.390789
vt 0.919689 0.290394
vt 0.890315 0.297482
vt 0.887314 0.394047
vt 0.887313 0.290139
vt 0.889095 0.291868
vt 0.889097 0.392264
vt 0.886648 0.295880
vt 0.922731 0.293758
vt 0.922759 0.509143
vt 0.919000 0.509151
vt 0.918972 0.293766
vt 0.906580 0.293013
vt 0.906581 0.509200
vt 0.902807 0.509208
vt 0.902807 0.293021
vt 0.907602 0.401222
vt 0.904140 0.401222
vt 0.919682 0.279911
vt 0.919683 0.522303
vt 0.923913 0.279896
vt 0.923913 0.522288
vt 0.911116 0.297368
vt 0.911067 0.397762
vt 0.926469 0.505448
vt 0.899098 0.505947
vt 0.899091 0.296739
vt 0.897291 0.397454
vt 0.897291 0.297058
vt 0.921556 0.295591
vt 0.921505 0.399501
vt 0.919722 0.397767
vt 0.919771 0.297371
vt 0.890926 0.505947
vt 0.890918 0.296740
vt 0.934575 0.297028
vt 0.938277 0.293328
vt 0.938277 0.507048
vt 0.887210 0.509662
vt 0.887238 0.295131
vt 0.907591 0.292521
vt 0.907588 0.508681
vt 0.903815 0.508689
vt 0.903817 0.292529
vt 0.890714 0.279428
vt 0.890714 0.521790
vt 0.886483 0.521805
vt 0.886483 0.279443
vt 0.890396 0.280266
vt 0.890396 0.408359
vt 0.886934 0.408359
vt 0.886934 0.280266
vt 0.902160 0.509104
vt 0.907704 0.287190
vt 0.907706 0.394510
vt 0.904244 0.394511
vt 0.904243 0.287190
vt 0.904228 0.394078
vt 0.904228 0.286755
vt 0.921538 0.279830
vt 0.921538 0.407926
vt 0.900766 0.394077
vt 0.900766 0.286755
vt 0.911168 0.290652
vt 0.911170 0.391049
vt 0.911308 0.295805
vt 0.911312 0.504972
vt 0.897305 0.390616
vt 0.897304 0.290217
vt 0.921606 0.288869
vt 0.921609 0.392782
vt 0.919826 0.391049
vt 0.919823 0.290652
vt 0.886867 0.392399
vt 0.886867 0.288487
vt 0.888649 0.290217
vt 0.888650 0.390616
vt 0.919483 0.504972
vt 0.919478 0.295805
vt 0.923194 0.292091
vt 0.923162 0.506580
vt 0.906388 0.293206
vt 0.906384 0.509391
vt 0.902610 0.509399
vt 0.902614 0.293214
vt 0.890376 0.280082
vt 0.890375 0.408173
vt 0.921794 0.281480
vt 0.921794 0.409571
vt 0.918332 0.409571
vt 0.918332 0.281480
vt 0.904484 0.295327
vt 0.904484 0.402647
vt 0.901022 0.402647
vt 0.901022 0.295327
vt 0.919490 0.280104
vt 0.919486 0.522493
vt 0.923720 0.280089
vt 0.923716 0.522479
vt 0.898901 0.506137
vt 0.898897 0.296932
vt 0.897560 0.399185
vt 0.897560 0.298789
vt 0.921587 0.399521
vt 0.919803 0.397787
vt 0.890729 0.506138
vt 0.890725 0.296932
vt 0.887121 0.400969
vt 0.887123 0.297059
vt 0.888905 0.298789
vt 0.888905 0.399185
vt 0.887013 0.509853
vt 0.887044 0.295324
vt 0.907542 0.292643
vt 0.907542 0.508812
vt 0.903769 0.292651
vt 0.890667 0.279550
vt 0.886437 0.521905
vt 0.886437 0.279533
vt 0.918209 0.407776
vt 0.918209 0.279684
vt 0.921671 0.279684
vt 0.921671 0.407776
vt 0.900900 0.400852
vt 0.900900 0.293533
vt 0.904362 0.293532
vt 0.890721 0.407730
vt 0.908031 0.293486
vt 0.908031 0.400807
vt 0.897436 0.397391
vt 0.897436 0.296994
vt 0.886997 0.399173
vt 0.888781 0.296994
vt 0.888781 0.397391
vt 0.890274 0.297333
vt 0.921932 0.295163
vt 0.921931 0.399075
vt 0.920148 0.397345
vt 0.920148 0.296947
vt 0.919437 0.505103
vt 0.919429 0.295927
vt 0.923144 0.292213
vt 0.923116 0.506711
vt 0.886608 0.295731
vt 0.906655 0.292987
vt 0.906655 0.509174
vt 0.902882 0.509182
vt 0.902882 0.292995
vt 0.900943 0.394253
vt 0.918253 0.408101
vt 0.918253 0.280010
vt 0.921715 0.280010
vt 0.921715 0.408101
vt 0.890370 0.279869
vt 0.890371 0.407961
vt 0.907680 0.286793
vt 0.907680 0.394113
vt 0.919757 0.279884
vt 0.919757 0.522276
vt 0.923988 0.279869
vt 0.923988 0.522261
vt 0.897480 0.390791
vt 0.897480 0.290396
vt 0.899173 0.505920
vt 0.899166 0.296713
vt 0.887040 0.392574
vt 0.887042 0.288662
vt 0.888825 0.290395
vt 0.888825 0.390792
vt 0.891001 0.505921
vt 0.890993 0.296713
vt 0.921580 0.288471
vt 0.921580 0.392381
vt 0.887285 0.509636
vt 0.887313 0.295105
vt 0.907811 0.292712
vt 0.907811 0.508881
vt 0.904038 0.508889
vt 0.904038 0.292720
vt 0.890936 0.279619
vt 0.890937 0.521991
vt 0.886706 0.522006
vt 0.886706 0.279634
vt 0.918382 0.409976
vt 0.918381 0.281883
vt 0.921843 0.281882
vt 0.921843 0.409975
vt 0.905795 0.509098
vt 0.902008 0.293723
vt 0.901072 0.403052
vt 0.901071 0.295733
vt 0.904533 0.295732
vt 0.904534 0.403052
vt 0.904147 0.293795
vt 0.904150 0.401116
vt 0.886840 0.408041
vt 0.886837 0.279947
vt 0.907609 0.293795
vt 0.907612 0.401116
vt 0.912293 0.280660
vt 0.912324 0.522152
vt 0.897608 0.399590
vt 0.897608 0.299194
vt 0.911527 0.295997
vt 0.911535 0.505173
vt 0.898306 0.297427
vt 0.887169 0.401373
vt 0.887169 0.297462
vt 0.888953 0.299194
vt 0.888953 0.399591
vt 0.890198 0.505859
vt 0.921509 0.295472
vt 0.921512 0.399384
vt 0.919729 0.397654
vt 0.919726 0.297256
vt 0.919706 0.505172
vt 0.923414 0.292282
vt 0.886496 0.509561
vt 0.886498 0.295826
vt 0.922580 0.293704
vt 0.922609 0.509087
vt 0.918821 0.293713
vt 0.901040 0.394062
vt 0.901041 0.286744
vt 0.904502 0.286743
vt 0.904502 0.394062
vt 0.918350 0.407910
vt 0.918350 0.279819
vt 0.921812 0.279819
vt 0.921812 0.407910
vt 0.897577 0.390600
vt 0.897577 0.290205
vt 0.926283 0.296976
vt 0.926318 0.505392
vt 0.887137 0.392383
vt 0.887138 0.288472
vt 0.888922 0.290205
vt 0.888922 0.390600
vt 0.934425 0.296975
vt 0.887207 0.509639
vt 0.907547 0.292521
vt 0.907547 0.508690
vt 0.886442 0.521813
vt 0.886442 0.279443
vt 0.918224 0.407932
vt 0.918224 0.279840
vt 0.921686 0.279840
vt 0.921686 0.407932
vt 0.900913 0.401008
vt 0.900914 0.293689
vt 0.904376 0.293688
vt 0.904376 0.401008
vt 0.890343 0.407851
vt 0.890343 0.279758
vt 0.886881 0.407851
vt 0.886881 0.279758
vt 0.907652 0.293607
vt 0.907653 0.400927
vt 0.897451 0.297149
vt 0.911115 0.297068
vt 0.911115 0.397465
vt 0.887011 0.399329
vt 0.887013 0.295416
vt 0.888796 0.297149
vt 0.888795 0.397547
vt 0.921553 0.295285
vt 0.921552 0.399195
vt 0.919770 0.397465
vt 0.919769 0.297068
vt 0.919442 0.504981
vt 0.919434 0.295805
vt 0.923149 0.292091
vt 0.923121 0.506588
vt 0.901133 0.396200
vt 0.901131 0.288884
vt 0.904593 0.288883
vt 0.904594 0.396200
vt 0.918441 0.281959
vt 0.921904 0.281959
vt 0.921905 0.410047
vt 0.887152 0.407898
vt 0.887152 0.279806
vt 0.890614 0.279806
vt 0.890614 0.407898
vt 0.907923 0.286730
vt 0.907924 0.394050
vt 0.897669 0.392738
vt 0.897667 0.292346
vt 0.911385 0.290192
vt 0.911386 0.390588
vt 0.887230 0.394521
vt 0.887228 0.290613
vt 0.889012 0.292345
vt 0.889014 0.392739
vt 0.921824 0.288408
vt 0.921824 0.392318
vt 0.920041 0.390588
vt 0.920040 0.290192
vt 0.907665 0.292552
vt 0.907666 0.508719
vt 0.903892 0.508728
vt 0.890790 0.521829
vt 0.886560 0.521843
vt 0.886560 0.279473
vt 0.918586 0.410049
vt 0.918585 0.281959
vt 0.922047 0.281959
vt 0.922047 0.410049
vt 0.901274 0.403126
vt 0.901276 0.295808
vt 0.904738 0.295808
vt 0.904737 0.403126
vt 0.904513 0.293653
vt 0.904515 0.400974
vt 0.890667 0.407898
vt 0.890665 0.279804
vt 0.907975 0.293653
vt 0.907977 0.400974
vt 0.897810 0.399665
vt 0.897812 0.299270
vt 0.911381 0.295836
vt 0.911389 0.505011
vt 0.911437 0.297115
vt 0.911439 0.397512
vt 0.887371 0.401447
vt 0.887374 0.297537
vt 0.889157 0.299269
vt 0.889155 0.399665
vt 0.921875 0.295331
vt 0.921877 0.399241
vt 0.920094 0.397512
vt 0.920092 0.297115
vt 0.919560 0.505010
vt 0.919552 0.295836
vt 0.923268 0.292121
vt 0.902854 0.509039
vt 0.902853 0.292851
vt 0.900707 0.393929
vt 0.900704 0.286613
vt 0.904167 0.286612
vt 0.904169 0.393929
vt 0.887022 0.408215
vt 0.887022 0.280123
vt 0.890484 0.280123
vt 0.890485 0.408215
vt 0.904333 0.394367
vt 0.904331 0.287047
vt 0.907793 0.287048
vt 0.907795 0.394367
vt 0.923960 0.279725
vt 0.923960 0.522118
vt 0.897243 0.390467
vt 0.897240 0.290075
vt 0.911255 0.290509
vt 0.911257 0.390905
vt 0.886804 0.392250
vt 0.886802 0.288343
vt 0.888585 0.290075
vt 0.888588 0.390468
vt 0.921694 0.288726
vt 0.921694 0.392635
vt 0.919911 0.390905
vt 0.919911 0.290509
vt 0.887257 0.509493
vt 0.907659 0.508792
vt 0.890784 0.521901
vt 0.886554 0.521916
vt 0.905843 0.293767
vt 0.902111 0.509158
vt 0.902083 0.293776
vt 0.900803 0.293533
vt 0.904265 0.293532
vt 0.904265 0.400852
vt 0.904211 0.293788
vt 0.904210 0.401108
vt 0.907673 0.293787
vt 0.907672 0.401108
vt 0.911377 0.295911
vt 0.911383 0.505083
vt 0.898381 0.297480
vt 0.911135 0.297249
vt 0.911135 0.397646
vt 0.890239 0.297481
vt 0.919789 0.397646
vt 0.919790 0.297249
vt 0.919554 0.505082
vt 0.923263 0.292196
vt 0.918897 0.293766
vt 0.906217 0.292736
vt 0.906217 0.508921
vt 0.902444 0.508929
vt 0.902443 0.292744
vt 0.900705 0.394063
vt 0.900704 0.286743
vt 0.904165 0.286742
vt 0.918015 0.407910
vt 0.918014 0.279817
vt 0.886829 0.407897
vt 0.886823 0.279804
vt 0.904139 0.394048
vt 0.904132 0.286728
vt 0.907594 0.286727
vt 0.907601 0.394048
vt 0.919319 0.279634
vt 0.919320 0.522023
vt 0.923550 0.279619
vt 0.923550 0.522009
vt 0.897241 0.390601
vt 0.897240 0.290204
vt 0.898736 0.505668
vt 0.898726 0.296462
vt 0.911056 0.290189
vt 0.911063 0.390586
vt 0.886802 0.392386
vt 0.886802 0.288473
vt 0.888586 0.390602
vt 0.890563 0.505668
vt 0.890554 0.296462
vt 0.921494 0.288404
vt 0.921500 0.392316
vt 0.919718 0.390586
vt 0.919711 0.290188
vt 0.886847 0.509383
vt 0.886874 0.294854
vt 0.918984 0.409051
vt 0.918983 0.280959
vt 0.922445 0.280959
vt 0.922445 0.409051
vt 0.902036 0.509157
vt 0.902008 0.293775
vt 0.901674 0.402127
vt 0.901673 0.294808
vt 0.905135 0.294808
vt 0.905136 0.402127
vt 0.887100 0.407922
vt 0.887114 0.279829
vt 0.907885 0.293679
vt 0.907873 0.400999
vt 0.898210 0.398665
vt 0.898210 0.298269
vt 0.898306 0.297480
vt 0.887770 0.400448
vt 0.887771 0.296536
vt 0.889555 0.298269
vt 0.889555 0.398666
vt 0.921785 0.295359
vt 0.921772 0.399268
vt 0.919990 0.397538
vt 0.886497 0.295879
vt 0.922582 0.293757
vt 0.918822 0.293765
vt 0.906211 0.292926
vt 0.906211 0.509113
vt 0.901214 0.395938
vt 0.901215 0.288620
vt 0.904677 0.288619
vt 0.904677 0.395938
vt 0.918525 0.409784
vt 0.918525 0.281695
vt 0.921987 0.281694
vt 0.921988 0.409784
vt 0.907787 0.394321
vt 0.897751 0.392476
vt 0.897751 0.292082
vt 0.911247 0.290462
vt 0.911249 0.390859
vt 0.887313 0.394260
vt 0.887313 0.290352
vt 0.889096 0.292082
vt 0.889096 0.392476
vt 0.890557 0.505860
vt 0.886869 0.295043
vt 0.907706 0.292712
vt 0.907703 0.508874
vt 0.903931 0.508883
vt 0.903932 0.292720
vt 0.890829 0.521984
vt 0.886599 0.521998
vt 0.886599 0.279634
vt 0.918333 0.409784
vt 0.918332 0.281692
vt 0.901022 0.402860
vt 0.901023 0.295541
vt 0.904484 0.402860
vt 0.904159 0.293655
vt 0.904136 0.400976
vt 0.907621 0.293656
vt 0.907598 0.400976
vt 0.911422 0.295996
vt 0.911427 0.505166
vt 0.887119 0.401181
vt 0.887120 0.297269
vt 0.888904 0.299001
vt 0.888904 0.399398
vt 0.921521 0.295337
vt 0.921497 0.399246
vt 0.919716 0.397516
vt 0.919737 0.297120
vt 0.919598 0.505165
vt 0.919594 0.295996
vt 0.923309 0.292281
vt 0.923277 0.506773
vt 0.906225 0.293410
vt 0.906225 0.509598
vt 0.902452 0.509606
vt 0.902452 0.293418
vt 0.901084 0.395962
vt 0.901084 0.288644
vt 0.904546 0.288642
vt 0.904546 0.395962
vt 0.921857 0.281717
vt 0.921857 0.409807
vt 0.890427 0.279833
vt 0.890428 0.407926
vt 0.904276 0.394078
vt 0.904275 0.286757
vt 0.919327 0.280307
vt 0.919327 0.522700
vt 0.923558 0.280293
vt 0.923558 0.522685
vt 0.897621 0.392500
vt 0.897620 0.292105
vt 0.898743 0.506344
vt 0.898736 0.297136
vt 0.911199 0.290219
vt 0.911200 0.390616
vt 0.887183 0.394284
vt 0.887183 0.290375
vt 0.888965 0.292105
vt 0.888966 0.392501
vt 0.890571 0.506345
vt 0.890563 0.297137
vt 0.921637 0.288435
vt 0.921638 0.392347
vt 0.919855 0.390616
vt 0.919854 0.290219
vt 0.886855 0.510060
vt 0.886883 0.295528
usemtl Interior_Mat
s off
f 2280/2738 2281/2739 2282/2740 2283/2741
f 2284/2742 2285/2743 2286/2744 2287/2745
f 2288/2746 2284/2747 2287/2748 2289/2749
f 2290/2750 2291/2751 2292/2752 2293/2753
f 2293/2754 2280/2755 2283/2756 2290/2757
f 2284/2742 2283/2741 2282/2740 2285/2743
f 2282/2758 2291/2759 2294/2760 2285/2761
f 2295/2762 2286/2763 2285/2761 2294/2760
f 2291/2759 2282/2758 2281/2764 2292/2765
f 2290/2750 2288/2766 2294/2767 2291/2751
f 2284/2747 2288/2746 2290/2757 2283/2756
f 2280/2755 2293/2754 2298/2768 2299/2769
f 2281/2739 2280/2738 2299/2770 2300/2771
f 2293/2753 2292/2752 2303/2772 2298/2773
f 2292/2765 2281/2764 2300/2774 2303/2775
f 2297/2776 2296/2777 2304/2778 2305/2779
f 2299/2769 2298/2768 2305/2779 2304/2778
f 2298/2773 2303/2772 2306/2780 2305/2781
f 2302/2782 2301/2783 2306/2784 2307/2785
f 2303/2775 2300/2774 2307/2785 2306/2784
f 2307/2786 2304/2787 2296/2788 2302/2789
f 2304/2787 2307/2786 2300/2771 2299/2770
f 2301/2790 2297/2791 2305/2781 2306/2780
f 2308/2792 2309/2793 2310/2794 2311/2795
f 2288/2766 2311/2795 2310/2794 2294/2767
f 2314/2796 2315/2797 2316/2798 2317/2799
f 2317/2800 2308/2801 2311/2802 2314/2803
f 2312/2804 2288/2805 2289/2806 2313/2807
f 2319/2808 2295/2809 2294/2810 2318/2811
f 2315/2812 2310/2813 2309/2814 2316/2815
f 2314/2796 2312/2816 2318/2817 2315/2797
f 2310/2813 2315/2812 2318/2811 2294/2810
f 2313/2818 2319/2819 2318/2817 2312/2816
f 2308/2801 2317/2800 2322/2820 2323/2821
f 2309/2793 2308/2792 2323/2822 2324/2823
f 2317/2799 2316/2798 2327/2824 2322/2825
f 2316/2815 2309/2814 2324/2826 2327/2827
f 2321/2828 2320/2829 2328/2830 2329/2831
f 2323/2821 2322/2820 2329/2831 2328/2830
f 2322/2825 2327/2824 2330/2832 2329/2833
f 2326/2834 2325/2835 2330/2836 2331/2837
f 2327/2827 2324/2826 2331/2837 2330/2836
f 2331/2838 2328/2839 2320/2840 2326/2841
f 2328/2839 2331/2838 2324/2823 2323/2822
f 2325/2842 2321/2843 2329/2833 2330/2832
f 2288/2805 2312/2804 2314/2803 2311/2802
f 2332/2738 2333/2844 2334/2740 2335/2741
f 2336/2742 2337/2743 2338/2845 2339/2846
f 2340/2847 2336/2848 2339/2849 2341/2850
f 2342/2851 2343/2852 2344/2853 2345/2854
f 2345/2855 2332/2856 2335/2857 2342/2858
f 2336/2742 2335/2741 2334/2740 2337/2743
f 2334/2859 2343/2860 2346/2861 2337/2862
f 2347/2863 2338/2864 2337/2862 2346/2861
f 2343/2860 2334/2859 2333/2865 2344/2866
f 2342/2851 2340/2867 2346/2767 2343/2852
f 2336/2848 2340/2847 2342/2858 2335/2857
f 2332/2856 2345/2855 2350/2868 2351/2869
f 2333/2844 2332/2738 2351/2770 2352/2771
f 2345/2854 2344/2853 2355/2870 2350/2871
f 2344/2866 2333/2865 2352/2872 2355/2873
f 2349/2874 2348/2875 2356/2876 2357/2877
f 2351/2869 2350/2868 2357/2877 2356/2876
f 2350/2871 2355/2870 2358/2878 2357/2879
f 2354/2880 2353/2881 2358/2882 2359/2883
f 2355/2873 2352/2872 2359/2883 2358/2882
f 2359/2884 2356/2885 2348/2788 2354/2886
f 2356/2885 2359/2884 2352/2771 2351/2770
f 2353/2887 2349/2888 2357/2879 2358/2878
f 2360/2889 2361/2793 2362/2890 2363/2795
f 2340/2867 2363/2795 2362/2890 2346/2767
f 2366/2891 2367/2892 2368/2893 2369/2894
f 2369/2895 2360/2896 2363/2897 2366/2898
f 2364/2746 2340/2747 2341/2748 2365/2749
f 2371/2899 2347/2900 2346/2901 2370/2902
f 2367/2812 2362/2813 2361/2903 2368/2904
f 2366/2891 2364/2905 2370/2906 2367/2892
f 2362/2813 2367/2812 2370/2902 2346/2901
f 2365/2907 2371/2908 2370/2906 2364/2905
f 2360/2896 2369/2895 2374/2909 2375/2910
f 2361/2793 2360/2889 2375/2911 2376/2823
f 2369/2894 2368/2893 2379/2912 2374/2913
f 2368/2904 2361/2903 2376/2914 2379/2915
f 2373/2916 2372/2917 2380/2918 2381/2919
f 2375/2910 2374/2909 2381/2919 2380/2918
f 2374/2913 2379/2912 2382/2920 2381/2921
f 2378/2922 2377/2923 2382/2924 2383/2925
f 2379/2915 2376/2914 2383/2925 2382/2924
f 2383/2926 2380/2927 2372/2928 2378/2929
f 2380/2927 2383/2926 2376/2823 2375/2911
f 2377/2930 2373/2931 2381/2921 2382/2920
f 2340/2747 2364/2746 2366/2898 2363/2897
f 2384/2932 2385/2933 2386/2934 2387/2935
f 2388/2936 2389/2937 2390/2938 2391/2939
f 2392/2940 2388/2941 2391/2748 2393/2749
f 2394/2942 2395/2943 2396/2944 2397/2854
f 2397/2945 2384/2946 2387/2947 2394/2948
f 2388/2936 2387/2935 2386/2934 2389/2937
f 2386/2949 2395/2858 2398/2950 2389/2951
f 2399/2952 2390/2953 2389/2951 2398/2950
f 2395/2858 2386/2949 2385/2954 2396/2955
f 2394/2942 2392/2956 2398/2957 2395/2943
f 2388/2941 2392/2940 2394/2948 2387/2947
f 2384/2946 2397/2945 2402/2958 2403/2959
f 2385/2933 2384/2932 2403/2960 2404/2961
f 2397/2854 2396/2944 2407/2962 2402/2871
f 2396/2955 2385/2954 2404/2963 2407/2964
f 2401/2965 2400/2966 2408/2778 2409/2779
f 2403/2959 2402/2958 2409/2779 2408/2778
f 2402/2871 2407/2962 2410/2967 2409/2968
f 2406/2969 2405/2970 2410/2971 2411/2972
f 2407/2964 2404/2963 2411/2972 2410/2971
f 2411/2973 2408/2974 2400/2975 2406/2976
f 2408/2974 2411/2973 2404/2961 2403/2960
f 2405/2977 2401/2888 2409/2968 2410/2967
f 2412/2978 2413/2979 2414/2980 2415/2981
f 2392/2956 2415/2981 2414/2980 2398/2957
f 2418/2982 2419/2983 2420/2984 2421/2985
f 2421/2986 2412/2987 2415/2988 2418/2989
f 2416/2990 2392/2991 2393/2992 2417/2993
f 2423/2994 2399/2995 2398/2996 2422/2997
f 2419/2998 2414/2999 2413/3000 2420/3001
f 2418/2982 2416/3002 2422/3003 2419/2983
f 2414/2999 2419/2998 2422/2997 2398/2996
f 2417/3004 2423/3005 2422/3003 2416/3002
f 2412/2987 2421/2986 2426/3006 2427/3007
f 2413/2979 2412/2978 2427/3008 2428/3009
f 2421/2985 2420/2984 2431/3010 2426/3011
f 2420/3001 2413/3000 2428/3012 2431/3013
f 2425/3014 2424/3015 2432/3016 2433/3017
f 2427/3007 2426/3006 2433/3017 2432/3016
f 2426/3011 2431/3010 2434/3018 2433/3019
f 2430/3020 2429/2931 2434/3021 2435/3022
f 2431/3013 2428/3012 2435/3022 2434/3021
f 2435/3023 2432/3024 2424/3025 2430/3026
f 2432/3024 2435/3023 2428/3009 2427/3008
f 2429/3027 2425/3028 2433/3019 2434/3018
f 2392/2991 2416/2990 2418/2989 2415/2988
f 2436/3029 2437/3030 2438/3031 2439/3032
f 2440/3033 2441/3034 2442/3035 2443/3036
f 2444/3037 2440/3038 2443/3039 2445/3040
f 2446/3041 2447/2943 2448/2944 2449/2854
f 2449/2754 2436/3042 2439/3043 2446/3044
f 2440/3033 2439/3032 2438/3031 2441/3034
f 2438/3045 2447/3046 2450/3047 2441/3048
f 2451/3049 2442/3050 2441/3048 2450/3047
f 2447/3046 2438/3045 2437/3051 2448/3052
f 2446/3041 2444/2867 2450/2767 2447/2943
f 2440/3038 2444/3037 2446/3044 2439/3043
f 2436/3042 2449/2754 2454/3053 2455/3054
f 2437/3030 2436/3029 2455/3055 2456/3056
f 2449/2854 2448/2944 2459/2870 2454/2871
f 2448/3052 2437/3051 2456/3057 2459/3058
f 2453/2776 2452/2777 2460/3059 2461/3060
f 2455/3054 2454/3053 2461/3060 2460/3059
f 2454/2871 2459/2870 2462/2878 2461/2879
f 2458/3061 2457/3062 2462/3063 2463/3064
f 2459/3058 2456/3057 2463/3064 2462/3063
f 2463/3065 2460/3066 2452/3067 2458/3068
f 2460/3066 2463/3065 2456/3056 2455/3055
f 2457/2887 2453/2888 2461/2879 2462/2878
f 2464/2978 2465/2979 2466/3069 2467/2981
f 2444/2867 2467/2981 2466/3069 2450/2767
f 2470/3070 2471/3071 2472/3072 2473/3073
f 2473/3074 2464/3075 2467/2999 2470/2998
f 2468/3076 2444/3077 2445/3078 2469/3079
f 2475/3080 2451/3081 2450/3082 2474/3083
f 2471/3084 2466/3085 2465/3086 2472/3087
f 2470/3070 2468/3088 2474/3089 2471/3071
f 2466/3085 2471/3084 2474/3083 2450/3082
f 2469/3090 2475/3091 2474/3089 2468/3088
f 2464/3075 2473/3074 2478/3092 2479/3093
f 2465/2979 2464/2978 2479/2911 2480/3009
f 2473/3073 2472/3072 2483/3094 2478/3095
f 2472/3087 2465/3086 2480/3096 2483/3097
f 2477/3098 2476/3099 2484/3100 2485/3101
f 2479/3093 2478/3092 2485/3101 2484/3100
f 2478/3095 2483/3094 2486/3102 2485/3103
f 2482/3104 2481/3105 2486/3106 2487/3107
f 2483/3097 2480/3096 2487/3107 2486/3106
f 2487/3108 2484/2839 2476/2840 2482/3026
f 2484/2839 2487/3108 2480/3009 2479/2911
f 2481/3109 2477/3110 2485/3103 2486/3102
f 2444/3077 2468/3076 2470/2998 2467/2999
f 2488/3111 2489/3112 2490/3113 2491/3114
f 2492/3115 2493/3116 2494/3117 2495/3118
f 2496/3119 2492/3120 2495/3121 2497/3122
f 2498/2942 2499/2943 2500/2944 2501/2854
f 2501/2945 2488/2946 2491/2947 2498/2948
f 2492/3115 2491/3114 2490/3113 2493/3116
f 2490/3123 2499/3124 2502/3125 2493/3126
f 2503/3127 2494/3128 2493/3126 2502/3125
f 2499/3124 2490/3123 2489/3129 2500/3130
f 2498/2942 2496/2956 2502/2957 2499/2943
f 2492/3120 2496/3119 2498/2948 2491/2947
f 2488/2946 2501/2945 2506/3131 2507/3132
f 2489/3112 2488/3111 2507/3133 2508/3134
f 2501/2854 2500/2944 2511/2962 2506/2871
f 2500/3130 2489/3129 2508/3135 2511/3136
f 2505/2965 2504/2966 2512/3137 2513/3138
f 2507/3132 2506/3131 2513/3138 2512/3137
f 2506/2871 2511/2962 2514/2967 2513/2968
f 2510/3139 2509/3140 2514/3141 2515/3142
f 2511/3136 2508/3135 2515/3142 2514/3141
f 2515/3143 2512/3144 2504/3145 2510/3146
f 2512/3144 2515/3143 2508/3134 2507/3133
f 2509/2977 2505/2888 2513/2968 2514/2967
f 2516/2978 2517/2979 2518/2980 2519/2981
f 2496/2956 2519/2981 2518/2980 2502/2957
f 2522/3147 2523/3148 2524/3149 2525/3150
f 2525/3151 2516/3152 2519/3153 2522/3154
f 2520/3155 2496/3156 2497/3157 2521/3158
f 2527/3159 2503/3160 2502/3161 2526/3162
f 2523/3163 2518/3164 2517/3165 2524/3166
f 2522/3147 2520/3167 2526/2906 2523/3148
f 2518/3164 2523/3163 2526/3162 2502/3161
f 2521/3168 2527/3169 2526/2906 2520/3167
f 2516/3152 2525/3151 2530/3092 2531/3170
f 2517/2979 2516/2978 2531/3008 2532/3009
f 2525/3150 2524/3149 2535/3171 2530/3172
f 2524/3166 2517/3165 2532/3173 2535/3174
f 2529/3175 2528/3176 2536/3177 2537/3178
f 2531/3170 2530/3092 2537/3178 2536/3177
f 2530/3172 2535/3171 2538/3179 2537/3180
f 2534/3181 2533/3182 2538/3183 2539/3184
f 2535/3174 2532/3173 2539/3184 2538/3183
f 2539/3023 2536/3024 2528/3025 2534/3026
f 2536/3024 2539/3023 2532/3009 2531/3008
f 2533/3185 2529/2923 2537/3180 2538/3179
f 2496/3156 2520/3155 2522/3154 2519/3153
f 2540/3186 2541/3187 2542/3188 2543/3189
f 2544/3190 2545/3191 2546/3192 2547/3193
f 2548/3194 2544/3195 2547/3196 2549/3197
f 2550/3198 2551/3199 2552/3200 2553/3201
f 2553/3202 2540/3203 2543/3204 2550/3205
f 2544/3190 2543/3189 2542/3188 2545/3191
f 2542/3206 2551/3207 2554/3208 2545/3209
f 2555/3210 2546/3211 2545/3209 2554/3208
f 2551/3207 2542/3206 2541/3212 2552/3213
f 2550/3198 2548/3214 2554/3215 2551/3199
f 2544/3195 2548/3194 2550/3205 2543/3204
f 2540/3203 2553/3202 2558/3216 2559/3217
f 2541/3187 2540/3186 2559/3218 2560/3219
f 2553/3201 2552/3200 2563/3220 2558/3221
f 2552/3213 2541/3212 2560/3222 2563/3223
f 2557/3224 2556/3225 2564/3226 2565/3227
f 2559/3217 2558/3216 2565/3227 2564/3226
f 2558/3221 2563/3220 2566/3228 2565/3229
f 2562/3230 2561/3231 2566/3232 2567/3233
f 2563/3223 2560/3222 2567/3233 2566/3232
f 2567/3234 2564/3235 2556/3236 2562/3237
f 2564/3235 2567/3234 2560/3219 2559/3218
f 2561/3238 2557/3239 2565/3229 2566/3228
f 2568/3240 2569/3241 2570/3242 2571/3243
f 2548/3214 2571/3243 2570/3242 2554/3215
f 2574/3244 2575/3245 2576/3246 2577/3247
f 2577/3248 2568/3249 2571/3250 2574/3251
f 2572/3252 2548/3253 2549/3254 2573/3255
f 2579/3256 2555/3257 2554/3258 2578/3259
f 2575/3260 2570/3261 2569/3262 2576/3263
f 2574/3244 2572/3264 2578/3265 2575/3245
f 2570/3261 2575/3260 2578/3259 2554/3258
f 2573/3266 2579/3267 2578/3265 2572/3264
f 2568/3249 2577/3248 2582/3268 2583/3269
f 2569/3241 2568/3240 2583/3270 2584/3271
f 2577/3247 2576/3246 2587/3272 2582/3273
f 2576/3263 2569/3262 2584/3274 2587/3275
f 2581/3276 2580/3277 2588/3278 2589/3279
f 2583/3269 2582/3268 2589/3279 2588/3278
f 2582/3273 2587/3272 2590/3280 2589/3281
f 2586/3282 2585/3283 2590/3284 2591/3285
f 2587/3275 2584/3274 2591/3285 2590/3284
f 2591/3286 2588/3287 2580/3288 2586/3289
f 2588/3287 2591/3286 2584/3271 2583/3270
f 2585/3290 2581/3291 2589/3281 2590/3280
f 2548/3253 2572/3252 2574/3251 2571/3250
f 2592/3292 2593/3293 2594/3294 2595/3295
f 2596/3296 2597/3297 2598/3298 2599/3299
f 2600/2940 2596/2941 2599/3300 2601/3301
f 2602/2942 2603/2943 2604/2944 2605/2854
f 2605/3302 2592/3303 2595/3304 2602/3305
f 2596/3296 2595/3295 2594/3294 2597/3297
f 2594/3306 2603/3307 2606/3308 2597/3309
f 2607/3310 2598/3311 2597/3309 2606/3308
f 2603/3307 2594/3306 2593/3312 2604/3313
f 2602/2942 2600/2956 2606/2957 2603/2943
f 2596/2941 2600/2940 2602/3305 2595/3304
f 2592/3303 2605/3302 2610/3053 2611/3054
f 2593/3293 2592/3292 2611/3314 2612/3315
f 2605/2854 2604/2944 2615/2962 2610/2871
f 2604/3313 2593/3312 2612/3316 2615/3317
f 2609/3318 2608/3319 2616/3320 2617/3321
f 2611/3054 2610/3053 2617/3321 2616/3320
f 2610/2871 2615/2962 2618/2967 2617/2968
f 2614/3322 2613/3323 2618/3324 2619/3325
f 2615/3317 2612/3316 2619/3325 2618/3324
f 2619/3326 2616/3327 2608/3328 2614/3329
f 2616/3327 2619/3326 2612/3315 2611/3314
f 2613/2977 2609/2888 2617/2968 2618/2967
f 2620/2978 2621/2979 2622/2980 2623/2981
f 2600/2956 2623/2981 2622/2980 2606/2957
f 2626/3330 2627/3331 2628/3332 2629/3333
f 2629/3334 2620/3335 2623/3336 2626/3337
f 2624/3338 2600/3339 2601/3340 2625/3341
f 2631/3342 2607/3343 2606/2901 2630/2902
f 2627/3344 2622/3345 2621/2903 2628/2904
f 2626/3330 2624/3346 2630/3347 2627/3331
f 2622/3345 2627/3344 2630/2902 2606/2901
f 2625/2907 2631/3348 2630/3347 2624/3346
f 2620/3335 2629/3334 2634/3349 2635/3350
f 2621/2979 2620/2978 2635/3008 2636/3009
f 2629/3333 2628/3332 2639/3351 2634/3352
f 2628/2904 2621/2903 2636/2914 2639/2915
f 2633/3353 2632/3354 2640/3355 2641/3356
f 2635/3350 2634/3349 2641/3356 2640/3355
f 2634/3352 2639/3351 2642/3357 2641/3358
f 2638/2922 2637/2923 2642/3359 2643/3360
f 2639/2915 2636/2914 2643/3360 2642/3359
f 2643/3023 2640/3024 2632/3025 2638/3026
f 2640/3024 2643/3023 2636/3009 2635/3008
f 2637/3361 2633/2835 2641/3358 2642/3357
f 2600/3339 2624/3338 2626/3337 2623/3336
f 2644/3111 2645/3112 2646/3362 2647/3363
f 2648/3364 2649/3116 2650/3117 2651/3118
f 2652/2940 2648/2941 2651/3300 2653/3301
f 2654/3365 2655/3366 2656/3367 2657/3368
f 2657/3302 2644/2946 2647/3369 2654/3305
f 2648/3364 2647/3363 2646/3362 2649/3116
f 2646/3370 2655/3371 2658/3372 2649/3373
f 2659/3374 2650/3375 2649/3373 2658/3372
f 2655/3371 2646/3370 2645/3376 2656/3377
f 2654/3365 2652/2956 2658/3378 2655/3366
f 2648/2941 2652/2940 2654/3305 2647/3369
f 2644/2946 2657/3302 2662/3379 2663/3380
f 2645/3112 2644/3111 2663/3133 2664/3134
f 2657/3368 2656/3367 2667/3381 2662/3382
f 2656/3377 2645/3376 2664/3383 2667/3384
f 2661/3318 2660/3319 2668/3385 2669/3386
f 2663/3380 2662/3379 2669/3386 2668/3385
f 2662/3382 2667/3381 2670/2967 2669/3387
f 2666/3388 2665/3389 2670/3390 2671/3391
f 2667/3384 2664/3383 2671/3391 2670/3390
f 2671/3143 2668/3144 2660/3145 2666/3146
f 2668/3144 2671/3143 2664/3134 2663/3133
f 2665/2977 2661/3392 2669/3387 2670/2967
f 2672/3393 2673/3394 2674/3395 2675/3396
f 2652/2956 2675/3396 2674/3395 2658/3378
f 2678/3397 2679/3398 2680/3399 2681/3400
f 2681/2895 2672/3401 2675/3402 2678/2898
f 2676/2746 2652/2941 2653/3300 2677/2749
f 2683/2899 2659/2900 2658/2810 2682/2811
f 2679/2812 2674/2813 2673/2814 2680/2815
f 2678/3397 2676/3403 2682/3404 2679/3398
f 2674/2813 2679/2812 2682/2811 2658/2810
f 2677/3405 2683/3406 2682/3404 2676/3403
f 2672/3401 2681/2895 2686/3407 2687/3408
f 2673/3394 2672/3393 2687/3008 2688/3409
f 2681/3400 2680/3399 2691/3410 2686/3411
f 2680/2815 2673/2814 2688/3412 2691/3413
f 2685/3414 2684/3415 2692/3416 2693/3417
f 2687/3408 2686/3407 2693/3417 2692/3416
f 2686/3411 2691/3410 2694/3418 2693/3419
f 2690/2834 2689/2835 2694/2924 2695/2925
f 2691/3413 2688/3412 2695/2925 2694/2924
f 2695/3108 2692/3420 2684/3421 2690/3422
f 2692/3420 2695/3108 2688/3409 2687/3008
f 2689/3423 2685/3424 2693/3419 2694/3418
f 2652/2941 2676/2746 2678/2898 2675/3402
f 2696/3425 2697/3426 2698/3427 2699/3428
f 2700/3429 2701/3430 2702/3431 2703/3432
f 2704/3433 2700/3434 2703/3435 2705/3436
f 2706/3041 2707/2943 2708/3437 2709/2854
f 2709/3438 2696/3439 2699/3440 2706/3441
f 2700/3429 2699/3428 2698/3427 2701/3430
f 2698/3442 2707/3443 2710/2997 2701/2996
f 2711/3444 2702/3445 2701/2996 2710/2997
f 2707/3443 2698/3442 2697/3446 2708/3447
f 2706/3041 2704/2956 2710/2767 2707/2943
f 2700/3434 2704/3433 2706/3441 2699/3440
f 2696/3439 2709/3438 2714/3448 2715/3449
f 2697/3426 2696/3425 2715/3450 2716/3451
f 2709/2854 2708/3437 2719/3381 2714/2871
f 2708/3447 2697/3446 2716/3452 2719/3453
f 2713/3454 2712/3455 2720/3456 2721/3457
f 2715/3449 2714/3448 2721/3457 2720/3456
f 2714/2871 2719/3381 2722/2967 2721/2879
f 2718/3458 2717/3459 2722/3460 2723/3461
f 2719/3453 2716/3452 2723/3461 2722/3460
f 2723/3462 2720/3463 2712/3464 2718/3465
f 2720/3463 2723/3462 2716/3451 2715/3450
f 2717/2977 2713/2888 2721/2879 2722/2967
f 2724/2978 2725/2979 2726/3069 2727/2981
f 2704/2956 2727/2981 2726/3069 2710/2767
f 2730/3466 2731/3467 2732/3468 2733/3469
f 2733/2895 2724/2896 2727/2897 2730/2898
f 2728/3470 2704/3471 2705/3121 2729/3122
f 2735/3472 2711/3473 2710/3474 2734/3475
f 2731/3476 2726/3477 2725/3478 2732/3479
f 2730/3466 2728/3480 2734/3481 2731/3467
f 2726/3477 2731/3476 2734/3475 2710/3474
f 2729/3482 2735/3483 2734/3481 2728/3480
f 2724/2896 2733/2895 2738/3407 2739/3408
f 2725/2979 2724/2978 2739/3008 2740/3009
f 2733/3469 2732/3468 2743/3484 2738/3485
f 2732/3479 2725/3478 2740/3486 2743/3487
f 2737/3414 2736/3488 2744/3489 2745/3417
f 2739/3408 2738/3407 2745/3417 2744/3489
f 2738/3485 2743/3484 2746/3490 2745/3491
f 2742/3492 2741/3493 2746/3494 2747/3495
f 2743/3487 2740/3486 2747/3495 2746/3494
f 2747/3108 2744/3420 2736/3421 2742/3422
f 2744/3420 2747/3108 2740/3009 2739/3008
f 2741/3496 2737/3497 2745/3491 2746/3490
f 2704/3471 2728/3470 2730/2898 2727/2897
f 2748/3498 2749/3499 2750/3362 2751/3500
f 2752/3501 2753/3116 2754/3502 2755/3503
f 2756/3504 2752/3505 2755/3506 2757/3507
f 2758/2851 2759/2852 2760/2752 2761/2753
f 2761/3508 2748/3509 2751/3510 2758/3153
f 2752/3501 2751/3500 2750/3362 2753/3116
f 2750/2803 2759/2802 2762/3511 2753/3501
f 2763/2806 2754/2807 2753/3501 2762/3511
f 2759/2802 2750/2803 2749/3512 2760/3513
f 2758/2851 2756/2867 2762/2767 2759/2852
f 2752/3505 2756/3504 2758/3153 2751/3510
f 2748/3509 2761/3508 2766/3514 2767/3515
f 2749/3499 2748/3498 2767/3133 2768/3134
f 2761/2753 2760/2752 2771/2870 2766/2773
f 2760/3513 2749/3512 2768/2820 2771/2821
f 2765/3516 2764/3497 2772/3517 2773/3518
f 2767/3515 2766/3514 2773/3518 2772/3517
f 2766/2773 2771/2870 2774/2878 2773/3519
f 2770/3520 2769/3521 2774/3522 2775/3523
f 2771/2821 2768/2820 2775/3523 2774/3522
f 2775/3524 2772/3525 2764/3526 2770/3527
f 2772/3525 2775/3524 2768/3134 2767/3133
f 2769/2887 2765/3528 2773/3519 2774/2878
f 2776/2889 2777/2793 2778/2890 2779/2795
f 2756/2867 2779/2795 2778/2890 2762/2767
f 2782/3529 2783/3530 2784/3531 2785/3532
f 2785/3533 2776/2955 2779/2858 2782/2857
f 2780/3534 2756/3535 2757/3536 2781/3537
f 2787/3039 2763/3040 2762/3538 2786/3539
f 2783/3442 2778/3443 2777/3540 2784/3541
f 2782/3529 2780/3542 2786/3543 2783/3530
f 2778/3443 2783/3442 2786/3539 2762/3538
f 2781/3544 2787/3545 2786/3543 2780/3542
f 2776/2955 2785/3533 2790/3546 2791/3547
f 2777/2793 2776/2889 2791/2911 2792/2823
f 2785/3532 2784/3531 2795/3548 2790/3549
f 2784/3541 2777/3540 2792/3053 2795/3054
f 2789/3550 2788/3551 2796/3552 2797/3553
f 2791/3547 2790/3546 2797/3553 2796/3552
f 2790/3549 2795/3548 2798/3554 2797/3555
f 2794/3556 2793/3557 2798/3059 2799/3060
f 2795/3054 2792/3053 2799/3060 2798/3059
f 2799/2926 2796/2839 2788/2840 2794/2841
f 2796/2839 2799/2926 2792/2823 2791/2911
f 2793/3558 2789/3559 2797/3555 2798/3554
f 2756/3535 2780/3534 2782/2857 2779/2858
f 2800/3560 2801/3561 2802/3562 2803/3563
f 2804/3564 2805/3565 2806/3566 2807/3567
f 2808/3568 2804/3569 2807/3570 2809/3571
f 2810/2942 2811/3572 2812/3200 2813/3573
f 2813/3574 2800/3575 2803/3576 2810/3577
f 2804/3564 2803/3563 2802/3562 2805/3565
f 2802/3578 2811/3579 2814/3038 2805/3037
f 2815/3580 2806/3581 2805/3037 2814/3038
f 2811/3579 2802/3578 2801/3582 2812/3583
f 2810/2942 2808/3584 2814/3585 2811/3572
f 2804/3569 2808/3568 2810/3577 2803/3576
f 2800/3575 2813/3574 2818/3586 2819/3587
f 2801/3561 2800/3560 2819/3588 2820/3589
f 2813/3573 2812/3200 2823/3220 2818/3590
f 2812/3583 2801/3582 2820/2909 2823/2910
f 2817/3591 2816/3592 2824/3593 2825/3594
f 2819/3587 2818/3586 2825/3594 2824/3593
f 2818/3590 2823/3220 2826/3595 2825/2968
f 2822/3596 2821/3597 2826/3598 2827/3599
f 2823/2910 2820/2909 2827/3599 2826/3598
f 2827/3600 2824/3327 2816/3601 2822/3329
f 2824/3327 2827/3600 2820/3589 2819/3588
f 2821/3602 2817/3603 2825/2968 2826/3595
f 2828/3604 2829/3605 2830/3242 2831/3606
f 2808/3584 2831/3606 2830/3242 2814/3585
f 2834/3397 2835/3398 2836/3399 2837/3400
f 2837/3607 2828/3608 2831/3609 2834/3610
f 2832/3611 2808/3612 2809/3613 2833/3614
f 2839/2748 2815/2749 2814/2940 2838/2941
f 2835/3043 2830/3044 2829/2754 2836/3042
f 2834/3397 2832/3403 2838/3404 2835/3398
f 2830/3044 2835/3043 2838/2941 2814/2940
f 2833/3405 2839/3406 2838/3404 2832/3403
f 2828/3608 2837/3607 2842/3615 2843/3616
f 2829/3605 2828/3604 2843/3617 2844/3618
f 2837/3400 2836/3399 2847/3410 2842/3411
f 2836/3042 2829/2754 2844/2958 2847/2959
f 2841/3619 2840/3620 2848/3621 2849/3622
f 2843/3616 2842/3615 2849/3622 2848/3621
f 2842/3411 2847/3410 2850/3418 2849/3419
f 2846/2776 2845/2777 2850/2778 2851/2779
f 2847/2959 2844/2958 2851/2779 2850/2778
f 2851/3023 2848/3623 2840/3288 2846/3289
f 2848/3623 2851/3023 2844/3618 2843/3617
f 2845/3624 2841/3424 2849/3419 2850/3418
f 2808/3612 2832/3611 2834/3610 2831/3609
f 2852/3625 2853/3626 2854/3427 2855/3428
f 2856/3429 2857/3430 2858/3627 2859/3628
f 2860/3629 2856/3630 2859/3631 2861/3632
f 2862/2750 2863/2852 2864/2752 2865/2854
f 2865/3633 2852/3634 2855/3635 2862/3636
f 2856/3429 2855/3428 2854/3427 2857/3430
f 2854/2812 2863/2813 2866/3637 2857/3638
f 2867/3639 2858/3640 2857/3638 2866/3637
f 2863/2813 2854/2812 2853/3641 2864/3642
f 2862/2750 2860/2867 2866/2767 2863/2852
f 2856/3630 2860/3629 2862/3636 2855/3635
f 2852/3634 2865/3633 2870/3012 2871/3643
f 2853/3626 2852/3625 2871/3450 2872/3451
f 2865/2854 2864/2752 2875/2772 2870/2871
f 2864/3642 2853/3641 2872/3644 2875/3645
f 2869/3646 2868/3647 2876/3648 2877/3649
f 2871/3643 2870/3012 2877/3649 2876/3648
f 2870/2871 2875/2772 2878/2878 2877/2968
f 2874/3650 2873/3651 2878/3652 2879/3653
f 2875/3645 2872/3644 2879/3653 2878/3652
f 2879/3654 2876/3655 2868/3656 2874/3657
f 2876/3655 2879/3654 2872/3451 2871/3450
f 2873/2887 2869/2888 2877/2968 2878/2878
f 2880/2792 2881/2793 2882/2794 2883/2795
f 2860/2867 2883/2795 2882/2794 2866/2767
f 2886/3529 2887/3530 2888/3531 2889/3532
f 2889/3658 2880/3659 2883/3660 2886/3661
f 2884/3568 2860/3662 2861/3663 2885/3664
f 2891/3665 2867/3666 2866/3667 2890/3668
f 2887/3610 2882/3609 2881/3669 2888/3670
f 2886/3529 2884/3542 2890/3543 2887/3530
f 2882/3609 2887/3610 2890/3668 2866/3667
f 2885/3544 2891/3545 2890/3543 2884/3542
f 2880/3659 2889/3658 2894/3671 2895/3672
f 2881/2793 2880/2792 2895/2822 2896/2823
f 2889/3532 2888/3531 2899/3548 2894/3549
f 2888/3670 2881/3669 2896/3673 2899/3674
f 2893/3675 2892/3676 2900/3677 2901/3678
f 2895/3672 2894/3671 2901/3678 2900/3677
f 2894/3549 2899/3548 2902/3554 2901/3555
f 2898/3679 2897/3680 2902/3681 2903/3682
f 2899/3674 2896/3673 2903/3682 2902/3681
f 2903/2838 2900/2839 2892/2840 2898/2841
f 2900/2839 2903/2838 2896/2823 2895/2822
f 2897/3558 2893/3559 2901/3555 2902/3554
f 2860/3662 2884/3568 2886/3661 2883/3660
f 2904/3683 2905/3684 2906/3685 2907/3114
f 2908/3115 2909/3686 2910/3687 2911/3688
f 2912/3689 2908/3690 2911/3691 2913/3692
f 2914/2942 2915/2943 2916/2944 2917/2854
f 2917/3693 2904/3694 2907/3695 2914/3696
f 2908/3115 2907/3114 2906/3685 2909/3686
f 2906/3697 2915/3698 2918/3699 2909/3700
f 2919/3665 2910/3666 2909/3700 2918/3699
f 2915/3698 2906/3697 2905/3701 2916/3702
f 2914/2942 2912/2956 2918/2957 2915/2943
f 2908/3690 2912/3689 2914/3696 2907/3695
f 2904/3694 2917/3693 2922/3703 2923/3704
f 2905/3684 2904/3683 2923/3705 2924/3706
f 2917/2854 2916/2944 2927/2962 2922/2871
f 2916/3702 2905/3701 2924/3707 2927/3708
f 2921/3709 2920/3710 2928/3711 2929/3712
f 2923/3704 2922/3703 2929/3712 2928/3711
f 2922/2871 2927/2962 2930/2967 2929/2968
f 2926/3713 2925/3714 2930/3715 2931/3716
f 2927/3708 2924/3707 2931/3716 2930/3715
f 2931/3717 2928/3718 2920/3719 2926/3465
f 2928/3718 2931/3717 2924/3706 2923/3705
f 2925/2977 2921/2888 2929/2968 2930/2967
f 2932/3604 2933/2979 2934/2980 2935/2981
f 2912/2956 2935/2981 2934/2980 2918/2957
f 2938/2796 2939/2797 2940/3720 2941/3721
f 2941/3722 2932/3723 2935/3724 2938/3725
f 2936/2901 2912/2902 2913/2899 2937/2900
f 2943/3726 2919/3727 2918/3728 2942/3729
f 2939/3730 2934/3731 2933/3732 2940/3733
f 2938/2796 2936/2816 2942/2817 2939/2797
f 2934/3731 2939/3730 2942/3729 2918/3728
f 2937/3734 2943/3735 2942/2817 2936/2816
f 2932/3723 2941/3722 2946/3736 2947/3737
f 2933/2979 2932/3604 2947/3617 2948/3009
f 2941/3721 2940/3720 2951/2824 2946/2825
f 2940/3733 2933/3732 2948/3738 2951/3739
f 2945/3740 2944/3741 2952/3742 2953/3743
f 2947/3737 2946/3736 2953/3743 2952/3742
f 2946/2825 2951/2824 2954/2832 2953/2833
f 2950/3744 2949/3745 2954/3746 2955/3747
f 2951/3739 2948/3738 2955/3747 2954/3746
f 2955/3023 2952/3024 2944/3025 2950/3026
f 2952/3024 2955/3023 2948/3009 2947/3617
f 2949/3748 2945/2843 2953/2833 2954/2832
f 2912/2902 2936/2901 2938/3725 2935/3724
f 2956/3683 2957/3749 2958/3113 2959/3114
f 2960/3115 2961/3750 2962/3751 2963/3688
f 2964/2810 2960/2811 2963/2808 2965/2809
f 2966/3752 2967/2943 2968/3753 2969/3754
f 2969/2814 2956/3755 2959/3756 2966/3757
f 2960/3115 2959/3114 2958/3113 2961/3750
f 2958/3758 2967/3759 2970/3539 2961/3538
f 2971/3039 2962/3040 2961/3538 2970/3539
f 2967/3759 2958/3758 2957/3760 2968/3761
f 2966/3752 2964/2956 2970/2957 2967/2943
f 2960/2811 2964/2810 2966/3757 2959/3756
f 2956/3755 2969/2814 2974/2826 2975/2827
f 2957/3749 2956/3683 2975/3762 2976/3763
f 2969/3754 2968/3753 2979/2962 2974/3764
f 2968/3761 2957/3760 2976/3765 2979/3766
f 2973/2834 2972/2835 2980/2836 2981/2837
f 2975/2827 2974/2826 2981/2837 2980/2836
f 2974/3764 2979/2962 2982/2967 2981/3767
f 2978/2916 2977/2917 2982/3768 2983/3769
f 2979/3766 2976/3765 2983/3769 2982/3768
f 2983/3770 2980/3144 2972/3771 2978/3146
f 2980/3144 2983/3770 2976/3763 2975/3762
f 2977/2977 2973/3392 2981/3767 2982/2967
f 2984/3393 2985/2979 2986/2980 2987/3772
f 2964/2956 2987/3772 2986/2980 2970/2957
f 2990/3773 2991/3774 2992/3775 2993/3776
f 2993/3777 2984/3778 2987/3779 2990/3442
f 2988/3780 2964/3781 2965/3444 2989/3445
f 2995/3782 2971/3783 2970/3638 2994/3637
f 2991/3784 2986/3785 2985/3786 2992/3787
f 2990/3773 2988/3788 2994/3789 2991/3774
f 2986/3785 2991/3784 2994/3637 2970/3638
f 2989/3790 2995/3791 2994/3789 2988/3788
f 2984/3778 2993/3777 2998/3792 2999/3793
f 2985/2979 2984/3393 2999/3008 3000/3009
f 2993/3776 2992/3775 3003/3794 2998/3795
f 2992/3787 2985/3786 3000/3796 3003/3797
f 2997/3798 2996/3799 3004/3460 3005/3800
f 2999/3793 2998/3792 3005/3800 3004/3460
f 2998/3795 3003/3794 3006/3801 3005/3802
f 3002/3803 3001/3804 3006/3805 3007/3806
f 3003/3797 3000/3796 3007/3806 3006/3805
f 3007/3023 3004/3024 2996/3025 3002/3026
f 3004/3024 3007/3023 3000/3009 2999/3008
f 3001/3807 2997/3808 3005/3802 3006/3801
f 2964/3781 2988/3780 2990/3442 2987/3779
f 3008/3111 3009/3112 3010/3362 3011/3363
f 3012/3364 3013/3116 3014/3117 3015/3118
f 3016/3809 3012/3810 3015/3811 3017/3812
f 3018/3752 3019/3572 3020/3813 3021/3814
f 3021/3815 3008/3816 3011/3817 3018/3818
f 3012/3364 3011/3363 3010/3362 3013/3116
f 3010/3635 3019/3636 3022/3668 3013/3667
f 3023/3819 3014/3820 3013/3667 3022/3668
f 3019/3636 3010/3635 3009/3821 3020/3822
f 3018/3752 3016/3584 3022/3585 3019/3572
f 3012/3810 3016/3809 3018/3818 3011/3817
f 3008/3816 3021/3815 3026/3823 3027/3824
f 3009/3112 3008/3111 3027/3133 3028/3134
f 3021/3814 3020/3813 3031/3220 3026/3825
f 3020/3822 3009/3821 3028/3092 3031/3093
f 3025/3826 3024/3827 3032/3828 3033/3829
f 3027/3824 3026/3823 3033/3829 3032/3828
f 3026/3825 3031/3220 3034/3595 3033/3767
f 3030/3830 3029/3831 3034/3832 3035/3178
f 3031/3093 3028/3092 3035/3178 3034/3832
f 3035/3143 3032/3144 3024/3145 3030/3146
f 3032/3144 3035/3143 3028/3134 3027/3133
f 3029/3602 3025/3833 3033/3767 3034/3595
f 3036/3834 3037/3605 3038/3242 3039/3835
f 3016/3584 3039/3835 3038/3242 3022/3585
f 3042/3836 3043/3837 3044/2984 3045/2985
f 3045/3838 3036/3839 3039/3840 3042/3841
f 3040/3842 3016/3843 3017/3844 3041/3845
f 3047/3726 3023/3727 3022/3728 3046/3729
f 3043/2756 3038/3731 3037/3732 3044/3846
f 3042/3836 3040/3002 3046/3003 3043/3837
f 3038/3731 3043/2756 3046/3729 3022/3728
f 3041/3004 3047/3005 3046/3003 3040/3002
f 3036/3839 3045/3838 3050/3847 3051/3848
f 3037/3605 3036/3834 3051/3617 3052/3618
f 3045/2985 3044/2984 3055/3010 3050/3011
f 3044/3846 3037/3732 3052/3849 3055/3850
f 3049/3851 3048/3852 3056/3853 3057/3854
f 3051/3848 3050/3847 3057/3854 3056/3853
f 3050/3011 3055/3010 3058/3855 3057/3019
f 3054/3744 3053/3745 3058/3746 3059/3747
f 3055/3850 3052/3849 3059/3747 3058/3746
f 3059/3023 3056/3623 3048/3288 3054/3289
f 3056/3623 3059/3023 3052/3618 3051/3617
f 3053/3027 3049/3856 3057/3019 3058/3855
f 3016/3843 3040/3842 3042/3841 3039/3840
f 3060/3857 3061/3858 3062/3859 3063/3860
f 3064/2804 3065/3861 3066/3862 3067/3863
f 3068/3864 3064/3865 3067/3159 3069/3160
f 3070/2942 3071/3572 3072/2944 3073/2854
f 3073/3866 3060/3867 3063/3163 3070/3868
f 3064/2804 3063/3860 3062/3859 3065/3861
f 3062/3869 3071/3870 3074/3637 3065/3638
f 3075/3782 3066/3640 3065/3638 3074/3637
f 3071/3870 3062/3869 3061/3871 3072/3872
f 3070/2942 3068/2766 3074/2767 3071/3572
f 3064/3865 3068/3864 3070/3868 3063/3163
f 3060/3867 3073/3866 3078/3173 3079/3174
f 3061/3858 3060/3857 3079/3873 3080/3874
f 3073/2854 3072/2944 3083/2772 3078/2871
f 3072/3872 3061/3871 3080/3644 3083/3645
f 3077/3875 3076/3876 3084/3877 3085/3878
f 3079/3174 3078/3173 3085/3878 3084/3877
f 3078/2871 3083/2772 3086/2780 3085/2968
f 3082/3879 3081/3880 3086/3881 3087/3882
f 3083/3645 3080/3644 3087/3882 3086/3881
f 3087/3883 3084/3884 3076/3885 3082/3886
f 3084/3884 3087/3883 3080/3874 3079/3873
f 3081/2790 3077/3603 3085/2968 3086/2780
f 3088/3604 3089/2979 3090/2980 3091/2981
f 3068/2766 3091/2981 3090/2980 3074/2767
f 3094/3887 3095/3888 3096/3889 3097/3890
f 3097/3891 3088/3892 3091/3893 3094/3894
f 3092/3161 3068/3162 3069/3895 3093/3896
f 3099/3078 3075/3079 3074/3897 3098/3898
f 3095/3899 3090/3900 3089/3540 3096/3541
f 3094/3887 3092/3901 3098/3902 3095/3888
f 3090/3900 3095/3899 3098/3898 3074/3897
f 3093/3903 3099/3904 3098/3902 3092/3901
f 3088/3892 3097/3891 3102/3905 3103/3906
f 3089/2979 3088/3604 3103/2822 3104/3009
f 3097/3890 3096/3889 3107/3907 3102/3908
f 3096/3541 3089/3540 3104/3909 3107/3910
f 3101/3911 3100/3912 3108/3913 3109/3914
f 3103/3906 3102/3905 3109/3914 3108/3913
f 3102/3908 3107/3907 3110/3915 3109/3916
f 3106/3917 3105/3918 3110/3919 3111/3920
f 3107/3910 3104/3909 3111/3920 3110/3919
f 3111/3023 3108/2839 3100/2840 3106/3026
f 3108/2839 3111/3023 3104/3009 3103/2822
f 3105/3921 3101/3922 3109/3916 3110/3915
f 3068/3162 3092/3161 3094/3894 3091/3893
o Storey02_Walls
v 0.200000 2.750000 2.849999
v 6.200000 4.299996 2.849999
v 0.200000 0.200000 2.849999
v 6.200000 0.200000 2.849999
v 0.200000 7.400000 2.849999
v 6.200000 7.300000 2.849999
v 0.200000 7.300000 2.849999
v 4.200000 0.200000 2.849999
v 4.200000 7.300000 2.849999
v 4.200000 4.299996 2.849999
v 0.200000 9.850000 2.849999
v 4.099999 0.200000 2.849999
v 4.099999 9.850000 2.849999
v 4.099999 4.199996 2.849999
v 4.099999 7.300000 2.849999
v 4.099999 7.400000 2.849999
v 3.700000 7.400000 2.800000
v 3.700000 7.300000 2.800000
v 2.779999 7.400000 2.800000
v 2.779999 7.300000 2.800000
v 4.739999 2.750000 2.800000
v 3.700000 2.750000 2.800000
v 5.659999 4.300000 2.800000
v 5.659999 4.200000 2.800000
v 4.739999 4.199996 2.800000
v 4.739999 4.299996 2.800000
v 2.779999 2.750000 2.800000
v 6.200000 2.750000 2.849999
v 5.659999 2.750000 2.800000
v 0.200000 2.650000 2.849999
v 3.700000 2.650000 2.800000
v 4.099999 2.650000 2.849999
v 6.200000 4.199996 2.849999
v 6.200000 0.800000 2.800000
v 6.200000 1.720000 2.800000
v 5.659999 2.650000 2.800000
v 4.739999 2.650000 2.800000
v 6.200000 2.650000 2.849999
v 4.200000 2.650000 2.849999
v 2.779999 2.650000 2.800000
v 6.190001 2.640000 5.250000
v 6.190001 0.210000 5.250000
v 6.200000 4.299996 5.250000
v 0.200000 0.200000 5.250000
v 6.200000 0.200000 5.250000
v 0.200000 7.400000 5.250000
v 6.200000 7.300000 5.250000
v 0.200000 7.300000 5.250000
v 4.200000 0.200000 5.250000
v 4.200000 7.300000 5.250000
v 4.200000 4.299996 5.250000
v 0.200000 9.850000 5.250000
v 4.099999 0.200000 5.250000
v 4.099999 9.850000 5.250000
v 4.099999 4.199996 5.250000
v 4.099999 7.300000 5.250000
v 4.099999 7.400000 5.250000
v 0.200000 2.750000 5.250000
v 6.200000 2.750000 5.250000
v 0.200000 2.650000 5.250000
v 4.099999 2.650000 5.250000
v 6.200000 4.199996 5.250000
v 6.200000 2.650000 5.250000
v 4.200000 2.650000 5.250000
v 6.190001 2.640000 2.849999
v 6.190001 1.720000 2.800000
v 2.779999 7.300000 4.920000
v 6.190001 1.770000 4.970001
v 6.190001 1.720000 4.920000
v 6.190001 2.640000 5.300000
v 6.190001 1.770000 2.849999
v 4.739999 2.650000 4.920000
v 2.730000 7.300000 4.970001
v 4.690000 4.199996 4.970001
v 4.739999 2.750000 4.920000
v 4.739999 4.199996 4.920000
v 6.190001 2.640000 2.800000
v 6.190001 0.210000 2.800000
v 6.190001 0.800000 2.800000
v 6.190001 0.210000 2.849999
v 6.200000 0.750000 2.849999
v 2.730000 7.400000 4.970001
v 5.659999 4.300000 4.920000
v 5.659999 4.200000 4.920000
v 4.690000 4.299996 4.970001
v 6.200000 1.770000 2.849999
v 2.779999 7.400000 4.920000
v 4.690000 2.750000 2.849999
v 4.739999 4.299996 4.920000
v 4.690000 2.650000 2.849999
v 5.710000 2.650000 2.849999
v 2.779999 2.750000 4.920000
v 5.710000 2.750000 2.849999
v 2.779999 2.650000 4.920000
v 3.750000 2.650000 2.849999
v 6.190001 0.750000 4.970001
v 5.710000 4.300000 2.849999
v 6.190001 0.800000 4.920000
v 5.710000 4.200000 2.849999
v 6.190001 0.210000 5.300000
v 4.690000 4.199996 2.849999
v 6.190001 0.750000 2.849999
v 4.690000 4.299996 2.849999
v 3.750000 2.750000 2.849999
v 2.730000 2.650000 2.849999
v 2.730000 2.750000 2.849999
v 3.750000 7.300000 2.849999
v 2.730000 7.400000 2.849999
v 3.750000 7.400000 2.849999
v 2.730000 7.300000 2.849999
v 3.700000 7.400000 4.920000
v 3.700000 7.300000 4.920000
v 3.700000 2.750000 4.920000
v 4.210000 2.640000 5.300000
v 5.659999 2.750000 4.920000
v 3.700000 2.650000 4.920000
v 6.200000 0.800000 4.920000
v 6.200000 1.720000 4.920000
v 5.659999 2.650000 4.920000
v 6.200000 0.750000 4.970001
v 6.200000 1.770000 4.970001
v 4.690000 2.750000 4.970001
v 4.690000 2.650000 4.970001
v 5.710000 2.650000 4.970001
v 5.710000 2.750000 4.970001
v 3.750000 2.650000 4.970001
v 5.710000 4.300000 4.970001
v 5.710000 4.200000 4.970001
v 4.210000 0.210000 5.300000
v 3.750000 2.750000 4.970001
v 2.730000 2.650000 4.970001
v 2.730000 2.750000 4.970001
v 3.750000 7.300000 4.970001
v 3.750000 7.400000 4.970001
v 4.210000 2.640000 5.250000
v 4.210000 2.640000 2.849999
v 4.210000 2.640000 2.800000
v 4.210000 0.210000 5.250000
v 4.210000 0.210000 2.849999
v 4.210000 0.210000 2.800000
v 4.210000 4.309999 5.250000
v 4.739999 4.309999 2.800000
v 6.190000 4.309999 2.849999
v 4.739999 2.640000 2.800000
v 4.210000 4.309999 2.800000
v 4.210000 4.309999 2.849999
v 4.739999 2.640000 4.920000
v 5.659999 2.640000 2.800000
v 5.659999 4.310003 2.800000
v 6.190000 4.309999 2.800000
v 6.190000 4.309999 5.250000
v 4.690000 2.640000 2.849999
v 5.710000 2.640000 2.849999
v 5.659999 2.640000 4.920000
v 4.690000 2.640000 4.970001
v 5.710000 2.640000 4.970001
v 6.190000 4.309999 5.300000
v 4.210000 4.309999 5.300000
v 5.659999 4.310003 4.920000
v 4.690000 4.309999 4.970001
v 4.739999 4.309999 4.920000
v 5.710000 4.310003 2.849999
v 4.690000 4.309999 2.849999
v 5.710000 4.310003 4.970001
v 6.190000 7.290000 2.849999
v 4.210000 7.290000 2.849999
v 6.190000 7.290000 5.250000
v 4.210000 7.290000 5.250000
v 6.190000 7.290000 2.800000
v 4.210000 7.290000 2.800000
v 6.190000 7.290000 5.300000
v 4.210000 7.290000 5.300000
v 2.779999 2.640000 2.800000
v 4.090000 2.640000 5.250000
v 3.700000 2.640000 2.800000
v 4.090000 2.640000 2.800000
v 4.090000 2.640000 2.849999
v 0.210000 2.640000 5.250000
v 0.210000 2.640000 2.849999
v 0.210000 2.640000 2.800000
v 0.210000 2.640000 5.300000
v 4.090000 2.640000 5.300000
v 2.779999 2.640000 4.920000
v 3.750000 2.640000 2.849999
v 2.730000 2.640000 2.849999
v 3.700000 2.640000 4.920000
v 3.750000 2.640000 4.970001
v 2.730000 2.640000 4.970001
v 0.210000 0.210000 2.849999
v 4.090000 0.210000 2.849999
v 0.210000 0.210000 5.250000
v 4.090000 0.210000 5.250000
v 0.210000 0.210000 2.800000
v 4.090000 0.210000 2.800000
v 0.210000 0.210000 5.300000
v 4.090000 0.210000 5.300000
v 2.779999 7.409999 2.800000
v 0.210000 7.409999 2.800000
v 0.210000 7.409999 5.250000
v 4.090000 7.409999 2.849999
v 4.090000 7.409999 5.250000
v 0.210000 7.409999 2.849999
v 3.700000 7.409999 2.800000
v 4.090000 7.409999 2.800000
v 0.210000 7.409999 5.300000
v 4.090000 7.409999 5.300000
v 2.730000 7.409999 4.970001
v 2.779999 7.409999 4.920000
v 2.730000 7.409999 2.849999
v 3.750000 7.409999 2.849999
v 3.700000 7.409999 4.920000
v 3.750000 7.409999 4.970001
v 0.210000 9.840001 2.849999
v 4.090000 9.840001 2.849999
v 0.210000 9.840001 5.250000
v 4.090000 9.840001 5.250000
v 0.210000 9.840001 2.800000
v 4.090000 9.840001 2.800000
v 0.210000 9.840001 5.300000
v 4.090000 9.840001 5.300000
v 4.090000 4.189999 2.849999
v 5.659999 4.190003 2.800000
v 4.739999 4.189999 2.800000
v 6.190000 4.189999 2.849999
v 4.090000 4.189999 5.250000
v 6.190000 4.189999 5.250000
v 4.090000 4.189999 2.800000
v 6.190000 4.189999 2.800000
v 4.690000 4.189999 4.970001
v 4.739999 4.189999 4.920000
v 4.090000 4.189999 5.300000
v 6.190000 4.189999 5.300000
v 5.659999 4.190003 4.920000
v 5.710000 4.190003 2.849999
v 4.690000 4.189999 2.849999
v 5.710000 4.190003 4.970001
v 0.210000 2.760000 2.849999
v 4.739999 2.760000 2.800000
v 3.700000 2.760000 2.800000
v 2.779999 2.760000 2.800000
v 6.190000 2.760000 2.849999
v 5.659999 2.760000 2.800000
v 0.210000 2.760000 5.250000
v 6.190000 2.760000 5.250000
v 0.210000 2.760000 2.800000
v 6.190000 2.760000 2.800000
v 4.739999 2.760000 4.920000
v 0.210000 2.760000 5.300000
v 6.190000 2.760000 5.300000
v 4.690000 2.760000 2.849999
v 2.779999 2.760000 4.920000
v 5.710000 2.760000 2.849999
v 3.750000 2.760000 2.849999
v 2.730000 2.760000 2.849999
v 3.700000 2.760000 4.920000
v 5.659999 2.760000 4.920000
v 4.690000 2.760000 4.970001
v 5.710000 2.760000 4.970001
v 3.750000 2.760000 4.970001
v 2.730000 2.760000 4.970001
v 0.210000 7.289999 2.849999
v 4.090000 7.289999 2.849999
v 3.700000 7.289999 2.800000
v 2.779999 7.289999 2.800000
v 0.210000 7.289999 5.250000
v 4.090000 7.289999 5.250000
v 0.210000 7.289999 2.800000
v 4.090000 7.289999 2.800000
v 2.779999 7.289999 4.920000
v 2.730000 7.289999 4.970001
v 0.210000 7.289999 5.300000
v 4.090000 7.289999 5.300000
v 3.750000 7.289999 2.849999
v 2.730000 7.289999 2.849999
v 3.700000 7.289999 4.920000
v 3.750000 7.289999 4.970001
v 6.200000 19.600000 2.849999
v 0.200000 19.600000 2.849999
v 6.200000 18.999998 2.800000
v 6.200000 18.080000 2.800000
v 4.200000 19.600000 2.849999
v 0.200000 12.400000 2.849999
v 4.200000 12.500000 2.849999
v 0.200000 12.500000 2.849999
v 6.200000 12.500000 2.849999
v 0.200000 9.950000 2.849999
v 4.099999 19.600000 2.849999
v 4.099999 9.950000 2.849999
v 4.099999 12.500000 2.849999
v 4.099999 12.400000 2.849999
v 6.200000 17.150002 2.849999
v 0.200000 17.150002 2.849999
v 4.200000 17.150002 2.849999
v 4.099999 17.150002 2.849999
v 3.700000 17.049999 2.800000
v 0.200000 17.049999 2.849999
v 6.200000 17.049999 2.849999
v 3.700000 12.400000 2.800000
v 3.700000 12.500000 2.800000
v 3.700000 17.150002 2.800000
v 2.779999 12.400000 2.800000
v 2.779999 12.500000 2.800000
v 2.779999 17.150002 2.800000
v 2.779999 17.049999 2.800000
v 6.200000 15.499999 2.849999
v 2.730000 12.400000 2.849999
v 4.200000 15.499999 2.849999
v 4.099999 15.600000 2.849999
v 6.200000 15.600000 2.849999
v 5.659999 15.600000 2.800000
v 5.659999 15.499999 2.800000
v 5.659999 17.049999 2.800000
v 5.659999 17.150002 2.800000
v 4.740000 17.150002 2.800000
v 4.740000 17.049999 2.800000
v 4.740000 15.499999 2.800000
v 4.740000 15.600000 2.800000
v 6.200000 19.600000 5.250000
v 0.200000 19.600000 5.250000
v 4.200000 19.600000 5.250000
v 0.200000 12.400000 5.250000
v 4.200000 12.500000 5.250000
v 0.200000 12.500000 5.250000
v 6.200000 12.500000 5.250000
v 0.200000 9.950000 5.250000
v 4.099999 19.600000 5.250000
v 4.099999 9.950000 5.250000
v 4.099999 12.500000 5.250000
v 4.099999 12.400000 5.250000
v 6.200000 17.150002 5.250000
v 0.200000 17.150002 5.250000
v 4.200000 17.150002 5.250000
v 4.099999 17.150002 5.250000
v 0.200000 17.049999 5.250000
v 6.200000 17.049999 5.250000
v 6.200000 15.499999 5.250000
v 4.200000 15.499999 5.250000
v 4.099999 15.600000 5.250000
v 6.200000 15.600000 5.250000
v 5.710000 15.499999 2.849999
v 6.190001 18.999998 2.800000
v 6.190001 17.160000 2.849999
v 6.190001 18.999998 4.920000
v 6.190001 18.030001 4.970001
v 6.190001 18.030001 2.849999
v 6.200000 19.049999 4.970001
v 2.730000 12.500000 2.849999
v 3.750000 12.400000 2.849999
v 3.750000 12.500000 2.849999
v 5.710000 15.600000 2.849999
v 4.690000 15.600000 2.849999
v 4.690000 15.499999 2.849999
v 4.690000 17.150002 2.849999
v 5.710000 17.049999 2.849999
v 4.690000 17.049999 2.849999
v 6.190001 18.080000 2.800000
v 6.200000 18.030001 2.849999
v 5.710000 17.150002 2.849999
v 6.200000 19.049999 2.849999
v 6.190001 19.590000 2.849999
v 3.750000 17.150002 2.849999
v 6.190001 18.080000 4.920000
v 6.190001 19.049999 2.849999
v 3.750000 17.049999 2.849999
v 6.190001 17.160000 5.300000
v 2.730000 17.150002 2.849999
v 6.200000 18.999998 4.920000
v 2.730000 17.049999 2.849999
v 6.190001 19.590000 5.300000
v 6.200000 18.080000 4.920000
v 3.700000 17.049999 4.920000
v 3.700000 12.400000 4.920000
v 3.700000 12.500000 4.920000
v 3.700000 17.150002 4.920000
v 2.779999 12.400000 4.920000
v 2.779999 12.500000 4.920000
v 2.779999 17.150002 4.920000
v 2.779999 17.049999 4.920000
v 2.730000 12.400000 4.970001
v 5.659999 15.600000 4.920000
v 5.659999 15.499999 4.920000
v 5.659999 17.049999 4.920000
v 5.659999 17.150002 4.920000
v 4.740000 17.150002 4.920000
v 4.740000 17.049999 4.920000
v 4.740000 15.499999 4.920000
v 4.740000 15.600000 4.920000
v 5.710000 15.499999 4.970001
v 2.730000 12.500000 4.970001
v 3.750000 12.400000 4.970001
v 3.750000 12.500000 4.970001
v 5.710000 15.600000 4.970001
v 4.690000 15.600000 4.970001
v 4.690000 15.499999 4.970001
v 4.690000 17.150002 4.970001
v 5.710000 17.049999 4.970001
v 4.690000 17.049999 4.970001
v 6.200000 18.030001 4.970001
v 5.710000 17.150002 4.970001
v 6.190001 19.049999 4.970001
v 3.750000 17.150002 4.970001
v 3.750000 17.049999 4.970001
v 2.730000 17.150002 4.970001
v 2.730000 17.049999 4.970001
v 6.190001 17.160000 2.800000
v 6.190001 17.160000 5.250000
v 4.210000 19.590000 5.250000
v 6.190001 19.590000 5.250000
v 6.190001 19.590000 2.800000
v 4.210000 17.160000 2.849999
v 4.210000 17.160000 5.250000
v 4.210000 19.590000 2.849999
v 4.210000 19.590000 2.800000
v 4.210000 17.160000 2.800000
v 4.210000 19.590000 5.300000
v 4.210000 17.160000 5.300000
v 4.090000 17.160000 5.300000
v 4.740000 17.160004 2.800000
v 4.090000 17.160000 5.250000
v 4.090000 19.590000 5.250000
v 4.090000 17.160000 2.849999
v 5.659999 17.160004 2.800000
v 4.090000 19.590000 2.800000
v 4.090000 17.160000 2.800000
v 4.090000 19.590000 5.300000
v 4.090000 19.590000 2.849999
v 4.690000 17.160004 2.849999
v 5.710000 17.160004 2.849999
v 5.659999 17.160004 4.920000
v 4.740000 17.160004 4.920000
v 4.690000 17.160004 4.970001
v 5.710000 17.160004 4.970001
v 0.210000 19.590000 2.849999
v 0.210000 17.160000 2.849999
v 0.210000 19.590000 5.250000
v 0.210000 17.160000 5.250000
v 0.210000 19.590000 2.800000
v 0.210000 17.160000 2.800000
v 0.210000 19.590000 5.300000
v 0.210000 17.160000 5.300000
v 2.730000 12.390001 2.849999
v 2.779999 17.160004 2.800000
v 4.090000 12.390001 5.250000
v 0.210000 12.390001 2.800000
v 3.700000 12.390001 2.800000
v 3.700000 17.160004 2.800000
v 4.090000 12.390001 2.849999
v 0.210000 12.390001 2.849999
v 2.779999 12.390001 2.800000
v 0.210000 12.390001 5.250000
v 3.750000 17.160004 2.849999
v 2.730000 17.160004 2.849999
v 3.700000 17.160004 4.920000
v 2.779999 17.160004 4.920000
v 3.750000 17.160004 4.970001
v 2.730000 17.160004 4.970001
v 4.090000 12.390001 2.800000
v 0.210000 12.390001 5.300000
v 4.090000 12.390001 5.300000
v 3.750000 12.390001 2.849999
v 3.700000 12.390001 4.920000
v 2.779999 12.390001 4.920000
v 2.730000 12.390001 4.970001
v 3.750000 12.390001 4.970001
v 0.210000 9.960000 2.849999
v 4.090000 9.960000 2.849999
v 0.210000 9.960000 5.250000
v 4.090000 9.960000 5.250000
v 0.210000 9.960000 2.800000
v 4.090000 9.960000 2.800000
v 0.210000 9.960000 5.300000
v 4.090000 9.960000 5.300000
v 4.210000 15.490000 2.849999
v 4.210000 15.490000 5.250000
v 5.710000 15.490000 2.849999
v 6.190000 15.490000 2.849999
v 4.740000 15.490000 2.800000
v 6.190000 15.490000 2.800000
v 6.190000 15.490000 5.250000
v 5.659999 15.490000 2.800000
v 4.210000 15.490000 2.800000
v 6.190000 15.490000 5.300000
v 4.210000 15.490000 5.300000
v 4.690000 15.490000 2.849999
v 5.659999 15.490000 4.920000
v 4.740000 15.490000 4.920000
v 5.710000 15.490000 4.970001
v 4.690000 15.490000 4.970001
v 4.210000 12.510000 2.849999
v 6.190000 12.510000 2.849999
v 4.210000 12.510000 5.250000
v 6.190000 12.510000 5.250000
v 4.210000 12.510000 2.800000
v 6.190000 12.510000 2.800000
v 4.210000 12.510000 5.300000
v 6.190000 12.510000 5.300000
v 4.740000 17.040003 2.800000
v 0.210000 17.040003 2.849999
v 3.700000 17.040003 2.800000
v 0.210000 17.040003 5.250000
v 6.190000 17.040003 5.250000
v 2.779999 17.040003 2.800000
v 6.190000 17.040003 2.849999
v 5.659999 17.040003 2.800000
v 0.210000 17.040003 2.800000
v 6.190000 17.040003 2.800000
v 0.210000 17.040003 5.300000
v 6.190000 17.040003 5.300000
v 5.710000 17.040003 2.849999
v 4.690000 17.040003 2.849999
v 3.750000 17.040003 2.849999
v 2.730000 17.040003 2.849999
v 3.700000 17.040003 4.920000
v 2.779999 17.040003 4.920000
v 5.659999 17.040003 4.920000
v 4.740000 17.040003 4.920000
v 5.710000 17.040003 4.970001
v 4.690000 17.040003 4.970001
v 3.750000 17.040003 4.970001
v 2.730000 17.040003 4.970001
v 0.210000 12.510000 2.849999
v 4.090000 12.510000 2.849999
v 3.700000 12.510000 2.800000
v 2.779999 12.510000 2.800000
v 0.210000 12.510000 5.250000
v 4.090000 12.510000 5.250000
v 0.210000 12.510000 2.800000
v 4.090000 12.510000 2.800000
v 0.210000 12.510000 5.300000
v 4.090000 12.510000 5.300000
v 2.730000 12.510000 2.849999
v 3.750000 12.510000 2.849999
v 3.700000 12.510000 4.920000
v 2.779999 12.510000 4.920000
v 2.730000 12.510000 4.970001
v 3.750000 12.510000 4.970001
v 4.089999 15.609998 2.849999
v 6.190000 15.609998 2.849999
v 5.659999 15.609998 2.800000
v 4.740000 15.609998 2.800000
v 4.089999 15.609998 5.250000
v 6.190000 15.609998 5.250000
v 4.089999 15.609998 2.800000
v 6.190000 15.609998 2.800000
v 4.089999 15.609998 5.300000
v 6.190000 15.609998 5.300000
v 5.710000 15.609998 2.849999
v 4.690000 15.609998 2.849999
v 5.659999 15.609998 4.920000
v 4.740000 15.609998 4.920000
v 5.710000 15.609998 4.970001
v 4.690000 15.609998 4.970001
v 8.300000 0.200000 2.850000
v 6.300000 7.900000 2.800001
v 6.300000 0.200000 2.850000
v 6.300000 0.800000 2.800001
v 6.300000 19.000000 2.800001
v 6.300000 18.080002 2.800001
v 8.300000 19.600000 2.850000
v 6.300000 19.600000 2.850000
v 6.839999 19.600000 2.800001
v 7.759999 19.600000 2.800001
v 6.300000 1.720000 2.800001
v 6.300000 11.900000 2.800001
v 6.300000 10.980000 2.800001
v 6.300000 8.820000 2.800001
v 6.300000 19.600000 5.250000
v 8.300000 0.200000 5.250000
v 6.300000 0.200000 5.250000
v 8.300000 19.600000 5.250000
v 8.290000 19.589998 2.800001
v 6.309998 8.820000 2.800001
v 6.310000 19.589998 2.800001
v 8.290000 19.589998 5.300000
v 6.300000 18.080002 4.920001
v 6.309998 0.800000 2.800001
v 6.309998 7.900000 2.800001
v 6.790000 19.589998 2.850000
v 7.810000 19.589998 4.970000
v 8.290000 19.589998 5.250000
v 7.810000 19.600000 2.850000
v 6.300000 19.049999 2.850000
v 7.810000 19.600000 4.970000
v 6.790000 19.600000 4.970000
v 6.300000 8.870000 2.850000
v 6.300000 8.820000 4.920001
v 8.290000 0.210000 5.250000
v 6.300000 10.980000 4.920001
v 6.300000 19.000000 4.920001
v 6.790000 19.600000 2.850000
v 7.759999 19.600000 4.920000
v 6.839999 19.600000 4.920000
v 6.310000 19.589998 5.300000
v 6.300000 18.030001 2.850000
v 6.790000 19.589998 4.970000
v 6.300000 11.950000 2.850000
v 7.810000 19.589998 2.850000
v 6.300000 10.930000 2.850000
v 6.300000 0.800000 4.920001
v 6.300000 7.900000 4.920001
v 8.290000 0.210000 2.800001
v 6.300000 7.850000 2.850000
v 6.300000 1.770000 2.850000
v 8.290000 0.210000 5.300000
v 6.309998 10.980000 2.800001
v 6.300000 0.750000 2.850000
v 6.300000 11.900000 4.920001
v 6.300000 1.720000 4.920001
v 6.300000 19.049999 4.970000
v 6.300000 8.870000 4.970000
v 6.300000 18.030001 4.970000
v 6.300000 11.950000 4.970000
v 6.300000 10.930000 4.970000
v 6.300000 7.850000 4.970000
v 6.300000 1.770000 4.970000
v 6.300000 0.750000 4.970000
v 6.839999 19.589998 2.800001
v 8.290000 19.589998 2.850000
v 8.290000 0.210000 2.850000
v 6.310000 0.210000 2.850000
v 6.309998 18.080002 4.920001
v 6.309998 1.720000 2.800001
v 6.310000 0.210000 5.250000
v 6.310000 19.589998 5.250000
v 6.310000 19.589998 2.850000
v 6.309998 11.900000 2.800001
v 6.839999 19.589998 4.920000
v 6.310000 0.210000 2.800001
v 6.310000 0.210000 5.300000
v 7.759999 19.589998 2.800001
v 6.309998 18.080002 2.800001
v 6.309998 19.000000 2.800001
v 7.759999 19.589998 4.920000
v 6.309998 19.049999 2.850000
v 6.309998 8.870000 2.850000
v 6.309998 8.820000 4.920001
v 6.309998 10.980000 4.920001
v 6.309998 19.000000 4.920001
v 6.309998 18.030001 2.850000
v 6.309998 11.950000 2.850000
v 6.309998 10.930000 2.850000
v 6.309998 0.800000 4.920001
v 6.309998 7.900000 4.920001
v 6.309998 7.850000 2.850000
v 6.309998 1.770000 2.850000
v 6.309998 0.750000 2.850000
v 6.309998 11.900000 4.920001
v 6.309998 1.720000 4.920001
v 6.309998 19.049999 4.970000
v 6.309998 8.870000 4.970000
v 6.309998 18.030001 4.970000
v 6.309998 11.950000 4.970000
v 6.309998 10.930000 4.970000
v 6.309998 7.850000 4.970000
v 6.309998 1.770000 4.970000
v 6.309998 0.750000 4.970000
v 6.200000 7.400002 2.850000
v 6.200000 12.399997 2.850000
v 4.200000 7.400002 2.850000
v 4.200000 12.399997 2.850000
v 6.200000 8.820000 2.800000
v 6.200000 11.900000 2.800000
v 6.200000 10.980000 2.800000
v 6.200000 7.900000 2.800000
v 6.200000 7.400002 5.250000
v 6.200000 12.399997 5.250000
v 4.200000 7.400002 5.250000
v 4.200000 12.399997 5.250000
v 6.200000 11.950000 4.970000
v 6.200000 10.930000 4.970000
v 6.200000 7.850000 2.850000
v 6.200000 8.870000 2.850000
v 6.200000 10.980000 4.920000
v 6.200000 7.900000 4.920000
v 6.200000 10.930000 2.850000
v 6.200000 11.900000 4.920000
v 6.200000 8.820000 4.920000
v 6.200000 11.950000 2.850000
v 6.200000 8.870000 4.970000
v 6.200000 7.850000 4.970000
v 6.190001 7.410002 2.850000
v 6.190001 12.389996 2.850000
v 6.190001 8.820000 2.800000
v 6.190001 11.900000 2.800000
v 6.190001 10.980000 2.800000
v 6.190001 7.900000 2.800000
v 6.190001 7.410002 5.250000
v 6.190001 12.389996 5.250000
v 6.190001 11.950000 4.970000
v 6.190001 10.930000 4.970000
v 6.190001 7.410002 2.800000
v 6.190001 12.389996 2.800000
v 6.190001 7.410002 5.300000
v 6.190001 12.389996 5.300000
v 6.190001 7.850000 2.850000
v 6.190001 8.870000 2.850000
v 6.190001 10.980000 4.920000
v 6.190001 7.900000 4.920000
v 6.190001 10.930000 2.850000
v 6.190001 11.900000 4.920000
v 6.190001 8.820000 4.920000
v 6.190001 11.950000 2.850000
v 6.190001 8.870000 4.970000
v 6.190001 7.850000 4.970000
v 4.210000 7.410002 2.850000
v 4.210000 12.389996 2.850000
v 4.210000 7.410002 5.250000
v 4.210000 12.389996 5.250000
v 4.210000 7.410002 2.800000
v 4.210000 12.389996 2.800000
v 4.210000 7.410002 5.300000
v 4.210000 12.389996 5.300000
v 2.150000 19.600000 2.849999
v 2.150000 19.590000 2.849999
v 2.150000 19.590000 2.800000
v 2.150000 19.600000 5.250000
v 2.150000 19.590000 5.250000
v 2.150000 19.590000 5.300000
v 1.465000 17.150002 2.849999
v 1.470000 17.160002 2.849999
v 1.495000 17.160002 2.800000
v 2.150000 17.150002 5.250000
v 2.150000 17.160000 5.250000
v 2.150000 17.160000 5.300000
v 4.200000 18.375000 2.849999
v 4.210000 18.375000 2.849999
v 4.210000 18.375000 2.800000
v 4.200000 18.375000 5.250000
v 4.210000 18.375000 5.250000
v 4.210000 18.375000 5.300000
v 6.200000 18.375000 5.250000
v 6.190001 18.375000 5.300000
v 6.190001 18.375000 5.250000
v 6.200000 14.000000 2.849999
v 6.190000 14.000000 2.849999
v 6.190000 14.000000 2.800000
v 4.200000 14.000000 2.849999
v 4.210000 14.000000 2.849999
v 4.210000 14.000000 2.800000
v 4.200000 14.000000 5.250000
v 4.210000 14.000000 5.250000
v 4.210000 14.000000 5.300000
v 6.200000 14.000000 5.250000
v 6.190000 14.000000 5.250000
v 6.190000 14.000000 5.300000
v 1.465000 12.500000 2.849999
v 1.470000 12.510000 2.849999
v 1.495000 12.510000 2.800000
v 4.099999 14.050000 2.849999
v 4.090000 14.059999 2.849999
v 4.090000 14.059999 2.800000
v 2.150000 12.500000 5.250000
v 2.150000 12.510000 5.250000
v 2.150000 12.510000 5.300000
v 4.099999 14.050000 5.250000
v 4.090000 14.059999 5.250000
v 4.090000 14.059999 5.300000
v 5.150000 15.600000 5.250000
v 5.139999 15.609998 5.250000
v 5.139999 15.609998 5.300000
v 1.700000 17.049999 5.250000
v 3.200000 17.049999 5.250000
v 4.700000 17.049999 5.250000
v 1.705000 17.040003 5.250000
v 3.200000 17.040003 5.250000
v 4.695000 17.040003 5.250000
v 1.705000 17.040003 5.300000
v 3.200000 17.040003 5.300000
v 4.695000 17.040003 5.300000
v 1.465000 17.049999 2.849999
v 1.470000 17.040003 2.849999
v 1.495000 17.040003 2.800000
v 0.200000 15.533333 2.849999
v 0.200000 14.016666 2.849999
v 0.210000 15.530002 2.800000
v 0.210000 14.020000 2.800000
v 0.210000 15.530002 2.849999
v 0.210000 14.020000 2.849999
v 0.200000 15.533333 5.250000
v 0.200000 14.016666 5.250000
v 0.210000 15.530002 5.250000
v 0.210000 14.020000 5.250000
v 0.210000 15.530002 5.300000
v 0.210000 14.020000 5.300000
v 4.200000 10.733332 2.850000
v 4.200000 9.066667 2.850000
v 4.210000 10.729998 2.850000
v 4.210000 9.070000 2.850000
v 4.210000 10.729998 2.800000
v 4.210000 9.070000 2.800000
v 4.200000 10.733332 5.250000
v 4.200000 9.066667 5.250000
v 4.210000 10.729998 5.250000
v 4.210000 9.070000 5.250000
v 4.210000 10.729998 5.300000
v 4.210000 9.070000 5.300000
v 6.200000 10.733332 5.250000
v 6.200000 9.066667 5.250000
v 6.190001 10.729998 5.300000
v 6.190001 9.070000 5.300000
v 6.190001 10.729998 5.250000
v 6.190001 9.070000 5.250000
v 2.150000 9.950000 2.849999
v 2.150000 9.960000 2.849999
v 2.150000 9.960000 2.800000
v 2.150000 9.950000 5.250000
v 2.150000 9.960000 5.250000
v 2.150000 9.960000 5.300000
v 2.150000 9.850000 5.250000
v 2.150000 9.840001 5.250000
v 2.150000 9.840001 5.300000
v 2.150000 9.850000 2.849999
v 2.150000 9.840001 2.849999
v 2.150000 9.840001 2.800000
v 1.465000 12.400000 2.849999
v 1.495000 12.390001 2.800000
v 1.470000 12.390001 2.849999
v 2.150000 12.400000 5.250000
v 2.150000 12.390001 5.250000
v 2.150000 12.390001 5.300000
v 1.465000 7.400000 2.849999
v 1.470000 7.409999 2.849999
v 1.495000 7.409999 2.800000
v 2.150000 7.400000 5.250000
v 2.150000 7.409999 5.300000
v 2.150000 7.409999 5.250000
v 4.200000 5.799998 2.849999
v 4.210000 5.800000 2.849999
v 4.210000 5.800000 2.800000
v 6.200000 5.799998 2.849999
v 6.190000 5.800000 2.849999
v 6.190000 5.800000 2.800000
v 6.200000 5.799998 5.250000
v 6.190000 5.800000 5.250000
v 6.190000 5.800000 5.300000
v 4.200000 5.799998 5.250000
v 4.210000 5.800000 5.250000
v 4.210000 5.800000 5.300000
v 4.200000 1.425000 5.250000
v 4.210000 1.425000 5.250000
v 4.210000 1.425000 5.300000
v 4.200000 1.425000 2.849999
v 4.210000 1.425000 2.800000
v 4.210000 1.425000 2.849999
v 6.200000 1.425000 5.250000
v 6.190001 1.425000 5.250000
v 6.190001 1.425000 5.300000
v 2.150000 0.200000 5.250000
v 2.150000 0.210000 5.250000
v 2.150000 0.210000 5.300000
v 2.150000 0.200000 2.849999
v 2.150000 0.210000 2.849999
v 2.150000 0.210000 2.800000
v 2.150000 2.650000 5.250000
v 2.150000 2.640000 5.300000
v 2.150000 2.640000 5.250000
v 1.465000 2.650000 2.849999
v 1.470000 2.640000 2.849999
v 1.495000 2.640000 2.800000
v 1.465000 2.750000 2.849999
v 1.470000 2.760000 2.849999
v 1.495000 2.760000 2.800000
v 4.200000 2.750000 5.250000
v 2.200000 2.750000 5.250000
v 4.196667 2.760000 5.300000
v 2.203333 2.760000 5.300000
v 4.196667 2.760000 5.250000
v 2.203333 2.760000 5.250000
v 5.150000 4.199996 5.250000
v 5.140000 4.189999 5.250000
v 5.140000 4.189999 5.300000
v 4.099999 5.749998 5.250000
v 4.090000 5.739999 5.250000
v 4.090000 5.739999 5.300000
v 4.099999 5.749998 2.849999
v 4.090000 5.739999 2.849999
v 4.090000 5.739999 2.800000
v 1.465000 7.300000 2.849999
v 1.470000 7.289999 2.849999
v 1.495000 7.289999 2.800000
v 2.150000 7.300000 5.250000
v 2.150000 7.289999 5.250000
v 2.150000 7.289999 5.300000
v 0.200000 4.266666 2.849999
v 0.200000 5.783333 2.849999
v 0.210000 4.270000 2.849999
v 0.210000 5.779999 2.849999
v 0.210000 4.270000 2.800000
v 0.210000 5.779999 2.800000
v 0.200000 5.783333 5.250000
v 0.200000 4.266666 5.250000
v 0.210000 5.779999 5.250000
v 0.210000 4.270000 5.250000
v 0.210000 5.779999 5.300000
v 0.210000 4.270000 5.300000
v 8.300000 2.140000 5.250000
v 8.300000 4.080000 5.250000
v 8.300000 6.020000 5.250000
v 8.300000 7.960000 5.250000
v 8.300000 9.900000 5.250000
v 8.300000 11.840000 5.250000
v 8.300000 13.780001 5.250000
v 8.300000 15.720000 5.250000
v 8.300000 17.660000 5.250000
v 8.290000 2.148000 5.250000
v 8.290000 4.085999 5.250000
v 8.290000 6.023999 5.250000
v 8.290000 7.961999 5.250000
v 8.290000 9.899999 5.250000
v 8.290000 11.837998 5.250000
v 8.290000 13.775998 5.250000
v 8.290000 15.713998 5.250000
v 8.290000 17.651999 5.250000
v 8.290000 2.148000 5.300000
v 8.290000 4.085999 5.300000
v 8.290000 6.023999 5.300000
v 8.290000 7.961999 5.300000
v 8.290000 9.899999 5.300000
v 8.290000 11.837998 5.300000
v 8.290000 13.775998 5.300000
v 8.290000 15.713998 5.300000
v 8.290000 17.651999 5.300000
v 8.300000 2.140000 2.850000
v 8.300000 4.080000 2.850000
v 8.300000 6.020000 2.850000
v 8.300000 7.960000 2.850000
v 8.300000 9.900000 2.850000
v 8.300000 11.840000 2.850000
v 8.300000 13.780001 2.850000
v 8.300000 15.720000 2.850000
v 8.300000 17.660000 2.850000
v 8.290000 2.148000 2.800001
v 8.290000 4.085999 2.800001
v 8.290000 6.023999 2.800001
v 8.290000 7.961999 2.800001
v 8.290000 9.899999 2.800001
v 8.290000 11.837998 2.800001
v 8.290000 13.775998 2.800001
v 8.290000 15.713998 2.800001
v 8.290000 17.651999 2.800001
v 8.290000 2.148000 2.850000
v 8.290000 4.085999 2.850000
v 8.290000 6.023999 2.850000
v 8.290000 7.961999 2.850000
v 8.290000 9.899999 2.850000
v 8.290000 11.837998 2.850000
v 8.290000 13.775998 2.850000
v 8.290000 15.713998 2.850000
v 8.290000 17.651999 2.850000
v 6.300000 2.140000 5.250000
v 6.300000 4.080000 5.250000
v 6.300000 6.020000 5.250000
v 6.300000 7.960000 5.250000
v 6.300000 9.900000 5.250000
v 6.300000 11.840000 5.250000
v 6.300000 13.780001 5.250000
v 6.300000 15.720000 5.250000
v 6.300000 17.660000 5.250000
v 6.310000 2.148000 5.250000
v 6.310000 4.085999 5.250000
v 6.310000 6.023999 5.250000
v 6.310000 7.961999 5.250000
v 6.310000 9.899999 5.250000
v 6.310000 11.837998 5.250000
v 6.310000 13.775998 5.250000
v 6.310000 15.713998 5.250000
v 6.310000 17.651999 5.250000
v 6.310000 2.148000 5.300000
v 6.310000 4.085999 5.300000
v 6.310000 6.023999 5.300000
v 6.310000 7.961999 5.300000
v 6.310000 9.899999 5.300000
v 6.310000 11.837998 5.300000
v 6.310000 13.775998 5.300000
v 6.310000 15.713998 5.300000
v 6.310000 17.651999 5.300000
v 6.300000 3.290000 2.850000
v 6.300000 4.810000 2.850000
v 6.300000 6.330000 2.850000
v 6.309998 3.290000 2.850000
v 6.309998 4.810000 2.850000
v 6.309998 6.330000 2.850000
v 6.309998 3.265000 2.800001
v 6.309998 4.810000 2.800001
v 6.309998 6.355000 2.800001
v 6.309998 9.900000 2.850000
v 6.300000 9.900000 2.850000
v 6.309998 9.900000 2.800001
v 6.300000 13.470000 2.850000
v 6.300000 14.990001 2.850000
v 6.300000 16.510000 2.850000
v 6.309998 13.470000 2.850000
v 6.309998 14.990001 2.850000
v 6.309998 16.510000 2.850000
v 6.309998 13.445000 2.800001
v 6.309998 14.990001 2.800001
v 6.309998 16.535002 2.800001
v 4.099999 18.375000 2.849999
v 4.090000 18.375000 2.800000
v 4.090000 18.375000 2.849999
v 0.200000 18.375000 2.849999
v 0.210000 18.375000 2.849999
v 0.210000 18.375000 2.800000
v 0.200000 18.375000 5.250000
v 0.210000 18.375000 5.250000
v 0.210000 18.375000 5.300000
v 4.099999 18.375000 5.250000
v 4.090000 18.375000 5.300000
v 4.090000 18.375000 5.250000
v 0.200000 1.425000 2.849999
v 0.210000 1.425000 2.849999
v 0.210000 1.425000 2.800000
v 0.200000 1.425000 5.250000
v 0.210000 1.425000 5.250000
v 0.210000 1.425000 5.300000
v 4.099999 1.425000 2.849999
v 4.090000 1.425000 2.849999
v 4.090000 1.425000 2.800000
v 4.099999 1.425000 5.250000
v 4.090000 1.425000 5.250000
v 4.090000 1.425000 5.300000
v 0.200000 11.174999 2.849999
v 0.210000 11.175001 2.849999
v 0.210000 11.175001 2.800000
v 0.200000 11.174999 5.250000
v 0.210000 11.175001 5.250000
v 0.210000 11.175001 5.300000
v 0.200000 8.625000 2.849999
v 0.210000 8.625000 2.849999
v 0.210000 8.625000 2.800000
v 0.200000 8.625000 5.250000
v 0.210000 8.625000 5.250000
v 0.210000 8.625000 5.300000
v 4.099999 8.625000 2.849999
v 4.090000 8.625000 2.849999
v 4.090000 8.625000 2.800000
v 4.099999 8.625000 5.250000
v 4.090000 8.625000 5.250000
v 4.090000 8.625000 5.300000
v 4.099999 11.174999 2.849999
v 4.090000 11.175001 2.800000
v 4.090000 11.175001 2.849999
v 4.099999 11.174999 5.250000
v 4.090000 11.175001 5.250000
v 4.090000 11.175001 5.300000
v 8.300000 0.200000 2.850000
v 6.300000 7.850000 2.850000
v 0.200000 2.750000 2.849999
v 6.200000 4.299996 2.849999
v 6.200000 19.600000 2.849999
v 0.200000 19.600000 2.849999
v 0.200000 0.200000 2.849999
v 6.200000 0.200000 2.849999
v 6.300000 0.200000 2.850000
v 6.200000 19.049999 2.849999
v 6.200000 18.029999 2.849999
v 6.300000 0.750000 2.850000
v 6.300000 19.049999 2.850000
v 6.300000 18.030003 2.850000
v 8.300000 19.600000 2.850000
v 6.300000 19.600000 2.850000
v 6.200000 7.400000 2.850000
v 0.200000 7.400000 2.849999
v 6.200000 7.300000 2.849999
v 0.200000 7.300000 2.849999
v 4.200000 19.600000 2.849999
v 4.200000 0.200000 2.849999
v 6.200000 12.400000 2.850000
v 0.200000 12.400000 2.849999
v 4.200000 7.400000 2.850000
v 4.200000 7.300000 2.849999
v 4.200000 12.400000 2.850000
v 4.200000 12.500000 2.849999
v 0.200000 12.500000 2.849999
v 6.200000 12.500000 2.849999
v 4.200000 4.299996 2.849999
v 6.200000 8.870000 2.850000
v 0.200000 9.950000 2.849999
v 0.200000 9.850000 2.849999
v 4.099999 19.600000 2.849999
v 4.099999 0.200000 2.849999
v 4.099999 9.850000 2.849999
v 4.099999 9.950000 2.849999
v 4.099999 12.500000 2.849999
v 4.099999 12.400000 2.849999
v 4.099999 4.199996 2.849999
v 4.099999 7.300000 2.849999
v 4.099999 7.400000 2.849999
v 6.200000 17.150002 2.849999
v 0.200000 17.150002 2.849999
v 4.200000 17.150002 2.849999
v 4.099999 17.150002 2.849999
v 3.749999 17.049999 2.849999
v 0.200000 17.049999 2.849999
v 6.200000 17.049999 2.849999
v 3.749999 7.400000 2.849999
v 3.749999 7.300000 2.849999
v 3.749999 12.400000 2.849999
v 3.749999 12.500000 2.849999
v 3.749999 17.150002 2.849999
v 2.730004 7.400000 2.849999
v 2.730004 7.300000 2.849999
v 2.730004 12.400000 2.849999
v 2.730004 12.500000 2.849999
v 2.730004 17.150002 2.849999
v 2.730004 17.049999 2.849999
v 6.200000 15.499999 2.849999
v 0.200000 14.900000 2.849999
v 4.200000 15.499999 2.849999
v 4.099999 15.600000 2.849999
v 6.200000 15.600000 2.849999
v 5.709998 15.600000 2.849999
v 5.709998 15.499999 2.849999
v 5.709998 17.049999 2.849999
v 5.709998 17.150002 2.849999
v 4.690004 17.150002 2.849999
v 4.690004 17.049999 2.849999
v 4.690004 15.499999 2.849999
v 4.690004 15.600000 2.849999
v 4.690003 2.750000 2.849999
v 3.749999 2.750000 2.849999
v 5.709998 4.300000 2.849999
v 5.709998 4.200000 2.849999
v 4.690003 4.199996 2.849999
v 4.690003 4.299996 2.849999
v 2.730004 2.750000 2.849999
v 6.200000 2.750000 2.849999
v 5.709998 2.750000 2.849999
v 6.200000 11.950000 2.850000
v 0.200000 2.650000 2.849999
v 3.749999 2.650000 2.849999
v 4.099999 2.650000 2.849999
v 6.200000 4.199996 2.849999
v 6.790000 19.600000 2.850000
v 7.810000 19.600000 2.850000
v 6.300000 1.770000 2.850000
v 6.200000 0.750000 2.849999
v 6.200000 1.770000 2.849999
v 5.709998 2.650000 2.849999
v 4.690003 2.650000 2.849999
v 6.200000 2.650000 2.849999
v 4.200000 2.650000 2.849999
v 2.730004 2.650000 2.849999
v 6.200000 10.929999 2.850000
v 6.200000 7.850000 2.850000
v 6.300000 11.950000 2.850000
v 6.300000 10.929999 2.850000
v 6.300000 8.870000 2.850000
v 0.200000 4.900000 5.250000
v 0.200000 4.900000 2.849999
v 0.200000 3.059999 3.650005
v 6.300000 19.049999 4.970001
v 6.300000 19.600000 5.250000
v 0.200000 15.260000 3.650005
v 6.790000 19.600000 4.969999
v 8.040000 0.200000 3.650000
v 2.230000 0.200000 3.650005
v 0.749999 0.200000 3.650005
v 6.560000 0.200000 3.650005
v 0.749999 19.600000 3.650005
v 2.230000 19.600000 3.650005
v 0.200000 17.459999 3.650005
v 0.200000 18.940001 3.650005
v 0.200000 16.740000 3.650005
v 0.200000 13.060000 3.650005
v 0.200000 14.540000 3.650005
v 0.200000 11.740000 3.650005
v 0.200000 10.260000 3.650005
v 0.200000 9.540000 3.650005
v 0.200000 8.060000 3.650005
v 0.200000 2.340000 3.650005
v 0.200000 0.859996 3.650005
v 0.200000 4.540000 3.650005
v 0.200000 6.740000 3.650005
v 0.200000 5.260000 3.650005
v 8.300000 0.200000 5.250000
v 6.300000 7.850000 4.970001
v 6.200000 4.299996 5.250000
v 6.200000 19.600000 5.250000
v 0.200000 19.600000 5.250000
v 0.200001 0.200000 5.250000
v 6.200000 0.200000 5.250000
v 6.300000 0.200000 5.250000
v 6.200000 19.049999 4.970001
v 6.200000 18.029999 4.970001
v 6.300000 0.750000 4.970001
v 6.300000 18.029999 4.970001
v 8.300000 19.600000 5.250000
v 6.200000 7.400000 5.250000
v 0.200000 7.400000 5.250000
v 6.200000 7.300000 5.250000
v 0.200000 7.300000 5.250000
v 4.200000 19.600000 5.250000
v 4.200000 0.200000 5.250000
v 6.200000 12.400000 5.250000
v 0.200000 12.400000 5.250000
v 4.200000 7.400000 5.250000
v 4.200000 7.300000 5.250000
v 4.200000 12.400000 5.250000
v 4.200000 12.500000 5.250000
v 0.200000 12.500000 5.250000
v 6.200000 12.500000 5.250000
v 4.200000 4.299996 5.250000
v 6.200000 8.870000 4.970001
v 0.200000 9.950000 5.250000
v 0.200000 9.850000 5.250000
v 4.099999 19.600000 5.250000
v 4.099999 0.200000 5.250000
v 4.099999 9.850000 5.250000
v 4.099999 9.950000 5.250000
v 4.099999 12.500000 5.250000
v 4.099999 12.400000 5.250000
v 4.099999 4.199996 5.250000
v 4.099999 7.300000 5.250000
v 4.099999 7.400000 5.250000
v 6.200000 17.150002 5.250000
v 0.200000 17.150002 5.250000
v 4.200000 17.150002 5.250000
v 4.099999 17.150002 5.250000
v 3.749999 17.049999 4.970001
v 0.200000 17.049999 5.250000
v 6.200000 17.049999 5.250000
v 3.749999 7.400000 4.970001
v 3.749999 7.300000 4.970001
v 3.749999 12.400000 4.970001
v 3.749999 12.500000 4.970001
v 3.749999 17.150002 4.970001
v 2.730004 7.400000 4.970001
v 2.730004 7.300000 4.970001
v 2.730004 12.400000 4.970001
v 2.730004 12.500000 4.970001
v 2.730004 17.150002 4.970001
v 2.730004 17.049999 4.970001
v 6.200000 15.499999 5.250000
v 4.200000 15.499999 5.250000
v 4.099999 15.600000 5.250000
v 6.200000 15.600000 5.250000
v 5.709998 15.600000 4.970001
v 5.709998 15.499999 4.970001
v 5.709998 17.049999 4.970001
v 5.709998 17.150002 4.970001
v 4.690004 17.150002 4.970001
v 4.690004 17.049999 4.970001
v 4.690004 15.499999 4.970001
v 4.690004 15.600000 4.970001
v 4.690003 2.750000 4.970001
v 3.749999 2.750000 4.970001
v 5.709998 4.299996 4.970001
v 5.709998 4.199996 4.970001
v 4.690003 4.199996 4.970001
v 4.690003 4.299996 4.970001
v 0.200000 2.750000 5.250000
v 2.730004 2.750000 4.970001
v 6.200000 2.750000 5.250000
v 5.709998 2.750000 4.970001
v 6.200000 11.950000 4.970001
v 0.200000 2.650000 5.250000
v 3.749999 2.650000 4.970001
v 4.099999 2.650000 5.250000
v 6.200000 4.199996 5.250000
v 7.810000 19.600000 4.969999
v 6.300000 1.770000 4.970001
v 6.200000 0.750000 4.970001
v 6.200000 1.770000 4.970001
v 5.709998 2.650000 4.970001
v 4.690003 2.650000 4.970001
v 6.200000 2.650000 5.250000
v 4.200000 2.650000 5.250000
v 2.730004 2.650000 4.970001
v 6.200000 10.929999 4.970001
v 6.200000 7.850000 4.970001
v 6.300000 11.950000 4.970001
v 6.300000 10.929999 4.970001
v 6.300000 8.870000 4.970001
v 2.230000 0.200000 5.129999
v 0.749999 0.200000 5.129999
v 8.040000 0.200000 5.129999
v 6.560000 0.200000 5.129999
v 0.749999 19.600000 5.129999
v 2.230000 19.600000 5.129999
v 0.200000 17.459999 5.129999
v 0.200000 18.940001 5.129999
v 0.200000 15.260000 5.129999
v 0.200000 16.740000 5.129999
v 0.200000 13.060000 5.129999
v 0.200000 14.540000 5.129999
v 0.200000 11.740000 5.129999
v 0.200000 10.260000 5.129999
v 0.200000 9.540000 5.129999
v 0.200000 8.060000 5.129999
v 0.200000 2.340000 5.129999
v 0.200000 0.859996 5.129999
v 0.200000 4.540000 5.129999
v 0.200000 3.059999 5.129999
v 0.200000 6.740000 5.129999
v 0.200000 5.260000 5.129999
v 6.300000 3.200000 5.250000
v 6.300000 12.200000 5.250000
v 6.200000 9.900000 5.250000
v 4.220001 17.049999 5.250000
v 0.200000 14.900000 5.250000
v 4.220001 2.750000 5.250000
v 6.300000 9.200000 5.250000
v 4.220001 17.049999 2.849999
v 6.200000 9.900000 2.850000
v 4.220001 2.750000 2.849999
v 8.300000 3.200000 5.250000
v 8.300000 3.200000 2.850000
v 8.300000 6.200000 2.850000
v 8.300000 6.200000 5.250000
v 6.300000 12.200001 2.850000
v 8.300000 9.200000 5.250000
v 8.300000 9.200000 2.850000
v 8.300000 13.520000 5.250000
v 8.300000 13.520000 2.850000
v 6.300000 9.200000 2.850000
v 8.300000 0.950000 3.650000
v 8.300000 0.950000 5.130000
v 8.300000 2.430000 3.650000
v 8.300000 2.430000 5.130000
v 8.300000 5.810000 3.650000
v 8.300000 5.810000 5.130000
v 8.300000 4.330000 3.650000
v 8.300000 4.330000 5.130000
v 8.300000 7.680000 3.650000
v 8.300000 7.680000 5.130000
v 8.300000 9.160000 3.650000
v 8.300000 9.160000 5.130000
v 8.300000 11.090000 3.650000
v 8.300000 11.090000 5.130000
v 8.300000 12.570000 3.650000
v 8.300000 12.570000 5.130000
v 8.300000 15.950000 3.650000
v 8.300000 15.950000 5.130000
v 8.300000 14.470000 3.650000
v 8.300000 14.470000 5.130000
v 6.300000 3.200000 2.850000
v 6.300000 6.200000 2.850000
v 6.300000 6.200000 5.250000
v 6.300000 15.200000 2.850000
v 6.300000 15.200000 5.250000
v 6.300000 18.200001 4.970001
v 6.300000 18.200001 5.250000
v 8.300000 12.200000 5.130000
v 8.300000 12.200000 5.250000
v 8.300000 12.200000 3.650000
v 8.300000 12.200000 2.850000
v 8.300000 15.200000 3.650000
v 8.300000 15.200000 2.850000
v 8.300000 15.200000 5.130000
v 8.300000 15.200000 5.250000
v 8.300000 17.400000 5.250000
v 8.300000 17.400000 2.850000
v 4.200000 9.900000 5.250000
v 4.200000 9.900000 2.850000
v 4.200000 14.000000 2.849999
v 4.200000 14.000000 5.250000
v 6.200000 14.000000 2.849999
v 6.200000 14.000000 5.250000
v 4.200000 5.799998 2.849999
v 4.200000 5.799998 5.250000
v 6.200000 5.799998 2.849999
v 6.200000 5.799998 5.250000
v 2.150000 2.650000 5.250000
v 2.150000 9.850000 5.250000
v 2.150000 2.650000 2.849999
v 2.150000 0.200000 3.650005
v 2.150000 0.200000 2.849999
v 2.150000 0.200000 5.250000
v 2.150000 0.200000 5.129999
v 2.150000 9.850000 2.849999
v 2.150000 9.950000 5.250000
v 2.150000 9.950000 2.849999
v 2.150000 12.400000 5.250000
v 2.150000 19.600000 5.129999
v 2.150000 7.400000 2.849999
v 2.150000 12.400000 2.849999
v 2.150000 7.400000 5.250000
v 2.150000 19.600000 5.250000
v 2.150000 19.600000 3.650005
v 2.150000 19.600000 2.849999
v 2.150000 17.150002 5.250000
v 2.150000 17.150002 2.849999
vt 0.737354 0.245018
vt 0.728349 0.254024
vt 0.562647 0.254024
vt 0.553641 0.245018
vt 0.728427 0.244075
vt 0.726519 0.246950
vt 0.561757 0.246950
vt 0.561775 0.244075
vt 0.825819 0.256307
vt 0.555727 0.256308
vt 0.551045 0.251624
vt 0.821135 0.251624
vt 0.550427 0.247406
vt 0.864628 0.247405
vt 0.872039 0.254816
vt 0.557836 0.254815
vt 0.558144 0.247031
vt 0.872348 0.247031
vt 0.864938 0.254441
vt 0.550735 0.254441
vt 0.550642 0.254436
vt 0.872233 0.247027
vt 0.864824 0.254436
vt 0.754361 0.254491
vt 0.744499 0.244630
vt 0.860874 0.244629
vt 0.860874 0.254491
vt 0.557972 0.260009
vt 0.558042 0.254526
vt 0.872242 0.254527
vt 0.872172 0.260010
vt 0.864901 0.241634
vt 0.864831 0.247116
vt 0.550633 0.247116
vt 0.550703 0.241634
vt 0.774332 0.255369
vt 0.774359 0.251536
vt 0.554734 0.251501
vt 0.550865 0.255369
vt 0.550692 0.247451
vt 0.864894 0.247452
vt 0.872304 0.254862
vt 0.558101 0.254860
vt 0.551976 0.246133
vt 0.778828 0.246133
vt 0.787830 0.255135
vt 0.556477 0.255135
vt 0.550802 0.244527
vt 0.734520 0.244527
vt 0.725514 0.253533
vt 0.559808 0.253533
vt 0.581002 0.254976
vt 0.580976 0.251142
vt 0.800603 0.251143
vt 0.804471 0.255012
vt 0.802024 0.255379
vt 0.573968 0.255379
vt 0.575799 0.251431
vt 0.802952 0.251431
vt 0.773474 0.255582
vt 0.773501 0.251749
vt 0.553874 0.251714
vt 0.550006 0.255582
vt 0.814585 0.246819
vt 0.553531 0.246820
vt 0.553531 0.255580
vt 0.814584 0.255579
vt 0.725424 0.241695
vt 0.725405 0.244587
vt 0.559697 0.244588
vt 0.559717 0.241696
vt 0.864964 0.241969
vt 0.550761 0.241968
vt 0.733790 0.254080
vt 0.550071 0.254080
vt 0.559077 0.245074
vt 0.724784 0.245074
vt 0.872417 0.241548
vt 0.558214 0.241549
vt 0.807893 0.241812
vt 0.806168 0.246231
vt 0.554703 0.246278
vt 0.550237 0.241812
vt 0.872352 0.246943
vt 0.558144 0.246943
vt 0.559765 0.257007
vt 0.559784 0.254115
vt 0.725490 0.254115
vt 0.725471 0.257007
vt 0.872422 0.241586
vt 0.872352 0.247068
vt 0.558145 0.247069
vt 0.558214 0.241586
vt 0.831892 0.254263
vt 0.737215 0.254263
vt 0.737215 0.244401
vt 0.841755 0.244401
vt 0.734521 0.241902
vt 0.734496 0.245109
vt 0.550778 0.245109
vt 0.550802 0.241902
vt 0.746860 0.243978
vt 0.744989 0.247338
vt 0.550667 0.247337
vt 0.552538 0.243978
vt 0.550503 0.241736
vt 0.734227 0.241740
vt 0.734246 0.244946
vt 0.550522 0.244943
vt 0.726519 0.256419
vt 0.552288 0.256419
vt 0.550665 0.259968
vt 0.550735 0.254485
vt 0.864930 0.254485
vt 0.864860 0.259968
vt 0.885436 0.242047
vt 0.883719 0.247850
vt 0.556972 0.247922
vt 0.551241 0.242047
vt 0.734480 0.241956
vt 0.734456 0.245162
vt 0.550738 0.245162
vt 0.560802 0.241856
vt 0.726511 0.241857
vt 0.726526 0.244749
vt 0.560817 0.244748
vt 0.553622 0.241812
vt 0.737334 0.241812
vt 0.724797 0.241913
vt 0.724778 0.244805
vt 0.559077 0.244805
vt 0.559096 0.241913
vt 0.550047 0.257286
vt 0.733765 0.257286
vt 0.557705 0.260257
vt 0.871907 0.260259
vt 0.734544 0.241321
vt 0.550827 0.241321
vt 0.735121 0.256621
vt 0.737093 0.254649
vt 0.831771 0.254648
vt 0.831771 0.256621
vt 0.864675 0.260149
vt 0.550476 0.260149
vt 0.550431 0.254666
vt 0.864631 0.254665
vt 0.735551 0.256962
vt 0.551830 0.256961
vt 0.551811 0.253754
vt 0.735532 0.253755
vt 0.738340 0.243878
vt 0.738319 0.246960
vt 0.561715 0.246960
vt 0.561736 0.243878
vt 0.872370 0.260000
vt 0.558190 0.259999
vt 0.558146 0.254516
vt 0.872326 0.254516
vt 0.832099 0.244567
vt 0.832099 0.246539
vt 0.737421 0.246539
vt 0.735449 0.244567
vt 0.550665 0.259924
vt 0.864868 0.259923
vt 0.754361 0.256464
vt 0.862846 0.256464
vt 0.728364 0.256916
vt 0.562663 0.256916
vt 0.550665 0.259836
vt 0.864872 0.259836
vt 0.725255 0.256845
vt 0.559543 0.256842
vt 0.559528 0.253950
vt 0.725239 0.253952
vt 0.774360 0.242498
vt 0.554735 0.242463
vt 0.559789 0.256425
vt 0.725495 0.256425
vt 0.773502 0.242711
vt 0.553876 0.242675
vt 0.804470 0.245591
vt 0.804470 0.254630
vt 0.584843 0.254628
vt 0.584843 0.245590
vt 0.804444 0.241758
vt 0.580976 0.241721
vt 0.885274 0.247784
vt 0.885275 0.256035
vt 0.558531 0.256107
vt 0.558529 0.247856
vt 0.864698 0.241923
vt 0.550496 0.241923
vt 0.557842 0.247255
vt 0.872040 0.247256
vt 0.553083 0.250023
vt 0.553081 0.241772
vt 0.879828 0.241700
vt 0.879830 0.249951
vt 0.551365 0.255827
vt 0.885560 0.255827
vt 0.841961 0.256401
vt 0.737421 0.256401
vt 0.886991 0.241981
vt 0.552798 0.241981
vt 0.839989 0.246335
vt 0.839989 0.256197
vt 0.735449 0.256197
vt 0.745311 0.246335
vt 0.724803 0.242182
vt 0.559096 0.242182
vt 0.557886 0.254705
vt 0.550476 0.247294
vt 0.864678 0.247295
vt 0.872087 0.254704
vt 0.883721 0.256101
vt 0.556974 0.256173
vt 0.839989 0.254208
vt 0.745311 0.254208
vt 0.735449 0.244346
vt 0.839989 0.244346
vt 0.557766 0.260298
vt 0.871970 0.260298
vt 0.841961 0.244363
vt 0.745311 0.244363
vt 0.552691 0.250721
vt 0.552690 0.242470
vt 0.879446 0.242397
vt 0.879447 0.250650
vt 0.831892 0.256236
vt 0.735243 0.256236
vt 0.557797 0.241772
vt 0.871996 0.241772
vt 0.550431 0.241811
vt 0.864633 0.241811
vt 0.872131 0.260188
vt 0.557930 0.260188
vt 0.550974 0.256524
vt 0.885177 0.256524
vt 0.841961 0.256181
vt 0.745311 0.256181
vt 0.880759 0.250562
vt 0.553170 0.250634
vt 0.553168 0.242362
vt 0.880757 0.242289
vt 0.557120 0.248122
vt 0.884709 0.248051
vt 0.884711 0.256323
vt 0.557122 0.256395
vt 0.886577 0.256380
vt 0.551562 0.256380
vt 0.551302 0.242304
vt 0.886316 0.242304
vt 0.571738 0.251018
vt 0.576243 0.242009
vt 0.807765 0.242010
vt 0.798757 0.251018
vt 0.550886 0.243053
vt 0.813680 0.243053
vt 0.811894 0.247609
vt 0.550838 0.247609
vt 0.813950 0.255207
vt 0.551154 0.255207
vt 0.552946 0.250651
vt 0.814000 0.250652
vt 0.688400 0.252254
vt 0.678538 0.242392
vt 0.755465 0.242392
vt 0.755464 0.252254
vt 0.734411 0.253594
vt 0.550692 0.253594
vt 0.811894 0.256369
vt 0.550838 0.256369
vt 0.552946 0.241891
vt 0.814000 0.241892
vt 0.879438 0.248302
vt 0.879438 0.256620
vt 0.556672 0.256621
vt 0.556671 0.248302
vt 0.570810 0.254980
vt 0.798720 0.254979
vt 0.879393 0.242669
vt 0.550970 0.242599
vt 0.688400 0.254227
vt 0.757437 0.254227
vt 0.558031 0.260343
vt 0.872234 0.260345
vt 0.550667 0.256800
vt 0.734386 0.256800
vt 0.879294 0.248286
vt 0.879294 0.256605
vt 0.556528 0.256605
vt 0.556528 0.248286
vt 0.553024 0.250160
vt 0.553026 0.241841
vt 0.875793 0.241929
vt 0.875791 0.250248
vt 0.553067 0.255793
vt 0.881490 0.255953
vt 0.879249 0.242653
vt 0.550827 0.242582
vt 0.813849 0.250484
vt 0.552798 0.250484
vt 0.552798 0.241724
vt 0.813849 0.241724
vt 0.562612 0.251428
vt 0.562612 0.242390
vt 0.782235 0.242390
vt 0.782235 0.251428
vt 0.562638 0.255261
vt 0.786103 0.255297
vt 0.580976 0.242104
vt 0.800603 0.242105
vt 0.804470 0.245994
vt 0.584841 0.254991
vt 0.584843 0.245954
vt 0.551055 0.242380
vt 0.551028 0.246213
vt 0.770654 0.246248
vt 0.774523 0.242380
vt 0.804444 0.242161
vt 0.813799 0.255039
vt 0.551006 0.255040
vt 0.550736 0.247106
vt 0.864917 0.247107
vt 0.551027 0.255251
vt 0.770652 0.255286
vt 0.575696 0.245952
vt 0.642760 0.245953
vt 0.642760 0.255815
vt 0.565834 0.255815
vt 0.814536 0.242264
vt 0.551745 0.242264
vt 0.550432 0.250268
vt 0.874014 0.250267
vt 0.874014 0.241927
vt 0.550432 0.241927
vt 0.549987 0.242156
vt 0.778801 0.242174
vt 0.550501 0.255914
vt 0.875728 0.255914
vt 0.575696 0.243980
vt 0.644731 0.243980
vt 0.558007 0.241543
vt 0.872189 0.241544
vt 0.550692 0.250300
vt 0.874275 0.250299
vt 0.874275 0.241960
vt 0.550692 0.241960
vt 0.875858 0.247672
vt 0.552277 0.247673
vt 0.552277 0.256012
vt 0.875858 0.256012
vt 0.550762 0.255946
vt 0.875988 0.255946
vt 0.875789 0.242026
vt 0.550560 0.242026
vt 0.552523 0.256239
vt 0.774256 0.256239
vt 0.772420 0.252401
vt 0.552488 0.252401
vt 0.772420 0.243350
vt 0.552488 0.243351
vt 0.550729 0.246585
vt 0.770664 0.246585
vt 0.770664 0.255635
vt 0.550729 0.255635
vt 0.773119 0.252066
vt 0.553185 0.252065
vt 0.553185 0.243015
vt 0.773119 0.243015
vt 0.773084 0.255904
vt 0.551349 0.255904
vt 0.550821 0.243930
vt 0.772554 0.243930
vt 0.770718 0.247769
vt 0.550786 0.247769
vt 0.550764 0.242746
vt 0.772500 0.242746
vt 0.770718 0.256819
vt 0.550786 0.256819
vt 0.744989 0.256591
vt 0.550668 0.256591
vt 0.841961 0.256321
vt 0.737421 0.256321
vt 0.862846 0.246540
vt 0.862846 0.256379
vt 0.734939 0.256379
vt 0.744778 0.246540
vt 0.872340 0.247076
vt 0.733784 0.253811
vt 0.550071 0.253811
vt 0.550650 0.247237
vt 0.864840 0.247236
vt 0.872250 0.254646
vt 0.558059 0.254646
vt 0.557989 0.260129
vt 0.872181 0.260129
vt 0.550047 0.257017
vt 0.733759 0.257017
vt 0.864910 0.241754
vt 0.550719 0.241755
vt 0.832099 0.244487
vt 0.735448 0.244487
vt 0.860820 0.244514
vt 0.744777 0.244515
vt 0.551234 0.250653
vt 0.551235 0.242370
vt 0.881456 0.242370
vt 0.881456 0.250653
vt 0.737093 0.244787
vt 0.841633 0.244786
vt 0.747713 0.256354
vt 0.803728 0.246199
vt 0.808231 0.255207
vt 0.576742 0.255207
vt 0.576742 0.246199
vt 0.550569 0.246992
vt 0.864772 0.246992
vt 0.872183 0.254403
vt 0.557978 0.254401
vt 0.725450 0.254168
vt 0.559744 0.254168
vt 0.558145 0.247319
vt 0.872349 0.247319
vt 0.864939 0.254729
vt 0.550735 0.254729
vt 0.864636 0.241883
vt 0.550665 0.260212
vt 0.864869 0.260211
vt 0.801755 0.242254
vt 0.572778 0.242234
vt 0.553152 0.256407
vt 0.887257 0.256456
vt 0.557908 0.259884
vt 0.872113 0.259886
vt 0.872419 0.241836
vt 0.558214 0.241836
vt 0.864842 0.241509
vt 0.550639 0.241509
vt 0.559725 0.257060
vt 0.725431 0.257060
vt 0.550331 0.248353
vt 0.873917 0.248354
vt 0.873916 0.256694
vt 0.550331 0.256694
vt 0.575799 0.242417
vt 0.807459 0.242417
vt 0.642500 0.254489
vt 0.575435 0.254488
vt 0.565573 0.244626
vt 0.642500 0.244627
vt 0.550665 0.254621
vt 0.558078 0.247213
vt 0.557626 0.254187
vt 0.550216 0.246777
vt 0.864409 0.246778
vt 0.871818 0.254187
vt 0.550400 0.242707
vt 0.875633 0.242707
vt 0.558035 0.241730
vt 0.872228 0.241838
vt 0.550171 0.241294
vt 0.864364 0.241294
vt 0.550708 0.260104
vt 0.644472 0.256461
vt 0.575435 0.256461
vt 0.871863 0.259671
vt 0.557670 0.259671
vt 0.552205 0.256084
vt 0.817444 0.256084
vt 0.815660 0.251485
vt 0.551588 0.251485
vt 0.552778 0.250908
vt 0.552776 0.242131
vt 0.803789 0.242085
vt 0.803790 0.250861
vt 0.553198 0.242884
vt 0.823291 0.242884
vt 0.821512 0.247567
vt 0.551420 0.247567
vt 0.815660 0.242741
vt 0.551587 0.242741
vt 0.551045 0.242911
vt 0.821135 0.242912
vt 0.825035 0.242994
vt 0.559798 0.242994
vt 0.561578 0.247592
vt 0.825651 0.247592
vt 0.821512 0.256280
vt 0.551420 0.256280
vt 0.561578 0.256337
vt 0.825651 0.256337
vt 0.550971 0.255366
vt 0.808201 0.255366
vt 0.806170 0.255024
vt 0.554705 0.255070
vt 0.813425 0.255155
vt 0.550634 0.255155
vt 0.552418 0.250599
vt 0.813474 0.250599
vt 0.550171 0.241560
vt 0.864355 0.241560
vt 0.864399 0.247043
vt 0.550215 0.247043
vt 0.864809 0.259969
vt 0.550620 0.259969
vt 0.550576 0.254486
vt 0.864765 0.254485
vt 0.549823 0.242069
vt 0.807479 0.242069
vt 0.805755 0.246489
vt 0.554288 0.246535
vt 0.551302 0.242449
vt 0.886323 0.242449
vt 0.884715 0.248196
vt 0.557120 0.248267
vt 0.734736 0.244513
vt 0.725730 0.253519
vt 0.560021 0.253521
vt 0.551014 0.244515
vt 0.724858 0.257716
vt 0.559158 0.256686
vt 0.559160 0.253794
vt 0.724860 0.254824
vt 0.557625 0.254453
vt 0.871808 0.254452
vt 0.734637 0.257283
vt 0.550921 0.257283
vt 0.550902 0.254076
vt 0.734618 0.254076
vt 0.853634 0.254389
vt 0.747123 0.254389
vt 0.747123 0.244527
vt 0.863497 0.244527
vt 0.814226 0.256094
vt 0.551438 0.256094
vt 0.553222 0.251538
vt 0.814275 0.251539
vt 0.725612 0.245070
vt 0.559908 0.245071
vt 0.557986 0.247076
vt 0.872174 0.247077
vt 0.749223 0.255554
vt 0.554900 0.255554
vt 0.551540 0.252195
vt 0.745863 0.252195
vt 0.772519 0.256577
vt 0.550786 0.256577
vt 0.552622 0.252738
vt 0.772555 0.252738
vt 0.552391 0.255655
vt 0.774122 0.255655
vt 0.772287 0.251817
vt 0.552356 0.251817
vt 0.550431 0.241486
vt 0.864628 0.241487
vt 0.864673 0.246971
vt 0.550476 0.246970
vt 0.550499 0.254804
vt 0.557909 0.247394
vt 0.872077 0.247395
vt 0.864668 0.254804
vt 0.550995 0.241308
vt 0.734717 0.241307
vt 0.549987 0.241836
vt 0.778803 0.241855
vt 0.778831 0.245814
vt 0.551976 0.245814
vt 0.724962 0.257556
vt 0.559251 0.257555
vt 0.559236 0.254663
vt 0.724946 0.254663
vt 0.557886 0.254380
vt 0.872082 0.254380
vt 0.558024 0.241970
vt 0.872199 0.241971
vt 0.872244 0.247453
vt 0.558068 0.247453
vt 0.824060 0.255201
vt 0.553964 0.255201
vt 0.555741 0.250518
vt 0.825836 0.250518
vt 0.886318 0.256308
vt 0.551302 0.256308
vt 0.552909 0.250562
vt 0.880500 0.250490
vt 0.802019 0.255252
vt 0.573968 0.255251
vt 0.575799 0.251303
vt 0.802948 0.251303
vt 0.575670 0.243798
vt 0.644705 0.243798
vt 0.642733 0.245770
vt 0.575670 0.245770
vt 0.872200 0.241550
vt 0.552175 0.242426
vt 0.815006 0.242426
vt 0.813223 0.246982
vt 0.551267 0.246982
vt 0.772287 0.242766
vt 0.552355 0.242766
vt 0.557886 0.254642
vt 0.550476 0.247232
vt 0.864664 0.247233
vt 0.872073 0.254643
vt 0.550731 0.241702
vt 0.772462 0.241702
vt 0.770626 0.245540
vt 0.550696 0.245540
vt 0.559136 0.241438
vt 0.724834 0.241438
vt 0.724850 0.244330
vt 0.559152 0.244330
vt 0.557860 0.241694
vt 0.872036 0.241695
vt 0.872081 0.247178
vt 0.557904 0.247178
vt 0.872629 0.260203
vt 0.558450 0.260203
vt 0.558406 0.254720
vt 0.872585 0.254720
vt 0.555399 0.246427
vt 0.720047 0.246428
vt 0.729509 0.255890
vt 0.555399 0.255890
vt 0.725375 0.244761
vt 0.734381 0.253767
vt 0.550667 0.253766
vt 0.559673 0.244760
vt 0.735285 0.244680
vt 0.831935 0.244680
vt 0.831935 0.246651
vt 0.737256 0.246652
vt 0.550692 0.241315
vt 0.864864 0.241316
vt 0.864908 0.246799
vt 0.550736 0.246798
vt 0.719068 0.254894
vt 0.650032 0.254894
vt 0.650032 0.252922
vt 0.717096 0.252922
vt 0.725482 0.257165
vt 0.559778 0.257164
vt 0.559763 0.254272
vt 0.725467 0.254273
vt 0.864845 0.254747
vt 0.832305 0.254373
vt 0.737628 0.254373
vt 0.737628 0.244511
vt 0.842168 0.244511
vt 0.557942 0.241592
vt 0.872129 0.241594
vt 0.872117 0.260127
vt 0.557930 0.260125
vt 0.575799 0.242289
vt 0.807455 0.242289
vt 0.864713 0.260287
vt 0.550543 0.260287
vt 0.550211 0.242343
vt 0.733919 0.243450
vt 0.733918 0.246657
vt 0.550211 0.245549
vt 0.872117 0.259803
vt 0.557930 0.259803
vt 0.557885 0.254320
vt 0.872072 0.254320
vt 0.725745 0.256412
vt 0.560036 0.256413
vt 0.841797 0.256429
vt 0.745146 0.256430
vt 0.745146 0.254457
vt 0.839824 0.254457
vt 0.550211 0.244733
vt 0.733921 0.245874
vt 0.550212 0.241526
vt 0.733921 0.242668
vt 0.853633 0.256362
vt 0.745150 0.256362
vt 0.552509 0.243537
vt 0.720034 0.243554
vt 0.864620 0.241750
vt 0.552622 0.243688
vt 0.772555 0.243688
vt 0.551798 0.246510
vt 0.771732 0.246510
vt 0.771732 0.255561
vt 0.551798 0.255561
vt 0.551834 0.242672
vt 0.773568 0.242672
vt 0.733952 0.245657
vt 0.550230 0.245657
vt 0.884717 0.256468
vt 0.557122 0.256540
vt 0.885666 0.256461
vt 0.550646 0.256461
vt 0.552253 0.250714
vt 0.879849 0.250643
vt 0.550736 0.247166
vt 0.864934 0.247166
vt 0.552252 0.242442
vt 0.879847 0.242370
vt 0.735284 0.244595
vt 0.839824 0.244595
vt 0.772216 0.254970
vt 0.550486 0.254970
vt 0.552322 0.251131
vt 0.772251 0.251132
vt 0.885333 0.256382
vt 0.550318 0.256382
vt 0.551925 0.250635
vt 0.879515 0.250564
vt 0.551924 0.242362
vt 0.879513 0.242291
vt 0.550211 0.242450
vt 0.733933 0.242450
vt 0.864889 0.241683
vt 0.552322 0.242081
vt 0.772251 0.242081
vt 0.770626 0.254591
vt 0.872387 0.260060
vt 0.558191 0.260060
vt 0.558057 0.241644
vt 0.872253 0.241644
vt 0.832305 0.256346
vt 0.735656 0.256346
vt 0.772553 0.252856
vt 0.552621 0.252856
vt 0.552621 0.243805
vt 0.772553 0.243805
vt 0.551635 0.246475
vt 0.771568 0.246475
vt 0.771568 0.255526
vt 0.551635 0.255525
vt 0.551671 0.242637
vt 0.773403 0.242637
vt 0.772518 0.256694
vt 0.550785 0.256694
vt 0.559658 0.241868
vt 0.725360 0.241869
vt 0.551017 0.247752
vt 0.874600 0.247753
vt 0.874600 0.256092
vt 0.551017 0.256092
vt 0.875837 0.251222
vt 0.552251 0.251221
vt 0.552251 0.242882
vt 0.875837 0.242882
vt 0.550526 0.254563
vt 0.864723 0.254563
vt 0.551087 0.242105
vt 0.876316 0.242105
vt 0.875768 0.256869
vt 0.550538 0.256868
vt 0.550996 0.247310
vt 0.865175 0.247311
vt 0.551812 0.245585
vt 0.778668 0.245584
vt 0.787670 0.254587
vt 0.556313 0.254587
vt 0.872088 0.241670
vt 0.575779 0.245953
vt 0.565917 0.255815
vt 0.549823 0.241607
vt 0.778641 0.241625
vt 0.550562 0.250202
vt 0.874144 0.250201
vt 0.874144 0.241862
vt 0.550563 0.241862
vt 0.875858 0.247410
vt 0.552281 0.247411
vt 0.552281 0.255750
vt 0.875858 0.255750
vt 0.640170 0.243060
vt 0.717096 0.243060
vt 0.575779 0.243980
vt 0.644815 0.243981
vt 0.550632 0.255848
vt 0.872214 0.241857
vt 0.875789 0.241764
vt 0.550564 0.241764
vt 0.734400 0.256973
vt 0.550686 0.256973
vt 0.550952 0.241827
vt 0.865131 0.241827
vt 0.551984 0.248415
vt 0.875568 0.248416
vt 0.875568 0.256755
vt 0.551984 0.256755
vt 0.876057 0.250642
vt 0.552470 0.250641
vt 0.552470 0.242302
vt 0.876057 0.242302
vt 0.875987 0.256288
vt 0.550757 0.256288
vt 0.552053 0.242769
vt 0.877285 0.242769
vt 0.773630 0.246137
vt 0.553698 0.246138
vt 0.553698 0.255188
vt 0.773630 0.255188
vt 0.772255 0.241947
vt 0.770420 0.245785
vt 0.550489 0.245785
vt 0.773335 0.251535
vt 0.553402 0.251536
vt 0.553402 0.242485
vt 0.773335 0.242485
vt 0.770420 0.254836
vt 0.773299 0.255374
vt 0.551565 0.255374
vt 0.772878 0.255778
vt 0.551144 0.255778
vt 0.552979 0.251940
vt 0.772914 0.251940
vt 0.557380 0.248195
vt 0.884967 0.248124
vt 0.884969 0.256396
vt 0.557382 0.256468
vt 0.737421 0.246388
vt 0.832099 0.246388
vt 0.737421 0.256250
vt 0.773595 0.242299
vt 0.551863 0.242299
vt 0.745147 0.246691
vt 0.839825 0.246691
vt 0.839825 0.256553
vt 0.735285 0.256553
vt 0.552980 0.242890
vt 0.772914 0.242890
vt 0.735449 0.244415
vt 0.832099 0.244416
vt 0.871853 0.259936
vt 0.557670 0.259936
vt 0.745147 0.244719
vt 0.841797 0.244719
vt 0.551562 0.242377
vt 0.886574 0.242377
vt 0.559892 0.242179
vt 0.725597 0.242178
vt 0.557119 0.248179
vt 0.884712 0.256380
vt 0.552907 0.242289
vt 0.880498 0.242216
vt 0.558146 0.254208
vt 0.872317 0.254208
vt 0.802738 0.251342
vt 0.575593 0.251342
vt 0.575593 0.242329
vt 0.807245 0.242329
vt 0.550699 0.248024
vt 0.811751 0.248025
vt 0.811751 0.256785
vt 0.551278 0.247102
vt 0.812332 0.247102
vt 0.812332 0.255862
vt 0.551327 0.242547
vt 0.814116 0.242547
vt 0.552418 0.241839
vt 0.813475 0.241839
vt 0.737020 0.253352
vt 0.560422 0.253352
vt 0.551029 0.243959
vt 0.746414 0.243959
vt 0.841797 0.256514
vt 0.737256 0.256514
vt 0.550748 0.243469
vt 0.813535 0.243469
vt 0.553222 0.242778
vt 0.814275 0.242779
vt 0.813223 0.255743
vt 0.551267 0.255743
vt 0.550658 0.254863
vt 0.864835 0.254862
vt 0.725612 0.244965
vt 0.734618 0.253972
vt 0.550902 0.253971
vt 0.559908 0.244965
vt 0.733855 0.253335
vt 0.550147 0.253335
vt 0.872361 0.259691
vt 0.558190 0.259691
vt 0.864879 0.260346
vt 0.550703 0.260346
vt 0.733874 0.256541
vt 0.550166 0.256541
vt 0.559892 0.242074
vt 0.725597 0.242073
vt 0.734637 0.257177
vt 0.550921 0.257176
vt 0.737037 0.256434
vt 0.560439 0.256434
vt 0.801810 0.255291
vt 0.573761 0.255291
vt 0.557864 0.241911
vt 0.872033 0.241912
vt 0.875632 0.251078
vt 0.552044 0.251077
vt 0.552044 0.242738
vt 0.787833 0.254816
vt 0.556477 0.254816
vt 0.550470 0.254382
vt 0.557880 0.246972
vt 0.872069 0.246973
vt 0.864660 0.254382
vt 0.550476 0.246910
vt 0.864663 0.246910
vt 0.734473 0.245268
vt 0.550757 0.245266
vt 0.642733 0.255632
vt 0.565807 0.255632
vt 0.557835 0.241489
vt 0.872025 0.241489
vt 0.875562 0.256725
vt 0.550738 0.242059
vt 0.734453 0.242061
vt 0.864704 0.259865
vt 0.550514 0.259866
vt 0.550431 0.241426
vt 0.864618 0.241427
vt 0.551540 0.242941
vt 0.745863 0.242942
vt 0.863364 0.254425
vt 0.745299 0.254384
vt 0.735464 0.244543
vt 0.863367 0.244587
vt 0.831771 0.254773
vt 0.737093 0.254773
vt 0.737093 0.244911
vt 0.841633 0.244911
vt 0.724859 0.255608
vt 0.559162 0.254609
vt 0.724857 0.258500
vt 0.559160 0.257501
vt 0.861394 0.256451
vt 0.745298 0.256411
vt 0.831771 0.256745
vt 0.735121 0.256745
vt 0.551420 0.244129
vt 0.821514 0.244130
vt 0.826196 0.248813
vt 0.556103 0.248813
vt 0.804577 0.250620
vt 0.553110 0.250666
vt 0.553108 0.241874
vt 0.804576 0.241828
vt 0.809042 0.255086
vt 0.551385 0.255086
vt 0.820891 0.247150
vt 0.556816 0.247150
vt 0.556816 0.255894
vt 0.820890 0.255894
vt 0.805757 0.255281
vt 0.554290 0.255327
vt 0.826196 0.257525
vt 0.556103 0.257525
vt 0.555741 0.241805
vt 0.825836 0.241806
vt 0.551256 0.251655
vt 0.815328 0.251655
vt 0.815328 0.242911
vt 0.551256 0.242911
vt 0.820273 0.242551
vt 0.555035 0.242552
vt 0.551874 0.256254
vt 0.817110 0.256254
vt 0.551095 0.251917
vt 0.555465 0.243178
vt 0.825499 0.243178
vt 0.816759 0.251917
vt 0.559124 0.244278
vt 0.733840 0.253285
vt 0.874477 0.241761
vt 0.550485 0.241761
vt 0.552196 0.247387
vt 0.746471 0.246675
vt 0.852985 0.246676
vt 0.746471 0.256538
vt 0.864774 0.260215
vt 0.550583 0.260216
vt 0.550539 0.254732
vt 0.864729 0.254732
vt 0.825361 0.250610
vt 0.559700 0.250610
vt 0.550962 0.241871
vt 0.820991 0.241871
vt 0.559037 0.242299
vt 0.724738 0.242299
vt 0.724753 0.245191
vt 0.559052 0.245191
vt 0.557905 0.241838
vt 0.872096 0.241838
vt 0.872140 0.247321
vt 0.557949 0.247322
vt 0.556790 0.248255
vt 0.884389 0.248184
vt 0.884391 0.256457
vt 0.556792 0.256529
vt 0.871858 0.259995
vt 0.557670 0.259995
vt 0.872405 0.241674
vt 0.872335 0.247156
vt 0.558215 0.241674
vt 0.558008 0.241765
vt 0.872230 0.247248
vt 0.745516 0.244663
vt 0.842168 0.244663
vt 0.840196 0.246635
vt 0.745516 0.246635
vt 0.871842 0.259612
vt 0.557669 0.259611
vt 0.557625 0.254128
vt 0.871798 0.254129
vt 0.550137 0.256491
vt 0.864925 0.254566
vt 0.550215 0.247101
vt 0.864403 0.247101
vt 0.883189 0.247741
vt 0.883191 0.255992
vt 0.556447 0.256065
vt 0.556446 0.247813
vt 0.875858 0.247474
vt 0.552197 0.247474
vt 0.552197 0.255824
vt 0.557974 0.259928
vt 0.872163 0.259927
vt 0.840196 0.256498
vt 0.735654 0.256498
vt 0.550617 0.250287
vt 0.874270 0.241936
vt 0.558907 0.250126
vt 0.558905 0.241875
vt 0.885650 0.241802
vt 0.885651 0.250054
vt 0.861524 0.246573
vt 0.861524 0.256436
vt 0.755012 0.246573
vt 0.550974 0.242437
vt 0.885997 0.242437
vt 0.550215 0.246718
vt 0.864388 0.246718
vt 0.550643 0.254658
vt 0.552000 0.255913
vt 0.751198 0.253393
vt 0.560107 0.253393
vt 0.550831 0.244117
vt 0.751198 0.244117
vt 0.552196 0.255737
vt 0.875858 0.255737
vt 0.557190 0.255929
vt 0.891382 0.255929
vt 0.864647 0.246924
vt 0.734019 0.253390
vt 0.550307 0.253326
vt 0.559316 0.244324
vt 0.725017 0.244381
vt 0.733759 0.254196
vt 0.550047 0.254196
vt 0.727287 0.244748
vt 0.736292 0.253754
vt 0.552581 0.253754
vt 0.561587 0.244748
vt 0.550171 0.241235
vt 0.864344 0.241235
vt 0.736312 0.256960
vt 0.552601 0.256960
vt 0.863497 0.244601
vt 0.755012 0.244601
vt 0.557851 0.241483
vt 0.825396 0.255246
vt 0.559735 0.255246
vt 0.725037 0.241489
vt 0.559336 0.241432
vt 0.744498 0.244703
vt 0.852985 0.244704
vt 0.733778 0.257402
vt 0.550066 0.257402
vt 0.751218 0.256728
vt 0.560128 0.256728
vt 0.550282 0.256532
vt 0.733994 0.256596
vt 0.864872 0.260136
vt 0.551045 0.256553
vt 0.816709 0.256553
vt 0.561571 0.241856
vt 0.727271 0.241856
vt 0.884907 0.241938
vt 0.550715 0.241938
vt 0.885605 0.256310
vt 0.550579 0.256310
vt 0.552186 0.250563
vt 0.879788 0.250492
vt 0.885676 0.256318
vt 0.552253 0.250571
vt 0.879859 0.250500
vt 0.725380 0.256319
vt 0.559679 0.256319
vt 0.559663 0.253427
vt 0.725365 0.253427
vt 0.864866 0.260463
vt 0.550686 0.260463
vt 0.550641 0.254980
vt 0.864822 0.254980
vt 0.550211 0.241672
vt 0.733920 0.242774
vt 0.733920 0.245980
vt 0.550211 0.244878
vt 0.872371 0.260329
vt 0.558190 0.260329
vt 0.558146 0.254846
vt 0.872327 0.254845
vt 0.559191 0.242181
vt 0.899692 0.242182
vt 0.899740 0.248124
vt 0.559239 0.248124
vt 0.838245 0.251276
vt 0.552801 0.251275
vt 0.552801 0.242678
vt 0.838245 0.242678
vt 0.908005 0.256389
vt 0.550974 0.256389
vt 0.562192 0.246239
vt 0.648981 0.246240
vt 0.658844 0.256102
vt 0.562193 0.256102
vt 0.550736 0.247437
vt 0.864918 0.247436
vt 0.558051 0.247569
vt 0.872231 0.247571
vt 0.734370 0.244422
vt 0.550658 0.244422
vt 0.559162 0.253937
vt 0.724861 0.254932
vt 0.621558 0.244165
vt 0.708346 0.244165
vt 0.708346 0.254028
vt 0.611695 0.254027
vt 0.560220 0.244267
vt 0.648981 0.244267
vt 0.724859 0.257824
vt 0.559159 0.256829
vt 0.557846 0.241704
vt 0.837634 0.256248
vt 0.551045 0.256247
vt 0.550638 0.241215
vt 0.734351 0.241215
vt 0.864874 0.241953
vt 0.558007 0.242086
vt 0.872186 0.242088
vt 0.621558 0.242193
vt 0.710318 0.242193
vt 0.838248 0.250835
vt 0.552801 0.250835
vt 0.552801 0.242237
vt 0.838248 0.242237
vt 0.551213 0.247089
vt 0.836663 0.247089
vt 0.836663 0.255687
vt 0.551213 0.255687
vt 0.837637 0.255807
vt 0.551045 0.255807
vt 0.551824 0.242117
vt 0.838420 0.242117
vt 0.556136 0.247967
vt 0.883740 0.256168
vt 0.556138 0.256239
vt 0.552184 0.242290
vt 0.879786 0.242220
vt 0.556724 0.248117
vt 0.884329 0.248046
vt 0.884331 0.256319
vt 0.556725 0.256389
vt 0.550318 0.242149
vt 0.885346 0.242149
vt 0.550906 0.242299
vt 0.885937 0.242299
vt 0.552252 0.242298
vt 0.879858 0.242228
vt 0.874917 0.249877
vt 0.552151 0.249835
vt 0.552152 0.241516
vt 0.874918 0.241558
vt 0.880617 0.255581
vt 0.552195 0.255468
vt 0.556735 0.248425
vt 0.879501 0.248425
vt 0.879501 0.256743
vt 0.556735 0.256744
vt 0.551034 0.242722
vt 0.879456 0.242792
vt 0.577071 0.246033
vt 0.804055 0.246033
vt 0.808558 0.255040
vt 0.577071 0.255040
vt 0.573106 0.242068
vt 0.802082 0.242087
vt 0.874924 0.250254
vt 0.552161 0.250213
vt 0.552162 0.241894
vt 0.874925 0.241935
vt 0.880625 0.255959
vt 0.774634 0.256396
vt 0.551166 0.256396
vt 0.551139 0.252563
vt 0.770765 0.252528
vt 0.551138 0.243525
vt 0.770764 0.243490
vt 0.566971 0.245984
vt 0.786597 0.245985
vt 0.786597 0.255023
vt 0.566971 0.255022
vt 0.563104 0.242116
vt 0.786570 0.242152
vt 0.774497 0.255356
vt 0.774523 0.251523
vt 0.554898 0.251488
vt 0.774525 0.242485
vt 0.554899 0.242450
vt 0.815989 0.247579
vt 0.555423 0.247579
vt 0.555423 0.256323
vt 0.815989 0.256323
vt 0.820585 0.242982
vt 0.555457 0.243032
vt 0.555748 0.256093
vt 0.820873 0.256093
vt 0.820908 0.251546
vt 0.560344 0.251497
vt 0.820909 0.242802
vt 0.560345 0.242753
vt 0.811945 0.247316
vt 0.551379 0.247316
vt 0.811946 0.256059
vt 0.816541 0.242718
vt 0.551413 0.242768
vt 0.560345 0.242730
vt 0.573106 0.242177
vt 0.802083 0.242195
vt 0.804056 0.246141
vt 0.577070 0.246141
vt 0.808560 0.255149
vt 0.577070 0.255149
vt 0.551482 0.241843
vt 0.821577 0.241843
vt 0.826260 0.246526
vt 0.556167 0.246526
vt 0.826260 0.255239
vt 0.556167 0.255239
vt 0.874141 0.250425
vt 0.551373 0.250384
vt 0.551374 0.242065
vt 0.874142 0.242106
vt 0.879841 0.256130
vt 0.551417 0.256016
vt 0.820737 0.255422
vt 0.550645 0.255422
vt 0.552423 0.250739
vt 0.822515 0.250739
vt 0.552423 0.242026
vt 0.822515 0.242027
vt 0.747731 0.254642
vt 0.553407 0.254641
vt 0.550047 0.251282
vt 0.744371 0.251282
vt 0.550047 0.242029
vt 0.744371 0.242029
vt 0.550838 0.242864
vt 0.814853 0.242889
vt 0.817130 0.247441
vt 0.555416 0.247441
vt 0.815329 0.242677
vt 0.551498 0.242699
vt 0.551464 0.247264
vt 0.813034 0.247266
vt 0.550887 0.242858
vt 0.813557 0.242858
vt 0.812648 0.247427
vt 0.550838 0.247426
vt 0.817130 0.256194
vt 0.555416 0.256194
vt 0.551464 0.256012
vt 0.813034 0.256013
vt 0.812648 0.256183
vt 0.550838 0.256182
vt 0.798753 0.250905
vt 0.571740 0.250905
vt 0.576244 0.241897
vt 0.807761 0.241897
vt 0.798715 0.254867
vt 0.570810 0.254867
vt 0.814209 0.250544
vt 0.550470 0.250545
vt 0.814208 0.241811
vt 0.561646 0.251782
vt 0.825190 0.251798
vt 0.825191 0.243071
vt 0.561646 0.243055
vt 0.818833 0.255171
vt 0.552000 0.255137
vt 0.560155 0.256424
vt 0.825809 0.256424
vt 0.814985 0.247202
vt 0.551247 0.247201
vt 0.551247 0.255934
vt 0.814985 0.255935
vt 0.814757 0.247409
vt 0.551046 0.247393
vt 0.814757 0.256141
vt 0.819612 0.242575
vt 0.552778 0.242609
vt 0.816301 0.242780
vt 0.550499 0.242780
vt 0.836671 0.251184
vt 0.551626 0.251184
vt 0.551626 0.242598
vt 0.836671 0.242598
vt 0.836830 0.251190
vt 0.551785 0.251208
vt 0.551784 0.242622
vt 0.836829 0.242605
vt 0.841675 0.256188
vt 0.553281 0.256149
vt 0.838497 0.256193
vt 0.551251 0.256193
vt 0.556889 0.248031
vt 0.841932 0.248032
vt 0.841932 0.256617
vt 0.556889 0.256617
vt 0.552881 0.247981
vt 0.837927 0.247962
vt 0.837928 0.256548
vt 0.552881 0.256566
vt 0.551886 0.243027
vt 0.840277 0.243067
vt 0.551213 0.242977
vt 0.838461 0.242977
vt 0.836293 0.250730
vt 0.551251 0.250731
vt 0.551251 0.242145
vt 0.836293 0.242145
vt 0.837048 0.251133
vt 0.552007 0.251151
vt 0.552006 0.242566
vt 0.837048 0.242547
vt 0.841297 0.255734
vt 0.552907 0.255696
vt 0.838717 0.256136
vt 0.551473 0.256136
vt 0.881219 0.247880
vt 0.881219 0.256198
vt 0.558453 0.256199
vt 0.881174 0.242247
vt 0.874281 0.250481
vt 0.551511 0.250392
vt 0.551513 0.242074
vt 0.874283 0.242162
vt 0.879980 0.256186
vt 0.551554 0.256025
vt 0.556502 0.247744
vt 0.879268 0.247746
vt 0.879268 0.256065
vt 0.556502 0.256064
vt 0.879223 0.242113
vt 0.873999 0.250912
vt 0.551234 0.250824
vt 0.551237 0.242506
vt 0.874001 0.242593
vt 0.879698 0.256617
vt 0.551278 0.256457
vt 0.798719 0.254811
vt 0.570810 0.254811
vt 0.571740 0.250849
vt 0.798757 0.250849
vt 0.576244 0.241841
vt 0.807765 0.241841
vt 0.556529 0.248353
vt 0.879291 0.248353
vt 0.879291 0.256672
vt 0.556529 0.256672
vt 0.576742 0.246091
vt 0.803726 0.246091
vt 0.808230 0.255098
vt 0.576742 0.255098
vt 0.572778 0.242126
vt 0.801753 0.242145
vt 0.875311 0.250175
vt 0.552548 0.250133
vt 0.552549 0.241815
vt 0.875312 0.241856
vt 0.881012 0.255880
vt 0.552592 0.255766
vt 0.560472 0.251462
vt 0.821039 0.251420
vt 0.821038 0.242677
vt 0.560471 0.242718
vt 0.555877 0.256059
vt 0.821007 0.255968
vt 0.816641 0.242747
vt 0.551514 0.242797
vt 0.812044 0.247344
vt 0.812044 0.256088
vt 0.555566 0.255938
vt 0.820697 0.255847
vt 0.820730 0.251299
vt 0.560161 0.251340
vt 0.820728 0.242555
vt 0.560159 0.242597
vt 0.811959 0.256003
vt 0.551430 0.242711
vt 0.771168 0.246581
vt 0.771168 0.255631
vt 0.551235 0.255631
vt 0.551235 0.246581
vt 0.773004 0.242742
vt 0.551271 0.242742
vt 0.551562 0.255280
vt 0.553398 0.251441
vt 0.773330 0.251442
vt 0.773294 0.255280
vt 0.553398 0.242391
vt 0.773330 0.242391
vt 0.550464 0.256595
vt 0.552301 0.252757
vt 0.772233 0.252757
vt 0.772197 0.256595
vt 0.552301 0.243706
vt 0.772233 0.243706
vt 0.552210 0.251000
vt 0.552210 0.242660
vt 0.875795 0.242660
vt 0.875795 0.251000
vt 0.875725 0.256647
vt 0.874080 0.248405
vt 0.874080 0.256745
vt 0.550497 0.256745
vt 0.550497 0.248405
vt 0.875792 0.242758
vt 0.550566 0.242758
vt 0.874343 0.248111
vt 0.874343 0.256451
vt 0.550757 0.256451
vt 0.550757 0.248110
vt 0.876055 0.242464
vt 0.550826 0.242464
vt 0.575591 0.251470
vt 0.575591 0.242456
vt 0.807249 0.242457
vt 0.802743 0.251470
vt 0.573761 0.255419
vt 0.801814 0.255419
vt 0.778666 0.245904
vt 0.787668 0.254906
vt 0.556313 0.254906
vt 0.551812 0.245905
vt 0.778639 0.241945
vt 0.549823 0.241927
vt 0.553591 0.250288
vt 0.553591 0.241991
vt 0.884383 0.241991
vt 0.884383 0.250288
vt 0.552108 0.250019
vt 0.552108 0.241741
vt 0.882118 0.241718
vt 0.882118 0.249996
vt 0.551886 0.256052
vt 0.883786 0.256052
vt 0.551508 0.255812
vt 0.883977 0.255812
vt 0.746857 0.241949
vt 0.744986 0.245308
vt 0.550663 0.245308
vt 0.552534 0.241949
vt 0.744986 0.254562
vt 0.826457 0.256903
vt 0.556364 0.256903
vt 0.551680 0.252219
vt 0.821772 0.252219
vt 0.551680 0.243507
vt 0.821772 0.243507
vt 0.552614 0.242597
vt 0.822705 0.242597
vt 0.820929 0.247281
vt 0.550838 0.247281
vt 0.820929 0.255993
vt 0.550838 0.255993
vt 0.874683 0.247554
vt 0.551912 0.247555
vt 0.551912 0.255873
vt 0.874683 0.255874
vt 0.880383 0.241850
vt 0.551957 0.241922
vt 0.551173 0.256473
vt 0.818006 0.256440
vt 0.819537 0.251847
vt 0.555799 0.251846
vt 0.561976 0.256337
vt 0.827777 0.256337
vt 0.827230 0.251724
vt 0.563520 0.251708
vt 0.819537 0.243114
vt 0.555799 0.243113
vt 0.827230 0.242992
vt 0.563520 0.242976
vt 0.819867 0.242243
vt 0.553030 0.242276
vt 0.551499 0.246869
vt 0.815241 0.246870
vt 0.820895 0.242470
vt 0.555094 0.242470
vt 0.555641 0.247082
vt 0.819352 0.247098
vt 0.551499 0.255602
vt 0.815241 0.255603
vt 0.555641 0.255814
vt 0.819352 0.255830
vt 0.875054 0.250950
vt 0.551555 0.250950
vt 0.875054 0.242603
vt 0.876545 0.251141
vt 0.553116 0.251140
vt 0.553116 0.242796
vt 0.876545 0.242796
vt 0.876797 0.250741
vt 0.553430 0.250741
vt 0.876797 0.242398
vt 0.874248 0.250738
vt 0.550951 0.250739
vt 0.874248 0.242397
vt 0.873738 0.250965
vt 0.550496 0.250965
vt 0.550496 0.242626
vt 0.873738 0.242626
vt 0.876273 0.250285
vt 0.552871 0.250285
vt 0.876273 0.241942
vt 0.875730 0.250453
vt 0.552271 0.250453
vt 0.875730 0.242108
vt 0.876675 0.250657
vt 0.553148 0.242310
vt 0.876675 0.242311
vt 0.550620 0.250099
vt 0.874216 0.250099
vt 0.874216 0.241750
vt 0.880691 0.256587
vt 0.556053 0.256572
vt 0.881059 0.256783
vt 0.556494 0.256768
vt 0.880185 0.256387
vt 0.555684 0.256373
vt 0.876510 0.256389
vt 0.552080 0.256375
vt 0.874870 0.256620
vt 0.876204 0.255929
vt 0.552492 0.255929
vt 0.875350 0.256093
vt 0.551559 0.256093
vt 0.552102 0.256292
vt 0.551669 0.255729
vt 0.875598 0.255729
vt 0.551886 0.241916
vt 0.876516 0.241932
vt 0.881014 0.247555
vt 0.557522 0.247553
vt 0.552909 0.242620
vt 0.877477 0.242634
vt 0.880853 0.248261
vt 0.557422 0.248261
vt 0.553636 0.242571
vt 0.878136 0.242586
vt 0.880388 0.248217
vt 0.557024 0.248217
vt 0.875380 0.242447
vt 0.876507 0.248084
vt 0.553210 0.248083
vt 0.877754 0.242543
vt 0.877797 0.248184
vt 0.554558 0.248085
vt 0.551696 0.243058
vt 0.875405 0.243058
vt 0.875027 0.248702
vt 0.551626 0.248702
vt 0.551961 0.241455
vt 0.875753 0.241455
vt 0.875040 0.247094
vt 0.551581 0.247094
vt 0.552946 0.241362
vt 0.876806 0.241362
vt 0.875758 0.246997
vt 0.552232 0.246997
vt 0.874552 0.241840
vt 0.552008 0.247471
vt 0.875598 0.247470
vt 0.557522 0.255900
vt 0.880853 0.256606
vt 0.557422 0.256606
vt 0.880388 0.256560
vt 0.557024 0.256560
vt 0.877794 0.256523
vt 0.554556 0.256425
vt 0.875027 0.257046
vt 0.551626 0.257045
vt 0.875040 0.255440
vt 0.875758 0.255344
vt 0.552232 0.255344
vt 0.552008 0.255820
vt 0.875598 0.255820
vt 0.557782 0.247891
vt 0.881272 0.247893
vt 0.881272 0.256240
vt 0.557782 0.256238
vt 0.555860 0.248066
vt 0.879291 0.248066
vt 0.879291 0.256411
vt 0.555860 0.256410
vt 0.556296 0.248296
vt 0.879659 0.248296
vt 0.556296 0.256639
vt 0.553417 0.248218
vt 0.876712 0.248219
vt 0.876713 0.256560
vt 0.553417 0.256559
vt 0.551626 0.248175
vt 0.874865 0.248162
vt 0.874866 0.256501
vt 0.551627 0.256514
vt 0.551841 0.247683
vt 0.875240 0.247684
vt 0.875240 0.256028
vt 0.551841 0.256027
vt 0.551298 0.247713
vt 0.874756 0.247714
vt 0.874756 0.256059
vt 0.551299 0.256059
vt 0.551298 0.247780
vt 0.874824 0.247780
vt 0.875728 0.247561
vt 0.552139 0.247562
vt 0.552140 0.255910
vt 0.552146 0.242254
vt 0.876773 0.242271
vt 0.875915 0.242439
vt 0.552909 0.242650
vt 0.877406 0.242665
vt 0.551157 0.242568
vt 0.875586 0.242582
vt 0.550496 0.242520
vt 0.874821 0.242520
vt 0.551911 0.242040
vt 0.875618 0.242040
vt 0.551678 0.242074
vt 0.875469 0.242074
vt 0.552012 0.242145
vt 0.875873 0.242145
vt 0.874683 0.241931
vt 0.560026 0.250582
vt 0.551287 0.241843
vt 0.821323 0.241843
vt 0.825692 0.250582
vt 0.816945 0.251400
vt 0.821314 0.242661
vt 0.551281 0.251400
vt 0.551057 0.251808
vt 0.551057 0.243069
vt 0.821095 0.243069
vt 0.816725 0.251808
vt 0.559975 0.255218
vt 0.825642 0.255218
vt 0.816995 0.256036
vt 0.551331 0.256036
vt 0.816675 0.256444
vt 0.741755 0.251200
vt 0.550663 0.251200
vt 0.751030 0.241924
vt 0.741775 0.254535
vt 0.816425 0.250784
vt 0.550763 0.250784
vt 0.555132 0.242045
vt 0.825165 0.242045
vt 0.555327 0.251489
vt 0.820991 0.251489
vt 0.820991 0.242751
vt 0.550957 0.242751
vt 0.821020 0.250543
vt 0.555360 0.250541
vt 0.821020 0.241804
vt 0.816459 0.255420
vt 0.550799 0.255420
vt 0.555293 0.256126
vt 0.820956 0.256126
vt 0.821055 0.255179
vt 0.555395 0.255177
vt 0.786570 0.242120
vt 0.782403 0.251421
vt 0.562778 0.251456
vt 0.562776 0.242418
vt 0.782402 0.242383
vt 0.786273 0.255289
vt 0.562804 0.255289
vt 0.554802 0.247520
vt 0.774429 0.247485
vt 0.774430 0.256523
vt 0.554803 0.256558
vt 0.550934 0.243652
vt 0.774402 0.243652
vt 0.786268 0.255140
vt 0.562802 0.255105
vt 0.562776 0.251271
vt 0.782401 0.251272
vt 0.562777 0.242233
vt 0.782401 0.242234
vt 0.551309 0.255814
vt 0.553145 0.251976
vt 0.773079 0.251976
vt 0.773043 0.255814
vt 0.553145 0.242925
vt 0.773079 0.242926
vt 0.554588 0.246079
vt 0.554588 0.255130
vt 0.774523 0.255130
vt 0.774523 0.246079
vt 0.774487 0.242241
vt 0.772331 0.243673
vt 0.770495 0.247511
vt 0.550564 0.247511
vt 0.550599 0.243673
vt 0.770495 0.256562
vt 0.550564 0.256561
vt 0.552445 0.252494
vt 0.552445 0.243443
vt 0.772374 0.252494
vt 0.772339 0.256332
vt 0.804469 0.255057
vt 0.800603 0.251187
vt 0.804444 0.241743
vt 0.770356 0.252083
vt 0.550729 0.252119
vt 0.550727 0.243081
vt 0.770355 0.243046
vt 0.774224 0.255952
vt 0.770462 0.246222
vt 0.550833 0.246187
vt 0.550831 0.255225
vt 0.770461 0.255260
vt 0.774330 0.242354
vt 0.550859 0.242354
vt 0.562940 0.242241
vt 0.786407 0.242277
vt 0.786433 0.246110
vt 0.566808 0.246110
vt 0.786433 0.255148
vt 0.566808 0.255148
vt 0.550835 0.255744
vt 0.774303 0.255709
vt 0.774330 0.251876
vt 0.554703 0.251876
vt 0.774330 0.242838
vt 0.554703 0.242838
vt 0.562940 0.242273
vt 0.786434 0.255180
vt 0.566809 0.255180
vt 0.555228 0.250920
vt 0.774851 0.250956
vt 0.774852 0.241918
vt 0.555230 0.241882
vt 0.551360 0.254789
vt 0.774825 0.254789
vt 0.548239 0.006153
vt 0.601271 0.081914
vt 0.601271 0.222070
vt 0.548239 0.233434
vt 0.806646 0.534845
vt 0.839845 0.534845
vt 0.839844 0.762495
vt 0.806646 0.735936
vt 0.577527 0.081968
vt 0.577528 0.222123
vt 0.548171 0.233487
vt 0.677995 0.006132
vt 0.917586 0.006132
vt 0.917586 0.233411
vt 0.677996 0.206896
vt 0.688530 0.006021
vt 0.688530 0.206783
vt 0.632657 0.233299
vt 0.632657 0.006021
vt 0.757951 0.006217
vt 0.813825 0.006217
vt 0.813826 0.233496
vt 0.757952 0.206980
vt 0.751775 0.006207
vt 0.717683 0.081967
vt 0.614956 0.006214
vt 0.661360 0.006214
vt 0.661359 0.206980
vt 0.614956 0.233496
vt 0.887281 0.762500
vt 0.654887 0.762500
vt 0.654887 0.534849
vt 0.887280 0.534849
vt 0.798114 0.534871
vt 0.844593 0.534871
vt 0.844593 0.762522
vt 0.798114 0.735963
vt 0.798481 0.302989
vt 0.844904 0.302988
vt 0.844907 0.530365
vt 0.798483 0.503838
vt 0.835107 0.735937
vt 0.835107 0.534846
vt 0.654935 0.534866
vt 0.839902 0.534866
vt 0.662524 0.610750
vt 0.654935 0.610750
vt 0.831527 0.006019
vt 0.831527 0.233300
vt 0.785124 0.206784
vt 0.785123 0.006019
vt 0.750134 0.768737
vt 0.939926 0.768737
vt 0.939926 0.996487
vt 0.750134 0.996487
vt 0.839853 0.762503
vt 0.806654 0.735944
vt 0.806654 0.534853
vt 0.887285 0.534860
vt 0.824681 0.610744
vt 0.684297 0.610744
vt 0.849860 0.768718
vt 0.892563 0.768717
vt 0.892566 0.996467
vt 0.849863 0.969897
vt 0.735984 0.768659
vt 0.788177 0.768659
vt 0.788177 0.996408
vt 0.735984 0.969838
vt 0.844591 0.534842
vt 0.979055 0.006207
vt 0.926023 0.081967
vt 0.785867 0.081967
vt 0.916258 0.969941
vt 0.939982 0.996511
vt 0.655296 0.996511
vt 0.819465 0.969941
vt 0.688091 0.534866
vt 0.688091 0.735960
vt 0.655454 0.302965
vt 0.844935 0.530343
vt 0.655454 0.530343
vt 0.548327 0.006112
vt 0.841897 0.006112
vt 0.841897 0.233391
vt 0.548327 0.233392
vt 0.655368 0.302983
vt 0.844849 0.302983
vt 0.844849 0.530360
vt 0.655368 0.530360
vt 0.548525 0.006101
vt 0.685839 0.006101
vt 0.685839 0.233381
vt 0.548525 0.233381
vt 0.884431 0.006144
vt 0.884428 0.206907
vt 0.753069 0.969897
vt 0.824137 0.006252
vt 0.870539 0.006253
vt 0.870539 0.233529
vt 0.824136 0.207013
vt 0.684297 0.751129
vt 0.824660 0.610781
vt 0.684275 0.610781
vt 0.685633 0.006069
vt 0.685633 0.233349
vt 0.548319 0.233349
vt 0.683023 0.006254
vt 0.727532 0.006252
vt 0.727540 0.207016
vt 0.683032 0.233534
vt 0.751776 0.233486
vt 0.717684 0.222122
vt 0.857875 0.610733
vt 0.717490 0.610734
vt 0.698546 0.006199
vt 0.698539 0.206967
vt 0.652135 0.233483
vt 0.652142 0.006197
vt 0.717490 0.751117
vt 0.857875 0.751118
vt 0.655305 0.768741
vt 0.698007 0.768740
vt 0.698012 0.969915
vt 0.707032 0.534871
vt 0.707026 0.735966
vt 0.857881 0.610753
vt 0.717496 0.610753
vt 0.845080 0.996514
vt 0.679962 0.985126
vt 0.820407 0.985126
vt 0.548265 0.006159
vt 0.787856 0.006158
vt 0.787856 0.206922
vt 0.797565 0.302972
vt 0.797565 0.530349
vt 0.701791 0.303029
vt 0.701794 0.503879
vt 0.655288 0.768755
vt 0.845080 0.768755
vt 0.753069 0.768718
vt 0.787696 0.751126
vt 0.787696 0.610741
vt 0.832282 0.610725
vt 0.832282 0.751110
vt 0.548243 0.006144
vt 0.787833 0.006144
vt 0.787833 0.206907
vt 0.798429 0.303029
vt 0.798429 0.503879
vt 0.908645 0.768785
vt 0.939960 0.768785
vt 0.908643 0.969965
vt 0.839871 0.534841
vt 0.839871 0.610725
vt 0.662524 0.751135
vt 0.741427 0.081914
vt 0.775519 0.006154
vt 0.775519 0.233433
vt 0.741427 0.222069
vt 0.707088 0.610781
vt 0.707041 0.751164
vt 0.884450 0.006158
vt 0.928959 0.006158
vt 0.928959 0.233438
vt 0.684275 0.751166
vt 0.798119 0.735942
vt 0.794807 0.969915
vt 0.701368 0.735941
vt 0.949765 0.222070
vt 0.979122 0.233434
vt 0.809610 0.222069
vt 0.701361 0.735965
vt 0.797579 0.530357
vt 0.655469 0.530357
vt 0.928995 0.006140
vt 0.689404 0.206904
vt 0.689404 0.006140
vt 0.824681 0.751129
vt 0.592812 0.206903
vt 0.820407 0.844682
vt 0.923852 0.768762
vt 0.923852 0.969942
vt 0.701829 0.768716
vt 0.701829 0.969894
vt 0.797522 0.302988
vt 0.797522 0.530365
vt 0.839871 0.751110
vt 0.839639 0.233483
vt 0.795130 0.206967
vt 0.979055 0.233486
vt 0.926023 0.222122
vt 0.892523 0.768773
vt 0.892523 0.996523
vt 0.581403 0.206896
vt 0.839842 0.751209
vt 0.839838 0.762592
vt 0.824660 0.751165
vt 0.581405 0.006131
vt 0.803777 0.735966
vt 0.887248 0.762524
vt 0.707481 0.768710
vt 0.707481 0.969889
vt 0.798623 0.969894
vt 0.701851 0.302986
vt 0.701849 0.503838
vt 0.592811 0.006137
vt 0.738356 0.735937
vt 0.738356 0.534844
vt 0.548360 0.233402
vt 0.548361 0.006122
vt 0.809611 0.081914
vt 0.949766 0.081915
vt 0.916246 0.768759
vt 0.794807 0.768735
vt 0.679962 0.844681
vt 0.785868 0.222122
vt 0.701363 0.534848
vt 0.803775 0.534874
vt 0.887247 0.534873
vt 0.655418 0.302939
vt 0.797528 0.302939
vt 0.797528 0.530316
vt 0.655418 0.530316
vt 0.701352 0.534875
vt 0.819465 0.768761
vt 0.939976 0.768710
vt 0.804275 0.969889
vt 0.804275 0.768710
vt 0.799550 0.844743
vt 0.659104 0.844744
vt 0.868837 0.844589
vt 0.728391 0.844589
vt 0.940009 0.996422
vt 0.868838 0.985035
vt 0.728391 0.985035
vt 0.655321 0.996423
vt 0.839638 0.006206
vt 0.795130 0.006206
vt 0.832787 0.844623
vt 0.692341 0.844623
vt 0.832787 0.985069
vt 0.692341 0.985069
vt 0.655276 0.985131
vt 0.760609 0.985131
vt 0.939997 0.996575
vt 0.799552 0.985188
vt 0.760609 0.844685
vt 0.659106 0.985188
vt 0.655310 0.996576
vt 0.724545 0.844680
vt 0.814697 0.768763
vt 0.814697 0.996513
vt 0.724546 0.985126
vt 0.798625 0.768716
vt 0.845124 0.768716
vt 0.792916 0.844668
vt 0.792916 0.985114
vt 0.904848 0.844680
vt 0.904848 0.985125
vt 0.655275 0.844685
vt 0.839884 0.610824
vt 0.811849 0.969965
vt 0.811849 0.768786
vt 0.655322 0.969837
vt 0.655358 0.768694
vt 0.655357 0.996444
vt 0.939983 0.969942
vt 0.939958 0.985125
vt 0.939959 0.844680
vt 0.797554 0.302949
vt 0.655336 0.768616
vt 0.864107 0.768688
vt 0.864028 0.996438
vt 0.864089 0.985114
vt 0.864089 0.996502
vt 0.892502 0.768734
vt 0.864088 0.768751
vt 0.864088 0.844668
vt 0.709903 0.534850
vt 0.709903 0.735943
vt 0.654900 0.610741
vt 0.654899 0.751125
vt 0.784842 0.534869
vt 0.784842 0.735960
vt 0.709895 0.534844
vt 0.839838 0.534866
usemtl Interior_Mat
s off
f 3323/3923 3322/3924 3319/3925 3318/3926
f 3149/3927 3176/3928 3182/3929 3197/3930
f 3983/3931 3166/3932 3336/3933 3984/3934
f 3255/3935 3258/3936 3266/3937 3263/3938
f 3213/3939 3207/3940 3209/3941 3190/3942
f 3308/3943 3320/3939 3318/3944 3319/3945
f 3213/3946 3190/3947 3189/3948 3191/3949
f 3197/3950 3182/3951 3179/3952 3232/3953
f 3229/3954 3180/3955 3177/3956 3146/3957
f 3956/3958 3957/3959 3152/3960 3174/3961
f 3284/3962 3294/3963 3299/3964 3296/3965
f 3933/3966 3320/3967 3308/3968 3934/3969
f 3207/3970 3179/3971 3180/3972 3209/3973
f 4121/3974 4122/3975 3290/3976 3141/3977
f 3177/3956 3180/3955 3179/3952 3182/3951
f 3989/3978 3118/3979 3372/3980 3990/3981
f 3953/3982 3955/3983 3247/3984 3150/3985
f 3948/3986 3279/3987 3283/3988 3949/3989
f 3227/3990 3297/3991 3294/3992 3205/3993
f 3205/3994 3294/3963 3284/3962 3151/3995
f 3267/3996 3266/3997 3258/3998 3265/3999
f 3231/4000 3207/3940 3213/3939 3192/4001
f 3144/4002 3335/4003 3352/4004 3139/4005
f 3235/4000 3267/4006 3264/4007 3202/4001
f 3186/4008 3358/4009 3367/4010 3226/4011
f 3237/4012 3298/4013 3295/4014 3206/4015
f 3273/4016 3254/4017 3261/4018 3260/4019
f 3236/4020 3369/4021 3368/4022 3233/4023
f 3980/4024 3981/4025 3336/4026 3166/4027
f 3196/4028 3238/4029 3275/4030 3271/4031
f 3176/3928 3188/4032 3177/4033 3182/3929
f 3135/4034 3333/4035 3344/4036 3195/4037
f 3174/4038 3152/4039 3246/4040 3175/4041
f 3241/4042 3370/4043 3371/4044 3243/3995
f 3178/4045 3223/4046 3386/4047 3380/4048
f 3193/4049 3245/4050 3323/3923 3318/3926
f 3195/4051 3344/4052 3341/4053 3187/4054
f 3234/4055 3266/3997 3267/3996 3235/4056
f 3215/4057 3364/3938 3370/3937 3241/4058
f 3232/4059 3179/3971 3207/3970 3231/4060
f 3142/4034 3286/4035 3297/4036 3227/4037
f 3139/4061 3352/4062 3363/4063 3204/4064
f 3200/4065 3137/4066 3253/4067 3272/4068
f 3244/4069 3184/4070 3381/4071 3387/4072
f 3199/4073 3361/4074 3364/4075 3215/4076
f 3245/4077 3220/4078 3321/4079 3323/4080
f 3202/4081 3264/4082 3176/4083 3149/4084
f 3145/4085 3190/3942 3209/3941 3228/4086
f 3192/4087 3213/3946 3191/3949 3115/4088
f 3222/4089 3198/4090 3319/3925 3322/3924
f 3147/4091 3259/3942 3265/3941 3230/4092
f 3194/4093 3200/4094 3272/4095 3270/4096
f 3957/3959 3958/4097 3181/4098 3152/3960
f 3228/4099 3209/3973 3180/3972 3229/4100
f 3955/3983 3954/4101 3248/4102 3247/3984
f 3951/4103 3952/4104 3240/4105 3249/4106
f 3950/4107 3951/4103 3249/4106 3160/4108
f 3191/4109 3189/4110 3251/4111 3250/4112
f 3183/4113 3258/3936 3255/3935 3148/4114
f 3264/4007 3267/4006 3265/3941 3259/3942
f 3253/4067 3274/4115 3271/4116 3272/4068
f 3249/4117 3240/4118 3211/4119 3153/4120
f 3160/4121 3249/4117 3153/4120 3156/4122
f 3264/4082 3259/4123 3188/4124 3176/4083
f 3115/4125 3191/4109 3250/4112 3119/4126
f 3247/4127 3248/4128 3255/4129 3263/4130
f 3230/4131 3265/3999 3258/3998 3183/4132
f 3273/4133 3260/4134 3270/4135 3275/4136
f 3275/4030 3270/4096 3272/4095 3271/4031
f 3152/4039 3181/4137 3225/4138 3246/4040
f 3257/4139 3274/4140 3253/4141 3256/4142
f 3201/4143 3263/3938 3266/3937 3234/4144
f 3150/4145 3247/4127 3263/4130 3201/4146
f 3252/4147 3269/4148 3268/4149 3262/4150
f 3208/4151 3113/4152 3254/4017 3273/4016
f 3214/4153 3196/4154 3271/4116 3274/4115
f 3134/4155 3194/4156 3270/4135 3260/4134
f 3238/4157 3208/4158 3273/4133 3275/4136
f 3162/4159 3252/4147 3262/4150 3154/4160
f 3121/4161 3214/4162 3274/4140 3257/4139
f 3276/4163 3277/4164 3281/4165 3280/4166
f 3279/4167 3278/4168 3282/4169 3283/4170
f 3117/4171 3120/4172 3277/4164 3276/4163
f 3161/4173 3158/4174 3278/4168 3279/4167
f 3295/4014 3298/4013 3297/4036 3286/4035
f 3969/4175 3970/4176 3284/4177 3296/4178
f 3941/4179 3117/4180 3276/4181 3942/4182
f 3944/4183 3154/4184 3262/4185 3945/4186
f 3295/4187 3286/4188 3287/4189 3288/4190
f 3298/4191 3299/4192 3294/3992 3297/3991
f 3942/4182 3276/4181 3280/4193 3943/4194
f 3945/4186 3262/4185 3268/4195 3946/4196
f 3967/4197 3966/4198 3292/4199 3289/4200
f 3968/4201 3969/4175 3296/4178 3216/4202
f 3965/4203 3967/4197 3289/4200 3171/4204
f 3206/4205 3295/4187 3288/4190 3143/4206
f 3216/4207 3296/3965 3299/3964 3242/4208
f 3242/4209 3299/4192 3298/4191 3237/4210
f 3963/4211 3964/4212 3304/4213 3300/4214
f 3960/4215 3961/4216 3307/4217 3303/4218
f 3959/4219 3960/4215 3303/4218 3164/4220
f 3962/4221 3963/4211 3300/4214 3114/4222
f 3939/4223 3257/4224 3256/4225 3940/4226
f 4131/4227 4132/4228 3293/4229 3285/4230
f 4130/4231 4131/4227 3285/4230 3172/4232
f 4122/3975 4123/4233 3291/4234 3290/3976
f 4125/4235 4126/3977 3306/4236 3302/4237
f 4127/4238 4128/4239 3301/4240 3123/4241
f 4124/4242 4125/4235 3302/4237 3155/4233
f 3938/4243 3121/4244 3257/4224 3939/4223
f 3321/4079 3314/4245 3322/4246 3323/4080
f 4128/4239 4129/4247 3305/4248 3301/4240
f 3321/4249 3311/4250 3315/4251 3314/4252
f 3947/4253 3161/4254 3279/3987 3948/3986
f 3937/4255 3310/4256 3316/4257 3936/4258
f 3932/4259 3219/4260 3320/3967 3933/3966
f 3935/4261 3157/4262 3310/4256 3937/4255
f 3198/4086 3130/4085 3308/3943 3319/3945
f 3220/4263 3127/4264 3311/4250 3321/4249
f 3128/3957 3222/3954 3322/4246 3314/4245
f 3219/4265 3193/4266 3318/3944 3320/3939
f 3924/4267 3324/4268 3328/4269 3925/4270
f 3921/4271 3327/4272 3331/4273 3922/4274
f 3923/4275 3122/4276 3324/4268 3924/4267
f 3920/4277 3165/4278 3327/4272 3921/4271
f 4148/4279 3168/4280 3312/4281 4149/4282
f 4149/4282 3312/4281 3317/4283 4150/4284
f 4143/4285 3326/4286 3330/4287 4144/4288
f 4140/4289 3313/4290 3309/4291 4141/4292
f 4139/4293 3116/4294 3313/4290 4140/4289
f 4145/4295 3124/4296 3325/4297 4146/4298
f 4142/4299 3163/4300 3326/4286 4143/4285
f 4146/4298 3325/4297 3329/4301 4147/4302
f 3981/4025 3982/4303 3342/4304 3336/4026
f 3345/4082 3333/4305 3339/4306 3335/4083
f 3332/4307 3338/4308 3334/4309 3346/4310
f 3345/4014 3347/4311 3344/4036 3333/4035
f 3347/4312 3340/4313 3341/4053 3344/4052
f 3334/4314 3341/4315 3340/4316 3346/4317
f 3212/4318 3346/4317 3340/4316 3185/4319
f 3239/4012 3347/4311 3345/4014 3210/4015
f 3185/4320 3340/4313 3347/4312 3239/4321
f 3187/4322 3341/4315 3334/4314 3136/4323
f 3210/4324 3345/4082 3335/4083 3144/4325
f 3125/4326 3332/4307 3346/4310 3212/4327
f 3978/4328 3976/4329 3360/4330 3355/4331
f 3352/4062 3357/4332 3353/4333 3363/4063
f 3361/4074 3349/4334 3350/4033 3364/4075
f 3972/4335 3973/4336 3356/4337 3348/4338
f 3353/4339 3367/4340 3369/4341 3363/4342
f 3350/3935 3366/3936 3370/3937 3364/3938
f 3367/4010 3358/4009 3368/4022 3369/4021
f 3366/4343 3362/4344 3371/4044 3370/4043
f 3361/4345 3368/4346 3358/4347 3349/4348
f 3365/3939 3371/3940 3362/3941 3351/3942
f 3224/4349 3366/3936 3350/3935 3133/4258
f 3132/4350 3349/4348 3358/4347 3186/4351
f 3971/4352 3972/4335 3348/4338 3112/4353
f 3974/4354 3978/4328 3355/4331 3170/4355
f 3204/4356 3363/4342 3369/4341 3236/4357
f 3233/4358 3368/4346 3361/4345 3199/4359
f 3226/4360 3367/4340 3353/4339 3140/4361
f 3203/4362 3362/4344 3366/4343 3224/4363
f 3138/4085 3351/3942 3362/3941 3203/4086
f 3243/4000 3371/3940 3365/3939 3217/4001
f 3993/4364 3377/4365 3383/4366 3994/4367
f 3990/3981 3372/3980 3378/4368 3991/4369
f 3373/4370 3384/4371 3374/4372 3379/4373
f 3374/4374 3384/4375 3387/4346 3386/4347
f 3386/4047 3387/4072 3381/4071 3380/4048
f 3385/4376 3375/4377 3380/4378 3381/4379
f 3992/4380 3167/4381 3377/4365 3993/4364
f 3218/4382 3244/4383 3387/4346 3384/4375
f 3131/4384 3178/4385 3380/4378 3375/4377
f 3223/4351 3129/4386 3374/4374 3386/4347
f 3126/4387 3218/4388 3384/4371 3373/4370
f 3184/4389 3221/4390 3385/4376 3381/4379
f 3995/4391 3112/4392 3348/4393 3997/4394
f 3355/4395 3360/4396 3343/4397 3337/4398
f 3986/4399 3126/4400 3373/4401 3987/4402
f 3997/4394 3348/4393 3356/4403 3999/4404
f 3984/3934 3336/3933 3342/4405 3985/4406
f 4001/4407 3159/4408 3376/4409 4003/4410
f 3987/4402 3373/4401 3379/4411 3988/4412
f 4003/4410 3376/4409 3382/4413 4005/4414
f 3170/4415 3355/4395 3337/4398 3173/4416
f 3335/4003 3339/4417 3357/4418 3352/4004
f 3481/4086 3391/4085 3467/3943 3473/3945
f 3854/4419 3435/4420 3603/4421 3855/4422
f 3427/4423 3497/4424 3597/4425 3588/4426
f 3621/4079 3608/4245 3627/4246 3629/4080
f 3467/3943 3456/3939 3455/3944 3473/3945
f 3492/4427 3422/4428 3591/4429 3596/4430
f 3420/4431 3408/4432 3614/4433 3649/4434
f 3431/4435 3429/4436 3519/4437 3518/4438
f 3566/4439 3564/4440 3565/4441 3567/4442
f 3478/4443 3481/4444 3473/4445 3454/4446
f 3595/4447 3588/4426 3597/4425 3599/4448
f 3499/4449 3505/4450 3599/4451 3598/4452
f 3474/4453 3471/4454 3520/4455 3452/4456
f 3848/4457 3394/4458 3600/4459 3849/4460
f 3596/4461 3598/4452 3599/4451 3597/4462
f 3591/4429 3586/4463 3598/4464 3596/4430
f 3869/4465 3449/4466 3652/4467 3870/4468
f 3836/4469 3404/4470 3521/4471 3837/4472
f 3842/4473 3441/4474 3517/4475 3844/4476
f 3411/4477 3485/4478 3564/4479 3557/4480
f 3610/4481 3622/4482 3630/4483 3624/4484
f 3514/4485 3512/4486 3566/4439 3567/4442
f 3857/4487 3458/4488 3642/4489 3858/4490
f 3494/4491 3495/4492 3541/4493 3540/4494
f 3562/4495 3557/4480 3564/4479 3566/4496
f 3465/4497 3507/4498 3628/4499 3620/4500
f 3866/4501 3439/4502 3637/4503 3867/4504
f 3435/4505 3433/4506 3602/4507 3603/4508
f 3926/4509 3393/4510 3559/4511 3928/4512
f 3460/4513 3400/4514 3633/4515 3643/4516
f 3468/4265 3509/4517 3455/3944 3456/3939
f 3874/4518 3446/4519 3612/4520 3877/4521
f 3844/4476 3517/4475 3476/4522 3843/4523
f 3474/4524 3452/4525 3454/4526 3511/4527
f 4109/4528 3398/4529 3537/4530 4111/4531
f 3489/4532 3482/4533 3624/4534 3625/4535
f 3462/4536 3504/4537 3663/4538 3659/4539
f 3490/4540 3417/4541 3552/4542 3574/4543
f 3453/4544 3456/4545 3467/4546 3516/4547
f 3572/4548 3575/4549 3574/4550 3573/4551
f 3426/3957 3496/3954 3627/4246 3608/4245
f 3408/4552 3465/4553 3620/4554 3614/4555
f 3415/4556 3489/4557 3625/4558 3613/4559
f 3401/4560 3459/4561 3571/4562 3558/4563
f 3484/4564 3487/4565 3645/4566 3644/4567
f 3556/4374 3571/4375 3575/4346 3572/4568
f 3539/4569 3453/4570 3516/4571 3533/4572
f 3451/4573 3499/4574 3598/4464 3586/4463
f 3457/4575 3470/4576 3474/4524 3511/4527
f 3928/4512 3559/4511 3555/4577 3927/4578
f 3482/4579 3406/4580 3610/4481 3624/4484
f 3504/4581 3503/4582 3662/4583 3663/4584
f 3495/4037 3425/4034 3529/4035 3541/4036
f 3502/4585 3460/4586 3643/4587 3647/4588
f 3485/4589 3488/4590 3565/4441 3564/4440
f 3404/4591 3464/4592 3538/4593 3521/4594
f 3473/4445 3455/4595 3511/4596 3454/4446
f 3509/4597 3457/4598 3511/4596 3455/4595
f 3470/4599 3388/4600 3471/4454 3474/4453
f 3402/4601 3468/4602 3456/4545 3453/4544
f 3390/4155 3478/4603 3454/4526 3452/4525
f 3837/4472 3521/4471 3525/4604 3838/4605
f 3840/4606 3518/4607 3526/4608 3841/4609
f 3839/4610 3431/4611 3518/4607 3840/4606
f 3543/4612 3540/4494 3541/4493 3542/4613
f 3529/4035 3538/4014 3542/4311 3541/4036
f 3518/4438 3519/4437 3480/4614 3526/4615
f 3388/4616 3392/4617 3523/4618 3471/4619
f 3539/4317 3533/4620 3540/4621 3543/4316
f 3471/4619 3523/4618 3524/4622 3520/4623
f 3521/4594 3538/4593 3529/4624 3525/4625
f 4118/4626 3444/4627 3530/4628 4120/4629
f 3441/4630 3443/4631 3522/4632 3517/4633
f 3517/4633 3522/4632 3527/4634 3476/4635
f 3506/4636 3510/4637 3543/4612 3542/4613
f 3424/4528 3494/4638 3540/4621 3533/4620
f 4120/4629 3530/4628 3528/4639 4119/4640
f 4111/4531 3537/4530 3534/4641 4110/4374
f 3510/4642 3469/4643 3539/4317 3543/4316
f 3464/4644 3506/4645 3542/4311 3538/4014
f 3469/4646 3402/4647 3453/4570 3539/4569
f 4113/4648 3545/4649 3549/4650 4114/4651
f 4116/4652 3546/4653 3550/4654 4117/4655
f 4115/4656 3430/4657 3546/4653 4116/4652
f 4112/4658 3403/4659 3545/4649 4113/4648
f 3486/4660 3483/4661 3572/4548 3573/4551
f 3828/4662 3531/4663 3536/4664 3829/4665
f 3825/4666 3544/4667 3548/4668 3826/4669
f 3553/4670 3563/4539 3567/4538 3565/4671
f 3827/4672 3437/4673 3531/4663 3828/4662
f 3824/4674 3389/4675 3544/4667 3825/4666
f 3552/4542 3560/4676 3573/4677 3574/4543
f 3831/4678 3563/4679 3553/4680 3832/4681
f 3477/4536 3514/4682 3567/4538 3563/4539
f 3512/4357 3472/4356 3562/4495 3566/4496
f 3562/4683 3532/4250 3535/4251 3557/4684
f 3488/4427 3414/4428 3553/4670 3565/4671
f 3830/4685 3477/4686 3563/4679 3831/4678
f 3834/4687 3547/4688 3551/4689 3835/4690
f 3930/4691 3554/4692 3570/4693 3931/4694
f 3558/4563 3571/4562 3556/4695 3568/4696
f 3472/4697 3405/4698 3532/4250 3562/4683
f 3833/4699 3442/4694 3547/4688 3834/4687
f 3459/4382 3501/4700 3575/4346 3571/4375
f 3929/4701 3440/4702 3554/4692 3930/4691
f 3483/4351 3409/4386 3556/4374 3572/4568
f 3501/4703 3490/4704 3574/4550 3575/4549
f 3412/4705 3486/4706 3573/4677 3560/4676
f 3915/4707 3577/4708 3581/4709 3916/4710
f 3918/4711 3578/4712 3582/4713 3919/4714
f 3917/4715 3436/4716 3578/4712 3918/4711
f 3914/4717 3399/4718 3577/4708 3915/4707
f 4137/4719 3561/4720 3569/4721 4138/4722
f 4151/4114 3401/4723 3558/4724 4153/4725
f 4155/4726 3579/4727 3583/4728 4156/4729
f 4153/4725 3558/4724 3568/4730 4152/4481
f 4154/4731 3438/4732 3579/4727 4155/4726
f 4133/4733 3397/4734 3576/4735 4134/4736
f 3585/4737 3590/4738 3593/4739 3594/4740
f 3587/4741 3586/4742 3591/4305 3589/4743
f 4136/4744 3432/4745 3561/4720 4137/4719
f 3595/4746 3584/4747 3592/4748 3588/4749
f 4134/4736 3576/4735 3580/4750 4135/4751
f 3416/4752 3451/4753 3586/4742 3587/4741
f 3505/4754 3463/4755 3595/4447 3599/4448
f 3463/4756 3418/4757 3584/4747 3595/4746
f 3448/4758 3447/4759 3590/4738 3585/4737
f 3497/4760 3492/4761 3596/4461 3597/4462
f 3600/4762 3601/4168 3605/4763 3604/4615
f 3603/4508 3602/4507 3606/4764 3607/4765
f 3394/4435 3396/4436 3601/4168 3600/4762
f 3623/4766 3613/4559 3625/4558 3631/4767
f 3882/4768 3609/4769 3616/4770 3883/4771
f 3852/4772 3585/4773 3594/4774 3853/4209
f 3846/4775 3587/4776 3589/4777 3847/4294
f 3845/4778 3416/4779 3587/4776 3846/4775
f 3855/4422 3603/4421 3607/4780 3856/4781
f 3621/4782 3622/4783 3610/4784 3608/4785
f 3614/4555 3620/4554 3615/4786 3617/4787
f 3851/4788 3448/4789 3585/4773 3852/4772
f 3849/4460 3600/4459 3604/4790 3850/4791
f 3877/4521 3612/4520 3619/4792 3880/4793
f 3615/4794 3620/4500 3628/4499 3626/4795
f 3626/4796 3628/4797 3629/4798 3627/4799
f 3624/4534 3630/4800 3631/4801 3625/4535
f 3515/4802 3479/4803 3623/4766 3631/4767
f 3508/4077 3466/4078 3621/4079 3629/4080
f 3493/4804 3423/4805 3615/4794 3626/4795
f 3513/4806 3515/4807 3631/4801 3630/4800
f 3496/4808 3493/4809 3626/4796 3627/4799
f 3507/4810 3508/4811 3629/4798 3628/4797
f 3466/4812 3475/4813 3622/4783 3621/4782
f 3881/4814 3407/4815 3609/4769 3882/4768
f 3475/4816 3513/4817 3630/4483 3622/4482
f 3864/4818 3636/4819 3640/4820 3865/4381
f 3858/4490 3642/4489 3635/4821 3859/4822
f 3635/4823 3642/4824 3646/4825 3645/4826
f 3643/4587 3634/4827 3644/4828 3647/4588
f 3647/4829 3644/4567 3645/4566 3646/4830
f 3643/4516 3633/4515 3639/4831 3634/4832
f 3458/4833 3500/4834 3646/4825 3642/4824
f 3863/4835 3434/4367 3636/4819 3864/4818
f 3500/4836 3502/4837 3647/4829 3646/4830
f 3487/4838 3413/4839 3635/4823 3645/4826
f 3410/4840 3484/4841 3644/4828 3634/4827
f 3870/4468 3652/4467 3656/4842 3871/4843
f 3648/4844 3659/4845 3651/4846 3654/4847
f 3658/4848 3649/4849 3655/4850 3650/4851
f 3651/4670 3659/4539 3663/4538 3661/4671
f 3658/4133 3650/4525 3660/4526 3662/4136
f 3662/4583 3660/4852 3661/4853 3663/4584
f 3498/4065 3428/4066 3651/4670 3661/4671
f 3421/4155 3491/4156 3660/4526 3650/4525
f 3503/4575 3461/4576 3658/4133 3662/4136
f 3491/4854 3498/4855 3661/4853 3660/4852
f 3419/4856 3462/4857 3659/4845 3648/4844
f 3461/4858 3420/4859 3649/4849 3658/4848
f 3860/4860 3419/4861 3648/4862 3861/4863
f 3612/4864 3653/4865 3657/4866 3619/4867
f 3446/4868 3450/4869 3653/4865 3612/4864
f 3892/4870 3611/4871 3618/4872 3894/4873
f 3649/4434 3614/4433 3617/4874 3655/4875
f 3861/4863 3648/4862 3654/4876 3862/4877
f 3867/4504 3637/4503 3641/4878 3868/4879
f 3889/4880 3632/4881 3638/4882 3887/4883
f 3890/4884 3445/4885 3611/4871 3892/4870
f 3885/4886 3395/4887 3632/4881 3889/4880
f 4093/4888 4096/4889 3688/4890 3755/4891
f 3703/4532 3702/4533 3744/4534 3738/4892
f 3744/4534 3690/4893 3706/4801 3738/4892
f 4042/4894 3670/4895 3729/4896 4060/4691
f 3707/4536 3723/4537 3763/4538 3751/4539
f 3736/4897 3745/4898 3743/4088 3684/4899
f 3702/4900 3673/4901 3741/4902 3744/4903
f 4103/4904 3751/4905 3737/4906 4106/4907
f 3729/4083 3708/4082 3741/4305 3682/4306
f 3711/4908 3697/4909 3747/4910 3754/4911
f 3692/4912 3694/4913 3690/4914 3708/4915
f 3735/4916 3691/4917 3685/4918 3704/4919
f 3695/4920 3701/4921 3689/4447 3706/4448
f 3726/4922 3766/4923 3756/4375 3714/4924
f 3720/4703 3722/4704 3762/4550 3760/4549
f 3696/4925 3721/4383 3761/4926 3746/4375
f 3701/4927 3671/4928 3736/4929 3689/4930
f 3700/4838 3668/4839 3743/4823 3749/4826
f 3713/4925 3725/4383 3765/4926 3755/4375
f 3722/4931 3705/4932 3750/4933 3762/4934
f 3694/4806 3695/4935 3706/4801 3690/4893
f 3756/4375 3766/4923 3759/4936 3733/4374
f 3689/4447 3728/4937 3738/4938 3706/4448
f 3741/4902 3708/4915 3690/4914 3744/4903
f 3672/4423 3703/4424 3738/4938 3728/4937
f 3730/4939 3712/4940 3739/4941 3731/4942
f 3718/4065 3675/4066 3737/4670 3758/4671
f 4078/4943 3735/4944 3704/4945 4087/4694
f 3717/4946 3757/4342 3767/4341 3727/4947
f 3689/4930 3736/4929 3684/4948 3728/4949
f 4016/4950 3698/4268 3715/4951 4025/4690
f 3734/4952 3740/4953 3715/4954 3698/4955
f 3731/4956 3739/4957 3687/4592 3757/4958
f 3670/4325 3692/4324 3708/4082 3729/4083
f 3678/4959 3681/4960 3691/4917 3735/4916
f 3750/4933 3742/4961 3732/4962 3762/4934
f 3683/4963 3746/4375 3761/4926 3747/4568
f 4007/4964 3679/4276 3698/4268 4016/4950
f 4097/4965 3746/4966 3683/4967 4099/4968
f 4060/4691 3729/4896 3682/4969 4051/4970
f 3680/4971 3734/4952 3698/4955 3679/4972
f 3687/4339 3753/4340 3767/4341 3757/4342
f 3688/4963 3754/4568 3765/4926 3755/4375
f 3737/4670 3751/4539 3763/4538 3758/4671
f 3743/4823 3745/4824 3760/4825 3749/4826
f 3752/4587 3716/4827 3748/4973 3764/4588
f 4069/4894 3678/4895 3735/4944 4078/4943
f 3766/4974 3767/4975 3753/4976 3759/4977
f 3747/4910 3761/4978 3765/4979 3754/4911
f 3749/4548 3760/4549 3762/4550 3732/4551
f 3758/4980 3763/4981 3764/4982 3748/4983
f 3724/4585 3709/4586 3752/4587 3764/4588
f 3669/4984 3686/4985 3732/4962 3742/4961
f 3723/4986 3724/4987 3764/4982 3763/4981
f 3710/3954 3753/4340 3687/4339 3667/3957
f 3686/4660 3700/4661 3749/4548 3732/4551
f 3666/4988 3731/4956 3757/4958 3717/4989
f 3693/4990 3720/4834 3760/4825 3745/4824
f 4100/4991 3707/4992 3751/4905 4103/4904
f 3719/4993 3759/4977 3753/4976 3710/4994
f 3671/4995 3693/4996 3745/4898 3736/4897
f 3721/4997 3725/4998 3765/4979 3761/4978
f 3674/4034 3733/4374 3759/4936 3719/4037
f 4098/4999 3696/5000 3746/4966 4097/4965
f 3727/5001 3767/4975 3766/4974 3726/5002
f 3711/5003 3754/4568 3688/4963 3665/4386
f 4090/5004 4093/4888 3755/4891 3713/5005
f 3699/5006 3718/5007 3758/4980 3748/4983
f 3676/4840 3699/4841 3748/4973 3716/4827
f 3697/5003 3677/4386 3683/4963 3747/4568
f 3664/5008 3730/4939 3731/4942 3666/5009
f 3776/5010 3778/5011 3818/5012 3798/5013
f 3784/4065 3774/4066 3796/4670 3808/4671
f 3772/3957 3788/3954 3812/4246 3794/4245
f 3769/5014 3771/5011 3817/5015 3793/5016
f 3788/5017 3785/5018 3809/5019 3812/5020
f 3785/5021 3775/5022 3797/5023 3809/5024
f 3781/5025 3780/5026 3800/5027 3801/5028
f 3780/5029 3789/5030 3813/5031 3800/5032
f 3783/5033 3786/5034 3810/5035 3807/5036
f 3796/4670 3810/4539 3801/4538 3808/4671
f 3913/5037 3798/5038 3804/5039 3911/5040
f 3807/5036 3810/5035 3796/5041 3794/5042
f 3792/5043 3806/5044 3797/5045 3802/5046
f 3813/5031 3795/5047 3811/5048 3800/5032
f 3797/5023 3806/5049 3815/5050 3809/5024
f 3807/4079 3794/4245 3812/4246 3814/4080
f 3814/5051 3812/5020 3809/5019 3815/5052
f 3808/5053 3801/5028 3800/5027 3811/5054
f 3813/5055 3793/5056 3803/5057 3795/5058
f 3768/5059 3782/5060 3806/5044 3792/5043
f 3787/5061 3784/5062 3808/5053 3811/5054
f 3790/4077 3783/4078 3807/4079 3814/4080
f 3786/5063 3781/4537 3801/4538 3810/4539
f 3909/5064 3776/5065 3798/5038 3913/5037
f 3791/5066 3790/5067 3814/5051 3815/5052
f 3773/4270 3787/5068 3811/5048 3795/5047
f 3782/5069 3791/5070 3815/5050 3806/5049
f 3789/5071 3769/5072 3793/5056 3813/5055
f 3899/5073 3816/5074 3820/5075 3901/5076
f 3904/5077 3819/5078 3823/5079 3906/5080
f 3897/5081 3770/5082 3816/5074 3899/5073
f 3902/5083 3779/5084 3819/5078 3904/5077
f 3816/5085 3792/4039 3802/5086 3820/5087
f 3798/5013 3818/5012 3822/5088 3804/5089
f 3819/5090 3799/5091 3805/5092 3823/5093
f 3770/5094 3768/5095 3792/4039 3816/5085
f 3779/5096 3777/5097 3799/5091 3819/5090
f 3793/5016 3817/5015 3821/5098 3803/5099
f 3537/5100 3825/5101 3826/5102 3534/5103
f 3398/5104 3824/5105 3825/5101 3537/5100
f 3546/5106 3828/5107 3829/5108 3550/5109
f 3430/5110 3827/5111 3828/5107 3546/5106
f 3545/5112 3831/5113 3832/5114 3549/5115
f 3403/5116 3830/5117 3831/5113 3545/5112
f 3530/5118 3834/5119 3835/5120 3528/5121
f 3444/5122 3833/4945 3834/5119 3530/5118
f 3392/5123 3836/5124 3837/5125 3523/5126
f 3523/5126 3837/5125 3838/5127 3524/5128
f 3522/5129 3840/5130 3841/5131 3527/5132
f 3443/5133 3839/5134 3840/5130 3522/5129
f 3429/4415 3842/5135 3844/5136 3519/5137
f 3519/5137 3844/5136 3843/5138 3480/5139
f 3601/5140 3846/5141 3847/5142 3605/5143
f 3396/5144 3845/5145 3846/5141 3601/5140
f 3418/5146 3848/5147 3849/5148 3584/5149
f 3584/5149 3849/5148 3850/5150 3592/5151
f 3602/5152 3852/5153 3853/4458 3606/5154
f 3433/5155 3851/5156 3852/5153 3602/5152
f 3447/5146 3854/5147 3855/5148 3590/5149
f 3590/5149 3855/5148 3856/5150 3593/5157
f 3395/5158 3857/5159 3858/5160 3632/5161
f 3632/5161 3858/5160 3859/5162 3638/5163
f 3400/5164 3860/5165 3861/5166 3633/5167
f 3633/5167 3861/5166 3862/5168 3639/5169
f 3637/5170 3864/5171 3865/5172 3641/5173
f 3439/5174 3863/5175 3864/5171 3637/5170
f 3449/5176 3866/5177 3867/5178 3652/5179
f 3652/5179 3867/5178 3868/5180 3656/5181
f 3450/5182 3869/5183 3870/5184 3653/5185
f 3653/5185 3870/5184 3871/5186 3657/5187
f 3445/5188 3872/5189 3875/5190 3611/5191
f 3872/5192 3873/5193 3876/5194 3875/5195
f 3873/5196 3874/5197 3877/5198 3876/5199
f 3611/5191 3875/5190 3878/5200 3618/5201
f 3875/5195 3876/5194 3879/5202 3878/5203
f 3876/5199 3877/5198 3880/5204 3879/5205
f 3623/5206 3882/5207 3883/5208 3613/5209
f 3479/5210 3881/5211 3882/5207 3623/5206
f 3609/5212 3888/5213 3886/4895 3616/5214
f 3888/5215 3889/5216 3887/5217 3886/5218
f 3407/5219 3884/5220 3888/5213 3609/5212
f 3884/5221 3885/5222 3889/5216 3888/5215
f 3636/5223 3893/5224 3895/5225 3640/5226
f 3893/5227 3892/5228 3894/4665 3895/5229
f 3434/5230 3891/5231 3893/5224 3636/5223
f 3891/5232 3890/5233 3892/5228 3893/5227
f 3817/5234 3898/5235 3900/5236 3821/5237
f 3898/5238 3899/5239 3901/5240 3900/5241
f 3771/5242 3896/5243 3898/5235 3817/5234
f 3896/5244 3897/5245 3899/5239 3898/5238
f 3818/5246 3905/5247 3907/5248 3822/5249
f 3905/5250 3904/5251 3906/5252 3907/5253
f 3778/5254 3903/5255 3905/5247 3818/5246
f 3903/5256 3902/5257 3904/5251 3905/5250
f 3799/5258 3912/5259 3910/5260 3805/5261
f 3912/5262 3913/5263 3911/5264 3910/5265
f 3777/5266 3908/5267 3912/5259 3799/5258
f 3908/5268 3909/5269 3913/5263 3912/5262
f 3576/4112 3915/5270 3916/5271 3580/5272
f 3397/5075 3914/5273 3915/5270 3576/4112
f 3579/5274 3918/5275 3919/5276 3583/5277
f 3438/5278 3917/5279 3918/5275 3579/5274
f 3326/5280 3921/5281 3922/5282 3330/5283
f 3163/3995 3920/5284 3921/5281 3326/5280
f 3325/5285 3924/5286 3925/5287 3329/5288
f 3124/5289 3923/5290 3924/5286 3325/5285
f 3417/5291 3926/5292 3928/5293 3552/5294
f 3552/5294 3928/5293 3927/5295 3560/5296
f 3561/5297 3930/5298 3931/5299 3569/5300
f 3432/4222 3929/4221 3930/5298 3561/5297
f 3313/5301 3933/5302 3934/5303 3309/5304
f 3116/5305 3932/5306 3933/5302 3313/5301
f 3312/5307 3937/5308 3936/5309 3317/5310
f 3168/5311 3935/5312 3937/5308 3312/5307
f 3277/5313 3939/5314 3940/5315 3281/5316
f 3120/5317 3938/5318 3939/5314 3277/5313
f 3113/5319 3941/5320 3942/5194 3254/5321
f 3254/5321 3942/5194 3943/5269 3261/5322
f 3158/5323 3944/5324 3945/5325 3278/5326
f 3278/5326 3945/5325 3946/5327 3282/5328
f 3252/5321 3948/5153 3949/5175 3269/5329
f 3162/5319 3947/5330 3948/5153 3252/5321
f 3246/5331 3225/5332 3952/5333 3951/5334
f 3175/5335 3246/5331 3951/5334 3950/5336
f 3119/5337 3250/5338 3955/5339 3953/5340
f 3250/5338 3251/5341 3954/5342 3955/5339
f 3156/5343 3153/5344 3957/5345 3956/5346
f 3153/5344 3211/5347 3958/5348 3957/5345
f 3302/5349 3306/5350 3961/5351 3960/5352
f 3155/5343 3302/5349 3960/5352 3959/5353
f 3301/5354 3305/5355 3964/5356 3963/5357
f 3123/5358 3301/5354 3963/5357 3962/5359
f 3285/5360 3293/5361 3966/5362 3967/5363
f 3172/5364 3285/5360 3967/5363 3965/5365
f 3290/5366 3291/5367 3970/5368 3969/5369
f 3141/5370 3290/5366 3969/5369 3968/5371
f 3365/5372 3351/5373 3973/5374 3972/5375
f 3217/5376 3365/5372 3972/5375 3971/5377
f 3354/5378 3359/5379 3977/5380 3979/5381
f 3979/5382 3977/5383 3976/5384 3978/5385
f 3169/5386 3354/5378 3979/5381 3975/5387
f 3975/5388 3979/5382 3978/5385 3974/5389
f 3173/5390 3337/5391 3981/5392 3980/5393
f 3337/5391 3343/5394 3982/4374 3981/5392
f 3167/5395 3983/5396 3984/5397 3377/5398
f 3377/5398 3984/5397 3985/5399 3383/5400
f 3125/5401 3986/5402 3987/5403 3332/5404
f 3332/5404 3987/5403 3988/5405 3338/5406
f 3221/5210 3989/5211 3990/4175 3385/4178
f 3385/4178 3990/4175 3991/4176 3375/4177
f 3376/5407 3993/5408 3994/5409 3382/5410
f 3159/5411 3992/5412 3993/5408 3376/5407
f 3118/5413 3996/5414 3998/5415 3372/5416
f 3996/5417 3995/5418 3997/5419 3998/5420
f 3372/5416 3998/5415 4000/5421 3378/5422
f 3998/5420 3997/5419 3999/5423 4000/5424
f 3169/5425 4002/5426 4004/5427 3354/5428
f 4002/5429 4001/5430 4003/5431 4004/5432
f 3354/5428 4004/5427 4006/5433 3359/5434
f 4004/5432 4003/5431 4005/5435 4006/5436
f 3691/5437 4024/5438 4033/5236 3685/5439
f 4024/5440 4023/5441 4032/5442 4033/5443
f 4023/5444 4022/5445 4031/5341 4032/5446
f 4022/5447 4021/5448 4030/4959 4031/5449
f 4021/5450 4020/5451 4029/5452 4030/5453
f 4020/5454 4019/5455 4028/4195 4029/5456
f 4019/5457 4018/5458 4027/4639 4028/5459
f 4018/5460 4017/4865 4026/5461 4027/5462
f 4017/5463 4016/5464 4025/5465 4026/4702
f 3681/5466 4015/5467 4024/5438 3691/5437
f 4015/5468 4014/5469 4023/5441 4024/5440
f 4014/5470 4013/5471 4022/5445 4023/5444
f 4013/5472 4012/5473 4021/5448 4022/5447
f 4012/5474 4011/5343 4020/5451 4021/5450
f 4011/5475 4010/5476 4019/5455 4020/5454
f 4010/5477 4009/5478 4018/5458 4019/5457
f 4009/4715 4008/5479 4017/4865 4018/5460
f 4008/5480 4007/5481 4016/5464 4017/5463
f 3664/5482 4034/5483 4052/5484 3730/5485
f 4034/5486 4035/5487 4053/5488 4052/5489
f 4035/5490 4036/5491 4054/5492 4053/5493
f 4036/4959 4037/5494 4055/5495 4054/5496
f 4037/5341 4038/5497 4056/5498 4055/5499
f 4038/5500 4039/5501 4057/5502 4056/5503
f 4039/5504 4040/5505 4058/5506 4057/5507
f 4040/5508 4041/5509 4059/5510 4058/5511
f 4041/5512 4042/4702 4060/5513 4059/5514
f 3730/5485 4052/5484 4043/5311 3712/5515
f 4052/5489 4053/5488 4044/5516 4043/5517
f 4053/5493 4054/5492 4045/5518 4044/5519
f 4054/5496 4055/5495 4046/5472 4045/4354
f 4055/5499 4056/5498 4047/5520 4046/5521
f 4056/5503 4057/5502 4048/5522 4047/5523
f 4057/5507 4058/5506 4049/5524 4048/4732
f 4058/5511 4059/5510 4050/5525 4049/5526
f 4059/5514 4060/5513 4051/5527 4050/5528
f 3734/5529 4070/5530 4079/5531 3740/5532
f 4070/5533 4071/5534 4080/5535 4079/5536
f 4071/5537 4072/5538 4081/5289 4080/5539
f 4072/5540 4073/5541 4082/5542 4081/5543
f 4073/5544 4074/5545 4083/5546 4082/5547
f 4074/5548 4075/5549 4084/5550 4083/5551
f 4075/5552 4076/5553 4085/5554 4084/5555
f 4076/5556 4077/5557 4086/5554 4085/5555
f 4077/5558 4078/5559 4087/5560 4086/4262
f 3680/5561 4061/5562 4070/5530 3734/5529
f 4061/4435 4062/5563 4071/5534 4070/5533
f 4062/5564 4063/5565 4072/5538 4071/5537
f 4063/5566 4064/5567 4073/5541 4072/5540
f 4064/5568 4065/5569 4074/5545 4073/5544
f 4065/5570 4066/5571 4075/5549 4074/5548
f 4066/5572 4067/5573 4076/5553 4075/5552
f 4067/5574 4068/5575 4077/5557 4076/5556
f 4068/5576 4069/4023 4078/5559 4077/5558
f 3756/5577 3733/5578 4094/5579 4091/5580
f 4091/5581 4094/5582 4095/5336 4092/5583
f 4092/5584 4095/5585 4096/5586 4093/5587
f 3714/5588 3756/5577 4091/5580 4088/5589
f 4088/5590 4091/5581 4092/5583 4089/5591
f 4089/5042 4092/5584 4093/5587 4090/5592
f 3752/5593 4097/5594 4099/5009 3716/5595
f 3709/5596 4098/4035 4097/5594 3752/5593
f 3750/5597 4105/5598 4108/5599 3742/5600
f 4105/5601 4104/5602 4107/5603 4108/5604
f 4104/5605 4103/5606 4106/4705 4107/5607
f 3705/5608 4102/5609 4105/5598 3750/5597
f 4102/5610 4101/5611 4104/5602 4105/5601
f 4101/5612 4100/5613 4103/5606 4104/5605
f 3405/5133 4109/5614 4111/5130 3532/5129
f 3532/5129 4111/5130 4110/5131 3535/5132
f 3544/5615 4113/5616 4114/5617 3548/5618
f 3389/5619 4112/5620 4113/5616 3544/5615
f 3547/5621 4116/5622 4117/5623 3551/5624
f 3442/5625 4115/5626 4116/5622 3547/5621
f 3437/5627 4118/5628 4120/5629 3531/5630
f 3531/5630 4120/5629 4119/5631 3536/5632
f 3114/5633 3300/5634 4122/5635 4121/5636
f 3300/5634 3304/5637 4123/5638 4122/5635
f 3289/5639 3292/5640 4126/5641 4125/5642
f 3171/5075 3289/5639 4125/5642 4124/5643
f 3143/5644 3288/5645 4128/5646 4127/5647
f 3288/5645 3287/5648 4129/5649 4128/5646
f 3303/5650 3307/5651 4132/4283 4131/5652
f 3164/5011 3303/5650 4131/5652 4130/5653
f 3393/5654 4133/3974 4134/3975 3559/5655
f 3559/5655 4134/3975 4135/4233 3555/4234
f 3578/4106 4137/4103 4138/4104 3582/4105
f 3436/4108 4136/5656 4137/4103 3578/4106
f 3324/5657 4140/5658 4141/5659 3328/5660
f 3122/5661 4139/5406 4140/5658 3324/5657
f 3310/5662 4143/5663 4144/5664 3316/5665
f 3157/5666 4142/5667 4143/5663 3310/5662
f 3127/5668 4145/5669 4146/5670 3311/5671
f 3311/5671 4146/5670 4147/5672 3315/5673
f 3165/5674 4148/5675 4149/5676 3327/5677
f 3327/5677 4149/5676 4150/5678 3331/5679
f 3399/5680 4151/5669 4153/5670 3577/5671
f 3577/5671 4153/5670 4152/5681 3581/5682
f 3554/5683 4155/5684 4156/5685 3570/5686
f 3440/5687 4154/5688 4155/5684 3554/5683
f 4185/5689 4276/5690 4396/5691 4312/5692
f 4209/5693 4196/5694 4323/5695 4336/5696
f 4262/5697 4405/5698 4363/5699 4159/5689
f 4215/5700 4185/5701 4312/5702 4342/5703
f 4235/5704 4361/5705 4324/5706 4197/5707
f 4230/5708 4221/5709 4347/5710 4356/5711
f 4159/5689 4261/5712 4284/5713 4262/5697
f 4222/5714 4223/5715 4349/5716 4348/5717
f 4191/5718 4203/5719 4330/5720 4318/5721
f 4227/5722 4202/5723 4329/5724 4353/5725
f 4236/5726 4187/5727 4314/5728 4362/5729
f 4164/5721 4293/5718 4374/5730 4248/5731
f 4492/5732 4191/5733 4272/5734 4491/5735
f 4244/5736 4371/5737 4360/5738 4234/5739
f 4183/5740 4179/5741 4306/5742 4310/5743
f 4243/5733 4370/5744 4369/5745 4242/5746
f 4189/5732 4180/5747 4278/5748 4279/5749
f 4256/5750 4173/5751 4300/5752 4382/5753
f 4169/5754 4172/5755 4264/5756 4263/5757
f 4178/5719 4305/5720 4293/5758 4164/5724
f 4261/5712 4176/5759 4285/5760 4286/5761
f 4383/5762 4409/5763 4414/5764 4384/5765
f 4199/5732 4207/5766 4334/5767 4326/5719
f 4182/5768 4175/5727 4302/5769 4309/5770
f 4198/5771 4197/5772 4324/5773 4325/5774
f 4186/5775 4184/5776 4311/5777 4313/5778
f 4206/5779 4222/5780 4348/5781 4333/5782
f 4208/5783 4198/5701 4325/5702 4335/5784
f 4410/5764 4315/5785 4382/5753 4300/5752
f 4225/5786 4206/5787 4333/5788 4351/5789
f 4189/5732 4279/5749 4399/5790 4316/5719
f 4193/5718 4199/5719 4326/5720 4320/5721
f 4201/5732 4162/5747 4274/5791 4273/5792
f 4238/5793 4365/5794 4371/5795 4244/5771
f 4415/5796 4228/5797 4354/5798 4411/5799
f 4284/5713 4261/5712 4260/5800 4404/5801
f 4202/5720 4177/5721 4304/5718 4329/5719
f 4241/5721 4282/5802 4283/5803 4163/5720
f 4239/5804 4366/5805 4365/5806 4238/5807
f 4368/5718 4292/5719 4403/5808 4402/5809
f 4179/5810 4240/5811 4367/5812 4306/5764
f 4161/5732 4166/5813 4295/5814 4290/5719
f 4174/5732 4190/5747 4280/5815 4281/5816
f 4294/5817 4287/5764 4388/5818 4389/5819
f 4205/5820 4217/5821 4344/5822 4332/5774
f 4203/5732 4211/5766 4338/5767 4330/5719
f 4471/5768 4182/5823 4309/5824 4472/5770
f 4220/5775 4229/5825 4355/5826 4346/5778
f 4173/5827 4181/5828 4308/5817 4300/5764
f 4416/5810 4188/5829 4315/5785 4410/5764
f 4163/5733 4292/5744 4387/5830 4269/5831
f 4192/5719 4319/5720 4370/5721 4243/5718
f 4268/5832 4386/5833 4319/5719 4192/5720
f 4176/5834 4213/5835 4340/5836 4303/5692
f 4224/5837 4218/5727 4345/5728 4350/5838
f 4259/5839 4427/5840 4414/5763 4385/5841
f 4479/5842 4478/5843 4268/5832 4192/5720
f 4272/5734 4191/5733 4318/5744 4391/5844
f 4277/5845 4219/5846 4412/5847 4397/5848
f 4162/5732 4271/5849 4390/5850 4291/5719
f 4204/5851 4415/5852 4411/5853 4331/5784
f 4397/5848 4412/5847 4312/5692 4396/5691
f 4361/5705 4360/5738 4371/5737 4324/5706
f 4303/5692 4340/5836 4335/5784 4325/5702
f 4201/5732 4273/5792 4392/5854 4328/5719
f 4252/5723 4378/5724 4376/5855 4250/5722
f 4411/5799 4354/5798 4351/5789 4333/5788
f 4194/5720 4484/5694 4483/5695 4321/5719
f 4400/5809 4317/5718 4301/5719 4401/5808
f 4306/5764 4367/5812 4381/5856 4410/5752
f 4377/5857 4376/5855 4378/5724 4379/5719
f 4395/5858 4332/5859 4412/5847 4394/5860
f 4353/5725 4329/5724 4327/5719 4352/5861
f 4283/5803 4403/5808 4292/5719 4163/5720
f 4473/5768 4160/5823 4289/5862 4474/5863
f 4159/5864 4363/5853 4364/5865 4237/5866
f 4398/5867 4307/5718 4316/5719 4399/5790
f 4363/5853 4413/5774 4358/5868 4364/5865
f 4165/5828 4294/5817 4389/5819 4270/5869
f 4451/5827 4170/5870 4298/5871 4452/5764
f 4280/5815 4190/5747 4317/5718 4400/5809
f 4172/5810 4245/5872 4266/5873 4264/5764
f 4469/5775 4186/5874 4313/5875 4470/5778
f 4480/5744 4319/5719 4386/5833 4481/5876
f 4241/5721 4368/5718 4402/5809 4282/5802
f 4413/5877 4365/5806 4366/5805 4357/5878
f 4285/5760 4176/5759 4303/5879 4406/5880
f 4466/5827 4183/5881 4310/5882 4465/5764
f 4356/5711 4347/5710 4348/5717 4349/5716
f 4342/5703 4312/5702 4322/5774 4337/5883
f 4486/5884 4490/5885 4291/5719 4390/5850
f 4393/5886 4291/5718 4328/5719 4392/5854
f 4346/5778 4355/5826 4350/5838 4345/5728
f 4195/5771 4210/5887 4337/5883 4322/5774
f 4290/5719 4295/5814 4296/5888 4327/5889
f 4168/5890 4297/5891 4294/5764 4165/5810
f 4372/5892 4299/5817 4264/5764 4266/5873
f 4160/5775 4233/5893 4359/5894 4289/5778
f 4232/5895 4358/5868 4413/5774 4417/5771
f 4314/5728 4289/5778 4359/5894 4362/5729
f 4375/5896 4374/5730 4293/5718 4378/5719
f 4249/5897 4375/5896 4378/5719 4252/5720
f 4274/5791 4162/5747 4291/5718 4393/5886
f 4221/5773 4195/5898 4322/5899 4347/5772
f 4219/5846 4265/5900 4394/5860 4412/5847
f 4275/5901 4205/5759 4332/5859 4395/5858
f 4257/5902 4422/5840 4409/5763 4383/5762
f 4477/5694 4475/5695 4368/5719 4241/5720
f 4255/5903 4416/5751 4410/5752 4381/5856
f 4165/5828 4270/5869 4267/5904 4157/5827
f 4253/5721 4379/5718 4305/5719 4178/5720
f 4406/5880 4303/5879 4260/5800 4407/5905
f 4174/5732 4281/5816 4401/5808 4301/5719
f 4251/5906 4377/5857 4379/5719 4253/5720
f 4278/5748 4180/5747 4307/5718 4398/5867
f 4196/5718 4194/5719 4321/5720 4323/5721
f 4167/5907 4200/5908 4327/5889 4296/5888
f 4467/5909 4220/5910 4346/5911 4468/5912
f 4200/5732 4226/5913 4352/5861 4327/5719
f 4177/5732 4161/5723 4290/5724 4304/5719
f 4219/5846 4205/5759 4275/5901 4265/5900
f 4185/5689 4219/5846 4277/5845 4276/5690
f 4332/5774 4344/5822 4331/5784 4411/5853
f 4427/5827 4258/5914 4384/5765 4414/5764
f 4404/5801 4260/5800 4363/5699 4405/5698
f 4448/5915 4408/5763 4373/5916 4247/5917
f 4424/5827 4420/5840 4436/5918 4438/5919
f 4261/5712 4286/5761 4407/5905 4260/5800
f 4419/5810 4157/5915 4428/5920 4430/5921
f 4267/5904 4388/5818 4287/5764 4157/5827
f 4428/5920 4157/5915 4287/5922 4429/5923
f 4431/5924 4429/5923 4287/5922 4418/5925
f 4417/5926 4413/5877 4357/5878 4231/5927
f 4419/5810 4430/5921 4431/5924 4418/5925
f 4420/5810 4419/5915 4434/5928 4432/5929
f 4408/5763 4294/5764 4297/5891 4373/5916
f 4434/5928 4419/5915 4418/5763 4435/5930
f 4420/5810 4432/5929 4433/5931 4421/5764
f 4455/5932 4441/5933 4423/5763 4456/5764
f 4436/5918 4420/5840 4421/5934 4437/5935
f 4440/5936 4424/5840 4423/5763 4441/5933
f 4424/5827 4438/5919 4439/5937 4423/5938
f 4446/5939 4426/5940 4425/5941 4447/5942
f 4246/5943 4171/5944 4299/5817 4372/5892
f 4464/5827 4444/5945 4445/5946 4463/5764
f 4433/5931 4435/5930 4418/5763 4421/5764
f 4426/5940 4442/5947 4443/5948 4425/5941
f 4461/5932 4447/5942 4425/5941 4462/5764
f 4458/5827 4424/5840 4440/5936 4457/5949
f 4460/5827 4426/5940 4446/5939 4459/5949
f 4439/5937 4437/5935 4421/5934 4423/5938
f 4482/5720 4193/5694 4320/5695 4476/5719
f 4487/5732 4174/5733 4301/5744 4489/5719
f 4162/5732 4492/5733 4491/5950 4271/5849
f 4484/5720 4189/5694 4316/5695 4483/5719
f 4449/5915 4450/5763 4408/5764 4448/5810
f 4385/5841 4414/5763 4450/5764 4288/5951
f 4158/5952 4288/5951 4450/5764 4449/5827
f 4263/5757 4264/5756 4454/5925 4453/5953
f 4422/5954 4451/5915 4452/5922 4409/5955
f 4453/5956 4454/5763 4452/5764 4298/5871
f 4443/5948 4455/5957 4456/5763 4425/5941
f 4426/5940 4458/5840 4457/5958 4442/5947
f 4218/5909 4469/5959 4470/5824 4345/5912
f 4184/5768 4467/5823 4468/5862 4311/5863
f 4171/5960 4464/5961 4463/5962 4299/5925
f 4445/5946 4461/5963 4462/5964 4463/5764
f 4181/5810 4466/5965 4465/5882 4308/5764
f 4464/5827 4460/5966 4459/5967 4444/5945
f 4187/5768 4471/5823 4472/5824 4314/5770
f 4175/5775 4473/5874 4474/5875 4302/5778
f 4190/5720 4482/5694 4476/5695 4317/5719
f 4254/5968 4380/5969 4475/5719 4477/5732
f 4163/5733 4269/5831 4478/5970 4479/5732
f 4292/5744 4480/5719 4481/5971 4387/5830
f 4380/5969 4369/5745 4370/5744 4475/5719
f 4212/5972 4487/5733 4489/5744 4339/5973
f 4391/5844 4318/5744 4490/5719 4486/5971
f 4339/5973 4489/5744 4326/5719 4334/5767
f 4488/5720 4214/5974 4341/5969 4485/5719
f 4485/5719 4341/5969 4336/5696 4323/5695
f 4180/5720 4488/5694 4485/5695 4307/5719
f 4494/5732 4201/5733 4328/5744 4493/5719
f 4343/5973 4493/5695 4330/5719 4338/5767
f 4216/5972 4494/5975 4493/5695 4343/5973
o Exterior_WindowFrames
v 0.100000 1.600003 3.699997
v 0.099999 1.600000 5.080000
v 0.100000 0.909997 5.080000
v 0.100000 0.910000 3.699997
v 0.149999 0.949997 3.740010
v 0.150000 1.550000 3.740010
v 0.099999 1.550000 3.740010
v 0.100000 0.950000 3.740010
v 0.100000 0.949998 5.040000
v 0.150000 1.550000 5.040000
v 0.149999 0.949997 5.040000
v 0.099999 1.550000 5.040000
v 0.099999 2.290003 3.700006
v 0.099999 2.290003 5.080000
v 0.149999 1.649998 3.740010
v 0.150000 2.250000 3.740010
v 0.099999 2.250000 3.740010
v 0.100000 1.650001 3.740010
v 0.100000 1.649999 5.040000
v 0.150000 2.250000 5.040000
v 0.149999 1.649998 5.040000
v 0.099999 2.250000 5.040000
v 0.100000 3.800004 3.699997
v 0.099999 3.800001 5.080000
v 0.100000 3.109998 5.080000
v 0.100000 3.110001 3.699997
v 0.149999 3.149998 3.740010
v 0.150000 3.750000 3.740010
v 0.099999 3.750000 3.740010
v 0.100000 3.150001 3.740010
v 0.100000 3.149999 5.040000
v 0.150000 3.750000 5.040000
v 0.149999 3.149998 5.040000
v 0.099999 3.750000 5.040000
v 0.099999 4.490004 3.700006
v 0.099999 4.490004 5.080000
v 0.149999 3.849999 3.740010
v 0.150000 4.450001 3.740010
v 0.099999 4.450001 3.740010
v 0.100000 3.850002 3.740010
v 0.100000 3.850000 5.040000
v 0.150000 4.450001 5.040000
v 0.149999 3.849999 5.040000
v 0.099999 4.450001 5.040000
v 0.100000 6.000003 3.699997
v 0.099999 6.000000 5.080000
v 0.100000 5.309997 5.080000
v 0.100000 5.310000 3.699997
v 0.149999 5.349997 3.740010
v 0.150000 5.950000 3.740010
v 0.099999 5.950000 3.740010
v 0.100000 5.350000 3.740010
v 0.100000 5.349998 5.040000
v 0.150000 5.950000 5.040000
v 0.149999 5.349997 5.040000
v 0.099999 5.950000 5.040000
v 0.099999 6.690002 3.700006
v 0.099999 6.690002 5.080000
v 0.149999 6.049998 3.740010
v 0.150000 6.650000 3.740010
v 0.099999 6.650000 3.740010
v 0.100000 6.050001 3.740010
v 0.100000 6.049999 5.040000
v 0.150000 6.650000 5.040000
v 0.149999 6.049998 5.040000
v 0.099999 6.650000 5.040000
v 0.100000 8.800004 3.699997
v 0.099999 8.800001 5.080000
v 0.100000 8.109998 5.080000
v 0.100000 8.110001 3.699997
v 0.149999 8.149998 3.740010
v 0.150000 8.750001 3.740010
v 0.099999 8.750001 3.740010
v 0.100000 8.150002 3.740010
v 0.100000 8.149999 5.040000
v 0.150000 8.750001 5.040000
v 0.149999 8.149998 5.040000
v 0.099999 8.750001 5.040000
v 0.099999 9.490004 3.700006
v 0.099999 9.490004 5.080000
v 0.149999 8.849999 3.740010
v 0.150000 9.450001 3.740010
v 0.099999 9.450001 3.740010
v 0.100000 8.850002 3.740010
v 0.100000 8.850000 5.040000
v 0.150000 9.450001 5.040000
v 0.149999 8.849999 5.040000
v 0.099999 9.450001 5.040000
v 0.100000 11.000004 3.699997
v 0.099999 11.000001 5.080000
v 0.100000 10.309998 5.080000
v 0.100000 10.310000 3.699997
v 0.149999 10.349998 3.740010
v 0.150000 10.950001 3.740010
v 0.099999 10.950001 3.740010
v 0.100000 10.350001 3.740010
v 0.100000 10.349998 5.040000
v 0.150000 10.950001 5.040000
v 0.149999 10.349998 5.040000
v 0.099999 10.950001 5.040000
v 0.099999 11.690003 3.700006
v 0.099999 11.690003 5.080000
v 0.149999 11.049999 3.740010
v 0.150000 11.650001 3.740010
v 0.099999 11.650001 3.740010
v 0.100000 11.050002 3.740010
v 0.100000 11.050000 5.040000
v 0.150000 11.650001 5.040000
v 0.149999 11.049999 5.040000
v 0.099999 11.650001 5.040000
v 0.100000 13.800003 3.699997
v 0.099999 13.800000 5.080000
v 0.100000 13.109997 5.080000
v 0.100000 13.110000 3.699997
v 0.149999 13.149997 3.740010
v 0.150000 13.750000 3.740010
v 0.099999 13.750000 3.740010
v 0.100000 13.150001 3.740010
v 0.100000 13.149998 5.040000
v 0.150000 13.750000 5.040000
v 0.149999 13.149997 5.040000
v 0.099999 13.750000 5.040000
v 0.099999 14.490003 3.700006
v 0.099999 14.490003 5.080000
v 0.149999 13.849998 3.740010
v 0.150000 14.450000 3.740010
v 0.099999 14.450000 3.740010
v 0.100000 13.850001 3.740010
v 0.100000 13.849999 5.040000
v 0.150000 14.450000 5.040000
v 0.149999 13.849998 5.040000
v 0.099999 14.450000 5.040000
v 0.100000 16.000004 3.699997
v 0.099999 16.000002 5.080000
v 0.100000 15.309999 5.080000
v 0.100000 15.310001 3.699997
v 0.149999 15.349998 3.740010
v 0.150000 15.950002 3.740010
v 0.099999 15.950002 3.740010
v 0.100000 15.350002 3.740010
v 0.100000 15.349999 5.040000
v 0.150000 15.950002 5.040000
v 0.149999 15.349998 5.040000
v 0.099999 15.950002 5.040000
v 0.099999 16.690004 3.700006
v 0.099999 16.690004 5.080000
v 0.149999 16.049999 3.740010
v 0.150000 16.650002 3.740010
v 0.099999 16.650002 3.740010
v 0.100000 16.050003 3.740010
v 0.100000 16.050001 5.040000
v 0.150000 16.650002 5.040000
v 0.149999 16.049999 5.040000
v 0.099999 16.650002 5.040000
v 0.100000 18.200005 3.699997
v 0.099999 18.200003 5.080000
v 0.100000 17.509998 5.080000
v 0.100000 17.510002 3.699997
v 0.149999 17.549999 3.740010
v 0.150000 18.150002 3.740010
v 0.099999 18.150002 3.740010
v 0.100000 17.550003 3.740010
v 0.100000 17.549999 5.040000
v 0.150000 18.150002 5.040000
v 0.149999 17.549999 5.040000
v 0.099999 18.150002 5.040000
v 0.099999 18.890005 3.700006
v 0.099999 18.890005 5.080000
v 0.149999 18.250000 3.740010
v 0.150000 18.850002 3.740010
v 0.099999 18.850002 3.740010
v 0.100000 18.250004 3.740010
v 0.100000 18.250002 5.040000
v 0.150000 18.850002 5.040000
v 0.149999 18.250000 5.040000
v 0.099999 18.850002 5.040000
v 1.490003 19.699995 3.699997
v 1.490001 19.699995 5.080000
v 0.799996 19.699995 5.080000
v 0.800000 19.699995 3.699997
v 0.839997 19.649996 3.740010
v 1.440000 19.649994 3.740010
v 1.440000 19.699995 3.740010
v 0.840001 19.699995 3.740010
v 0.839997 19.699995 5.040000
v 1.440000 19.649994 5.040000
v 0.839997 19.649996 5.040000
v 1.440000 19.699995 5.040000
v 2.180003 19.699995 3.700006
v 2.180003 19.699995 5.080000
v 1.539998 19.649996 3.740010
v 2.140000 19.649994 3.740010
v 2.140000 19.699995 3.740010
v 1.540002 19.699995 3.740010
v 1.540000 19.699995 5.040000
v 2.140000 19.649994 5.040000
v 1.539998 19.649996 5.040000
v 2.140000 19.699995 5.040000
v 1.489996 0.100001 3.699997
v 1.489999 0.100000 5.080000
v 2.180002 0.100001 5.080000
v 2.179999 0.100001 3.699997
v 2.140002 0.150001 3.740010
v 1.539999 0.150001 3.740010
v 1.539999 0.100000 3.740010
v 2.139999 0.100001 3.740010
v 2.140001 0.100001 5.040000
v 1.539999 0.150001 5.040000
v 2.140002 0.150001 5.040000
v 1.539999 0.100000 5.040000
v 0.799996 0.100000 3.700006
v 0.799996 0.100000 5.080000
v 1.440001 0.150001 3.740010
v 0.839999 0.150001 3.740010
v 0.839999 0.100000 3.740010
v 1.439998 0.100001 3.740010
v 1.440000 0.100001 5.040000
v 0.839999 0.150001 5.040000
v 1.440001 0.150001 5.040000
v 0.839999 0.100000 5.040000
v 7.299997 0.100001 3.699997
v 7.299999 0.100000 5.080000
v 7.990003 0.100001 5.080000
v 7.990000 0.100001 3.699997
v 7.950003 0.150001 3.740010
v 7.350000 0.150001 3.740010
v 7.350000 0.100000 3.740010
v 7.950000 0.100001 3.740010
v 7.950002 0.100001 5.040000
v 7.350000 0.150001 5.040000
v 7.950003 0.150001 5.040000
v 7.350000 0.100000 5.040000
v 6.609997 0.100000 3.700006
v 6.609997 0.100000 5.080000
v 7.250001 0.150001 3.740010
v 6.650000 0.150001 3.740010
v 6.650000 0.100000 3.740010
v 7.249998 0.100001 3.740010
v 7.250000 0.100001 5.040000
v 6.650000 0.150001 5.040000
v 7.250001 0.150001 5.040000
v 6.650000 0.100000 5.040000
v 8.400001 1.689997 3.699997
v 8.400002 1.689999 5.080000
v 8.400000 2.380003 5.080000
v 8.400000 2.380000 3.699997
v 8.350000 2.340003 3.740010
v 8.350000 1.740000 3.740010
v 8.400002 1.740000 3.740010
v 8.400000 2.340000 3.740010
v 8.400000 2.340002 5.040000
v 8.350000 1.740000 5.040000
v 8.350000 2.340003 5.040000
v 8.400002 1.740000 5.040000
v 8.400002 0.999997 3.700006
v 8.400002 0.999997 5.080000
v 8.350000 1.640001 3.740010
v 8.350000 1.040000 3.740010
v 8.400002 1.040000 3.740010
v 8.400001 1.639998 3.740010
v 8.400001 1.640000 5.040000
v 8.350000 1.040000 5.040000
v 8.350000 1.640001 5.040000
v 8.400002 1.040000 5.040000
v 8.400001 5.069997 3.699997
v 8.400002 5.069999 5.080000
v 8.400000 5.760003 5.080000
v 8.400000 5.760000 3.699997
v 8.350000 5.720003 3.740010
v 8.350000 5.120000 3.740010
v 8.400002 5.120000 3.740010
v 8.400000 5.720000 3.740010
v 8.400000 5.720002 5.040000
v 8.350000 5.120000 5.040000
v 8.350000 5.720003 5.040000
v 8.400002 5.120000 5.040000
v 8.400002 4.379997 3.700006
v 8.400002 4.379997 5.080000
v 8.350000 5.020001 3.740010
v 8.350000 4.420000 3.740010
v 8.400002 4.420000 3.740010
v 8.400001 5.019998 3.740010
v 8.400001 5.020000 5.040000
v 8.350000 4.420000 5.040000
v 8.350000 5.020001 5.040000
v 8.400002 4.420000 5.040000
v 8.400001 8.419996 3.699997
v 8.400002 8.419999 5.080000
v 8.400000 9.110002 5.080000
v 8.400000 9.110000 3.699997
v 8.350000 9.070003 3.740010
v 8.350000 8.469999 3.740010
v 8.400002 8.469999 3.740010
v 8.400000 9.069999 3.740010
v 8.400000 9.070001 5.040000
v 8.350000 8.469999 5.040000
v 8.350000 9.070003 5.040000
v 8.400002 8.469999 5.040000
v 8.400002 7.729996 3.700006
v 8.400002 7.729996 5.080000
v 8.350000 8.370000 3.740010
v 8.350000 7.769999 3.740010
v 8.400002 7.769999 3.740010
v 8.400001 8.369998 3.740010
v 8.400001 8.370000 5.040000
v 8.350000 7.769999 5.040000
v 8.350000 8.370000 5.040000
v 8.400002 7.769999 5.040000
v 8.400001 11.829998 3.699997
v 8.400002 11.830001 5.080000
v 8.400000 12.520003 5.080000
v 8.400000 12.520001 3.699997
v 8.350000 12.480004 3.740010
v 8.350000 11.880001 3.740010
v 8.400002 11.880001 3.740010
v 8.400000 12.480000 3.740010
v 8.400000 12.480002 5.040000
v 8.350000 11.880001 5.040000
v 8.350000 12.480004 5.040000
v 8.400002 11.880001 5.040000
v 8.400002 11.139997 3.700006
v 8.400002 11.139997 5.080000
v 8.350000 11.780002 3.740010
v 8.350000 11.180000 3.740010
v 8.400002 11.180000 3.740010
v 8.400001 11.780000 3.740010
v 8.400001 11.780002 5.040000
v 8.350000 11.180000 5.040000
v 8.350000 11.780002 5.040000
v 8.400002 11.180000 5.040000
v 8.400001 15.209991 3.699997
v 8.400002 15.209994 5.080000
v 8.400000 15.899997 5.080000
v 8.400000 15.899995 3.699997
v 8.350000 15.859998 3.740010
v 8.350000 15.259995 3.740010
v 8.400002 15.259995 3.740010
v 8.400000 15.859989 3.740010
v 8.400000 15.859991 5.040000
v 8.350000 15.259995 5.040000
v 8.350000 15.859998 5.040000
v 8.400002 15.259995 5.040000
v 8.400002 14.519991 3.700006
v 8.400002 14.519991 5.080000
v 8.350000 15.159995 3.740010
v 8.350000 14.559994 3.740010
v 8.400002 14.559994 3.740010
v 8.400001 15.159993 3.740010
v 8.400001 15.159995 5.040000
v 8.350000 14.559994 5.040000
v 8.350000 15.159995 5.040000
v 8.400002 14.559994 5.040000
vt 0.176977 0.505195
vt 0.081173 0.505196
vt 0.081173 0.497212
vt 0.176976 0.497212
vt 0.073189 0.490823
vt 0.183363 0.490823
vt 0.037238 0.484593
vt 0.257586 0.484593
vt 0.251199 0.490980
vt 0.043628 0.490980
vt 0.081123 0.490795
vt 0.176927 0.490828
vt 0.176924 0.498812
vt 0.081120 0.498779
vt 0.044292 0.483629
vt 0.251864 0.483629
vt 0.251865 0.491612
vt 0.044292 0.491612
vt 0.258252 0.499596
vt 0.037903 0.499597
vt 0.183309 0.505201
vt 0.073134 0.505163
vt 0.251199 0.498964
vt 0.043628 0.498964
vt 0.175181 0.505174
vt 0.079377 0.505173
vt 0.079377 0.497190
vt 0.175180 0.497191
vt 0.251865 0.507580
vt 0.044292 0.507580
vt 0.079380 0.490811
vt 0.175184 0.490811
vt 0.175183 0.498795
vt 0.079380 0.498795
vt 0.043970 0.500992
vt 0.251541 0.500991
vt 0.251542 0.508975
vt 0.043970 0.508975
vt 0.257929 0.515363
vt 0.037583 0.515363
vt 0.072990 0.490802
vt 0.183164 0.490802
vt 0.251865 0.515563
vt 0.044292 0.515563
vt 0.183167 0.505181
vt 0.072993 0.505182
vt 0.177093 0.505284
vt 0.081289 0.505285
vt 0.081289 0.497301
vt 0.177093 0.497301
vt 0.073305 0.490912
vt 0.183479 0.490912
vt 0.038026 0.483988
vt 0.258373 0.483988
vt 0.251986 0.490375
vt 0.044415 0.490376
vt 0.080977 0.490743
vt 0.176780 0.490776
vt 0.176777 0.498760
vt 0.080974 0.498727
vt 0.044415 0.483266
vt 0.251988 0.483266
vt 0.251988 0.491250
vt 0.044415 0.491250
vt 0.258375 0.499234
vt 0.038026 0.499234
vt 0.183162 0.505149
vt 0.072988 0.505111
vt 0.251986 0.498359
vt 0.044415 0.498359
vt 0.175497 0.505327
vt 0.079692 0.505326
vt 0.079692 0.497342
vt 0.175496 0.497343
vt 0.251988 0.507218
vt 0.044415 0.507218
vt 0.079618 0.490911
vt 0.175421 0.490911
vt 0.175421 0.498895
vt 0.079618 0.498895
vt 0.043871 0.499197
vt 0.251441 0.499197
vt 0.251441 0.507180
vt 0.043871 0.507180
vt 0.257828 0.513568
vt 0.037483 0.513568
vt 0.073305 0.490955
vt 0.183479 0.490955
vt 0.251988 0.515201
vt 0.044415 0.515201
vt 0.183405 0.505282
vt 0.073230 0.505282
vt 0.176771 0.505136
vt 0.080967 0.505103
vt 0.080970 0.497119
vt 0.176773 0.497152
vt 0.072988 0.490727
vt 0.038026 0.499497
vt 0.258374 0.499497
vt 0.251987 0.505884
vt 0.044415 0.505884
vt 0.081091 0.490869
vt 0.176895 0.490869
vt 0.176895 0.498852
vt 0.081091 0.498852
vt 0.044898 0.483281
vt 0.252471 0.483280
vt 0.252471 0.491264
vt 0.044898 0.491264
vt 0.258857 0.499248
vt 0.038509 0.499248
vt 0.251987 0.513867
vt 0.044415 0.513868
vt 0.252470 0.507232
vt 0.044898 0.507232
vt 0.079475 0.490833
vt 0.175278 0.490833
vt 0.175278 0.498817
vt 0.079475 0.498817
vt 0.043715 0.483952
vt 0.251286 0.483952
vt 0.251286 0.491935
vt 0.043715 0.491936
vt 0.257673 0.498323
vt 0.037327 0.498323
vt 0.252470 0.515215
vt 0.044898 0.515215
vt 0.176773 0.505048
vt 0.080970 0.505048
vt 0.176772 0.497064
vt 0.183159 0.490675
vt 0.037081 0.484553
vt 0.257430 0.484553
vt 0.251043 0.490940
vt 0.043471 0.490940
vt 0.081214 0.490952
vt 0.177018 0.490952
vt 0.177017 0.498935
vt 0.081214 0.498935
vt 0.043971 0.483311
vt 0.251544 0.483311
vt 0.251544 0.491295
vt 0.043971 0.491294
vt 0.257931 0.499278
vt 0.037581 0.499279
vt 0.251043 0.498923
vt 0.043471 0.498924
vt 0.175376 0.505231
vt 0.079572 0.505230
vt 0.079572 0.497246
vt 0.175376 0.497247
vt 0.251543 0.507262
vt 0.043970 0.507262
vt 0.043871 0.499387
vt 0.251439 0.499386
vt 0.251439 0.507370
vt 0.043871 0.507370
vt 0.257827 0.513758
vt 0.037483 0.513758
vt 0.073185 0.490858
vt 0.183359 0.490858
vt 0.251544 0.515245
vt 0.043970 0.515245
vt 0.251043 0.491018
vt 0.043472 0.491018
vt 0.044415 0.483438
vt 0.251986 0.483439
vt 0.251986 0.491422
vt 0.044415 0.491422
vt 0.258373 0.499406
vt 0.038026 0.499406
vt 0.183315 0.505256
vt 0.073141 0.505257
vt 0.251043 0.499002
vt 0.043472 0.499002
vt 0.175381 0.505268
vt 0.079576 0.505267
vt 0.079577 0.497283
vt 0.175380 0.497284
vt 0.251986 0.507390
vt 0.044415 0.507390
vt 0.079573 0.490728
vt 0.175376 0.490728
vt 0.175376 0.498712
vt 0.079573 0.498712
vt 0.043715 0.499462
vt 0.251287 0.499461
vt 0.251287 0.507445
vt 0.043715 0.507445
vt 0.257674 0.513833
vt 0.037327 0.513833
vt 0.251986 0.515373
vt 0.044415 0.515374
vt 0.183360 0.505099
vt 0.073186 0.505099
vt 0.177066 0.505052
vt 0.081261 0.505052
vt 0.081261 0.497069
vt 0.177065 0.497068
vt 0.073278 0.490680
vt 0.183452 0.490680
vt 0.038181 0.483872
vt 0.258530 0.483871
vt 0.252143 0.490258
vt 0.044570 0.490259
vt 0.080924 0.490746
vt 0.176727 0.490746
vt 0.176727 0.498730
vt 0.080924 0.498730
vt 0.251987 0.491245
vt 0.183115 0.505117
vt 0.072941 0.505117
vt 0.252143 0.498242
vt 0.044570 0.498242
vt 0.175470 0.505061
vt 0.079665 0.505060
vt 0.079666 0.497076
vt 0.175469 0.497077
vt 0.079503 0.490894
vt 0.175305 0.490894
vt 0.175305 0.498877
vt 0.079502 0.498877
vt 0.043969 0.500571
vt 0.251540 0.500570
vt 0.251540 0.508554
vt 0.043969 0.508555
vt 0.257928 0.514942
vt 0.037581 0.514942
vt 0.176854 0.505184
vt 0.081051 0.505185
vt 0.081051 0.497201
vt 0.176853 0.497201
vt 0.073067 0.490812
vt 0.037081 0.500062
vt 0.257428 0.500062
vt 0.251041 0.506449
vt 0.043471 0.506449
vt 0.081212 0.490916
vt 0.177016 0.490915
vt 0.045052 0.483356
vt 0.252626 0.483355
vt 0.252626 0.491339
vt 0.045052 0.491339
vt 0.259013 0.499322
vt 0.038662 0.499323
vt 0.251041 0.514433
vt 0.043470 0.514433
vt 0.175327 0.505226
vt 0.079523 0.505225
vt 0.079523 0.497241
vt 0.175326 0.497243
vt 0.252626 0.507306
vt 0.045051 0.507306
vt 0.079572 0.490820
vt 0.175375 0.490821
vt 0.175375 0.498804
vt 0.079572 0.498804
vt 0.043871 0.483877
vt 0.251440 0.483877
vt 0.251440 0.491861
vt 0.043871 0.491861
vt 0.257828 0.498248
vt 0.037483 0.498248
vt 0.073136 0.490854
vt 0.183310 0.490854
vt 0.252626 0.515290
vt 0.045051 0.515290
vt 0.183359 0.505191
vt 0.073184 0.505191
vt 0.176650 0.505211
vt 0.080847 0.505212
vt 0.080847 0.497228
vt 0.176649 0.497228
vt 0.072862 0.490839
vt 0.183036 0.490839
vt 0.251048 0.506527
vt 0.043473 0.506526
vt 0.081170 0.490815
vt 0.176973 0.490815
vt 0.176973 0.498799
vt 0.081169 0.498799
vt 0.044415 0.483518
vt 0.251989 0.483518
vt 0.251989 0.491501
vt 0.044415 0.491501
vt 0.251048 0.514511
vt 0.043473 0.514510
vt 0.175664 0.505057
vt 0.079861 0.505055
vt 0.079861 0.497072
vt 0.175664 0.497073
vt 0.251989 0.507469
vt 0.044415 0.507468
vt 0.043970 0.500851
vt 0.251541 0.500851
vt 0.251541 0.508834
vt 0.043970 0.508834
vt 0.257928 0.515222
vt 0.037582 0.515222
vt 0.073474 0.490684
vt 0.183647 0.490684
vt 0.251989 0.515453
vt 0.044415 0.515452
vt 0.073259 0.505315
vt 0.176973 0.505271
vt 0.081169 0.505271
vt 0.081169 0.497287
vt 0.176972 0.497287
vt 0.037238 0.500102
vt 0.257586 0.500102
vt 0.251199 0.506489
vt 0.043627 0.506489
vt 0.176777 0.490728
vt 0.176777 0.498711
vt 0.251199 0.514472
vt 0.043627 0.514473
vt 0.081032 0.490902
vt 0.176835 0.490902
vt 0.176835 0.498886
vt 0.081032 0.498886
vt 0.043969 0.485062
vt 0.251541 0.485061
vt 0.251541 0.493044
vt 0.043969 0.493045
vt 0.257929 0.499432
vt 0.037581 0.499433
vt 0.183310 0.490814
vt 0.184818 0.505273
vt 0.074644 0.505273
vt 0.079690 0.490917
vt 0.175494 0.490917
vt 0.175494 0.498900
vt 0.079690 0.498900
vt 0.183478 0.505289
vt 0.037583 0.500857
vt 0.257931 0.500857
vt 0.251544 0.507244
vt 0.043972 0.507245
vt 0.175215 0.505121
vt 0.079411 0.505121
vt 0.079411 0.497138
vt 0.175215 0.497138
vt 0.044384 0.483244
vt 0.258338 0.499285
vt 0.251948 0.507266
vt 0.043970 0.485342
vt 0.251541 0.485341
vt 0.251541 0.493325
vt 0.043970 0.493325
vt 0.257928 0.499713
vt 0.037582 0.499713
vt 0.183310 0.505142
vt 0.073136 0.505144
vt 0.251946 0.515250
vt 0.037583 0.485483
vt 0.257930 0.485482
vt 0.251543 0.491869
vt 0.043972 0.491870
vt 0.044378 0.491349
vt 0.037989 0.499333
vt 0.251543 0.499853
vt 0.043972 0.499854
vt 0.251952 0.507316
vt 0.044378 0.507317
vt 0.176923 0.505148
vt 0.081119 0.505148
vt 0.043961 0.484084
vt 0.251532 0.484083
vt 0.251532 0.492067
vt 0.043961 0.492067
vt 0.257919 0.498455
vt 0.037574 0.498455
vt 0.251952 0.515300
vt 0.044378 0.515300
vt 0.037236 0.500024
vt 0.257584 0.500023
vt 0.251197 0.506410
vt 0.043626 0.506411
vt 0.258375 0.499287
vt 0.251197 0.514394
vt 0.043626 0.514394
vt 0.080923 0.505204
vt 0.080923 0.497220
vt 0.176727 0.497220
vt 0.043962 0.499593
vt 0.251532 0.499592
vt 0.251532 0.507576
vt 0.043962 0.507576
vt 0.257919 0.513964
vt 0.037574 0.513964
vt 0.183115 0.490833
vt 0.080852 0.490933
vt 0.176655 0.490966
vt 0.176653 0.498950
vt 0.080850 0.498917
vt 0.184635 0.505341
vt 0.074461 0.505304
vt 0.038181 0.499381
vt 0.258530 0.499380
vt 0.252143 0.505767
vt 0.044570 0.505768
vt 0.258338 0.499357
vt 0.252143 0.513751
vt 0.044570 0.513751
vt 0.043871 0.483688
vt 0.251441 0.483687
vt 0.251441 0.491671
vt 0.043871 0.491671
vt 0.257828 0.498059
vt 0.037483 0.498059
vt 0.251946 0.515323
vt 0.184758 0.505109
vt 0.074583 0.505109
vt 0.038296 0.484212
vt 0.258647 0.484212
vt 0.252260 0.490599
vt 0.044685 0.490599
vt 0.175290 0.505124
vt 0.079486 0.505124
vt 0.079486 0.497141
vt 0.175290 0.497141
vt 0.252260 0.498582
vt 0.044686 0.498582
vt 0.081021 0.490847
vt 0.081022 0.498830
vt 0.081067 0.497091
vt 0.176870 0.497123
vt 0.073085 0.490701
vt 0.183260 0.490739
vt 0.175229 0.498748
vt 0.079426 0.498748
vt 0.037238 0.484515
vt 0.257589 0.484514
vt 0.251202 0.490901
vt 0.043628 0.490901
vt 0.251202 0.498885
vt 0.043628 0.498885
vt 0.080927 0.490649
vt 0.080925 0.498633
vt 0.044684 0.499721
vt 0.252253 0.499720
vt 0.252253 0.507704
vt 0.044684 0.507704
vt 0.258641 0.514092
vt 0.038296 0.514092
vt 0.072940 0.505019
vt 0.037729 0.501418
vt 0.258083 0.501417
vt 0.251696 0.507804
vt 0.044119 0.507804
vt 0.251696 0.515788
vt 0.044119 0.515788
vt 0.082741 0.490904
vt 0.178545 0.490937
vt 0.178542 0.498921
vt 0.082739 0.498888
vt 0.044117 0.483854
vt 0.251687 0.483853
vt 0.251687 0.491837
vt 0.044117 0.491837
vt 0.258074 0.498224
vt 0.037729 0.498225
vt 0.184928 0.505310
vt 0.074754 0.505274
usemtl Exterior_Mat
s off
f 4499/5976 4500/5977 4501/5978 4502/5979
f 4495/5980 4498/5981 4502/5979 4501/5978
f 4498/5982 4497/5983 4503/5984 4502/5985
f 4504/5986 4505/5987 4503/5988 4506/5989
f 4500/5990 4504/5991 4506/5992 4501/5993
f 4496/5994 4495/5995 4501/5993 4506/5992
f 4506/5989 4503/5988 4497/5996 4496/5997
f 4502/5985 4503/5984 4505/5998 4499/5999
f 4509/6000 4510/6001 4511/6002 4512/6003
f 4495/5995 4496/5994 4513/6004 4512/6005
f 4514/6006 4515/6007 4513/6008 4516/6009
f 4510/6010 4514/6011 4516/6012 4511/6013
f 4508/6014 4507/6015 4511/6013 4516/6012
f 4507/6016 4495/6017 4512/6003 4511/6002
f 4512/6005 4513/6004 4515/6018 4509/6019
f 4516/6009 4513/6008 4496/6020 4508/6021
f 4521/6022 4522/6023 4523/6024 4524/6025
f 4517/6026 4520/6027 4524/6025 4523/6024
f 4520/6028 4519/6029 4525/6030 4524/6031
f 4526/6032 4527/6033 4525/6034 4528/6035
f 4522/6036 4526/6037 4528/6038 4523/6039
f 4518/6040 4517/6041 4523/6039 4528/6038
f 4528/6035 4525/6034 4519/6042 4518/6043
f 4524/6031 4525/6030 4527/6044 4521/6045
f 4531/6046 4532/6047 4533/6048 4534/6049
f 4517/6041 4518/6040 4535/6050 4534/6051
f 4536/6052 4537/6053 4535/6054 4538/6055
f 4532/6056 4536/6057 4538/6058 4533/6059
f 4530/6060 4529/6061 4533/6059 4538/6058
f 4529/6062 4517/6063 4534/6049 4533/6048
f 4534/6051 4535/6050 4537/6064 4531/6065
f 4538/6055 4535/6054 4518/6066 4530/6067
f 4543/6068 4544/6069 4545/6070 4546/6071
f 4539/6072 4542/6017 4546/6071 4545/6070
f 4542/6073 4541/6074 4547/6075 4546/6076
f 4548/6077 4549/6078 4547/6079 4550/6080
f 4544/6081 4548/6082 4550/6083 4545/6084
f 4540/6085 4539/6086 4545/6084 4550/6083
f 4550/6080 4547/6079 4541/5996 4540/5997
f 4546/6076 4547/6075 4549/6087 4543/6088
f 4553/6000 4554/6001 4555/6002 4556/6003
f 4539/6086 4540/6085 4557/6089 4556/6090
f 4558/6091 4559/6092 4557/6093 4560/6094
f 4554/6095 4558/6096 4560/6097 4555/6098
f 4552/6099 4551/6100 4555/6098 4560/6097
f 4551/6016 4539/6017 4556/6003 4555/6002
f 4556/6090 4557/6089 4559/6101 4553/6102
f 4560/6094 4557/6093 4540/5996 4552/5997
f 4565/6103 4566/6104 4567/6070 4568/6105
f 4561/6072 4564/6106 4568/6105 4567/6070
f 4564/6107 4563/6108 4569/6109 4568/6110
f 4570/6111 4571/6112 4569/6113 4572/6114
f 4566/6115 4570/6116 4572/6117 4567/6118
f 4562/6119 4561/6120 4567/6118 4572/6117
f 4572/6114 4569/6113 4563/6066 4562/6067
f 4568/6110 4569/6109 4571/6121 4565/6122
f 4575/6123 4576/6124 4577/6125 4578/6126
f 4561/6120 4562/6119 4579/6127 4578/6128
f 4580/6052 4581/6053 4579/6054 4582/6055
f 4576/6129 4580/6130 4582/6131 4577/6132
f 4574/6133 4573/6134 4577/6132 4582/6131
f 4573/6135 4561/6136 4578/6126 4577/6125
f 4578/6128 4579/6127 4581/6137 4575/6138
f 4582/6055 4579/6054 4562/6066 4574/6067
f 4587/5976 4588/5977 4589/5978 4590/5979
f 4583/5980 4586/5981 4590/5979 4589/5978
f 4586/6107 4585/6108 4591/6139 4590/6140
f 4592/6077 4593/6078 4591/6079 4594/6080
f 4588/6141 4592/6142 4594/6143 4589/6144
f 4584/6145 4583/6146 4589/6144 4594/6143
f 4594/6080 4591/6079 4585/6147 4584/6148
f 4590/6140 4591/6139 4593/6149 4587/6150
f 4597/6151 4598/6152 4599/6153 4600/6154
f 4583/6146 4584/6145 4601/6155 4600/6156
f 4602/6157 4603/6158 4601/6159 4604/6160
f 4598/6161 4602/6162 4604/6163 4599/6164
f 4596/6165 4595/6166 4599/6164 4604/6163
f 4595/6135 4583/6136 4600/6154 4599/6153
f 4600/6156 4601/6155 4603/6167 4597/6168
f 4604/6160 4601/6159 4584/6169 4596/6170
f 4609/6171 4610/6172 4611/6173 4612/6174
f 4605/6175 4608/6176 4612/6174 4611/6173
f 4608/6177 4607/6178 4613/6179 4612/6180
f 4614/6181 4615/6182 4613/6183 4616/6184
f 4610/6036 4614/6037 4616/6185 4611/6039
f 4606/6040 4605/6041 4611/6039 4616/6185
f 4616/6184 4613/6183 4607/6186 4606/6187
f 4612/6180 4613/6179 4615/6188 4609/6189
f 4619/6190 4620/6191 4621/6192 4622/6193
f 4605/6041 4606/6040 4623/6050 4622/6051
f 4624/6194 4625/6195 4623/6196 4626/6197
f 4620/6198 4624/6199 4626/6200 4621/6201
f 4618/6202 4617/6203 4621/6201 4626/6200
f 4617/6175 4605/6176 4622/6193 4621/6192
f 4622/6051 4623/6050 4625/6064 4619/6065
f 4626/6197 4623/6196 4606/6147 4618/6148
f 4631/6204 4632/6205 4633/6206 4634/6207
f 4627/6208 4630/6017 4634/6207 4633/6206
f 4630/6209 4629/6210 4635/6211 4634/6212
f 4636/6213 4637/6214 4635/6113 4638/6114
f 4632/6215 4636/6216 4638/6217 4633/6218
f 4628/6219 4627/6220 4633/6218 4638/6217
f 4638/6114 4635/6113 4629/6066 4628/6067
f 4634/6212 4635/6211 4637/6221 4631/6222
f 4641/6223 4642/6224 4643/6225 4644/6226
f 4627/6220 4628/6219 4645/6227 4644/6228
f 4646/6229 4647/6230 4645/6231 4648/6232
f 4642/6233 4646/6234 4648/6235 4643/6236
f 4640/6237 4639/6238 4643/6236 4648/6235
f 4639/6239 4627/6240 4644/6226 4643/6225
f 4644/6228 4645/6227 4647/6241 4641/6242
f 4648/6232 4645/6231 4628/6243 4640/6244
f 4653/6245 4654/6246 4655/6247 4656/6248
f 4649/6249 4652/6250 4656/6248 4655/6247
f 4652/6209 4651/6210 4657/6251 4656/6252
f 4658/6253 4659/6254 4657/6255 4660/6256
f 4654/6257 4658/6258 4660/6259 4655/6260
f 4650/6074 4649/6073 4655/6260 4660/6259
f 4660/6256 4657/6255 4651/6243 4650/6244
f 4656/6252 4657/6251 4659/6261 4653/6262
f 4663/6263 4664/6264 4665/6265 4666/6266
f 4649/6073 4650/6074 4667/6267 4666/6268
f 4668/6052 4669/6053 4667/6054 4670/6055
f 4664/6269 4668/6270 4670/6271 4665/6272
f 4662/6273 4661/6274 4665/6272 4670/6271
f 4661/6275 4649/6276 4666/6266 4665/6265
f 4666/6268 4667/6267 4669/6277 4663/6278
f 4670/6055 4667/6054 4650/6066 4662/6279
f 4675/6280 4676/6281 4677/6282 4678/6283
f 4671/6135 4674/6136 4678/6283 4677/6282
f 4674/6284 4673/6285 4679/6286 4678/6287
f 4680/6032 4681/6288 4679/6289 4682/6035
f 4676/5990 4680/5991 4682/5992 4677/5993
f 4672/5994 4671/5995 4677/5993 4682/5992
f 4682/6035 4679/6289 4673/6042 4672/6043
f 4678/6287 4679/6286 4681/6290 4675/6291
f 4685/6223 4686/6224 4687/6225 4688/6226
f 4671/5995 4672/5994 4689/6004 4688/6005
f 4690/6292 4691/6293 4689/6294 4692/6295
f 4686/6296 4690/6297 4692/6298 4687/6299
f 4684/6300 4683/6301 4687/6299 4692/6298
f 4683/6208 4671/6302 4688/6226 4687/6225
f 4688/6005 4689/6004 4691/6018 4685/6019
f 4692/6295 4689/6294 4672/6303 4684/6304
f 4697/6305 4698/6306 4699/6307 4700/6308
f 4693/6309 4696/6279 4700/6308 4699/6307
f 4696/6310 4695/6311 4701/6312 4700/6313
f 4702/6314 4703/6315 4701/6316 4704/6317
f 4698/6318 4702/6037 4704/6038 4699/6039
f 4694/6319 4693/6041 4699/6039 4704/6038
f 4704/6317 4701/6316 4695/6016 4694/6017
f 4700/6313 4701/6312 4703/6137 4697/6138
f 4707/5986 4708/5987 4709/5988 4710/5989
f 4693/6041 4694/6319 4711/6320 4710/6051
f 4712/6204 4713/6205 4711/6206 4714/6207
f 4708/6321 4712/6322 4714/6323 4709/6324
f 4706/6325 4705/6326 4709/6324 4714/6323
f 4705/6327 4693/6328 4710/5989 4709/5988
f 4710/6051 4711/6320 4713/6329 4707/6065
f 4714/6207 4711/6206 4694/6208 4706/6302
f 4719/6091 4720/6092 4721/6093 4722/6094
f 4715/5996 4718/6244 4722/6094 4721/6093
f 4718/6330 4717/6331 4723/6332 4722/6333
f 4724/6223 4725/6224 4723/6225 4726/6226
f 4720/6141 4724/6142 4726/6038 4721/6334
f 4716/6319 4715/6335 4721/6334 4726/6038
f 4726/6226 4723/6225 4717/6208 4716/6302
f 4722/6333 4723/6332 4725/6336 4719/6337
f 4729/6213 4730/6214 4731/6113 4732/6114
f 4715/6335 4716/6319 4733/6338 4732/6339
f 4734/6340 4735/6341 4733/6206 4736/6207
f 4730/6342 4734/6343 4736/6344 4731/6345
f 4728/6346 4727/6347 4731/6345 4736/6344
f 4727/6243 4715/6244 4732/6114 4731/6113
f 4732/6339 4733/6338 4735/6348 4729/6349
f 4736/6207 4733/6206 4716/6208 4728/6302
f 4741/6091 4742/6092 4743/6093 4744/6094
f 4737/5996 4740/6328 4744/6094 4743/6093
f 4740/6350 4739/6351 4745/6352 4744/6353
f 4746/6190 4747/6191 4745/6192 4748/6193
f 4742/6036 4746/6037 4748/6038 4743/6334
f 4738/6354 4737/6335 4743/6334 4748/6038
f 4748/6193 4745/6192 4739/6175 4738/6176
f 4744/6353 4745/6352 4747/6355 4741/6356
f 4751/6213 4752/6214 4753/6255 4754/6256
f 4737/6335 4738/6354 4755/6338 4754/6339
f 4756/6245 4757/6357 4755/6358 4758/6359
f 4752/6360 4756/6361 4758/6362 4753/6363
f 4750/6364 4749/6365 4753/6363 4758/6362
f 4749/6243 4737/6244 4754/6256 4753/6255
f 4754/6339 4755/6338 4757/6348 4751/6349
f 4758/6359 4755/6358 4738/6249 4750/6366
f 4763/6367 4764/6368 4765/6369 4766/6370
f 4759/6371 4762/6372 4766/6370 4765/6369
f 4762/6373 4761/6374 4767/6375 4766/6376
f 4768/6314 4769/6315 4767/6002 4770/6003
f 4764/6036 4768/6142 4770/6143 4765/6334
f 4760/6377 4759/6335 4765/6334 4770/6143
f 4770/6003 4767/6002 4761/6016 4760/6017
f 4766/6376 4767/6375 4769/6378 4763/6379
f 4773/6032 4774/6288 4775/6289 4776/6035
f 4759/6335 4760/6377 4777/6320 4776/6339
f 4778/6022 4779/6023 4777/6024 4780/6025
f 4774/6380 4778/6381 4780/6382 4775/6383
f 4772/6384 4771/6385 4775/6383 4780/6382
f 4771/6042 4759/6043 4776/6035 4775/6289
f 4776/6339 4777/6320 4779/6386 4773/6349
f 4780/6025 4777/6024 4760/6026 4772/6027
f 4785/6032 4786/6288 4787/6289 4788/6035
f 4781/6387 4784/6388 4788/6035 4787/6289
f 4784/6389 4783/6390 4789/6391 4788/6392
f 4790/6393 4791/6394 4789/6395 4792/6396
f 4786/6141 4790/6142 4792/6143 4787/6144
f 4782/6145 4781/6146 4787/6144 4792/6143
f 4792/6396 4789/6395 4783/6208 4782/6302
f 4788/6392 4789/6391 4791/6397 4785/6398
f 4795/6399 4796/6033 4797/6034 4798/6400
f 4781/6146 4782/6145 4799/6338 4798/6156
f 4800/6340 4801/6341 4799/6401 4802/6402
f 4796/6321 4800/6322 4802/6323 4797/6324
f 4794/6325 4793/6326 4797/6324 4802/6323
f 4793/6020 4781/6021 4798/6400 4797/6034
f 4798/6156 4799/6338 4801/6348 4795/6349
f 4802/6402 4799/6401 4782/6403 4794/6404
f 4807/6006 4808/6007 4809/6405 4810/6406
f 4803/6042 4806/6043 4810/6406 4809/6405
f 4806/6407 4805/6408 4811/6409 4810/6410
f 4812/6314 4813/6315 4811/6002 4814/6003
f 4808/6141 4812/6142 4814/6143 4809/6144
f 4804/6145 4803/6146 4809/6144 4814/6143
f 4814/6003 4811/6002 4805/6016 4804/6017
f 4810/6410 4811/6409 4813/6411 4807/6412
f 4817/6413 4818/6182 4819/6183 4820/6414
f 4803/6146 4804/6145 4821/6338 4820/6339
f 4822/6204 4823/6205 4821/6206 4824/6207
f 4818/6415 4822/6416 4824/6417 4819/6418
f 4816/6419 4815/6420 4819/6418 4824/6417
f 4815/6186 4803/6421 4820/6414 4819/6183
f 4820/6339 4821/6338 4823/6348 4817/6349
f 4824/6207 4821/6206 4804/6208 4816/6302
f 4829/6229 4830/6230 4831/6231 4832/6232
f 4825/6243 4828/6244 4832/6232 4831/6231
f 4828/6422 4827/6423 4833/6424 4832/6425
f 4834/6263 4835/6264 4833/6265 4836/6266
f 4830/6036 4834/6037 4836/6038 4831/6334
f 4826/6354 4825/6335 4831/6334 4836/6038
f 4836/6266 4833/6265 4827/6275 4826/6276
f 4832/6425 4833/6424 4835/6426 4829/6427
f 4839/6428 4840/6429 4841/6430 4842/6431
f 4825/6335 4826/6354 4843/6338 4842/6339
f 4844/6245 4845/6357 4843/6358 4846/6359
f 4840/6432 4844/6433 4846/6434 4841/6435
f 4838/6436 4837/6437 4841/6435 4846/6434
f 4837/6438 4825/6439 4842/6431 4841/6430
f 4842/6339 4843/6338 4845/6348 4839/6349
f 4846/6359 4843/6358 4826/6249 4838/6366
o Storey02_Windows
v 0.150003 0.949998 3.740000
v 0.150002 1.550000 3.740000
v 0.150002 1.509998 3.779999
v 0.150003 0.989998 3.779999
v 0.116699 0.989999 3.779999
v 0.116698 1.509999 3.779999
v 0.116698 1.550001 3.740000
v 0.116699 0.949998 3.740000
v 0.120697 0.994999 4.995000
v 0.120697 0.994999 3.785000
v 0.116699 0.989999 5.000004
v 0.150002 1.550000 5.040004
v 0.150002 1.509998 5.000004
v 0.116699 0.949998 5.040004
v 0.116698 1.550001 5.040004
v 0.116698 1.509999 5.000004
v 0.146000 1.505000 3.785000
v 0.146000 0.994998 3.785000
v 0.150003 0.989998 5.000004
v 0.150003 0.949998 5.040004
v 0.120697 1.505000 3.785000
v 0.120697 1.505000 4.995000
v 0.146000 0.994998 4.995000
v 0.146000 1.505000 4.995000
v 0.150003 1.649999 3.740000
v 0.150002 2.250000 3.740000
v 0.150002 2.209999 3.779999
v 0.150003 1.689999 3.779999
v 0.116699 1.690001 3.779999
v 0.116698 2.210001 3.779999
v 0.116698 2.250001 3.740000
v 0.116699 1.649999 3.740000
v 0.120697 1.695000 4.995000
v 0.120697 1.695000 3.785000
v 0.116699 1.690001 5.000004
v 0.150002 2.250000 5.040004
v 0.150002 2.209999 5.000004
v 0.116699 1.649999 5.040004
v 0.116698 2.250001 5.040004
v 0.116698 2.210001 5.000004
v 0.146000 2.205000 3.785000
v 0.146000 1.694999 3.785000
v 0.150003 1.689999 5.000004
v 0.150003 1.649999 5.040004
v 0.120697 2.205000 3.785000
v 0.120697 2.205000 4.995000
v 0.146000 1.694999 4.995000
v 0.146000 2.205000 4.995000
v 0.150003 3.150001 3.740000
v 0.150002 3.750000 3.740000
v 0.150002 3.710000 3.779999
v 0.150003 3.190001 3.779999
v 0.116699 3.190001 3.779999
v 0.116698 3.710001 3.779999
v 0.116698 3.750001 3.740000
v 0.116699 3.150001 3.740000
v 0.120697 3.195001 4.995000
v 0.120697 3.195001 3.785000
v 0.116699 3.190001 5.000004
v 0.150002 3.750000 5.040004
v 0.150002 3.710000 5.000004
v 0.116699 3.150001 5.040004
v 0.116698 3.750001 5.040004
v 0.116698 3.710001 5.000004
v 0.146000 3.705000 3.785000
v 0.146000 3.195000 3.785000
v 0.150003 3.190001 5.000004
v 0.150003 3.150001 5.040004
v 0.120697 3.705000 3.785000
v 0.120697 3.705000 4.995000
v 0.146000 3.195000 4.995000
v 0.146000 3.705000 4.995000
v 0.150003 3.849999 3.740000
v 0.150002 4.450000 3.740000
v 0.150002 4.409998 3.779999
v 0.150003 3.889999 3.779999
v 0.116699 3.890001 3.779999
v 0.116698 4.409999 3.779999
v 0.116698 4.450001 3.740000
v 0.116699 3.849999 3.740000
v 0.120697 3.895000 4.995000
v 0.120697 3.895000 3.785000
v 0.116699 3.890001 5.000004
v 0.150002 4.450000 5.040004
v 0.150002 4.409998 5.000004
v 0.116699 3.849999 5.040004
v 0.116698 4.450001 5.040004
v 0.116698 4.409999 5.000004
v 0.146000 4.405001 3.785000
v 0.146000 3.895000 3.785000
v 0.150003 3.889999 5.000004
v 0.150003 3.849999 5.040004
v 0.120697 4.405001 3.785000
v 0.120697 4.405001 4.995000
v 0.146000 3.895000 4.995000
v 0.146000 4.405001 4.995000
v 0.150003 5.350000 3.740000
v 0.150002 5.950001 3.740000
v 0.150002 5.909999 3.779999
v 0.150003 5.390000 3.779999
v 0.116699 5.390001 3.779999
v 0.116698 5.910000 3.779999
v 0.116698 5.950003 3.740000
v 0.116699 5.350000 3.740000
v 0.120697 5.395001 4.995000
v 0.120697 5.395001 3.785000
v 0.116699 5.390001 5.000004
v 0.150002 5.950001 5.040004
v 0.150002 5.909999 5.000004
v 0.116699 5.350000 5.040004
v 0.116698 5.950003 5.040004
v 0.116698 5.910000 5.000004
v 0.146000 5.905002 3.785000
v 0.146000 5.395000 3.785000
v 0.150003 5.390000 5.000004
v 0.150003 5.350000 5.040004
v 0.120697 5.905002 3.785000
v 0.120697 5.905002 4.995000
v 0.146000 5.395000 4.995000
v 0.146000 5.905002 4.995000
v 0.150003 6.050000 3.740000
v 0.150002 6.650001 3.740000
v 0.150002 6.609999 3.779999
v 0.150003 6.090000 3.779999
v 0.116699 6.090001 3.779999
v 0.116698 6.610000 3.779999
v 0.116698 6.650002 3.740000
v 0.116699 6.050000 3.740000
v 0.120697 6.095000 4.995000
v 0.120697 6.095000 3.785000
v 0.116699 6.090001 5.000004
v 0.150002 6.650001 5.040004
v 0.150002 6.609999 5.000004
v 0.116699 6.050000 5.040004
v 0.116698 6.650002 5.040004
v 0.116698 6.610000 5.000004
v 0.146000 6.605000 3.785000
v 0.146000 6.094999 3.785000
v 0.150003 6.090000 5.000004
v 0.150003 6.050000 5.040004
v 0.120697 6.605000 3.785000
v 0.120697 6.605000 4.995000
v 0.146000 6.094999 4.995000
v 0.146000 6.605000 4.995000
v 8.383303 1.039999 3.740000
v 8.383301 1.640001 3.740000
v 8.383301 1.599999 3.779999
v 8.383303 1.079999 3.779999
v 8.349998 1.080000 3.779999
v 8.349997 1.599999 3.779999
v 8.349997 1.640002 3.740000
v 8.349998 1.039999 3.740000
v 8.353996 1.085001 4.995000
v 8.353996 1.085001 3.785000
v 8.349998 1.080000 5.000004
v 8.383301 1.640001 5.040004
v 8.383301 1.599999 5.000004
v 8.349998 1.039999 5.040004
v 8.349997 1.640002 5.040004
v 8.349997 1.599999 5.000004
v 8.379299 1.595001 3.785000
v 8.379299 1.085000 3.785000
v 8.383303 1.079999 5.000004
v 8.383303 1.039999 5.040004
v 8.353996 1.595001 3.785000
v 8.353996 1.595001 4.995000
v 8.379299 1.085000 4.995000
v 8.379299 1.595001 4.995000
v 8.383303 1.739999 3.740000
v 8.383301 2.340001 3.740000
v 8.383301 2.299999 3.779999
v 8.383303 1.779999 3.779999
v 8.349998 1.780000 3.779999
v 8.349997 2.300000 3.779999
v 8.349997 2.340002 3.740000
v 8.349998 1.739999 3.740000
v 8.353996 1.785000 4.995000
v 8.353996 1.785000 3.785000
v 8.349998 1.780000 5.000004
v 8.383301 2.340001 5.040004
v 8.383301 2.299999 5.000004
v 8.349998 1.739999 5.040004
v 8.349997 2.340002 5.040004
v 8.349997 2.300000 5.000004
v 8.379299 2.295001 3.785000
v 8.379299 1.784999 3.785000
v 8.383303 1.779999 5.000004
v 8.383303 1.739999 5.040004
v 8.353996 2.295001 3.785000
v 8.353996 2.295001 4.995000
v 8.379299 1.784999 4.995000
v 8.379299 2.295001 4.995000
v 0.150003 8.150001 3.740000
v 0.150002 8.750002 3.740000
v 0.150002 8.709999 3.779999
v 0.150003 8.190001 3.779999
v 0.116699 8.190001 3.779999
v 0.116698 8.710001 3.779999
v 0.116698 8.750003 3.740000
v 0.116699 8.150001 3.740000
v 0.120697 8.195002 4.995000
v 0.120697 8.195002 3.785000
v 0.116699 8.190001 5.000004
v 0.150002 8.750002 5.040004
v 0.150002 8.709999 5.000004
v 0.116699 8.150001 5.040004
v 0.116698 8.750003 5.040004
v 0.116698 8.710001 5.000004
v 0.146000 8.705002 3.785000
v 0.146000 8.195001 3.785000
v 0.150003 8.190001 5.000004
v 0.150003 8.150001 5.040004
v 0.120697 8.705002 3.785000
v 0.120697 8.705002 4.995000
v 0.146000 8.195001 4.995000
v 0.146000 8.705002 4.995000
v 0.150003 8.850000 3.740000
v 0.150002 9.450001 3.740000
v 0.150002 9.409998 3.779999
v 0.150003 8.889999 3.779999
v 0.116699 8.890001 3.779999
v 0.116698 9.410000 3.779999
v 0.116698 9.450001 3.740000
v 0.116699 8.850000 3.740000
v 0.120697 8.895000 4.995000
v 0.120697 8.895000 3.785000
v 0.116699 8.890001 5.000004
v 0.150002 9.450001 5.040004
v 0.150002 9.409998 5.000004
v 0.116699 8.850000 5.040004
v 0.116698 9.450001 5.040004
v 0.116698 9.410000 5.000004
v 0.146000 9.405001 3.785000
v 0.146000 8.895000 3.785000
v 0.150003 8.889999 5.000004
v 0.150003 8.850000 5.040004
v 0.120697 9.405001 3.785000
v 0.120697 9.405001 4.995000
v 0.146000 8.895000 4.995000
v 0.146000 9.405001 4.995000
v 0.150003 10.349993 3.740000
v 0.150002 10.949994 3.740000
v 0.150002 10.909991 3.779999
v 0.150003 10.389993 3.779999
v 0.116699 10.389994 3.779999
v 0.116698 10.909993 3.779999
v 0.116698 10.949995 3.740000
v 0.116699 10.349993 3.740000
v 0.120697 10.394994 4.995000
v 0.120697 10.394994 3.785000
v 0.116699 10.389994 5.000004
v 0.150002 10.949994 5.040004
v 0.150002 10.909991 5.000004
v 0.116699 10.349993 5.040004
v 0.116698 10.949995 5.040004
v 0.116698 10.909993 5.000004
v 0.146000 10.904994 3.785000
v 0.146000 10.394993 3.785000
v 0.150003 10.389993 5.000004
v 0.150003 10.349993 5.040004
v 0.120697 10.904994 3.785000
v 0.120697 10.904994 4.995000
v 0.146000 10.394993 4.995000
v 0.146000 10.904994 4.995000
v 0.150003 11.049993 3.740000
v 0.150002 11.649993 3.740000
v 0.150002 11.609990 3.779999
v 0.150003 11.089992 3.779999
v 0.116699 11.089993 3.779999
v 0.116698 11.609992 3.779999
v 0.116698 11.649993 3.740000
v 0.116699 11.049993 3.740000
v 0.120697 11.094993 4.995000
v 0.120697 11.094993 3.785000
v 0.116699 11.089993 5.000004
v 0.150002 11.649993 5.040004
v 0.150002 11.609990 5.000004
v 0.116699 11.049993 5.040004
v 0.116698 11.649993 5.040004
v 0.116698 11.609992 5.000004
v 0.146000 11.604993 3.785000
v 0.146000 11.094992 3.785000
v 0.150003 11.089992 5.000004
v 0.150003 11.049993 5.040004
v 0.120697 11.604993 3.785000
v 0.120697 11.604993 4.995000
v 0.146000 11.094992 4.995000
v 0.146000 11.604993 4.995000
v 0.150003 13.149992 3.740000
v 0.150002 13.749993 3.740000
v 0.150002 13.709991 3.779999
v 0.150003 13.189992 3.779999
v 0.116699 13.189993 3.779999
v 0.116698 13.709992 3.779999
v 0.116698 13.749994 3.740000
v 0.116699 13.149992 3.740000
v 0.120697 13.194993 4.995000
v 0.120697 13.194993 3.785000
v 0.116699 13.189993 5.000004
v 0.150002 13.749993 5.040004
v 0.150002 13.709991 5.000004
v 0.116699 13.149992 5.040004
v 0.116698 13.749994 5.040004
v 0.116698 13.709992 5.000004
v 0.146000 13.704993 3.785000
v 0.146000 13.194992 3.785000
v 0.150003 13.189992 5.000004
v 0.150003 13.149992 5.040004
v 0.120697 13.704993 3.785000
v 0.120697 13.704993 4.995000
v 0.146000 13.194992 4.995000
v 0.146000 13.704993 4.995000
v 0.150003 13.849992 3.740000
v 0.150002 14.449992 3.740000
v 0.150002 14.409989 3.779999
v 0.150003 13.889991 3.779999
v 0.116699 13.889993 3.779999
v 0.116698 14.409991 3.779999
v 0.116698 14.449992 3.740000
v 0.116699 13.849992 3.740000
v 0.120697 13.894992 4.995000
v 0.120697 13.894992 3.785000
v 0.116699 13.889993 5.000004
v 0.150002 14.449992 5.040004
v 0.150002 14.409989 5.000004
v 0.116699 13.849992 5.040004
v 0.116698 14.449992 5.040004
v 0.116698 14.409991 5.000004
v 0.146000 14.404992 3.785000
v 0.146000 13.894991 3.785000
v 0.150003 13.889991 5.000004
v 0.150003 13.849992 5.040004
v 0.120697 14.404992 3.785000
v 0.120697 14.404992 4.995000
v 0.146000 13.894991 4.995000
v 0.146000 14.404992 4.995000
v 0.150003 15.349993 3.740000
v 0.150002 15.949994 3.740000
v 0.150002 15.909991 3.779999
v 0.150003 15.389993 3.779999
v 0.116699 15.389994 3.779999
v 0.116698 15.909993 3.779999
v 0.116698 15.949995 3.740000
v 0.116699 15.349993 3.740000
v 0.120697 15.394994 4.995000
v 0.120697 15.394994 3.785000
v 0.116699 15.389994 5.000004
v 0.150002 15.949994 5.040004
v 0.150002 15.909991 5.000004
v 0.116699 15.349993 5.040004
v 0.116698 15.949995 5.040004
v 0.116698 15.909993 5.000004
v 0.146000 15.904994 3.785000
v 0.146000 15.394993 3.785000
v 0.150003 15.389993 5.000004
v 0.150003 15.349993 5.040004
v 0.120697 15.904994 3.785000
v 0.120697 15.904994 4.995000
v 0.146000 15.394993 4.995000
v 0.146000 15.904994 4.995000
v 0.150003 16.049992 3.740000
v 0.150002 16.649994 3.740000
v 0.150002 16.609989 3.779999
v 0.150003 16.089993 3.779999
v 0.116699 16.089993 3.779999
v 0.116698 16.609993 3.779999
v 0.116698 16.649994 3.740000
v 0.116699 16.049992 3.740000
v 0.120697 16.094994 4.995000
v 0.120697 16.094994 3.785000
v 0.116699 16.089993 5.000004
v 0.150002 16.649994 5.040004
v 0.150002 16.609989 5.000004
v 0.116699 16.049992 5.040004
v 0.116698 16.649994 5.040004
v 0.116698 16.609993 5.000004
v 0.146000 16.604992 3.785000
v 0.146000 16.094992 3.785000
v 0.150003 16.089993 5.000004
v 0.150003 16.049992 5.040004
v 0.120697 16.604992 3.785000
v 0.120697 16.604992 4.995000
v 0.146000 16.094992 4.995000
v 0.146000 16.604992 4.995000
v 0.150003 17.549988 3.740000
v 0.150002 18.149990 3.740000
v 0.150002 18.109987 3.779999
v 0.150003 17.589989 3.779999
v 0.116699 17.589989 3.779999
v 0.116698 18.109989 3.779999
v 0.116698 18.149990 3.740000
v 0.116699 17.549988 3.740000
v 0.120697 17.594990 4.995000
v 0.120697 17.594990 3.785000
v 0.116699 17.589989 5.000004
v 0.150002 18.149990 5.040004
v 0.150002 18.109987 5.000004
v 0.116699 17.549988 5.040004
v 0.116698 18.149990 5.040004
v 0.116698 18.109989 5.000004
v 0.146000 18.104990 3.785000
v 0.146000 17.594990 3.785000
v 0.150003 17.589989 5.000004
v 0.150003 17.549988 5.040004
v 0.120697 18.104990 3.785000
v 0.120697 18.104990 4.995000
v 0.146000 17.594990 4.995000
v 0.146000 18.104990 4.995000
v 0.150003 18.249989 3.740000
v 0.150002 18.849991 3.740000
v 0.150002 18.809986 3.779999
v 0.150003 18.289989 3.779999
v 0.116699 18.289989 3.779999
v 0.116698 18.809990 3.779999
v 0.116698 18.849991 3.740000
v 0.116699 18.249989 3.740000
v 0.120697 18.294991 4.995000
v 0.120697 18.294991 3.785000
v 0.116699 18.289989 5.000004
v 0.150002 18.849991 5.040004
v 0.150002 18.809986 5.000004
v 0.116699 18.249989 5.040004
v 0.116698 18.849991 5.040004
v 0.116698 18.809990 5.000004
v 0.146000 18.804989 3.785000
v 0.146000 18.294987 3.785000
v 0.150003 18.289989 5.000004
v 0.150003 18.249989 5.040004
v 0.120697 18.804989 3.785000
v 0.120697 18.804989 4.995000
v 0.146000 18.294987 4.995000
v 0.146000 18.804989 4.995000
v 2.139991 19.683306 3.740000
v 1.539989 19.683306 3.740000
v 1.579992 19.683306 3.779999
v 2.099990 19.683306 3.779999
v 2.099990 19.650002 3.779999
v 1.579990 19.650002 3.779999
v 1.539989 19.650002 3.740000
v 2.139991 19.650002 3.740000
v 2.094989 19.654001 4.995000
v 2.094989 19.654001 3.785000
v 2.099990 19.650002 5.000004
v 1.539989 19.683306 5.040004
v 1.579992 19.683306 5.000004
v 2.139991 19.650002 5.040004
v 1.539989 19.650002 5.040004
v 1.579990 19.650002 5.000004
v 1.584989 19.679302 3.785000
v 2.094989 19.679304 3.785000
v 2.099990 19.683306 5.000004
v 2.139991 19.683306 5.040004
v 1.584989 19.653999 3.785000
v 1.584989 19.653999 4.995000
v 2.094989 19.679304 4.995000
v 1.584989 19.679302 4.995000
v 1.439990 19.683306 3.740000
v 0.839988 19.683304 3.740000
v 0.879993 19.683304 3.779999
v 1.399989 19.683306 3.779999
v 1.399989 19.650002 3.779999
v 0.879989 19.650002 3.779999
v 0.839988 19.650002 3.740000
v 1.439990 19.650002 3.740000
v 1.394988 19.653999 4.995000
v 1.394988 19.653999 3.785000
v 1.399989 19.650002 5.000004
v 0.839988 19.683304 5.040004
v 0.879993 19.683304 5.000004
v 1.439990 19.650002 5.040004
v 0.839988 19.650002 5.040004
v 0.879989 19.650002 5.000004
v 0.884990 19.679302 3.785000
v 1.394992 19.679302 3.785000
v 1.399989 19.683306 5.000004
v 1.439990 19.683306 5.040004
v 0.884990 19.653999 3.785000
v 0.884990 19.653999 4.995000
v 1.394992 19.679302 4.995000
v 0.884990 19.679302 4.995000
v 2.139991 0.150002 3.740000
v 1.539989 0.150002 3.740000
v 1.579992 0.150002 3.779999
v 2.099990 0.150002 3.779999
v 2.099990 0.116698 3.779999
v 1.579990 0.116698 3.779999
v 1.539989 0.116698 3.740000
v 2.139991 0.116698 3.740000
v 2.094989 0.120697 4.995000
v 2.094989 0.120697 3.785000
v 2.099990 0.116698 5.000004
v 1.539989 0.150002 5.040004
v 1.579992 0.150002 5.000004
v 2.139991 0.116698 5.040004
v 1.539989 0.116698 5.040004
v 1.579990 0.116698 5.000004
v 1.584989 0.145998 3.785000
v 2.094989 0.146000 3.785000
v 2.099990 0.150002 5.000004
v 2.139991 0.150002 5.040004
v 1.584989 0.120695 3.785000
v 1.584989 0.120695 4.995000
v 2.094989 0.146000 4.995000
v 1.584989 0.145998 4.995000
v 1.439990 0.150002 3.740000
v 0.839988 0.150000 3.740000
v 0.879993 0.150000 3.779999
v 1.399989 0.150002 3.779999
v 1.399989 0.116698 3.779999
v 0.879989 0.116698 3.779999
v 0.839988 0.116698 3.740000
v 1.439990 0.116698 3.740000
v 1.394988 0.120695 4.995000
v 1.394988 0.120695 3.785000
v 1.399989 0.116698 5.000004
v 0.839988 0.150000 5.040004
v 0.879993 0.150000 5.000004
v 1.439990 0.116698 5.040004
v 0.839988 0.116698 5.040004
v 0.879989 0.116698 5.000004
v 0.884990 0.145998 3.785000
v 1.394992 0.145998 3.785000
v 1.399989 0.150002 5.000004
v 1.439990 0.150002 5.040004
v 0.884990 0.120695 3.785000
v 0.884990 0.120695 4.995000
v 1.394992 0.145998 4.995000
v 0.884990 0.145998 4.995000
v 7.949992 0.150002 3.740000
v 7.349989 0.150002 3.740000
v 7.389992 0.150002 3.779999
v 7.909991 0.150002 3.779999
v 7.909991 0.116698 3.779999
v 7.389990 0.116698 3.779999
v 7.349989 0.116698 3.740000
v 7.949992 0.116698 3.740000
v 7.904990 0.120697 4.995000
v 7.904990 0.120697 3.785000
v 7.909991 0.116698 5.000004
v 7.349989 0.150002 5.040004
v 7.389992 0.150002 5.000004
v 7.949992 0.116698 5.040004
v 7.349989 0.116698 5.040004
v 7.389990 0.116698 5.000004
v 7.394989 0.145998 3.785000
v 7.904990 0.146000 3.785000
v 7.909991 0.150002 5.000004
v 7.949992 0.150002 5.040004
v 7.394989 0.120695 3.785000
v 7.394989 0.120695 4.995000
v 7.904990 0.146000 4.995000
v 7.394989 0.145998 4.995000
v 7.249991 0.150002 3.740000
v 6.649989 0.150000 3.740000
v 6.689993 0.150000 3.779999
v 7.209990 0.150002 3.779999
v 7.209990 0.116698 3.779999
v 6.689990 0.116698 3.779999
v 6.649989 0.116698 3.740000
v 7.249991 0.116698 3.740000
v 7.204989 0.120695 4.995000
v 7.204989 0.120695 3.785000
v 7.209990 0.116698 5.000004
v 6.649989 0.150000 5.040004
v 6.689993 0.150000 5.000004
v 7.249991 0.116698 5.040004
v 6.649989 0.116698 5.040004
v 6.689990 0.116698 5.000004
v 6.694991 0.145998 3.785000
v 7.204993 0.145998 3.785000
v 7.209990 0.150002 5.000004
v 7.249991 0.150002 5.040004
v 6.694991 0.120695 3.785000
v 6.694991 0.120695 4.995000
v 7.204993 0.145998 4.995000
v 6.694991 0.145998 4.995000
v 8.383303 4.420000 3.740000
v 8.383301 5.020001 3.740000
v 8.383301 4.980000 3.779999
v 8.383303 4.460000 3.779999
v 8.349998 4.460001 3.779999
v 8.349997 4.980000 3.779999
v 8.349997 5.020002 3.740000
v 8.349998 4.420000 3.740000
v 8.353996 4.465001 4.995000
v 8.353996 4.465001 3.785000
v 8.349998 4.460001 5.000004
v 8.383301 5.020001 5.040004
v 8.383301 4.980000 5.000004
v 8.349998 4.420000 5.040004
v 8.349997 5.020002 5.040004
v 8.349997 4.980000 5.000004
v 8.379299 4.975001 3.785000
v 8.379299 4.465000 3.785000
v 8.383303 4.460000 5.000004
v 8.383303 4.420000 5.040004
v 8.353996 4.975001 3.785000
v 8.353996 4.975001 4.995000
v 8.379299 4.465000 4.995000
v 8.379299 4.975001 4.995000
v 8.383303 5.120000 3.740000
v 8.383301 5.720001 3.740000
v 8.383301 5.679999 3.779999
v 8.383303 5.160000 3.779999
v 8.349998 5.160001 3.779999
v 8.349997 5.680000 3.779999
v 8.349997 5.720002 3.740000
v 8.349998 5.120000 3.740000
v 8.353996 5.165001 4.995000
v 8.353996 5.165001 3.785000
v 8.349998 5.160001 5.000004
v 8.383301 5.720001 5.040004
v 8.383301 5.679999 5.000004
v 8.349998 5.120000 5.040004
v 8.349997 5.720002 5.040004
v 8.349997 5.680000 5.000004
v 8.379299 5.675001 3.785000
v 8.379299 5.165000 3.785000
v 8.383303 5.160000 5.000004
v 8.383303 5.120000 5.040004
v 8.353996 5.675001 3.785000
v 8.353996 5.675001 4.995000
v 8.379299 5.165000 4.995000
v 8.379299 5.675001 4.995000
v 8.383303 7.770000 3.740000
v 8.383301 8.370001 3.740000
v 8.383301 8.330000 3.779999
v 8.383303 7.810000 3.779999
v 8.349998 7.810001 3.779999
v 8.349997 8.330000 3.779999
v 8.349997 8.370003 3.740000
v 8.349998 7.770000 3.740000
v 8.353996 7.815001 4.995000
v 8.353996 7.815001 3.785000
v 8.349998 7.810001 5.000004
v 8.383301 8.370001 5.040004
v 8.383301 8.330000 5.000004
v 8.349998 7.770000 5.040004
v 8.349997 8.370003 5.040004
v 8.349997 8.330000 5.000004
v 8.379299 8.325001 3.785000
v 8.379299 7.815000 3.785000
v 8.383303 7.810000 5.000004
v 8.383303 7.770000 5.040004
v 8.353996 8.325001 3.785000
v 8.353996 8.325001 4.995000
v 8.379299 7.815000 4.995000
v 8.379299 8.325001 4.995000
v 8.383303 8.469999 3.740000
v 8.383301 9.070002 3.740000
v 8.383301 9.029999 3.779999
v 8.383303 8.510000 3.779999
v 8.349998 8.510000 3.779999
v 8.349997 9.030001 3.779999
v 8.349997 9.070002 3.740000
v 8.349998 8.469999 3.740000
v 8.353996 8.515001 4.995000
v 8.353996 8.515001 3.785000
v 8.349998 8.510000 5.000004
v 8.383301 9.070002 5.040004
v 8.383301 9.029999 5.000004
v 8.349998 8.469999 5.040004
v 8.349997 9.070002 5.040004
v 8.349997 9.030001 5.000004
v 8.379299 9.025002 3.785000
v 8.379299 8.514999 3.785000
v 8.383303 8.510000 5.000004
v 8.383303 8.469999 5.040004
v 8.353996 9.025002 3.785000
v 8.353996 9.025002 4.995000
v 8.379299 8.514999 4.995000
v 8.379299 9.025002 4.995000
v 8.383303 11.179998 3.740000
v 8.383301 11.779999 3.740000
v 8.383301 11.739998 3.779999
v 8.383303 11.219997 3.779999
v 8.349998 11.219999 3.779999
v 8.349997 11.739998 3.779999
v 8.349997 11.780001 3.740000
v 8.349998 11.179998 3.740000
v 8.353996 11.224998 4.995000
v 8.353996 11.224998 3.785000
v 8.349998 11.219999 5.000004
v 8.383301 11.779999 5.040004
v 8.383301 11.739998 5.000004
v 8.349998 11.179998 5.040004
v 8.349997 11.780001 5.040004
v 8.349997 11.739998 5.000004
v 8.379299 11.734999 3.785000
v 8.379299 11.224998 3.785000
v 8.383303 11.219997 5.000004
v 8.383303 11.179998 5.040004
v 8.353996 11.734999 3.785000
v 8.353996 11.734999 4.995000
v 8.379299 11.224998 4.995000
v 8.379299 11.734999 4.995000
v 8.383303 11.879997 3.740000
v 8.383301 12.480000 3.740000
v 8.383301 12.439997 3.779999
v 8.383303 11.919998 3.779999
v 8.349998 11.919998 3.779999
v 8.349997 12.439999 3.779999
v 8.349997 12.480000 3.740000
v 8.349998 11.879997 3.740000
v 8.353996 11.924999 4.995000
v 8.353996 11.924999 3.785000
v 8.349998 11.919998 5.000004
v 8.383301 12.480000 5.040004
v 8.383301 12.439997 5.000004
v 8.349998 11.879997 5.040004
v 8.349997 12.480000 5.040004
v 8.349997 12.439999 5.000004
v 8.379299 12.434999 3.785000
v 8.379299 11.924997 3.785000
v 8.383303 11.919998 5.000004
v 8.383303 11.879997 5.040004
v 8.353996 12.434999 3.785000
v 8.353996 12.434999 4.995000
v 8.379299 11.924997 4.995000
v 8.379299 12.434999 4.995000
v 8.383303 14.560003 3.740000
v 8.383301 15.160004 3.740000
v 8.383301 15.120003 3.779999
v 8.383303 14.600002 3.779999
v 8.349998 14.600004 3.779999
v 8.349997 15.120003 3.779999
v 8.349997 15.160006 3.740000
v 8.349998 14.560003 3.740000
v 8.353996 14.605003 4.995000
v 8.353996 14.605003 3.785000
v 8.349998 14.600004 5.000004
v 8.383301 15.160004 5.040004
v 8.383301 15.120003 5.000004
v 8.349998 14.560003 5.040004
v 8.349997 15.160006 5.040004
v 8.349997 15.120003 5.000004
v 8.379299 15.115004 3.785000
v 8.379299 14.605003 3.785000
v 8.383303 14.600002 5.000004
v 8.383303 14.560003 5.040004
v 8.353996 15.115004 3.785000
v 8.353996 15.115004 4.995000
v 8.379299 14.605003 4.995000
v 8.379299 15.115004 4.995000
v 8.383303 15.260002 3.740000
v 8.383301 15.860004 3.740000
v 8.383301 15.820002 3.779999
v 8.383303 15.300003 3.779999
v 8.349998 15.300003 3.779999
v 8.349997 15.820004 3.779999
v 8.349997 15.860004 3.740000
v 8.349998 15.260002 3.740000
v 8.353996 15.305004 4.995000
v 8.353996 15.305004 3.785000
v 8.349998 15.300003 5.000004
v 8.383301 15.860004 5.040004
v 8.383301 15.820002 5.000004
v 8.349998 15.260002 5.040004
v 8.349997 15.860004 5.040004
v 8.349997 15.820004 5.000004
v 8.379299 15.815004 3.785000
v 8.379299 15.305002 3.785000
v 8.383303 15.300003 5.000004
v 8.383303 15.260002 5.040004
v 8.353996 15.815004 3.785000
v 8.353996 15.815004 4.995000
v 8.379299 15.305002 4.995000
v 8.379299 15.815004 4.995000
vt 0.207119 0.508200
vt 0.090775 0.508201
vt 0.098532 0.500444
vt 0.199363 0.500444
vt 0.198979 0.492071
vt 0.098137 0.492071
vt 0.090380 0.484314
vt 0.206736 0.484314
vt 0.255303 0.504789
vt 0.038569 0.504753
vt 0.035620 0.508624
vt 0.256238 0.508624
vt 0.030356 0.489202
vt 0.265435 0.489202
vt 0.258202 0.496436
vt 0.037589 0.496436
vt 0.028387 0.515858
vt 0.263472 0.515857
vt 0.267496 0.515869
vt 0.032440 0.515870
vt 0.039673 0.508637
vt 0.260264 0.508637
vt 0.098928 0.491982
vt 0.199759 0.491947
vt 0.207513 0.484189
vt 0.091169 0.484229
vt 0.099490 0.498708
vt 0.198002 0.498701
vt 0.199378 0.500321
vt 0.090783 0.508116
vt 0.207138 0.508075
vt 0.265532 0.489190
vt 0.030472 0.489190
vt 0.037704 0.496423
vt 0.258299 0.496423
vt 0.198002 0.493814
vt 0.099489 0.493821
vt 0.099887 0.493718
vt 0.198399 0.493691
vt 0.040538 0.504838
vt 0.257267 0.504803
vt 0.198401 0.498578
vt 0.099888 0.498606
vt 0.038569 0.500221
vt 0.255304 0.500257
vt 0.207119 0.514658
vt 0.090775 0.514658
vt 0.090785 0.514574
vt 0.207140 0.514534
vt 0.265532 0.483168
vt 0.030472 0.483168
vt 0.030356 0.483180
vt 0.265435 0.483180
vt 0.257266 0.500270
vt 0.040537 0.500306
usemtl Exterior_Mat
s off
f 4847/6440 4848/6441 4849/6442 4850/6443
f 4851/6444 4852/6445 4853/6446 4854/6447
f 4855/6448 4856/6449 4851/6450 4857/6451
f 4848/6452 4858/6453 4859/6454 4849/6455
f 4857/6451 4851/6450 4854/6456 4860/6457
f 4861/6458 4853/6459 4852/6460 4862/6461
f 4862/6462 4857/6463 4860/6464 4861/6465
f 4850/6443 4849/6442 4863/6466 4864/6467
f 4865/6468 4859/6442 4858/6469 4866/6470
f 4866/6471 4847/6472 4850/6473 4865/6474
f 4856/6475 4867/6476 4852/6445 4851/6444
f 4868/6477 4855/6478 4857/6463 4862/6462
f 4862/6461 4852/6460 4867/6479 4868/6480
f 4869/6481 4870/6482 4859/6442 4865/6468
f 4865/6474 4850/6473 4864/6483 4869/6484
f 4848/6441 4847/6440 4854/6485 4853/6486
f 4866/6470 4858/6469 4861/6487 4860/6488
f 4847/6472 4866/6471 4860/6489 4854/6490
f 4858/6453 4848/6452 4853/6491 4861/6492
f 4870/6493 4863/6494 4849/6455 4859/6454
f 4856/6449 4855/6448 4869/6484 4864/6483
f 4855/6478 4868/6477 4870/6482 4869/6481
f 4867/6476 4856/6475 4864/6467 4863/6466
f 4863/6494 4870/6493 4868/6480 4867/6479
f 4871/6440 4872/6441 4873/6442 4874/6443
f 4875/6444 4876/6445 4877/6446 4878/6447
f 4879/6448 4880/6449 4875/6450 4881/6451
f 4872/6452 4882/6453 4883/6454 4873/6455
f 4881/6451 4875/6450 4878/6456 4884/6457
f 4885/6458 4877/6459 4876/6460 4886/6461
f 4886/6462 4881/6463 4884/6464 4885/6465
f 4874/6443 4873/6442 4887/6466 4888/6467
f 4889/6468 4883/6442 4882/6469 4890/6470
f 4890/6471 4871/6472 4874/6473 4889/6474
f 4880/6475 4891/6476 4876/6445 4875/6444
f 4892/6477 4879/6478 4881/6463 4886/6462
f 4886/6461 4876/6460 4891/6479 4892/6480
f 4893/6481 4894/6482 4883/6442 4889/6468
f 4889/6474 4874/6473 4888/6483 4893/6484
f 4872/6441 4871/6440 4878/6485 4877/6486
f 4890/6470 4882/6469 4885/6487 4884/6488
f 4871/6472 4890/6471 4884/6489 4878/6490
f 4882/6453 4872/6452 4877/6491 4885/6492
f 4894/6493 4887/6494 4873/6455 4883/6454
f 4880/6449 4879/6448 4893/6484 4888/6483
f 4879/6478 4892/6477 4894/6482 4893/6481
f 4891/6476 4880/6475 4888/6467 4887/6466
f 4887/6494 4894/6493 4892/6480 4891/6479
f 4895/6440 4896/6441 4897/6442 4898/6443
f 4899/6444 4900/6445 4901/6446 4902/6447
f 4903/6448 4904/6449 4899/6450 4905/6451
f 4896/6452 4906/6453 4907/6454 4897/6455
f 4905/6451 4899/6450 4902/6456 4908/6457
f 4909/6458 4901/6459 4900/6460 4910/6461
f 4910/6462 4905/6463 4908/6464 4909/6465
f 4898/6443 4897/6442 4911/6466 4912/6467
f 4913/6468 4907/6442 4906/6469 4914/6470
f 4914/6471 4895/6472 4898/6473 4913/6474
f 4904/6475 4915/6476 4900/6445 4899/6444
f 4916/6477 4903/6478 4905/6463 4910/6462
f 4910/6461 4900/6460 4915/6479 4916/6480
f 4917/6481 4918/6482 4907/6442 4913/6468
f 4913/6474 4898/6473 4912/6483 4917/6484
f 4896/6441 4895/6440 4902/6485 4901/6486
f 4914/6470 4906/6469 4909/6487 4908/6488
f 4895/6472 4914/6471 4908/6489 4902/6490
f 4906/6453 4896/6452 4901/6491 4909/6492
f 4918/6493 4911/6494 4897/6455 4907/6454
f 4904/6449 4903/6448 4917/6484 4912/6483
f 4903/6478 4916/6477 4918/6482 4917/6481
f 4915/6476 4904/6475 4912/6467 4911/6466
f 4911/6494 4918/6493 4916/6480 4915/6479
f 4919/6440 4920/6441 4921/6442 4922/6443
f 4923/6444 4924/6445 4925/6446 4926/6447
f 4927/6448 4928/6449 4923/6450 4929/6451
f 4920/6452 4930/6453 4931/6454 4921/6455
f 4929/6451 4923/6450 4926/6456 4932/6457
f 4933/6458 4925/6459 4924/6460 4934/6461
f 4934/6462 4929/6463 4932/6464 4933/6465
f 4922/6443 4921/6442 4935/6466 4936/6467
f 4937/6468 4931/6442 4930/6469 4938/6470
f 4938/6471 4919/6472 4922/6473 4937/6474
f 4928/6475 4939/6476 4924/6445 4923/6444
f 4940/6477 4927/6478 4929/6463 4934/6462
f 4934/6461 4924/6460 4939/6479 4940/6480
f 4941/6481 4942/6482 4931/6442 4937/6468
f 4937/6474 4922/6473 4936/6483 4941/6484
f 4920/6441 4919/6440 4926/6485 4925/6486
f 4938/6470 4930/6469 4933/6487 4932/6488
f 4919/6472 4938/6471 4932/6489 4926/6490
f 4930/6453 4920/6452 4925/6491 4933/6492
f 4942/6493 4935/6494 4921/6455 4931/6454
f 4928/6449 4927/6448 4941/6484 4936/6483
f 4927/6478 4940/6477 4942/6482 4941/6481
f 4939/6476 4928/6475 4936/6467 4935/6466
f 4935/6494 4942/6493 4940/6480 4939/6479
f 4943/6440 4944/6441 4945/6442 4946/6443
f 4947/6444 4948/6445 4949/6446 4950/6447
f 4951/6448 4952/6449 4947/6450 4953/6451
f 4944/6452 4954/6453 4955/6454 4945/6455
f 4953/6451 4947/6450 4950/6456 4956/6457
f 4957/6458 4949/6459 4948/6460 4958/6461
f 4958/6462 4953/6463 4956/6464 4957/6465
f 4946/6443 4945/6442 4959/6466 4960/6467
f 4961/6468 4955/6442 4954/6469 4962/6470
f 4962/6471 4943/6472 4946/6473 4961/6474
f 4952/6475 4963/6476 4948/6445 4947/6444
f 4964/6477 4951/6478 4953/6463 4958/6462
f 4958/6461 4948/6460 4963/6479 4964/6480
f 4965/6481 4966/6482 4955/6442 4961/6468
f 4961/6474 4946/6473 4960/6483 4965/6484
f 4944/6441 4943/6440 4950/6485 4949/6486
f 4962/6470 4954/6469 4957/6487 4956/6488
f 4943/6472 4962/6471 4956/6489 4950/6490
f 4954/6453 4944/6452 4949/6491 4957/6492
f 4966/6493 4959/6494 4945/6455 4955/6454
f 4952/6449 4951/6448 4965/6484 4960/6483
f 4951/6478 4964/6477 4966/6482 4965/6481
f 4963/6476 4952/6475 4960/6467 4959/6466
f 4959/6494 4966/6493 4964/6480 4963/6479
f 4967/6440 4968/6441 4969/6442 4970/6443
f 4971/6444 4972/6445 4973/6446 4974/6447
f 4975/6448 4976/6449 4971/6450 4977/6451
f 4968/6452 4978/6453 4979/6454 4969/6455
f 4977/6451 4971/6450 4974/6456 4980/6457
f 4981/6458 4973/6459 4972/6460 4982/6461
f 4982/6462 4977/6463 4980/6464 4981/6465
f 4970/6443 4969/6442 4983/6466 4984/6467
f 4985/6468 4979/6442 4978/6469 4986/6470
f 4986/6471 4967/6472 4970/6473 4985/6474
f 4976/6475 4987/6476 4972/6445 4971/6444
f 4988/6477 4975/6478 4977/6463 4982/6462
f 4982/6461 4972/6460 4987/6479 4988/6480
f 4989/6481 4990/6482 4979/6442 4985/6468
f 4985/6474 4970/6473 4984/6483 4989/6484
f 4968/6441 4967/6440 4974/6485 4973/6486
f 4986/6470 4978/6469 4981/6487 4980/6488
f 4967/6472 4986/6471 4980/6489 4974/6490
f 4978/6453 4968/6452 4973/6491 4981/6492
f 4990/6493 4983/6494 4969/6455 4979/6454
f 4976/6449 4975/6448 4989/6484 4984/6483
f 4975/6478 4988/6477 4990/6482 4989/6481
f 4987/6476 4976/6475 4984/6467 4983/6466
f 4983/6494 4990/6493 4988/6480 4987/6479
f 4991/6440 4992/6441 4993/6442 4994/6443
f 4995/6444 4996/6445 4997/6446 4998/6447
f 4999/6448 5000/6449 4995/6450 5001/6451
f 4992/6452 5002/6453 5003/6454 4993/6455
f 5001/6451 4995/6450 4998/6456 5004/6457
f 5005/6458 4997/6459 4996/6460 5006/6461
f 5006/6462 5001/6463 5004/6464 5005/6465
f 4994/6443 4993/6442 5007/6466 5008/6467
f 5009/6468 5003/6442 5002/6469 5010/6470
f 5010/6471 4991/6472 4994/6473 5009/6474
f 5000/6475 5011/6476 4996/6445 4995/6444
f 5012/6477 4999/6478 5001/6463 5006/6462
f 5006/6461 4996/6460 5011/6479 5012/6480
f 5013/6481 5014/6482 5003/6442 5009/6468
f 5009/6474 4994/6473 5008/6483 5013/6484
f 4992/6441 4991/6440 4998/6485 4997/6486
f 5010/6470 5002/6469 5005/6487 5004/6488
f 4991/6472 5010/6471 5004/6489 4998/6490
f 5002/6453 4992/6452 4997/6491 5005/6492
f 5014/6493 5007/6494 4993/6455 5003/6454
f 5000/6449 4999/6448 5013/6484 5008/6483
f 4999/6478 5012/6477 5014/6482 5013/6481
f 5011/6476 5000/6475 5008/6467 5007/6466
f 5007/6494 5014/6493 5012/6480 5011/6479
f 5015/6440 5016/6441 5017/6442 5018/6443
f 5019/6444 5020/6445 5021/6446 5022/6447
f 5023/6448 5024/6449 5019/6450 5025/6451
f 5016/6452 5026/6453 5027/6454 5017/6455
f 5025/6451 5019/6450 5022/6456 5028/6457
f 5029/6458 5021/6459 5020/6460 5030/6461
f 5030/6462 5025/6463 5028/6464 5029/6465
f 5018/6443 5017/6442 5031/6466 5032/6467
f 5033/6468 5027/6442 5026/6469 5034/6470
f 5034/6471 5015/6472 5018/6473 5033/6474
f 5024/6475 5035/6476 5020/6445 5019/6444
f 5036/6477 5023/6478 5025/6463 5030/6462
f 5030/6461 5020/6460 5035/6479 5036/6480
f 5037/6481 5038/6482 5027/6442 5033/6468
f 5033/6474 5018/6473 5032/6483 5037/6484
f 5016/6441 5015/6440 5022/6485 5021/6486
f 5034/6470 5026/6469 5029/6487 5028/6488
f 5015/6472 5034/6471 5028/6489 5022/6490
f 5026/6453 5016/6452 5021/6491 5029/6492
f 5038/6493 5031/6494 5017/6455 5027/6454
f 5024/6449 5023/6448 5037/6484 5032/6483
f 5023/6478 5036/6477 5038/6482 5037/6481
f 5035/6476 5024/6475 5032/6467 5031/6466
f 5031/6494 5038/6493 5036/6480 5035/6479
f 5039/6440 5040/6441 5041/6442 5042/6443
f 5043/6444 5044/6445 5045/6446 5046/6447
f 5047/6448 5048/6449 5043/6450 5049/6451
f 5040/6452 5050/6453 5051/6454 5041/6455
f 5049/6451 5043/6450 5046/6456 5052/6457
f 5053/6458 5045/6459 5044/6460 5054/6461
f 5054/6462 5049/6463 5052/6464 5053/6465
f 5042/6443 5041/6442 5055/6466 5056/6467
f 5057/6468 5051/6442 5050/6469 5058/6470
f 5058/6471 5039/6472 5042/6473 5057/6474
f 5048/6475 5059/6476 5044/6445 5043/6444
f 5060/6477 5047/6478 5049/6463 5054/6462
f 5054/6461 5044/6460 5059/6479 5060/6480
f 5061/6481 5062/6482 5051/6442 5057/6468
f 5057/6474 5042/6473 5056/6483 5061/6484
f 5040/6441 5039/6440 5046/6485 5045/6486
f 5058/6470 5050/6469 5053/6487 5052/6488
f 5039/6472 5058/6471 5052/6489 5046/6490
f 5050/6453 5040/6452 5045/6491 5053/6492
f 5062/6493 5055/6494 5041/6455 5051/6454
f 5048/6449 5047/6448 5061/6484 5056/6483
f 5047/6478 5060/6477 5062/6482 5061/6481
f 5059/6476 5048/6475 5056/6467 5055/6466
f 5055/6494 5062/6493 5060/6480 5059/6479
f 5063/6440 5064/6441 5065/6442 5066/6443
f 5067/6444 5068/6445 5069/6446 5070/6447
f 5071/6448 5072/6449 5067/6450 5073/6451
f 5064/6452 5074/6453 5075/6454 5065/6455
f 5073/6451 5067/6450 5070/6456 5076/6457
f 5077/6458 5069/6459 5068/6460 5078/6461
f 5078/6462 5073/6463 5076/6464 5077/6465
f 5066/6443 5065/6442 5079/6466 5080/6467
f 5081/6468 5075/6442 5074/6469 5082/6470
f 5082/6471 5063/6472 5066/6473 5081/6474
f 5072/6475 5083/6476 5068/6445 5067/6444
f 5084/6477 5071/6478 5073/6463 5078/6462
f 5078/6461 5068/6460 5083/6479 5084/6480
f 5085/6481 5086/6482 5075/6442 5081/6468
f 5081/6474 5066/6473 5080/6483 5085/6484
f 5064/6441 5063/6440 5070/6485 5069/6486
f 5082/6470 5074/6469 5077/6487 5076/6488
f 5063/6472 5082/6471 5076/6489 5070/6490
f 5074/6453 5064/6452 5069/6491 5077/6492
f 5086/6493 5079/6494 5065/6455 5075/6454
f 5072/6449 5071/6448 5085/6484 5080/6483
f 5071/6478 5084/6477 5086/6482 5085/6481
f 5083/6476 5072/6475 5080/6467 5079/6466
f 5079/6494 5086/6493 5084/6480 5083/6479
f 5087/6440 5088/6441 5089/6442 5090/6443
f 5091/6444 5092/6445 5093/6446 5094/6447
f 5095/6448 5096/6449 5091/6450 5097/6451
f 5088/6452 5098/6453 5099/6454 5089/6455
f 5097/6451 5091/6450 5094/6456 5100/6457
f 5101/6458 5093/6459 5092/6460 5102/6461
f 5102/6462 5097/6463 5100/6464 5101/6465
f 5090/6443 5089/6442 5103/6466 5104/6467
f 5105/6468 5099/6442 5098/6469 5106/6470
f 5106/6471 5087/6472 5090/6473 5105/6474
f 5096/6475 5107/6476 5092/6445 5091/6444
f 5108/6477 5095/6478 5097/6463 5102/6462
f 5102/6461 5092/6460 5107/6479 5108/6480
f 5109/6481 5110/6482 5099/6442 5105/6468
f 5105/6474 5090/6473 5104/6483 5109/6484
f 5088/6441 5087/6440 5094/6485 5093/6486
f 5106/6470 5098/6469 5101/6487 5100/6488
f 5087/6472 5106/6471 5100/6489 5094/6490
f 5098/6453 5088/6452 5093/6491 5101/6492
f 5110/6493 5103/6494 5089/6455 5099/6454
f 5096/6449 5095/6448 5109/6484 5104/6483
f 5095/6478 5108/6477 5110/6482 5109/6481
f 5107/6476 5096/6475 5104/6467 5103/6466
f 5103/6494 5110/6493 5108/6480 5107/6479
f 5111/6440 5112/6441 5113/6442 5114/6443
f 5115/6444 5116/6445 5117/6446 5118/6447
f 5119/6448 5120/6449 5115/6450 5121/6451
f 5112/6452 5122/6453 5123/6454 5113/6455
f 5121/6451 5115/6450 5118/6456 5124/6457
f 5125/6458 5117/6459 5116/6460 5126/6461
f 5126/6462 5121/6463 5124/6464 5125/6465
f 5114/6443 5113/6442 5127/6466 5128/6467
f 5129/6468 5123/6442 5122/6469 5130/6470
f 5130/6471 5111/6472 5114/6473 5129/6474
f 5120/6475 5131/6476 5116/6445 5115/6444
f 5132/6477 5119/6478 5121/6463 5126/6462
f 5126/6461 5116/6460 5131/6479 5132/6480
f 5133/6481 5134/6482 5123/6442 5129/6468
f 5129/6474 5114/6473 5128/6483 5133/6484
f 5112/6441 5111/6440 5118/6485 5117/6486
f 5130/6470 5122/6469 5125/6487 5124/6488
f 5111/6472 5130/6471 5124/6489 5118/6490
f 5122/6453 5112/6452 5117/6491 5125/6492
f 5134/6493 5127/6494 5113/6455 5123/6454
f 5120/6449 5119/6448 5133/6484 5128/6483
f 5119/6478 5132/6477 5134/6482 5133/6481
f 5131/6476 5120/6475 5128/6467 5127/6466
f 5127/6494 5134/6493 5132/6480 5131/6479
f 5135/6440 5136/6441 5137/6442 5138/6443
f 5139/6444 5140/6445 5141/6446 5142/6447
f 5143/6448 5144/6449 5139/6450 5145/6451
f 5136/6452 5146/6453 5147/6454 5137/6455
f 5145/6451 5139/6450 5142/6456 5148/6457
f 5149/6458 5141/6459 5140/6460 5150/6461
f 5150/6462 5145/6463 5148/6464 5149/6465
f 5138/6443 5137/6442 5151/6466 5152/6467
f 5153/6468 5147/6442 5146/6469 5154/6470
f 5154/6471 5135/6472 5138/6473 5153/6474
f 5144/6475 5155/6476 5140/6445 5139/6444
f 5156/6477 5143/6478 5145/6463 5150/6462
f 5150/6461 5140/6460 5155/6479 5156/6480
f 5157/6481 5158/6482 5147/6442 5153/6468
f 5153/6474 5138/6473 5152/6483 5157/6484
f 5136/6441 5135/6440 5142/6485 5141/6486
f 5154/6470 5146/6469 5149/6487 5148/6488
f 5135/6472 5154/6471 5148/6489 5142/6490
f 5146/6453 5136/6452 5141/6491 5149/6492
f 5158/6493 5151/6494 5137/6455 5147/6454
f 5144/6449 5143/6448 5157/6484 5152/6483
f 5143/6478 5156/6477 5158/6482 5157/6481
f 5155/6476 5144/6475 5152/6467 5151/6466
f 5151/6494 5158/6493 5156/6480 5155/6479
f 5159/6440 5160/6441 5161/6442 5162/6443
f 5163/6444 5164/6445 5165/6446 5166/6447
f 5167/6448 5168/6449 5163/6450 5169/6451
f 5160/6452 5170/6453 5171/6454 5161/6455
f 5169/6451 5163/6450 5166/6456 5172/6457
f 5173/6458 5165/6459 5164/6460 5174/6461
f 5174/6462 5169/6463 5172/6464 5173/6465
f 5162/6443 5161/6442 5175/6466 5176/6467
f 5177/6468 5171/6442 5170/6469 5178/6470
f 5178/6471 5159/6472 5162/6473 5177/6474
f 5168/6475 5179/6476 5164/6445 5163/6444
f 5180/6477 5167/6478 5169/6463 5174/6462
f 5174/6461 5164/6460 5179/6479 5180/6480
f 5181/6481 5182/6482 5171/6442 5177/6468
f 5177/6474 5162/6473 5176/6483 5181/6484
f 5160/6441 5159/6440 5166/6485 5165/6486
f 5178/6470 5170/6469 5173/6487 5172/6488
f 5159/6472 5178/6471 5172/6489 5166/6490
f 5170/6453 5160/6452 5165/6491 5173/6492
f 5182/6493 5175/6494 5161/6455 5171/6454
f 5168/6449 5167/6448 5181/6484 5176/6483
f 5167/6478 5180/6477 5182/6482 5181/6481
f 5179/6476 5168/6475 5176/6467 5175/6466
f 5175/6494 5182/6493 5180/6480 5179/6479
f 5183/6440 5184/6441 5185/6442 5186/6443
f 5187/6444 5188/6445 5189/6446 5190/6447
f 5191/6448 5192/6449 5187/6450 5193/6451
f 5184/6452 5194/6453 5195/6454 5185/6455
f 5193/6451 5187/6450 5190/6456 5196/6457
f 5197/6458 5189/6459 5188/6460 5198/6461
f 5198/6462 5193/6463 5196/6464 5197/6465
f 5186/6443 5185/6442 5199/6466 5200/6467
f 5201/6468 5195/6442 5194/6469 5202/6470
f 5202/6471 5183/6472 5186/6473 5201/6474
f 5192/6475 5203/6476 5188/6445 5187/6444
f 5204/6477 5191/6478 5193/6463 5198/6462
f 5198/6461 5188/6460 5203/6479 5204/6480
f 5205/6481 5206/6482 5195/6442 5201/6468
f 5201/6474 5186/6473 5200/6483 5205/6484
f 5184/6441 5183/6440 5190/6485 5189/6486
f 5202/6470 5194/6469 5197/6487 5196/6488
f 5183/6472 5202/6471 5196/6489 5190/6490
f 5194/6453 5184/6452 5189/6491 5197/6492
f 5206/6493 5199/6494 5185/6455 5195/6454
f 5192/6449 5191/6448 5205/6484 5200/6483
f 5191/6478 5204/6477 5206/6482 5205/6481
f 5203/6476 5192/6475 5200/6467 5199/6466
f 5199/6494 5206/6493 5204/6480 5203/6479
f 5207/6440 5208/6441 5209/6442 5210/6443
f 5211/6444 5212/6445 5213/6446 5214/6447
f 5215/6448 5216/6449 5211/6450 5217/6451
f 5208/6452 5218/6453 5219/6454 5209/6455
f 5217/6451 5211/6450 5214/6456 5220/6457
f 5221/6458 5213/6459 5212/6460 5222/6461
f 5222/6462 5217/6463 5220/6464 5221/6465
f 5210/6443 5209/6442 5223/6466 5224/6467
f 5225/6468 5219/6442 5218/6469 5226/6470
f 5226/6471 5207/6472 5210/6473 5225/6474
f 5216/6475 5227/6476 5212/6445 5211/6444
f 5228/6477 5215/6478 5217/6463 5222/6462
f 5222/6461 5212/6460 5227/6479 5228/6480
f 5229/6481 5230/6482 5219/6442 5225/6468
f 5225/6474 5210/6473 5224/6483 5229/6484
f 5208/6441 5207/6440 5214/6485 5213/6486
f 5226/6470 5218/6469 5221/6487 5220/6488
f 5207/6472 5226/6471 5220/6489 5214/6490
f 5218/6453 5208/6452 5213/6491 5221/6492
f 5230/6493 5223/6494 5209/6455 5219/6454
f 5216/6449 5215/6448 5229/6484 5224/6483
f 5215/6478 5228/6477 5230/6482 5229/6481
f 5227/6476 5216/6475 5224/6467 5223/6466
f 5223/6494 5230/6493 5228/6480 5227/6479
f 5231/6440 5232/6441 5233/6442 5234/6443
f 5235/6444 5236/6445 5237/6446 5238/6447
f 5239/6448 5240/6449 5235/6450 5241/6451
f 5232/6452 5242/6453 5243/6454 5233/6455
f 5241/6451 5235/6450 5238/6456 5244/6457
f 5245/6458 5237/6459 5236/6460 5246/6461
f 5246/6462 5241/6463 5244/6464 5245/6465
f 5234/6443 5233/6442 5247/6466 5248/6467
f 5249/6468 5243/6442 5242/6469 5250/6470
f 5250/6471 5231/6472 5234/6473 5249/6474
f 5240/6475 5251/6476 5236/6445 5235/6444
f 5252/6477 5239/6478 5241/6463 5246/6462
f 5246/6461 5236/6460 5251/6479 5252/6480
f 5253/6481 5254/6482 5243/6442 5249/6468
f 5249/6474 5234/6473 5248/6483 5253/6484
f 5232/6441 5231/6440 5238/6485 5237/6486
f 5250/6470 5242/6469 5245/6487 5244/6488
f 5231/6472 5250/6471 5244/6489 5238/6490
f 5242/6453 5232/6452 5237/6491 5245/6492
f 5254/6493 5247/6494 5233/6455 5243/6454
f 5240/6449 5239/6448 5253/6484 5248/6483
f 5239/6478 5252/6477 5254/6482 5253/6481
f 5251/6476 5240/6475 5248/6467 5247/6466
f 5247/6494 5254/6493 5252/6480 5251/6479
f 5255/6440 5256/6441 5257/6442 5258/6443
f 5259/6444 5260/6445 5261/6446 5262/6447
f 5263/6448 5264/6449 5259/6450 5265/6451
f 5256/6452 5266/6453 5267/6454 5257/6455
f 5265/6451 5259/6450 5262/6456 5268/6457
f 5269/6458 5261/6459 5260/6460 5270/6461
f 5270/6462 5265/6463 5268/6464 5269/6465
f 5258/6443 5257/6442 5271/6466 5272/6467
f 5273/6468 5267/6442 5266/6469 5274/6470
f 5274/6471 5255/6472 5258/6473 5273/6474
f 5264/6475 5275/6476 5260/6445 5259/6444
f 5276/6477 5263/6478 5265/6463 5270/6462
f 5270/6461 5260/6460 5275/6479 5276/6480
f 5277/6481 5278/6482 5267/6442 5273/6468
f 5273/6474 5258/6473 5272/6483 5277/6484
f 5256/6441 5255/6440 5262/6485 5261/6486
f 5274/6470 5266/6469 5269/6487 5268/6488
f 5255/6472 5274/6471 5268/6489 5262/6490
f 5266/6453 5256/6452 5261/6491 5269/6492
f 5278/6493 5271/6494 5257/6455 5267/6454
f 5264/6449 5263/6448 5277/6484 5272/6483
f 5263/6478 5276/6477 5278/6482 5277/6481
f 5275/6476 5264/6475 5272/6467 5271/6466
f 5271/6494 5278/6493 5276/6480 5275/6479
f 5279/6440 5280/6441 5281/6442 5282/6443
f 5283/6444 5284/6445 5285/6446 5286/6447
f 5287/6448 5288/6449 5283/6450 5289/6451
f 5280/6452 5290/6453 5291/6454 5281/6455
f 5289/6451 5283/6450 5286/6456 5292/6457
f 5293/6458 5285/6459 5284/6460 5294/6461
f 5294/6462 5289/6463 5292/6464 5293/6465
f 5282/6443 5281/6442 5295/6466 5296/6467
f 5297/6468 5291/6442 5290/6469 5298/6470
f 5298/6471 5279/6472 5282/6473 5297/6474
f 5288/6475 5299/6476 5284/6445 5283/6444
f 5300/6477 5287/6478 5289/6463 5294/6462
f 5294/6461 5284/6460 5299/6479 5300/6480
f 5301/6481 5302/6482 5291/6442 5297/6468
f 5297/6474 5282/6473 5296/6483 5301/6484
f 5280/6441 5279/6440 5286/6485 5285/6486
f 5298/6470 5290/6469 5293/6487 5292/6488
f 5279/6472 5298/6471 5292/6489 5286/6490
f 5290/6453 5280/6452 5285/6491 5293/6492
f 5302/6493 5295/6494 5281/6455 5291/6454
f 5288/6449 5287/6448 5301/6484 5296/6483
f 5287/6478 5300/6477 5302/6482 5301/6481
f 5299/6476 5288/6475 5296/6467 5295/6466
f 5295/6494 5302/6493 5300/6480 5299/6479
f 5303/6440 5304/6441 5305/6442 5306/6443
f 5307/6444 5308/6445 5309/6446 5310/6447
f 5311/6448 5312/6449 5307/6450 5313/6451
f 5304/6452 5314/6453 5315/6454 5305/6455
f 5313/6451 5307/6450 5310/6456 5316/6457
f 5317/6458 5309/6459 5308/6460 5318/6461
f 5318/6462 5313/6463 5316/6464 5317/6465
f 5306/6443 5305/6442 5319/6466 5320/6467
f 5321/6468 5315/6442 5314/6469 5322/6470
f 5322/6471 5303/6472 5306/6473 5321/6474
f 5312/6475 5323/6476 5308/6445 5307/6444
f 5324/6477 5311/6478 5313/6463 5318/6462
f 5318/6461 5308/6460 5323/6479 5324/6480
f 5325/6481 5326/6482 5315/6442 5321/6468
f 5321/6474 5306/6473 5320/6483 5325/6484
f 5304/6441 5303/6440 5310/6485 5309/6486
f 5322/6470 5314/6469 5317/6487 5316/6488
f 5303/6472 5322/6471 5316/6489 5310/6490
f 5314/6453 5304/6452 5309/6491 5317/6492
f 5326/6493 5319/6494 5305/6455 5315/6454
f 5312/6449 5311/6448 5325/6484 5320/6483
f 5311/6478 5324/6477 5326/6482 5325/6481
f 5323/6476 5312/6475 5320/6467 5319/6466
f 5319/6494 5326/6493 5324/6480 5323/6479
f 5327/6440 5328/6441 5329/6442 5330/6443
f 5331/6444 5332/6445 5333/6446 5334/6447
f 5335/6448 5336/6449 5331/6450 5337/6451
f 5328/6452 5338/6453 5339/6454 5329/6455
f 5337/6451 5331/6450 5334/6456 5340/6457
f 5341/6458 5333/6459 5332/6460 5342/6461
f 5342/6462 5337/6463 5340/6464 5341/6465
f 5330/6443 5329/6442 5343/6466 5344/6467
f 5345/6468 5339/6442 5338/6469 5346/6470
f 5346/6471 5327/6472 5330/6473 5345/6474
f 5336/6475 5347/6476 5332/6445 5331/6444
f 5348/6477 5335/6478 5337/6463 5342/6462
f 5342/6461 5332/6460 5347/6479 5348/6480
f 5349/6481 5350/6482 5339/6442 5345/6468
f 5345/6474 5330/6473 5344/6483 5349/6484
f 5328/6441 5327/6440 5334/6485 5333/6486
f 5346/6470 5338/6469 5341/6487 5340/6488
f 5327/6472 5346/6471 5340/6489 5334/6490
f 5338/6453 5328/6452 5333/6491 5341/6492
f 5350/6493 5343/6494 5329/6455 5339/6454
f 5336/6449 5335/6448 5349/6484 5344/6483
f 5335/6478 5348/6477 5350/6482 5349/6481
f 5347/6476 5336/6475 5344/6467 5343/6466
f 5343/6494 5350/6493 5348/6480 5347/6479
f 5351/6440 5352/6441 5353/6442 5354/6443
f 5355/6444 5356/6445 5357/6446 5358/6447
f 5359/6448 5360/6449 5355/6450 5361/6451
f 5352/6452 5362/6453 5363/6454 5353/6455
f 5361/6451 5355/6450 5358/6456 5364/6457
f 5365/6458 5357/6459 5356/6460 5366/6461
f 5366/6462 5361/6463 5364/6464 5365/6465
f 5354/6443 5353/6442 5367/6466 5368/6467
f 5369/6468 5363/6442 5362/6469 5370/6470
f 5370/6471 5351/6472 5354/6473 5369/6474
f 5360/6475 5371/6476 5356/6445 5355/6444
f 5372/6477 5359/6478 5361/6463 5366/6462
f 5366/6461 5356/6460 5371/6479 5372/6480
f 5373/6481 5374/6482 5363/6442 5369/6468
f 5369/6474 5354/6473 5368/6483 5373/6484
f 5352/6441 5351/6440 5358/6485 5357/6486
f 5370/6470 5362/6469 5365/6487 5364/6488
f 5351/6472 5370/6471 5364/6489 5358/6490
f 5362/6453 5352/6452 5357/6491 5365/6492
f 5374/6493 5367/6494 5353/6455 5363/6454
f 5360/6449 5359/6448 5373/6484 5368/6483
f 5359/6478 5372/6477 5374/6482 5373/6481
f 5371/6476 5360/6475 5368/6467 5367/6466
f 5367/6494 5374/6493 5372/6480 5371/6479
f 5375/6440 5376/6441 5377/6442 5378/6443
f 5379/6444 5380/6445 5381/6446 5382/6447
f 5383/6448 5384/6449 5379/6450 5385/6451
f 5376/6452 5386/6453 5387/6454 5377/6455
f 5385/6451 5379/6450 5382/6456 5388/6457
f 5389/6458 5381/6459 5380/6460 5390/6461
f 5390/6462 5385/6463 5388/6464 5389/6465
f 5378/6443 5377/6442 5391/6466 5392/6467
f 5393/6468 5387/6442 5386/6469 5394/6470
f 5394/6471 5375/6472 5378/6473 5393/6474
f 5384/6475 5395/6476 5380/6445 5379/6444
f 5396/6477 5383/6478 5385/6463 5390/6462
f 5390/6461 5380/6460 5395/6479 5396/6480
f 5397/6481 5398/6482 5387/6442 5393/6468
f 5393/6474 5378/6473 5392/6483 5397/6484
f 5376/6441 5375/6440 5382/6485 5381/6486
f 5394/6470 5386/6469 5389/6487 5388/6488
f 5375/6472 5394/6471 5388/6489 5382/6490
f 5386/6453 5376/6452 5381/6491 5389/6492
f 5398/6493 5391/6494 5377/6455 5387/6454
f 5384/6449 5383/6448 5397/6484 5392/6483
f 5383/6478 5396/6477 5398/6482 5397/6481
f 5395/6476 5384/6475 5392/6467 5391/6466
f 5391/6494 5398/6493 5396/6480 5395/6479
f 5399/6440 5400/6441 5401/6442 5402/6443
f 5403/6444 5404/6445 5405/6446 5406/6447
f 5407/6448 5408/6449 5403/6450 5409/6451
f 5400/6452 5410/6453 5411/6454 5401/6455
f 5409/6451 5403/6450 5406/6456 5412/6457
f 5413/6458 5405/6459 5404/6460 5414/6461
f 5414/6462 5409/6463 5412/6464 5413/6465
f 5402/6443 5401/6442 5415/6466 5416/6467
f 5417/6468 5411/6442 5410/6469 5418/6470
f 5418/6471 5399/6472 5402/6473 5417/6474
f 5408/6475 5419/6476 5404/6445 5403/6444
f 5420/6477 5407/6478 5409/6463 5414/6462
f 5414/6461 5404/6460 5419/6479 5420/6480
f 5421/6481 5422/6482 5411/6442 5417/6468
f 5417/6474 5402/6473 5416/6483 5421/6484
f 5400/6441 5399/6440 5406/6485 5405/6486
f 5418/6470 5410/6469 5413/6487 5412/6488
f 5399/6472 5418/6471 5412/6489 5406/6490
f 5410/6453 5400/6452 5405/6491 5413/6492
f 5422/6493 5415/6494 5401/6455 5411/6454
f 5408/6449 5407/6448 5421/6484 5416/6483
f 5407/6478 5420/6477 5422/6482 5421/6481
f 5419/6476 5408/6475 5416/6467 5415/6466
f 5415/6494 5422/6493 5420/6480 5419/6479
f 5423/6440 5424/6441 5425/6442 5426/6443
f 5427/6444 5428/6445 5429/6446 5430/6447
f 5431/6448 5432/6449 5427/6450 5433/6451
f 5424/6452 5434/6453 5435/6454 5425/6455
f 5433/6451 5427/6450 5430/6456 5436/6457
f 5437/6458 5429/6459 5428/6460 5438/6461
f 5438/6462 5433/6463 5436/6464 5437/6465
f 5426/6443 5425/6442 5439/6466 5440/6467
f 5441/6468 5435/6442 5434/6469 5442/6470
f 5442/6471 5423/6472 5426/6473 5441/6474
f 5432/6475 5443/6476 5428/6445 5427/6444
f 5444/6477 5431/6478 5433/6463 5438/6462
f 5438/6461 5428/6460 5443/6479 5444/6480
f 5445/6481 5446/6482 5435/6442 5441/6468
f 5441/6474 5426/6473 5440/6483 5445/6484
f 5424/6441 5423/6440 5430/6485 5429/6486
f 5442/6470 5434/6469 5437/6487 5436/6488
f 5423/6472 5442/6471 5436/6489 5430/6490
f 5434/6453 5424/6452 5429/6491 5437/6492
f 5446/6493 5439/6494 5425/6455 5435/6454
f 5432/6449 5431/6448 5445/6484 5440/6483
f 5431/6478 5444/6477 5446/6482 5445/6481
f 5443/6476 5432/6475 5440/6467 5439/6466
f 5439/6494 5446/6493 5444/6480 5443/6479
f 5447/6440 5448/6441 5449/6442 5450/6443
f 5451/6444 5452/6445 5453/6446 5454/6447
f 5455/6448 5456/6449 5451/6450 5457/6451
f 5448/6452 5458/6453 5459/6454 5449/6455
f 5457/6451 5451/6450 5454/6456 5460/6457
f 5461/6458 5453/6459 5452/6460 5462/6461
f 5462/6462 5457/6463 5460/6464 5461/6465
f 5450/6443 5449/6442 5463/6466 5464/6467
f 5465/6468 5459/6442 5458/6469 5466/6470
f 5466/6471 5447/6472 5450/6473 5465/6474
f 5456/6475 5467/6476 5452/6445 5451/6444
f 5468/6477 5455/6478 5457/6463 5462/6462
f 5462/6461 5452/6460 5467/6479 5468/6480
f 5469/6481 5470/6482 5459/6442 5465/6468
f 5465/6474 5450/6473 5464/6483 5469/6484
f 5448/6441 5447/6440 5454/6485 5453/6486
f 5466/6470 5458/6469 5461/6487 5460/6488
f 5447/6472 5466/6471 5460/6489 5454/6490
f 5458/6453 5448/6452 5453/6491 5461/6492
f 5470/6493 5463/6494 5449/6455 5459/6454
f 5456/6449 5455/6448 5469/6484 5464/6483
f 5455/6478 5468/6477 5470/6482 5469/6481
f 5467/6476 5456/6475 5464/6467 5463/6466
f 5463/6494 5470/6493 5468/6480 5467/6479
f 5471/6440 5472/6441 5473/6442 5474/6443
f 5475/6444 5476/6445 5477/6446 5478/6447
f 5479/6448 5480/6449 5475/6450 5481/6451
f 5472/6452 5482/6453 5483/6454 5473/6455
f 5481/6451 5475/6450 5478/6456 5484/6457
f 5485/6458 5477/6459 5476/6460 5486/6461
f 5486/6462 5481/6463 5484/6464 5485/6465
f 5474/6443 5473/6442 5487/6466 5488/6467
f 5489/6468 5483/6442 5482/6469 5490/6470
f 5490/6471 5471/6472 5474/6473 5489/6474
f 5480/6475 5491/6476 5476/6445 5475/6444
f 5492/6477 5479/6478 5481/6463 5486/6462
f 5486/6461 5476/6460 5491/6479 5492/6480
f 5493/6481 5494/6482 5483/6442 5489/6468
f 5489/6474 5474/6473 5488/6483 5493/6484
f 5472/6441 5471/6440 5478/6485 5477/6486
f 5490/6470 5482/6469 5485/6487 5484/6488
f 5471/6472 5490/6471 5484/6489 5478/6490
f 5482/6453 5472/6452 5477/6491 5485/6492
f 5494/6493 5487/6494 5473/6455 5483/6454
f 5480/6449 5479/6448 5493/6484 5488/6483
f 5479/6478 5492/6477 5494/6482 5493/6481
f 5491/6476 5480/6475 5488/6467 5487/6466
f 5487/6494 5494/6493 5492/6480 5491/6479
f 5495/6440 5496/6441 5497/6442 5498/6443
f 5499/6444 5500/6445 5501/6446 5502/6447
f 5503/6448 5504/6449 5499/6450 5505/6451
f 5496/6452 5506/6453 5507/6454 5497/6455
f 5505/6451 5499/6450 5502/6456 5508/6457
f 5509/6458 5501/6459 5500/6460 5510/6461
f 5510/6462 5505/6463 5508/6464 5509/6465
f 5498/6443 5497/6442 5511/6466 5512/6467
f 5513/6468 5507/6442 5506/6469 5514/6470
f 5514/6471 5495/6472 5498/6473 5513/6474
f 5504/6475 5515/6476 5500/6445 5499/6444
f 5516/6477 5503/6478 5505/6463 5510/6462
f 5510/6461 5500/6460 5515/6479 5516/6480
f 5517/6481 5518/6482 5507/6442 5513/6468
f 5513/6474 5498/6473 5512/6483 5517/6484
f 5496/6441 5495/6440 5502/6485 5501/6486
f 5514/6470 5506/6469 5509/6487 5508/6488
f 5495/6472 5514/6471 5508/6489 5502/6490
f 5506/6453 5496/6452 5501/6491 5509/6492
f 5518/6493 5511/6494 5497/6455 5507/6454
f 5504/6449 5503/6448 5517/6484 5512/6483
f 5503/6478 5516/6477 5518/6482 5517/6481
f 5515/6476 5504/6475 5512/6467 5511/6466
f 5511/6494 5518/6493 5516/6480 5515/6479
f 5519/6440 5520/6441 5521/6442 5522/6443
f 5523/6444 5524/6445 5525/6446 5526/6447
f 5527/6448 5528/6449 5523/6450 5529/6451
f 5520/6452 5530/6453 5531/6454 5521/6455
f 5529/6451 5523/6450 5526/6456 5532/6457
f 5533/6458 5525/6459 5524/6460 5534/6461
f 5534/6462 5529/6463 5532/6464 5533/6465
f 5522/6443 5521/6442 5535/6466 5536/6467
f 5537/6468 5531/6442 5530/6469 5538/6470
f 5538/6471 5519/6472 5522/6473 5537/6474
f 5528/6475 5539/6476 5524/6445 5523/6444
f 5540/6477 5527/6478 5529/6463 5534/6462
f 5534/6461 5524/6460 5539/6479 5540/6480
f 5541/6481 5542/6482 5531/6442 5537/6468
f 5537/6474 5522/6473 5536/6483 5541/6484
f 5520/6441 5519/6440 5526/6485 5525/6486
f 5538/6470 5530/6469 5533/6487 5532/6488
f 5519/6472 5538/6471 5532/6489 5526/6490
f 5530/6453 5520/6452 5525/6491 5533/6492
f 5542/6493 5535/6494 5521/6455 5531/6454
f 5528/6449 5527/6448 5541/6484 5536/6483
f 5527/6478 5540/6477 5542/6482 5541/6481
f 5539/6476 5528/6475 5536/6467 5535/6466
f 5535/6494 5542/6493 5540/6480 5539/6479
f 5543/6440 5544/6441 5545/6442 5546/6443
f 5547/6444 5548/6445 5549/6446 5550/6447
f 5551/6448 5552/6449 5547/6450 5553/6451
f 5544/6452 5554/6453 5555/6454 5545/6455
f 5553/6451 5547/6450 5550/6456 5556/6457
f 5557/6458 5549/6459 5548/6460 5558/6461
f 5558/6462 5553/6463 5556/6464 5557/6465
f 5546/6443 5545/6442 5559/6466 5560/6467
f 5561/6468 5555/6442 5554/6469 5562/6470
f 5562/6471 5543/6472 5546/6473 5561/6474
f 5552/6475 5563/6476 5548/6445 5547/6444
f 5564/6477 5551/6478 5553/6463 5558/6462
f 5558/6461 5548/6460 5563/6479 5564/6480
f 5565/6481 5566/6482 5555/6442 5561/6468
f 5561/6474 5546/6473 5560/6483 5565/6484
f 5544/6441 5543/6440 5550/6485 5549/6486
f 5562/6470 5554/6469 5557/6487 5556/6488
f 5543/6472 5562/6471 5556/6489 5550/6490
f 5554/6453 5544/6452 5549/6491 5557/6492
f 5566/6493 5559/6494 5545/6455 5555/6454
f 5552/6449 5551/6448 5565/6484 5560/6483
f 5551/6478 5564/6477 5566/6482 5565/6481
f 5563/6476 5552/6475 5560/6467 5559/6466
f 5559/6494 5566/6493 5564/6480 5563/6479
f 5567/6440 5568/6441 5569/6442 5570/6443
f 5571/6444 5572/6445 5573/6446 5574/6447
f 5575/6448 5576/6449 5571/6450 5577/6451
f 5568/6452 5578/6453 5579/6454 5569/6455
f 5577/6451 5571/6450 5574/6456 5580/6457
f 5581/6458 5573/6459 5572/6460 5582/6461
f 5582/6462 5577/6463 5580/6464 5581/6465
f 5570/6443 5569/6442 5583/6466 5584/6467
f 5585/6468 5579/6442 5578/6469 5586/6470
f 5586/6471 5567/6472 5570/6473 5585/6474
f 5576/6475 5587/6476 5572/6445 5571/6444
f 5588/6477 5575/6478 5577/6463 5582/6462
f 5582/6461 5572/6460 5587/6479 5588/6480
f 5589/6481 5590/6482 5579/6442 5585/6468
f 5585/6474 5570/6473 5584/6483 5589/6484
f 5568/6441 5567/6440 5574/6485 5573/6486
f 5586/6470 5578/6469 5581/6487 5580/6488
f 5567/6472 5586/6471 5580/6489 5574/6490
f 5578/6453 5568/6452 5573/6491 5581/6492
f 5590/6493 5583/6494 5569/6455 5579/6454
f 5576/6449 5575/6448 5589/6484 5584/6483
f 5575/6478 5588/6477 5590/6482 5589/6481
f 5587/6476 5576/6475 5584/6467 5583/6466
f 5583/6494 5590/6493 5588/6480 5587/6479
f 5591/6440 5592/6441 5593/6442 5594/6443
f 5595/6444 5596/6445 5597/6446 5598/6447
f 5599/6448 5600/6449 5595/6450 5601/6451
f 5592/6452 5602/6453 5603/6454 5593/6455
f 5601/6451 5595/6450 5598/6456 5604/6457
f 5605/6458 5597/6459 5596/6460 5606/6461
f 5606/6462 5601/6463 5604/6464 5605/6465
f 5594/6443 5593/6442 5607/6466 5608/6467
f 5609/6468 5603/6442 5602/6469 5610/6470
f 5610/6471 5591/6472 5594/6473 5609/6474
f 5600/6475 5611/6476 5596/6445 5595/6444
f 5612/6477 5599/6478 5601/6463 5606/6462
f 5606/6461 5596/6460 5611/6479 5612/6480
f 5613/6481 5614/6482 5603/6442 5609/6468
f 5609/6474 5594/6473 5608/6483 5613/6484
f 5592/6441 5591/6440 5598/6485 5597/6486
f 5610/6470 5602/6469 5605/6487 5604/6488
f 5591/6472 5610/6471 5604/6489 5598/6490
f 5602/6453 5592/6452 5597/6491 5605/6492
f 5614/6493 5607/6494 5593/6455 5603/6454
f 5600/6449 5599/6448 5613/6484 5608/6483
f 5599/6478 5612/6477 5614/6482 5613/6481
f 5611/6476 5600/6475 5608/6467 5607/6466
f 5607/6494 5614/6493 5612/6480 5611/6479
o Exterior_Walls02
v 0.125000 7.000000 2.200000
v 0.125000 5.000000 0.500000
v 0.125000 7.000000 0.500000
v 0.125000 5.000000 2.200000
v 0.175000 5.000000 0.500000
v 0.175000 7.000000 0.500000
v 0.175000 7.000000 2.200000
v 0.175000 5.000000 2.200000
v 0.125000 5.020000 0.520000
v 0.125000 6.980000 0.520000
v 0.175000 5.020000 0.520000
v 0.175000 6.980000 0.520000
v 0.125000 6.980000 2.180000
v 0.125000 5.020000 2.180000
v 0.175000 6.980000 2.180000
v 0.175000 5.020000 2.180000
v 0.300000 4.875000 0.500000
v 0.900000 4.875000 2.200000
v 0.900000 4.875000 0.500000
v 0.300000 4.875000 2.200000
v 0.900000 4.825000 0.500000
v 0.300000 4.825000 2.200000
v 0.900000 4.825000 2.200000
v 0.300000 4.825000 0.500000
v 0.880000 4.875000 2.180000
v 0.880000 4.875000 0.520000
v 0.880000 4.825000 0.520000
v 0.880000 4.825000 2.180000
v 0.320000 4.825000 2.180000
v 0.320000 4.875000 2.180000
v 0.320000 4.825000 0.520000
v 0.320000 4.875000 0.520000
v 0.175000 0.600000 2.200000
v 0.175000 2.600000 0.500000
v 0.175000 2.600000 2.200000
v 0.175000 0.600000 0.500000
v 0.125000 2.600000 0.500000
v 0.125000 0.600000 2.200000
v 0.125000 0.600000 0.500000
v 0.125000 2.600000 2.200000
v 0.175000 2.580000 0.520000
v 0.175000 0.620000 0.520000
v 0.125000 2.580000 0.520000
v 0.125000 0.620000 0.520000
v 0.125000 2.580000 2.180000
v 0.125000 0.620000 2.180000
v 0.175000 2.580000 2.180000
v 0.175000 0.620000 2.180000
v 0.900000 9.925000 0.500000
v 0.300000 9.925000 0.500000
v 0.900000 9.925000 2.200000
v 0.300000 9.925000 2.200000
v 0.900000 9.975000 0.500000
v 0.300000 9.975000 0.500000
v 0.300000 9.975000 2.200000
v 0.900000 9.975000 2.200000
v 0.175000 7.800000 2.200000
v 0.175000 9.800000 2.200000
v 0.175000 9.800000 0.500000
v 0.175000 7.800000 0.500000
v 0.125000 7.800000 0.500000
v 0.125000 9.800000 2.200000
v 0.125000 7.800000 2.200000
v 0.125000 9.800000 0.500000
v 0.125000 7.820000 2.180000
v 0.125000 7.820000 0.520000
v 0.175000 7.820000 0.520000
v 0.175000 7.820000 2.180000
v 0.320000 9.975000 2.180000
v 0.125000 9.780000 2.180000
v 0.175000 9.780000 2.180000
v 0.320000 9.975000 0.520000
v 0.125000 9.780000 0.520000
v 0.320000 9.925000 0.520000
v 0.320000 9.925000 2.180000
v 0.175000 9.780000 0.520000
v 0.880000 9.975000 0.520000
v 0.880000 9.925000 0.520000
v 0.880000 9.975000 2.180000
v 0.880000 9.925000 2.180000
v 0.125000 17.200001 2.200000
v 0.125000 19.200003 2.200000
v 0.125000 17.200001 0.500000
v 0.125000 19.200001 0.500000
v 0.300000 17.025000 2.200000
v 0.300000 17.025000 0.500000
v 0.900000 17.025000 0.500000
v 0.900000 17.025000 2.200000
v 0.175000 12.800000 0.500000
v 0.175000 14.799999 0.500000
v 0.125000 14.799999 2.200000
v 0.125000 14.799999 0.500000
v 0.125000 12.800000 2.200000
v 0.125000 12.800000 0.500000
v 0.175000 19.200003 2.200000
v 0.175000 19.200001 0.500000
v 0.175000 17.200001 2.200000
v 0.175000 17.200001 0.500000
v 0.175000 14.799999 2.200000
v 0.175000 12.800000 2.200000
v 0.900000 17.075001 2.200000
v 0.300000 17.075001 2.200000
v 0.900000 17.075001 0.500000
v 0.300000 17.075001 0.500000
v 0.300000 14.975000 2.200000
v 0.900000 14.975000 2.200000
v 0.300000 14.975000 0.500000
v 0.900000 14.975000 0.500000
v 0.300000 14.925000 0.500000
v 0.300000 14.925000 2.200000
v 0.900000 14.925000 2.200000
v 0.900000 14.925000 0.500000
v 0.125000 17.219999 0.520000
v 0.125000 19.179998 0.520000
v 0.320000 17.025000 0.520000
v 0.880000 17.025000 0.520000
v 0.175000 12.820000 0.520000
v 0.175000 14.780000 0.520000
v 0.125000 14.780000 0.520000
v 0.125000 12.820000 0.520000
v 0.175000 19.179998 0.520000
v 0.175000 17.219999 0.520000
v 0.880000 17.075001 0.520000
v 0.320000 17.075001 0.520000
v 0.320000 14.975000 0.520000
v 0.880000 14.975000 0.520000
v 0.320000 14.925000 0.520000
v 0.880000 14.925000 0.520000
v 0.125000 17.219999 2.180000
v 0.125000 19.180000 2.180000
v 0.320000 17.025000 2.180000
v 0.880000 17.025000 2.180000
v 0.125000 14.780000 2.180000
v 0.125000 12.820000 2.180000
v 0.175000 19.180000 2.180000
v 0.175000 17.219999 2.180000
v 0.175000 14.780000 2.180000
v 0.175000 12.820000 2.180000
v 0.880000 17.075001 2.180000
v 0.320000 17.075001 2.180000
v 0.320000 14.975000 2.180000
v 0.880000 14.975000 2.180000
v 0.320000 14.925000 2.180000
v 0.880000 14.925000 2.180000
v 0.150000 2.800000 2.400000
v 0.150000 2.800000 2.500000
v 1.100000 10.000000 2.400000
v 1.100000 15.000000 2.400000
v 0.150000 10.000000 2.500000
v 0.150000 15.000000 2.500000
v 0.150000 10.000000 2.400000
v 0.150000 15.000000 2.400000
v 0.150000 4.800000 2.400000
v 1.100000 4.800000 2.400000
v 1.100000 2.800000 2.400000
v 0.150000 12.050000 2.500000
v 0.150000 12.050000 2.400000
v 1.100000 12.050000 2.400000
v 0.150000 17.000000 2.400000
v 1.100000 17.000000 2.400000
v 0.150000 17.000000 2.500000
v 0.150000 4.800000 2.500000
v 0.100000 5.000000 0.450000
v 0.100000 7.000000 0.450000
v 1.100000 4.360000 0.450000
v 1.100000 4.650001 0.450000
v 0.100000 2.600000 0.450000
v 1.100000 3.240000 0.450000
v 1.100000 2.950000 0.450000
v 0.300000 2.800000 0.400000
v 1.100000 3.240000 0.400000
v 0.100000 2.600000 0.400000
v 0.900000 2.800000 0.050000
v 0.100000 2.600000 0.100000
v 0.070000 2.600000 2.260001
v 0.300000 2.800000 0.100000
v 0.900000 4.800000 0.100000
v 0.100000 0.600000 0.050000
v 0.900000 2.820000 0.400000
v 0.300000 4.780001 2.250002
v 0.300000 2.820000 2.300001
v 0.900000 2.820000 2.300001
v 0.900000 2.820000 2.260001
v 1.100000 4.360000 0.050000
v 0.900000 2.820000 0.050000
v 0.300000 2.820000 0.410000
v 0.900000 2.820000 0.410000
v 0.300000 4.770000 2.260001
v 0.300000 4.770000 2.289999
v 0.900000 4.770000 2.260001
v 0.900000 4.780001 2.300001
v 0.900000 4.780001 2.250002
v 0.900000 4.780001 2.260001
v 0.900000 2.820000 0.100000
v 0.900000 4.770000 0.090000
v 0.300000 4.770000 0.090000
v 0.900000 4.770000 0.060000
v 1.100000 4.360000 0.100000
v 0.070000 0.600000 2.260001
v 0.070000 2.600000 2.289999
v 0.070000 0.600000 2.289999
v 0.300000 4.800000 0.100000
v 0.070000 5.000000 0.090000
v 0.070000 5.000000 0.060000
v 0.070000 7.000000 0.090000
v 0.070000 7.000000 0.060000
v 0.300000 4.800000 0.050000
v 1.100000 4.650001 0.100000
v 0.300000 2.820000 2.260001
v 0.300000 2.820000 0.400000
v 0.900000 2.820000 0.450000
v 0.300000 2.820000 0.450000
v 0.070000 2.600000 0.090000
v 0.300000 4.780000 0.050000
v 0.900000 4.770000 2.289999
v 0.070000 0.600000 0.440000
v 0.070000 0.600000 0.410000
v 0.070000 2.600000 0.060000
v 0.300000 4.770000 0.060000
v 0.900000 4.780000 0.050000
v 0.300000 4.780000 0.100000
v 0.900000 4.780000 0.060000
v 1.080000 4.650001 2.300001
v 1.080000 2.950000 2.289999
v 1.080000 4.360000 2.250001
v 1.080000 2.950000 2.300001
v 1.080000 4.650001 2.260001
v 1.080000 2.950000 2.260001
v 1.080000 4.360000 2.260001
v 1.080000 3.240000 2.300001
v 0.080000 5.000000 0.450000
v 0.080000 7.000000 0.450000
v 0.080000 7.000000 0.410000
v 0.080000 7.000000 0.440000
v 0.080000 0.600000 2.250002
v 0.080000 2.600000 2.250002
v 0.080000 0.600000 2.289999
v 0.080000 2.600000 2.289999
v 0.080000 5.000000 0.400000
v 0.080000 7.000000 0.400000
v 0.080000 5.000000 0.440000
v 0.080000 5.000000 0.410000
v 0.900000 2.830000 2.260001
v 0.300000 2.830000 2.260001
v 0.900000 2.830000 2.289999
v 0.300000 2.830000 2.289999
v 0.900000 4.780000 0.100000
v 0.300000 4.780000 0.090000
v 0.900000 4.780000 0.090000
v 0.300000 4.780000 0.060000
v 0.080000 7.000000 2.300001
v 0.080000 5.000000 2.250002
v 0.080000 7.000000 2.250002
v 0.080000 7.000000 2.289999
v 0.900000 2.820000 0.440000
v 0.300000 2.820000 0.090000
v 0.300000 2.820000 0.100000
v 0.900000 2.820000 0.090000
v 0.070000 0.600000 0.060000
v 0.070000 2.600000 0.410000
v 0.070000 0.600000 0.090000
v 0.070000 2.600000 0.440000
v 0.900000 2.820000 0.060000
v 0.300000 2.820000 0.440000
v 0.300000 2.820000 0.060000
v 0.300000 2.820000 0.050000
v 1.080000 3.240000 2.250001
v 1.080000 3.240000 2.260001
v 1.080000 2.950000 2.250001
v 1.080000 4.650001 2.250001
v 0.070000 7.000000 2.289999
v 0.070000 5.000000 2.260001
v 0.070000 7.000000 2.260001
v 0.070000 5.000000 2.289999
v 0.900000 4.770000 0.410000
v 0.300000 4.770000 0.410000
v 0.300000 4.770000 0.440000
v 0.900000 4.770000 0.440000
v 0.080000 5.000000 0.050000
v 0.080000 7.000000 0.060000
v 0.080000 7.000000 0.090000
v 0.080000 5.000000 0.100000
v 0.080000 2.600000 0.050000
v 0.080000 2.600000 0.100000
v 0.080000 0.600000 0.060000
v 0.080000 2.600000 0.410000
v 0.080000 0.600000 2.260001
v 0.080000 0.600000 2.300001
v 0.080000 2.600000 2.260001
v 0.080000 2.600000 2.300001
v 0.900000 4.780000 0.410000
v 0.900000 4.780000 0.400000
v 0.900000 4.780000 0.450000
v 0.300000 4.780000 0.450000
v 0.080000 0.600000 0.090000
v 0.080000 2.600000 0.440000
v 0.080000 0.600000 0.440000
v 0.080000 0.600000 0.410000
v 0.080000 2.600000 0.400000
v 0.080000 0.600000 0.400000
v 0.080000 0.600000 0.450000
v 0.080000 2.600000 0.450000
v 0.300000 4.780000 0.410000
v 0.300000 4.780000 0.400000
v 0.300000 4.780000 0.440000
v 0.900000 4.780000 0.440000
v 0.080000 5.000000 2.260001
v 0.080000 7.000000 2.260001
v 0.080000 5.000000 2.300001
v 0.080000 5.000000 2.289999
v 0.080000 0.600000 0.050000
v 0.080000 0.600000 0.100000
v 0.080000 2.600000 0.060000
v 0.080000 2.600000 0.090000
v 0.900000 2.820000 2.250002
v 0.300000 2.820000 2.250002
v 0.900000 2.820000 2.289999
v 0.300000 2.820000 2.289999
v 1.080000 4.360000 2.300001
v 1.080000 3.240000 2.289999
v 1.080000 4.650001 2.289999
v 1.080000 4.360000 2.289999
v 0.300000 4.780001 2.300001
v 0.300000 4.780001 2.289999
v 0.300000 4.780001 2.260001
v 0.900000 4.780001 2.289999
v 0.300000 2.830000 0.090000
v 0.900000 2.830000 0.440000
v 0.900000 2.830000 0.410000
v 0.300000 2.830000 0.410000
v 0.070000 5.000000 0.410000
v 0.070000 5.000000 0.440000
v 0.070000 7.000000 0.440000
v 0.070000 7.000000 0.410000
v 0.080000 5.000000 0.060000
v 0.080000 5.000000 0.090000
v 0.080000 7.000000 0.100000
v 0.080000 7.000000 0.050000
v 0.300000 2.830000 0.060000
v 0.300000 2.830000 0.440000
v 0.900000 2.830000 0.060000
v 0.900000 2.830000 0.090000
v 1.070000 2.950000 2.289999
v 1.070000 4.650001 2.260001
v 1.070000 2.950000 2.260001
v 1.070000 4.360000 2.260001
v 1.070000 3.240000 2.260001
v 1.070000 3.240000 2.289999
v 1.070000 4.650001 2.289999
v 1.070000 4.360000 2.289999
v 1.080000 3.240000 0.450000
v 1.080000 2.950000 0.450000
v 1.080000 3.240000 0.400000
v 1.080000 2.950000 0.400000
v 1.080000 3.240000 0.440000
v 1.080000 3.240000 0.100000
v 1.080000 3.240000 0.410000
v 1.080000 2.950000 0.050000
v 1.080000 3.240000 0.090000
v 1.080000 2.950000 0.410000
v 1.080000 3.240000 0.050000
v 1.080000 2.950000 0.440000
v 1.080000 2.950000 0.100000
v 1.080000 2.950000 0.060000
v 1.080000 3.240000 0.060000
v 1.080000 2.950000 0.090000
v 1.070000 3.240000 0.440000
v 1.070000 3.240000 0.410000
v 1.070000 3.240000 0.090000
v 1.070000 2.950000 0.410000
v 1.070000 2.950000 0.440000
v 1.070000 2.950000 0.060000
v 1.070000 3.240000 0.060000
v 1.070000 2.950000 0.090000
v 1.080000 4.360000 0.450000
v 1.080000 4.650001 0.450000
v 1.080000 4.650001 0.400000
v 1.080000 4.360000 0.440000
v 1.080000 4.360000 0.400000
v 1.080000 4.650001 0.440000
v 1.080000 4.650001 0.410000
v 1.080000 4.360000 0.410000
v 1.080000 4.360000 0.090000
v 1.080000 4.360000 0.050000
v 1.080000 4.360000 0.100000
v 1.080000 4.650001 0.060000
v 1.080000 4.360000 0.060000
v 1.080000 4.650001 0.100000
v 1.080000 4.650001 0.050000
v 1.080000 4.650001 0.090000
v 1.070000 4.360000 0.440000
v 1.070000 4.650001 0.440000
v 1.070000 4.650001 0.410000
v 1.070000 4.360000 0.410000
v 1.070000 4.360000 0.090000
v 1.070000 4.650001 0.060000
v 1.070000 4.360000 0.060000
v 1.070000 4.650001 0.090000
v 0.900000 12.049998 0.450000
v 0.100000 7.800000 0.450000
v 0.100000 9.800000 0.450000
v 1.100000 11.899999 0.450000
v 0.100000 7.800000 0.050000
v 0.900000 10.000000 0.100000
v 1.100000 10.464999 0.450000
v 0.900000 10.000000 0.050000
v 0.300000 10.000000 0.050000
v 1.100000 10.150000 0.050000
v 1.100000 11.585000 2.300000
v 1.100000 10.150000 2.300000
v 1.100000 10.464999 0.400000
v 0.300000 12.049998 2.300000
v 1.100000 10.150000 0.400000
v 1.100000 10.464999 0.050000
v 0.080000 7.800000 0.050000
v 0.080000 9.800000 0.090000
v 0.080000 7.800000 0.450000
v 0.080000 9.800000 0.440000
v 0.080000 9.800000 0.100000
v 0.080000 7.800000 0.100000
v 0.300000 12.049998 0.100000
v 1.100000 10.464999 2.300000
v 0.080000 9.800000 0.050000
v 0.080000 7.800000 0.400000
v 0.080000 7.800000 0.090000
v 0.080000 9.800000 0.400000
v 1.100000 11.585000 0.050000
v 1.100000 11.899999 0.050000
v 1.100000 11.899999 2.300000
v 0.300000 12.049998 0.400000
v 0.080000 7.800000 0.440000
v 0.080000 9.800000 0.450000
v 0.080000 9.800000 0.410000
v 0.080000 7.800000 0.410000
v 0.080000 9.800000 0.060000
v 0.080000 7.800000 0.060000
v 1.100000 11.899999 0.100000
v 0.900000 12.049998 0.400000
v 0.070000 9.800000 0.090000
v 0.070000 9.800000 0.440000
v 0.070000 7.800000 0.090000
v 0.070000 7.800000 0.440000
v 0.070000 9.800000 0.410000
v 0.070000 7.800000 0.410000
v 0.070000 9.800000 0.060000
v 0.070000 7.800000 0.060000
v 0.080000 9.800000 2.300001
v 0.080000 7.800000 2.300001
v 0.080000 7.800000 2.289999
v 0.080000 9.800000 2.289999
v 0.080000 7.800000 2.260001
v 0.080000 9.800000 2.260001
v 0.080000 9.800000 2.250001
v 0.080000 7.800000 2.250001
v 0.070000 7.800000 2.289999
v 0.070000 9.800000 2.289999
v 0.070000 7.800000 2.260001
v 0.070000 9.800000 2.260001
v 1.080000 11.585000 0.450000
v 1.080000 11.899999 0.450000
v 1.080000 10.150000 0.450000
v 1.080000 10.464999 0.450000
v 1.080000 11.585000 0.440000
v 1.080000 10.150000 0.410000
v 1.080000 10.150000 0.440000
v 1.080000 10.150000 2.260000
v 1.080000 11.585000 2.260000
v 1.080000 10.150000 0.050000
v 1.080000 10.464999 0.100000
v 1.080000 11.585000 2.300000
v 1.080000 10.150000 2.300000
v 1.080000 10.464999 0.440000
v 1.080000 10.464999 0.410000
v 1.080000 10.464999 0.400000
v 1.080000 10.150000 0.400000
v 1.080000 11.899999 2.250001
v 1.080000 11.585000 2.250001
v 1.080000 10.150000 2.250001
v 1.080000 10.464999 0.060000
v 1.080000 10.150000 0.090000
v 1.080000 10.464999 0.050000
v 1.080000 10.150000 0.060000
v 1.080000 10.150000 0.100000
v 1.080000 10.464999 2.250001
v 1.080000 11.899999 0.410000
v 1.080000 10.464999 2.260000
v 1.080000 11.585000 0.090000
v 1.080000 10.150000 2.289999
v 1.080000 11.585000 2.289999
v 1.080000 10.464999 0.090000
v 1.080000 11.899999 0.060000
v 1.080000 11.899999 0.090000
v 1.080000 11.899999 2.260000
v 1.080000 11.899999 0.400000
v 1.080000 11.585000 0.400000
v 1.080000 10.464999 2.300000
v 1.080000 10.464999 2.289999
v 1.080000 11.585000 0.050000
v 1.080000 11.899999 0.050000
v 1.080000 11.899999 2.300000
v 1.080000 11.899999 2.289999
v 1.080000 11.899999 0.100000
v 1.080000 11.585000 0.100000
v 1.080000 11.585000 0.410000
v 1.080000 11.899999 0.440000
v 1.080000 11.585000 0.060000
v 1.070000 11.585000 0.440000
v 1.070000 10.150000 0.410000
v 1.070000 10.150000 0.440000
v 1.070000 10.150000 2.260000
v 1.070000 11.585000 2.260000
v 1.070000 10.464999 0.440000
v 1.070000 10.464999 0.410000
v 1.070000 10.464999 0.060000
v 1.070000 10.150000 0.090000
v 1.070000 10.150000 0.060000
v 1.070000 11.899999 0.410000
v 1.070000 10.464999 2.260000
v 1.070000 11.585000 0.090000
v 1.070000 10.150000 2.289999
v 1.070000 11.585000 2.289999
v 1.070000 10.464999 0.090000
v 1.070000 11.899999 0.060000
v 1.070000 11.899999 0.090000
v 1.070000 11.899999 2.260000
v 1.070000 10.464999 2.289999
v 1.070000 11.899999 2.289999
v 1.070000 11.585000 0.410000
v 1.070000 11.899999 0.440000
v 1.070000 11.585000 0.060000
v 0.900000 10.020000 0.450000
v 0.300000 10.020000 0.450000
v 0.900000 10.020000 0.100000
v 0.900000 10.020000 0.440000
v 0.900000 10.020000 0.090000
v 0.900000 10.020000 0.410000
v 0.300000 10.020000 0.410000
v 0.300000 10.020000 0.440000
v 0.900000 10.020000 0.050000
v 0.900000 10.020000 0.060000
v 0.300000 10.020000 0.050000
v 0.900000 10.020000 0.400000
v 0.300000 10.020000 2.300001
v 0.300000 10.020000 0.400000
v 0.300000 10.020000 2.289999
v 0.300000 10.020000 0.090000
v 0.300000 10.020000 2.260001
v 0.300000 10.020000 0.060000
v 0.300000 10.020000 0.100000
v 0.300000 10.020000 2.250001
v 0.900000 10.020000 2.250001
v 0.900000 10.020000 2.300001
v 0.900000 10.020000 2.260001
v 0.900000 10.020000 2.289999
v 0.900000 10.029998 0.440000
v 0.900000 10.029998 0.090000
v 0.900000 10.029998 0.410000
v 0.300000 10.029998 0.410000
v 0.300000 10.029998 0.440000
v 0.900000 10.029998 0.060000
v 0.300000 10.029998 2.289999
v 0.300000 10.029998 0.090000
v 0.300000 10.029998 2.260001
v 0.300000 10.029998 0.060000
v 0.900000 10.029998 2.260001
v 0.900000 10.029998 2.289999
v 0.300000 12.029999 0.450000
v 0.900000 12.029999 0.450000
v 0.300000 12.029999 2.300000
v 0.900000 12.029999 2.289999
v 0.900000 12.029999 0.410000
v 0.300000 12.029999 0.410000
v 0.900000 12.029999 2.250001
v 0.300000 12.029999 2.250001
v 0.300000 12.029999 0.090000
v 0.900000 12.029999 2.300000
v 0.300000 12.029999 2.260000
v 0.900000 12.029999 0.100000
v 0.300000 12.029999 0.100000
v 0.300000 12.029999 0.060000
v 0.900000 12.029999 0.060000
v 0.900000 12.029999 2.260000
v 0.900000 12.029999 0.440000
v 0.300000 12.029999 0.400000
v 0.300000 12.029999 2.289999
v 0.300000 12.029999 0.440000
v 0.900000 12.029999 0.050000
v 0.300000 12.029999 0.050000
v 0.900000 12.029999 0.400000
v 0.900000 12.029999 0.090000
v 0.900000 12.020000 2.289999
v 0.900000 12.020000 0.410000
v 0.300000 12.020000 0.410000
v 0.300000 12.020000 0.090000
v 0.300000 12.020000 2.260000
v 0.300000 12.020000 0.060000
v 0.900000 12.020000 0.060000
v 0.900000 12.020000 2.260000
v 0.900000 12.020000 0.440000
v 0.300000 12.020000 2.289999
v 0.300000 12.020000 0.440000
v 0.900000 12.020000 0.090000
v 0.100000 12.800000 0.450000
v 0.900000 14.999998 0.050000
v 0.100000 14.799999 0.400000
v 0.300000 14.999998 0.400000
v 0.100000 19.200001 0.050000
v 0.900000 17.000000 0.050000
v 0.900000 14.999998 0.450000
v 0.300000 14.999998 0.450000
v 0.100000 17.200001 0.400000
v 0.300000 17.000000 0.400000
v 0.900000 17.000000 0.400000
v 0.100000 19.200001 0.450000
v 0.900000 17.000000 0.450000
v 0.300000 17.000000 0.450000
v 0.100000 17.200001 0.450000
v 0.080000 14.799999 0.450000
v 0.080000 12.800000 0.450000
v 0.080000 14.799999 0.400000
v 0.080000 12.800000 0.400000
v 0.080000 14.799999 0.440000
v 0.080000 12.800000 0.440000
v 0.080000 12.800000 0.410000
v 0.080000 14.799999 0.410000
v 0.070000 14.799999 0.440000
v 0.070000 12.800000 0.440000
v 0.070000 12.800000 0.410000
v 0.070000 14.799999 0.410000
v 0.900000 15.020000 0.400000
v 0.300000 15.020000 0.400000
v 0.900000 15.020000 0.450000
v 0.300000 15.020000 0.450000
v 0.900000 15.020000 0.440000
v 0.300000 15.020000 0.440000
v 0.300000 15.020000 0.410000
v 0.900000 15.020000 0.410000
v 0.900000 15.030000 0.440000
v 0.300000 15.030000 0.440000
v 0.300000 15.030000 0.410000
v 0.900000 15.030000 0.410000
v 0.100000 12.800000 0.100000
v 0.300000 15.020000 0.090000
v 0.900000 15.020000 0.090000
v 0.900000 15.020000 0.050000
v 0.300000 15.020000 0.050000
v 0.900000 15.020000 0.100000
v 0.300000 15.020000 0.100000
v 0.300000 15.020000 0.060000
v 0.900000 15.020000 0.060000
v 0.300000 15.030000 0.090000
v 0.900000 15.030000 0.090000
v 0.300000 15.030000 0.060000
v 0.900000 15.030000 0.060000
v 0.080000 12.800000 0.050000
v 0.080000 14.799999 0.050000
v 0.080000 14.799999 0.100000
v 0.080000 12.800000 0.100000
v 0.080000 12.800000 0.060000
v 0.080000 14.799999 0.060000
v 0.080000 12.800000 0.090000
v 0.080000 14.799999 0.090000
v 0.070000 12.800000 0.060000
v 0.070000 14.799999 0.060000
v 0.070000 12.800000 0.090000
v 0.070000 14.799999 0.090000
v 0.100000 14.799999 2.250001
v 0.100000 17.200001 2.250000
v 0.300000 14.999998 2.250001
v 0.300000 17.000000 2.250001
v 0.900000 14.999998 2.250001
v 0.080000 12.800000 2.250001
v 0.080000 14.799999 2.250001
v 0.080000 12.800000 2.289999
v 0.080000 14.799999 2.289999
v 0.080000 14.799999 2.300000
v 0.080000 12.800000 2.300000
v 0.080000 12.800000 2.260000
v 0.080000 14.799999 2.260000
v 0.070000 12.800000 2.289999
v 0.070000 14.799999 2.289999
v 0.070000 12.800000 2.260000
v 0.070000 14.799999 2.260000
v 0.300000 15.020000 2.250001
v 0.900000 15.020000 2.250001
v 0.900000 15.020000 2.300000
v 0.300000 15.020000 2.300000
v 0.300000 15.020000 2.289999
v 0.300000 15.020000 2.260000
v 0.900000 15.020000 2.260000
v 0.900000 15.020000 2.289999
v 0.300000 15.030000 2.289999
v 0.300000 15.030000 2.260000
v 0.900000 15.030000 2.260000
v 0.900000 15.030000 2.289999
v 1.100000 15.149999 2.250000
v 1.100000 15.440006 2.250000
v 1.080000 15.149999 0.050000
v 1.080000 15.149999 0.400000
v 1.080000 15.149999 0.450000
v 1.080000 15.149999 0.440000
v 1.080000 15.149999 0.410000
v 1.080000 15.440006 0.050000
v 1.080000 15.440006 0.410000
v 1.080000 15.440006 0.440000
v 1.080000 15.440006 0.450000
v 1.080000 15.440006 0.400000
v 1.080000 15.149999 0.100000
v 1.080000 15.440006 0.100000
v 1.080000 15.440006 0.090000
v 1.080000 15.149999 0.090000
v 1.080000 15.440006 0.060000
v 1.080000 15.149999 0.060000
v 1.070000 15.149999 0.440000
v 1.070000 15.149999 0.410000
v 1.070000 15.440006 0.410000
v 1.070000 15.440006 0.440000
v 1.070000 15.440006 0.090000
v 1.070000 15.149999 0.090000
v 1.070000 15.440006 0.060000
v 1.070000 15.149999 0.060000
v 1.080000 15.149999 2.250000
v 1.080000 15.440006 2.250000
v 1.080000 15.149999 2.289999
v 1.080000 15.440006 2.259999
v 1.080000 15.149999 2.259999
v 1.080000 15.440006 2.300000
v 1.080000 15.149999 2.300000
v 1.080000 15.440006 2.289999
v 1.070000 15.149999 2.289999
v 1.070000 15.440006 2.259999
v 1.070000 15.149999 2.259999
v 1.070000 15.440006 2.289999
v 1.100000 16.560003 0.050000
v 1.100000 16.560003 0.450000
v 1.100000 16.560003 0.400000
v 1.100000 16.850002 0.450000
v 1.100000 16.560003 0.100000
v 1.100000 16.850002 2.250000
v 1.100000 16.850002 0.400000
v 1.100000 16.560003 2.300000
v 0.900000 17.000000 0.100000
v 0.300000 17.000000 0.100000
v 1.080000 16.850002 0.410000
v 1.080000 16.560003 0.410000
v 1.080000 16.850002 0.400000
v 1.080000 16.850002 2.250000
v 1.080000 16.850002 2.300000
v 1.080000 16.850002 2.289999
v 1.080000 16.560003 0.100000
v 1.080000 16.850002 0.100000
v 0.100000 17.200001 0.100000
v 1.080000 16.560003 0.050000
v 1.080000 16.560003 0.450000
v 1.080000 16.560003 0.400000
v 1.080000 16.560003 0.090000
v 1.080000 16.560003 2.250000
v 1.080000 16.560003 2.300000
v 1.080000 16.560003 2.289999
v 1.080000 16.560003 2.259999
v 1.080000 16.560003 0.060000
v 1.080000 16.850002 0.060000
v 1.080000 16.560003 0.440000
v 1.080000 16.850002 0.440000
v 1.080000 16.850002 2.259999
v 1.080000 16.850002 0.050000
v 1.080000 16.850002 0.450000
v 1.080000 16.850002 0.090000
v 1.070000 16.850002 0.410000
v 1.070000 16.560003 0.410000
v 1.070000 16.850002 2.289999
v 1.070000 16.560003 0.090000
v 1.070000 16.560003 2.289999
v 1.070000 16.560003 2.259999
v 1.070000 16.560003 0.060000
v 1.070000 16.850002 0.060000
v 1.070000 16.560003 0.440000
v 1.070000 16.850002 0.440000
v 1.070000 16.850002 2.259999
v 1.070000 16.850002 0.090000
v 0.080000 19.200001 0.050000
v 0.080000 17.200001 0.050000
v 0.080000 17.200001 0.400000
v 0.080000 19.200001 0.400000
v 0.080000 19.200001 0.450000
v 0.080000 17.200001 0.450000
v 0.080000 19.200003 2.250001
v 0.080000 17.200001 2.250001
v 0.080000 17.200001 2.289999
v 0.080000 19.200003 2.289999
v 0.080000 17.200001 2.300000
v 0.080000 19.200003 2.300000
v 0.080000 17.200001 2.260000
v 0.080000 19.200003 2.260000
v 0.080000 19.200001 0.410000
v 0.080000 19.200001 0.440000
v 0.080000 17.200001 0.060000
v 0.080000 19.200001 0.100000
v 0.080000 17.200001 0.410000
v 0.080000 17.200001 0.440000
v 0.080000 19.200001 0.060000
v 0.080000 17.200001 0.090000
v 0.080000 17.200001 0.100000
v 0.080000 19.200001 0.090000
v 0.070000 17.200001 2.289999
v 0.070000 19.200003 2.289999
v 0.070000 17.200001 2.260000
v 0.070000 19.200003 2.260000
v 0.070000 19.200001 0.410000
v 0.070000 19.200001 0.440000
v 0.070000 17.200001 0.060000
v 0.070000 17.200001 0.410000
v 0.070000 17.200001 0.440000
v 0.070000 19.200001 0.060000
v 0.070000 17.200001 0.090000
v 0.070000 19.200001 0.090000
v 0.900000 16.980000 0.050000
v 0.300000 16.980000 0.050000
v 0.300000 16.980000 0.400000
v 0.900000 16.980000 0.400000
v 0.900000 16.980000 0.450000
v 0.300000 16.980000 0.450000
v 0.300000 16.980000 2.250001
v 0.900000 16.980000 2.250001
v 0.900000 16.980000 2.300000
v 0.300000 16.980000 2.300000
v 0.300000 16.980000 2.289999
v 0.900000 16.980000 2.289999
v 0.900000 16.980000 2.260000
v 0.300000 16.980000 2.260000
v 0.900000 16.980000 0.410000
v 0.300000 16.980000 0.410000
v 0.900000 16.980000 0.100000
v 0.900000 16.980000 0.440000
v 0.900000 16.980000 0.060000
v 0.300000 16.980000 0.440000
v 0.300000 16.980000 0.100000
v 0.300000 16.980000 0.090000
v 0.900000 16.980000 0.090000
v 0.300000 16.980000 0.060000
v 0.300000 16.970001 2.289999
v 0.900000 16.970001 2.289999
v 0.900000 16.970001 2.260000
v 0.300000 16.970001 2.260000
v 0.900000 16.970001 0.410000
v 0.300000 16.970001 0.410000
v 0.900000 16.970001 0.440000
v 0.900000 16.970001 0.060000
v 0.300000 16.970001 0.440000
v 0.300000 16.970001 0.090000
v 0.900000 16.970001 0.090000
v 0.300000 16.970001 0.060000
v 0.100000 0.600000 2.500000
v 0.100000 2.600000 2.500000
v 0.100000 5.000000 2.500000
v 0.100000 7.000000 2.500000
v 0.100000 7.800000 2.500000
v 0.100000 9.800000 2.500000
v 0.100000 12.800000 2.500000
v 0.100000 14.799999 2.500000
v 0.100000 17.200001 2.500000
v 0.100000 19.200001 2.500000
v 0.100000 0.600000 -0.050000
v 0.100000 2.600000 -0.050000
v 0.100000 5.000000 -0.050000
v 0.100000 7.000000 -0.050000
v 0.100000 7.800000 -0.050000
v 0.100000 9.800000 -0.050000
v 0.100000 12.800000 -0.050000
v 0.100000 14.799999 -0.050000
v 0.100000 17.200001 -0.050000
v 0.100000 19.200001 -0.050000
v 0.100000 2.600000 0.500000
v 0.100000 5.000000 0.500000
v 0.100000 7.800000 0.500000
v 0.100000 0.600000 0.500000
v 0.100000 7.000000 0.500000
v 0.100000 12.800000 0.500000
v 0.100000 14.799999 0.500000
v 0.100000 19.200001 0.500000
v 0.100000 9.800000 0.500000
v 0.100000 17.200001 0.500000
v 0.100000 2.600000 2.200000
v 0.100000 7.000000 2.200000
v 0.100000 7.800000 2.200000
v 0.100000 0.600000 2.200000
v 0.100000 5.000000 2.200000
v 0.300000 4.800000 2.400000
v 0.300000 2.800000 2.400000
v 0.300000 2.800000 -0.050000
v 0.300000 4.800000 -0.050000
v 0.300000 2.800000 0.500000
v 0.300000 4.800000 0.500000
v 0.300000 2.800000 2.200000
v 0.300000 4.800000 2.200000
v 0.900000 4.800000 2.400000
v 0.900000 2.800000 2.400000
v 0.900000 2.800000 -0.050000
v 0.900000 4.800000 -0.050000
v 0.900000 2.800000 0.500000
v 0.900000 4.800000 0.500000
v 0.900000 2.800000 2.200000
v 0.900000 4.800000 2.200000
v 0.100000 9.800000 2.200000
v 0.100000 12.800000 2.200000
v 0.300000 10.000000 -0.050000
v 0.300000 12.049998 -0.050000
v 0.300000 10.000000 2.400000
v 0.300000 10.000000 0.500000
v 0.300000 12.049998 2.400000
v 0.300000 10.000000 2.200000
v 0.900000 10.000000 -0.050000
v 0.900000 12.049998 -0.050000
v 0.900000 10.000000 2.400000
v 0.900000 10.000000 0.500000
v 0.900000 12.049998 2.400000
v 0.900000 10.000000 2.200000
v 0.900000 12.049998 0.100000
v 0.100000 14.799999 2.200000
v 0.100000 19.200003 2.200000
v 0.100000 17.200001 2.200000
v 0.300000 14.999998 -0.050000
v 0.300000 17.000000 -0.050000
v 0.300000 14.999998 0.500000
v 0.300000 17.000000 0.500000
v 0.300000 14.999998 2.400000
v 0.300000 17.000000 2.400000
v 0.300000 14.999998 2.200000
v 0.300000 17.000000 2.200000
v 0.900000 14.999998 -0.050000
v 0.900000 17.000000 -0.050000
v 0.900000 14.999998 0.500000
v 0.900000 17.000000 0.500000
v 0.900000 14.999998 2.400000
v 0.900000 17.000000 2.400000
v 0.900000 14.999998 2.200000
v 0.900000 17.000000 2.200000
v 1.100000 15.149999 -0.050000
v 1.100000 15.149999 0.100000
v 1.100000 15.149999 2.400000
v 1.100000 15.149999 0.050000
v 1.100000 15.440006 0.100000
v 1.100000 15.440006 -0.050000
v 1.100000 15.440006 0.050000
v 1.100000 15.440006 2.400000
v 1.100000 16.560003 -0.050000
v 1.100000 16.560003 2.400000
v 1.100000 16.850002 -0.050000
v 1.100000 16.850002 0.050000
v 1.100000 16.850002 0.100000
v 1.100000 16.850002 2.400000
v 1.100000 10.464999 2.400000
v 1.100000 10.464999 -0.050000
v 1.100000 10.464999 0.100000
v 1.100000 10.150000 0.100000
v 1.100000 10.150000 -0.050000
v 1.100000 10.150000 2.400000
v 1.100000 11.585000 2.400000
v 1.100000 11.585000 -0.050000
v 1.100000 11.585000 0.100000
v 1.100000 11.899999 -0.050000
v 1.100000 11.899999 2.400000
v 1.100000 3.240000 2.400000
v 1.100000 3.240000 -0.050000
v 1.100000 3.240000 0.100000
v 1.100000 3.240000 0.050000
v 1.100000 4.360000 -0.050000
v 1.100000 4.360000 2.400000
v 1.100000 2.950000 2.400000
v 1.100000 2.950000 -0.050000
v 1.100000 2.950000 0.050000
v 1.100000 2.950000 0.100000
v 1.100000 4.650001 2.400000
v 1.100000 4.650001 0.050000
v 1.100000 4.650001 -0.050000
v 0.125000 7.000000 2.200000
v 0.125000 5.000000 0.500000
v 0.125000 7.000000 0.500000
v 0.125000 5.000000 2.200000
v 0.900000 4.825000 0.500000
v 0.300000 4.825000 2.200000
v 0.900000 4.825000 2.200000
v 0.300000 4.825000 0.500000
v 0.300000 2.775000 2.200000
v 0.300000 2.775000 0.500000
v 0.900000 2.775000 0.500000
v 0.900000 2.775000 2.200000
v 0.125000 2.600000 0.500000
v 0.125000 0.600000 2.200000
v 0.125000 0.600000 0.500000
v 0.125000 2.600000 2.200000
v 0.900000 9.975000 0.500000
v 0.300000 9.975000 0.500000
v 0.300000 9.975000 2.200000
v 0.900000 9.975000 2.200000
v 0.125000 7.800000 0.500000
v 0.125000 9.800000 2.200000
v 0.125000 7.800000 2.200000
v 0.125000 9.800000 0.500000
v 0.125000 17.200001 2.200000
v 0.125000 19.200003 2.200000
v 0.125000 17.200001 0.500000
v 0.125000 19.200001 0.500000
v 0.300000 17.025000 2.200000
v 0.300000 17.025000 0.500000
v 0.900000 17.025000 0.500000
v 0.900000 17.025000 2.200000
v 0.125000 14.799999 2.200000
v 0.125000 14.799999 0.500000
v 0.125000 12.800000 2.200000
v 0.125000 12.800000 0.500000
v 0.300000 14.975000 2.200000
v 0.900000 14.975000 2.200000
v 0.300000 14.975000 0.500000
v 0.900000 14.975000 0.500000
v 1.100000 4.360000 0.400000
v 1.100000 4.650001 0.400000
v 1.100000 2.950000 0.400000
v 1.100000 3.240000 2.300000
v 1.100000 2.950000 2.300000
v 1.100000 4.360000 2.300000
v 1.100000 4.650001 2.300000
v 1.100000 4.360000 2.250000
v 1.100000 4.650001 2.250000
v 1.100000 3.240000 2.250000
v 1.100000 2.950000 2.250000
v 1.100000 11.899999 0.400000
v 1.100000 11.585000 0.400000
v 1.100000 11.585000 0.450000
v 1.100000 10.150000 0.450000
v 1.100000 11.899999 2.250000
v 1.100000 11.585000 2.250000
v 1.100000 10.150000 2.250000
v 1.100000 10.464999 2.250000
v 1.100000 15.149999 0.400000
v 1.100000 15.440006 0.400000
v 1.100000 15.149999 0.450000
v 1.100000 15.440006 0.450000
v 1.100000 15.149999 2.300000
v 1.100000 15.440006 2.300000
v 1.100000 16.850002 2.300000
v 1.100000 16.560003 2.250000
v 0.100000 17.200001 0.050000
v 0.300000 17.000000 0.050000
v 0.300000 14.999998 0.050000
v 0.100000 12.800000 0.050000
v 0.100000 14.799999 0.050000
v 0.900000 12.049998 0.050000
v 0.300000 12.049998 0.050000
v 0.100000 9.800000 0.050000
v 0.100000 5.000000 0.050000
v 0.100000 7.000000 0.050000
v 0.900000 4.800000 0.050000
v 0.300000 2.800000 0.050000
v 0.100000 2.600000 0.050000
v 0.100000 19.200001 0.100000
v 0.300000 14.999998 0.100000
v 0.900000 14.999998 0.100000
v 0.100000 14.799999 0.100000
v 0.300000 10.000000 0.100000
v 0.100000 7.800000 0.100000
v 0.100000 9.800000 0.100000
v 0.100000 5.000000 0.100000
v 0.100000 7.000000 0.100000
v 0.900000 2.800000 0.100000
v 0.100000 0.600000 0.100000
v 0.100000 14.799999 0.450000
v 0.300000 12.049998 0.450000
v 0.900000 10.000000 0.450000
v 0.300000 10.000000 0.450000
v 0.300000 4.800000 0.450000
v 0.900000 4.800000 0.450000
v 0.900000 2.800000 0.450000
v 0.300000 2.800000 0.450000
v 0.100000 0.600000 0.450000
v 0.100000 0.600000 0.400000
v 0.900000 2.800000 0.400000
v 0.300000 4.800000 0.400000
v 0.900000 4.800000 0.400000
v 0.100000 5.000000 0.400000
v 0.100000 7.000000 0.400000
v 0.100000 7.800000 0.400000
v 0.100000 9.800000 0.400000
v 0.900000 10.000000 0.400000
v 0.300000 10.000000 0.400000
v 0.100000 12.800000 0.400000
v 0.900000 14.999998 0.400000
v 0.100000 19.200001 0.400000
v 0.100000 19.200001 2.250000
v 0.900000 17.000000 2.250000
v 0.100000 12.800000 2.250000
v 0.900000 12.049998 2.250000
v 0.300000 12.049998 2.250000
v 0.900000 10.000000 2.250000
v 0.300000 10.000000 2.250000
v 0.100000 7.800000 2.250000
v 0.100000 9.800000 2.250000
v 0.100000 5.000000 2.250000
v 0.100000 7.000000 2.250000
v 0.900000 4.800000 2.250000
v 0.300000 4.800000 2.250000
v 0.900000 2.800000 2.250000
v 0.300000 2.800000 2.250000
v 0.100000 2.600000 2.250000
v 0.100000 0.600000 2.250000
v 0.100000 2.600000 2.300000
v 0.100000 0.600000 2.300000
v 0.900000 2.800000 2.300000
v 0.300000 2.800000 2.300000
v 0.900000 4.800000 2.300000
v 0.300000 4.800000 2.300000
v 0.100000 5.000000 2.300000
v 0.100000 7.000000 2.300000
v 0.100000 7.800000 2.300000
v 0.100000 9.800000 2.300000
v 0.900000 10.000000 2.300000
v 0.300000 10.000000 2.300000
v 0.900000 12.049998 2.300000
v 0.100000 14.799999 2.300000
v 0.100000 12.800000 2.300000
v 0.300000 14.999998 2.300000
v 0.900000 14.999998 2.300000
v 0.900000 17.000000 2.300000
v 0.300000 17.000000 2.300000
v 0.100000 17.200001 2.300000
v 0.100000 19.200001 2.300000
v 0.600000 12.049998 0.400000
v 0.600000 12.029999 0.450000
v 0.600000 12.029999 0.400000
v 0.600000 12.029999 2.250001
v 0.600000 12.029999 2.300000
v 0.600000 12.029999 0.050000
v 0.600000 12.029999 2.260000
v 0.600000 12.029999 2.289999
v 0.600000 12.029999 0.090000
v 0.600000 12.029999 0.100000
v 0.600000 12.029999 0.060000
v 0.600000 12.029999 0.440000
v 0.600000 12.029999 0.410000
v 0.600000 12.020000 2.260000
v 0.600000 12.020000 2.289999
v 0.600000 12.020000 0.090000
v 0.600000 12.020000 0.060000
v 0.600000 12.020000 0.440000
v 0.600000 12.020000 0.410000
v 0.600000 12.049998 2.400000
v 0.600000 12.049998 -0.050000
v 0.600000 12.049998 0.050000
v 0.600000 12.049998 2.250000
v 0.600000 12.049998 0.450000
v 0.600000 12.049998 2.300000
v 0.600000 12.049998 0.100000
v 1.150000 4.250001 0.010000
v 1.150000 4.250001 2.109999
v 1.150000 3.350000 0.009996
v 1.150000 3.350000 2.109999
v 1.150000 4.240001 0.020002
v 1.150000 3.360000 0.020000
v 1.150000 3.360000 2.099999
v 1.100000 3.360000 2.099999
v 1.099999 4.240001 2.099999
v 1.150000 4.240001 2.099999
v 1.099999 4.260000 -0.050000
v 1.100000 3.339999 -0.050000
v 1.100000 3.360000 0.020000
v 1.099999 4.240001 0.020000
v 1.100000 3.339999 2.120001
v 1.099999 4.260000 2.120001
v 1.150000 11.475000 0.010000
v 1.150000 11.475000 2.109999
v 1.150000 10.575000 0.009996
v 1.150000 10.575000 2.109999
v 1.150000 11.465000 0.020002
v 1.150000 10.584999 0.020000
v 1.150000 10.584999 2.099999
v 1.100000 10.584999 2.099999
v 1.099999 11.465000 2.099999
v 1.150000 11.465000 2.099999
v 1.099999 11.484999 -0.050000
v 1.100000 10.564999 -0.050000
v 1.100000 10.584999 0.020000
v 1.099999 11.465000 0.020000
v 1.100000 10.564999 2.120001
v 1.099999 11.484999 2.120001
v 1.150000 16.450001 0.010000
v 1.150000 16.450001 2.109999
v 1.150000 15.549999 0.009996
v 1.150000 15.549999 2.109999
v 1.150000 16.440001 0.020002
v 1.150000 15.559999 0.020000
v 1.150000 15.559999 2.099999
v 1.100000 15.559999 2.099999
v 1.099999 16.440001 2.099999
v 1.150000 16.440001 2.099999
v 1.099999 16.459999 -0.050000
v 1.100000 15.539999 -0.050000
v 1.100000 15.559999 0.020000
v 1.099999 16.440001 0.020000
v 1.100000 15.539999 2.120001
v 1.099999 16.459999 2.120001
v 0.030000 2.650000 -0.050000
v 0.125000 5.000000 2.500000
v 0.125000 7.000000 2.500000
v 0.050000 7.050000 2.500000
v 0.050000 7.050000 -0.050000
v 0.125000 7.800000 2.500000
v 0.125000 9.800000 2.500000
v 1.050000 10.565000 -0.050000
v 1.050000 10.544999 2.400000
v 1.050000 15.540000 -0.050000
v 0.125000 12.800000 2.500000
v 0.125000 14.799999 2.500000
v 0.125000 17.200001 2.500000
v 0.125000 19.200001 2.500000
v 1.050000 16.480003 2.400000
v 0.050000 0.550000 2.500000
v 0.050000 9.850000 -0.050000
v 0.050000 9.850000 2.500000
v 0.125000 17.200001 -0.050000
v 0.050000 0.550000 -0.050000
v 0.125000 0.600000 -0.050000
v 0.900000 10.050000 -0.050000
v 0.050000 15.049998 -0.050000
v 0.900000 15.049999 -0.050000
v 0.100000 15.049998 -0.050000
v 0.125000 9.800000 -0.050000
v 1.050000 11.485000 -0.050000
v 0.100000 11.999998 -0.050000
v 0.050000 7.750000 2.500000
v 0.300000 4.825000 2.500000
v 0.300000 4.825000 -0.050000
v 0.900000 4.825000 2.400000
v 0.900000 2.775000 2.400000
v 0.900000 2.775000 -0.050000
v 1.050000 3.320000 2.400000
v 1.050000 4.650001 2.400000
v 1.050000 4.280000 2.400000
v 1.050000 2.950000 2.400000
v 1.050000 4.360000 2.400000
v 1.100000 4.260000 -0.050000
v 1.100000 3.340000 -0.050000
v 1.100000 3.340000 2.119999
v 1.100000 4.260000 2.119999
v 1.050000 3.240000 2.400000
v 0.100000 11.999998 2.500000
v 0.050000 7.750000 -0.050000
v 0.900000 10.050000 2.400000
v 0.300000 12.049998 -0.050000
v 0.300000 9.975000 2.500000
v 0.300000 12.049998 2.500000
v 0.900000 9.975000 -0.050000
v 0.900000 12.049998 -0.050000
v 0.900000 9.975000 2.400000
v 0.900000 12.049998 2.400000
v 1.050000 10.565000 2.119999
v 1.050000 11.485000 2.119999
v 1.100000 11.485000 -0.050000
v 1.100000 10.565000 -0.050000
v 1.100000 11.485000 2.119999
v 1.100000 10.565000 2.119999
v 0.050000 19.200001 2.500000
v 0.300000 14.975000 2.500000
v 0.300000 17.025000 2.500000
v 0.900000 14.975000 -0.050000
v 0.900000 14.975000 2.400000
v 0.900000 17.025000 2.400000
v 1.050000 15.520000 2.400000
v 1.100000 16.459999 -0.050000
v 1.100000 15.540000 -0.050000
v 1.100000 16.459999 2.119999
v 1.100000 15.540000 2.119999
v 0.050000 17.000000 2.500000
v 0.050000 17.200001 2.500000
v 0.050000 17.200001 -0.050000
v 0.050000 17.000000 -0.050000
v 0.100000 16.950001 2.500000
v 0.100000 16.950001 -0.050000
v 0.300000 16.950001 -0.050000
v 0.300000 16.950001 2.500000
v 0.050000 16.950001 2.500000
v 0.050000 16.950001 -0.050000
v 0.050000 19.200001 -0.050000
v 0.050000 12.800000 2.500000
v 0.050000 12.800000 -0.050000
v 0.050000 14.799999 2.500000
v 0.050000 14.999998 2.500000
v 0.050000 14.799999 -0.050000
v 0.050000 14.999998 -0.050000
v 0.100000 15.049998 2.500000
v 0.300000 15.049998 -0.050000
v 0.300000 15.049998 2.500000
v 0.050000 15.049998 2.500000
v 0.900000 15.049999 2.400000
v 1.050000 16.480003 -0.050000
v 0.900000 16.950001 -0.050000
v 0.900000 16.950001 2.400000
v 1.030000 16.480003 2.400000
v 1.050000 16.459999 -0.050000
v 1.050000 16.459999 2.119999
v 1.050000 15.540000 2.119999
v 0.050000 14.849998 2.500000
v 0.050000 14.849998 -0.050000
v 0.030000 17.000000 -0.050000
v 0.030000 17.000000 2.500000
v 0.050000 17.150000 -0.050000
v 0.050000 17.150000 2.500000
v 0.030000 14.849998 2.500000
v 0.030000 14.999998 2.500000
v 0.030000 14.999998 -0.050000
v 0.030000 14.849998 -0.050000
v 0.030000 17.150000 -0.050000
v 0.030000 17.150000 2.500000
v 0.030000 12.600000 2.500000
v 0.030000 12.600000 -0.050000
v 0.030000 19.400000 -0.050000
v 0.030000 19.250000 -0.050000
v 0.030000 19.400000 2.500000
v 0.050000 19.250000 2.500000
v 0.050000 19.250000 -0.050000
v 0.030000 19.250000 2.500000
v 0.030000 12.749999 2.500000
v 0.050000 12.749999 2.500000
v 0.030000 12.749999 -0.050000
v 0.050000 12.749999 -0.050000
v 1.050000 15.149999 2.400000
v 1.050000 15.149999 -0.050000
v 1.050000 15.440006 -0.050000
v 1.050000 15.440006 2.400000
v 1.100000 15.149999 -0.050000
v 1.100000 15.149999 2.400000
v 1.100000 15.440006 -0.050000
v 1.100000 15.440006 2.400000
v 1.050000 16.560003 2.400000
v 1.050000 16.560003 -0.050000
v 1.050000 16.850002 -0.050000
v 1.100000 16.560003 -0.050000
v 1.100000 16.560003 2.400000
v 1.100000 16.850002 -0.050000
v 1.050000 16.850002 2.400000
v 1.100000 16.850002 2.400000
v 0.250000 15.049998 -0.050000
v 0.250000 16.950001 2.500000
v 0.250000 16.950001 -0.050000
v 0.250000 15.049998 2.500000
v 0.250000 15.070004 -0.050000
v 0.100000 15.070004 2.500000
v 0.100000 15.070004 -0.050000
v 0.250000 15.070004 2.500000
v 0.100000 16.929996 -0.050000
v 0.100000 16.929996 2.500000
v 0.250000 16.929996 2.500000
v 0.250000 16.929996 -0.050000
v 1.050000 15.129994 2.400000
v 1.050000 15.129994 -0.050000
v 0.950000 16.950001 2.400000
v 0.950000 15.049999 -0.050000
v 0.950000 16.950001 -0.050000
v 0.950000 15.049999 2.400000
v 1.030000 15.070004 2.400000
v 1.030000 15.070004 -0.050000
v 0.950000 15.070004 -0.050000
v 0.950000 15.070000 2.400000
v 1.030000 16.929996 -0.050000
v 1.030000 16.929996 2.400000
v 0.950000 16.929996 2.400002
v 0.950000 16.929996 -0.050000
v 1.050000 16.870003 -0.050000
v 1.050000 16.870003 2.400000
v 1.030000 15.129994 -0.050000
v 1.030000 16.870003 2.400000
v 1.030000 16.870003 -0.050000
v 1.030000 15.129994 2.400000
v 1.030000 15.520000 2.400000
v 1.050000 16.540005 2.400000
v 1.050000 15.520000 -0.050000
v 1.030000 15.520000 -0.050000
v 1.030000 16.540005 2.400000
v 1.030000 15.460002 -0.050000
v 1.030000 16.480003 -0.050000
v 1.050000 15.460002 2.400000
v 1.030000 15.460002 2.400000
v 1.050000 16.540005 -0.050000
v 1.050000 15.460002 -0.050000
v 1.030000 16.540005 -0.050000
v 0.050000 7.800000 2.500000
v 0.050000 9.800000 2.500000
v 0.050000 10.000000 2.500000
v 0.050000 12.049998 2.500000
v 0.050000 12.049998 -0.050000
v 0.050000 7.800000 -0.050000
v 0.050000 9.800000 -0.050000
v 0.050000 10.000000 -0.050000
v 0.100000 10.050000 2.500000
v 0.100000 10.050000 -0.050000
v 0.300000 10.050000 -0.050000
v 0.300000 10.050000 2.500000
v 0.050000 10.050000 2.500000
v 0.050000 10.050000 -0.050000
v 0.300000 11.999998 -0.050000
v 0.300000 11.999998 2.500000
v 0.900000 11.999998 -0.050000
v 0.900000 11.999998 2.400000
v 1.030000 10.544999 2.400000
v 1.030000 11.504999 2.400000
v 0.050000 11.999998 2.500000
v 0.050000 11.999998 -0.050000
v 1.100000 10.464999 2.400000
v 1.100000 10.464999 -0.050000
v 1.100000 10.150000 -0.050000
v 1.100000 10.150000 2.400000
v 1.050000 10.150000 -0.050000
v 1.050000 10.150000 2.400000
v 1.100000 11.585000 2.400000
v 1.100000 11.585000 -0.050000
v 1.100000 11.899999 -0.050000
v 1.050000 11.899999 2.400000
v 1.100000 11.899999 2.400000
v 1.050000 11.899999 -0.050000
v 1.050000 11.504999 2.400002
v 1.050000 10.464999 2.400000
v 1.050000 11.585000 2.400000
v 1.050000 10.464999 -0.050000
v 1.050000 11.585000 -0.050000
v 0.030000 9.850000 2.500000
v 0.030000 7.750000 2.500000
v 0.030000 7.750000 -0.050000
v 0.030000 7.599999 2.500000
v 0.030000 7.599999 -0.050000
v 0.030000 10.000000 2.500000
v 0.030000 12.049998 2.500000
v 0.030000 12.200000 2.500000
v 0.030000 12.200000 -0.050000
v 0.030000 10.000000 -0.050000
v 0.030000 12.049998 -0.050000
v 0.030000 9.850000 -0.050000
v 0.250000 10.050000 -0.050000
v 0.250000 10.050000 2.500000
v 0.250000 11.999998 -0.050000
v 0.250000 11.999998 2.500000
v 0.100000 11.979999 2.500000
v 0.100000 11.979999 -0.050000
v 0.100000 10.070000 2.500000
v 0.100000 10.070000 -0.050000
v 0.250000 10.070000 2.500000
v 0.250000 10.070000 -0.050000
v 0.250000 11.979999 2.500000
v 0.250000 11.979999 -0.050000
v 0.950000 11.999998 -0.050000
v 0.950000 11.999998 2.400000
v 0.950000 10.050000 2.400000
v 0.950000 10.050000 -0.050000
v 1.050000 11.919999 -0.050000
v 1.050000 11.919999 2.400000
v 1.050000 10.129998 -0.050000
v 1.050000 10.129998 2.400000
v 1.030000 11.979999 2.400000
v 1.030000 11.979999 -0.050000
v 1.030000 10.070000 -0.050000
v 1.030000 10.070000 2.400000
v 1.050000 11.504999 -0.050000
v 1.030000 11.919999 2.400000
v 1.030000 11.919999 -0.050000
v 1.050000 11.565000 2.400000
v 1.050000 11.565000 -0.050000
v 1.030000 10.129998 2.400000
v 1.030000 10.129998 -0.050000
v 0.950000 11.979999 2.400000
v 0.950000 11.979999 -0.050000
v 1.030000 11.565000 -0.050000
v 1.050000 10.544999 -0.050000
v 0.950000 10.069999 -0.050000
v 0.950000 10.069999 2.400000
v 1.030000 11.565000 2.400002
v 1.050000 10.485000 2.400000
v 1.030000 11.504999 -0.050000
v 1.050000 10.485000 -0.050000
v 1.030000 10.485000 -0.050000
v 1.030000 10.544999 -0.050000
v 1.030000 10.485000 2.400000
v 0.050000 4.800000 2.500000
v 0.050000 5.000000 2.500000
v 0.050000 7.000000 2.500000
v 1.030000 4.670000 2.400000
v 1.030000 4.280000 2.400000
v 0.050000 4.800000 -0.050000
v 0.050000 7.000000 -0.050000
v 0.050000 2.800000 -0.050000
v 0.050000 2.600000 -0.050000
v 0.050000 5.000000 -0.050000
v 0.050000 0.600000 -0.050000
v 0.050000 2.800000 2.500000
v 0.050000 2.600000 2.500000
v 0.050000 0.600000 2.500000
v 1.100000 3.240000 2.400000
v 1.100000 3.240000 -0.050000
v 1.100000 4.360000 -0.050000
v 0.100000 4.749999 2.500000
v 1.050000 4.360000 -0.050000
v 1.050000 3.340000 2.119999
v 1.050000 4.260000 -0.050000
v 1.050000 4.260000 2.119999
v 1.050000 3.240000 -0.050000
v 1.100000 4.360000 2.400000
v 1.050000 3.340000 -0.050000
v 0.900000 4.749999 2.400000
v 1.100000 2.950000 2.400000
v 1.100000 2.950000 -0.050000
v 1.050000 4.650001 -0.050000
v 0.300000 4.749999 2.500000
v 0.250000 4.730000 2.500000
v 1.050000 2.950000 -0.050000
v 0.900000 2.850000 -0.050000
v 0.900000 2.850000 2.400000
v 0.900000 4.749999 -0.050000
v 0.100000 2.850000 2.500000
v 0.300000 2.850000 2.500000
v 1.100000 4.650001 2.400000
v 0.100000 2.850000 -0.050000
v 0.050000 4.749999 2.500000
v 0.300000 2.850000 -0.050000
v 0.300000 4.749999 -0.050000
v 1.100000 4.650001 -0.050000
v 0.050000 4.749999 -0.050000
v 0.100000 4.749999 -0.050000
v 0.050000 2.850000 -0.050000
v 0.050000 2.850000 2.500000
v 0.030000 0.400000 -0.050000
v 0.050000 4.950000 2.500000
v 0.050000 2.650000 2.500000
v 0.250000 4.749999 -0.050000
v 0.050000 4.950000 -0.050000
v 0.050000 2.650000 -0.050000
v 0.030000 4.950000 2.500000
v 0.030000 2.650000 2.500000
v 0.250000 2.850000 -0.050000
v 0.250000 2.850000 2.500000
v 0.250000 4.749999 2.500000
v 0.950000 4.749999 -0.050000
v 1.050000 4.280000 -0.050000
v 1.050000 2.930000 -0.050000
v 0.030000 4.800000 2.500000
v 0.030000 0.550000 -0.050000
v 1.050000 4.670000 -0.050000
v 1.050000 3.320000 -0.050000
v 0.950000 2.850000 -0.050000
v 0.030000 0.400000 2.500000
v 0.030000 2.800000 2.500000
v 0.030000 7.050000 2.500000
v 0.030000 4.950000 -0.050000
v 0.030000 4.800000 -0.050000
v 0.030000 2.800000 -0.050000
v 1.050000 4.340000 2.400000
v 0.030000 0.550000 2.500000
v 0.030000 7.050000 -0.050000
v 0.950000 2.850000 2.400000
v 1.050000 3.260000 -0.050000
v 0.030000 7.200000 2.500000
v 0.030000 7.200000 -0.050000
v 1.050000 4.340000 -0.050000
v 1.050000 2.930000 2.400000
v 0.950000 4.749999 2.400000
v 1.050000 4.670000 2.400000
v 1.050000 3.260000 2.400000
v 1.030000 4.730000 2.400000
v 1.030000 2.870000 -0.050000
v 1.030000 2.870000 2.400000
v 1.030000 4.730000 -0.050000
v 1.030000 4.280000 -0.050000
v 1.030000 2.930000 -0.050000
v 1.030000 3.320000 -0.050000
v 1.030000 4.670000 -0.050000
v 1.030000 4.340000 2.400000
v 1.030000 3.260000 -0.050000
v 1.030000 3.320000 2.400000
v 1.030000 4.340000 -0.050000
v 1.030000 2.930000 2.400000
v 1.030000 3.260000 2.400000
v 0.950000 2.870000 2.400000
v 0.950000 2.870000 -0.050000
v 0.950000 4.729999 2.400000
v 0.100000 4.730000 2.500000
v 0.950000 4.729999 -0.050000
v 0.100000 4.730000 -0.050000
v 0.250000 4.730000 -0.050000
v 0.100000 2.870000 2.500000
v 0.100000 2.870000 -0.050000
v 0.250000 2.870000 -0.050000
v 0.250000 2.870000 2.500000
v 0.125000 5.000000 -0.050000
v 0.125000 7.000000 -0.050000
v 0.900000 4.825000 -0.050000
v 0.300000 2.775000 2.500000
v 0.300000 2.775000 -0.050000
v 0.125000 2.600000 -0.050000
v 0.125000 0.600000 2.500000
v 0.125000 2.600000 2.500000
v 0.300000 9.975000 -0.050000
v 0.125000 7.800000 -0.050000
v 0.125000 19.200001 -0.050000
v 0.300000 17.025000 -0.050000
v 0.900000 17.025000 -0.050000
v 0.125000 14.799999 -0.050000
v 0.125000 12.800000 -0.050000
v 0.300000 14.975000 -0.050000
vt 0.261738 0.484029
vt 0.259457 0.487932
vt 0.039716 0.487961
vt 0.035841 0.484029
vt 0.037435 0.497470
vt 0.039717 0.493567
vt 0.259458 0.493538
vt 0.263332 0.497470
vt 0.037434 0.497559
vt 0.039715 0.493656
vt 0.259457 0.493627
vt 0.263331 0.497559
vt 0.261738 0.484118
vt 0.259456 0.488022
vt 0.039714 0.488050
vt 0.035840 0.484119
vt 0.262240 0.483944
vt 0.259859 0.487411
vt 0.064718 0.487430
vt 0.061271 0.483945
vt 0.262239 0.483985
vt 0.259859 0.487452
vt 0.064718 0.487471
vt 0.061271 0.483986
vt 0.062338 0.496816
vt 0.064718 0.493349
vt 0.259859 0.493330
vt 0.263306 0.496815
vt 0.184443 0.484398
vt 0.187035 0.486991
vt 0.259627 0.486991
vt 0.262220 0.484398
vt 0.259381 0.495449
vt 0.256788 0.492856
vt 0.184196 0.492857
vt 0.181604 0.495449
vt 0.187035 0.493472
vt 0.259627 0.493472
vt 0.181604 0.483783
vt 0.184196 0.486375
vt 0.256788 0.486375
vt 0.259381 0.483782
vt 0.262140 0.484106
vt 0.259760 0.487573
vt 0.064618 0.487593
vt 0.061171 0.484107
vt 0.062238 0.496937
vt 0.064619 0.493470
vt 0.259760 0.493451
vt 0.263207 0.496936
vt 0.261296 0.484005
vt 0.258915 0.487471
vt 0.063773 0.487490
vt 0.060326 0.484005
vt 0.262220 0.496064
vt 0.184443 0.496064
vt 0.061393 0.496835
vt 0.063774 0.493368
vt 0.258916 0.493349
vt 0.262363 0.496834
vt 0.062130 0.497070
vt 0.064511 0.493603
vt 0.259653 0.493584
vt 0.263101 0.497070
vt 0.261426 0.496935
vt 0.259144 0.493032
vt 0.039405 0.493004
vt 0.035530 0.496935
vt 0.262757 0.483732
vt 0.260475 0.487635
vt 0.040735 0.487664
vt 0.036861 0.483732
vt 0.038454 0.497173
vt 0.040736 0.493269
vt 0.260476 0.493241
vt 0.264350 0.497172
vt 0.064682 0.493487
vt 0.064682 0.487609
vt 0.037124 0.483494
vt 0.039405 0.487398
vt 0.259145 0.487426
vt 0.263019 0.483494
vt 0.262205 0.484123
vt 0.062302 0.496953
vt 0.263272 0.496953
vt 0.262033 0.484240
vt 0.259653 0.487706
vt 0.064510 0.487726
vt 0.061063 0.484240
vt 0.062142 0.496958
vt 0.064523 0.493492
vt 0.259664 0.493472
vt 0.263112 0.496958
vt 0.262355 0.495991
vt 0.259763 0.493398
vt 0.187171 0.493398
vt 0.184579 0.495991
vt 0.064521 0.487605
vt 0.061075 0.484118
vt 0.062438 0.496954
vt 0.064818 0.493488
vt 0.259959 0.493469
vt 0.263407 0.496954
vt 0.259144 0.492949
vt 0.039405 0.492921
vt 0.262044 0.484128
vt 0.259664 0.487595
vt 0.184579 0.484324
vt 0.187171 0.486917
vt 0.259763 0.486917
vt 0.262356 0.484324
vt 0.062138 0.496948
vt 0.261738 0.483902
vt 0.259457 0.487805
vt 0.039716 0.487834
vt 0.035842 0.483902
vt 0.039717 0.493440
vt 0.259458 0.493411
vt 0.259959 0.487591
vt 0.064818 0.487610
vt 0.262340 0.484124
vt 0.061371 0.484125
vt 0.037436 0.497343
vt 0.263332 0.497343
vt 0.037124 0.483412
vt 0.039406 0.487315
vt 0.259145 0.487344
vt 0.263019 0.483412
vt 0.232546 0.485260
vt 0.229953 0.487852
vt 0.157361 0.487853
vt 0.154768 0.485260
vt 0.154768 0.496927
vt 0.157361 0.494334
vt 0.229953 0.494334
vt 0.232546 0.496927
vt 0.257654 0.496463
vt 0.255061 0.493870
vt 0.182470 0.493871
vt 0.179877 0.496463
vt 0.261596 0.497151
vt 0.259315 0.493247
vt 0.039573 0.493219
vt 0.035699 0.497151
vt 0.185462 0.496671
vt 0.188055 0.494078
vt 0.260647 0.494078
vt 0.263239 0.496671
vt 0.259830 0.487528
vt 0.262307 0.483988
vt 0.064786 0.487474
vt 0.261598 0.497068
vt 0.039575 0.493137
vt 0.035700 0.497069
vt 0.181903 0.496065
vt 0.179311 0.493472
vt 0.106719 0.493472
vt 0.104127 0.496065
vt 0.262649 0.483702
vt 0.260365 0.487609
vt 0.040381 0.487637
vt 0.036503 0.483701
vt 0.104127 0.484398
vt 0.106719 0.486991
vt 0.179311 0.486991
vt 0.181904 0.484398
vt 0.038333 0.497158
vt 0.040554 0.493280
vt 0.260533 0.493251
vt 0.179877 0.484796
vt 0.182470 0.487389
vt 0.255061 0.487389
vt 0.257654 0.484796
vt 0.040553 0.487668
vt 0.036674 0.483732
vt 0.037294 0.483628
vt 0.039575 0.487531
vt 0.259316 0.487560
vt 0.263191 0.483628
vt 0.258841 0.496054
vt 0.256249 0.493462
vt 0.183657 0.493462
vt 0.181064 0.496055
vt 0.181064 0.484388
vt 0.183657 0.486980
vt 0.256249 0.486980
vt 0.258841 0.484388
vt 0.263239 0.485004
vt 0.260647 0.487597
vt 0.188055 0.487597
vt 0.185462 0.485004
vt 0.037293 0.483710
vt 0.039574 0.487613
vt 0.263191 0.483710
vt 0.038160 0.497128
vt 0.040382 0.493249
vt 0.260365 0.493221
vt 0.264271 0.497128
vt 0.062314 0.496892
vt 0.064694 0.493425
vt 0.263278 0.496891
vt 0.262137 0.484151
vt 0.062238 0.496978
vt 0.263219 0.496978
vt 0.062406 0.496776
vt 0.064787 0.493310
vt 0.263379 0.496776
vt 0.262311 0.483947
vt 0.064786 0.487432
vt 0.064615 0.493446
vt 0.061835 0.497603
vt 0.064217 0.494137
vt 0.259364 0.494185
vt 0.262810 0.497672
vt 0.261747 0.484842
vt 0.259365 0.488307
vt 0.064218 0.488260
vt 0.060772 0.484773
vt 0.064786 0.493352
vt 0.900645 0.650761
vt 0.900645 0.660555
vt 0.704767 0.660555
vt 0.704767 0.650762
vt 0.900881 0.660662
vt 0.900881 0.753704
vt 0.700107 0.753704
vt 0.700107 0.660662
vt 0.704820 0.753531
vt 0.704820 0.660489
vt 0.900697 0.660489
vt 0.900697 0.753530
vt 0.900645 0.753597
vt 0.704768 0.753597
vt 0.900697 0.650695
vt 0.704820 0.650695
vt 0.900881 0.650868
vt 0.700107 0.650869
vt 0.646632 0.691902
vt 0.646632 0.693803
vt 0.619063 0.693803
vt 0.619063 0.691901
vt 0.731616 0.683984
vt 0.790220 0.684005
vt 0.790219 0.686935
vt 0.731615 0.686914
vt 0.828089 0.685450
vt 0.886692 0.685450
vt 0.886693 0.686473
vt 0.828089 0.686473
vt 0.876644 0.723754
vt 0.876608 0.726642
vt 0.711110 0.726643
vt 0.711146 0.723755
vt 0.711185 0.675823
vt 0.876682 0.675823
vt 0.876705 0.678712
vt 0.711208 0.678712
vt 0.807732 0.701788
vt 0.807732 0.700766
vt 0.866302 0.700762
vt 0.866301 0.701784
vt 0.882598 0.672308
vt 0.882577 0.675197
vt 0.717077 0.675197
vt 0.717098 0.672309
vt 0.887201 0.727740
vt 0.887194 0.730656
vt 0.720126 0.730656
vt 0.720133 0.727740
vt 0.828088 0.731680
vt 0.828088 0.730657
vt 0.886692 0.730657
vt 0.886691 0.731680
vt 0.886693 0.726704
vt 0.886692 0.727727
vt 0.828088 0.727727
vt 0.828089 0.726704
vt 0.886692 0.732703
vt 0.828088 0.732703
vt 0.887157 0.733571
vt 0.887121 0.736487
vt 0.720053 0.736487
vt 0.720089 0.733572
vt 0.885618 0.728171
vt 0.885582 0.731086
vt 0.718515 0.731087
vt 0.718551 0.728172
vt 0.711080 0.732419
vt 0.711116 0.729531
vt 0.876615 0.729531
vt 0.876579 0.732419
vt 0.711142 0.687377
vt 0.876640 0.687376
vt 0.876663 0.690265
vt 0.711166 0.690265
vt 0.882600 0.678085
vt 0.717100 0.678085
vt 0.807732 0.695793
vt 0.866301 0.695789
vt 0.866302 0.696812
vt 0.807733 0.696815
vt 0.882535 0.723127
vt 0.882499 0.726015
vt 0.717001 0.726016
vt 0.717037 0.723128
vt 0.731614 0.687937
vt 0.790217 0.687958
vt 0.790218 0.688981
vt 0.731614 0.688960
vt 0.717035 0.686750
vt 0.717071 0.683862
vt 0.882570 0.683862
vt 0.882534 0.686750
vt 0.716971 0.731793
vt 0.717008 0.728905
vt 0.882505 0.728904
vt 0.882469 0.731792
vt 0.718587 0.725257
vt 0.885654 0.725255
vt 0.882563 0.680973
vt 0.717064 0.680973
vt 0.885734 0.716509
vt 0.885698 0.719424
vt 0.718631 0.719425
vt 0.718667 0.716509
vt 0.876602 0.735307
vt 0.711104 0.735308
vt 0.828088 0.691449
vt 0.828088 0.690426
vt 0.886692 0.690426
vt 0.886691 0.691449
vt 0.828088 0.687496
vt 0.886692 0.687496
vt 0.885661 0.722340
vt 0.718594 0.722340
vt 0.882556 0.689638
vt 0.717058 0.689638
vt 0.887273 0.721909
vt 0.887237 0.724825
vt 0.720169 0.724825
vt 0.720205 0.721909
vt 0.866302 0.697834
vt 0.807732 0.697838
vt 0.731616 0.681938
vt 0.790220 0.681959
vt 0.790221 0.682982
vt 0.731617 0.682961
vt 0.711178 0.684489
vt 0.876676 0.684488
vt 0.711123 0.720867
vt 0.876621 0.720866
vt 0.876669 0.681599
vt 0.711172 0.681600
vt 0.866302 0.702807
vt 0.807732 0.702810
vt 0.731602 0.722169
vt 0.790206 0.722190
vt 0.790206 0.723213
vt 0.731603 0.723192
vt 0.790205 0.724235
vt 0.731602 0.724215
vt 0.731599 0.728168
vt 0.790203 0.728189
vt 0.790203 0.729211
vt 0.731600 0.729191
vt 0.790204 0.727166
vt 0.731601 0.727145
vt 0.783456 0.708937
vt 0.842025 0.708937
vt 0.842026 0.709959
vt 0.783456 0.709959
vt 0.828088 0.694426
vt 0.828088 0.692472
vt 0.886692 0.692472
vt 0.886692 0.694426
vt 0.783457 0.707915
vt 0.842026 0.707915
vt 0.828088 0.725681
vt 0.886692 0.725681
vt 0.717014 0.720240
vt 0.882513 0.720239
vt 0.882491 0.734680
vt 0.716994 0.734682
vt 0.783457 0.702942
vt 0.842026 0.702942
vt 0.842026 0.703964
vt 0.783457 0.703964
vt 0.783457 0.704986
vt 0.842026 0.704986
vt 0.619052 0.517943
vt 0.646620 0.517941
vt 0.646620 0.518892
vt 0.619052 0.518893
vt 0.619074 0.512233
vt 0.646639 0.512234
vt 0.646639 0.513185
vt 0.619074 0.513184
vt 0.619052 0.516992
vt 0.646620 0.516991
vt 0.619052 0.514141
vt 0.646620 0.514139
vt 0.646622 0.694757
vt 0.619054 0.694757
vt 0.646622 0.695708
vt 0.619054 0.695707
vt 0.646620 0.733733
vt 0.619052 0.733731
vt 0.619053 0.732780
vt 0.646620 0.732782
vt 0.646622 0.700461
vt 0.619054 0.700460
vt 0.619054 0.699510
vt 0.646622 0.699510
vt 0.646619 0.739436
vt 0.619052 0.739434
vt 0.619052 0.738483
vt 0.646619 0.738486
vt 0.619054 0.698559
vt 0.646622 0.698560
vt 0.646620 0.737535
vt 0.619052 0.737533
vt 0.619052 0.734681
vt 0.646620 0.734684
vt 0.646636 0.730876
vt 0.619068 0.730880
vt 0.648843 0.702276
vt 0.618898 0.702272
vt 0.618898 0.700371
vt 0.648843 0.700375
vt 0.719847 0.721002
vt 0.885344 0.720999
vt 0.885368 0.723887
vt 0.719871 0.723890
vt 0.885431 0.673068
vt 0.885409 0.675956
vt 0.719908 0.675959
vt 0.719929 0.673070
vt 0.719866 0.687512
vt 0.719902 0.684624
vt 0.885402 0.684621
vt 0.885366 0.687509
vt 0.719806 0.732555
vt 0.885303 0.732552
vt 0.885326 0.735440
vt 0.719829 0.735443
vt 0.885432 0.678845
vt 0.719931 0.678847
vt 0.885388 0.690398
vt 0.719889 0.690400
vt 0.719835 0.726778
vt 0.885332 0.726775
vt 0.885339 0.729664
vt 0.719842 0.729667
vt 0.719895 0.681735
vt 0.885395 0.681733
vt 0.879357 0.716885
vt 0.879320 0.719800
vt 0.712252 0.719800
vt 0.712289 0.716885
vt 0.879436 0.708138
vt 0.879400 0.711053
vt 0.712332 0.711053
vt 0.712368 0.708138
vt 0.879472 0.705223
vt 0.712405 0.705223
vt 0.879393 0.713969
vt 0.712325 0.713970
vt 0.648844 0.694670
vt 0.618899 0.694669
vt 0.618899 0.693718
vt 0.648844 0.693719
vt 0.618851 0.513121
vt 0.648790 0.513119
vt 0.648791 0.514070
vt 0.618851 0.514072
vt 0.618898 0.699421
vt 0.648843 0.699424
vt 0.648838 0.733648
vt 0.618893 0.733643
vt 0.618893 0.732692
vt 0.648838 0.732697
vt 0.648836 0.739351
vt 0.618892 0.739347
vt 0.618892 0.738396
vt 0.648836 0.738401
vt 0.648792 0.518822
vt 0.618851 0.518824
vt 0.618851 0.517874
vt 0.648792 0.517871
vt 0.618895 0.512151
vt 0.648836 0.512148
vt 0.648790 0.512169
vt 0.648837 0.734598
vt 0.618893 0.734594
vt 0.618869 0.733663
vt 0.648821 0.733652
vt 0.618870 0.739370
vt 0.648828 0.741258
vt 0.618871 0.741272
vt 0.618851 0.510270
vt 0.648790 0.510268
vt 0.618895 0.510250
vt 0.648835 0.510247
vt 0.618891 0.741248
vt 0.648843 0.698473
vt 0.618898 0.698471
vt 0.618899 0.695619
vt 0.648844 0.695621
vt 0.648837 0.737450
vt 0.618892 0.737446
vt 0.648838 0.516901
vt 0.618896 0.516903
vt 0.648837 0.514050
vt 0.618869 0.737468
vt 0.754037 0.722068
vt 0.754038 0.721046
vt 0.812607 0.721043
vt 0.812606 0.722065
vt 0.707038 0.689011
vt 0.765641 0.689007
vt 0.765642 0.690030
vt 0.707038 0.690034
vt 0.707038 0.683012
vt 0.765641 0.683008
vt 0.765642 0.684031
vt 0.707039 0.684035
vt 0.707040 0.729242
vt 0.765644 0.729238
vt 0.765644 0.730261
vt 0.707041 0.730265
vt 0.707041 0.723243
vt 0.765644 0.723239
vt 0.765645 0.724262
vt 0.707042 0.724266
vt 0.812607 0.723087
vt 0.754038 0.723091
vt 0.754038 0.716073
vt 0.812606 0.716070
vt 0.812607 0.717092
vt 0.754039 0.717095
vt 0.765641 0.685054
vt 0.707038 0.685058
vt 0.707041 0.732219
vt 0.765645 0.732214
vt 0.765641 0.687984
vt 0.707038 0.687988
vt 0.707041 0.725289
vt 0.765644 0.725285
vt 0.765644 0.728215
vt 0.707041 0.728219
vt 0.754038 0.718118
vt 0.812607 0.718114
vt 0.647419 0.518806
vt 0.647420 0.517856
vt 0.647421 0.513104
vt 0.618901 0.512148
vt 0.647422 0.512153
vt 0.647414 0.733636
vt 0.647413 0.732685
vt 0.647404 0.694664
vt 0.647404 0.693714
vt 0.647418 0.739338
vt 0.647417 0.738388
vt 0.618859 0.699451
vt 0.647377 0.698502
vt 0.647377 0.699452
vt 0.647405 0.700365
vt 0.647405 0.699415
vt 0.647377 0.702304
vt 0.647420 0.516906
vt 0.618901 0.514050
vt 0.647421 0.514054
vt 0.647416 0.737437
vt 0.647414 0.734586
vt 0.647404 0.695614
vt 0.647376 0.737475
vt 0.826167 0.681055
vt 0.826167 0.683008
vt 0.767565 0.683009
vt 0.767565 0.681055
vt 0.891845 0.691588
vt 0.726345 0.691581
vt 0.726322 0.688693
vt 0.891823 0.688699
vt 0.891891 0.680035
vt 0.726388 0.680028
vt 0.726365 0.677140
vt 0.891868 0.677146
vt 0.891854 0.682922
vt 0.726352 0.682916
vt 0.726358 0.685805
vt 0.891860 0.685811
vt 0.767564 0.689008
vt 0.826167 0.689007
vt 0.826168 0.690030
vt 0.767564 0.690031
vt 0.826168 0.684031
vt 0.767565 0.684032
vt 0.767565 0.685055
vt 0.826167 0.685054
vt 0.826167 0.687984
vt 0.767565 0.687985
vt 0.767564 0.729239
vt 0.826168 0.729238
vt 0.826169 0.730261
vt 0.767565 0.730262
vt 0.767565 0.723240
vt 0.826168 0.723239
vt 0.826169 0.724262
vt 0.767565 0.724263
vt 0.767565 0.728216
vt 0.826169 0.728216
vt 0.767565 0.725286
vt 0.826168 0.725285
vt 0.891820 0.725077
vt 0.726323 0.725072
vt 0.726300 0.722184
vt 0.891798 0.722189
vt 0.891783 0.727964
vt 0.726287 0.727960
vt 0.891772 0.736628
vt 0.726280 0.736626
vt 0.726258 0.733737
vt 0.891750 0.733740
vt 0.891788 0.730853
vt 0.726294 0.730849
vt 0.880715 0.708820
vt 0.880709 0.711736
vt 0.713642 0.711737
vt 0.713649 0.708820
vt 0.850751 0.722674
vt 0.850750 0.724628
vt 0.792147 0.724611
vt 0.792148 0.722657
vt 0.880751 0.705905
vt 0.713685 0.705905
vt 0.880673 0.714652
vt 0.880636 0.717567
vt 0.713569 0.717567
vt 0.713606 0.714652
vt 0.747244 0.707204
vt 0.747244 0.705252
vt 0.805812 0.705247
vt 0.805812 0.707200
vt 0.880787 0.702989
vt 0.713721 0.702990
vt 0.747243 0.704229
vt 0.805811 0.704225
vt 0.747243 0.698234
vt 0.805812 0.698230
vt 0.805813 0.699252
vt 0.747244 0.699256
vt 0.747243 0.700279
vt 0.805812 0.700274
vt 0.805812 0.703203
vt 0.747243 0.703207
vt 0.618941 0.520669
vt 0.646508 0.518778
vt 0.646506 0.520679
vt 0.646496 0.738337
vt 0.646499 0.739287
vt 0.646450 0.693665
vt 0.646450 0.694614
vt 0.618882 0.694615
vt 0.646454 0.699361
vt 0.646455 0.700310
vt 0.618881 0.700326
vt 0.646484 0.732635
vt 0.646486 0.733584
vt 0.646451 0.695562
vt 0.646452 0.698412
vt 0.618881 0.698421
vt 0.646488 0.734534
vt 0.646493 0.737387
vt 0.646515 0.512128
vt 0.646514 0.513078
vt 0.618942 0.517816
vt 0.646510 0.516879
vt 0.646509 0.517829
vt 0.646512 0.514028
vt 0.646491 0.691846
vt 0.646491 0.693746
vt 0.618925 0.691844
vt 0.876694 0.669926
vt 0.876673 0.672814
vt 0.711167 0.672818
vt 0.711186 0.669929
vt 0.646492 0.694696
vt 0.646497 0.700397
vt 0.646499 0.702298
vt 0.646515 0.733677
vt 0.646513 0.732727
vt 0.646509 0.516952
vt 0.646509 0.517901
vt 0.646510 0.518851
vt 0.646510 0.513152
vt 0.646510 0.514101
vt 0.618950 0.513144
vt 0.618951 0.512194
vt 0.646510 0.512202
vt 0.646523 0.739383
vt 0.646521 0.738432
vt 0.646520 0.737481
vt 0.646517 0.734628
vt 0.646495 0.698497
vt 0.876697 0.675703
vt 0.711192 0.675707
vt 0.887361 0.733669
vt 0.887324 0.736584
vt 0.720258 0.736583
vt 0.720295 0.733668
vt 0.887479 0.722007
vt 0.887442 0.724923
vt 0.720374 0.724921
vt 0.720409 0.722005
vt 0.876656 0.687255
vt 0.711158 0.687261
vt 0.711133 0.684373
vt 0.876633 0.684367
vt 0.876594 0.732297
vt 0.711104 0.732304
vt 0.711080 0.729416
vt 0.876571 0.729408
vt 0.876637 0.720744
vt 0.711144 0.720751
vt 0.711120 0.717863
vt 0.876614 0.717856
vt 0.887405 0.727838
vt 0.887398 0.730753
vt 0.720331 0.730752
vt 0.720338 0.727836
vt 0.876668 0.681479
vt 0.711168 0.681484
vt 0.711159 0.678595
vt 0.876661 0.678590
vt 0.876607 0.726520
vt 0.711116 0.726528
vt 0.711109 0.723639
vt 0.876601 0.723632
vt 0.792144 0.730610
vt 0.850748 0.730627
vt 0.850748 0.731650
vt 0.792145 0.731633
vt 0.754037 0.689702
vt 0.812606 0.689698
vt 0.812607 0.690721
vt 0.754038 0.690724
vt 0.754038 0.683706
vt 0.812606 0.683703
vt 0.812607 0.684725
vt 0.754039 0.684729
vt 0.754038 0.688679
vt 0.812607 0.688676
vt 0.850751 0.725651
vt 0.792147 0.725634
vt 0.792156 0.690379
vt 0.850760 0.690396
vt 0.850760 0.691419
vt 0.792157 0.691402
vt 0.792159 0.684380
vt 0.850762 0.684397
vt 0.850763 0.685420
vt 0.792159 0.685403
vt 0.792156 0.693356
vt 0.850760 0.693373
vt 0.792144 0.733586
vt 0.850747 0.733603
vt 0.754038 0.685751
vt 0.812606 0.685748
vt 0.792146 0.726657
vt 0.850750 0.726674
vt 0.850749 0.729604
vt 0.792145 0.729587
vt 0.792158 0.686426
vt 0.850762 0.686443
vt 0.850761 0.689373
vt 0.792157 0.689356
vt 0.646503 0.741189
vt 0.646518 0.750702
vt 0.618928 0.750739
vt 0.754038 0.692676
vt 0.812607 0.692673
vt 0.812607 0.702435
vt 0.754039 0.702438
vt 0.754038 0.725043
vt 0.812607 0.725039
vt 0.812607 0.729920
vt 0.754039 0.729924
vt 0.879298 0.722716
vt 0.879298 0.726892
vt 0.712230 0.726892
vt 0.712230 0.722716
vt 0.646618 0.750844
vt 0.619051 0.750841
vt 0.619051 0.741335
vt 0.646619 0.741338
vt 0.828088 0.734657
vt 0.886692 0.734656
vt 0.886692 0.739540
vt 0.828088 0.739540
vt 0.807732 0.704763
vt 0.866302 0.704759
vt 0.866303 0.714521
vt 0.807733 0.714524
vt 0.885560 0.734002
vt 0.885560 0.738179
vt 0.718493 0.738180
vt 0.718493 0.734003
vt 0.887099 0.739402
vt 0.887099 0.743579
vt 0.720031 0.743579
vt 0.720031 0.739402
vt 0.783456 0.711912
vt 0.842026 0.711912
vt 0.842026 0.716792
vt 0.783457 0.716793
vt 0.618951 0.500701
vt 0.646525 0.500720
vt 0.646517 0.510227
vt 0.887085 0.746495
vt 0.720017 0.746495
vt 0.717098 0.668171
vt 0.717113 0.665283
vt 0.882613 0.665283
vt 0.882598 0.668171
vt 0.886692 0.741982
vt 0.828088 0.741982
vt 0.807732 0.688960
vt 0.807731 0.686520
vt 0.866301 0.686516
vt 0.866301 0.688956
vt 0.842026 0.719233
vt 0.783457 0.719233
vt 0.731619 0.675101
vt 0.731620 0.672659
vt 0.790224 0.672680
vt 0.790223 0.675122
vt 0.885546 0.741095
vt 0.718479 0.741096
vt 0.711206 0.668798
vt 0.711220 0.665909
vt 0.876718 0.665909
vt 0.876704 0.668797
vt 0.707038 0.676175
vt 0.707038 0.673733
vt 0.765640 0.673730
vt 0.765640 0.676171
vt 0.812607 0.732360
vt 0.754039 0.732364
vt 0.879284 0.729808
vt 0.712216 0.729808
vt 0.719929 0.668933
vt 0.719943 0.666045
vt 0.885445 0.666042
vt 0.885431 0.668931
vt 0.726387 0.670113
vt 0.726401 0.667225
vt 0.891905 0.667232
vt 0.891890 0.670120
vt 0.880615 0.724659
vt 0.880601 0.727575
vt 0.713533 0.727575
vt 0.713547 0.724659
vt 0.850746 0.738487
vt 0.850745 0.740928
vt 0.792142 0.740912
vt 0.792143 0.738470
vt 0.711183 0.665790
vt 0.711195 0.662901
vt 0.876707 0.662901
vt 0.876694 0.665789
vt 0.887301 0.743675
vt 0.887285 0.746591
vt 0.720222 0.746591
vt 0.720237 0.743675
vt 0.805813 0.712080
vt 0.805813 0.714520
vt 0.747244 0.714525
vt 0.747244 0.712085
vt 0.754038 0.676873
vt 0.754037 0.674433
vt 0.812606 0.674429
vt 0.812606 0.676870
vt 0.767565 0.676171
vt 0.767565 0.673730
vt 0.826166 0.673730
vt 0.826167 0.676171
vt 0.619050 0.500832
vt 0.646619 0.500829
vt 0.646620 0.510335
vt 0.619051 0.510338
vt 0.618904 0.730757
vt 0.618881 0.702230
vt 0.646457 0.702209
vt 0.646481 0.730734
vt 0.891747 0.747790
vt 0.726258 0.747790
vt 0.726258 0.739515
vt 0.891749 0.739516
vt 0.618859 0.750783
vt 0.647376 0.741277
vt 0.647376 0.750783
vt 0.882470 0.745843
vt 0.716973 0.745845
vt 0.716973 0.737570
vt 0.882470 0.737568
vt 0.719868 0.693289
vt 0.885366 0.693286
vt 0.885366 0.718111
vt 0.719868 0.718113
vt 0.765641 0.681055
vt 0.707038 0.681059
vt 0.790221 0.680005
vt 0.731617 0.679985
vt 0.882535 0.717351
vt 0.717036 0.717352
vt 0.717036 0.692527
vt 0.882535 0.692526
vt 0.866301 0.693837
vt 0.807732 0.693841
vt 0.885756 0.696887
vt 0.885756 0.713593
vt 0.718689 0.713593
vt 0.718689 0.696887
vt 0.783456 0.691228
vt 0.842025 0.691228
vt 0.842026 0.700989
vt 0.783457 0.700990
vt 0.887295 0.702286
vt 0.887295 0.718993
vt 0.720227 0.718993
vt 0.720227 0.702286
vt 0.879494 0.685600
vt 0.879494 0.702307
vt 0.712426 0.702307
vt 0.712426 0.685600
vt 0.754037 0.704359
vt 0.812606 0.704356
vt 0.812606 0.714117
vt 0.754038 0.714120
vt 0.880809 0.683367
vt 0.880809 0.700073
vt 0.713742 0.700074
vt 0.713741 0.683367
vt 0.747242 0.686519
vt 0.805811 0.686516
vt 0.805812 0.696277
vt 0.747243 0.696281
vt 0.887462 0.702384
vt 0.887462 0.719091
vt 0.720391 0.719088
vt 0.720391 0.702381
vt 0.876704 0.672935
vt 0.711206 0.672935
vt 0.646622 0.702362
vt 0.619054 0.702361
vt 0.790207 0.720236
vt 0.731603 0.720216
vt 0.731599 0.731145
vt 0.790203 0.731165
vt 0.731613 0.690914
vt 0.790217 0.690934
vt 0.886692 0.683497
vt 0.828089 0.683497
vt 0.876642 0.717978
vt 0.711144 0.717978
vt 0.886692 0.723727
vt 0.828088 0.723727
vt 0.711144 0.693153
vt 0.876642 0.693153
vt 0.711082 0.738196
vt 0.876580 0.738196
vt 0.619072 0.520788
vt 0.646640 0.520789
vt 0.719808 0.738331
vt 0.885304 0.738329
vt 0.648839 0.520704
vt 0.707039 0.691988
vt 0.765642 0.691984
vt 0.648819 0.730801
vt 0.647422 0.510252
vt 0.648806 0.691824
vt 0.765644 0.721285
vt 0.707041 0.721289
vt 0.647412 0.730784
vt 0.647384 0.520735
vt 0.647376 0.739376
vt 0.647404 0.691813
vt 0.891890 0.674258
vt 0.726387 0.674251
vt 0.726323 0.694470
vt 0.891823 0.694476
vt 0.767564 0.691985
vt 0.826168 0.691984
vt 0.767565 0.732216
vt 0.826169 0.732215
vt 0.826168 0.721286
vt 0.767565 0.721286
vt 0.891821 0.719301
vt 0.726322 0.719295
vt 0.713547 0.720483
vt 0.880615 0.720483
vt 0.646449 0.691766
vt 0.646512 0.730825
vt 0.646524 0.741285
vt 0.646510 0.510302
vt 0.618952 0.510293
vt 0.646510 0.520752
vt 0.720237 0.739499
vt 0.887301 0.739499
vt 0.711083 0.735192
vt 0.876572 0.735185
vt 0.711138 0.690150
vt 0.876635 0.690143
vt 0.876636 0.714967
vt 0.711140 0.714975
vt 0.850763 0.682444
vt 0.792159 0.682427
vt 0.812606 0.681750
vt 0.754038 0.681754
vt 0.826169 0.741982
vt 0.767565 0.741983
vt 0.646531 0.750798
vt 0.618956 0.500790
vt 0.646514 0.500800
vt 0.618895 0.500745
vt 0.648834 0.500743
vt 0.648835 0.750759
vt 0.765645 0.741981
vt 0.707042 0.741986
vt 0.885304 0.746603
vt 0.719808 0.746606
vt 0.647425 0.500745
vt 0.618850 0.500766
vt 0.648789 0.500763
vt 0.876580 0.746470
vt 0.711082 0.746471
vt 0.790199 0.740932
vt 0.731596 0.740912
vt 0.876572 0.743459
vt 0.711083 0.743467
vt 0.792162 0.672659
vt 0.850766 0.672677
vt 0.647385 0.500772
vt 0.647419 0.741240
vt 0.828089 0.673730
vt 0.886692 0.673730
vt 0.647424 0.750748
vt 0.647376 0.733673
vt 0.262480 0.484289
vt 0.147552 0.484302
vt 0.148812 0.486273
vt 0.260497 0.486273
vt 0.260258 0.493228
vt 0.260258 0.486964
vt 0.150014 0.486964
vt 0.150014 0.493228
vt 0.148057 0.495187
vt 0.261501 0.495174
vt 0.146273 0.501503
vt 0.263036 0.501503
vt 0.260497 0.492619
vt 0.148812 0.492619
vt 0.043810 0.493358
vt 0.043810 0.488161
vt 0.260011 0.488131
vt 0.260012 0.493328
vt 0.044594 0.493588
vt 0.044594 0.488411
vt 0.259962 0.488409
vt 0.259962 0.493586
vt 0.039970 0.484321
vt 0.261019 0.484339
vt 0.030937 0.484501
vt 0.262010 0.484614
vt 0.262764 0.484458
vt 0.147509 0.484459
vt 0.263822 0.497199
vt 0.036446 0.497199
vt 0.263738 0.497460
vt 0.043511 0.497413
vt 0.262474 0.484217
vt 0.147547 0.484268
vt 0.148807 0.486239
vt 0.260492 0.486201
vt 0.150362 0.493946
vt 0.150365 0.487682
vt 0.260607 0.487720
vt 0.260605 0.493984
vt 0.262563 0.495943
vt 0.149118 0.495892
vt 0.263036 0.501430
vt 0.260494 0.492547
vt 0.044528 0.493492
vt 0.044528 0.488295
vt 0.260729 0.488265
vt 0.260730 0.493462
vt 0.045216 0.493040
vt 0.045213 0.487863
vt 0.260579 0.487757
vt 0.260582 0.492933
vt 0.040688 0.484455
vt 0.261738 0.484473
vt 0.031554 0.483960
vt 0.262625 0.483960
vt 0.147860 0.485175
vt 0.263113 0.485215
vt 0.264540 0.497333
vt 0.037164 0.497333
vt 0.264359 0.496806
vt 0.044134 0.496866
vt 0.262076 0.501724
vt 0.147150 0.501673
vt 0.148409 0.499702
vt 0.260094 0.499740
vt 0.150937 0.494527
vt 0.150939 0.488263
vt 0.261182 0.488301
vt 0.261180 0.494565
vt 0.263137 0.496523
vt 0.149693 0.496472
vt 0.145876 0.484471
vt 0.262638 0.484511
vt 0.260096 0.493394
vt 0.148411 0.493356
vt 0.044800 0.493579
vt 0.044800 0.488382
vt 0.261002 0.488353
vt 0.261002 0.493549
vt 0.045000 0.492923
vt 0.044997 0.487747
vt 0.260366 0.492816
vt 0.040960 0.484542
vt 0.031338 0.483843
vt 0.262409 0.483843
vt 0.148434 0.485756
vt 0.263688 0.485796
vt 0.264813 0.497420
vt 0.037436 0.497420
vt 0.264143 0.496689
vt 0.043918 0.496749
vt 0.857669 0.720260
vt 0.767566 0.720259
vt 0.767566 0.715363
vt 0.857669 0.715363
vt 0.767641 0.717184
vt 0.767641 0.712287
vt 0.857744 0.712287
vt 0.857744 0.717184
vt 0.625531 0.750950
vt 0.622747 0.750967
vt 0.622747 0.591386
vt 0.625995 0.547322
vt 0.692905 0.751061
vt 0.686211 0.751061
vt 0.686210 0.523451
vt 0.692905 0.523451
vt 0.668620 0.737605
vt 0.668620 0.523388
vt 0.675615 0.523388
vt 0.675615 0.737605
vt 0.622714 0.750804
vt 0.622714 0.591217
vt 0.625961 0.547166
vt 0.625500 0.750786
vt 0.618920 0.536545
vt 0.625478 0.536545
vt 0.638183 0.750754
vt 0.638183 0.551420
vt 0.641264 0.574227
vt 0.641265 0.750780
vt 0.649568 0.750832
vt 0.645828 0.750797
vt 0.645827 0.536579
vt 0.649565 0.536614
vt 0.673008 0.523360
vt 0.676561 0.523402
vt 0.676098 0.727022
vt 0.672545 0.726981
vt 0.641490 0.750857
vt 0.638409 0.750832
vt 0.638408 0.551497
vt 0.641490 0.574304
vt 0.634930 0.750856
vt 0.630049 0.750856
vt 0.630047 0.551521
vt 0.634929 0.551521
vt 0.669760 0.726999
vt 0.669760 0.567423
vt 0.681548 0.523413
vt 0.681085 0.727034
vt 0.653952 0.523353
vt 0.660510 0.523353
vt 0.660510 0.737570
vt 0.653953 0.737570
vt 0.618993 0.536629
vt 0.623365 0.536629
vt 0.623365 0.750844
vt 0.618994 0.750844
vt 0.636089 0.750853
vt 0.636088 0.536638
vt 0.643083 0.536638
vt 0.643083 0.750853
vt 0.664882 0.523353
vt 0.664881 0.737570
vt 0.627104 0.536603
vt 0.630842 0.536638
vt 0.630842 0.750853
vt 0.627104 0.750818
vt 0.619021 0.551512
vt 0.623089 0.551512
vt 0.623091 0.750847
vt 0.626570 0.750880
vt 0.626568 0.551545
vt 0.692348 0.727068
vt 0.688192 0.727059
vt 0.688656 0.523438
vt 0.692812 0.523448
vt 0.638241 0.551487
vt 0.641323 0.574293
vt 0.649671 0.536662
vt 0.649671 0.750877
vt 0.645932 0.750902
vt 0.645932 0.536687
vt 0.634762 0.750844
vt 0.629880 0.750844
vt 0.629880 0.551510
vt 0.634762 0.551510
vt 0.629953 0.536653
vt 0.633691 0.536687
vt 0.633691 0.750902
vt 0.618854 0.551502
vt 0.622922 0.551502
vt 0.622923 0.750836
vt 0.626402 0.750868
vt 0.626401 0.551534
vt 0.640686 0.536687
vt 0.640686 0.750902
vt 0.653409 0.750911
vt 0.653409 0.536697
vt 0.657781 0.536697
vt 0.657781 0.750911
vt 0.619023 0.536653
vt 0.625581 0.536653
vt 0.625581 0.750867
vt 0.619024 0.750867
vt 0.629514 0.547207
vt 0.629053 0.750827
vt 0.629823 0.750722
vt 0.629823 0.551388
vt 0.634704 0.551388
vt 0.634705 0.750722
vt 0.626344 0.551356
vt 0.626344 0.750690
vt 0.662179 0.523399
vt 0.665917 0.523434
vt 0.665915 0.737647
vt 0.662177 0.737613
vt 0.619070 0.750967
vt 0.619070 0.591386
vt 0.634501 0.547219
vt 0.634040 0.750838
vt 0.640583 0.750797
vt 0.640583 0.536579
vt 0.671160 0.737647
vt 0.671163 0.523434
vt 0.678158 0.523434
vt 0.678156 0.737647
vt 0.658438 0.737638
vt 0.658440 0.523425
vt 0.641436 0.518052
vt 0.641436 0.750979
vt 0.636869 0.750979
vt 0.636869 0.518052
vt 0.653303 0.536589
vt 0.657675 0.536589
vt 0.657680 0.750806
vt 0.653307 0.750806
vt 0.681895 0.737682
vt 0.681896 0.523469
vt 0.825611 0.724084
vt 0.735508 0.724084
vt 0.735508 0.719187
vt 0.825611 0.719187
vt 0.692710 0.523397
vt 0.692710 0.737614
vt 0.688338 0.737614
vt 0.688338 0.523397
vt 0.686268 0.523469
vt 0.686267 0.737682
vt 0.651459 0.523277
vt 0.655922 0.523277
vt 0.655923 0.750885
vt 0.651459 0.750885
vt 0.619056 0.523265
vt 0.625751 0.523265
vt 0.625750 0.750878
vt 0.619057 0.750879
vt 0.648086 0.517835
vt 0.648085 0.750762
vt 0.634384 0.750762
vt 0.634385 0.517835
vt 0.660415 0.523375
vt 0.664387 0.523413
vt 0.664387 0.751023
vt 0.660415 0.750985
vt 0.651487 0.750985
vt 0.647515 0.750946
vt 0.647515 0.523338
vt 0.651487 0.523376
vt 0.634126 0.750946
vt 0.634127 0.523338
vt 0.677774 0.523414
vt 0.677775 0.751023
vt 0.630289 0.517797
vt 0.630289 0.750723
vt 0.681747 0.751061
vt 0.681746 0.523452
vt 0.681719 0.523354
vt 0.686182 0.523354
vt 0.686181 0.750961
vt 0.681718 0.750961
vt 0.630154 0.750908
vt 0.625691 0.750908
vt 0.625691 0.523300
vt 0.630154 0.523300
vt 0.625722 0.750723
vt 0.625721 0.517797
vt 0.677682 0.750923
vt 0.677681 0.523311
vt 0.681653 0.523349
vt 0.660321 0.523273
vt 0.664292 0.523311
vt 0.664294 0.750923
vt 0.660322 0.750885
vt 0.636634 0.750772
vt 0.632569 0.750733
vt 0.632568 0.517806
vt 0.636633 0.517845
vt 0.651397 0.750885
vt 0.647424 0.523234
vt 0.651396 0.523273
vt 0.634036 0.523234
vt 0.692825 0.737682
vt 0.692825 0.523469
vt 0.686116 0.523349
vt 0.686118 0.750961
vt 0.630065 0.523196
vt 0.630062 0.750809
vt 0.625599 0.750809
vt 0.625601 0.523196
vt 0.647572 0.750916
vt 0.647576 0.523304
vt 0.634184 0.750916
vt 0.634187 0.523304
vt 0.660476 0.523343
vt 0.660469 0.750954
vt 0.686275 0.523422
vt 0.686263 0.751030
vt 0.681800 0.751030
vt 0.681811 0.523421
vt 0.655952 0.750985
vt 0.655951 0.523375
vt 0.625752 0.750723
vt 0.625752 0.517796
vt 0.656012 0.523343
vt 0.618997 0.523300
vt 0.692957 0.751031
vt 0.692970 0.523423
vt 0.660386 0.523277
vt 0.664358 0.523315
vt 0.664358 0.750923
vt 0.660386 0.750885
vt 0.632804 0.750940
vt 0.632804 0.518013
vt 0.647486 0.750847
vt 0.647487 0.523238
vt 0.634098 0.750847
vt 0.634098 0.523238
vt 0.619102 0.518013
vt 0.645558 0.574304
vt 0.645558 0.750857
vt 0.625663 0.750809
vt 0.625663 0.523200
vt 0.645391 0.574293
vt 0.645390 0.750846
vt 0.619037 0.591217
vt 0.645333 0.750780
vt 0.645333 0.574227
vt 0.666083 0.567423
vt 0.666083 0.726999
vt 0.641201 0.517845
vt 0.641201 0.750772
vt 0.632539 0.750733
vt 0.632538 0.517806
vt 0.618907 0.523196
vt 0.645111 0.523265
vt 0.649089 0.523303
vt 0.649088 0.751208
vt 0.645111 0.751169
vt 0.666472 0.523342
vt 0.670941 0.523342
vt 0.670942 0.751246
vt 0.666472 0.751246
vt 0.692796 0.751284
vt 0.679389 0.751284
vt 0.679388 0.523380
vt 0.636173 0.523265
vt 0.640642 0.523265
vt 0.640642 0.751169
vt 0.636172 0.751169
vt 0.675411 0.523342
vt 0.675411 0.751246
vt 0.618837 0.750733
vt 0.618837 0.517806
vt 0.662495 0.751208
vt 0.662495 0.523303
vt 0.651194 0.750888
vt 0.651193 0.536672
vt 0.692876 0.750961
vt 0.692876 0.523354
vt 0.765682 0.684864
vt 0.859703 0.684864
vt 0.629548 0.547306
vt 0.629085 0.750933
vt 0.622865 0.750713
vt 0.618797 0.551380
vt 0.622865 0.551380
vt 0.654066 0.737638
vt 0.654068 0.523425
vt 0.641608 0.547243
vt 0.645764 0.547253
vt 0.645303 0.750873
vt 0.641148 0.750863
vt 0.629850 0.536545
vt 0.633588 0.536579
vt 0.633588 0.750797
vt 0.629849 0.750763
vt 0.634535 0.547318
vt 0.637594 0.750880
vt 0.638054 0.547259
vt 0.859628 0.687940
vt 0.765607 0.687940
vt 0.645798 0.547352
vt 0.645334 0.750979
vt 0.641178 0.750970
vt 0.641642 0.547343
vt 0.673362 0.736381
vt 0.673362 0.523328
vt 0.680319 0.523328
vt 0.680318 0.736381
vt 0.668145 0.736381
vt 0.668145 0.523328
vt 0.692733 0.736415
vt 0.688384 0.736415
vt 0.688384 0.523363
vt 0.664427 0.736406
vt 0.660709 0.736372
vt 0.660709 0.523319
vt 0.684036 0.736415
vt 0.684036 0.523363
vt 0.684638 0.727075
vt 0.685102 0.523454
vt 0.733549 0.691764
vt 0.827570 0.691764
vt 0.646822 0.750888
vt 0.646821 0.536672
vt 0.648022 0.750772
vt 0.648022 0.517845
vt 0.656361 0.736372
vt 0.656361 0.523319
vt 0.684600 0.737579
vt 0.684600 0.523362
vt 0.680861 0.737605
vt 0.680861 0.523388
vt 0.692812 0.750961
vt 0.692811 0.523349
vt 0.618968 0.523200
vt 0.648287 0.750979
vt 0.648287 0.518052
usemtl Exterior_Mat
s off
f 5616/6495 5623/6496 5624/6497 5617/6498
f 5620/6499 5626/6500 5625/6501 5619/6502
f 5615/6503 5627/6504 5628/6505 5618/6506
f 5622/6507 5630/6508 5629/6509 5621/6510
f 5621/6511 5629/6512 5626/6513 5620/6514
f 5618/6515 5628/6516 5623/6517 5616/6518
f 5619/6519 5625/6520 5630/6521 5622/6522
f 5617/6519 5624/6520 5627/6521 5615/6522
f 5624/6520 5626/6513 5629/6512 5627/6521
f 5623/6496 5625/6501 5626/6500 5624/6497
f 5628/6516 5630/6521 5625/6520 5623/6517
f 5635/6523 5641/6524 5645/6525 5638/6526
f 5636/6527 5643/6528 5642/6529 5637/6530
f 5641/6524 5640/6531 5646/6532 5645/6525
f 5632/6533 5639/6534 5644/6535 5634/6536
f 5637/6537 5642/6538 5641/6539 5635/6540
f 5633/6541 5640/6542 5639/6543 5632/6544
f 5634/6545 5644/6546 5646/6547 5631/6548
f 5631/6549 5646/6532 5640/6531 5633/6550
f 5638/6551 5645/6552 5643/6553 5636/6554
f 5645/6552 5646/6547 5644/6546 5643/6553
f 5643/6528 5644/6535 5639/6534 5642/6529
f 5650/6555 5656/6556 5662/6557 5647/6558
f 5653/6559 5658/6560 5657/6561 5651/6562
f 5654/6563 5659/6564 5660/6565 5652/6566
f 5647/6567 5662/6568 5661/6569 5649/6570
f 5657/6571 5655/6572 5661/6538 5659/6543
f 5648/6573 5655/6574 5656/6575 5650/6576
f 5649/6577 5661/6538 5655/6572 5648/6540
f 5651/6578 5657/6571 5659/6543 5654/6579
f 5652/6580 5660/6581 5658/6582 5653/6583
f 5660/6581 5662/6557 5656/6556 5658/6582
f 5658/6560 5656/6575 5655/6574 5657/6561
f 5664/6584 5688/6585 5689/6586 5666/6587
f 5668/6588 5686/6589 5691/6590 5667/6591
f 5665/6580 5694/6581 5692/6592 5663/6593
f 5674/6594 5681/6595 5682/6596 5671/6597
f 5675/6559 5680/6598 5687/6599 5678/6562
f 5669/6600 5683/6601 5686/6592 5668/6593
f 5663/6602 5692/6603 5688/6604 5664/6605
f 5667/6606 5691/6585 5693/6586 5670/6587
f 5671/6607 5682/6608 5685/6609 5672/6610
f 5684/6611 5685/6609 5682/6608 5679/6612
f 5686/6589 5688/6604 5692/6603 5691/6590
f 5679/6613 5682/6596 5681/6595 5680/6614
f 5677/6615 5679/6613 5680/6614 5675/6616
f 5672/6580 5685/6581 5690/6582 5673/6583
f 5676/6617 5684/6611 5679/6612 5677/6618
f 5673/6619 5690/6620 5681/6621 5674/6622
f 5687/6556 5690/6582 5685/6581 5684/6557
f 5678/6555 5687/6556 5684/6557 5676/6558
f 5680/6598 5681/6621 5690/6620 5687/6599
f 5666/6623 5689/6624 5694/6625 5665/6626
f 5670/6627 5693/6628 5683/6629 5669/6630
f 5627/6504 5629/6509 5630/6508 5628/6505
f 5691/6585 5692/6592 5694/6581 5693/6586
f 5693/6628 5694/6625 5689/6624 5683/6629
f 5718/6631 5738/6632 5737/6633 5717/6634
f 5714/6635 5752/6636 5751/6637 5713/6638
f 5699/6639 5745/6640 5746/6641 5702/6642
f 5695/6577 5743/6643 5727/6517 5697/6540
f 5716/6644 5754/6516 5738/6645 5718/6518
f 5708/6646 5734/6636 5733/6647 5706/6648
f 5721/6649 5739/6650 5740/6651 5722/6652
f 5702/6577 5746/6538 5730/6572 5701/6540
f 5696/6653 5744/6654 5743/6655 5695/6656
f 5728/6542 5735/6539 5749/6538 5744/6543
f 5726/6657 5742/6658 5741/6659 5723/6660
f 5697/6661 5727/6662 5728/6663 5698/6570
f 5701/6664 5730/6665 5729/6666 5700/6667
f 5710/6563 5735/6564 5736/6668 5712/6669
f 5730/6665 5737/6633 5738/6632 5729/6666
f 5704/6670 5732/6671 5731/6672 5703/6673
f 5724/6674 5757/6675 5758/6676 5725/6677
f 5720/6678 5756/6679 5755/6680 5719/6681
f 5715/6682 5753/6683 5754/6684 5716/6685
f 5705/6686 5747/6687 5748/6672 5707/6688
f 5711/6689 5750/6690 5749/6691 5709/6692
f 5712/6693 5736/6694 5750/6589 5711/6695
f 5727/6662 5736/6668 5735/6564 5728/6663
f 5707/6696 5748/6538 5734/6539 5708/6540
f 5743/6643 5750/6589 5736/6694 5727/6517
f 5709/6577 5749/6538 5735/6539 5710/6540
f 5698/6697 5728/6542 5744/6543 5696/6698
f 5706/6699 5733/6700 5747/6521 5705/6701
f 5713/6702 5751/6512 5732/6703 5704/6514
f 5703/6541 5731/6704 5752/6543 5714/6698
f 5722/6705 5740/6706 5756/6707 5720/6708
f 5717/6578 5737/6571 5753/6543 5715/6579
f 5719/6537 5755/6601 5739/6592 5721/6593
f 5725/6709 5758/6710 5742/6711 5726/6712
f 5700/6699 5729/6713 5745/6521 5699/6701
f 5723/6697 5741/6585 5757/6586 5724/6587
f 5745/6640 5754/6684 5753/6683 5746/6641
f 5729/6713 5738/6645 5754/6516 5745/6521
f 5659/6564 5661/6569 5662/6568 5660/6565
f 5755/6601 5757/6586 5741/6585 5739/6592
f 5739/6650 5741/6659 5742/6658 5740/6651
f 5740/6706 5742/6711 5758/6710 5756/6707
f 5756/6679 5758/6676 5757/6675 5755/6680
f 5747/6687 5751/6637 5752/6636 5748/6672
f 5642/6538 5639/6543 5640/6542 5641/6539
f 5733/6700 5732/6703 5751/6512 5747/6521
f 5734/6636 5731/6672 5732/6671 5733/6647
f 5748/6538 5752/6543 5731/6704 5734/6539
f 5746/6538 5753/6543 5737/6571 5730/6572
f 5744/6654 5749/6691 5750/6690 5743/6655
f 5683/6601 5689/6586 5688/6585 5686/6592
f 5775/6714 5773/6715 5766/6716 5764/6717
f 5771/6718 5772/6719 5761/6720 5765/6721
f 5769/6722 5759/6723 5767/6724 5768/6725
f 5773/6715 5774/6726 5762/6727 5766/6716
f 5776/6728 5767/6724 5759/6723 5760/6729
f 5770/6730 5771/6718 5765/6721 5763/6731
f 5780/6732 5990/6733 5989/6734 5779/6735
f 5954/6736 5942/6737 5943/6738 5944/6739
f 5828/6740 5834/6741 5836/6742 5864/6743
f 5928/6744 5827/6745 5875/6746 5909/6747
f 5915/6748 5916/6749 5910/6750 5911/6751
f 5938/6752 5803/6753 5829/6754 5940/6755
f 5778/6756 5846/6757 5845/6758 5777/6759
f 5885/6760 5887/6761 5886/6762 5888/6763
f 5919/6764 5891/6765 5892/6766 5920/6767
f 5905/6768 5889/6769 5890/6770 5917/6771
f 5919/6764 5920/6767 5907/6772 5908/6773
f 5922/6774 5867/6775 5866/6776 5921/6777
f 5890/6770 5889/6769 5892/6766 5891/6765
f 5903/6778 5850/6779 5849/6780 5901/6781
f 5899/6782 5873/6783 5832/6784 5927/6785
f 5912/6786 5900/6787 5913/6788 5914/6789
f 5848/6790 5855/6791 5845/6758 5846/6757
f 5794/6792 5806/6793 5807/6794 5939/6795
f 5895/6796 5819/6797 5817/6798 5950/6799
f 5800/6800 5801/6801 5793/6802 5824/6803
f 5856/6804 5945/6805 5948/6806 5847/6807
f 5949/6808 5818/6809 5820/6810 5894/6811
f 5901/6781 5813/6812 5789/6813 5903/6778
f 5848/6790 5947/6814 5946/6815 5855/6791
f 5904/6816 5852/6817 5851/6818 5902/6819
f 5899/6782 5927/6785 5897/6820 5925/6821
f 5862/6822 5810/6823 5809/6824 5863/6825
f 5833/6826 5811/6827 5809/6824 5810/6823
f 5814/6828 5789/6813 5813/6812 5815/6829
f 5854/6830 5853/6831 5856/6804 5847/6807
f 5865/6832 5868/6833 5924/6834 5923/6835
f 5807/6794 5804/6836 5802/6837 5939/6795
f 5875/6746 5827/6745 5832/6784 5873/6783
f 5800/6800 5944/6739 5943/6738 5801/6801
f 5836/6742 5811/6827 5833/6826 5864/6743
f 5826/6838 5825/6839 5869/6840 5878/6841
f 5912/6786 5831/6842 5874/6843 5900/6787
f 5868/6833 5885/6760 5888/6763 5924/6834
f 5926/6844 5898/6845 5928/6744 5909/6747
f 5910/6750 5876/6846 5830/6847 5911/6751
f 5938/6752 5940/6755 5805/6848 5937/6849
f 5830/6847 5876/6846 5874/6843 5831/6842
f 5871/6850 5808/6851 5872/6852 5870/6853
f 5872/6852 5956/6854 5941/6855 5870/6853
f 5869/6840 5942/6737 5954/6736 5878/6841
f 5879/6856 5877/6857 5799/6858 5880/6859
f 5802/6837 5804/6836 5829/6754 5803/6753
f 5941/6855 5956/6854 5955/6860 5953/6861
f 5820/6810 5818/6809 5817/6798 5819/6797
f 5823/6862 5797/6863 5929/6864 5930/6865
f 5816/6866 5835/6867 5861/6868 5791/6869
f 5948/6806 5945/6805 5946/6815 5947/6814
f 5852/6817 5814/6828 5815/6829 5851/6818
f 5879/6856 5953/6861 5955/6860 5877/6857
f 5823/6862 5858/6870 5857/6871 5797/6863
f 5921/6777 5886/6762 5887/6761 5922/6774
f 5918/6872 5906/6873 5905/6768 5917/6771
f 5862/6822 5863/6825 5861/6868 5835/6867
f 5895/6796 5950/6799 5896/6874 5951/6875
f 5952/6876 5893/6877 5949/6808 5894/6811
f 5795/6878 5796/6879 5931/6880 5932/6881
f 5860/6882 5859/6883 5857/6871 5858/6870
f 5931/6880 5859/6883 5860/6882 5932/6881
f 5842/6884 5882/6885 5881/6886 5883/6887
f 5843/6884 5841/6885 5884/6886 5839/6887
f 5933/6888 5837/6889 5935/6890 5936/6891
f 5842/6884 5959/6892 5961/6893 5882/6885
f 5840/6888 5844/6889 5934/6890 5838/6891
f 5957/6894 5962/6895 5961/6893 5959/6892
f 5964/6894 5963/6895 5958/6893 5960/6892
f 5935/6890 5963/6895 5964/6894 5936/6891
f 5934/6890 5962/6895 5957/6894 5838/6891
f 5843/6884 5960/6892 5958/6893 5841/6885
f 5969/6896 5976/6897 5966/6734 5965/6733
f 5976/6897 5969/6896 5981/6898 5985/6899
f 5973/6900 5980/6901 5977/6902 5970/6903
f 5967/6904 5968/6905 5974/6906 5971/6907
f 5975/6908 5972/6909 5978/6910 5979/6911
f 5971/6907 5974/6906 5984/6912 5982/6913
f 5783/6735 5782/6732 5965/6733 5966/6734
f 5982/6913 5984/6912 5985/6899 5981/6898
f 5987/6914 5986/6915 5988/6916 5983/6917
f 5980/6901 5973/6900 5983/6917 5988/6916
f 5979/6911 5978/6910 5986/6915 5987/6914
f 5992/6897 5989/6734 5990/6733 5994/6896
f 5994/6896 6006/6898 6005/6899 5992/6897
f 5993/6905 5996/6906 5995/6907 5991/6904
f 5997/6901 5999/6902 6002/6903 6004/6900
f 5998/6909 6001/6910 6000/6911 6003/6908
f 5822/6918 6002/6903 5999/6902 5812/6919
f 6008/6912 6005/6899 6006/6898 6007/6913
f 6011/6915 6009/6916 6012/6917 6010/6914
f 5996/6906 6008/6912 6007/6913 5995/6907
f 6004/6900 6012/6917 6009/6916 5997/6901
f 6001/6910 6011/6915 6010/6914 6000/6911
f 6025/6920 6027/6921 6089/6922 6088/6923
f 6034/6924 6033/6925 6030/6926 6039/6927
f 6015/6928 6046/6929 6031/6930 6014/6931
f 6048/6932 6058/6933 6057/6934 6047/6935
f 6050/6936 6049/6937 6037/6938 6029/6939
f 6031/6930 6046/6929 6032/6940 6045/6941
f 6048/6932 6047/6935 6040/6942 6038/6943
f 6055/6944 6053/6945 6059/6946 6060/6947
f 6056/6948 6054/6949 6057/6934 6058/6933
f 6050/6936 6060/6947 6059/6946 6049/6937
f 6032/6940 6054/6949 6056/6948 6045/6941
f 6030/6926 6053/6945 6055/6944 6039/6927
f 6066/6950 6067/6951 6068/6952 6065/6953
f 6064/6954 6070/6955 6069/6956 6063/6957
f 6061/6958 6064/6954 6063/6957 6062/6959
f 6070/6955 6072/6960 6071/6961 6069/6956
f 6065/6953 6071/6961 6072/6960 6066/6950
f 6086/6962 6079/6963 6075/6964 6076/6965
f 6103/6966 6115/6967 6141/6968 6135/6969
f 6088/6923 6089/6922 6078/6970 6087/6971
f 6104/6972 6094/6973 6097/6974 6083/6975
f 6095/6976 6082/6977 6096/6978 6093/6979
f 6090/6980 6091/6981 6081/6982 6107/6983
f 6111/6967 6102/6966 6085/6984 6110/6985
f 6115/6967 6103/6966 6084/6984 6114/6986
f 6098/6980 6092/6981 6080/6982 6100/6983
f 6094/6973 6104/6972 6136/6987 6129/6988
f 6101/6989 6106/6990 6138/6987 6133/6988
f 6106/6990 6101/6989 6117/6974 6116/6975
f 6119/6962 6077/6963 6073/6964 6074/6965
f 6113/6976 6112/6991 6120/6978 6105/6979
f 6108/6923 6109/6922 6118/6970 6099/6971
f 6042/6992 6041/6993 6112/6991 6113/6976
f 6023/6994 6043/6995 6114/6986 6084/6984
f 6024/6996 6036/6997 6110/6985 6085/6984
f 6028/6992 6022/6998 6082/6977 6095/6976
f 6127/6999 6122/7000 6123/7001 6126/7002
f 6128/7003 6130/7004 6129/6988 6136/6987
f 6132/7005 6124/7006 6134/6969 6140/7007
f 6139/7005 6125/7006 6135/6969 6141/6968
f 6137/7003 6144/7008 6133/6988 6138/6987
f 6131/6999 6142/7000 6121/7001 6143/7002
f 6099/6971 6118/6970 6142/7000 6131/6999
f 6079/6963 6086/6962 6126/7002 6123/7001
f 6107/6983 6081/6982 6125/7006 6139/7005
f 6093/6979 6096/6978 6130/7004 6128/7003
f 6087/6971 6078/6970 6122/7000 6127/6999
f 6077/6963 6119/6962 6143/7002 6121/7001
f 6102/6966 6111/6967 6140/7007 6134/6969
f 6105/6979 6120/6978 6144/7008 6137/7003
f 6100/6983 6080/6982 6124/7006 6132/7005
f 6161/7009 6177/7010 6179/7011 6167/7012
f 6151/7013 6150/7014 6156/7015 6158/7016
f 6146/7017 6145/7018 6148/7019 6152/7020
f 6162/7021 6154/7022 6153/7023 6155/7024
f 6163/7025 6147/7026 6149/7027 6160/7028
f 6161/7009 6167/7012 6165/7029 6164/7030
f 6157/7031 6166/7032 6168/7033 6159/7034
f 6148/7019 6169/7035 6173/7036 6152/7020
f 6021/7037 6155/7024 6153/7023 6020/7038
f 6173/7036 6169/7035 6171/7039 6172/7040
f 6176/7041 6170/7042 6174/7043 6178/7044
f 6175/7045 6180/7046 6179/7011 6177/7010
f 6168/7033 6180/7046 6175/7045 6159/7034
f 6149/7027 6170/7042 6176/7041 6160/7028
f 6151/7013 6172/7040 6171/7039 6150/7014
f 6162/7021 6178/7044 6174/7043 6154/7022
f 6744/7047 6187/6981 6196/6982 6747/7048
f 6748/7049 6184/6966 6190/7050 6745/7051
f 6749/7052 6204/6973 6192/6974 6750/7053
f 6752/7054 6197/6963 6182/6964 6742/7055
f 6746/7056 6201/6977 6195/6978 6751/7057
f 6753/7058 6759/7000 6207/7059 6186/7060
f 6743/7061 6203/6922 6185/6970 6753/7062
f 6741/6921 6743/6922 6198/7061 6044/7063
f 6754/7064 6212/7006 6205/7065 6755/7066
f 6757/7067 6211/7004 6216/6988 6756/7068
f 6759/7059 6206/7000 6213/7001 6758/7069
f 6751/6978 6757/7008 6210/7070 6194/7057
f 6748/7049 6755/7066 6205/7065 6184/6966
f 6752/7054 6758/7069 6213/7001 6197/6963
f 6749/7052 6756/7068 6216/6988 6204/6973
f 6747/6982 6754/7006 6209/7064 6191/7048
f 6223/7071 6246/7072 6247/7073 6224/7074
f 6234/7075 6235/7076 6238/7077 6239/7078
f 6236/7079 6237/7080 6233/7081 6232/7082
f 6236/7079 6240/7083 6241/7084 6237/7080
f 6238/7077 6242/7085 6243/7086 6239/7078
f 6243/7086 6242/7085 6241/7084 6240/7083
f 6250/7087 6251/7088 6244/7089 6245/7090
f 6247/7073 6246/7072 6248/7091 6249/7092
f 6253/7093 6252/7094 6255/7095 6254/7096
f 6248/7091 6252/7094 6253/7093 6249/7092
f 6250/7087 6254/7096 6255/7095 6251/7088
f 6263/7097 6264/7098 6259/7099 6260/7100
f 6262/7101 6261/7102 6258/7103 6257/7104
f 6263/7097 6267/7105 6268/7106 6264/7098
f 6265/7107 6266/7108 6268/7106 6267/7105
f 6258/7103 6266/7108 6265/7107 6257/7104
f 6276/7109 6275/7110 6272/7111 6271/7112
f 6276/7109 6280/7113 6279/7114 6275/7110
f 6270/7115 6269/7116 6273/7117 6274/7118
f 6278/7119 6277/7120 6279/7114 6280/7113
f 6273/7117 6277/7120 6278/7119 6274/7118
f 6295/7121 6297/7122 6296/7123 6294/7124
f 6227/7125 6434/7126 6433/7127 6226/7128
f 6289/7129 6295/7121 6294/7124 6288/7130
f 6293/7131 6287/7132 6286/7133 6292/7134
f 6283/7135 6298/7136 6299/7137 6285/7138
f 6290/7139 6289/7129 6288/7130 6291/7140
f 6292/7134 6296/7123 6297/7122 6293/7131
f 6303/7141 6304/7142 6299/7137 6298/7136
f 6301/7143 6300/7144 6305/7145 6302/7146
f 6306/7147 6309/7148 6308/7149 6307/7150
f 6303/7141 6307/7150 6308/7149 6304/7142
f 6305/7145 6309/7148 6306/7147 6302/7146
f 6310/7151 6336/6981 6337/7152 6311/7153
f 6327/6978 6326/7154 6317/7155 6312/6977
f 6314/6964 6320/7156 6319/7157 6315/7158
f 6316/6970 6318/7159 6321/7160 6313/7161
f 6322/6974 6323/7162 6324/7163 6325/6973
f 6328/7001 6331/7164 6330/7165 6329/7166
f 6333/6988 6332/7167 6334/7168 6335/7004
f 6327/6978 6335/7004 6334/7168 6326/7154
f 6319/7157 6331/7164 6328/7001 6315/7158
f 6324/7163 6332/7167 6333/6988 6325/6973
f 6316/6970 6329/7166 6330/7165 6318/7159
f 6338/6966 6342/7050 6341/7169 6343/7170
f 6340/7171 6346/7006 6345/7172 6339/7173
f 6336/6981 6340/7171 6339/7173 6337/7152
f 6346/7006 6344/7065 6347/7174 6345/7172
f 6343/7170 6347/7174 6344/7065 6338/6966
f 6351/7175 6381/7176 6368/6964 6349/7177
f 6228/7178 6399/7179 6400/7180 6231/7181
f 6378/7182 6377/6963 6368/6964 6381/7176
f 6350/6921 6369/6922 6360/7183 6354/7184
f 6382/7185 6370/6989 6364/6974 6365/7186
f 6360/7183 6369/6922 6359/7058 6358/7159
f 6374/6982 6388/7006 6393/7187 6379/7188
f 6371/6981 6374/6982 6379/7188 6361/7189
f 6363/7190 6385/7191 6387/6969 6373/7192
f 6373/7192 6372/7193 6362/7194 6363/7190
f 6380/7195 6367/6991 6375/6978 6376/7196
f 6388/7006 6387/6969 6385/7191 6393/7187
f 6390/7197 6389/7008 6386/6988 6394/7198
f 6383/7199 6384/7000 6391/7001 6392/7164
f 6382/7185 6394/7198 6386/6988 6370/6989
f 6378/7182 6392/7164 6391/7001 6377/6963
f 6375/6978 6389/7008 6390/7197 6376/7196
f 6359/7058 6384/7000 6383/7199 6358/7159
f 6410/7200 6414/7201 6400/7180 6399/7179
f 6408/7202 6401/7203 6402/7204 6407/7205
f 6406/7206 6404/7207 6403/7208 6405/7209
f 6398/7210 6397/7211 6413/7212 6409/7213
f 6395/7214 6396/7215 6411/7216 6415/7217
f 6418/7218 6416/7219 6417/7220 6412/7221
f 6420/7222 6422/7223 6421/7224 6419/7225
f 6423/7226 6426/7227 6427/7228 6424/7229
f 6428/7230 6425/7231 6429/7232 6430/7233
f 6411/7216 6425/7231 6428/7230 6415/7217
f 6410/7200 6424/7229 6427/7228 6414/7201
f 6404/7207 6420/7222 6419/7225 6403/7208
f 6418/7218 6430/7233 6429/7232 6416/7219
f 6413/7212 6426/7227 6423/7226 6409/7213
f 6407/7205 6421/7224 6422/7223 6408/7202
f 6450/7234 6448/7235 6435/7236 6436/7237
f 6441/7238 6442/7239 6439/7240 6440/7241
f 6437/7242 6438/7243 6443/7244 6444/7245
f 6441/7238 6455/7246 6456/7247 6442/7239
f 6433/7127 6434/7126 6445/7248 6446/7249
f 6452/7250 6453/7251 6447/7252 6451/7253
f 6432/7254 6431/7255 6449/7256 6454/7257
f 6357/7258 6451/7253 6447/7252 6356/7259
f 6230/7260 6436/7237 6435/7236 6229/7261
f 6458/7262 6457/7263 6456/7247 6455/7246
f 6460/7264 6459/7265 6461/7266 6463/7267
f 6466/7268 6462/7269 6465/7270 6464/7271
f 6452/7250 6464/7271 6465/7270 6453/7251
f 6445/7248 6459/7265 6460/7264 6446/7249
f 6449/7256 6462/7269 6466/7268 6454/7257
f 6443/7244 6457/7263 6458/7262 6444/7245
f 6450/7234 6463/7267 6461/7266 6448/7235
f 6555/6998 6558/7272 6557/7273 6552/7274
f 6738/7275 6737/7276 6549/7277 6541/7278
f 6709/7279 6708/7280 6531/7281 6525/7282
f 6711/7283 6518/7284 6499/7285 6710/7286
f 6578/7287 6584/7288 6585/7289 6580/7290
f 6685/7291 6686/7292 6515/7293 6507/7294
f 6725/7295 6724/7296 6510/7297 6502/7298
f 6718/7299 6497/7300 6500/7301 6719/7302
f 6713/7303 6498/7304 6501/7305 6712/7306
f 6717/7307 6716/7308 6516/7309 6508/7310
f 6653/6996 6554/7311 6559/7312 6654/7313
f 6498/7304 6590/7314 6593/7315 6501/7305
f 6488/7316 6591/7317 6592/7318 6491/7319
f 6515/7293 6594/7320 6597/7321 6507/7294
f 6509/7322 6595/7323 6596/7324 6517/7325
f 6516/7309 6601/7326 6598/7327 6508/7310
f 6506/7328 6599/7329 6600/7330 6514/7331
f 6497/7300 6605/7332 6603/7333 6500/7301
f 6490/7334 6604/7335 6602/7336 6487/7337
f 6523/7338 6607/7339 6606/7340 6529/7341
f 6531/7281 6609/7342 6608/7343 6525/7282
f 6518/7284 6611/7344 6612/7345 6499/7285
f 6489/7346 6610/7347 6613/7348 6495/7349
f 6492/7350 6625/7351 6623/7352 6493/7353
f 6533/7354 6622/7355 6624/7356 6519/7357
f 6547/7358 6620/7359 6619/7360 6539/7361
f 6496/7362 6616/7363 6617/7364 6494/7365
f 6534/7366 6615/7367 6614/7368 6535/7369
f 6550/7370 6627/7371 6626/7372 6542/7373
f 6543/7374 6618/7375 6621/7376 6551/7377
f 6538/7378 6628/7379 6629/7380 6546/7381
f 6583/7382 6577/7383 6633/7384 6634/7385
f 6582/7382 6587/7383 6636/7384 6635/7385
f 6553/7386 6649/7387 6650/7388 6556/7389
f 6484/7390 6483/7391 6660/7392 6661/7393
f 6761/7394 6762/6993 6663/7395 6521/7396
f 6480/7397 6479/7398 6665/7399 6666/7400
f 6696/7401 6697/7402 6676/7403 6675/7404
f 6523/7338 6529/7341 6683/7405 6684/7406
f 6506/7328 6514/7331 6687/7407 6688/7408
f 6678/7409 6677/7410 6694/7411 6695/7412
f 6509/7322 6517/7325 6714/7413 6715/7414
f 6468/7415 6720/7416 6721/7417 6467/7418
f 6503/7419 6511/7420 6722/7421 6723/7422
f 6470/7423 6727/7424 6726/7425 6469/7426
f 6472/7427 6729/7428 6728/7429 6471/7430
f 6522/7431 6528/7432 6730/7433 6731/7434
f 6474/7435 6733/7436 6734/7437 6473/7438
f 6540/7439 6548/7440 6736/7441 6735/7442
f 6476/7443 6740/7444 6739/7445 6475/7446
f 6678/7409 5951/6875 5896/6874 6677/7410
f 6665/7399 5893/6877 5952/6876 6666/7400
f 5798/7289 5998/6909 6003/6908 6588/7290
f 5781/7447 5916/6749 5915/6748 6689/7448
f 5785/7449 6632/7450 5968/6905 5967/6904
f 6679/7451 5808/6851 5871/6850 5790/7452
f 6580/7290 6585/7289 5972/6909 5975/6908
f 6727/7424 5865/6832 5923/6835 6726/7425
f 6714/7413 5806/6793 5794/6792 6715/7414
f 6636/7384 5837/6889 5933/6888 6635/7385
f 6712/7306 5866/6776 5867/6775 6713/7303
f 6725/7295 5937/6849 5805/6848 6724/7296
f 6719/7302 5849/6780 5850/6779 6718/7299
f 6668/7453 5880/6859 5799/6858 5787/7454
f 6720/7416 5904/6816 5902/6819 6721/7417
f 5784/7455 5824/6803 5793/6802 6691/7456
f 6687/7407 5825/6839 5826/6838 6688/7408
f 6667/7457 5834/6741 5828/6740 5821/7458
f 6685/7291 5908/6773 5907/6772 6686/7292
f 5788/7459 5898/6845 5926/6844 6680/7460
f 6693/7461 5906/6873 5918/6872 6692/7462
f 6690/7463 5914/6789 5913/6788 5786/7464
f 6694/7411 5853/6831 5854/6830 6695/7412
f 5792/7465 5925/6821 5897/6820 6669/7466
f 6722/7421 5796/6879 5795/6878 6723/7422
f 6717/7307 5930/6865 5929/6864 6716/7308
f 6637/7467 5839/6887 5884/6886 6638/7468
f 6633/7384 5844/6889 5840/6888 6634/7385
f 6640/7467 5883/6887 5881/6886 6639/7468
f 6586/6919 6579/6918 5970/6903 5977/6902
f 6630/7450 5993/6905 5991/6904 6631/7449
f 6676/7403 6033/6925 6034/6924 6675/7404
f 6696/7401 6038/6943 6040/6942 6697/7402
f 6017/7469 6029/6939 6037/6938 6664/7470
f 6683/7405 6145/7018 6146/7017 6684/7406
f 6648/7471 6647/7151 6092/6981 6098/6980
f 6699/7472 6158/7016 6156/7015 6698/7473
f 6574/7386 6051/7474 6116/6975 6117/6974
f 6710/7286 6068/6952 6067/6951 6711/7283
f 6765/7475 6745/7051 6190/7050 6732/6996
f 6641/6920 6642/6921 6109/6922 6108/6923
f 6569/7386 6568/7474 6083/6975 6097/6974
f 6729/7428 6061/6958 6062/6959 6728/7429
f 6643/7177 6016/7476 6074/6965 6073/6964
f 6645/7471 6646/7151 6091/6981 6090/6980
f 6644/7177 6019/7476 6076/6965 6075/6964
f 6730/7433 6166/7032 6157/7031 6731/7434
f 6709/7279 6164/7030 6165/7029 6708/7280
f 6018/7477 6147/7026 6163/7025 6674/7478
f 6766/7479 6750/7053 6192/6974 6532/7386
f 6763/7151 6744/6981 6188/7047 6707/7480
f 6762/6993 6746/6991 6202/7481 6663/7395
f 6764/7482 6742/7055 6182/6964 6013/7177
f 6681/7483 6232/7082 6233/7081 6217/7484
f 6700/7485 6235/7076 6234/7075 6219/7486
f 6220/7487 6245/7090 6244/7089 6701/7488
f 6659/7489 6260/7100 6259/7099 6218/7490
f 6672/7491 6261/7102 6262/7101 6671/7492
f 6660/7392 6269/7116 6270/7115 6661/7393
f 6673/7493 6271/7112 6272/7111 6256/7494
f 6705/7495 6286/7133 6287/7132 6281/7496
f 6733/7436 6290/7139 6291/7140 6734/7437
f 6736/7441 6300/7144 6301/7143 6735/7442
f 6556/7389 6323/7162 6322/6974 6553/7386
f 6555/6998 6312/6977 6317/7155 6558/7272
f 6654/7313 6341/7169 6342/7050 6653/6996
f 6652/7497 6320/7156 6314/6964 6651/7177
f 6649/7387 6313/7161 6321/7160 6650/7388
f 6738/7275 6440/7241 6439/7240 6737/7276
f 6564/7498 6365/7186 6364/6974 6352/7386
f 6348/6993 6367/6991 6380/7195 6563/7499
f 6655/7500 6362/7194 6372/7193 6355/7501
f 6656/7151 6371/6981 6361/7189 6353/7502
f 6282/7503 6402/7204 6401/7203 6703/7504
f 6740/7444 6406/7206 6405/7209 6739/7445
f 6657/7505 6396/7215 6395/7214 6221/7506
f 6225/7507 6397/7211 6398/7210 6702/7508
f 6670/7509 6412/7221 6417/7220 6366/7510
f 6222/7511 6431/7255 6432/7254 6658/7512
f 6704/7513 6438/7243 6437/7242 6284/7514
f 6659/7489 6218/7490 6544/7515 6536/7516
f 6230/7260 6229/7261 6547/7358 6539/7361
f 6228/7178 6231/7181 6496/7362 6494/7365
f 6681/7483 6217/7484 6492/7350 6493/7353
f 6562/7517 6560/7394 6348/6993 6563/7499
f 6355/7501 6561/7518 6565/7519 6655/7500
f 6703/7504 6534/7366 6535/7369 6282/7503
f 6036/6997 6024/6996 6571/7520 6566/7521
f 6567/7522 6570/7394 6022/6998 6028/6992
f 6021/7037 6020/7038 6526/7523 6520/7524
f 6017/7469 6664/7470 6482/7525 6481/7526
f 6765/7475 6732/6996 6530/7520 6760/7527
f 6043/6995 6023/6994 6572/7528 6576/7529
f 5778/6756 5777/6759 6488/7316 6491/7319
f 5792/7465 6669/7466 6478/7530 6477/7531
f 6668/7453 5787/7454 6512/7532 6504/7533
f 6581/7288 5798/7289 6588/7290 6589/7287
f 6630/7450 6631/7449 5822/6918 5812/6919
f 6632/7450 5785/7449 6579/6918 6586/6919
f 6283/7135 6285/7138 6550/7370 6542/7373
f 6281/7496 6533/7354 6519/7357 6705/7495
f 6640/7467 6639/7468 5782/6732 5783/6735
f 6637/7467 6638/7468 5780/6732 5779/6735
f 6575/7522 6573/7394 6041/6993 6042/6992
f 6568/7474 6569/7386 6027/6921 6025/6920
f 6051/7474 6574/7386 6642/6921 6641/6920
f 6016/7476 6643/7177 6646/7151 6645/7471
f 6019/7476 6644/7177 6647/7151 6648/7471
f 6352/7386 6350/6921 6354/7184 6564/7498
f 6682/7482 6764/7177 6763/7151 6707/7480
f 6035/7479 6766/7386 6741/6921 6044/7063
f 6349/7177 6656/7151 6353/7502 6351/7175
f 6651/7177 6310/7151 6311/7153 6652/7497
f 6486/7534 6485/7535 6657/7505 6221/7506
f 6537/7536 6545/7537 6222/7511 6658/7512
f 6026/7475 6765/6994 6760/7528 6524/7538
f 6682/7482 6181/7055 6742/6964 6764/7177
f 6662/6993 6201/6977 6746/7056 6762/7539
f 6505/7540 6513/7541 6667/7457 5821/7458
f 6706/7151 6187/6981 6744/7047 6763/7480
f 6035/7479 6193/7053 6750/6974 6766/7386
f 6026/7475 6183/7051 6745/6984 6765/6994
f 6527/7394 6662/6993 6762/7539 6761/7542
f 6220/7487 6701/7488 6672/7491 6671/7492
f 6196/6982 6212/7006 6754/7064 6747/7048
f 6699/7472 6698/7473 6018/7477 6674/7478
f 6189/7543 6208/7068 6756/6988 6749/6989
f 5784/7455 6691/7456 6679/7451 5790/7452
f 6690/7463 5786/7464 5788/7459 6680/7460
f 6200/7054 6215/7069 6758/7001 6752/6963
f 6199/7049 6214/7066 6755/6969 6748/6966
f 6538/7378 6546/7381 6223/7071 6224/7074
f 6195/6978 6211/7004 6757/7067 6751/7057
f 6207/7059 6759/7000 6758/7001 6215/7069
f 6489/7346 6495/7349 6015/6928 6014/6931
f 6210/7070 6757/7008 6756/6988 6208/7068
f 6490/7334 6487/7337 5781/7447 6689/7448
f 6209/7064 6754/7006 6755/6969 6214/7066
f 6052/6921 6203/6922 6743/7061 6741/7063
f 5816/6866 5791/6869 6693/7461 6692/7462
f 6198/7061 6743/6922 6753/7058 6186/7060
f 6766/7479 6532/7386 6052/6921 6741/7063
f 6673/7493 6256/7494 6700/7485 6219/7486
f 6185/6970 6206/7000 6759/7059 6753/7062
f 6357/7258 6356/7259 6227/7125 6226/7128
f 6670/7509 6366/7510 6225/7507 6702/7508
f 6202/7481 6746/6991 6751/6978 6194/7057
f 6543/7374 6551/7377 6704/7513 6284/7514
f 6200/7054 6752/6963 6742/6964 6181/7055
f 6189/7543 6749/6989 6750/6974 6193/7053
f 6764/7482 6013/7177 6706/7151 6763/7480
f 6199/7049 6748/6966 6745/6984 6183/7051
f 6188/7047 6744/6981 6747/6982 6191/7048
f 6769/7544 6767/7545 6771/7546 6772/7547
f 6773/7548 6774/7549 6775/7550 6776/7551
f 6773/7548 6776/7551 6768/7552 6770/7553
f 6777/7554 6778/7555 6779/7556 6780/7557
f 6780/7558 6771/7559 6776/7560 6775/7561
f 6772/7562 6779/7563 6774/7564 6773/7565
f 6780/7557 6779/7556 6772/7547 6771/7546
f 6767/7566 6768/7567 6776/7560 6771/7559
f 6778/7568 6781/7569 6774/7564 6779/7563
f 6781/7570 6782/7571 6775/7550 6774/7549
f 6782/7572 6777/7573 6780/7558 6775/7561
f 6772/7562 6773/7565 6770/7574 6769/7575
f 6785/7576 6783/7577 6787/7578 6788/7579
f 6789/7580 6790/7581 6791/7582 6792/7583
f 6789/7580 6792/7583 6784/7584 6786/7585
f 6793/7554 6794/7586 6795/7587 6796/7557
f 6796/7588 6787/7589 6792/7590 6791/7591
f 6788/7592 6795/7593 6790/7594 6789/7595
f 6796/7557 6795/7587 6788/7579 6787/7578
f 6783/7596 6784/7597 6792/7590 6787/7589
f 6794/7598 6797/7599 6790/7594 6795/7593
f 6797/7600 6798/7601 6791/7582 6790/7581
f 6798/7602 6793/7603 6796/7588 6791/7591
f 6788/7592 6789/7595 6786/7604 6785/7605
f 6801/7606 6799/7607 6803/7608 6804/7609
f 6805/7610 6806/7611 6807/7612 6808/7613
f 6805/7610 6808/7613 6800/7614 6802/7615
f 6809/7616 6810/7617 6811/7618 6812/7619
f 6812/7620 6803/7621 6808/7622 6807/7623
f 6804/7624 6811/7625 6806/6654 6805/7626
f 6812/7619 6811/7618 6804/7609 6803/7608
f 6799/7627 6800/7569 6808/7622 6803/7621
f 6810/7628 6813/7629 6806/6654 6811/7625
f 6813/7630 6814/7631 6807/7612 6806/7611
f 6814/7632 6809/7633 6812/7620 6807/7623
f 6804/7624 6805/7626 6802/7634 6801/7635
f 6873/7636 6874/7637 6869/7638 6870/7639
f 6885/7640 6914/7641 6913/7642 6884/7643
f 7074/7644 6841/7645 6870/7646 7033/7647
f 7218/7648 6904/7649 6905/7650 6876/7651
f 7193/7652 7192/7653 7180/7654 7179/7655
f 6912/7656 6913/7657 6829/7658 6908/7659
f 6879/7660 6907/7661 6838/7659 6878/7394
f 6989/7662 6881/7663 6914/7664 6824/7665
f 6968/7666 6983/7667 6986/7668 6967/7669
f 6851/7670 7098/7671 7182/7672 7153/7673
f 7118/7674 7158/7675 6849/7676 7113/7677
f 7184/7678 7187/7679 7191/7680 7188/7681
f 7114/7682 7115/7683 6851/7670 7153/7673
f 7182/7672 7098/7671 7186/7684 7189/7685
f 6849/7676 7158/7675 7184/7678 7188/7681
f 6847/7686 7127/7687 7126/7688 6848/7689
f 7131/7690 6850/7691 7122/7692 7136/7693
f 7181/7694 7178/7695 7194/7696 7196/7697
f 7169/7698 7192/7653 7193/7652 7159/7699
f 7176/7700 7097/7701 7185/7702 7157/7703
f 7185/7702 7097/7701 7178/7695 7181/7694
f 7109/7693 7108/7704 6858/7705 7116/7706
f 7170/7707 7177/7708 7191/7680 7187/7679
f 7110/7709 7112/7710 6853/7711 7117/7712
f 7170/7707 7116/7706 6858/7705 7177/7708
f 6822/7665 7084/7662 6823/7713 6869/7714
f 7069/7715 7068/7716 7080/7717 7079/7718
f 7092/7719 7091/7720 7093/7721 7017/7722
f 6823/7713 7084/7662 7092/7719 7017/7722
f 7064/7723 7086/7724 7085/7725 7065/7679
f 7022/7394 7021/7726 7034/7727 7036/7728
f 7090/7729 7036/7728 7034/7727 7088/7730
f 7090/7729 7088/7730 7093/7721 7091/7720
f 7085/7725 7086/7724 7073/7731 7072/7732
f 7080/7717 7072/7732 7073/7731 7079/7718
f 7025/7733 7068/7716 7069/7715 7026/7734
f 7024/7735 7023/7736 7025/7733 7026/7734
f 6867/7737 6861/7738 6836/7739 6865/7740
f 6829/7658 6911/7741 6993/7742 6908/7659
f 6992/7743 6995/7744 6987/7745 6990/7746
f 6994/7747 6995/7744 6992/7743 6997/7748
f 6989/7662 6990/7746 6987/7745 6881/7663
f 6982/7749 6984/7750 6985/7751 6981/7752
f 6871/7753 6873/7754 6870/7646 6841/7645
f 6993/7742 6911/7741 6991/7755 6998/7756
f 6974/7757 6973/7758 6986/7668 6983/7667
f 6977/7759 6978/7760 6979/7761 6980/7762
f 6985/7751 6984/7750 6978/7760 6977/7759
f 6949/7763 6953/7764 6982/7749 6981/7752
f 7107/7765 7104/7766 6834/7767 6830/7768
f 6939/7769 6944/7770 6943/7771 6940/7772
f 6971/7773 6980/7762 6979/7761 6969/7774
f 6857/7775 6856/7776 7113/7777 7115/7778
f 7120/7779 7121/7780 7125/7781 6852/7782
f 6971/7773 6969/7774 6910/7783 6909/7784
f 7105/7785 7140/7786 7139/7787 7101/7788
f 6877/7789 6893/7790 6892/7791 7214/7792
f 6931/7793 6929/7794 6930/7795 6934/7796
f 6903/7797 6960/7798 6961/7799 6839/7800
f 7138/7801 7197/7802 7195/7803 7111/7804
f 7197/7802 7198/7805 7124/7806 7195/7803
f 7171/7793 7172/7794 7168/7795 7162/7796
f 7094/7797 7155/7798 7164/7799 7099/7800
f 7147/7807 7163/7808 7164/7799 7155/7798
f 6818/7809 7162/7796 7168/7795 6819/7810
f 7095/7650 7103/7649 7145/7811 7142/7812
f 7150/7813 7130/7814 7134/7815 7149/7816
f 7144/7817 7135/7818 7123/7819 7151/7820
f 6818/7809 6819/7810 7100/7821 7096/7822
f 7145/7811 7163/7808 7147/7807 7142/7812
f 7050/7816 7059/7823 7058/7824 7051/7825
f 7007/7826 7056/7827 7057/7828 7008/7829
f 7056/7827 7058/7824 7059/7823 7057/7828
f 6860/7830 7040/7831 7039/7832 6843/7833
f 7006/7834 7047/7396 7043/7835 7001/7836
f 7043/7835 7047/7396 7049/7756 7038/7837
f 7039/7832 7040/7831 7042/7274 7041/7171
f 7215/7838 6909/7784 6910/7783 6880/7839
f 7008/7829 7012/7787 7011/7786 7007/7826
f 7051/7825 7010/7840 7009/7841 7050/7816
f 6832/7842 6831/7843 7005/7844 7000/7845
f 6891/7801 6963/7846 6964/7847 6890/7785
f 6963/7846 6966/7848 6965/7849 6964/7847
f 6955/7811 6959/7808 6962/7807 6958/7812
f 6960/7798 6962/7807 6959/7808 6961/7799
f 6932/7809 6934/7796 6930/7795 6933/7810
f 6926/7807 6925/7808 6917/7799 6918/7798
f 6886/7850 6918/7798 6917/7799 6889/7851
f 6887/7852 6888/7853 6919/7854 6920/7855
f 6915/7820 6921/7806 6924/7805 6916/7817
f 6919/7854 6925/7808 6926/7807 6920/7855
f 6839/7800 6837/7856 6906/7857 6903/7797
f 6958/7812 6905/7650 6904/7649 6955/7811
f 6915/7820 6916/7817 6901/7818 6899/7819
f 6932/7809 6933/7810 6896/7858 6875/7859
f 6889/7851 6895/7856 6894/7860 6886/7850
f 6890/7785 6894/7860 6895/7856 6891/7801
f 6957/7817 6892/7791 6893/7790 6956/7820
f 6832/7842 7038/7837 7049/7756 6831/7843
f 6900/7804 6906/7857 6837/7856 6902/7801
f 7099/7800 7137/7856 7133/7857 7094/7797
f 6844/7861 7123/7819 7135/7818 6845/7740
f 6833/7862 6888/7853 6887/7852 6827/7863
f 7149/7816 7201/7823 7202/7824 7150/7813
f 7129/7864 7199/7865 7200/7866 7132/7867
f 7199/7865 7202/7824 7201/7823 7200/7866
f 6834/7767 7156/7868 7167/7869 6830/7768
f 7101/7788 7165/7870 7161/7871 7105/7785
f 7161/7871 7165/7870 6815/7872 7148/7873
f 7167/7869 7156/7868 7141/7792 7160/7874
f 7132/7867 7139/7787 7140/7786 7129/7864
f 6856/7875 6855/7876 7118/7674 7113/7677
f 7143/7842 7146/7843 7102/7877 7106/7878
f 7143/7842 7148/7873 6815/7872 7146/7843
f 6874/7879 6872/7880 6822/7665 6869/7714
f 6884/7881 6913/7657 6912/7656 6882/7693
f 6883/7882 6824/7665 6914/7664 6885/7883
f 6857/7884 7115/7683 7114/7682 6854/7885
f 6999/7886 7004/7887 6860/7830 6843/7833
f 6938/7830 6937/7888 6935/7889 6936/7833
f 6902/7801 6923/7802 6922/7803 6900/7804
f 6922/7803 6923/7802 6924/7805 6921/7806
f 6897/7886 6898/7887 6938/7830 6936/7833
f 6956/7820 6965/7849 6966/7848 6957/7817
f 6821/7890 7000/7845 7005/7844 6840/7394
f 7001/7836 7011/7786 7012/7787 7006/7834
f 7053/7891 7060/7892 7061/7893 7052/7894
f 6859/7895 7019/7896 7020/7897 6842/7898
f 7045/7712 7046/7899 7048/7900 7044/7901
f 6864/7902 7014/7903 7013/7904 6862/7905
f 7002/7906 7044/7901 7048/7900 7003/7907
f 7052/7894 7013/7904 7014/7903 7053/7891
f 7111/7804 7133/7857 7137/7856 7138/7801
f 7151/7820 7124/7806 7198/7805 7144/7817
f 6935/7889 6937/7888 6928/7908 6927/7909
f 7055/7910 7061/7893 7060/7892 7054/7911
f 6842/7898 7055/7910 7054/7911 6859/7895
f 7003/7907 7020/7897 7019/7896 7002/7906
f 7205/7736 7128/7912 7119/7913 6846/7735
f 7207/7914 7134/7815 7130/7814 7206/7915
f 6913/7642 6914/7641 6881/7916 6829/7917
f 6968/7666 6967/7669 6939/7769 6940/7772
f 7074/7644 7033/7647 7018/7918 7089/7919
f 6941/7920 6945/7908 6946/7921 6942/7922
f 6949/7763 6952/7923 6954/7924 6953/7764
f 6947/7925 6951/7926 6950/7927 6948/7928
f 6972/7929 6976/7930 6975/7931 6970/7932
f 6975/7931 6976/7930 6973/7758 6974/7757
f 7083/7805 7089/7919 7018/7918 7087/7933
f 6941/7920 6942/7922 6994/7747 6997/7748
f 6996/7934 6988/7935 6947/7925 6948/7928
f 6996/7934 6998/7756 6991/7755 6988/7935
f 7033/7936 6870/7639 6869/7638 6823/7937
f 7027/7938 7028/7939 7037/7940 7035/7941
f 7071/7942 7070/7943 7081/7944 7082/7945
f 7071/7942 7076/7946 7075/7947 7070/7943
f 6836/7739 6861/7738 7064/7723 7065/7679
f 7077/7935 7078/7934 7083/7805 7087/7933
f 6866/7948 7015/7949 7016/7950 6868/7779
f 7066/7951 7032/7952 7030/7953 7067/7798
f 7062/7954 7082/7945 7081/7944 7063/7955
f 7066/7951 7067/7798 7075/7947 7076/7946
f 7037/7940 7078/7934 7077/7935 7035/7941
f 7062/7954 7063/7955 7016/7950 7015/7949
f 7173/7956 7166/7957 6853/7711 7112/7710
f 7113/7777 6849/7958 6851/7959 7115/7778
f 7152/7960 7175/7961 7119/7913 7128/7912
f 7152/7960 7196/7697 7194/7696 7175/7961
f 7173/7956 7189/7685 7186/7684 7166/7957
f 7126/7688 7127/7687 7169/7698 7159/7699
f 7122/7692 6850/7691 7176/7700 7157/7703
f 6838/7659 6907/7661 6972/7929 6970/7932
f 7212/7794 7004/7887 6999/7886 6820/7793
f 6826/7861 6899/7819 6901/7818 7216/7740
f 7217/7962 6898/7887 6897/7886 6825/7963
f 7029/7964 7031/7965 7030/7953 7032/7952
f 7125/7781 7154/7966 7174/7967 6852/7782
f 6828/7171 6875/7859 6896/7858 7213/7274
f 7183/7968 7179/7655 7180/7654 7190/7969
f 7174/7967 7154/7966 7183/7968 7190/7969
f 7211/7970 7009/7841 7010/7840 6863/7971
f 6817/7171 7096/7822 7100/7821 7204/7274
f 7210/7972 7106/7878 7102/7877 7208/7693
f 7203/7648 7103/7649 7095/7650 6816/7651
f 6835/7973 7104/7766 7107/7765 7209/7974
o Storey02_Ceiling
v 6.310000 19.590000 5.300008
v 0.210000 19.590000 5.300008
v 8.290000 0.210000 5.300008
v 6.190000 4.310000 5.300008
v 6.190000 19.590000 5.300008
v 6.190000 0.210000 5.300008
v 6.310000 0.210000 5.300008
v 0.210000 2.760000 5.300008
v 8.290000 19.590000 5.300008
v 0.210000 0.210000 5.300008
v 6.190000 7.410000 5.300008
v 0.210000 7.410000 5.300008
v 6.190000 7.290000 5.300008
v 0.210000 7.290000 5.300008
v 4.210000 19.590000 5.300008
v 4.210000 0.210000 5.300008
v 6.190000 12.390000 5.300008
v 0.210000 12.389999 5.300008
v 4.210000 7.410000 5.300008
v 4.210000 7.290000 5.300008
v 4.210000 12.390000 5.300008
v 4.210000 12.510000 5.300008
v 0.210000 12.510000 5.300008
v 6.190000 12.510000 5.300008
v 4.210000 4.310000 5.300008
v 0.210000 9.960000 5.300008
v 0.210000 9.840000 5.300008
v 4.089999 19.590000 5.300008
v 4.089999 0.210000 5.300008
v 4.090000 9.840000 5.300008
v 4.090000 9.960000 5.300008
v 4.090000 12.510000 5.300008
v 4.090000 12.389999 5.300008
v 4.090000 4.190000 5.300008
v 4.089999 7.290000 5.300008
v 4.090000 7.410000 5.300008
v 6.190000 17.160000 5.300008
v 0.210000 17.160000 5.300008
v 4.210000 17.160000 5.300008
v 4.089999 17.160000 5.300008
v 0.210000 17.040001 5.300008
v 6.190000 17.040001 5.300008
v 6.190000 15.490000 5.300008
v 4.210000 15.490000 5.300008
v 4.090000 15.610000 5.300008
v 6.190000 15.610000 5.300008
v 6.190000 2.760000 5.300008
v 0.210000 2.640000 5.300008
v 4.089999 2.640000 5.300008
v 6.190000 4.190000 5.300008
v 6.190000 2.640000 5.300008
v 4.210000 2.640000 5.300008
v 6.310000 4.086000 5.300008
v 6.310000 7.962000 5.300008
v 6.310000 11.838000 5.300008
v 6.310000 15.714001 5.300008
v 8.290000 4.086000 5.300008
v 8.290000 7.962000 5.300008
v 8.290000 11.838000 5.300008
v 8.290000 15.714001 5.300008
v 4.090000 17.040001 5.300008
v 4.090000 2.760000 5.300008
v 6.190000 9.900000 5.300008
v 4.210000 9.900000 5.300008
vt 0.106740 0.100697
vt 0.450956 0.100815
vt 0.450877 0.329523
vt 0.106661 0.329404
vt 0.401724 0.117431
vt 0.401724 0.346139
vt 0.121037 0.346139
vt 0.121037 0.117431
vt 0.205669 0.064750
vt 0.493287 0.064750
vt 0.493287 0.293458
vt 0.205669 0.293458
vt 0.005748 0.002265
vt 0.529004 0.002264
vt 0.363826 0.450439
vt 0.005748 0.450440
vt 0.026699 0.379354
vt 0.026699 0.098668
vt 0.474874 0.098667
vt 0.474874 0.379354
vt 0.481822 0.385881
vt 0.033648 0.385881
vt 0.033647 0.105194
vt 0.481822 0.105194
vt 0.103996 0.098667
vt 0.448212 0.098786
vt 0.448133 0.327494
vt 0.103917 0.327375
vt 0.005756 0.002260
vt 0.005756 0.450434
vt 0.493189 0.064390
vt 0.493110 0.293098
vt 0.045397 0.292943
vt 0.045476 0.064236
vt 0.049531 0.387349
vt 0.049531 0.106663
vt 0.497705 0.106663
vt 0.497705 0.387349
vt 0.042336 0.345498
vt 0.042336 0.064811
vt 0.490510 0.064811
vt 0.490510 0.345498
vt 0.017532 0.056914
vt 0.298218 0.057011
vt 0.298139 0.285719
vt 0.017453 0.285622
vt 0.493178 0.064236
vt 0.493178 0.292943
vt 0.045465 0.292944
vt 0.493422 0.064386
vt 0.493421 0.293093
vt 0.045709 0.293094
vt 0.045709 0.064386
vt 0.493470 0.064452
vt 0.493391 0.293160
vt 0.045679 0.293005
vt 0.045758 0.064297
vt 0.493399 0.064583
vt 0.493320 0.293291
vt 0.045607 0.293136
vt 0.206197 0.064463
vt 0.493815 0.064463
vt 0.493815 0.293171
vt 0.206197 0.293171
vt 0.363761 0.207680
vt 0.363761 0.450249
vt 0.528939 0.450249
vt 0.528939 0.207680
vt 0.529011 0.450435
vt 0.529007 0.207601
vt 0.363829 0.207601
vt 0.529007 0.450170
usemtl Interior_Mat
s off
f 7240/7975 7262/7976 7261/7977 7242/7978
f 7270/7979 7269/7980 7224/7981 7234/7982
f 7282/7983 7239/7984 7235/7985 7281/7986
f 7241/7987 7259/7988 7263/7989 7250/7990
f 7244/7991 7236/7992 7251/7993 7249/7994
f 7266/7995 7267/7996 7247/7997 7228/7998
f 7243/7999 7238/8000 7231/8001 7222/8002
f 7226/7988 7232/8003 7253/8004 7252/7989
f 7271/8005 7275/8006 7221/8007 7225/8008
f 7230/8009 7245/8010 7248/8011 7254/8012
f 7256/8013 7220/8014 7246/8015 7258/8016
f 7257/8017 7233/8018 7223/8019 7255/8020
f 7219/8021 7227/8022 7278/8023 7274/8008
f 7274/8024 7278/8025 7277/8026 7273/8027
f 7273/8028 7277/8029 7276/8030 7272/8031
f 7272/8032 7276/8033 7275/8034 7271/8027
f 7237/8035 7282/8036 7281/8037 7229/8038
f 7252/8039 7268/8040 7265/8041 7280/8042
f 7252/7989 7280/8043 7226/7988
f 7263/8044 7279/8045 7260/8040 7264/8046
f 7263/7989 7259/7988 7279/8043
o Exterior_Roof
v 0.200000 0.200000 5.600001
v 8.300000 0.200000 5.600001
v 8.300000 19.600000 5.600001
v 0.200000 19.600000 5.600001
v 0.200000 3.433333 5.600001
v 0.200000 6.666667 5.600001
v 0.200000 9.900001 5.600001
v 0.200000 13.133334 5.600001
v 0.200000 16.366667 5.600001
v 8.300000 3.433333 5.600001
v 8.300000 6.666667 5.600001
v 8.300000 9.900001 5.600001
v 8.300000 13.133334 5.600001
v 8.300000 16.366667 5.600001
v 4.250000 0.200000 5.600001
v 4.250000 19.600000 5.600001
v 4.250000 3.433333 5.600001
v 4.250000 6.666667 5.600001
v 4.250000 9.900001 5.600001
v 4.250000 13.133334 5.600001
v 4.250000 16.366667 5.600001
vt 0.617514 0.989688
vt 0.617514 0.756319
vt 0.803825 0.756319
vt 0.803825 0.989688
usemtl Exterior_Mat
s off
f 7303/8047 7296/8048 7285/8049 7298/8050
f 7297/8047 7284/8048 7292/8049 7299/8050
f 7299/8047 7292/8048 7293/8049 7300/8050
f 7300/8047 7293/8048 7294/8049 7301/8050
f 7301/8047 7294/8048 7295/8049 7302/8050
f 7302/8047 7295/8048 7296/8049 7303/8050
f 7291/8047 7303/8048 7298/8049 7286/8050
f 7283/8047 7297/8048 7299/8049 7287/8050
f 7287/8047 7299/8048 7300/8049 7288/8050
f 7288/8047 7300/8048 7301/8049 7289/8050
f 7289/8047 7301/8048 7302/8049 7290/8050
f 7290/8047 7302/8048 7303/8049 7291/8050
o GlassPanes
v 0.155000 5.020000 0.520000
v 0.155000 6.980000 0.520000
v 0.155000 6.980000 2.180000
v 0.155000 5.020000 2.180000
v 0.145000 5.020000 2.180000
v 0.145000 6.980000 2.180000
v 0.145000 6.980000 0.520000
v 0.145000 5.020000 0.520000
v 0.320000 4.845000 2.180000
v 0.880000 4.845000 0.520000
v 0.880000 4.845000 2.180000
v 0.320000 4.845000 0.520000
v 0.320000 4.855000 0.520000
v 0.880000 4.855000 2.180000
v 0.880000 4.855000 0.520000
v 0.320000 4.855000 2.180000
v 0.880000 2.745000 2.180000
v 0.320000 2.745000 2.180000
v 0.880000 2.745000 0.520000
v 0.320000 2.745000 0.520000
v 0.320000 2.755000 0.520000
v 0.880000 2.755000 0.520000
v 0.320000 2.755000 2.180000
v 0.880000 2.755000 2.180000
v 0.145000 2.580000 0.520000
v 0.145000 2.580000 2.180000
v 0.145000 0.620000 2.180000
v 0.145000 0.620000 0.520000
v 0.155000 2.580000 0.520000
v 0.155000 0.620000 0.520000
v 0.155000 2.580000 2.180000
v 0.155000 0.620000 2.180000
v 0.145000 9.780000 0.520000
v 0.145000 7.820000 0.520000
v 0.145000 7.820000 2.180000
v 0.145000 9.780000 2.180000
v 0.880000 9.945000 2.180000
v 0.320000 9.945000 2.180000
v 0.320000 9.945000 0.520000
v 0.880000 9.945000 0.520000
v 0.155000 7.820000 2.180000
v 0.155000 7.820000 0.520000
v 0.155000 9.780000 2.180000
v 0.155000 9.780000 0.520000
v 0.880000 9.955000 0.520000
v 0.320000 9.955000 2.180000
v 0.880000 9.955000 2.180000
v 0.320000 9.955000 0.520000
v 0.145000 19.179998 0.520000
v 0.145000 17.219999 0.520000
v 0.145000 19.180000 2.180000
v 0.145000 17.219999 2.180000
v 0.880000 17.045000 0.520000
v 0.320000 17.045000 0.520000
v 0.880000 17.045000 2.180000
v 0.320000 17.045000 2.180000
v 0.155000 19.180000 2.180000
v 0.155000 17.219999 2.180000
v 0.155000 19.179998 0.520000
v 0.155000 17.219999 0.520000
v 0.880000 17.055000 0.520000
v 0.320000 17.055000 0.520000
v 0.880000 17.055000 2.180000
v 0.320000 17.055000 2.180000
v 0.320000 14.945000 2.180000
v 0.880000 14.945000 2.180000
v 0.880000 14.945000 0.520000
v 0.320000 14.945000 0.520000
v 0.320000 14.955000 2.180000
v 0.880000 14.955000 0.520000
v 0.320000 14.955000 0.520000
v 0.880000 14.955000 2.180000
v 0.155000 14.780000 2.180000
v 0.155000 12.820000 2.180000
v 0.155000 12.820000 0.520000
v 0.155000 14.780000 0.520000
v 0.145000 12.820000 2.180000
v 0.145000 14.780000 2.180000
v 0.145000 14.780000 0.520000
v 0.145000 12.820000 0.520000
v 0.137566 1.504999 3.785000
v 0.137566 1.504999 4.995000
v 0.137566 0.994999 4.995000
v 0.137566 0.994999 3.785000
v 0.129132 0.994999 3.785000
v 0.129132 0.994999 4.995000
v 0.129132 1.504999 4.995000
v 0.129132 1.504999 3.785000
v 0.137566 2.205000 3.785000
v 0.137566 2.205000 4.995000
v 0.137566 1.695000 4.995000
v 0.137566 1.695000 3.785000
v 0.129132 1.695000 3.785000
v 0.129132 1.695000 4.995000
v 0.129132 2.205000 4.995000
v 0.129132 2.205000 3.785000
v 0.137566 3.705000 3.785000
v 0.137566 3.705000 4.995000
v 0.137566 3.195001 4.995000
v 0.137566 3.195001 3.785000
v 0.129132 3.195001 3.785000
v 0.129132 3.195001 4.995000
v 0.129132 3.705000 4.995000
v 0.129132 3.705000 3.785000
v 0.137566 4.405000 3.785000
v 0.137566 4.405000 4.995000
v 0.137566 3.895000 4.995000
v 0.137566 3.895000 3.785000
v 0.129132 3.895000 3.785000
v 0.129132 3.895000 4.995000
v 0.129132 4.405000 4.995000
v 0.129132 4.405000 3.785000
v 0.137566 5.905001 3.785000
v 0.137566 5.905001 4.995000
v 0.137566 5.395001 4.995000
v 0.137566 5.395001 3.785000
v 0.129132 5.395001 3.785000
v 0.129132 5.395001 4.995000
v 0.129132 5.905001 4.995000
v 0.129132 5.905001 3.785000
v 0.137566 6.605000 3.785000
v 0.137566 6.605000 4.995000
v 0.137566 6.095000 4.995000
v 0.137566 6.095000 3.785000
v 0.129132 6.095000 3.785000
v 0.129132 6.095000 4.995000
v 0.129132 6.605000 4.995000
v 0.129132 6.605000 3.785000
v 8.370865 1.595000 3.785000
v 8.370865 1.595000 4.995000
v 8.370865 1.085000 4.995000
v 8.370865 1.085000 3.785000
v 8.362432 1.085000 3.785000
v 8.362432 1.085000 4.995000
v 8.362431 1.595000 4.995000
v 8.362431 1.595000 3.785000
v 8.370865 2.295000 3.785000
v 8.370865 2.295000 4.995000
v 8.370865 1.785000 4.995000
v 8.370865 1.785000 3.785000
v 8.362432 1.785000 3.785000
v 8.362432 1.785000 4.995000
v 8.362431 2.295000 4.995000
v 8.362431 2.295000 3.785000
v 0.137566 8.705002 3.785000
v 0.137566 8.705002 4.995000
v 0.137566 8.195002 4.995000
v 0.137566 8.195002 3.785000
v 0.129132 8.195002 3.785000
v 0.129132 8.195002 4.995000
v 0.129132 8.705002 4.995000
v 0.129132 8.705002 3.785000
v 0.137566 9.405001 3.785000
v 0.137566 9.405001 4.995000
v 0.137566 8.895000 4.995000
v 0.137566 8.895000 3.785000
v 0.129132 8.895000 3.785000
v 0.129132 8.895000 4.995000
v 0.129132 9.405001 4.995000
v 0.129132 9.405001 3.785000
v 0.137566 10.904994 3.785000
v 0.137566 10.904994 4.995000
v 0.137566 10.394994 4.995000
v 0.137566 10.394994 3.785000
v 0.129132 10.394994 3.785000
v 0.129132 10.394994 4.995000
v 0.129132 10.904994 4.995000
v 0.129132 10.904994 3.785000
v 0.137566 11.604993 3.785000
v 0.137566 11.604993 4.995000
v 0.137566 11.094993 4.995000
v 0.137566 11.094993 3.785000
v 0.129132 11.094993 3.785000
v 0.129132 11.094993 4.995000
v 0.129132 11.604993 4.995000
v 0.129132 11.604993 3.785000
v 0.137566 13.704993 3.785000
v 0.137566 13.704993 4.995000
v 0.137566 13.194993 4.995000
v 0.137566 13.194993 3.785000
v 0.129132 13.194993 3.785000
v 0.129132 13.194993 4.995000
v 0.129132 13.704993 4.995000
v 0.129132 13.704993 3.785000
v 0.137566 14.404992 3.785000
v 0.137566 14.404992 4.995000
v 0.137566 13.894992 4.995000
v 0.137566 13.894992 3.785000
v 0.129132 13.894992 3.785000
v 0.129132 13.894992 4.995000
v 0.129132 14.404992 4.995000
v 0.129132 14.404992 3.785000
v 0.137566 15.904994 3.785000
v 0.137566 15.904994 4.995000
v 0.137566 15.394994 4.995000
v 0.137566 15.394994 3.785000
v 0.129132 15.394994 3.785000
v 0.129132 15.394994 4.995000
v 0.129132 15.904994 4.995000
v 0.129132 15.904994 3.785000
v 0.137566 16.604992 3.785000
v 0.137566 16.604992 4.995000
v 0.137566 16.094994 4.995000
v 0.137566 16.094994 3.785000
v 0.129132 16.094994 3.785000
v 0.129132 16.094994 4.995000
v 0.129132 16.604992 4.995000
v 0.129132 16.604992 3.785000
v 0.137566 18.104990 3.785000
v 0.137566 18.104990 4.995000
v 0.137566 17.594990 4.995000
v 0.137566 17.594990 3.785000
v 0.129132 17.594990 3.785000
v 0.129132 17.594990 4.995000
v 0.129132 18.104990 4.995000
v 0.129132 18.104990 3.785000
v 0.137566 18.804989 3.785000
v 0.137566 18.804989 4.995000
v 0.137566 18.294991 4.995000
v 0.137566 18.294991 3.785000
v 0.129132 18.294991 3.785000
v 0.129132 18.294991 4.995000
v 0.129132 18.804989 4.995000
v 0.129132 18.804989 3.785000
v 1.584989 19.670870 3.785000
v 1.584989 19.670870 4.995000
v 2.094989 19.670870 4.995000
v 2.094989 19.670870 3.785000
v 2.094989 19.662436 3.785000
v 2.094989 19.662436 4.995000
v 1.584989 19.662436 4.995000
v 1.584989 19.662436 3.785000
v 0.884990 19.670868 3.785000
v 0.884990 19.670868 4.995000
v 1.394988 19.670870 4.995000
v 1.394988 19.670870 3.785000
v 1.394988 19.662436 3.785000
v 1.394988 19.662436 4.995000
v 0.884990 19.662436 4.995000
v 0.884990 19.662436 3.785000
v 1.584989 0.137566 3.785000
v 1.584989 0.137566 4.995000
v 2.094989 0.137566 4.995000
v 2.094989 0.137566 3.785000
v 2.094989 0.129132 3.785000
v 2.094989 0.129132 4.995000
v 1.584989 0.129132 4.995000
v 1.584989 0.129132 3.785000
v 0.884990 0.137564 3.785000
v 0.884990 0.137564 4.995000
v 1.394988 0.137566 4.995000
v 1.394988 0.137566 3.785000
v 1.394988 0.129132 3.785000
v 1.394988 0.129132 4.995000
v 0.884990 0.129132 4.995000
v 0.884990 0.129132 3.785000
v 7.394989 0.137566 3.785000
v 7.394989 0.137566 4.995000
v 7.904990 0.137566 4.995000
v 7.904990 0.137566 3.785000
v 7.904990 0.129132 3.785000
v 7.904990 0.129132 4.995000
v 7.394989 0.129132 4.995000
v 7.394989 0.129132 3.785000
v 6.694991 0.137564 3.785000
v 6.694991 0.137564 4.995000
v 7.204989 0.137566 4.995000
v 7.204989 0.137566 3.785000
v 7.204989 0.129132 3.785000
v 7.204989 0.129132 4.995000
v 6.694991 0.129132 4.995000
v 6.694991 0.129132 3.785000
v 8.370865 4.975000 3.785000
v 8.370865 4.975000 4.995000
v 8.370865 4.465001 4.995000
v 8.370865 4.465001 3.785000
v 8.362432 4.465001 3.785000
v 8.362432 4.465001 4.995000
v 8.362431 4.975000 4.995000
v 8.362431 4.975000 3.785000
v 8.370865 5.675001 3.785000
v 8.370865 5.675001 4.995000
v 8.370865 5.165000 4.995000
v 8.370865 5.165000 3.785000
v 8.362432 5.165000 3.785000
v 8.362432 5.165000 4.995000
v 8.362431 5.675001 4.995000
v 8.362431 5.675001 3.785000
v 8.370865 8.325001 3.785000
v 8.370865 8.325001 4.995000
v 8.370865 7.815001 4.995000
v 8.370865 7.815001 3.785000
v 8.362432 7.815001 3.785000
v 8.362432 7.815001 4.995000
v 8.362431 8.325001 4.995000
v 8.362431 8.325001 3.785000
v 8.370865 9.025001 3.785000
v 8.370865 9.025001 4.995000
v 8.370865 8.515000 4.995000
v 8.370865 8.515000 3.785000
v 8.362432 8.515000 3.785000
v 8.362432 8.515000 4.995000
v 8.362431 9.025001 4.995000
v 8.362431 9.025001 3.785000
v 8.370865 11.734999 3.785000
v 8.370865 11.734999 4.995000
v 8.370865 11.224998 4.995000
v 8.370865 11.224998 3.785000
v 8.362432 11.224998 3.785000
v 8.362432 11.224998 4.995000
v 8.362431 11.734999 4.995000
v 8.362431 11.734999 3.785000
v 8.370865 12.434999 3.785000
v 8.370865 12.434999 4.995000
v 8.370865 11.924998 4.995000
v 8.370865 11.924998 3.785000
v 8.362432 11.924998 3.785000
v 8.362432 11.924998 4.995000
v 8.362431 12.434999 4.995000
v 8.362431 12.434999 3.785000
v 8.370865 15.115004 3.785000
v 8.370865 15.115004 4.995000
v 8.370865 14.605003 4.995000
v 8.370865 14.605003 3.785000
v 8.362432 14.605003 3.785000
v 8.362432 14.605003 4.995000
v 8.362431 15.115004 4.995000
v 8.362431 15.115004 3.785000
v 8.370865 15.815003 3.785000
v 8.370865 15.815003 4.995000
v 8.370865 15.305003 4.995000
v 8.370865 15.305003 3.785000
v 8.362432 15.305003 3.785000
v 8.362432 15.305003 4.995000
v 8.362431 15.815003 4.995000
v 8.362431 15.815003 3.785000
vt 0.828453 0.989512
vt 0.828453 0.822628
vt 0.969794 0.822628
vt 0.969794 0.989512
vt 0.968389 0.635336
vt 0.968389 0.817246
vt 0.907022 0.817246
vt 0.907022 0.635336
vt 0.907027 0.635353
vt 0.968394 0.635353
vt 0.968394 0.817263
vt 0.907027 0.817263
vt 0.968349 0.635352
vt 0.968349 0.817262
vt 0.969722 0.989533
vt 0.828381 0.989484
vt 0.828439 0.822600
vt 0.828321 0.989484
vt 0.969719 0.822649
vt 0.828418 0.822658
vt 0.969759 0.822658
vt 0.536911 0.531723
vt 0.536911 0.686008
vt 0.471882 0.686008
vt 0.471882 0.531723
vt 0.471831 0.685993
vt 0.471831 0.531707
vt 0.471893 0.531756
vt 0.536922 0.531756
vt 0.471867 0.686063
vt 0.536896 0.686063
vt 0.471845 0.686056
vt 0.471844 0.531771
vt 0.536953 0.531705
vt 0.536953 0.685990
usemtl GlassPanes_Mat
s off
f 7304/8051 7305/8052 7306/8053 7307/8054
f 7311/8054 7308/8051 7309/8052 7310/8053
f 7324/8055 7326/8056 7327/8057 7325/8058
f 7315/8059 7313/8060 7314/8061 7312/8062
f 7323/8058 7322/8055 7320/8061 7321/8062
f 7318/8059 7316/8063 7319/8064 7317/8062
f 7331/8065 7330/8066 7329/8067 7328/8053
f 7333/8068 7332/8067 7334/8069 7335/8065
f 7351/8063 7349/8064 7350/8062 7348/8059
f 7345/8066 7347/8067 7346/8053 7344/8054
f 7337/8065 7338/8066 7339/8067 7336/8069
f 7343/8055 7340/8056 7341/8057 7342/8058
f 7374/8055 7372/8061 7375/8062 7373/8058
f 7371/8058 7370/8055 7369/8056 7368/8057
f 7378/8066 7379/8067 7376/8069 7377/8065
f 7383/8054 7380/8066 7381/8067 7382/8053
f 7364/8058 7365/8055 7367/8061 7366/8062
f 7357/8059 7356/8063 7358/8064 7359/8062
f 7353/8054 7355/8066 7354/8070 7352/8071
f 7363/8066 7362/8067 7360/8069 7361/8065
f 7384/8072 7385/8073 7386/8074 7387/8075
f 7388/8074 7389/8075 7390/8072 7391/8073
f 7392/8072 7393/8073 7394/8074 7395/8075
f 7396/8074 7397/8075 7398/8072 7399/8073
f 7400/8072 7401/8073 7402/8076 7403/8077
f 7404/8074 7405/8078 7406/8079 7407/8073
f 7408/8072 7409/8073 7410/8074 7411/8075
f 7412/8074 7413/8075 7414/8072 7415/8073
f 7416/8072 7417/8073 7418/8074 7419/8075
f 7420/8072 7421/8073 7422/8074 7423/8075
f 7424/8072 7425/8073 7426/8074 7427/8075
f 7428/8080 7429/8078 7430/8079 7431/8081
f 7432/8072 7433/8073 7434/8076 7435/8077
f 7436/8074 7437/8075 7438/8072 7439/8073
f 7440/8072 7441/8073 7442/8074 7443/8075
f 7444/8076 7445/8077 7446/8072 7447/8073
f 7448/8072 7449/8073 7450/8074 7451/8075
f 7452/8082 7453/8083 7454/8079 7455/8081
f 7456/8072 7457/8073 7458/8074 7459/8075
f 7460/8076 7461/8083 7462/8079 7463/8073
f 7464/8072 7465/8073 7466/8074 7467/8075
f 7468/8074 7469/8075 7470/8072 7471/8073
f 7472/8072 7473/8073 7474/8074 7475/8075
f 7476/8074 7477/8075 7478/8072 7479/8073
f 7480/8079 7481/8081 7482/8082 7483/8083
f 7484/8080 7485/8078 7486/8079 7487/8081
f 7488/8072 7489/8073 7490/8074 7491/8075
f 7492/8072 7493/8073 7494/8074 7495/8075
f 7496/8072 7497/8073 7498/8074 7499/8075
f 7500/8084 7501/8085 7502/8074 7503/8075
f 7504/8072 7505/8073 7506/8074 7507/8075
f 7508/8072 7509/8073 7510/8074 7511/8075
f 7512/8084 7513/8085 7514/8074 7515/8075
f 7516/8072 7517/8073 7518/8074 7519/8075
f 7520/8072 7521/8073 7522/8074 7523/8075
f 7524/8072 7525/8073 7526/8074 7527/8075
f 7528/8072 7529/8073 7530/8074 7531/8075
f 7532/8072 7533/8073 7534/8074 7535/8075
f 7536/8074 7537/8075 7538/8072 7539/8073
f 7540/8072 7541/8073 7542/8074 7543/8075
f 7544/8076 7545/8077 7546/8072 7547/8073
f 7548/8072 7549/8073 7550/8074 7551/8075
f 7552/8074 7553/8075 7554/8072 7555/8073
f 7556/8072 7557/8073 7558/8074 7559/8075
f 7560/8074 7561/8075 7562/8072 7563/8073
f 7564/8072 7565/8073 7566/8074 7567/8075
f 7568/8074 7569/8075 7570/8072 7571/8073
f 7572/8072 7573/8073 7574/8074 7575/8075
f 7576/8072 7577/8073 7578/8074 7579/8075
f 7580/8074 7581/8075 7582/8072 7583/8073
f 7584/8072 7585/8073 7586/8074 7587/8075
f 7588/8074 7589/8075 7590/8072 7591/8073
f 7592/8072 7593/8073 7594/8074 7595/8075
f 7596/8074 7597/8075 7598/8072 7599/8073
f 7600/8072 7601/8073 7602/8074 7603/8075
f 7604/8074 7605/8075 7606/8084 7607/8085
f 7608/8072 7609/8073 7610/8074 7611/8075
f 7612/8072 7613/8073 7614/8074 7615/8075
f 7616/8072 7617/8073 7618/8074 7619/8075
f 7620/8072 7621/8073 7622/8074 7623/8075
f 7624/8072 7625/8073 7626/8074 7627/8075
f 7628/8072 7629/8073 7630/8074 7631/8075
f 7632/8072 7633/8073 7634/8074 7635/8075
f 7636/8084 7637/8085 7638/8074 7639/8075
o Doors_Glass
v 1.174980 3.799991 0.565003
v 1.174985 3.799990 0.210003
v 1.174985 4.149991 0.210002
v 1.174980 4.149991 0.565002
v 1.164980 3.799991 0.565003
v 1.164980 4.149991 0.565002
v 1.164985 4.149991 0.210002
v 1.164985 3.799990 0.210003
v 1.174980 3.799991 1.465004
v 1.174985 3.799991 1.020004
v 1.174985 4.149991 1.020002
v 1.174980 4.149992 1.465003
v 1.164980 3.799991 1.465004
v 1.164985 3.799991 1.020003
v 1.164985 3.449991 1.020004
v 1.164980 3.449991 1.465005
v 1.164980 4.149992 1.465003
v 1.164985 4.149991 1.020002
v 1.164975 3.799991 1.910005
v 1.164975 3.449991 1.910006
v 1.164975 4.149992 1.910004
v 1.164980 3.449990 0.565003
v 1.164985 3.449990 0.210003
v 1.164975 3.799991 0.920002
v 1.164975 4.149991 0.920002
v 1.164975 3.449991 0.920003
v 1.174980 3.449990 0.565004
v 1.174985 3.449990 0.210004
v 1.174975 3.799991 0.920003
v 1.174975 4.149991 0.920002
v 1.174975 3.449991 0.920004
v 1.174980 3.449991 1.465006
v 1.174985 3.449991 1.020005
v 1.174975 3.799991 1.910005
v 1.174975 4.149992 1.910004
v 1.174975 3.449991 1.910007
v 1.174980 16.000004 0.565003
v 1.174985 16.000002 0.210003
v 1.174985 16.350004 0.210002
v 1.174980 16.350004 0.565002
v 1.164980 16.000004 0.565003
v 1.164980 16.350004 0.565002
v 1.164985 16.350004 0.210002
v 1.164985 16.000002 0.210003
v 1.174980 16.000004 1.465004
v 1.174985 16.000004 1.020004
v 1.174985 16.350004 1.020002
v 1.174980 16.350004 1.465003
v 1.164980 16.000004 1.465004
v 1.164985 16.000004 1.020003
v 1.164985 15.650003 1.020004
v 1.164980 15.650003 1.465005
v 1.164980 16.350004 1.465003
v 1.164985 16.350004 1.020002
v 1.164975 16.000004 1.910005
v 1.164975 15.650003 1.910006
v 1.164975 16.350004 1.910004
v 1.164980 15.650002 0.565003
v 1.164985 15.650002 0.210003
v 1.164975 16.000004 0.920002
v 1.164975 16.350004 0.920002
v 1.164975 15.650003 0.920003
v 1.174980 15.650002 0.565004
v 1.174985 15.650002 0.210004
v 1.174975 16.000004 0.920003
v 1.174975 16.350004 0.920002
v 1.174975 15.650003 0.920004
v 1.174980 15.650003 1.465006
v 1.174985 15.650003 1.020005
v 1.174975 16.000004 1.910005
v 1.174975 16.350004 1.910004
v 1.174975 15.650003 1.910007
v 1.174980 11.025006 0.565003
v 1.174985 11.025004 0.210003
v 1.174985 11.375007 0.210002
v 1.174980 11.375007 0.565002
v 1.164980 11.025006 0.565003
v 1.164980 11.375007 0.565002
v 1.164985 11.375007 0.210002
v 1.164985 11.025004 0.210003
v 1.174980 11.025006 1.465004
v 1.174985 11.025006 1.020004
v 1.174985 11.375007 1.020002
v 1.174980 11.375007 1.465003
v 1.164980 11.025006 1.465004
v 1.164985 11.025006 1.020003
v 1.164985 10.675006 1.020004
v 1.164980 10.675006 1.465005
v 1.164980 11.375007 1.465003
v 1.164985 11.375007 1.020002
v 1.164975 11.025006 1.910005
v 1.164975 10.675006 1.910006
v 1.164975 11.375007 1.910004
v 1.164980 10.675005 0.565003
v 1.164985 10.675005 0.210003
v 1.164975 11.025006 0.920002
v 1.164975 11.375007 0.920002
v 1.164975 10.675006 0.920003
v 1.174980 10.675005 0.565004
v 1.174985 10.675005 0.210004
v 1.174975 11.025006 0.920003
v 1.174975 11.375007 0.920002
v 1.174975 10.675006 0.920004
v 1.174980 10.675006 1.465006
v 1.174985 10.675006 1.020005
v 1.174975 11.025006 1.910005
v 1.174975 11.375007 1.910004
v 1.174975 10.675006 1.910007
vt 0.967156 0.994845
vt 0.813008 0.994845
vt 0.813008 0.842869
vt 0.967155 0.842869
vt 0.966478 0.995686
vt 0.814502 0.995686
vt 0.814501 0.841539
vt 0.966478 0.841538
vt 0.996039 0.995332
vt 0.802811 0.995266
vt 0.802863 0.843290
vt 0.996090 0.843356
vt 0.996648 0.995222
vt 0.803420 0.995222
vt 0.803420 0.843246
vt 0.996648 0.843246
vt 0.997062 0.995615
vt 0.803834 0.995615
vt 0.803834 0.843639
vt 0.997062 0.843639
vt 0.995738 0.995222
vt 0.802510 0.995223
vt 0.802510 0.843246
vt 0.995738 0.843246
vt 0.996322 0.995222
vt 0.803094 0.995222
vt 0.803094 0.843246
vt 0.996322 0.843246
vt 0.955534 0.996089
vt 0.803558 0.996089
vt 0.803558 0.841941
vt 0.955535 0.841941
vt 0.977096 0.996433
vt 0.825120 0.996433
vt 0.825119 0.842286
vt 0.977096 0.842285
vt 0.974786 0.997085
vt 0.822810 0.997085
vt 0.822810 0.842938
vt 0.974786 0.842938
vt 0.809180 0.843365
vt 0.963327 0.843365
vt 0.963328 0.995341
vt 0.809180 0.995342
vt 0.980265 0.995169
vt 0.826117 0.995169
vt 0.826116 0.843193
vt 0.980264 0.843193
vt 0.831343 0.843356
vt 0.985491 0.843356
vt 0.985492 0.995332
vt 0.831344 0.995332
vt 0.995688 0.995332
vt 0.802461 0.995332
vt 0.802460 0.843356
vt 0.995688 0.843356
vt 0.996039 0.994356
vt 0.802812 0.994356
vt 0.802811 0.842380
vt 0.996038 0.842379
vt 0.996384 0.995103
vt 0.803157 0.995103
vt 0.803156 0.843127
vt 0.996383 0.843126
usemtl DoorGlass_Mat
s off
f 7640/8086 7641/8087 7642/8088 7643/8089
f 7644/8090 7645/8091 7646/8092 7647/8093
f 7648/8094 7649/8095 7650/8096 7651/8097
f 7652/8098 7653/8099 7654/8100 7655/8101
f 7656/8102 7657/8103 7653/8104 7652/8105
f 7658/8106 7652/8107 7655/8108 7659/8109
f 7660/8110 7656/8111 7652/8112 7658/8113
f 7661/8114 7644/8115 7647/8116 7662/8117
f 7663/8118 7664/8119 7645/8120 7644/8121
f 7665/8122 7663/8123 7644/8124 7661/8125
f 7641/8126 7640/8127 7666/8128 7667/8129
f 7668/8130 7640/8131 7643/8132 7669/8133
f 7640/8134 7668/8135 7670/8136 7666/8137
f 7671/8138 7672/8139 7649/8140 7648/8141
f 7673/8142 7648/8143 7651/8144 7674/8145
f 7675/8146 7671/8147 7648/8148 7673/8149
f 7676/8086 7677/8087 7678/8088 7679/8089
f 7680/8090 7681/8091 7682/8092 7683/8093
f 7684/8094 7685/8095 7686/8096 7687/8097
f 7688/8098 7689/8099 7690/8100 7691/8101
f 7692/8102 7693/8103 7689/8104 7688/8105
f 7694/8106 7688/8107 7691/8108 7695/8109
f 7696/8110 7692/8111 7688/8112 7694/8113
f 7697/8114 7680/8115 7683/8116 7698/8117
f 7699/8118 7700/8119 7681/8120 7680/8121
f 7701/8122 7699/8123 7680/8124 7697/8125
f 7677/8126 7676/8127 7702/8128 7703/8129
f 7704/8130 7676/8131 7679/8132 7705/8133
f 7676/8134 7704/8135 7706/8136 7702/8137
f 7707/8138 7708/8139 7685/8140 7684/8141
f 7709/8142 7684/8143 7687/8144 7710/8145
f 7711/8146 7707/8147 7684/8148 7709/8149
f 7712/8086 7713/8087 7714/8088 7715/8089
f 7716/8090 7717/8091 7718/8092 7719/8093
f 7720/8094 7721/8095 7722/8096 7723/8097
f 7724/8098 7725/8099 7726/8100 7727/8101
f 7728/8102 7729/8103 7725/8104 7724/8105
f 7730/8106 7724/8107 7727/8108 7731/8109
f 7732/8110 7728/8111 7724/8112 7730/8113
f 7733/8114 7716/8115 7719/8116 7734/8117
f 7735/8118 7736/8119 7717/8120 7716/8121
f 7737/8122 7735/8123 7716/8124 7733/8125
f 7713/8126 7712/8127 7738/8128 7739/8129
f 7740/8130 7712/8131 7715/8132 7741/8133
f 7712/8134 7740/8135 7742/8136 7738/8137
f 7743/8138 7744/8139 7721/8140 7720/8141
f 7745/8142 7720/8143 7723/8144 7746/8145
f 7747/8146 7743/8147 7720/8148 7745/8149
o Storey01_Doors
v 7.580001 2.580003 0.960001
v 7.720001 2.580003 0.960001
v 7.720001 2.570003 0.960001
v 7.580001 2.570003 0.960001
v 7.720001 2.570003 0.980002
v 7.580001 2.570003 0.980002
v 7.720001 2.580003 0.980002
v 7.580001 2.580003 0.980002
v 7.720001 2.679997 0.980002
v 7.720001 2.679997 0.960005
v 7.720001 2.689997 0.960005
v 7.720001 2.689997 0.980002
v 7.580001 2.689997 0.960005
v 7.580001 2.689997 0.980002
v 7.580001 2.679997 0.980002
v 7.580001 2.679997 0.960005
v 7.672001 2.607003 1.038002
v 7.728001 2.607003 1.038002
v 7.730001 2.610003 1.040003
v 7.670001 2.610003 1.040003
v 7.670001 2.649997 1.040003
v 7.730001 2.649997 1.040003
v 7.728001 2.652997 1.038002
v 7.672001 2.652997 1.038002
v 7.672001 2.607003 0.862001
v 7.670001 2.610003 0.860000
v 7.672001 2.652997 0.862004
v 7.670001 2.649997 0.860004
v 7.730001 2.649997 0.860004
v 7.728001 2.652997 0.862004
v 7.728001 2.607003 0.862001
v 7.730001 2.610003 0.860000
v 7.694001 2.580003 0.976002
v 7.706000 2.580003 0.976002
v 7.706000 2.607003 0.976002
v 7.694001 2.607003 0.976002
v 7.706000 2.580003 0.964002
v 7.706000 2.607003 0.964002
v 7.694001 2.679997 0.964002
v 7.706000 2.679997 0.964002
v 7.706000 2.652997 0.964002
v 7.694001 2.652997 0.964002
v 7.694001 2.607003 0.964002
v 7.694001 2.580003 0.964002
v 7.694001 2.652997 0.976002
v 7.706000 2.652997 0.976002
v 7.706000 2.679997 0.976002
v 7.694001 2.679997 0.976002
v 7.750000 2.609992 2.110002
v 6.849999 2.609992 2.110002
v 6.850000 2.610013 0.010000
v 7.750001 2.610012 0.010000
v 7.750000 2.649987 2.110006
v 7.750001 2.650006 0.010005
v 6.850000 2.650006 0.010000
v 6.849999 2.649987 2.110002
v 8.320004 5.960005 0.960001
v 8.320004 5.820004 0.960001
v 8.310003 5.820004 0.960001
v 8.310003 5.960005 0.960001
v 8.310003 5.820004 0.980002
v 8.310003 5.960005 0.980002
v 8.320004 5.820004 0.980002
v 8.320004 5.960005 0.980002
v 8.419997 5.820004 0.980002
v 8.419997 5.820004 0.960005
v 8.429997 5.820004 0.960005
v 8.429997 5.820004 0.980002
v 8.429997 5.960005 0.960005
v 8.429997 5.960005 0.980002
v 8.419997 5.960005 0.980002
v 8.419997 5.960005 0.960005
v 8.347003 5.868005 1.038002
v 8.347003 5.812005 1.038002
v 8.350003 5.810004 1.040003
v 8.350003 5.870005 1.040003
v 8.389997 5.870005 1.040003
v 8.389997 5.810004 1.040003
v 8.392997 5.812005 1.038002
v 8.392997 5.868005 1.038002
v 8.347003 5.868005 0.862001
v 8.350003 5.870005 0.860000
v 8.392997 5.868005 0.862004
v 8.389997 5.870005 0.860004
v 8.389997 5.810004 0.860004
v 8.392997 5.812005 0.862004
v 8.347003 5.812005 0.862001
v 8.350003 5.810004 0.860000
v 8.320004 5.846004 0.976002
v 8.320004 5.834005 0.976002
v 8.347003 5.834005 0.976002
v 8.347003 5.846004 0.976002
v 8.320004 5.834005 0.964002
v 8.347003 5.834005 0.964002
v 8.419997 5.846004 0.964002
v 8.419997 5.834005 0.964002
v 8.392997 5.834005 0.964002
v 8.392997 5.846004 0.964002
v 8.347003 5.846004 0.964002
v 8.320004 5.846004 0.964002
v 8.392997 5.846004 0.976002
v 8.392997 5.834005 0.976002
v 8.419997 5.834005 0.976002
v 8.419997 5.846004 0.976002
v 8.349992 5.790006 2.110002
v 8.349993 6.690006 2.110002
v 8.350014 6.690005 0.010000
v 8.350012 5.790005 0.010000
v 8.389987 5.790006 2.110006
v 8.390006 5.790005 0.010005
v 8.390007 6.690010 0.010000
v 8.389988 6.690011 2.110002
v 6.219982 5.960003 0.960001
v 6.219982 5.820003 0.960001
v 6.209982 5.820003 0.960001
v 6.209982 5.960003 0.960001
v 6.209982 5.820003 0.980002
v 6.209982 5.960003 0.980002
v 6.219982 5.820003 0.980002
v 6.219982 5.960003 0.980002
v 6.319977 5.820003 0.980002
v 6.319977 5.820003 0.960005
v 6.329977 5.820003 0.960005
v 6.329977 5.820003 0.980002
v 6.329977 5.960003 0.960005
v 6.329977 5.960003 0.980002
v 6.319977 5.960003 0.980002
v 6.319977 5.960003 0.960005
v 6.246983 5.868003 1.038002
v 6.246983 5.812003 1.038002
v 6.249983 5.810002 1.040003
v 6.249983 5.870003 1.040003
v 6.289976 5.870003 1.040003
v 6.289976 5.810002 1.040003
v 6.292976 5.812003 1.038002
v 6.292976 5.868003 1.038002
v 6.246983 5.868003 0.862001
v 6.249983 5.870003 0.860000
v 6.292976 5.868003 0.862004
v 6.289976 5.870003 0.860004
v 6.289976 5.810002 0.860004
v 6.292976 5.812003 0.862004
v 6.246983 5.812003 0.862001
v 6.249983 5.810002 0.860000
v 6.219982 5.846003 0.976002
v 6.219982 5.834003 0.976002
v 6.246983 5.834003 0.976002
v 6.246983 5.846003 0.976002
v 6.219982 5.834003 0.964002
v 6.246983 5.834003 0.964002
v 6.319977 5.846003 0.964002
v 6.319977 5.834003 0.964002
v 6.292976 5.834003 0.964002
v 6.292976 5.846003 0.964002
v 6.246983 5.846003 0.964002
v 6.219982 5.846003 0.964002
v 6.292976 5.846003 0.976002
v 6.292976 5.834003 0.976002
v 6.319977 5.834003 0.976002
v 6.319977 5.846003 0.976002
v 6.249971 5.790004 2.110002
v 6.249972 6.690004 2.110002
v 6.249993 6.690003 0.010000
v 6.249991 5.790003 0.010000
v 6.289967 5.790004 2.110006
v 6.289986 5.790003 0.010005
v 6.289986 6.690003 0.010000
v 6.289967 6.690004 2.110002
v 1.154980 3.449991 1.020002
v 1.154980 4.149991 1.020002
v 1.154980 4.149991 0.920002
v 1.154980 3.449991 0.920002
v 1.184980 3.449991 0.920006
v 1.184980 4.149991 0.920002
v 1.184980 4.149991 1.020002
v 1.184980 3.449991 1.020006
v 1.119983 3.519990 0.960001
v 1.119982 3.379990 0.960001
v 1.109982 3.379990 0.960001
v 1.109983 3.519990 0.960001
v 1.109982 3.379990 0.980002
v 1.109983 3.519990 0.980002
v 1.119982 3.379990 0.980002
v 1.119983 3.519990 0.980002
v 1.219977 3.379990 0.980002
v 1.219977 3.379990 0.960005
v 1.229977 3.379990 0.960005
v 1.229977 3.379990 0.980002
v 1.229977 3.519990 0.960005
v 1.229977 3.519990 0.980002
v 1.219977 3.519990 0.980002
v 1.219977 3.519990 0.960005
v 1.146983 3.427990 1.038002
v 1.146983 3.371991 1.038002
v 1.149982 3.369990 1.040003
v 1.149983 3.429990 1.040003
v 1.189977 3.429990 1.040003
v 1.189977 3.369990 1.040003
v 1.192976 3.371991 1.038002
v 1.192977 3.427990 1.038002
v 1.146983 3.427990 0.862001
v 1.149983 3.429990 0.860000
v 1.192977 3.427990 0.862004
v 1.189977 3.429990 0.860004
v 1.189977 3.369990 0.860004
v 1.192976 3.371991 0.862004
v 1.146983 3.371991 0.862001
v 1.149982 3.369990 0.860000
v 1.119983 3.405990 0.976002
v 1.119982 3.393991 0.976002
v 1.146983 3.393991 0.976002
v 1.146983 3.405990 0.976002
v 1.119982 3.393991 0.964002
v 1.146983 3.393991 0.964002
v 1.219977 3.405990 0.964002
v 1.219977 3.393991 0.964002
v 1.192977 3.393991 0.964002
v 1.192977 3.405990 0.964002
v 1.146983 3.405990 0.964002
v 1.119983 3.405990 0.964002
v 1.192977 3.405990 0.976002
v 1.192977 3.393991 0.976002
v 1.219977 3.393991 0.976002
v 1.219977 3.405990 0.976002
v 1.189967 3.349991 2.110005
v 1.189967 4.249991 2.110002
v 1.149972 4.249991 2.110002
v 1.149971 3.349991 2.110002
v 1.149972 4.149991 1.910003
v 1.149972 3.449991 1.910003
v 1.149992 3.349990 0.010000
v 1.189986 3.349990 0.010005
v 1.189967 3.449991 1.910007
v 1.189967 4.149991 1.910003
v 1.189986 4.249990 0.010000
v 1.189986 4.149991 0.210002
v 1.189986 3.449990 0.210006
v 1.149993 4.249990 0.010000
v 1.149993 4.149991 0.210002
v 1.149992 3.449990 0.210002
v 8.320004 11.159990 0.960001
v 8.320004 11.019989 0.960001
v 8.310003 11.019989 0.960001
v 8.310003 11.159990 0.960001
v 8.310003 11.019989 0.980002
v 8.310003 11.159990 0.980002
v 8.320004 11.019989 0.980002
v 8.320004 11.159990 0.980002
v 8.419997 11.019989 0.980002
v 8.419997 11.019989 0.960005
v 8.429997 11.019989 0.960005
v 8.429997 11.019989 0.980002
v 8.429997 11.159990 0.960005
v 8.429997 11.159990 0.980002
v 8.419997 11.159990 0.980002
v 8.419997 11.159990 0.960005
v 8.347003 11.067989 1.038002
v 8.347003 11.011990 1.038002
v 8.350003 11.009989 1.040003
v 8.350003 11.069990 1.040003
v 8.389997 11.069990 1.040003
v 8.389997 11.009989 1.040003
v 8.392997 11.011990 1.038002
v 8.392997 11.067989 1.038002
v 8.347003 11.067989 0.862001
v 8.350003 11.069990 0.860000
v 8.392997 11.067989 0.862004
v 8.389997 11.069990 0.860004
v 8.389997 11.009989 0.860004
v 8.392997 11.011990 0.862004
v 8.347003 11.011990 0.862001
v 8.350003 11.009989 0.860000
v 8.320004 11.045989 0.976002
v 8.320004 11.033990 0.976002
v 8.347003 11.033990 0.976002
v 8.347003 11.045989 0.976002
v 8.320004 11.033990 0.964002
v 8.347003 11.033990 0.964002
v 8.419997 11.045989 0.964002
v 8.419997 11.033990 0.964002
v 8.392997 11.033990 0.964002
v 8.392997 11.045989 0.964002
v 8.347003 11.045989 0.964002
v 8.320004 11.045989 0.964002
v 8.392997 11.045989 0.976002
v 8.392997 11.033990 0.976002
v 8.419997 11.033990 0.976002
v 8.419997 11.045989 0.976002
v 8.349992 10.989991 2.110002
v 8.349993 11.889991 2.110002
v 8.350014 11.889990 0.010000
v 8.350012 10.989990 0.010000
v 8.389987 10.989991 2.110006
v 8.390006 10.989990 0.010005
v 8.390007 11.889995 0.010000
v 8.389988 11.889996 2.110002
v 7.580001 14.879992 0.960001
v 7.720001 14.879992 0.960001
v 7.720001 14.869993 0.960001
v 7.580001 14.869993 0.960001
v 7.720001 14.869993 0.980002
v 7.580001 14.869993 0.980002
v 7.720001 14.879992 0.980002
v 7.580001 14.879992 0.980002
v 7.720001 14.979986 0.980002
v 7.720001 14.979986 0.960005
v 7.720001 14.989986 0.960005
v 7.720001 14.989986 0.980002
v 7.580001 14.989986 0.960005
v 7.580001 14.989986 0.980002
v 7.580001 14.979986 0.980002
v 7.580001 14.979986 0.960005
v 7.672001 14.906993 1.038002
v 7.728001 14.906993 1.038002
v 7.730001 14.909992 1.040003
v 7.670001 14.909992 1.040003
v 7.670001 14.949986 1.040003
v 7.730001 14.949986 1.040003
v 7.728001 14.952987 1.038002
v 7.672001 14.952987 1.038002
v 7.672001 14.906993 0.862001
v 7.670001 14.909992 0.860000
v 7.672001 14.952987 0.862004
v 7.670001 14.949986 0.860004
v 7.730001 14.949986 0.860004
v 7.728001 14.952987 0.862004
v 7.728001 14.906993 0.862001
v 7.730001 14.909992 0.860000
v 7.694001 14.879992 0.976002
v 7.706000 14.879992 0.976002
v 7.706000 14.906993 0.976002
v 7.694001 14.906993 0.976002
v 7.706000 14.879992 0.964002
v 7.706000 14.906993 0.964002
v 7.694001 14.979986 0.964002
v 7.706000 14.979986 0.964002
v 7.706000 14.952987 0.964002
v 7.694001 14.952987 0.964002
v 7.694001 14.906993 0.964002
v 7.694001 14.879992 0.964002
v 7.694001 14.952987 0.976002
v 7.706000 14.952987 0.976002
v 7.706000 14.979986 0.976002
v 7.694001 14.979986 0.976002
v 7.750000 14.909982 2.110002
v 6.849999 14.909982 2.110002
v 6.850000 14.910003 0.010000
v 7.750001 14.910002 0.010000
v 7.750000 14.949977 2.110006
v 7.750001 14.949996 0.010005
v 6.850000 14.949996 0.010000
v 6.849999 14.949977 2.110002
v 8.320004 18.259995 0.960001
v 8.320004 18.119993 0.960001
v 8.310003 18.119993 0.960001
v 8.310003 18.259995 0.960001
v 8.310003 18.119993 0.980002
v 8.310003 18.259995 0.980002
v 8.320004 18.119993 0.980002
v 8.320004 18.259995 0.980002
v 8.419997 18.119993 0.980002
v 8.419997 18.119993 0.960005
v 8.429997 18.119993 0.960005
v 8.429997 18.119993 0.980002
v 8.429997 18.259995 0.960005
v 8.429997 18.259995 0.980002
v 8.419997 18.259995 0.980002
v 8.419997 18.259995 0.960005
v 8.347003 18.167995 1.038002
v 8.347003 18.111996 1.038002
v 8.350003 18.109993 1.040003
v 8.350003 18.169994 1.040003
v 8.389997 18.169994 1.040003
v 8.389997 18.109993 1.040003
v 8.392997 18.111996 1.038002
v 8.392997 18.167995 1.038002
v 8.347003 18.167995 0.862001
v 8.350003 18.169994 0.860000
v 8.392997 18.167995 0.862004
v 8.389997 18.169994 0.860004
v 8.389997 18.109993 0.860004
v 8.392997 18.111996 0.862004
v 8.347003 18.111996 0.862001
v 8.350003 18.109993 0.860000
v 8.320004 18.145994 0.976002
v 8.320004 18.133995 0.976002
v 8.347003 18.133995 0.976002
v 8.347003 18.145994 0.976002
v 8.320004 18.133995 0.964002
v 8.347003 18.133995 0.964002
v 8.419997 18.145994 0.964002
v 8.419997 18.133995 0.964002
v 8.392997 18.133995 0.964002
v 8.392997 18.145994 0.964002
v 8.347003 18.145994 0.964002
v 8.320004 18.145994 0.964002
v 8.392997 18.145994 0.976002
v 8.392997 18.133995 0.976002
v 8.419997 18.133995 0.976002
v 8.419997 18.145994 0.976002
v 8.349992 18.089996 2.110002
v 8.349993 18.989996 2.110002
v 8.350014 18.989994 0.010000
v 8.350012 18.089994 0.010000
v 8.389987 18.089996 2.110006
v 8.390006 18.089994 0.010005
v 8.390007 18.990000 0.010000
v 8.389988 18.990000 2.110002
v 6.219982 18.259993 0.960001
v 6.219982 18.119993 0.960001
v 6.209982 18.119993 0.960001
v 6.209982 18.259993 0.960001
v 6.209982 18.119993 0.980002
v 6.209982 18.259993 0.980002
v 6.219982 18.119993 0.980002
v 6.219982 18.259993 0.980002
v 6.319977 18.119993 0.980002
v 6.319977 18.119993 0.960005
v 6.329977 18.119993 0.960005
v 6.329977 18.119993 0.980002
v 6.329977 18.259993 0.960005
v 6.329977 18.259993 0.980002
v 6.319977 18.259993 0.980002
v 6.319977 18.259993 0.960005
v 6.246983 18.167992 1.038002
v 6.246983 18.111992 1.038002
v 6.249983 18.109991 1.040003
v 6.249983 18.169992 1.040003
v 6.289976 18.169992 1.040003
v 6.289976 18.109991 1.040003
v 6.292976 18.111992 1.038002
v 6.292976 18.167992 1.038002
v 6.246983 18.167992 0.862001
v 6.249983 18.169992 0.860000
v 6.292976 18.167992 0.862004
v 6.289976 18.169992 0.860004
v 6.289976 18.109991 0.860004
v 6.292976 18.111992 0.862004
v 6.246983 18.111992 0.862001
v 6.249983 18.109991 0.860000
v 6.219982 18.145992 0.976002
v 6.219982 18.133993 0.976002
v 6.246983 18.133993 0.976002
v 6.246983 18.145992 0.976002
v 6.219982 18.133993 0.964002
v 6.246983 18.133993 0.964002
v 6.319977 18.145992 0.964002
v 6.319977 18.133993 0.964002
v 6.292976 18.133993 0.964002
v 6.292976 18.145992 0.964002
v 6.246983 18.145992 0.964002
v 6.219982 18.145992 0.964002
v 6.292976 18.145992 0.976002
v 6.292976 18.133993 0.976002
v 6.319977 18.133993 0.976002
v 6.319977 18.145992 0.976002
v 6.249971 18.089993 2.110002
v 6.249972 18.989994 2.110002
v 6.249993 18.989992 0.010000
v 6.249991 18.089993 0.010000
v 6.289967 18.089993 2.110006
v 6.289986 18.089993 0.010005
v 6.289986 18.989992 0.010000
v 6.289967 18.989994 2.110002
v 1.154980 15.650003 1.020002
v 1.154980 16.350004 1.020002
v 1.154980 16.350004 0.920002
v 1.154980 15.650003 0.920002
v 1.184980 15.650003 0.920006
v 1.184980 16.350004 0.920002
v 1.184980 16.350004 1.020002
v 1.184980 15.650003 1.020006
v 1.119983 15.720002 0.960001
v 1.119982 15.580002 0.960001
v 1.109982 15.580002 0.960001
v 1.109983 15.720002 0.960001
v 1.109982 15.580002 0.980002
v 1.109983 15.720002 0.980002
v 1.119982 15.580002 0.980002
v 1.119983 15.720002 0.980002
v 1.219977 15.580002 0.980002
v 1.219977 15.580002 0.960005
v 1.229977 15.580002 0.960005
v 1.229977 15.580002 0.980002
v 1.229977 15.720002 0.960005
v 1.229977 15.720002 0.980002
v 1.219977 15.720002 0.980002
v 1.219977 15.720002 0.960005
v 1.146983 15.628002 1.038002
v 1.146983 15.572003 1.038002
v 1.149982 15.570003 1.040003
v 1.149983 15.630002 1.040003
v 1.189977 15.630002 1.040003
v 1.189977 15.570003 1.040003
v 1.192976 15.572003 1.038002
v 1.192977 15.628002 1.038002
v 1.146983 15.628002 0.862001
v 1.149983 15.630002 0.860000
v 1.192977 15.628002 0.862004
v 1.189977 15.630002 0.860004
v 1.189977 15.570003 0.860004
v 1.192976 15.572003 0.862004
v 1.146983 15.572003 0.862001
v 1.149982 15.570003 0.860000
v 1.119983 15.606002 0.976002
v 1.119982 15.594004 0.976002
v 1.146983 15.594004 0.976002
v 1.146983 15.606002 0.976002
v 1.119982 15.594004 0.964002
v 1.146983 15.594004 0.964002
v 1.219977 15.606002 0.964002
v 1.219977 15.594004 0.964002
v 1.192977 15.594004 0.964002
v 1.192977 15.606002 0.964002
v 1.146983 15.606002 0.964002
v 1.119983 15.606002 0.964002
v 1.192977 15.606002 0.976002
v 1.192977 15.594004 0.976002
v 1.219977 15.594004 0.976002
v 1.219977 15.606002 0.976002
v 1.189967 15.550003 2.110005
v 1.189967 16.450003 2.110002
v 1.149972 16.450003 2.110002
v 1.149971 15.550003 2.110002
v 1.149972 16.350004 1.910003
v 1.149972 15.650003 1.910003
v 1.149992 15.550002 0.010000
v 1.189986 15.550002 0.010005
v 1.189967 15.650003 1.910007
v 1.189967 16.350004 1.910003
v 1.189986 16.450003 0.010000
v 1.189986 16.350004 0.210002
v 1.189986 15.650002 0.210006
v 1.149993 16.450003 0.010000
v 1.149993 16.350004 0.210002
v 1.149992 15.650002 0.210002
v 1.154980 10.675006 1.020002
v 1.154980 11.375007 1.020002
v 1.154980 11.375007 0.920002
v 1.154980 10.675006 0.920002
v 1.184980 10.675006 0.920006
v 1.184980 11.375007 0.920002
v 1.184980 11.375007 1.020002
v 1.184980 10.675006 1.020006
v 1.119983 10.745005 0.960001
v 1.119982 10.605004 0.960001
v 1.109982 10.605004 0.960001
v 1.109983 10.745005 0.960001
v 1.109982 10.605004 0.980002
v 1.109983 10.745005 0.980002
v 1.119982 10.605004 0.980002
v 1.119983 10.745005 0.980002
v 1.219977 10.605004 0.980002
v 1.219977 10.605004 0.960005
v 1.229977 10.605004 0.960005
v 1.229977 10.605004 0.980002
v 1.229977 10.745005 0.960005
v 1.229977 10.745005 0.980002
v 1.219977 10.745005 0.980002
v 1.219977 10.745005 0.960005
v 1.146983 10.653005 1.038002
v 1.146983 10.597006 1.038002
v 1.149982 10.595005 1.040003
v 1.149983 10.655005 1.040003
v 1.189977 10.655005 1.040003
v 1.189977 10.595005 1.040003
v 1.192976 10.597006 1.038002
v 1.192977 10.653005 1.038002
v 1.146983 10.653005 0.862001
v 1.149983 10.655005 0.860000
v 1.192977 10.653005 0.862004
v 1.189977 10.655005 0.860004
v 1.189977 10.595005 0.860004
v 1.192976 10.597006 0.862004
v 1.146983 10.597006 0.862001
v 1.149982 10.595005 0.860000
v 1.119983 10.631004 0.976002
v 1.119982 10.619006 0.976002
v 1.146983 10.619006 0.976002
v 1.146983 10.631004 0.976002
v 1.119982 10.619006 0.964002
v 1.146983 10.619006 0.964002
v 1.219977 10.631004 0.964002
v 1.219977 10.619006 0.964002
v 1.192977 10.619006 0.964002
v 1.192977 10.631004 0.964002
v 1.146983 10.631004 0.964002
v 1.119983 10.631004 0.964002
v 1.192977 10.631004 0.976002
v 1.192977 10.619006 0.976002
v 1.219977 10.619006 0.976002
v 1.219977 10.631004 0.976002
v 1.189967 10.575006 2.110005
v 1.189967 11.475005 2.110002
v 1.149972 11.475005 2.110002
v 1.149971 10.575006 2.110002
v 1.149972 11.375007 1.910003
v 1.149972 10.675006 1.910003
v 1.149992 10.575005 0.010000
v 1.189986 10.575005 0.010005
v 1.189967 10.675006 1.910007
v 1.189967 11.375007 1.910003
v 1.189986 11.475005 0.010000
v 1.189986 11.375007 0.210002
v 1.189986 10.675005 0.210006
v 1.149993 11.475005 0.010000
v 1.149993 11.375007 0.210002
v 1.149992 10.675005 0.210002
v 6.219982 11.159992 0.960001
v 6.219982 11.019993 0.960001
v 6.209982 11.019993 0.960001
v 6.209982 11.159992 0.960001
v 6.209982 11.019993 0.980002
v 6.209982 11.159992 0.980002
v 6.219982 11.019993 0.980002
v 6.219982 11.159992 0.980002
v 6.319977 11.019993 0.980002
v 6.319977 11.019993 0.960005
v 6.329977 11.019993 0.960005
v 6.329977 11.019993 0.980002
v 6.329977 11.159992 0.960005
v 6.329977 11.159992 0.980002
v 6.319977 11.159992 0.980002
v 6.319977 11.159992 0.960005
v 6.246983 11.067993 1.038002
v 6.246983 11.011993 1.038002
v 6.249983 11.009992 1.040003
v 6.249983 11.069993 1.040003
v 6.289976 11.069993 1.040003
v 6.289976 11.009992 1.040003
v 6.292976 11.011993 1.038002
v 6.292976 11.067993 1.038002
v 6.246983 11.067993 0.862001
v 6.249983 11.069993 0.860000
v 6.292976 11.067993 0.862004
v 6.289976 11.069993 0.860004
v 6.289976 11.009992 0.860004
v 6.292976 11.011993 0.862004
v 6.246983 11.011993 0.862001
v 6.249983 11.009992 0.860000
v 6.219982 11.045993 0.976002
v 6.219982 11.033993 0.976002
v 6.246983 11.033993 0.976002
v 6.246983 11.045993 0.976002
v 6.219982 11.033993 0.964002
v 6.246983 11.033993 0.964002
v 6.319977 11.045993 0.964002
v 6.319977 11.033993 0.964002
v 6.292976 11.033993 0.964002
v 6.292976 11.045993 0.964002
v 6.246983 11.045993 0.964002
v 6.219982 11.045993 0.964002
v 6.292976 11.045993 0.976002
v 6.292976 11.033993 0.976002
v 6.319977 11.033993 0.976002
v 6.319977 11.045993 0.976002
v 6.249971 10.989994 2.110002
v 6.249972 11.889994 2.110002
v 6.249993 11.889992 0.010000
v 6.249991 10.989992 0.010000
v 6.289967 10.989994 2.110006
v 6.289986 10.989992 0.010005
v 6.289986 11.889992 0.010000
v 6.289967 11.889994 2.110002
vt 0.814114 0.724214
vt 0.814114 0.573287
vt 0.824894 0.573288
vt 0.824894 0.724213
vt 0.846459 0.573291
vt 0.846458 0.724213
vt 0.824893 0.562500
vt 0.846461 0.562507
vt 0.857239 0.573288
vt 0.857237 0.724208
vt 0.824653 0.565847
vt 0.846210 0.565846
vt 0.846211 0.576626
vt 0.824654 0.576625
vt 0.846210 0.727553
vt 0.824653 0.727556
vt 0.813872 0.727556
vt 0.813873 0.576625
vt 0.856992 0.576624
vt 0.856992 0.727549
vt 0.806002 0.743052
vt 0.866374 0.743052
vt 0.868531 0.746940
vt 0.803846 0.746940
vt 0.868710 0.746422
vt 0.804025 0.746423
vt 0.806182 0.742535
vt 0.866554 0.742534
vt 0.806002 0.553310
vt 0.802115 0.745210
vt 0.802115 0.551153
vt 0.866555 0.552796
vt 0.870441 0.550640
vt 0.870441 0.744691
vt 0.802295 0.744692
vt 0.802295 0.550640
vt 0.806183 0.552796
vt 0.866374 0.553311
vt 0.870261 0.551153
vt 0.870261 0.745209
vt 0.835550 0.727371
vt 0.813991 0.727371
vt 0.813991 0.576440
vt 0.835549 0.576440
vt 0.821779 0.647130
vt 0.821779 0.634195
vt 0.850886 0.634195
vt 0.850887 0.647130
vt 0.804026 0.548909
vt 0.868710 0.548909
vt 0.821778 0.621258
vt 0.850886 0.621258
vt 0.850886 0.612536
vt 0.850886 0.625472
vt 0.821778 0.625473
vt 0.821778 0.612536
vt 0.846213 0.738334
vt 0.824654 0.738338
vt 0.803846 0.549423
vt 0.868531 0.549423
vt 0.858774 0.732551
vt 0.837211 0.732551
vt 0.837211 0.581620
vt 0.858774 0.581620
vt 0.850887 0.660067
vt 0.821779 0.660067
vt 0.850886 0.608322
vt 0.821778 0.608322
vt 0.821779 0.651345
vt 0.821779 0.638409
vt 0.850886 0.638409
vt 0.850886 0.651345
vt 0.821779 0.664282
vt 0.850886 0.664282
vt 0.846460 0.734994
vt 0.824896 0.734998
vt 0.397847 0.991895
vt 0.007987 0.991895
vt 0.007987 0.082223
vt 0.397847 0.082223
vt 0.397851 0.991896
vt 0.380527 0.991894
vt 0.380527 0.082232
vt 0.397852 0.082234
vt 0.007986 0.974567
vt 0.397847 0.974567
vt 0.362432 0.082221
vt 0.379756 0.082221
vt 0.379755 0.991926
vt 0.362432 0.991926
vt 0.397846 0.973829
vt 0.007984 0.973830
vt 0.007985 0.956504
vt 0.397846 0.956504
vt 0.807924 0.723564
vt 0.807924 0.572636
vt 0.818705 0.572638
vt 0.818704 0.723568
vt 0.840268 0.572639
vt 0.840266 0.723569
vt 0.818706 0.561857
vt 0.840269 0.561857
vt 0.851048 0.572640
vt 0.851047 0.723568
vt 0.825668 0.565198
vt 0.847225 0.565198
vt 0.847226 0.575976
vt 0.825668 0.575978
vt 0.847225 0.726905
vt 0.825667 0.726909
vt 0.814886 0.726908
vt 0.814888 0.575976
vt 0.858007 0.575973
vt 0.858007 0.726898
vt 0.806092 0.742538
vt 0.866464 0.742538
vt 0.868621 0.746426
vt 0.803936 0.746426
vt 0.868257 0.747260
vt 0.803572 0.747260
vt 0.805729 0.743372
vt 0.866101 0.743372
vt 0.806092 0.552796
vt 0.802206 0.744696
vt 0.802206 0.550639
vt 0.866101 0.553633
vt 0.869988 0.551477
vt 0.869988 0.745530
vt 0.801842 0.745529
vt 0.801842 0.551477
vt 0.805730 0.553633
vt 0.866464 0.552796
vt 0.858946 0.727371
vt 0.837388 0.727371
vt 0.837388 0.576440
vt 0.858946 0.576440
vt 0.821779 0.704928
vt 0.821779 0.691992
vt 0.850886 0.691992
vt 0.850886 0.704928
vt 0.803572 0.549746
vt 0.868257 0.549746
vt 0.821778 0.679056
vt 0.850886 0.679055
vt 0.850885 0.661905
vt 0.850885 0.674841
vt 0.821778 0.674841
vt 0.821778 0.661905
vt 0.847227 0.737687
vt 0.825669 0.737691
vt 0.803936 0.548909
vt 0.868621 0.548909
vt 0.835374 0.732551
vt 0.813811 0.732550
vt 0.813811 0.581619
vt 0.835374 0.581619
vt 0.850886 0.717865
vt 0.821779 0.717865
vt 0.850885 0.666120
vt 0.821778 0.666120
vt 0.821778 0.700714
vt 0.821778 0.687778
vt 0.850886 0.687778
vt 0.850886 0.700714
vt 0.821779 0.713651
vt 0.850887 0.713651
vt 0.840265 0.734351
vt 0.818702 0.734350
vt 0.793560 0.991813
vt 0.403700 0.991813
vt 0.403700 0.082141
vt 0.793560 0.082141
vt 0.775500 0.991813
vt 0.758175 0.991811
vt 0.758175 0.082149
vt 0.775500 0.082151
vt 0.403702 0.973750
vt 0.403702 0.956426
vt 0.793563 0.956426
vt 0.793564 0.973750
vt 0.776211 0.082142
vt 0.793536 0.082143
vt 0.793534 0.991848
vt 0.776211 0.991848
vt 0.403696 0.974485
vt 0.793556 0.974485
vt 0.932378 0.044977
vt 0.932379 0.320677
vt 0.892993 0.320677
vt 0.892992 0.044977
vt 0.983579 0.044977
vt 0.983581 0.320677
vt 0.944195 0.320677
vt 0.944194 0.044977
vt 0.881178 0.320677
vt 0.881176 0.044977
vt 0.854981 0.579505
vt 0.854980 0.730259
vt 0.844212 0.730259
vt 0.844212 0.579505
vt 0.822675 0.730259
vt 0.822675 0.579504
vt 0.844212 0.741027
vt 0.822675 0.741027
vt 0.811907 0.730259
vt 0.811907 0.579503
vt 0.845705 0.733256
vt 0.824172 0.733255
vt 0.824172 0.722487
vt 0.845705 0.722488
vt 0.824171 0.571734
vt 0.845703 0.571733
vt 0.856473 0.571731
vt 0.856473 0.722489
vt 0.813404 0.722488
vt 0.813402 0.571734
vt 0.805566 0.743219
vt 0.865868 0.743221
vt 0.868022 0.747104
vt 0.803412 0.747102
vt 0.867325 0.746739
vt 0.802714 0.746738
vt 0.804870 0.742855
vt 0.865171 0.742856
vt 0.805568 0.553697
vt 0.801684 0.745374
vt 0.801686 0.551543
vt 0.865171 0.553338
vt 0.869053 0.551185
vt 0.869053 0.745011
vt 0.800988 0.745009
vt 0.800988 0.551184
vt 0.804871 0.553338
vt 0.865868 0.553697
vt 0.869750 0.551540
vt 0.869750 0.745375
vt 0.838206 0.579248
vt 0.859739 0.579248
vt 0.859741 0.730002
vt 0.838208 0.730002
vt 0.854603 0.645275
vt 0.854604 0.658196
vt 0.825529 0.658196
vt 0.825530 0.645275
vt 0.802716 0.549456
vt 0.867325 0.549456
vt 0.854604 0.671118
vt 0.825529 0.671118
vt 0.854059 0.599383
vt 0.854059 0.612304
vt 0.824986 0.612305
vt 0.824986 0.599384
vt 0.824170 0.560967
vt 0.845703 0.560965
vt 0.803415 0.549815
vt 0.868023 0.549815
vt 0.815201 0.579248
vt 0.836738 0.579248
vt 0.836738 0.730002
vt 0.815201 0.730002
vt 0.825530 0.632354
vt 0.854603 0.632354
vt 0.825529 0.684039
vt 0.854603 0.684039
vt 0.824986 0.638147
vt 0.824986 0.625226
vt 0.854060 0.625226
vt 0.854061 0.638146
vt 0.824986 0.651069
vt 0.854061 0.651068
vt 0.822676 0.568736
vt 0.844213 0.568737
vt 0.991735 0.005866
vt 0.991735 0.360337
vt 0.975983 0.360337
vt 0.975982 0.005866
vt 0.897212 0.320951
vt 0.897211 0.045252
vt 0.991575 0.832956
vt 0.975823 0.832954
vt 0.975824 0.005862
vt 0.991577 0.005864
vt 0.881459 0.045251
vt 0.881460 0.320951
vt 0.802689 0.360337
vt 0.802688 0.005864
vt 0.802192 0.360858
vt 0.802190 0.006387
vt 0.880962 0.045772
vt 0.880964 0.321473
vt 0.936575 0.754187
vt 0.975961 0.832957
vt 0.936571 0.084632
vt 0.896716 0.321473
vt 0.896714 0.045772
vt 0.975486 0.006386
vt 0.975488 0.360858
vt 0.920820 0.084632
vt 0.920819 0.754186
vt 0.991237 0.006386
vt 0.991240 0.360858
vt 0.881434 0.005860
vt 0.881433 0.832958
vt 0.991711 0.832957
vt 0.936437 0.754183
vt 0.936440 0.084630
vt 0.920685 0.754185
vt 0.920685 0.084631
vt 0.881299 0.005860
vt 0.881299 0.832955
usemtl Doors_Mat
s off
f 7748/8150 7749/8151 7750/8152 7751/8153
f 7752/8154 7753/8155 7751/8153 7750/8152
f 7752/8154 7750/8152 7749/8156 7754/8157
f 7753/8155 7752/8154 7754/8158 7755/8159
f 7756/8160 7757/8161 7758/8162 7759/8163
f 7758/8162 7760/8164 7761/8165 7759/8163
f 7762/8166 7756/8167 7759/8163 7761/8165
f 7760/8164 7758/8162 7757/8168 7763/8169
f 7764/8170 7765/8171 7766/8172 7767/8173
f 7768/8174 7769/8175 7770/8176 7771/8177
f 7772/8178 7764/8170 7767/8179 7773/8180
f 7771/8177 7774/8181 7775/8182 7768/8183
f 7769/8184 7776/8185 7777/8186 7770/8176
f 7765/8171 7778/8187 7779/8188 7766/8189
f 7771/8177 7770/8176 7777/8186 7774/8181
f 7762/8190 7763/8191 7757/8192 7756/8193
f 7780/8194 7781/8195 7782/8196 7783/8197
f 7774/8181 7777/8186 7776/8198 7775/8199
f 7781/8195 7784/8200 7785/8201 7782/8196
f 7786/8202 7787/8203 7788/8204 7789/8205
f 7763/8206 7762/8207 7761/8165 7760/8164
f 7772/8178 7778/8187 7765/8171 7764/8170
f 7773/8208 7779/8209 7778/8187 7772/8178
f 7748/8210 7755/8211 7754/8212 7749/8213
f 7783/8197 7790/8214 7791/8215 7780/8194
f 7790/8216 7785/8201 7784/8200 7791/8217
f 7792/8218 7793/8219 7794/8220 7795/8221
f 7793/8219 7788/8204 7787/8203 7794/8220
f 7789/8222 7792/8218 7795/8221 7786/8223
f 7755/8224 7748/8225 7751/8153 7753/8155
f 7796/8226 7797/8227 7798/8228 7799/8229
f 7800/8230 7796/8231 7799/8232 7801/8233
f 7801/8226 7802/8227 7803/8228 7800/8229
f 7798/8227 7802/8234 7801/8235 7799/8226
f 7802/8236 7798/8237 7797/8238 7803/8239
f 7800/8240 7803/8241 7797/8242 7796/8243
f 7804/8244 7805/8245 7806/8246 7807/8247
f 7808/8248 7809/8249 7807/8247 7806/8246
f 7808/8248 7806/8246 7805/8250 7810/8251
f 7809/8249 7808/8248 7810/8252 7811/8253
f 7812/8254 7813/8255 7814/8256 7815/8257
f 7814/8256 7816/8258 7817/8259 7815/8257
f 7818/8260 7812/8261 7815/8257 7817/8259
f 7816/8258 7814/8256 7813/8262 7819/8263
f 7820/8264 7821/8265 7822/8266 7823/8267
f 7824/8268 7825/8269 7826/8270 7827/8271
f 7828/8272 7820/8264 7823/8273 7829/8274
f 7827/8271 7830/8275 7831/8276 7824/8277
f 7825/8278 7832/8279 7833/8280 7826/8270
f 7821/8265 7834/8281 7835/8182 7822/8183
f 7827/8271 7826/8270 7833/8280 7830/8275
f 7818/8282 7819/8283 7813/8284 7812/8285
f 7836/8286 7837/8287 7838/8288 7839/8289
f 7830/8275 7833/8280 7832/8290 7831/8291
f 7837/8287 7840/8292 7841/8293 7838/8288
f 7842/8294 7843/8295 7844/8296 7845/8297
f 7819/8298 7818/8299 7817/8259 7816/8258
f 7828/8272 7834/8281 7821/8265 7820/8264
f 7829/8300 7835/8301 7834/8281 7828/8272
f 7804/8302 7811/8303 7810/8304 7805/8305
f 7839/8289 7846/8306 7847/8307 7836/8286
f 7846/8308 7841/8293 7840/8292 7847/8309
f 7848/8310 7849/8311 7850/8312 7851/8313
f 7849/8311 7844/8296 7843/8295 7850/8312
f 7845/8314 7848/8310 7851/8313 7842/8315
f 7811/8316 7804/8317 7807/8247 7809/8249
f 7852/8318 7853/8319 7854/8320 7855/8321
f 7856/8322 7852/8323 7855/8324 7857/8325
f 7857/8318 7858/8319 7859/8320 7856/8321
f 7854/8326 7858/8327 7857/8328 7855/8329
f 7858/8330 7854/8331 7853/8332 7859/8333
f 7856/8318 7859/8319 7853/8334 7852/8335
f 7860/8150 7861/8151 7862/8152 7863/8153
f 7864/8154 7865/8155 7863/8153 7862/8152
f 7864/8154 7862/8152 7861/8156 7866/8157
f 7865/8155 7864/8154 7866/8158 7867/8159
f 7868/8160 7869/8161 7870/8162 7871/8163
f 7870/8162 7872/8164 7873/8165 7871/8163
f 7874/8166 7868/8167 7871/8163 7873/8165
f 7872/8164 7870/8162 7869/8168 7875/8169
f 7876/8170 7877/8171 7878/8172 7879/8173
f 7880/8174 7881/8175 7882/8176 7883/8177
f 7884/8178 7876/8170 7879/8179 7885/8180
f 7883/8177 7886/8181 7887/8182 7880/8183
f 7881/8184 7888/8185 7889/8186 7882/8176
f 7877/8171 7890/8187 7891/8188 7878/8189
f 7883/8177 7882/8176 7889/8186 7886/8181
f 7874/8190 7875/8191 7869/8192 7868/8193
f 7892/8194 7893/8195 7894/8196 7895/8197
f 7886/8181 7889/8186 7888/8198 7887/8199
f 7893/8195 7896/8200 7897/8201 7894/8196
f 7898/8202 7899/8203 7900/8204 7901/8205
f 7875/8206 7874/8207 7873/8165 7872/8164
f 7884/8178 7890/8187 7877/8171 7876/8170
f 7885/8208 7891/8209 7890/8187 7884/8178
f 7860/8210 7867/8211 7866/8212 7861/8213
f 7895/8197 7902/8214 7903/8215 7892/8194
f 7902/8216 7897/8201 7896/8200 7903/8217
f 7904/8218 7905/8219 7906/8220 7907/8221
f 7905/8219 7900/8204 7899/8203 7906/8220
f 7901/8222 7904/8218 7907/8221 7898/8223
f 7867/8224 7860/8225 7863/8153 7865/8155
f 7908/8226 7909/8227 7910/8228 7911/8229
f 7912/8230 7908/8231 7911/8232 7913/8233
f 7913/8226 7914/8227 7915/8228 7912/8229
f 7910/8227 7914/8234 7913/8235 7911/8226
f 7914/8236 7910/8237 7909/8238 7915/8239
f 7912/8240 7915/8241 7909/8242 7908/8243
f 7916/8336 7917/8337 7918/8338 7919/8339
f 7920/8340 7921/8341 7922/8342 7923/8343
f 7917/8337 7916/8336 7923/8343 7922/8342
f 7919/8339 7918/8338 7921/8344 7920/8345
f 7924/8346 7925/8347 7926/8348 7927/8349
f 7928/8350 7929/8351 7927/8349 7926/8348
f 7928/8350 7926/8348 7925/8352 7930/8353
f 7929/8351 7928/8350 7930/8354 7931/8355
f 7932/8356 7933/8357 7934/8358 7935/8359
f 7934/8358 7936/8360 7937/8361 7935/8359
f 7938/8362 7932/8363 7935/8359 7937/8361
f 7936/8360 7934/8358 7933/8364 7939/8365
f 7940/8366 7941/8367 7942/8368 7943/8369
f 7944/8370 7945/8371 7946/8372 7947/8373
f 7948/8374 7940/8366 7943/8375 7949/8376
f 7947/8373 7950/8377 7951/8378 7944/8379
f 7945/8380 7952/8381 7953/8382 7946/8372
f 7941/8367 7954/8383 7955/8384 7942/8385
f 7947/8373 7946/8372 7953/8382 7950/8377
f 7938/8386 7939/8387 7933/8388 7932/8389
f 7956/8390 7957/8391 7958/8392 7959/8393
f 7950/8377 7953/8382 7952/8394 7951/8395
f 7957/8391 7960/8396 7961/8397 7958/8392
f 7962/8398 7963/8399 7964/8400 7965/8401
f 7939/8402 7938/8403 7937/8361 7936/8360
f 7948/8374 7954/8383 7941/8367 7940/8366
f 7949/8404 7955/8405 7954/8383 7948/8374
f 7924/8406 7931/8407 7930/8408 7925/8409
f 7959/8393 7966/8410 7967/8411 7956/8390
f 7966/8412 7961/8397 7960/8396 7967/8413
f 7968/8414 7969/8415 7970/8416 7971/8417
f 7969/8415 7964/8400 7963/8399 7970/8416
f 7965/8418 7968/8414 7971/8417 7962/8419
f 7931/8420 7924/8421 7927/8349 7929/8351
f 7972/8422 7973/8423 7974/8424 7975/8425
f 7975/8425 7974/8424 7976/8426 7977/8427
f 7972/8428 7975/8429 7978/8430 7979/8431
f 7980/8432 7981/8433 7973/8434 7972/8435
f 7979/8436 7982/8437 7983/8438 7984/8439
f 7976/8440 7974/8441 7985/8425 7986/8442
f 7987/8443 7986/8444 7985/8445 7978/8446
f 7976/8440 7986/8442 7983/8447 7981/8448
f 7985/8445 7982/8449 7979/8450 7978/8446
f 7977/8427 7976/8426 7981/8433 7980/8432
f 7986/8444 7987/8443 7984/8439 7983/8438
f 7983/8447 7982/8451 7973/8452 7981/8448
f 7982/8422 7985/8425 7974/8441 7973/8453
f 7975/8429 7977/8454 7987/8455 7978/8430
f 7987/8455 7977/8454 7980/8456 7984/8457
f 7979/8458 7984/8457 7980/8456 7972/8459
f 7988/8244 7989/8245 7990/8246 7991/8247
f 7992/8248 7993/8249 7991/8247 7990/8246
f 7992/8248 7990/8246 7989/8250 7994/8251
f 7993/8249 7992/8248 7994/8252 7995/8253
f 7996/8254 7997/8255 7998/8256 7999/8257
f 7998/8256 8000/8258 8001/8259 7999/8257
f 8002/8260 7996/8261 7999/8257 8001/8259
f 8000/8258 7998/8256 7997/8262 8003/8263
f 8004/8264 8005/8265 8006/8266 8007/8267
f 8008/8268 8009/8269 8010/8270 8011/8271
f 8012/8272 8004/8264 8007/8273 8013/8274
f 8011/8271 8014/8275 8015/8276 8008/8277
f 8009/8278 8016/8279 8017/8280 8010/8270
f 8005/8265 8018/8281 8019/8182 8006/8183
f 8011/8271 8010/8270 8017/8280 8014/8275
f 8002/8282 8003/8283 7997/8284 7996/8285
f 8020/8286 8021/8287 8022/8288 8023/8289
f 8014/8275 8017/8280 8016/8290 8015/8291
f 8021/8287 8024/8292 8025/8293 8022/8288
f 8026/8294 8027/8295 8028/8296 8029/8297
f 8003/8298 8002/8299 8001/8259 8000/8258
f 8012/8272 8018/8281 8005/8265 8004/8264
f 8013/8300 8019/8301 8018/8281 8012/8272
f 7988/8302 7995/8303 7994/8304 7989/8305
f 8023/8289 8030/8306 8031/8307 8020/8286
f 8030/8308 8025/8293 8024/8292 8031/8309
f 8032/8310 8033/8311 8034/8312 8035/8313
f 8033/8311 8028/8296 8027/8295 8034/8312
f 8029/8314 8032/8310 8035/8313 8026/8315
f 7995/8316 7988/8317 7991/8247 7993/8249
f 8036/8318 8037/8319 8038/8320 8039/8321
f 8040/8322 8036/8323 8039/8324 8041/8325
f 8041/8318 8042/8319 8043/8320 8040/8321
f 8038/8326 8042/8327 8041/8328 8039/8329
f 8042/8330 8038/8331 8037/8332 8043/8333
f 8040/8318 8043/8319 8037/8334 8036/8335
f 8044/8150 8045/8151 8046/8152 8047/8153
f 8048/8154 8049/8155 8047/8153 8046/8152
f 8048/8154 8046/8152 8045/8156 8050/8157
f 8049/8155 8048/8154 8050/8158 8051/8159
f 8052/8160 8053/8161 8054/8162 8055/8163
f 8054/8162 8056/8164 8057/8165 8055/8163
f 8058/8166 8052/8167 8055/8163 8057/8165
f 8056/8164 8054/8162 8053/8168 8059/8169
f 8060/8170 8061/8171 8062/8172 8063/8173
f 8064/8174 8065/8175 8066/8176 8067/8177
f 8068/8178 8060/8170 8063/8179 8069/8180
f 8067/8177 8070/8181 8071/8182 8064/8183
f 8065/8184 8072/8185 8073/8186 8066/8176
f 8061/8171 8074/8187 8075/8188 8062/8189
f 8067/8177 8066/8176 8073/8186 8070/8181
f 8058/8190 8059/8191 8053/8192 8052/8193
f 8076/8194 8077/8195 8078/8196 8079/8197
f 8070/8181 8073/8186 8072/8198 8071/8199
f 8077/8195 8080/8200 8081/8201 8078/8196
f 8082/8202 8083/8203 8084/8204 8085/8205
f 8059/8206 8058/8207 8057/8165 8056/8164
f 8068/8178 8074/8187 8061/8171 8060/8170
f 8069/8208 8075/8209 8074/8187 8068/8178
f 8044/8210 8051/8211 8050/8212 8045/8213
f 8079/8197 8086/8214 8087/8215 8076/8194
f 8086/8216 8081/8201 8080/8200 8087/8217
f 8088/8218 8089/8219 8090/8220 8091/8221
f 8089/8219 8084/8204 8083/8203 8090/8220
f 8085/8222 8088/8218 8091/8221 8082/8223
f 8051/8224 8044/8225 8047/8153 8049/8155
f 8092/8226 8093/8227 8094/8228 8095/8229
f 8096/8230 8092/8231 8095/8232 8097/8233
f 8097/8226 8098/8227 8099/8228 8096/8229
f 8094/8227 8098/8234 8097/8235 8095/8226
f 8098/8236 8094/8237 8093/8238 8099/8239
f 8096/8240 8099/8241 8093/8242 8092/8243
f 8100/8244 8101/8245 8102/8246 8103/8247
f 8104/8248 8105/8249 8103/8247 8102/8246
f 8104/8248 8102/8246 8101/8250 8106/8251
f 8105/8249 8104/8248 8106/8252 8107/8253
f 8108/8254 8109/8255 8110/8256 8111/8257
f 8110/8256 8112/8258 8113/8259 8111/8257
f 8114/8260 8108/8261 8111/8257 8113/8259
f 8112/8258 8110/8256 8109/8262 8115/8263
f 8116/8264 8117/8265 8118/8266 8119/8267
f 8120/8268 8121/8269 8122/8270 8123/8271
f 8124/8272 8116/8264 8119/8273 8125/8274
f 8123/8271 8126/8275 8127/8276 8120/8277
f 8121/8278 8128/8279 8129/8280 8122/8270
f 8117/8265 8130/8281 8131/8182 8118/8183
f 8123/8271 8122/8270 8129/8280 8126/8275
f 8114/8282 8115/8283 8109/8284 8108/8285
f 8132/8286 8133/8287 8134/8288 8135/8289
f 8126/8275 8129/8280 8128/8290 8127/8291
f 8133/8287 8136/8292 8137/8293 8134/8288
f 8138/8294 8139/8295 8140/8296 8141/8297
f 8115/8298 8114/8299 8113/8259 8112/8258
f 8124/8272 8130/8281 8117/8265 8116/8264
f 8125/8300 8131/8301 8130/8281 8124/8272
f 8100/8302 8107/8303 8106/8304 8101/8305
f 8135/8289 8142/8306 8143/8307 8132/8286
f 8142/8308 8137/8293 8136/8292 8143/8309
f 8144/8310 8145/8311 8146/8312 8147/8313
f 8145/8311 8140/8296 8139/8295 8146/8312
f 8141/8314 8144/8310 8147/8313 8138/8315
f 8107/8316 8100/8317 8103/8247 8105/8249
f 8148/8318 8149/8319 8150/8320 8151/8321
f 8152/8322 8148/8323 8151/8324 8153/8325
f 8153/8318 8154/8319 8155/8320 8152/8321
f 8150/8326 8154/8327 8153/8328 8151/8329
f 8154/8330 8150/8331 8149/8332 8155/8333
f 8152/8318 8155/8319 8149/8334 8148/8335
f 8156/8150 8157/8151 8158/8152 8159/8153
f 8160/8154 8161/8155 8159/8153 8158/8152
f 8160/8154 8158/8152 8157/8156 8162/8157
f 8161/8155 8160/8154 8162/8158 8163/8159
f 8164/8160 8165/8161 8166/8162 8167/8163
f 8166/8162 8168/8164 8169/8165 8167/8163
f 8170/8166 8164/8167 8167/8163 8169/8165
f 8168/8164 8166/8162 8165/8168 8171/8169
f 8172/8170 8173/8171 8174/8172 8175/8173
f 8176/8174 8177/8175 8178/8176 8179/8177
f 8180/8178 8172/8170 8175/8179 8181/8180
f 8179/8177 8182/8181 8183/8182 8176/8183
f 8177/8184 8184/8185 8185/8186 8178/8176
f 8173/8171 8186/8187 8187/8188 8174/8189
f 8179/8177 8178/8176 8185/8186 8182/8181
f 8170/8190 8171/8191 8165/8192 8164/8193
f 8188/8194 8189/8195 8190/8196 8191/8197
f 8182/8181 8185/8186 8184/8198 8183/8199
f 8189/8195 8192/8200 8193/8201 8190/8196
f 8194/8202 8195/8203 8196/8204 8197/8205
f 8171/8206 8170/8207 8169/8165 8168/8164
f 8180/8178 8186/8187 8173/8171 8172/8170
f 8181/8208 8187/8209 8186/8187 8180/8178
f 8156/8210 8163/8211 8162/8212 8157/8213
f 8191/8197 8198/8214 8199/8215 8188/8194
f 8198/8216 8193/8201 8192/8200 8199/8217
f 8200/8218 8201/8219 8202/8220 8203/8221
f 8201/8219 8196/8204 8195/8203 8202/8220
f 8197/8222 8200/8218 8203/8221 8194/8223
f 8163/8224 8156/8225 8159/8153 8161/8155
f 8204/8226 8205/8227 8206/8228 8207/8229
f 8208/8230 8204/8231 8207/8232 8209/8233
f 8209/8226 8210/8227 8211/8228 8208/8229
f 8206/8227 8210/8234 8209/8235 8207/8226
f 8210/8236 8206/8237 8205/8238 8211/8239
f 8208/8240 8211/8241 8205/8242 8204/8243
f 8212/8336 8213/8337 8214/8338 8215/8339
f 8216/8340 8217/8341 8218/8342 8219/8343
f 8213/8337 8212/8336 8219/8343 8218/8342
f 8215/8339 8214/8338 8217/8344 8216/8345
f 8220/8346 8221/8347 8222/8348 8223/8349
f 8224/8350 8225/8351 8223/8349 8222/8348
f 8224/8350 8222/8348 8221/8352 8226/8353
f 8225/8351 8224/8350 8226/8354 8227/8355
f 8228/8356 8229/8357 8230/8358 8231/8359
f 8230/8358 8232/8360 8233/8361 8231/8359
f 8234/8362 8228/8363 8231/8359 8233/8361
f 8232/8360 8230/8358 8229/8364 8235/8365
f 8236/8366 8237/8367 8238/8368 8239/8369
f 8240/8370 8241/8371 8242/8372 8243/8373
f 8244/8374 8236/8366 8239/8375 8245/8376
f 8243/8373 8246/8377 8247/8378 8240/8379
f 8241/8380 8248/8381 8249/8382 8242/8372
f 8237/8367 8250/8383 8251/8384 8238/8385
f 8243/8373 8242/8372 8249/8382 8246/8377
f 8234/8386 8235/8387 8229/8388 8228/8389
f 8252/8390 8253/8391 8254/8392 8255/8393
f 8246/8377 8249/8382 8248/8394 8247/8395
f 8253/8391 8256/8396 8257/8397 8254/8392
f 8258/8398 8259/8399 8260/8400 8261/8401
f 8235/8402 8234/8403 8233/8361 8232/8360
f 8244/8374 8250/8383 8237/8367 8236/8366
f 8245/8404 8251/8405 8250/8383 8244/8374
f 8220/8406 8227/8407 8226/8408 8221/8409
f 8255/8393 8262/8410 8263/8411 8252/8390
f 8262/8412 8257/8397 8256/8396 8263/8413
f 8264/8414 8265/8415 8266/8416 8267/8417
f 8265/8415 8260/8400 8259/8399 8266/8416
f 8261/8418 8264/8414 8267/8417 8258/8419
f 8227/8420 8220/8421 8223/8349 8225/8351
f 8268/8422 8269/8423 8270/8424 8271/8425
f 8271/8425 8270/8424 8272/8426 8273/8427
f 8268/8428 8271/8429 8274/8430 8275/8431
f 8276/8432 8277/8433 8269/8434 8268/8435
f 8275/8436 8278/8437 8279/8438 8280/8439
f 8272/8440 8270/8441 8281/8425 8282/8442
f 8283/8443 8282/8444 8281/8445 8274/8446
f 8272/8440 8282/8442 8279/8447 8277/8448
f 8281/8445 8278/8449 8275/8450 8274/8446
f 8273/8427 8272/8426 8277/8433 8276/8432
f 8282/8444 8283/8443 8280/8439 8279/8438
f 8279/8447 8278/8451 8269/8452 8277/8448
f 8278/8422 8281/8425 8270/8441 8269/8453
f 8271/8429 8273/8454 8283/8455 8274/8430
f 8283/8455 8273/8454 8276/8456 8280/8457
f 8275/8458 8280/8457 8276/8456 8268/8459
f 8284/8336 8285/8337 8286/8338 8287/8339
f 8288/8340 8289/8341 8290/8342 8291/8343
f 8285/8337 8284/8336 8291/8343 8290/8342
f 8287/8339 8286/8338 8289/8344 8288/8345
f 8292/8346 8293/8347 8294/8348 8295/8349
f 8296/8350 8297/8351 8295/8349 8294/8348
f 8296/8350 8294/8348 8293/8352 8298/8353
f 8297/8351 8296/8350 8298/8354 8299/8355
f 8300/8356 8301/8357 8302/8358 8303/8359
f 8302/8358 8304/8360 8305/8361 8303/8359
f 8306/8362 8300/8363 8303/8359 8305/8361
f 8304/8360 8302/8358 8301/8364 8307/8365
f 8308/8366 8309/8367 8310/8368 8311/8369
f 8312/8370 8313/8371 8314/8372 8315/8373
f 8316/8374 8308/8366 8311/8375 8317/8376
f 8315/8373 8318/8377 8319/8378 8312/8379
f 8313/8380 8320/8381 8321/8382 8314/8372
f 8309/8367 8322/8383 8323/8384 8310/8385
f 8315/8373 8314/8372 8321/8382 8318/8377
f 8306/8386 8307/8387 8301/8388 8300/8389
f 8324/8390 8325/8391 8326/8392 8327/8393
f 8318/8377 8321/8382 8320/8394 8319/8395
f 8325/8391 8328/8396 8329/8397 8326/8392
f 8330/8398 8331/8399 8332/8400 8333/8401
f 8307/8402 8306/8403 8305/8361 8304/8360
f 8316/8374 8322/8383 8309/8367 8308/8366
f 8317/8404 8323/8405 8322/8383 8316/8374
f 8292/8406 8299/8407 8298/8408 8293/8409
f 8327/8393 8334/8410 8335/8411 8324/8390
f 8334/8412 8329/8397 8328/8396 8335/8413
f 8336/8414 8337/8415 8338/8416 8339/8417
f 8337/8415 8332/8400 8331/8399 8338/8416
f 8333/8418 8336/8414 8339/8417 8330/8419
f 8299/8420 8292/8421 8295/8349 8297/8351
f 8340/8422 8341/8423 8342/8424 8343/8425
f 8343/8425 8342/8424 8344/8426 8345/8427
f 8340/8428 8343/8429 8346/8430 8347/8431
f 8348/8432 8349/8433 8341/8434 8340/8435
f 8347/8436 8350/8437 8351/8438 8352/8439
f 8344/8440 8342/8441 8353/8425 8354/8442
f 8355/8443 8354/8444 8353/8445 8346/8446
f 8344/8440 8354/8442 8351/8447 8349/8448
f 8353/8445 8350/8449 8347/8450 8346/8446
f 8345/8427 8344/8426 8349/8433 8348/8432
f 8354/8444 8355/8443 8352/8439 8351/8438
f 8351/8447 8350/8451 8341/8452 8349/8448
f 8350/8422 8353/8425 8342/8441 8341/8453
f 8343/8429 8345/8454 8355/8455 8346/8430
f 8355/8455 8345/8454 8348/8456 8352/8457
f 8347/8458 8352/8457 8348/8456 8340/8459
f 8356/8150 8357/8151 8358/8152 8359/8153
f 8360/8154 8361/8155 8359/8153 8358/8152
f 8360/8154 8358/8152 8357/8156 8362/8157
f 8361/8155 8360/8154 8362/8158 8363/8159
f 8364/8160 8365/8161 8366/8162 8367/8163
f 8366/8162 8368/8164 8369/8165 8367/8163
f 8370/8166 8364/8167 8367/8163 8369/8165
f 8368/8164 8366/8162 8365/8168 8371/8169
f 8372/8170 8373/8171 8374/8172 8375/8173
f 8376/8174 8377/8175 8378/8176 8379/8177
f 8380/8178 8372/8170 8375/8179 8381/8180
f 8379/8177 8382/8181 8383/8182 8376/8183
f 8377/8184 8384/8185 8385/8186 8378/8176
f 8373/8171 8386/8187 8387/8188 8374/8189
f 8379/8177 8378/8176 8385/8186 8382/8181
f 8370/8190 8371/8191 8365/8192 8364/8193
f 8388/8194 8389/8195 8390/8196 8391/8197
f 8382/8181 8385/8186 8384/8198 8383/8199
f 8389/8195 8392/8200 8393/8201 8390/8196
f 8394/8202 8395/8203 8396/8204 8397/8205
f 8371/8206 8370/8207 8369/8165 8368/8164
f 8380/8178 8386/8187 8373/8171 8372/8170
f 8381/8208 8387/8209 8386/8187 8380/8178
f 8356/8210 8363/8211 8362/8212 8357/8213
f 8391/8197 8398/8214 8399/8215 8388/8194
f 8398/8216 8393/8201 8392/8200 8399/8217
f 8400/8218 8401/8219 8402/8220 8403/8221
f 8401/8219 8396/8204 8395/8203 8402/8220
f 8397/8222 8400/8218 8403/8221 8394/8223
f 8363/8224 8356/8225 8359/8153 8361/8155
f 8404/8226 8405/8227 8406/8228 8407/8229
f 8408/8230 8404/8231 8407/8232 8409/8233
f 8409/8226 8410/8227 8411/8228 8408/8229
f 8406/8227 8410/8234 8409/8235 8407/8226
f 8410/8236 8406/8237 8405/8238 8411/8239
f 8408/8240 8411/8241 8405/8242 8404/8243
o Storey01_Floor
v 1.200000 4.900000 0.000000
v 6.200000 7.300000 0.000000
v 1.200000 2.700000 0.000000
v 6.200000 0.200000 0.000000
v 0.200000 2.700000 0.000000
v 0.200000 0.200000 0.000000
v 0.200000 4.900000 0.000000
v 0.200000 7.300000 0.000000
v 1.200000 12.300000 0.000000
v 6.200000 12.300000 0.000000
v 1.200000 9.900000 0.000000
v 6.200000 7.500000 0.000000
v 0.200000 9.900000 0.000000
v 0.200000 7.500000 0.000000
v 1.200000 17.100000 -0.000000
v 6.200000 12.500000 -0.000000
v 6.200000 19.600000 -0.000000
v 0.200000 12.500000 -0.000000
v 0.200000 14.900000 -0.000000
v 1.200000 14.900000 -0.000000
v 0.200000 19.600000 -0.000000
v 0.200000 17.100000 -0.000000
v 6.300000 7.300000 0.000000
v 8.300000 7.300000 0.000000
v 6.300000 2.700000 0.000000
v 8.300000 2.700000 0.000000
v 6.300000 2.600000 0.000000
v 6.300000 0.200000 0.000000
v 8.300000 2.600000 0.000000
v 8.300000 0.200000 0.000000
v 6.300000 12.300000 0.000000
v 8.300000 12.300000 0.000000
v 6.300000 7.500000 0.000000
v 8.300000 7.500000 0.000000
v 6.300000 19.600000 -0.000000
v 8.300000 19.600000 -0.000000
v 6.300000 15.000000 -0.000000
v 8.300000 15.000000 -0.000000
v 6.300000 14.900000 -0.000000
v 6.300000 12.500000 -0.000000
v 8.300000 14.900000 -0.000000
v 8.300000 12.500000 -0.000000
vt 0.001272 0.998726
vt 0.001272 0.458001
vt 0.217562 0.458000
vt 0.217562 0.548121
vt 0.641128 0.998726
vt 0.424837 0.548121
vt 0.424837 0.458000
vt 0.641127 0.458000
vt 0.433854 0.908604
vt 0.217564 0.908604
vt 0.433854 0.458000
vt 0.415828 0.548121
vt 0.415828 0.458000
vt 0.492939 0.830545
vt 0.312697 0.830546
vt 0.312697 0.614255
vt 0.492939 0.614255
vt 0.150288 0.611633
vt 0.582869 0.611633
vt 0.582869 0.791875
vt 0.150288 0.791875
vt 0.121231 0.578596
vt 0.535787 0.578596
vt 0.535787 0.758838
vt 0.121231 0.758838
vt 0.117650 0.846464
vt 0.117650 0.666221
vt 0.532206 0.666221
vt 0.532207 0.846462
vt 0.312121 0.614255
vt 0.312121 0.830546
vt 0.131879 0.830546
vt 0.131879 0.614255
vt 0.226570 0.548121
vt 0.226570 0.458000
vt 0.217564 0.998726
usemtl Interior_Mat
s off
f 8413/8460 8419/8461 8418/8462 8412/8463
f 8427/8464 8431/8465 8430/8466 8429/8467
f 8420/8468 8422/8469 8423/8461 8421/8470
f 8412/8463 8414/8471 8415/8464 8413/8460
f 8414/8471 8416/8472 8417/8467 8415/8464
f 8439/8473 8441/8474 8440/8475 8438/8476
f 8442/8477 8444/8478 8445/8479 8443/8480
f 8434/8481 8436/8482 8437/8483 8435/8484
f 8447/8485 8446/8486 8448/8487 8449/8488
f 8450/8489 8451/8490 8453/8491 8452/8492
f 8426/8493 8428/8460 8432/8461 8433/8494
f 8422/8469 8424/8495 8425/8460 8423/8461
f 8428/8460 8426/8493 8431/8465 8427/8464
o Exterior_Walls01
v 8.400000 18.080000 0.000000
v 8.400001 19.000000 0.000000
v 8.400001 18.990002 0.009996
v 8.400000 18.090000 0.009996
v 8.350000 18.990002 0.010000
v 8.400001 18.990002 2.109999
v 8.350000 18.990002 2.109999
v 8.349999 18.090000 0.009996
v 8.349999 18.090000 2.109999
v 8.400000 18.090000 2.109999
v 8.400001 19.000000 2.120001
v 8.400000 18.080000 2.120001
v 8.400000 10.979999 0.000000
v 8.400001 11.899999 0.000000
v 8.400001 11.890000 0.009996
v 8.400000 10.989999 0.009996
v 8.350000 11.890000 0.010000
v 8.400001 11.890000 2.109999
v 8.350000 11.890000 2.109999
v 8.349999 10.989999 0.009996
v 8.349999 10.989999 2.109999
v 8.400000 10.989999 2.109999
v 8.400001 11.899999 2.120001
v 8.400000 10.979999 2.120001
v 8.400000 5.779998 0.000000
v 8.400001 6.699998 0.000000
v 8.400001 6.690000 0.009996
v 8.400000 5.789998 0.009996
v 8.350000 6.690000 0.010000
v 8.400001 6.690000 2.109999
v 8.350000 6.690000 2.109999
v 8.349999 5.789998 0.009996
v 8.349999 5.789998 2.109999
v 8.400000 5.789998 2.109999
v 8.400001 6.699998 2.120001
v 8.400000 5.779998 2.120001
v 7.750002 19.650000 2.810001
v 7.750002 19.650000 4.910000
v 6.850001 19.650000 2.809997
v 6.850001 19.650000 4.910000
v 7.740002 19.650000 2.820003
v 6.860001 19.650000 2.820001
v 6.860001 19.650000 4.900000
v 6.860001 19.700001 4.900000
v 7.740002 19.700001 4.900000
v 7.740002 19.650000 4.900000
v 7.760001 19.700001 2.800001
v 6.840001 19.700001 2.800001
v 6.860001 19.700001 2.820001
v 7.740002 19.700001 2.820001
v 6.840001 19.700001 4.920002
v 7.760001 19.700001 4.920002
v -0.020000 7.599999 2.500000
v -0.020000 0.400000 2.500000
v 0.000000 0.400000 2.599999
v 0.100000 0.400000 5.080000
v 0.000000 0.400000 5.179998
v -0.020000 7.200000 2.500000
v 0.000000 7.200000 2.599999
v 0.000000 7.200000 5.179998
v -0.020000 9.900000 2.500000
v 0.150000 14.866667 2.500000
v 0.000000 2.666667 5.179998
v 0.000000 9.900000 2.599999
v 0.150000 17.133333 2.500000
v 0.100000 7.200000 5.080000
v 0.000000 4.933333 5.179998
v 0.000000 7.599999 2.599999
v 0.100000 7.599999 5.080000
v 0.000000 7.599999 5.179998
v -0.020000 2.666667 5.179998
v 0.150000 9.900000 2.500000
v 0.000000 14.866667 2.599999
v -0.020000 4.933333 5.179998
v -0.020000 2.666667 5.080000
v -0.020000 4.933333 5.080000
v -0.020000 9.900000 2.599999
v 0.000000 17.133333 2.599999
v -0.020000 12.200000 2.500000
v 0.000000 12.200000 2.599999
v 0.000000 12.200000 5.179998
v 0.100000 12.200000 5.080000
v 0.000000 4.933333 2.599999
v 0.000000 9.900000 5.179998
v -0.020000 9.900000 5.179998
v -0.020000 12.600000 2.500000
v 0.000000 12.600000 2.599999
v 0.000000 12.600000 5.179998
v 0.100000 12.600000 5.080000
v -0.020000 19.400000 2.500000
v 0.000000 19.400000 2.599999
v 0.000000 19.400000 5.179998
v 0.100000 19.400000 5.080000
v 0.150000 0.400000 2.500000
v 0.150000 7.200000 2.500000
v 0.150000 4.933333 2.500000
v 0.150000 2.666667 2.500000
v -0.020000 4.933333 2.500000
v -0.020000 2.666667 2.500000
v -0.020000 9.900000 5.080000
v 0.100000 9.900000 5.080000
v 0.000000 2.666667 2.599999
v 0.000000 14.866667 5.179998
v 0.000000 17.133333 5.179998
v 0.150000 7.599999 2.500000
v 0.150000 12.200000 2.500000
v -0.020000 4.933333 2.599999
v 0.150000 12.600000 2.500000
v 0.150000 19.400000 2.500000
v -0.020000 2.666667 2.599999
v 0.000000 0.300000 2.599999
v 0.000000 0.300000 2.500000
v -0.020000 7.599999 2.599999
v 0.000000 0.100000 2.599999
v 0.000000 0.100000 2.500000
v 0.000000 19.700005 2.500000
v 0.000000 19.700005 2.599999
v 0.000000 19.500004 2.500000
v 0.000000 19.500004 2.599999
v 0.000000 12.499997 2.500000
v 0.000000 12.499997 2.599999
v 0.000000 7.499998 2.500000
v 0.000000 7.499998 2.599999
v 0.000000 12.299999 2.500000
v 0.000000 12.299999 2.599999
v 0.000000 7.300002 2.500000
v 0.000000 7.300002 2.599999
v -0.020000 0.400000 2.599999
v -0.020000 0.400000 5.080000
v -0.020000 0.400000 5.179998
v -0.020000 7.200000 2.599999
v -0.020000 7.200000 5.080000
v -0.020000 7.200000 5.179998
v -0.020000 14.866667 2.599999
v -0.020000 17.133333 2.599999
v -0.020000 7.599999 5.080000
v -0.020000 7.599999 5.179998
v -0.020000 14.866667 2.500000
v 0.100000 2.666667 5.080000
v -0.020000 17.133333 2.500000
v -0.020000 12.200000 2.599999
v -0.020000 12.200000 5.179998
v -0.020000 12.200000 5.080000
v -0.020000 12.600000 5.080000
v -0.020000 19.400000 2.599999
v -0.020000 19.400000 5.179998
v -0.020000 19.400000 5.080000
v 0.100000 14.866667 5.080000
v 0.100000 17.133333 5.080000
v -0.020000 14.866667 5.179998
v -0.020000 17.133333 5.179998
v -0.020000 14.866667 5.080000
v -0.020000 17.133333 5.080000
v -0.020000 0.300000 2.599999
v -0.020000 0.300000 2.500000
v -0.020000 0.100000 2.599999
v -0.020000 0.100000 2.500000
v -0.020000 19.700005 2.500000
v -0.020000 19.700005 2.599999
v -0.020000 19.500004 2.500000
v -0.020000 19.500004 2.599999
v -0.020000 12.499997 2.500000
v -0.020000 12.499997 2.599999
v -0.020000 7.499998 2.500000
v -0.020000 12.299999 2.500000
v -0.020000 7.300002 2.500000
v -0.020000 7.300002 2.599999
v 0.100000 4.933333 5.080000
v -0.020000 7.499998 2.599999
v -0.020000 12.600000 5.179998
v -0.020000 12.600000 2.599999
v -0.020000 12.299999 2.599999
v -0.050000 -0.050000 6.399997
v -0.050000 19.850000 6.399997
v 0.230000 -0.050000 6.399997
v 0.230000 19.850000 6.399997
v -0.050000 -0.050000 6.300001
v -0.050000 19.850000 6.300001
v 0.230000 -0.050000 6.300001
v 0.230000 19.850000 6.300001
v 0.230000 17.362501 6.300001
v 0.230000 14.875001 6.300001
v 0.230000 12.387501 6.300001
v 0.230000 9.900001 6.300001
v 0.230000 7.412500 6.300001
v 0.230000 4.925000 6.300001
v 0.230000 2.437500 6.300001
v 0.230000 17.362501 6.399997
v 0.230000 14.875001 6.399997
v 0.230000 12.387501 6.399997
v 0.230000 9.900001 6.399997
v 0.230000 7.412500 6.399997
v 0.230000 4.925000 6.399997
v 0.230000 2.437500 6.399997
v -0.050000 17.362501 6.399997
v -0.050000 14.875001 6.399997
v -0.050000 12.387501 6.399997
v -0.050000 9.900001 6.399997
v -0.050000 7.412500 6.399997
v -0.050000 4.925000 6.399997
v -0.050000 2.437500 6.399997
v -0.050000 17.362501 6.300001
v -0.050000 14.875001 6.300001
v -0.050000 12.387501 6.300001
v -0.050000 9.900001 6.300001
v -0.050000 7.412500 6.300001
v -0.050000 4.925000 6.300001
v -0.050000 2.437500 6.300001
v 8.399998 11.039999 3.700000
v 8.399999 0.900000 3.700000
v 8.399998 5.860000 3.700000
v 8.399998 7.630001 3.700000
v 8.399999 4.280000 3.700000
v 8.399999 2.480000 3.700000
v 8.399998 9.209999 3.700000
v 8.399998 12.620000 3.700000
v 8.399998 14.419998 3.700000
v 8.399998 15.999998 3.700000
v 8.549999 11.039999 3.700000
v 8.550000 0.899999 3.700000
v 8.549999 5.860001 3.700000
v 8.549999 7.630000 3.700000
v 8.550000 4.279999 3.700000
v 8.550000 2.480000 3.700000
v 8.549999 9.210000 3.700000
v 8.549999 12.620001 3.700000
v 8.549999 14.420000 3.700000
v 8.549999 15.999999 3.700000
v 8.549999 11.039999 3.600000
v 8.550000 0.899999 3.600000
v 8.549999 5.860001 3.600000
v 8.549999 7.630000 3.600000
v 8.550000 4.279999 3.600000
v 8.550000 2.480000 3.600000
v 8.549999 9.210000 3.600000
v 8.549999 12.620001 3.600000
v 8.549999 14.420000 3.600000
v 8.549999 15.999999 3.600000
v 8.399999 11.039999 3.600000
v 8.400000 0.899999 3.600000
v 8.399999 5.860001 3.600000
v 8.399999 7.630000 3.600000
v 8.400000 4.279999 3.600000
v 8.400000 2.480000 3.600000
v 8.399999 9.210000 3.600000
v 8.399999 12.620001 3.600000
v 8.399999 14.420000 3.600000
v 8.399999 15.999999 3.600000
v 0.700000 19.700001 3.700000
v 0.700000 19.700001 3.600002
v 2.280000 19.700001 3.700000
v 2.280000 19.700001 3.600002
v 0.700000 19.850000 3.700000
v 0.700000 19.850000 3.600002
v 2.280000 19.850000 3.700000
v 2.280000 19.850000 3.600002
v 6.510000 0.100000 3.700000
v 6.510000 0.100000 3.600002
v 8.090000 0.100000 3.700000
v 8.090001 0.100000 3.600002
v 6.510000 -0.050000 3.700000
v 6.510000 -0.050000 3.600002
v 8.090001 -0.050000 3.700000
v 8.090001 -0.050000 3.600002
v 0.700000 0.100000 3.700000
v 0.700000 0.100000 3.600002
v 2.280000 0.100000 3.700000
v 2.280000 0.100000 3.600002
v 0.700000 -0.050000 3.600002
v 0.700000 -0.050000 3.700000
v 2.280000 -0.050000 3.700000
v 2.280000 -0.050000 3.600002
v 0.100000 2.390000 3.700000
v 0.100000 0.810000 3.700000
v 0.100000 6.790000 3.700000
v 0.100000 4.590000 3.700000
v 0.100000 3.010000 3.700000
v 0.100000 5.210000 3.700000
v 0.100000 17.410000 3.700000
v 0.100000 8.009999 3.700000
v 0.100000 10.210000 3.700000
v 0.100000 11.789999 3.700000
v 0.100000 9.589999 3.700000
v 0.100000 13.010000 3.700000
v 0.100000 14.590000 3.700000
v 0.100000 16.790001 3.700000
v 0.100000 15.210000 3.700000
v 0.100000 18.989998 3.700000
v 0.100000 16.790001 3.600002
v 0.100000 9.589999 3.600002
v 0.100000 2.390000 3.600002
v 0.100000 0.810000 3.600002
v 0.100000 4.590001 3.600002
v 0.100000 3.010000 3.600002
v 0.100000 6.789999 3.600002
v 0.100000 5.210001 3.600002
v 0.100000 17.409998 3.600002
v 0.100000 8.009999 3.600002
v 0.100000 14.590003 3.600002
v 0.100000 10.210001 3.600002
v 0.100000 13.009995 3.600002
v 0.100000 15.210001 3.600002
v 0.100000 18.990002 3.600002
v 0.100000 11.789997 3.600002
v -0.050000 18.990002 3.600002
v -0.050000 17.409998 3.600002
v -0.050000 18.990002 3.700000
v -0.050000 17.409998 3.700000
v -0.050000 2.390000 3.700000
v -0.050000 0.810000 3.700000
v -0.050000 6.789999 3.700000
v -0.050000 4.590001 3.700000
v -0.050000 3.010000 3.700000
v -0.050000 5.210001 3.700000
v -0.050000 8.009999 3.700000
v -0.050000 10.210001 3.700000
v -0.050000 11.789997 3.700000
v -0.050000 9.589999 3.700000
v -0.050000 13.009995 3.700000
v -0.050000 14.590003 3.700000
v -0.050000 16.790001 3.700000
v -0.050000 15.210001 3.700000
v -0.050000 16.790001 3.600002
v -0.050000 9.589999 3.600002
v -0.050000 2.390000 3.600002
v -0.050000 0.810000 3.600002
v -0.050000 4.590001 3.600002
v -0.050000 3.010000 3.600002
v -0.050000 6.789999 3.600002
v -0.050000 5.210001 3.600002
v -0.050000 8.009999 3.600002
v -0.050000 14.590003 3.600002
v -0.050000 10.210001 3.600002
v -0.050000 13.009995 3.600002
v -0.050000 15.210001 3.600002
v -0.050000 11.789997 3.600002
v 0.000000 0.400000 2.599999
v 0.000000 0.400000 5.080000
v 0.000000 0.400000 5.179998
v 0.000000 2.700000 2.599999
v 0.000000 3.110000 3.600002
v 0.000000 3.110000 5.080000
v 0.000000 7.200000 5.179998
v 0.000000 4.900000 2.599999
v 0.000000 5.309999 3.600002
v 0.000000 5.309999 5.080000
v 0.000000 7.200000 2.599999
v 0.000000 7.200000 5.080000
v 0.000000 7.599999 2.599999
v 0.000000 7.599999 5.080000
v 0.000000 7.599999 5.179998
v 0.000000 2.290000 3.600000
v 0.000000 2.290000 5.080000
v 0.000000 0.910000 5.080000
v 0.000000 0.910000 3.600002
v 0.000000 6.690001 5.080000
v 0.000000 6.690001 3.600002
v 0.000000 4.490000 3.600002
v 0.000000 4.490000 5.080000
v 0.000000 9.900000 2.599999
v 0.000000 12.200000 5.179998
v 0.000000 10.309999 3.600002
v 0.000000 10.309999 5.080000
v 0.000000 12.200000 2.599999
v 0.000000 11.689999 3.600002
v 0.000000 11.689999 5.080000
v 0.000000 12.200000 5.080000
v 0.000000 12.600000 2.599999
v 0.000000 12.600000 5.179998
v 0.000000 12.600000 5.080000
v 0.000000 14.900000 2.599999
v 0.000000 19.400000 5.179998
v 0.000000 15.309999 3.600002
v 0.000000 15.309999 5.080000
v 0.000000 19.400000 2.599999
v 0.000000 17.100000 2.599999
v 0.000000 17.510002 3.600002
v 0.000000 17.510000 5.080000
v 0.000000 18.889999 3.600002
v 0.000000 18.889997 5.080000
v 0.000000 19.400000 5.080000
v 0.000000 8.109999 3.600002
v 0.000000 8.109999 5.080000
v 0.000000 13.110000 5.080000
v 0.000000 9.489999 3.600002
v 0.000000 13.110000 3.600002
v 0.000000 9.489999 5.080000
v 0.000000 14.490000 3.600002
v 0.000000 14.490000 5.080000
v 0.000000 16.690001 5.080000
v 0.000000 16.690001 3.600002
v 0.100000 2.290000 3.600000
v 0.100000 2.290000 5.080000
v 0.100000 0.910000 5.080000
v 0.100000 0.910000 3.600000
v 0.100000 6.690001 5.080000
v 0.100000 6.690001 3.600000
v 0.100000 4.490000 3.600000
v 0.100000 4.490000 5.080000
v 0.100000 3.110000 5.080000
v 0.100000 3.110000 3.600000
v 0.100000 5.309999 3.600000
v 0.100000 5.309999 5.080000
v 0.100000 8.109999 3.600000
v 0.100000 8.109999 5.080000
v 0.100000 13.110000 5.080000
v 0.100000 10.309999 3.600000
v 0.100000 11.689999 3.600000
v 0.100000 11.689999 5.080000
v 0.100000 9.489999 3.600000
v 0.100000 13.110000 3.600000
v 0.100000 9.489999 5.080000
v 0.100000 14.490000 3.600000
v 0.100000 14.490000 5.080000
v 0.100000 10.309999 5.080000
v 0.100000 16.690001 5.080000
v 0.100000 16.690001 3.600000
v 0.100000 17.510000 5.080000
v 0.100000 17.510000 3.600000
v 0.100000 15.309999 5.080000
v 0.100000 15.309999 3.600000
v 0.100000 18.889997 5.080000
v 0.100000 18.889997 3.600000
v 0.000000 19.700005 6.200006
v 0.000000 0.300000 2.599999
v 0.000000 0.100000 6.200006
v 0.000000 0.300000 2.500000
v 0.000000 0.100000 0.300000
v 0.000000 0.100000 2.599999
v 0.000000 0.100000 2.500000
v 0.000000 19.400000 5.899997
v 0.000000 0.300000 0.300000
v 0.000000 0.300000 5.999995
v 0.000000 7.400000 6.200006
v 0.000000 12.399998 6.200006
v 0.000000 19.500004 5.999995
v -0.000000 7.499998 5.999995
v 0.000000 7.300002 5.999995
v -0.000000 12.299999 5.999995
v -0.000000 12.499997 5.999995
v 0.000000 19.700005 2.500000
v 0.000000 0.400000 5.899997
v 0.000000 7.200000 5.899997
v 0.000000 12.600000 5.899997
v 0.000000 12.200000 5.899997
v 0.000000 19.700005 2.599999
v 0.000000 19.700005 0.300000
v 0.000000 7.599999 5.899997
v 0.000000 19.500004 2.500000
v 0.000000 19.500004 2.599999
v 0.000000 19.500004 0.300000
v 0.000000 12.499997 2.500000
v 0.000000 12.499997 2.599999
v 0.000000 12.499997 0.300000
v 0.000000 7.499998 0.300000
v 0.000000 7.499998 2.500000
v 0.000000 7.300002 0.300000
v 0.000000 7.499998 2.599999
v 0.000000 12.299999 2.500000
v 0.000000 12.299999 2.599999
v 0.000000 12.299999 0.300000
v 0.000000 7.300002 2.500000
v 0.000000 7.300002 2.599999
v 0.200000 0.000000 5.900001
v 0.200000 19.799997 5.900001
v 8.500000 0.000000 5.900001
v 8.500000 19.799997 5.900001
v 8.299999 13.520002 5.600001
v 8.300000 19.600000 5.600001
v 8.500000 13.520002 5.900001
v 0.200000 19.600000 5.600001
v 0.200000 0.200000 5.600001
v 8.300000 0.200000 5.600001
v 8.300000 19.600000 5.900001
v 8.299999 13.520002 5.900001
v 0.200000 19.600000 5.900001
v 8.300000 0.200000 5.900001
v 0.200000 0.200000 5.900001
v -0.020000 7.599999 3.200000
v 0.200000 0.000000 -0.050000
v 0.030000 0.400000 -0.050000
v 0.200000 0.000000 3.200000
v -0.020000 0.400000 3.200000
v 0.030000 0.400000 3.200000
v 0.030000 0.400000 5.899997
v -0.020000 7.200000 3.200000
v 0.030000 7.200000 3.200000
v 0.030000 7.200000 5.899997
v 0.030000 7.599999 3.200000
v 0.030000 7.599999 5.899997
v 0.030000 7.200000 -0.050000
v 0.030000 7.599999 -0.050000
v 0.800000 19.799997 3.600002
v -0.020000 19.799997 3.200000
v -0.020000 12.200000 3.200000
v 0.030000 12.200000 3.200000
v 0.030000 12.200000 5.899997
v -0.020000 12.600000 3.200000
v 0.030000 12.600000 3.200000
v 0.030000 12.600000 5.899997
v 0.030000 12.600000 -0.050000
v 0.030000 19.400000 3.200000
v -0.020000 19.400000 3.200000
v 0.030000 19.400000 5.899997
v 0.030000 19.400000 -0.050000
v -0.020000 19.400000 5.899997
v 0.800000 0.000000 5.080000
v 0.000000 0.100000 6.200006
v -0.020000 0.100000 6.200006
v -0.020000 7.599999 0.100000
v -0.020000 0.400000 0.100000
v -0.020000 7.200000 0.100000
v -0.020000 19.400000 0.100000
v -0.020000 12.600000 0.100000
v -0.020000 12.200000 0.100000
v -0.020000 19.500004 5.999995
v 0.200000 0.000000 6.300001
v -0.020000 0.000000 6.300001
v 0.000000 0.300000 3.200000
v 0.000000 0.100000 0.300000
v -0.020000 12.299999 5.999995
v 0.000000 0.100000 3.200000
v 0.800000 0.000000 3.600002
v 0.000000 0.300000 0.300000
v 0.000000 0.300000 5.999995
v 0.200000 19.799997 6.300001
v 0.000000 19.700005 6.200006
v 0.000000 19.500004 5.999995
v -0.000000 12.299999 5.999995
v 0.000000 7.300002 5.999995
v -0.000000 7.499998 5.999995
v -0.000000 12.499997 5.999995
v 0.000000 19.700005 3.200000
v -0.050000 12.200000 -0.050000
v 0.000000 19.700005 0.300000
v 0.000000 19.500004 3.200000
v 0.000000 19.500004 0.300000
v 0.800000 19.799997 5.080000
v 0.000000 12.499997 3.200000
v 0.000000 12.499997 0.300000
v -0.020000 12.200000 5.899997
v 0.000000 7.499998 0.300000
v 0.000000 7.499998 3.200000
v 0.000000 7.300002 0.300000
v -0.050000 7.599999 -0.050000
v 0.000000 12.299999 3.200000
v -0.050000 7.200000 -0.050000
v -0.050000 0.400000 -0.050000
v 0.000000 12.299999 0.300000
v -0.050000 0.000000 -0.050000
v 0.000000 7.300002 3.200000
v -0.020000 0.000000 3.200000
v -0.020000 0.400000 5.899997
v -0.020000 7.200000 5.899997
v -0.020000 7.599999 5.899997
v -0.020000 12.600000 5.899997
v 6.840000 19.799999 4.920000
v -0.020000 19.799997 6.300001
v -0.020000 0.000000 0.100000
v -0.020000 19.799997 0.100000
v -0.020000 0.300000 3.200000
v -0.020000 0.100000 0.300000
v -0.020000 0.100000 3.200000
v -0.020000 0.300000 0.300000
v -0.020000 0.300000 5.999995
v -0.020000 19.700005 6.200006
v -0.020000 7.300002 5.999995
v -0.020000 7.499998 5.999995
v -0.020000 12.499997 5.999995
v -0.020000 19.700005 3.200000
v -0.020000 19.700005 0.300000
v -0.020000 19.500004 3.200000
v -0.020000 19.500004 0.300000
v -0.020000 12.499997 3.200000
v -0.020000 12.499997 0.300000
v -0.020000 7.499998 0.300000
v -0.020000 7.499998 3.200000
v -0.020000 7.300002 0.300000
v -0.020000 12.299999 3.200000
v -0.020000 12.299999 0.300000
v -0.020000 7.300002 3.200000
v -0.050000 0.000000 0.100000
v -0.050000 0.400000 0.100000
v -0.050000 19.799997 0.100000
v -0.050000 19.400000 0.100000
v -0.050000 7.200000 0.100000
v -0.050000 7.599999 0.100000
v -0.050000 12.600000 0.100000
v -0.050000 12.200000 0.100000
v 2.180000 0.000000 5.080000
v 2.180000 0.000000 3.600002
v 6.610000 0.000000 5.080000
v 8.499999 0.000000 -0.050000
v 6.610000 0.000000 3.600002
v 8.500000 6.699999 5.900001
v 8.499998 10.979999 0.000000
v 8.300000 6.700000 5.600001
v 2.180000 0.100000 5.080000
v 2.180000 0.100000 3.600000
v 0.800000 0.100000 3.600000
v 0.800000 0.100000 5.080000
v 7.990000 0.100000 3.600000
v 7.990000 0.100000 5.080000
v 6.610000 0.100000 5.080000
v 6.610000 0.100000 3.600000
v 7.990000 0.000000 3.600002
v 7.990000 0.000000 5.080000
v 2.180000 19.799997 3.600002
v 2.180000 19.799997 5.080000
v 6.840000 19.799997 2.799998
v 7.760000 19.799997 2.799998
v 0.800000 19.700001 3.600000
v 0.800000 19.700001 5.080000
v 2.180000 19.700001 3.600000
v 2.180000 19.700001 5.080000
v 8.499998 18.999998 0.000000
v 8.499998 15.899999 3.600002
v 8.499998 18.080000 0.000000
v 8.499998 12.520000 3.600002
v 8.499998 13.520000 -0.050000
v 8.499998 12.520000 5.080000
v 8.499998 11.900000 0.000000
v 8.499998 9.110000 3.600002
v 8.499998 10.979999 2.120000
v 8.499998 9.110000 5.080000
v 8.499998 11.139999 3.600002
v 8.499998 6.700000 2.120000
v 8.499999 4.380000 3.600002
v 8.499998 6.700001 0.000000
v 8.499998 5.760001 3.600002
v 8.499998 5.760001 5.080000
v 8.499998 5.780000 0.000000
v 7.760000 19.799997 4.920000
v 6.840000 19.700001 2.799998
v 7.760000 19.700001 2.799998
v 6.840000 19.700001 4.920000
v 7.760000 19.700001 4.920000
v 8.499998 18.999998 2.120000
v 8.499998 18.080000 2.120000
v 8.499998 11.900000 2.120000
v 8.499998 11.139999 5.080000
v 8.499999 4.380000 5.080000
v 8.499998 5.780000 2.120000
v 8.499999 1.000000 5.080000
v 8.499999 1.000000 3.600000
v 8.499998 7.730000 5.080000
v 8.300000 6.700000 5.900001
v 8.499999 2.380000 5.080000
v 8.499998 7.730000 3.600000
v 8.499999 2.380000 3.600002
v 8.399999 6.700001 2.120000
v 8.499998 14.519999 5.080000
v 8.499998 14.520000 3.600002
v 8.499998 15.899999 5.080000
v 8.399998 15.899999 5.080000
v 8.399998 14.519999 5.080000
v 8.399998 5.760001 5.080000
v 8.399998 9.110000 5.080000
v 8.399999 1.000000 5.080000
v 8.399999 1.000000 3.600002
v 8.399999 2.380000 5.080000
v 8.399998 5.760001 3.600002
v 8.399999 4.380000 5.080000
v 8.399999 4.380000 3.600002
v 8.399999 2.380000 3.600002
v 8.399998 9.110000 3.600002
v 8.399998 7.730000 3.600002
v 8.399998 7.730000 5.080000
v 8.399998 15.899999 3.600000
v 8.399998 14.519999 3.600002
v 8.399998 12.520000 5.080000
v 8.399998 12.520000 3.600002
v 8.399998 11.139999 3.600002
v 8.399998 11.139999 5.080000
v 8.399999 18.999998 0.000000
v 8.399999 18.080000 0.000000
v 8.399999 11.900000 0.000000
v 8.399999 10.979999 0.000000
v 8.399999 6.700000 0.000000
v 8.399999 5.780000 0.000000
v 8.399999 18.999998 2.120000
v 8.399999 18.080000 2.120000
v 8.399999 11.900000 2.120000
v 8.399999 10.979999 2.120000
v 8.399999 5.780000 2.120000
v 0.200000 3.433333 6.300001
v 0.200000 16.366667 6.300001
v 0.200000 13.133333 6.300001
v 0.200000 9.900000 6.300001
v 0.200000 6.666666 6.300001
v 0.200000 16.366667 5.600001
v 0.200000 13.133333 5.600001
v 0.200000 9.900000 5.600001
v 0.200000 6.666666 5.600001
v 0.200000 3.433333 5.600001
v -0.020000 17.133333 5.899997
v -0.020000 14.866667 5.899997
v 0.030000 17.133333 5.899997
v 0.030000 14.866667 5.899997
v -0.020000 17.166668 5.999995
v -0.020000 14.833332 5.999995
v -0.000000 17.166668 5.999995
v -0.000000 14.833332 5.999995
v -0.020000 9.900000 5.899997
v -0.020000 9.899999 5.999995
v -0.000000 9.899999 5.999995
v 0.030000 9.900000 5.899997
v -0.020000 4.933333 5.899997
v -0.020000 2.666667 5.899997
v -0.020000 4.966668 5.999995
v -0.020000 2.633334 5.999995
v 0.000000 4.966668 5.999995
v 0.000000 2.633334 5.999995
v 0.030000 4.933333 5.899997
v 0.030000 2.666667 5.899997
v -0.020000 16.900003 6.200006
v -0.020000 14.100002 6.200006
v -0.020000 11.300002 6.200006
v -0.020000 8.500002 6.200006
v -0.020000 5.700001 6.200006
v -0.020000 2.900001 6.200006
v 0.000000 16.900003 6.200006
v 0.000000 14.100002 6.200006
v 0.000000 11.300002 6.200006
v 0.000000 8.500002 6.200006
v 0.000000 5.700001 6.200006
v 0.000000 2.900001 6.200006
v -0.020000 16.971426 6.300001
v -0.020000 14.142855 6.300001
v -0.020000 11.314283 6.300001
v -0.020000 8.485712 6.300001
v -0.020000 5.657141 6.300001
v -0.020000 2.828571 6.300001
v 0.030000 12.200000 -0.050000
v 8.499998 19.799997 -0.050000
v -0.050000 19.799997 -0.050000
v -0.050000 19.400000 -0.050000
v -0.050000 12.600000 -0.050000
v 8.499998 6.700000 -0.050000
v 8.499998 8.840000 -0.050000
v 0.300000 2.725000 2.200000
v 0.900000 2.725000 2.200000
v 0.900000 2.725000 0.500000
v 0.300000 2.725000 0.500000
v 0.320000 2.725000 2.180000
v 0.880000 2.725000 2.180000
v 0.320000 2.775000 2.180000
v 0.880000 2.775000 2.180000
v 0.880000 2.725000 0.520000
v 0.880000 2.775000 0.520000
v 0.320000 2.725000 0.520000
v 0.300000 2.775000 2.200000
v 0.300000 2.775000 0.500000
v 0.900000 2.775000 0.500000
v 0.900000 2.775000 2.200000
v 0.320000 2.775000 0.520000
vt 0.182220 0.497022
vt 0.070660 0.497022
vt 0.071855 0.495109
vt 0.180294 0.495096
vt 0.041621 0.498657
vt 0.041619 0.493435
vt 0.260953 0.493385
vt 0.260954 0.498608
vt 0.037361 0.494782
vt 0.037360 0.489545
vt 0.257300 0.489496
vt 0.257301 0.494733
vt 0.180668 0.490503
vt 0.180669 0.496523
vt 0.072312 0.496535
vt 0.072312 0.490515
vt 0.071854 0.489085
vt 0.180293 0.489072
vt 0.037774 0.489490
vt 0.262045 0.489490
vt 0.070401 0.488578
vt 0.181891 0.488578
vt 0.261208 0.498639
vt 0.036346 0.498639
vt 0.182330 0.497241
vt 0.070772 0.497241
vt 0.071966 0.495327
vt 0.180404 0.495315
vt 0.041731 0.498721
vt 0.041729 0.493499
vt 0.261068 0.493449
vt 0.261069 0.498671
vt 0.037141 0.494703
vt 0.037140 0.489466
vt 0.257083 0.489418
vt 0.257085 0.494654
vt 0.180668 0.490235
vt 0.180669 0.496255
vt 0.072312 0.496267
vt 0.072312 0.490248
vt 0.071965 0.489303
vt 0.180403 0.489291
vt 0.037884 0.489554
vt 0.262159 0.489554
vt 0.070400 0.488311
vt 0.181891 0.488310
vt 0.036127 0.498560
vt 0.182989 0.497296
vt 0.071431 0.497296
vt 0.072625 0.495383
vt 0.181063 0.495370
vt 0.041511 0.498593
vt 0.041510 0.493371
vt 0.260847 0.493321
vt 0.260848 0.498543
vt 0.037251 0.494742
vt 0.037250 0.489506
vt 0.257193 0.489457
vt 0.257194 0.494693
vt 0.180009 0.490627
vt 0.180009 0.496646
vt 0.071653 0.496659
vt 0.071652 0.490639
vt 0.072624 0.489358
vt 0.181062 0.489346
vt 0.037665 0.489426
vt 0.261939 0.489426
vt 0.069740 0.488702
vt 0.181232 0.488702
vt 0.261101 0.498599
vt 0.036236 0.498600
vt 0.182451 0.498097
vt 0.071822 0.498046
vt 0.073035 0.496149
vt 0.180543 0.496186
vt 0.181205 0.489575
vt 0.181205 0.495684
vt 0.073698 0.495684
vt 0.073697 0.489575
vt 0.071788 0.487666
vt 0.182418 0.487678
vt 0.070594 0.487596
vt 0.182989 0.487635
vt 0.180545 0.490078
vt 0.073037 0.490040
vt 0.046029 0.494675
vt 0.046029 0.489599
vt 0.257186 0.489570
vt 0.257187 0.494646
vt 0.045659 0.494602
vt 0.045658 0.489542
vt 0.256158 0.489511
vt 0.256159 0.494571
vt 0.042279 0.485848
vt 0.258171 0.485867
vt 0.041949 0.485773
vt 0.258220 0.485773
vt 0.183649 0.498127
vt 0.071255 0.498128
vt 0.260938 0.498395
vt 0.044022 0.498395
vt 0.259850 0.498357
vt 0.044598 0.498341
vt 0.454219 0.483489
vt 0.454191 0.486677
vt 0.271521 0.486676
vt 0.271548 0.483488
vt 0.456827 0.483376
vt 0.456799 0.486608
vt 0.271615 0.486607
vt 0.271643 0.483376
vt 0.404800 0.499523
vt 0.404800 0.497858
vt 0.421452 0.497858
vt 0.421452 0.499523
vt 0.351696 0.499868
vt 0.351696 0.498203
vt 0.368348 0.498203
vt 0.368348 0.499868
vt 0.369471 0.489505
vt 0.386124 0.489505
vt 0.386124 0.497831
vt 0.369472 0.497831
vt 0.456728 0.486654
vt 0.456728 0.494705
vt 0.271544 0.494705
vt 0.369472 0.499497
vt 0.386124 0.499497
vt 0.456799 0.494659
vt 0.456798 0.508346
vt 0.271615 0.508346
vt 0.271615 0.494659
vt 0.454205 0.494695
vt 0.454205 0.508395
vt 0.271534 0.508395
vt 0.351696 0.489877
vt 0.368348 0.489877
vt 0.271583 0.508420
vt 0.271583 0.498812
vt 0.453063 0.498812
vt 0.453063 0.508420
vt 0.271558 0.483491
vt 0.455519 0.498827
vt 0.455519 0.508424
vt 0.455547 0.487620
vt 0.455519 0.490830
vt 0.271575 0.490829
vt 0.271603 0.487619
vt 0.454233 0.483448
vt 0.454205 0.486636
vt 0.271534 0.486636
vt 0.387024 0.499520
vt 0.387024 0.497855
vt 0.403676 0.497856
vt 0.403676 0.499522
vt 0.404800 0.489532
vt 0.421452 0.489532
vt 0.453071 0.487638
vt 0.453044 0.490805
vt 0.453057 0.490802
vt 0.453043 0.498811
vt 0.387024 0.489529
vt 0.403677 0.489530
vt 0.403677 0.487864
vt 0.387025 0.487864
vt 0.421452 0.487866
vt 0.404800 0.487866
vt 0.368348 0.488212
vt 0.351696 0.488211
vt 0.456728 0.508392
vt 0.386124 0.487840
vt 0.369471 0.487840
vt 0.453043 0.508419
vt 0.450240 0.489928
vt 0.457261 0.489929
vt 0.457260 0.509589
vt 0.450240 0.509589
vt 0.275572 0.516611
vt 0.275572 0.509589
vt 0.450240 0.516611
vt 0.275572 0.489928
vt 0.275572 0.482907
vt 0.450240 0.482907
vt 0.450254 0.489941
vt 0.450255 0.509602
vt 0.275539 0.516649
vt 0.275539 0.509627
vt 0.275513 0.516651
vt 0.450179 0.516652
vt 0.275539 0.489966
vt 0.450205 0.489966
vt 0.275539 0.482945
vt 0.275514 0.482952
vt 0.450180 0.482952
vt 0.450206 0.509651
vt 0.275539 0.509651
vt 0.450149 0.489956
vt 0.450149 0.509617
vt 0.473212 0.516059
vt 0.473212 0.503874
vt 0.601556 0.503874
vt 0.601556 0.516059
vt 0.601549 0.503891
vt 0.601549 0.516075
vt 0.473211 0.495765
vt 0.601555 0.495765
vt 0.601549 0.495768
vt 0.473212 0.483567
vt 0.601556 0.483566
vt 0.601549 0.483583
vt 0.461027 0.503874
vt 0.461027 0.495751
vt 0.613734 0.495768
vt 0.613734 0.503891
vt 0.613761 0.503881
vt 0.613761 0.495758
vt 0.473217 0.495742
vt 0.601561 0.495743
vt 0.613743 0.495744
vt 0.461028 0.495740
vt 0.836107 0.243647
vt 0.836108 0.251696
vt 0.716984 0.251697
vt 0.716983 0.243648
vt 0.836094 0.420715
vt 0.836094 0.428764
vt 0.716968 0.428766
vt 0.716968 0.420717
vt 0.716979 0.531788
vt 0.716980 0.523739
vt 0.836102 0.523743
vt 0.836102 0.531792
vt 0.836087 0.066568
vt 0.836088 0.074617
vt 0.716968 0.074626
vt 0.716967 0.066577
vt 0.716987 0.354717
vt 0.716987 0.346668
vt 0.836108 0.346671
vt 0.836107 0.354720
vt 0.836107 0.177646
vt 0.916597 0.025518
vt 0.916597 0.210646
vt 0.696754 0.378328
vt 0.696754 0.201673
vt 0.712813 0.201673
vt 0.712813 0.378328
vt 0.712903 0.201685
vt 0.712903 0.378340
vt 0.716970 0.177638
vt 0.716970 0.169590
vt 0.836091 0.169588
vt 0.916583 0.387712
vt 0.716970 0.572846
vt 0.916589 0.572840
vt 0.916589 0.202592
vt 0.716975 0.202592
vt 0.982904 0.580746
vt 0.998387 0.596206
vt 0.719906 0.596403
vt 0.719895 0.580932
vt 0.712794 0.020726
vt 0.712794 0.197537
vt 0.696721 0.197537
vt 0.696721 0.020726
vt 0.982526 0.039355
vt 0.997990 0.031610
vt 0.977072 0.572464
vt 0.919113 0.572464
vt 0.919113 0.025079
vt 0.977071 0.025079
vt 0.716964 0.025529
vt 0.720027 0.001251
vt 0.998549 0.001250
vt 0.983074 0.016724
vt 0.720027 0.016725
vt 0.919114 0.202178
vt 0.977072 0.202178
vt 0.980052 0.000951
vt 0.980052 0.016877
vt 0.709316 0.016877
vt 0.709316 0.000952
vt 0.982516 0.023887
vt 0.998545 0.566060
vt 0.983070 0.558322
vt 0.981803 0.580708
vt 0.981803 0.596633
vt 0.711069 0.596634
vt 0.711069 0.580708
vt 0.983070 0.573796
vt 0.983339 0.437212
vt 0.998124 0.444604
vt 0.998124 0.075003
vt 0.983340 0.082394
vt 0.987481 0.649345
vt 0.996998 0.649345
vt 0.996998 0.973890
vt 0.987480 0.973890
vt 0.296149 0.485898
vt 0.456723 0.485898
vt 0.450989 0.491633
vt 0.296149 0.491633
vt 0.456496 0.486309
vt 0.450762 0.492044
vt 0.295923 0.492044
vt 0.295923 0.486309
vt 0.456744 0.491835
vt 0.280517 0.491835
vt 0.291886 0.486150
vt 0.456744 0.486150
vt 0.456752 0.483096
vt 0.296178 0.483096
vt 0.456919 0.492144
vt 0.292330 0.492155
vt 0.280978 0.486480
vt 0.456919 0.486468
vt 0.456987 0.492208
vt 0.292400 0.492209
vt 0.456987 0.486532
vt 0.456918 0.492244
vt 0.456920 0.486568
vt 0.292370 0.495081
vt 0.456957 0.495081
vt 0.438239 0.508017
vt 0.438239 0.506775
vt 0.450663 0.506775
vt 0.450663 0.508017
vt 0.022838 0.480679
vt 0.005125 0.512885
vt 0.022838 0.512885
vt 0.456698 0.483477
vt 0.456668 0.486354
vt 0.291811 0.486354
vt 0.291842 0.483477
vt 0.438040 0.508018
vt 0.438040 0.506775
vt 0.450464 0.506775
vt 0.450464 0.508018
vt 0.451086 0.483130
vt 0.451086 0.485998
vt 0.296245 0.485998
vt 0.456774 0.483273
vt 0.291917 0.483273
vt 0.450444 0.506775
vt 0.450444 0.508018
vt 0.437820 0.506796
vt 0.431608 0.494372
vt 0.456457 0.494372
vt 0.450244 0.506796
vt 0.456876 0.494350
vt 0.432026 0.494350
vt 0.005132 0.013696
vt 0.002716 0.013696
vt 0.002716 0.001619
vt 0.022845 0.001619
vt 0.431807 0.494351
vt 0.431807 0.492487
vt 0.456656 0.492487
vt 0.456657 0.494351
vt 0.456668 0.492039
vt 0.456663 0.495115
vt 0.271911 0.495115
vt 0.280442 0.492039
vt 0.271995 0.494971
vt 0.271884 0.490384
vt 0.280485 0.490175
vt 0.280527 0.491895
vt 0.182257 0.295496
vt 0.557455 0.231083
vt 0.691109 0.001617
vt 0.296217 0.494535
vt 0.296246 0.491733
vt 0.456821 0.491734
vt 0.456792 0.494536
vt 0.456752 0.486267
vt 0.323933 0.486267
vt 0.323933 0.483337
vt 0.280978 0.488330
vt 0.271729 0.488330
vt 0.271729 0.483397
vt 0.292297 0.495070
vt 0.456887 0.495116
vt 0.437820 0.508038
vt 0.450244 0.508038
vt 0.292300 0.495027
vt 0.456889 0.495016
vt 0.061317 0.295932
vt 0.069325 0.295932
vt 0.069325 0.414452
vt 0.061317 0.414452
vt 0.631930 0.403682
vt 0.631930 0.411781
vt 0.557419 0.411781
vt 0.557419 0.403682
vt 0.069722 0.414761
vt 0.061671 0.414761
vt 0.061671 0.295597
vt 0.069722 0.295597
vt 0.182220 0.415229
vt 0.182220 0.423280
vt 0.071119 0.423280
vt 0.071119 0.415229
vt 0.456752 0.486210
vt 0.456752 0.491895
vt 0.183945 0.295676
vt 0.191996 0.295676
vt 0.191996 0.414840
vt 0.183945 0.414840
vt 0.022845 0.263291
vt 0.071154 0.295497
vt 0.071153 0.414659
vt 0.456954 0.483249
vt 0.456924 0.486064
vt 0.295657 0.486064
vt 0.295687 0.483249
vt 0.182257 0.414657
vt 0.071147 0.414657
vt 0.450794 0.486324
vt 0.456528 0.492059
vt 0.295954 0.492059
vt 0.295954 0.486324
vt 0.295643 0.491848
vt 0.295673 0.489034
vt 0.456942 0.489034
vt 0.456912 0.491848
vt 0.271799 0.490528
vt 0.280400 0.490319
vt 0.431608 0.492508
vt 0.456457 0.492508
vt 0.431608 0.483189
vt 0.456457 0.483189
vt 0.071147 0.295496
vt 0.005124 0.263290
vt 0.476648 0.295605
vt 0.484693 0.295605
vt 0.484693 0.414665
vt 0.476648 0.414665
vt 0.606729 0.415009
vt 0.598644 0.415009
vt 0.598644 0.295340
vt 0.606729 0.295340
vt 0.555539 0.401661
vt 0.547510 0.401661
vt 0.547510 0.231451
vt 0.555538 0.231451
vt 0.495808 0.186127
vt 0.495811 0.178036
vt 0.570250 0.178062
vt 0.570247 0.186153
vt 0.580522 0.176511
vt 0.572486 0.176511
vt 0.572486 0.006162
vt 0.580522 0.006162
vt 0.486075 0.005918
vt 0.494136 0.005918
vt 0.494136 0.176815
vt 0.486075 0.176815
vt 0.457434 0.522750
vt 0.465513 0.522750
vt 0.465513 0.694026
vt 0.457434 0.694026
vt 0.558321 0.176901
vt 0.550226 0.176901
vt 0.550226 0.005281
vt 0.558321 0.005281
vt 0.432026 0.492486
vt 0.456876 0.492486
vt 0.456876 0.483168
vt 0.432026 0.483168
vt 0.634513 0.480614
vt 0.320673 0.414627
vt 0.320673 0.295529
vt 0.284551 0.483473
vt 0.456942 0.483473
vt 0.325516 0.414652
vt 0.325516 0.295553
vt 0.486459 0.295553
vt 0.486459 0.414652
vt 0.660672 0.414722
vt 0.652587 0.414722
vt 0.652587 0.295061
vt 0.660672 0.295061
vt 0.082495 0.941583
vt 0.082495 0.933515
vt 0.193830 0.933515
vt 0.193830 0.941583
vt 0.557455 0.401774
vt 0.691110 0.480679
vt 0.631529 0.401774
vt 0.073450 0.812640
vt 0.081517 0.812641
vt 0.081517 0.932040
vt 0.073450 0.932040
vt 0.070761 0.423729
vt 0.070761 0.415670
vt 0.181971 0.415670
vt 0.181971 0.423729
vt 0.335061 0.414500
vt 0.327019 0.414500
vt 0.327019 0.295483
vt 0.335061 0.295483
vt 0.473698 0.185980
vt 0.473698 0.177915
vt 0.547901 0.177915
vt 0.547901 0.185980
vt 0.214339 0.425007
vt 0.214339 0.416936
vt 0.325706 0.416936
vt 0.325706 0.425007
vt 0.203141 0.932302
vt 0.195046 0.932302
vt 0.195046 0.812505
vt 0.203141 0.812505
vt 0.997047 0.601158
vt 0.997045 0.996137
vt 0.987528 0.986619
vt 0.987529 0.601158
vt 0.193815 0.931970
vt 0.193815 0.812761
vt 0.354908 0.812761
vt 0.354908 0.931970
vt 0.331058 0.414642
vt 0.323033 0.414642
vt 0.323033 0.295870
vt 0.331058 0.295870
vt 0.538943 0.414659
vt 0.473584 0.176454
vt 0.200002 0.295507
vt 0.208046 0.295507
vt 0.208046 0.414551
vt 0.200003 0.414551
vt 0.209622 0.424450
vt 0.209622 0.416387
vt 0.320885 0.416387
vt 0.320885 0.424450
vt 0.987511 0.697327
vt 0.987510 0.986659
vt 0.973233 0.986659
vt 0.973234 0.697327
vt 0.677983 0.480638
vt 0.129164 0.480639
vt 0.345356 0.812687
vt 0.353412 0.812687
vt 0.353412 0.931915
vt 0.345356 0.931915
vt 0.557201 0.229808
vt 0.557201 0.221709
vt 0.631712 0.221709
vt 0.631712 0.229808
vt 0.191544 0.414403
vt 0.183536 0.414403
vt 0.183536 0.295882
vt 0.191545 0.295882
vt 0.973253 0.601158
vt 0.973252 0.986619
vt 0.209621 0.414627
vt 0.129150 0.480614
vt 0.129150 0.001806
vt 0.209622 0.295529
vt 0.633070 0.230985
vt 0.641132 0.230985
vt 0.641132 0.401883
vt 0.633070 0.401883
vt 0.541776 0.522793
vt 0.467674 0.522793
vt 0.002115 0.518766
vt 0.541776 0.518766
vt 0.496102 0.176430
vt 0.496102 0.005829
vt 0.301374 0.001830
vt 0.473584 0.005854
vt 0.650053 0.295498
vt 0.538943 0.295498
vt 0.547879 0.186114
vt 0.473676 0.186114
vt 0.473676 0.178049
vt 0.547879 0.178049
vt 0.463708 0.006045
vt 0.471774 0.006045
vt 0.471774 0.177056
vt 0.463708 0.177057
vt 0.476727 0.932264
vt 0.468663 0.932264
vt 0.468663 0.812928
vt 0.476727 0.812928
vt 0.204457 0.295644
vt 0.212512 0.295644
vt 0.212512 0.414858
vt 0.204457 0.414858
vt 0.355003 0.940856
vt 0.355003 0.932775
vt 0.466516 0.932775
vt 0.466516 0.940856
vt 0.286526 0.317270
vt 0.546465 0.349427
vt 0.270447 0.349427
vt 0.270447 0.317270
vt 0.546649 0.317063
vt 0.546638 0.349220
vt 0.270622 0.349125
vt 0.530571 0.317057
vt 0.320142 0.494676
vt 0.320163 0.492290
vt 0.456887 0.492290
vt 0.456866 0.494676
vt 0.456549 0.494861
vt 0.295974 0.494862
vt 0.450762 0.494911
vt 0.295923 0.494911
vt 0.295903 0.483507
vt 0.456476 0.483507
vt 0.295954 0.483457
vt 0.450794 0.483457
vt 0.456914 0.483397
vt 0.316594 0.494497
vt 0.316616 0.492051
vt 0.456752 0.492051
vt 0.456730 0.494497
vt 0.450810 0.494826
vt 0.295972 0.494827
vt 0.295972 0.491959
vt 0.322454 0.486272
vt 0.450875 0.486385
vt 0.456610 0.492119
vt 0.296036 0.486384
vt 0.451340 0.483460
vt 0.451309 0.486351
vt 0.285669 0.486351
vt 0.285700 0.483460
vt 0.286722 0.349337
vt 0.286722 0.293061
vt 0.546660 0.293061
vt 0.546660 0.349337
vt 0.286722 0.292979
vt 0.546660 0.292978
vt 0.286722 0.349378
vt 0.546660 0.349378
vt 0.286526 0.293152
vt 0.546465 0.293152
vt 0.270641 0.292849
vt 0.530579 0.292939
vt 0.570136 0.176430
vt 0.677983 0.001830
vt 0.547618 0.176454
vt 0.547618 0.005854
vt 0.650053 0.414659
vt 0.467674 0.693552
vt 0.539006 0.424340
vt 0.539006 0.416285
vt 0.650165 0.416285
vt 0.650165 0.424340
vt 0.082661 0.931970
vt 0.002115 0.998018
vt 0.082661 0.812761
vt 0.466063 0.812761
vt 0.541776 0.693552
vt 0.550412 0.693936
vt 0.542348 0.693936
vt 0.542347 0.522975
vt 0.550412 0.522975
vt 0.467445 0.701825
vt 0.467445 0.693748
vt 0.541757 0.693748
vt 0.541757 0.701825
vt 0.597511 0.295553
vt 0.487203 0.425394
vt 0.487206 0.417324
vt 0.598573 0.417362
vt 0.598570 0.425433
vt 0.528948 0.295552
vt 0.537000 0.295552
vt 0.537000 0.414724
vt 0.528948 0.414724
vt 0.456924 0.491624
vt 0.284535 0.491624
vt 0.285669 0.491872
vt 0.456748 0.494971
vt 0.296149 0.494501
vt 0.450989 0.494501
vt 0.456740 0.494911
vt 0.271986 0.494911
vt 0.456663 0.486298
vt 0.454710 0.492157
vt 0.317985 0.492157
vt 0.323845 0.486298
vt 0.456663 0.483368
vt 0.323845 0.483368
vt 0.322454 0.483353
vt 0.295952 0.483422
vt 0.456524 0.483422
vt 0.456545 0.486224
vt 0.295972 0.486224
vt 0.456631 0.494921
vt 0.296056 0.494922
vt 0.450876 0.483517
vt 0.454798 0.492127
vt 0.318074 0.492127
vt 0.320229 0.494556
vt 0.320250 0.492170
vt 0.456955 0.494556
vt 0.451116 0.483381
vt 0.451116 0.486311
vt 0.318297 0.486311
vt 0.318297 0.483381
vt 0.454799 0.483378
vt 0.454799 0.486308
vt 0.321980 0.486309
vt 0.321980 0.483379
vt 0.456752 0.492168
vt 0.320027 0.492168
vt 0.318053 0.494513
vt 0.454777 0.494513
vt 0.320005 0.494554
vt 0.456731 0.494554
vt 0.316593 0.494556
vt 0.450913 0.486213
vt 0.316616 0.486212
vt 0.450913 0.483293
vt 0.316616 0.483293
vt 0.317964 0.494543
vt 0.454689 0.494543
vt 0.320006 0.494495
vt 0.320028 0.492109
vt 0.451027 0.486430
vt 0.318210 0.486430
vt 0.451028 0.483501
vt 0.318210 0.483500
vt 0.321985 0.483320
vt 0.456316 0.486235
vt 0.452330 0.491814
vt 0.294500 0.491815
vt 0.300079 0.486235
vt 0.284455 0.483236
vt 0.455615 0.483236
vt 0.450093 0.488758
vt 0.284455 0.488758
vt 0.456344 0.483508
vt 0.300107 0.483508
vt 0.284424 0.491648
vt 0.450062 0.491648
vt 0.450988 0.487447
vt 0.456568 0.493027
vt 0.298736 0.493027
vt 0.294750 0.487447
vt 0.451941 0.486132
vt 0.455927 0.491711
vt 0.298097 0.491711
vt 0.454319 0.486093
vt 0.456711 0.491673
vt 0.298880 0.491673
vt 0.298082 0.486094
vt 0.456081 0.486186
vt 0.299049 0.491766
vt 0.299846 0.486186
vt 0.455270 0.491804
vt 0.297440 0.491804
vt 0.455868 0.486644
vt 0.453477 0.492224
vt 0.295647 0.492224
vt 0.299633 0.486644
vt 0.451016 0.484720
vt 0.294778 0.484721
vt 0.451969 0.483405
vt 0.295733 0.483405
vt 0.454347 0.483367
vt 0.298111 0.483367
vt 0.456109 0.483459
vt 0.299874 0.483460
vt 0.455896 0.483918
vt 0.299661 0.483918
vt 0.973252 0.664350
vt 0.987529 0.664350
vt 0.987527 0.973673
vt 0.973251 0.973673
vt 0.495914 0.178032
vt 0.570202 0.178032
vt 0.570202 0.186106
vt 0.495914 0.186106
vt 0.214464 0.414652
vt 0.129164 0.176454
vt 0.214464 0.295553
vt 0.541776 0.998018
vt 0.466063 0.931970
vt 0.997046 0.654833
vt 0.997044 0.973673
vt 0.997028 0.697327
vt 0.997027 0.996176
vt 0.597511 0.414652
vt 0.973205 0.649345
vt 0.973203 0.973890
vt 0.631529 0.231083
vt 0.129164 0.005854
vt 0.129164 0.001830
vt 0.431828 0.483169
vt 0.456677 0.483169
vt 0.280978 0.488369
vt 0.271729 0.488366
vt 0.570136 0.005829
vt 0.634513 0.001806
vt 0.271874 0.490324
vt 0.280475 0.490115
vt 0.271799 0.488383
vt 0.271800 0.483450
vt 0.456983 0.483461
vt 0.062313 0.497010
vt 0.064694 0.493544
vt 0.259837 0.493525
vt 0.263285 0.497010
vt 0.262141 0.484173
vt 0.259760 0.487640
vt 0.064618 0.487659
vt 0.061171 0.484173
vt 0.263344 0.484939
vt 0.260751 0.487531
vt 0.188160 0.487531
vt 0.185567 0.484938
vt 0.185567 0.496605
vt 0.188160 0.494013
vt 0.260751 0.494013
vt 0.263344 0.496605
vt 0.091713 0.496397
vt 0.094305 0.493804
vt 0.166898 0.493804
vt 0.169490 0.496396
vt 0.169490 0.484730
vt 0.166898 0.487322
vt 0.094305 0.487323
vt 0.091713 0.484730
vt 0.262217 0.484181
vt 0.064693 0.487666
vt 0.062238 0.497003
vt 0.064619 0.493537
vt 0.263208 0.497003
usemtl Exterior_Mat
s off
f 8454/8496 8455/8497 8456/8498 8457/8499
f 8458/8500 8456/8501 8459/8502 8460/8503
f 8457/8504 8461/8505 8462/8506 8463/8507
f 8463/8508 8462/8509 8460/8510 8459/8511
f 8458/8512 8461/8513 8457/8499 8456/8498
f 8459/8502 8456/8501 8455/8514 8464/8515
f 8463/8508 8459/8511 8464/8516 8465/8517
f 8465/8518 8454/8519 8457/8504 8463/8507
f 8466/8520 8467/8521 8468/8522 8469/8523
f 8470/8524 8468/8525 8471/8526 8472/8527
f 8469/8528 8473/8529 8474/8530 8475/8531
f 8475/8532 8474/8533 8472/8534 8471/8535
f 8470/8536 8473/8537 8469/8523 8468/8522
f 8471/8526 8468/8525 8467/8538 8476/8539
f 8475/8532 8471/8535 8476/8540 8477/8541
f 8477/8503 8466/8542 8469/8528 8475/8531
f 8478/8543 8479/8544 8480/8545 8481/8546
f 8482/8547 8480/8548 8483/8549 8484/8550
f 8481/8551 8485/8552 8486/8553 8487/8554
f 8487/8555 8486/8556 8484/8557 8483/8558
f 8482/8559 8485/8560 8481/8546 8480/8545
f 8483/8549 8480/8548 8479/8561 8488/8562
f 8487/8555 8483/8558 8488/8563 8489/8564
f 8489/8565 8478/8566 8481/8551 8487/8554
f 8492/8567 8490/8568 8494/8569 8495/8570
f 8496/8571 8497/8572 8498/8573 8499/8574
f 8496/8571 8499/8574 8491/8575 8493/8576
f 8500/8577 8501/8578 8502/8579 8503/8580
f 8503/8581 8494/8582 8499/8583 8498/8584
f 8495/8585 8502/8586 8497/8587 8496/8588
f 8503/8580 8502/8579 8495/8570 8494/8569
f 8490/8589 8491/8590 8499/8583 8494/8582
f 8501/8591 8504/8592 8497/8587 8502/8586
f 8504/8593 8505/8594 8498/8573 8497/8572
f 8505/8595 8500/8596 8503/8581 8498/8584
f 8495/8585 8496/8588 8493/8597 8492/8598
f 8512/8599 8584/8600 8560/8601 8536/8602
f 8533/8603 8594/8604 8530/8605 8517/8606
f 8568/8607 8610/8608 8608/8609 8565/8610
f 8579/8611 8619/8612 8617/8613 8575/8614
f 8625/8615 8616/8616 8615/8617 8618/8618
f 8566/8601 8530/8619 8514/8620 8506/8621
f 8577/8622 8618/8618 8615/8617 8573/8623
f 8532/8624 8559/8625 8525/8626 8514/8627
f 8551/8628 8549/8629 8550/8630 8552/8621
f 8511/8628 8548/8629 8549/8630 8551/8621
f 8620/8631 8622/8632 8617/8613 8619/8612
f 8602/8633 8606/8634 8600/8635 8546/8636
f 8526/8599 8587/8600 8624/8601 8540/8637
f 8554/8633 8553/8634 8596/8638 8535/8639
f 8534/8640 8595/8641 8538/8642 8537/8643
f 8536/8644 8560/8645 8563/8646 8555/8606
f 8555/8599 8563/8645 8581/8646 8508/8637
f 8571/8647 8613/8648 8611/8649 8569/8650
f 8590/8642 8538/8641 8553/8638 8589/8634
f 8610/8608 8609/8651 8607/8652 8608/8609
f 8552/8628 8550/8629 8547/8630 8507/8621
f 8593/8628 8518/8629 8515/8630 8591/8621
f 8560/8601 8584/8600 8511/8628 8551/8621
f 8556/8653 8603/8654 8623/8642 8541/8643
f 8563/8646 8560/8645 8551/8628 8552/8621
f 8522/8633 8589/8634 8553/8638 8554/8639
f 8538/8642 8595/8641 8596/8638 8553/8634
f 8537/8640 8538/8641 8590/8642 8523/8643
f 8581/8646 8563/8645 8552/8628 8507/8621
f 8543/8628 8562/8629 8518/8630 8593/8621
f 8516/8653 8524/8655 8583/8642 8510/8643
f 8603/8642 8604/8655 8606/8635 8605/8634
f 8623/8642 8603/8654 8605/8656 8597/8634
f 8614/8657 8612/8658 8611/8649 8613/8648
f 8570/8659 8612/8658 8614/8657 8572/8660
f 8564/8661 8607/8652 8609/8651 8567/8662
f 8604/8642 8599/8655 8600/8635 8606/8634
f 8557/8653 8604/8655 8603/8642 8556/8643
f 8588/8601 8598/8600 8543/8628 8593/8621
f 8587/8646 8588/8600 8593/8628 8591/8621
f 8576/8663 8622/8632 8620/8631 8580/8664
f 8545/8653 8599/8655 8604/8642 8557/8643
f 8514/8620 8525/8665 8558/8630 8506/8621
f 8574/8666 8616/8616 8625/8615 8578/8667
f 8530/8605 8594/8604 8532/8624 8514/8627
f 8601/8633 8605/8634 8606/8635 8602/8636
f 8542/8633 8597/8634 8605/8656 8601/8668
f 8517/8603 8530/8619 8566/8601 8521/8606
f 8624/8601 8587/8600 8591/8628 8539/8621
f 8531/8599 8588/8600 8587/8646 8526/8606
f 8544/8599 8598/8600 8588/8601 8531/8602
f 8591/8628 8515/8629 8561/8630 8539/8621
f 8592/8633 8528/8634 8529/8635 8621/8636
f 8509/8633 8582/8634 8528/8635 8592/8636
f 8524/8642 8527/8655 8529/8635 8528/8634
f 8583/8642 8524/8655 8528/8635 8582/8634
f 8527/8642 8586/8654 8585/8656 8529/8634
f 8520/8653 8527/8655 8524/8642 8516/8643
f 8513/8653 8586/8654 8527/8642 8520/8643
f 8621/8633 8529/8634 8585/8656 8519/8668
f 8629/8669 8633/8670 8631/8671 8627/8672
f 8626/8672 8630/8671 8632/8670 8628/8669
f 8655/8673 8648/8674 8627/8672 8631/8675
f 8648/8674 8641/8676 8629/8669 8627/8672
f 8641/8676 8634/8677 8633/8678 8629/8669
f 8661/8679 8640/8680 8632/8674 8630/8676
f 8630/8675 8626/8672 8654/8674 8661/8673
f 8661/8681 8654/8682 8653/8672 8660/8675
f 8660/8683 8653/8682 8652/8672 8659/8684
f 8659/8683 8652/8682 8651/8672 8658/8684
f 8658/8683 8651/8682 8650/8672 8657/8684
f 8657/8681 8650/8682 8649/8672 8656/8675
f 8656/8683 8649/8682 8648/8672 8655/8684
f 8626/8672 8628/8669 8647/8676 8654/8674
f 8654/8682 8647/8685 8646/8686 8653/8672
f 8653/8682 8646/8685 8645/8686 8652/8672
f 8652/8682 8645/8685 8644/8686 8651/8672
f 8651/8682 8644/8685 8643/8686 8650/8672
f 8650/8682 8643/8685 8642/8686 8649/8672
f 8649/8682 8642/8685 8641/8686 8648/8672
f 8628/8669 8632/8678 8640/8677 8647/8676
f 8647/8685 8640/8687 8639/8678 8646/8686
f 8646/8685 8639/8687 8638/8678 8645/8686
f 8645/8685 8638/8688 8637/8689 8644/8686
f 8644/8685 8637/8688 8636/8689 8643/8686
f 8643/8685 8636/8687 8635/8678 8642/8686
f 8642/8685 8635/8688 8634/8689 8641/8686
f 8631/8669 8633/8672 8634/8674 8655/8676
f 8655/8669 8634/8672 8635/8674 8656/8676
f 8656/8686 8635/8672 8636/8682 8657/8685
f 8657/8686 8636/8690 8637/8691 8658/8685
f 8658/8686 8637/8672 8638/8682 8659/8685
f 8659/8686 8638/8672 8639/8682 8660/8685
f 8660/8692 8639/8693 8640/8682 8661/8685
f 8663/8694 8673/8695 8677/8696 8667/8697
f 8665/8694 8675/8695 8678/8696 8668/8697
f 8662/8694 8672/8695 8679/8696 8669/8697
f 8666/8694 8676/8695 8674/8698 8664/8699
f 8670/8694 8680/8695 8681/8698 8671/8699
f 8675/8695 8685/8700 8688/8701 8678/8696
f 8672/8695 8682/8700 8689/8701 8679/8696
f 8676/8695 8686/8700 8684/8702 8674/8698
f 8680/8695 8690/8700 8691/8702 8681/8698
f 8673/8695 8683/8700 8687/8701 8677/8696
f 8683/8700 8693/8703 8697/8704 8687/8701
f 8685/8700 8695/8703 8698/8704 8688/8701
f 8682/8700 8692/8703 8699/8704 8689/8701
f 8686/8700 8696/8703 8694/8705 8684/8702
f 8690/8700 8700/8703 8701/8705 8691/8702
f 8663/8706 8693/8707 8683/8700 8673/8695
f 8674/8698 8684/8702 8694/8708 8664/8709
f 8681/8698 8691/8702 8701/8708 8671/8709
f 8665/8706 8695/8707 8685/8700 8675/8695
f 8666/8706 8696/8707 8686/8700 8676/8695
f 8670/8706 8700/8707 8690/8700 8680/8695
f 8678/8696 8688/8701 8698/8708 8668/8709
f 8662/8706 8692/8707 8682/8700 8672/8695
f 8679/8696 8689/8701 8699/8708 8669/8709
f 8702/8707 8706/8700 8707/8695 8703/8706
f 8704/8704 8708/8701 8706/8700 8702/8703
f 8703/8694 8707/8695 8709/8696 8705/8697
f 8713/8704 8717/8701 8715/8700 8711/8703
f 8710/8694 8714/8695 8716/8696 8712/8697
f 8715/8700 8717/8701 8716/8696 8714/8695
f 8711/8707 8715/8700 8714/8695 8710/8706
f 8712/8709 8716/8696 8717/8701 8713/8708
f 8722/8700 8725/8701 8724/8696 8723/8695
f 8718/8694 8723/8695 8724/8696 8720/8697
f 8720/8710 8724/8696 8725/8701 8721/8711
f 8721/8704 8725/8701 8722/8700 8719/8703
f 8719/8707 8722/8700 8723/8695 8718/8706
f 8775/8700 8774/8701 8776/8696 8788/8695
f 8745/8694 8779/8695 8778/8696 8744/8697
f 8749/8694 8783/8695 8782/8696 8748/8697
f 8735/8705 8770/8702 8769/8700 8734/8703
f 8761/8712 8760/8713 8758/8696 8759/8695
f 8755/8694 8788/8695 8776/8696 8742/8697
f 8750/8694 8759/8695 8758/8696 8756/8697
f 8756/8709 8758/8696 8760/8713 8741/8714
f 8732/8715 8761/8712 8759/8695 8750/8706
f 8737/8707 8772/8700 8787/8695 8754/8706
f 8738/8704 8773/8701 8772/8700 8737/8703
f 8763/8700 8762/8701 8778/8696 8779/8695
f 8767/8700 8764/8701 8782/8696 8783/8695
f 8772/8700 8773/8701 8785/8696 8787/8695
f 8766/8700 8765/8701 8780/8696 8781/8695
f 8769/8700 8770/8702 8789/8698 8786/8695
f 8740/8707 8775/8700 8788/8695 8755/8706
f 8747/8694 8781/8695 8780/8696 8746/8697
f 8727/8707 8763/8700 8779/8695 8745/8706
f 8739/8704 8774/8701 8775/8700 8740/8703
f 8736/8704 8771/8701 8768/8700 8733/8703
f 8754/8694 8787/8695 8785/8696 8752/8697
f 8726/8704 8762/8701 8763/8700 8727/8703
f 8733/8707 8768/8700 8784/8695 8751/8706
f 8734/8707 8769/8700 8786/8695 8753/8706
f 8744/8710 8778/8696 8762/8701 8726/8711
f 8729/8704 8765/8701 8766/8700 8730/8703
f 8742/8710 8776/8696 8774/8701 8739/8711
f 8753/8694 8786/8695 8789/8698 8757/8699
f 8746/8710 8780/8696 8765/8701 8729/8711
f 8752/8709 8785/8696 8773/8701 8738/8708
f 8728/8704 8764/8701 8767/8700 8731/8703
f 8730/8707 8766/8700 8781/8695 8747/8706
f 8731/8707 8767/8700 8783/8695 8749/8706
f 8741/8704 8760/8713 8761/8712 8732/8703
f 8748/8710 8782/8696 8764/8701 8728/8711
f 8768/8700 8771/8701 8777/8696 8784/8695
f 8757/8709 8789/8698 8770/8702 8735/8708
f 8751/8694 8784/8695 8777/8696 8743/8697
f 8743/8709 8777/8696 8771/8701 8736/8708
f 8677/8696 8687/8701 8697/8708 8667/8709
f 8706/8700 8708/8701 8709/8696 8707/8695
f 8705/8709 8709/8696 8708/8701 8704/8708
f 8811/8716 8851/8717 8852/8718 8812/8719
f 8841/8720 8866/8721 8867/8722 8842/8723
f 8807/8724 8847/8725 8848/8726 8808/8727
f 8832/8728 8876/8729 8875/8730 8833/8731
f 8810/8728 8850/8729 8849/8730 8809/8731
f 8795/8732 8853/8733 8854/8734 8794/8735
f 8838/8720 8863/8721 8865/8722 8840/8723
f 8844/8716 8870/8717 8869/8718 8843/8719
f 8837/8724 8859/8725 8864/8726 8839/8727
f 8836/8724 8858/8725 8857/8726 8835/8727
f 8805/8720 8845/8721 8846/8722 8806/8723
f 8827/8732 8873/8733 8874/8734 8826/8735
f 8798/8736 8810/8728 8800/8737 8797/8738
f 8909/8739 8908/8740 8910/8741 8915/8742
f 8905/8739 8907/8740 8914/8743 8912/8744
f 8831/8745 8871/8746 8872/8747 8830/8736
f 8841/8720 8826/8735 8824/8748
f 8844/8716 8830/8736 8829/8738
f 8799/8745 8856/8746 8855/8747 8798/8736
f 8816/8732 8868/8733 8860/8734 8815/8735
f 8823/8749 8837/8724 8839/8727 8821/8750
f 8803/8749 8836/8724 8835/8727 8802/8750
f 8815/8735 8818/8716 8817/8751 8813/8748
f 8843/8719 8831/8745 8830/8736 8844/8716
f 8840/8723 8816/8732 8815/8735 8838/8720
f 8812/8719 8799/8745 8798/8736 8811/8716
f 8806/8723 8795/8732 8794/8735 8805/8720
f 8838/8720 8815/8735 8813/8748
f 8835/8727 8838/8720 8813/8748 8802/8750
f 8819/8719 8820/8752 8817/8751 8818/8716
f 8889/8753 8877/8754 8899/8755 8903/8756
f 8881/8757 8883/8758 8880/8759 8885/8760
f 8894/8759 8900/8760 8904/8757 8902/8758
f 8826/8735 8844/8716 8829/8738 8824/8748
f 8794/8735 8811/8716 8797/8738 8793/8748
f 8839/8727 8841/8720 8824/8748 8821/8750
f 8893/8761 8888/8762 8877/8754 8889/8753
f 8842/8723 8827/8732 8826/8735 8841/8720
f 8792/8763 8895/8764 8896/8765 8796/8766
f 8811/8716 8798/8736 8797/8738
f 8818/8716 8861/8717 8862/8718 8819/8719
f 8833/8731 8834/8767 8828/8737 8832/8728
f 8809/8731 8801/8767 8800/8737 8810/8728
f 8791/8749 8807/8724 8808/8727 8790/8750
f 8882/8768 8879/8769 8886/8770 8878/8771
f 8804/8763 8901/8764 8898/8772 8814/8773
f 8822/8763 8897/8764 8884/8765 8825/8766
f 8830/8736 8832/8728 8828/8737 8829/8738
f 8892/8774 8893/8775 8906/8776 8913/8777
f 8805/8720 8794/8735 8793/8748
f 8808/8727 8805/8720 8793/8748 8790/8750
f 8892/8778 8888/8762 8893/8761
f 8886/8770 8879/8769 8887/8779 8891/8780
f 8891/8781 8890/8782 8911/8783 8916/8784
f 8891/8780 8887/8779 8890/8785
f 8890/8786 8887/8787 8888/8788 8892/8789
f 9100/8790 9048/8791 8923/8792 8928/8793
f 9014/8794 9018/8795 9006/8796 8936/8797
f 9021/8798 9008/8799 8932/8800 9030/8801
f 8951/8802 8967/8803 9028/8804 9027/8805
f 8978/8806 9018/8795 9014/8794 8972/8807
f 9034/8808 9031/8809 8965/8810 8939/8811
f 9032/8812 9033/8813 8968/8810 8948/8814
f 9025/8815 9026/8809 8966/8810 8956/8816
f 9002/8817 9033/8813 9032/8812 8999/8818
f 8977/8819 9017/8820 9015/8821 8973/8822
f 8918/8823 9011/8824 8979/8825
f 8996/8826 9030/8827 9029/8828 8995/8829
f 8988/8830 9024/8831 9026/8832 8990/8833
f 8957/8834 8959/8835 8956/8836 8955/8807
f 8992/8837 9027/8805 9028/8804 8993/8838
f 8993/8830 9028/8831 9033/8839 9002/8840
f 9029/8841 8963/8842 8965/8843 9031/8844
f 9012/8845 9015/8821 9017/8820 8964/8846
f 9012/8847 9035/8848 9003/8849 8933/8850
f 8967/8851 9041/8852 9042/8853 8968/8854
f 8932/8855 8942/8856 8945/8857 8963/8858
f 8934/8859 9001/8860 9036/8861 8964/8862
f 9061/8863 9063/8864 9188/8865
f 8989/8866 9025/8867 8969/8868 8981/8869
f 9151/8837 9149/8870 8959/8871 8957/8872
f 8965/8810 9039/8873 9000/8874 8944/8875
f 8990/8876 9026/8809 9025/8815 8989/8877
f 8995/8878 9029/8841 9031/8844 8997/8879
f 8997/8880 9031/8809 9034/8808 9004/8881
f 8976/8882 9053/8883 9054/8884 8960/8885
f 9086/8886 9090/8887 9089/8888 9010/8889
f 8991/8890 9066/8891 9065/8892 8946/8893
f 9062/8894 9068/8895 9066/8896 8991/8897
f 9017/8804 9014/8898 8936/8899 8964/8862
f 9061/8900 9067/8901 9068/8902 9062/8903
f 8972/8837 9014/8898 9017/8804 8977/8838
f 8935/8904 8976/8905 8960/8906 8917/8823
f 8986/8907 9023/8908 9024/8909 8988/8910
f 9062/8911 8991/8912 8918/8823
f 9007/8913 9020/8914 9034/8915 8939/8916
f 8973/8917 9015/8918 9016/8919 8975/8920
f 8945/8857 8998/8921 9040/8922 8963/8858
f 9028/8831 8967/8851 8968/8854 9033/8839
f 8963/8842 9040/8923 9039/8924 8965/8843
f 9040/8923 8998/8925 9000/8926 9039/8924
f 8946/8927 9061/8863 9188/8865 8947/8928
f 9079/8929 9126/8930 9127/8931 9094/8932
f 9074/8933 9124/8934 9125/8935 9072/8936
f 9024/8831 9013/8851 8966/8854 9026/8832
f 9010/8937 9089/8938 9087/8939 9063/8940
f 9092/8941 9135/8942 9134/8943 9091/8944
f 9091/8945 9134/8946 9128/8947 9069/8948
f 9071/8949 9129/8950 9135/8951 9092/8952
f 9085/8953 9133/8954 9138/8955 9096/8956
f 9093/8957 9136/8958 9130/8959 9075/8960
f 9013/8851 9037/8852 9038/8853 8966/8854
f 8935/8904 9005/8928 9012/8847 8933/8850
f 8964/8846 9036/8961 9035/8962 9012/8845
f 9003/8963 9035/8962 9036/8961 9001/8964
f 8920/8965 9107/8966 9070/8967
f 8932/8855 8963/8858 9029/8828 9030/8827
f 9012/8968 9005/8969 9016/8919 9015/8918
f 9078/8970 9076/8971 9079/8972 9094/8973
f 9060/8974 9056/8975 9055/8976 9059/8977
f 9097/8978 9112/8979 9114/8980 9101/8981
f 8960/8906 9043/8911 8917/8823
f 9010/8982 8920/8983 9086/8984
f 9098/8985 9113/8986 9112/8987 9097/8988
f 8960/8989 9054/8990 9051/8991 9043/8992
f 9078/8993 9111/8994 9119/8995 9076/8996
f 9077/8997 9137/8998 9136/8999 9093/9000
f 9099/9001 9121/9002 9111/9003 9078/9004
f 9101/9005 9114/9006 9118/9007 9103/9008
f 8917/9009 8919/9010 8930/9011 8931/9012
f 9101/9013 9103/9014 9081/9015 9095/9016
f 8959/8835 8969/8868 9025/8867 8956/8836
f 9107/9017 9108/9018 9122/9019 9070/9020
f 9045/9021 8919/8983 8917/8823 9043/8911
f 9076/8971 9077/9022 9079/8972
f 9106/9023 9123/9024 9109/9025 9105/9026
f 9105/9027 9109/9028 9108/9029 9107/9030
f 8928/9031 8927/9032 8922/9033 8921/9034
f 9094/8973 8923/9035 9048/9036 9078/8970
f 9081/9037 9117/9038 9116/9039 9095/9040
f 9063/9041 9087/9042 9088/9043 9064/9044
f 9043/9045 9051/9046 9052/9047 9044/9048
f 8925/9049 8931/9012 8930/9011 8926/9050
f 9105/9051 8923/9052 9073/9053 9106/9054
f 9064/9055 9088/9056 9090/9057 9086/9058
f 9070/8967 9106/9054 9073/9053
f 8929/9012 8927/9011 8920/9010 8918/9009
f 9082/9059 9085/9060 9046/9061 9192/9062
f 9092/9063 9070/8967 9073/9053 9071/9064
f 9077/9022 9076/8971 9193/9065 9049/9066
f 9046/8865 9059/9067 9047/9068
f 9130/9069 9131/9070 9049/9071 9075/9072
f 9049/9073 9131/9074 9137/9075 9077/9076
f 9084/9077 9110/9078 9115/9079 9083/9080
f 9102/9081 9120/9082 9121/9083 9099/9084
f 9095/9085 9116/9086 9110/9087 9084/9088
f 8922/9050 8927/9011 8929/9012 8924/9049
f 8931/9089 9139/9090 8970/9091 8917/9092
f 8918/9093 8979/9094 9140/9095 8929/9096
f 9166/9097 9164/9098 9018/9099 8978/9100
f 8983/9101 9004/9102 9034/8915 9020/8914
f 8943/9103 8942/9104 8932/8800 9008/8799
f 8996/9105 8984/9106 9021/8798 9030/8801
f 8940/9107 8941/9108 9007/8913 8939/8916
f 8966/8810 8958/8875 8955/8969 8956/8816
f 8965/8810 8944/8875 8940/9109 8939/8811
f 9159/9110 9158/9111 9021/9112 8984/9113
f 8953/9114 8952/9115 8951/9116 9009/8799
f 9188/8865 9013/8847 8947/8928
f 9157/8870 9158/9112 8974/9111 8994/9117
f 8994/9118 8974/9119 9032/8915 8948/9120
f 8980/9121 9019/9122 9023/9123 8986/9124
f 9139/9125 9148/9126 9147/9127 9143/9128
f 9142/9125 9146/9129 9145/9130 9141/9128
f 9143/9125 9147/9129 9146/9130 9142/9128
f 9141/9131 9145/9126 9144/9127 9140/9132
f 8931/9089 8925/9133 9148/9134 9139/9090
f 9140/9095 9144/9135 8924/9136 8929/9096
f 9091/9137 8920/8965 9070/8967 9092/9063
f 9073/9138 9093/9139 9075/9140
f 8918/8823 8991/8912 8946/8927 8947/8928
f 9059/9067 9046/8865 8919/8983 9060/9141
f 9096/9142 9081/9015 9046/9061 9085/9060
f 9045/9143 9057/9144 9056/9145 9060/9146
f 9097/9147 8919/9148 9046/9061 9098/9149
f 9083/9150 9081/9015 9080/9151
f 9080/9152 9104/9153 9132/9154 9082/9155
f 9080/9151 9081/9015 9096/9142
f 9096/9156 9138/9157 9104/9158 9080/9159
f 9079/8972 9077/9022 9093/9139 9072/9160
f 9094/9161 9127/9162 9124/9163 9074/9164
f 9093/9139 9073/9138 9072/9160
f 9098/9149 9046/9061 9103/9014
f 9103/9014 9046/9061 9081/9015
f 8935/8904 9044/8863 8976/8905
f 9047/9165 9058/9166 9057/9167 9045/9168
f 9047/9068 9045/9021 9043/8911 9044/8863
f 9045/9021 9060/9141 8919/8983
f 9047/9068 9044/8863 8933/8850 9046/8865
f 8947/9169 9013/9170 9024/8909 9023/8908
f 8947/8928 9011/8824 8918/8823
f 9019/9122 9011/8899 8947/9171 9023/9123
f 8920/8983 9010/8982 9062/8911 8918/8823
f 9062/8911 9010/8982 9063/8864 9061/8863
f 8936/8899 8937/9172 8934/8859 8964/8862
f 8937/9173 8936/8797 9006/8796 8938/9174
f 8951/8802 8952/9175 8954/9176 8967/8803
f 9161/9177 9163/9178 9020/9179 9007/9180
f 9167/9181 9161/9177 9007/9180 8941/9182
f 9160/8603 9157/8870 8994/9117 8950/9183
f 8992/9184 8985/9185 9022/9186 9027/9187
f 8982/9188 8999/9189 9032/8915 8974/9119
f 8949/9107 8950/9190 8994/9118 8948/9120
f 9022/9186 9009/8799 8951/9116 9027/9187
f 9149/8870 9153/9191 8969/9192 8959/8871
f 9156/9193 9154/9194 9022/8812 8985/9195
f 8953/9196 9009/9197 9150/9198 9152/9199
f 9152/9200 9150/9201 9149/9202 9151/9203
f 9009/9197 9022/8812 9154/9194 9150/9198
f 9150/9201 9154/9204 9153/9205 9149/9202
f 8981/9206 8969/9192 9153/9191 9155/9207
f 9155/9208 9153/9205 9154/9204 9156/9209
f 8982/9210 8974/9111 9158/9112 9159/9209
f 9008/9211 9021/9112 9158/9111 9157/9212
f 8943/9213 9008/9211 9157/9212 9160/9214
f 8983/9215 9020/9179 9163/9178 9165/9216
f 9165/9217 9163/9218 9164/9204 9166/9113
f 9006/9219 9018/9099 9164/9098 9162/9220
f 9162/9201 9164/9204 9163/9218 9161/9202
f 8938/9221 9006/9219 9162/9220 9168/9222
f 9168/9200 9162/9201 9161/9202 9167/9223
f 8970/8825 8971/8824 8917/8823
f 8917/8823 8971/8824 9005/8928 8935/8904
f 9169/9224 9181/9225 9011/9226 9019/9227
f 9005/9228 8971/9229 8962/9230 9016/9231
f 9175/9232 9169/9224 9019/9227 8980/9233
f 8975/9234 9016/9231 8962/9230 8961/9235
f 8962/9236 8971/9237 9186/9238 9174/9239
f 9174/9240 9186/9241 9185/9242 9173/8909
f 9173/9243 9185/9244 9184/9245 9172/9246
f 9172/9247 9184/8920 9183/9248 9171/9249
f 9171/9247 9183/9250 9182/9251 9170/9249
f 9170/9252 9182/9253 9181/9254 9169/9255
f 8961/9256 8962/9236 9174/9239 9180/9257
f 9180/9258 9174/9240 9173/8909 9179/9259
f 9179/9260 9173/9243 9172/9246 9178/9261
f 9178/9262 9172/9247 9171/9249 9177/9263
f 9177/9262 9171/9247 9170/9249 9176/9263
f 9176/9264 9170/9252 9169/9255 9175/9265
f 9044/8863 8935/8904 8933/8850
f 8920/8965 8923/9052 9105/9051 9107/8966
f 9101/9013 8919/9148 9097/9147
f 8926/9266 8930/9267 9100/9268 9050/9269
f 9071/9270 9069/9271 9128/9272 9129/9273
f 9099/9274 9048/9036 9080/9275 9102/9276
f 9048/9277 9084/9278 9083/9150 9080/9151
f 9078/8970 9048/9036 9099/9274
f 8930/9267 8919/9279 9048/9280 9100/9268
f 8927/9032 8928/9031 8923/9281 8920/9282
f 9095/9016 9048/9277 8919/9148 9101/9013
f 9095/9016 9084/9278 9048/9277
f 9094/8973 9074/9283 8923/9035
f 9050/9284 9100/8790 8928/8793 8921/9285
f 8923/9035 9074/9283 9072/9160 9073/9138
f 9086/8984 8920/8983 9188/8865 9064/9286
f 9082/9287 9192/9288 9193/9065
f 9063/8864 9064/9286 9188/8865
f 9188/8865 9189/8849 9037/8848 9013/8847
f 9037/8852 9189/9289 9190/9290 9038/8853
f 9076/8971 9102/9276 9080/9275
f 8966/8810 9038/9291 9190/9292 8958/8875
f 9069/9293 9071/9064 9073/9053 9188/9294
f 9075/9140 9049/9066 9193/9065 9073/9138
f 9132/9159 9133/9156 9085/9157 9082/9158
f 9069/9293 9188/9294 8920/8965 9091/9137
f 9076/8971 9080/9275 9082/9287 9193/9065
f 9041/8852 9191/9289 8987/9290 9042/8853
f 8954/9176 9191/9295 9041/9296 8967/8803
f 8968/8810 9042/9291 8987/9297 9187/9298
f 8968/8810 9187/9298 8949/9299 8948/8814
f 9207/9300 9203/9301 9201/9302 9208/9303
f 9205/9304 9200/9305 9209/9306 9206/9307
f 9196/9308 9202/9309 9204/9310 9197/9311
f 9206/9312 9209/9313 9203/9314 9207/9315
f 9208/9316 9201/9317 9200/9318 9205/9319
f 9194/9320 9198/9321 9199/9322 9195/9323
f 9195/9324 9199/9305 9202/9325 9196/9307
f 9197/9326 9204/9327 9198/9302 9194/9328
f 9209/9313 9204/9310 9202/9309 9203/9314
f 9203/9301 9202/9325 9199/9305 9201/9302
f 9200/9305 9198/9302 9204/9327 9209/9306
f 9201/9317 9199/9322 9198/9321 9200/9318
o IronStairs
v 8.539999 15.050002 5.300000
v 8.539999 15.050002 5.340000
v 8.750000 15.050002 5.550003
v 8.790000 15.050002 5.550003
v 8.539999 16.010000 5.340000
v 8.539999 15.029997 5.300000
v 8.539999 15.029997 5.340000
v 8.790000 15.029997 5.550003
v 8.750000 15.029997 5.550003
v 8.539999 15.990001 5.340000
v 8.539999 15.990001 5.300000
v 8.539999 16.010000 5.300000
v 8.750000 15.990001 5.550003
v 8.790000 15.990001 5.550003
v 8.790000 16.010000 5.550003
v 8.750000 16.010000 5.550003
v 8.500000 15.060001 5.590000
v 8.500000 16.019999 5.590000
v 8.500000 15.980001 5.590000
v 8.500000 15.020001 5.590000
v 8.539999 15.020001 5.550003
v 8.539999 15.060001 5.550003
v 8.539999 15.980001 5.550003
v 8.539999 16.020002 5.550003
v 8.500000 15.060001 5.250000
v 8.539999 15.020001 5.250000
v 8.539999 15.060001 5.250000
v 8.500000 15.020002 5.250000
v 8.500000 16.019999 5.250000
v 8.539999 15.980001 5.250000
v 8.539999 16.020002 5.250000
v 8.500000 15.980001 5.250000
v 9.499999 16.019999 5.590000
v 9.499999 15.980001 5.590000
v 9.499999 15.060001 5.590000
v 9.499999 15.020001 5.590000
v 9.499999 15.020001 5.550003
v 9.499999 15.060001 5.550003
v 9.499999 15.980001 5.550003
v 9.499999 16.020002 5.550003
v 6.409999 19.839998 2.540000
v 6.409999 19.839998 2.500000
v 6.430000 19.839998 2.540000
v 6.430000 19.839998 2.500000
v 6.409999 20.049999 2.749999
v 6.430000 20.049999 2.749999
v 6.409999 20.089998 2.749999
v 6.430000 20.089998 2.749999
v 8.270000 19.839998 2.540000
v 8.270000 19.839998 2.500000
v 8.290000 19.839998 2.540000
v 8.290000 19.839998 2.500000
v 8.270000 20.049999 2.749999
v 8.290000 20.049999 2.749999
v 8.270000 20.089998 2.749999
v 8.290000 20.089998 2.749999
v 8.539998 19.590000 2.540000
v 8.539998 19.590000 2.500000
v 8.539998 19.570000 2.540000
v 8.539998 19.570000 2.500000
v 8.750001 19.590000 2.749999
v 8.750001 19.570000 2.749999
v 8.790000 19.590000 2.749999
v 8.790000 19.570000 2.749999
v 8.539998 19.049999 2.540000
v 8.539998 19.049999 2.500000
v 8.539998 19.029999 2.540000
v 8.539998 19.029999 2.500000
v 8.750001 19.049999 2.749999
v 8.750001 19.029999 2.749999
v 8.790000 19.049999 2.749999
v 8.790000 19.029999 2.749999
v 6.400000 19.799997 2.790000
v 6.440000 19.799997 2.790000
v 6.400000 19.839998 2.749999
v 6.440000 19.839998 2.749999
v 6.400000 19.799997 2.450000
v 6.440000 19.799997 2.450000
v 6.400000 19.839998 2.450000
v 6.440000 19.839998 2.450000
v 6.400000 20.799999 2.790000
v 6.440000 20.799999 2.790000
v 6.400000 20.799999 2.749999
v 6.440000 20.799999 2.749999
v 8.259998 19.799997 2.790000
v 8.299998 19.799997 2.790000
v 8.259998 19.839998 2.749999
v 8.299998 19.839998 2.749999
v 8.259998 19.799997 2.450000
v 8.299998 19.799997 2.450000
v 8.259998 19.839998 2.450000
v 8.299998 19.839998 2.450000
v 8.259998 20.799999 2.790000
v 8.299998 20.799999 2.790000
v 8.259998 20.799999 2.749999
v 8.299998 20.799999 2.749999
v 8.499991 19.600000 2.790000
v 8.499991 19.559999 2.790000
v 8.539992 19.599998 2.749999
v 8.539992 19.559999 2.749999
v 8.499991 19.599998 2.450000
v 8.499991 19.559999 2.450000
v 8.539992 19.599998 2.450000
v 8.539992 19.559999 2.450000
v 9.499993 19.599998 2.790000
v 9.499993 19.559998 2.790000
v 9.499993 19.599998 2.749999
v 9.499993 19.559998 2.749999
v 8.499991 19.060001 2.790000
v 8.499991 19.020002 2.790000
v 8.539992 19.059999 2.749999
v 8.539992 19.020002 2.749999
v 8.499991 19.059999 2.450000
v 8.499991 19.020000 2.450000
v 8.539992 19.059999 2.450000
v 8.539992 19.020000 2.450000
v 9.499993 19.059999 2.790000
v 9.499993 19.020000 2.790000
v 9.499993 19.059999 2.749999
v 9.499993 19.020000 2.749999
v 6.199997 20.799999 2.550000
v 9.500000 20.799999 2.550000
v 9.500000 19.020000 2.550000
v 9.500000 14.820001 5.650000
v 9.500000 14.820001 5.350001
v 9.500000 20.799999 2.849996
v 3.499997 20.799999 0.249998
v 3.599997 20.799999 -0.050000
v 3.499997 20.799999 -0.050000
v 9.500000 16.220001 5.350001
v 8.500000 14.820001 5.350001
v 6.199997 20.799999 2.849996
v 3.599997 20.799999 0.249998
v 9.500000 16.220001 5.650000
v 9.500000 19.020000 2.850000
v 8.500000 14.820001 5.650000
v 3.499997 20.809998 0.199999
v 9.510000 20.809998 2.799997
v 9.510000 14.810000 5.600001
v 6.199997 20.809998 2.799997
v 3.599997 20.809998 0.199999
v 9.510000 19.020000 2.800001
v 9.510000 16.220001 5.600001
v 8.500000 14.810000 5.600001
v 9.510000 14.810000 5.400001
v 8.500000 14.810000 5.400001
v 9.520001 14.800003 5.400001
v 9.520001 14.800003 5.650000
v 9.520001 14.800003 5.600001
v 9.520001 20.820000 2.550000
v 9.520001 20.820000 2.849996
v 9.520001 14.800003 5.350001
v 6.199997 20.820000 2.550000
v 3.599997 20.820000 0.249998
v 3.499997 20.820000 0.249998
v 3.499997 20.820000 -0.050000
v 3.599997 20.809998 -0.000000
v 6.199997 20.809998 2.599999
v 9.510000 20.809998 2.599999
v 3.499997 20.809998 -0.000000
v 9.510000 16.220001 5.400001
v 9.520001 19.020000 2.550000
v 9.520001 16.220001 5.650000
v 6.199997 20.820000 2.849996
v 3.599997 20.820000 -0.050000
v 3.499997 20.820000 0.199999
v 9.520001 20.820000 2.799997
v 8.500000 14.800003 5.400001
v 6.199997 20.820000 2.599999
v 9.520001 20.820000 2.599999
v 3.499997 20.820000 -0.000000
v 9.510000 19.020000 2.599999
v 9.520001 16.220001 5.400001
v 9.520001 19.020000 2.850000
v 9.520001 16.220001 5.350001
v 9.520001 19.020000 2.800001
v 9.520001 16.220001 5.600001
v 8.500000 14.800003 5.350001
v 8.500000 14.800003 5.650000
v 8.500000 14.800003 5.600001
v 9.520001 19.020000 2.599999
v 3.599997 20.820000 -0.000000
v 3.599997 20.820000 0.199999
v 6.199997 20.820000 2.799997
v 3.500001 20.799999 0.250000
v 3.520001 20.799999 0.250000
v 3.520001 20.820000 0.250000
v 3.500001 20.820000 0.250000
v 3.600002 20.799999 0.250000
v 3.620002 20.799999 0.270000
v 3.620002 20.820000 0.270000
v 3.600002 20.820000 0.250000
v 3.500001 20.799999 1.150000
v 3.520001 20.799999 1.150000
v 3.520001 20.820000 1.150000
v 3.500001 20.820000 1.150000
v 3.600002 20.799999 1.150000
v 3.620002 20.799999 1.170000
v 3.620002 20.820000 1.170000
v 3.600002 20.820000 1.150000
v 9.520000 20.799999 2.849996
v 9.500000 20.799999 2.849996
v 9.520001 20.820000 2.849996
v 9.500000 20.820000 2.849996
v 6.200001 20.820000 2.849996
v 6.220002 20.820000 2.849996
v 6.200001 20.799999 2.849996
v 6.220002 20.799999 2.849996
v 9.500000 19.020000 2.849996
v 9.500000 19.000000 2.870000
v 9.520001 19.020000 2.849996
v 9.520001 19.000000 2.870000
v 9.520000 20.799999 3.749999
v 9.500000 20.799999 3.749999
v 9.520001 20.820000 3.749999
v 9.500000 20.820000 3.749999
v 6.200001 20.820000 3.749999
v 6.220002 20.820000 3.749999
v 6.200001 20.799999 3.749999
v 6.220002 20.799999 3.749999
v 9.500000 19.020000 3.749999
v 9.500000 19.000000 3.770000
v 9.520001 19.020000 3.749999
v 9.520001 19.000000 3.770000
v 9.500000 16.199997 5.650000
v 9.500000 16.219997 5.650000
v 9.520001 16.199997 5.650000
v 9.520001 16.219997 5.650000
v 9.520000 14.820001 5.650000
v 9.500000 14.820001 5.650000
v 9.520001 14.800003 5.650000
v 9.500000 14.800003 5.650000
v 8.520000 14.820001 5.650000
v 8.500000 14.820001 5.650000
v 8.520000 14.800003 5.650000
v 8.500000 14.800003 5.650000
v 9.500000 16.199997 6.549999
v 9.500000 16.219999 6.549999
v 9.520001 16.199997 6.549999
v 9.520001 16.219997 6.549999
v 9.520000 14.820001 6.549999
v 9.500000 14.820001 6.549999
v 9.520001 14.800003 6.549999
v 9.500000 14.800003 6.549999
v 8.520000 14.820001 6.549999
v 8.500000 14.820001 6.549999
v 8.520000 14.800003 6.549999
v 8.500000 14.800003 6.549999
v 9.419998 14.820001 6.549999
v 9.419998 14.800003 6.549999
v 9.399999 14.800003 6.549999
v 9.399999 14.820001 6.549999
v 9.320000 14.820001 6.549999
v 9.320000 14.800003 6.549999
v 9.200000 14.800003 6.549999
v 9.200000 14.820001 6.549999
v 9.220000 14.820001 6.549999
v 9.220000 14.800003 6.549999
v 9.300000 14.800003 6.549999
v 9.300000 14.820001 6.549999
v 9.120000 14.820001 6.549999
v 9.120000 14.800003 6.549999
v 9.099999 14.800003 6.549999
v 9.099999 14.820001 6.549999
v 9.300000 14.820001 5.649999
v 9.300000 14.800003 5.649999
v 9.220000 14.800003 5.649999
v 9.220000 14.820001 5.649999
v 9.200000 14.820001 5.649999
v 9.200000 14.800003 5.649999
v 9.320000 14.800003 5.649999
v 9.320000 14.820001 5.649999
v 9.099999 14.820001 5.649999
v 9.099999 14.800003 5.649999
v 9.120000 14.800003 5.649999
v 9.120000 14.820001 5.649999
v 9.399999 14.820001 5.649999
v 9.399999 14.800003 5.649999
v 9.419998 14.800003 5.649999
v 9.419998 14.820001 5.649999
v 9.020000 14.800003 6.549999
v 9.020000 14.820001 6.549999
v 8.820000 14.800003 6.549999
v 8.820000 14.820001 6.549999
v 9.000000 14.820001 6.549999
v 9.000000 14.800003 6.549999
v 8.900000 14.820001 6.549999
v 8.900000 14.800003 6.549999
v 8.920000 14.800003 6.549999
v 8.920000 14.820001 6.549999
v 8.800000 14.800003 6.549999
v 8.800000 14.820001 6.549999
v 8.720000 14.820001 6.549999
v 8.720000 14.800003 6.549999
v 8.900000 14.800003 5.650002
v 8.900000 14.820001 5.650002
v 9.000000 14.800003 5.650002
v 9.000000 14.820001 5.650002
v 8.820000 14.820001 5.650002
v 8.820000 14.800003 5.650002
v 9.020000 14.820001 5.650002
v 9.020000 14.800003 5.650002
v 8.700000 14.800003 6.549999
v 8.700000 14.820001 6.549999
v 8.620000 14.800003 5.650002
v 8.620000 14.820001 5.650002
v 8.600000 14.820001 5.650002
v 8.600000 14.800003 5.650002
v 8.800000 14.820001 5.650002
v 8.800000 14.800003 5.650002
v 8.920000 14.820001 5.650002
v 8.920000 14.800003 5.650002
v 8.700000 14.820001 5.650002
v 8.700000 14.800003 5.650002
v 8.720000 14.800003 5.650002
v 8.720000 14.820001 5.650002
v 8.600000 14.800003 6.549999
v 8.600000 14.820001 6.549999
v 8.620000 14.820001 6.549999
v 8.620000 14.800003 6.549999
v 9.420000 20.820000 3.749999
v 9.420000 20.799999 3.749999
v 3.700001 20.820000 1.250002
v 3.700001 20.799999 1.250002
v 6.120001 20.799999 3.670001
v 6.120001 20.820000 3.670001
v 6.100001 20.799999 3.650001
v 6.100001 20.820000 3.650001
v 3.900002 20.799999 1.450003
v 3.900002 20.820000 1.450003
v 3.820001 20.820000 1.369998
v 3.820001 20.799999 1.369998
v 3.720001 20.799999 1.270002
v 3.720001 20.820000 1.270002
v 3.800001 20.799999 1.350000
v 3.800001 20.820000 1.350000
v 3.920002 20.799999 1.470001
v 3.920002 20.820000 1.470001
v 4.000001 20.820000 1.550001
v 4.000001 20.799999 1.550001
v 4.020001 20.799999 1.570000
v 4.020001 20.820000 1.570000
v 4.320002 20.799999 1.869999
v 4.320002 20.820000 1.869999
v 4.120001 20.799999 1.670000
v 4.120001 20.820000 1.670000
v 4.200001 20.820000 1.750002
v 4.200001 20.799999 1.750002
v 4.100001 20.799999 1.649998
v 4.100001 20.820000 1.649998
v 4.220001 20.799999 1.770002
v 4.220001 20.820000 1.770002
v 4.400002 20.799999 1.950003
v 4.400002 20.820000 1.950003
v 4.300002 20.820000 1.850000
v 4.300002 20.799999 1.850000
v 4.420002 20.799999 1.970001
v 4.420002 20.820000 1.970001
v 4.620001 20.799999 2.170000
v 4.620001 20.820000 2.170000
v 5.420002 20.799999 2.970000
v 5.420002 20.820000 2.970000
v 4.720001 20.799999 2.270002
v 4.720001 20.820000 2.270002
v 5.620001 20.799999 3.170001
v 5.620001 20.820000 3.170001
v 4.500001 20.820000 2.050001
v 4.500001 20.799999 2.050001
v 4.800002 20.820000 2.350000
v 4.800002 20.799999 2.350000
v 4.520001 20.799999 2.070001
v 4.520001 20.820000 2.070001
v 5.000001 20.820000 2.550001
v 5.000001 20.799999 2.550001
v 4.600001 20.799999 2.149998
v 4.600001 20.820000 2.149998
v 5.200001 20.820000 2.750002
v 5.200001 20.799999 2.750002
v 5.020001 20.820000 2.570000
v 5.020001 20.799999 2.570000
v 4.700001 20.820000 2.250002
v 4.700001 20.799999 2.250002
v 4.820002 20.820000 2.369998
v 4.820002 20.799999 2.369998
v 4.900002 20.799999 2.450003
v 4.900002 20.820000 2.450003
v 4.920002 20.799999 2.470001
v 4.920002 20.820000 2.470001
v 5.100001 20.799999 2.650001
v 5.100001 20.820000 2.650001
v 5.520001 20.799999 3.070000
v 5.520001 20.820000 3.070000
v 5.220001 20.820000 2.770002
v 5.220001 20.799999 2.770002
v 5.120001 20.799999 2.670001
v 5.120001 20.820000 2.670001
v 5.900002 20.799999 3.450001
v 5.900002 20.820000 3.450001
v 5.720001 20.799999 3.270000
v 5.720001 20.820000 3.270000
v 5.300002 20.799999 2.850000
v 5.300002 20.820000 2.850000
v 5.320002 20.799999 2.869999
v 5.320002 20.820000 2.869999
v 5.400002 20.799999 2.950003
v 5.400002 20.820000 2.950003
v 6.020001 20.799999 3.570001
v 6.020001 20.820000 3.570001
v 5.500001 20.799999 3.050001
v 5.500001 20.820000 3.050001
v 5.920002 20.799999 3.470001
v 5.920002 20.820000 3.470001
v 5.820002 20.820000 3.370000
v 5.820002 20.799999 3.370000
v 5.600001 20.820000 3.149999
v 5.600001 20.799999 3.149999
v 5.700001 20.799999 3.250001
v 5.700001 20.820000 3.250001
v 5.800002 20.820000 3.350001
v 5.800002 20.799999 3.350001
v 6.000001 20.799999 3.550000
v 6.000001 20.820000 3.550000
v 3.700001 20.820000 0.350002
v 3.700001 20.799999 0.350002
v 6.120001 20.799999 2.770000
v 6.120001 20.820000 2.770000
v 6.100001 20.799999 2.750000
v 6.100001 20.820000 2.750000
v 3.900002 20.799999 0.550003
v 3.900002 20.820000 0.550003
v 3.820001 20.820000 0.469998
v 3.820001 20.799999 0.469998
v 3.720001 20.799999 0.370002
v 3.720001 20.820000 0.370002
v 3.800001 20.799999 0.450000
v 3.800001 20.820000 0.450000
v 3.920002 20.799999 0.570000
v 3.920002 20.820000 0.570000
v 4.000001 20.820000 0.650000
v 4.000001 20.799999 0.650000
v 4.020001 20.799999 0.670000
v 4.020001 20.820000 0.670000
v 4.320002 20.799999 0.969998
v 4.320002 20.820000 0.969998
v 4.120001 20.799999 0.769999
v 4.120001 20.820000 0.769999
v 4.200001 20.820000 0.850001
v 4.200001 20.799999 0.850001
v 4.100001 20.799999 0.749997
v 4.100001 20.820000 0.749997
v 4.220001 20.799999 0.870001
v 4.220001 20.820000 0.870001
v 4.400002 20.799999 1.050003
v 4.400002 20.820000 1.050003
v 4.300002 20.820000 0.950000
v 4.300002 20.799999 0.950000
v 4.420002 20.799999 1.070000
v 4.420002 20.820000 1.070000
v 4.620001 20.799999 1.270000
v 4.620001 20.820000 1.270000
v 5.420002 20.799999 2.070000
v 5.420002 20.820000 2.070000
v 4.720001 20.799999 1.370001
v 4.720001 20.820000 1.370001
v 5.620001 20.799999 2.270000
v 5.620001 20.820000 2.270000
v 4.500001 20.820000 1.150000
v 4.500001 20.799999 1.150000
v 4.800002 20.820000 1.449999
v 4.800002 20.799999 1.449999
v 4.520001 20.799999 1.170000
v 4.520001 20.820000 1.170000
v 5.000001 20.820000 1.650001
v 5.000001 20.799999 1.650001
v 4.600001 20.799999 1.249997
v 4.600001 20.820000 1.249997
v 5.200001 20.820000 1.850002
v 5.200001 20.799999 1.850002
v 5.020001 20.820000 1.670000
v 5.020001 20.799999 1.670000
v 4.700001 20.820000 1.350001
v 4.700001 20.799999 1.350001
v 4.820002 20.820000 1.469998
v 4.820002 20.799999 1.469998
v 4.900002 20.799999 1.550002
v 4.900002 20.820000 1.550002
v 4.920002 20.799999 1.570000
v 4.920002 20.820000 1.570000
v 5.100001 20.799999 1.750000
v 5.100001 20.820000 1.750000
v 5.520001 20.799999 2.170000
v 5.520001 20.820000 2.170000
v 5.220001 20.820000 1.870001
v 5.220001 20.799999 1.870001
v 5.120001 20.799999 1.770000
v 5.120001 20.820000 1.770000
v 5.900002 20.799999 2.550000
v 5.900002 20.820000 2.550000
v 5.720001 20.799999 2.369999
v 5.720001 20.820000 2.369999
v 5.300002 20.799999 1.950000
v 5.300002 20.820000 1.950000
v 5.320002 20.799999 1.969998
v 5.320002 20.820000 1.969998
v 5.400002 20.799999 2.050002
v 5.400002 20.820000 2.050002
v 6.020001 20.799999 2.670000
v 6.020001 20.820000 2.670000
v 5.500001 20.799999 2.150000
v 5.500001 20.820000 2.150000
v 5.920002 20.799999 2.570000
v 5.920002 20.820000 2.570000
v 5.820002 20.820000 2.470000
v 5.820002 20.799999 2.470000
v 5.600001 20.820000 2.249999
v 5.600001 20.799999 2.249999
v 5.700001 20.799999 2.350000
v 5.700001 20.820000 2.350000
v 5.800002 20.820000 2.450000
v 5.800002 20.799999 2.450000
v 6.000001 20.799999 2.650000
v 6.000001 20.820000 2.650000
v 9.400000 20.820000 3.749999
v 9.400000 20.799999 3.749999
v 9.320000 20.799999 3.749999
v 9.320000 20.820000 3.749999
v 9.020000 20.799999 3.749999
v 9.020000 20.820000 3.749999
v 9.300000 20.820000 3.749999
v 9.300000 20.799999 3.749999
v 9.000000 20.820000 3.749999
v 9.000000 20.799999 3.749999
v 9.200000 20.820000 3.749999
v 9.200000 20.799999 3.749999
v 9.100000 20.820000 3.749999
v 9.100000 20.799999 3.749999
v 8.600000 20.820000 3.749999
v 8.600000 20.799999 3.749999
v 9.220000 20.799999 3.749999
v 9.220000 20.820000 3.749999
v 9.120000 20.799999 3.749999
v 9.120000 20.820000 3.749999
v 8.320000 20.799999 3.749999
v 8.320000 20.820000 3.749999
v 8.900000 20.799999 3.749999
v 8.900000 20.820000 3.749999
v 8.300000 20.820000 3.749999
v 8.300000 20.799999 3.749999
v 8.920000 20.820000 3.749999
v 8.920000 20.799999 3.749999
v 8.400000 20.820000 3.749999
v 8.400000 20.799999 3.749999
v 8.820000 20.799999 3.749999
v 8.820000 20.820000 3.749999
v 8.800000 20.820000 3.749999
v 8.800000 20.799999 3.749999
v 8.720000 20.820000 3.749999
v 8.720000 20.799999 3.749999
v 8.700000 20.820000 3.749999
v 8.700000 20.799999 3.749999
v 8.620000 20.820000 3.749999
v 8.620000 20.799999 3.749999
v 8.420000 20.799999 3.749999
v 8.420000 20.820000 3.749999
v 8.520000 20.820000 3.749999
v 8.520000 20.799999 3.749999
v 8.500000 20.820000 3.749999
v 8.500000 20.799999 3.749999
v 8.220000 20.820000 3.749999
v 8.220000 20.799999 3.749999
v 8.200000 20.820000 3.749999
v 8.200000 20.799999 3.749999
v 8.120000 20.820000 3.749999
v 8.120000 20.799999 3.749999
v 8.100000 20.799999 3.749999
v 8.100000 20.820000 3.749999
v 8.020000 20.820000 3.749999
v 8.020000 20.799999 3.749999
v 7.920000 20.820000 3.749999
v 7.920000 20.799999 3.749999
v 8.000000 20.799999 3.749999
v 8.000000 20.820000 3.749999
v 7.900000 20.799999 3.749999
v 7.900000 20.820000 3.749999
v 7.820000 20.799999 3.749999
v 7.820000 20.820000 3.749999
v 7.500000 20.820000 3.749999
v 7.500000 20.799999 3.749999
v 7.700000 20.820000 3.749999
v 7.700000 20.799999 3.749999
v 7.720000 20.799999 3.749999
v 7.720000 20.820000 3.749999
v 7.400000 20.820000 3.749999
v 7.400000 20.799999 3.749999
v 7.800000 20.820000 3.749999
v 7.800000 20.799999 3.749999
v 7.420000 20.799999 3.749999
v 7.420000 20.820000 3.749999
v 6.920000 20.799999 3.749999
v 6.920000 20.820000 3.749999
v 7.600000 20.820000 3.749999
v 7.600000 20.799999 3.749999
v 7.620000 20.820000 3.749999
v 7.620000 20.799999 3.749999
v 7.520000 20.799999 3.749999
v 7.520000 20.820000 3.749999
v 6.600000 20.799999 3.749999
v 6.600000 20.820000 3.749999
v 7.320000 20.799999 3.749999
v 7.320000 20.820000 3.749999
v 7.100000 20.799999 3.749999
v 7.100000 20.820000 3.749999
v 7.300000 20.820000 3.749999
v 7.300000 20.799999 3.749999
v 7.020000 20.820000 3.749999
v 7.020000 20.799999 3.749999
v 6.820000 20.799999 3.749999
v 6.820000 20.820000 3.749999
v 7.200000 20.799999 3.749999
v 7.200000 20.820000 3.749999
v 7.220000 20.799999 3.749999
v 7.220000 20.820000 3.749999
v 7.120000 20.820000 3.749999
v 7.120000 20.799999 3.749999
v 6.620000 20.799999 3.749999
v 6.620000 20.820000 3.749999
v 6.500000 20.799999 3.749999
v 6.500000 20.820000 3.749999
v 6.700000 20.820000 3.749999
v 6.700000 20.799999 3.749999
v 7.000000 20.799999 3.749999
v 7.000000 20.820000 3.749999
v 6.900000 20.820000 3.749999
v 6.900000 20.799999 3.749999
v 6.320000 20.820000 3.749999
v 6.320000 20.799999 3.749999
v 6.720000 20.799999 3.749999
v 6.720000 20.820000 3.749999
v 6.800000 20.799999 3.749999
v 6.800000 20.820000 3.749999
v 6.400000 20.820000 3.749999
v 6.400000 20.799999 3.749999
v 6.520000 20.820000 3.749999
v 6.520000 20.799999 3.749999
v 6.420000 20.799999 3.749999
v 6.420000 20.820000 3.749999
v 6.300000 20.799999 3.749999
v 6.300000 20.820000 3.749999
v 9.500000 20.719999 3.749999
v 9.520000 20.719999 3.749999
v 9.500000 20.700001 3.749999
v 9.520000 20.700001 3.749999
v 9.500000 20.600000 3.749999
v 9.520000 20.600000 3.749999
v 9.520000 20.620001 3.749999
v 9.500000 20.620001 3.749999
v 9.500000 20.520000 3.749999
v 9.520000 20.520000 3.749999
v 9.500000 20.500000 3.749999
v 9.520000 20.500000 3.749999
v 9.520000 20.320000 3.749999
v 9.500000 20.320000 3.749999
v 9.500000 20.400000 3.749999
v 9.520000 20.400000 3.749999
v 9.520000 20.420000 3.749999
v 9.500000 20.420000 3.749999
v 9.520000 20.299999 3.749999
v 9.500000 20.299999 3.749999
v 9.520000 20.219999 3.749999
v 9.500000 20.219999 3.749999
v 9.500000 20.200001 3.749999
v 9.520000 20.200001 3.749999
v 9.520000 19.620001 3.750000
v 9.500000 19.620001 3.750000
v 9.500000 20.000000 3.749999
v 9.520000 20.000000 3.749999
v 9.520000 20.020000 3.749999
v 9.500000 20.020000 3.749999
v 9.500000 20.100000 3.749999
v 9.520000 20.100000 3.749999
v 9.520000 20.120001 3.749999
v 9.500000 20.120001 3.749999
v 9.520000 19.820000 3.750000
v 9.500000 19.820000 3.750000
v 9.520000 19.719999 3.750000
v 9.500000 19.719999 3.750000
v 9.500000 19.900000 3.750000
v 9.520000 19.900000 3.750000
v 9.500000 19.920000 3.749999
v 9.520000 19.920000 3.749999
v 9.500000 19.700001 3.750000
v 9.520000 19.700001 3.750000
v 9.520000 19.500000 3.750000
v 9.500000 19.500000 3.750000
v 9.500000 19.799999 3.750000
v 9.520000 19.799999 3.750000
v 9.520000 19.420000 3.750000
v 9.500000 19.420000 3.750000
v 9.500000 19.520000 3.750000
v 9.520000 19.520000 3.750000
v 9.520000 19.320000 3.750000
v 9.500000 19.320000 3.750000
v 9.520000 19.600000 3.750000
v 9.500000 19.600000 3.750000
v 9.500000 19.100000 3.750000
v 9.520000 19.100000 3.750000
v 9.520000 19.400000 3.750000
v 9.500000 19.400000 3.750000
v 9.500000 19.200001 3.750000
v 9.520000 19.200001 3.750000
v 9.520000 19.299999 3.750000
v 9.500000 19.299999 3.750000
v 9.500000 19.219999 3.750000
v 9.520000 19.219999 3.750000
v 9.520000 19.120001 3.750000
v 9.500000 19.120001 3.750000
v 9.500000 16.120001 6.549999
v 9.520001 16.120001 6.549999
v 9.500000 16.100000 6.549999
v 9.520001 16.100000 6.549999
v 9.500000 16.020000 6.549999
v 9.520001 16.020000 6.549999
v 9.520001 16.000000 6.549999
v 9.500000 16.000000 6.549999
v 9.500000 15.820000 6.549999
v 9.520001 15.820000 6.549999
v 9.520001 15.600000 6.549999
v 9.500000 15.600000 6.549999
v 9.500000 15.920000 6.549999
v 9.520001 15.920000 6.549999
v 9.520001 15.900000 6.549999
v 9.500000 15.900000 6.549999
v 9.500000 15.420000 6.549999
v 9.520001 15.420000 6.549999
v 9.500000 15.620000 6.549999
v 9.520001 15.620000 6.549999
v 9.500000 15.800000 6.549999
v 9.520001 15.800000 6.549999
v 9.500000 15.720000 6.549999
v 9.520001 15.720000 6.549999
v 9.520001 15.700000 6.549999
v 9.500000 15.700000 6.549999
v 9.520001 15.200000 6.549999
v 9.500000 15.200000 6.549999
v 9.520001 15.520000 6.549999
v 9.500000 15.520000 6.549999
v 9.520001 15.400000 6.549999
v 9.500000 15.400000 6.549999
v 9.520001 15.320000 6.549999
v 9.500000 15.320000 6.549999
v 9.520001 15.500000 6.549999
v 9.500000 15.500000 6.549999
v 9.500000 15.300000 6.549999
v 9.520001 15.300000 6.549999
v 9.500000 15.220000 6.549999
v 9.520001 15.220000 6.549999
v 9.500000 15.100000 6.549999
v 9.520001 15.100000 6.549999
v 9.520001 15.120000 6.549999
v 9.500000 15.120000 6.549999
v 9.500000 15.020000 6.549999
v 9.520001 15.020000 6.549999
v 9.500000 14.920000 6.549999
v 9.520001 14.920000 6.549999
v 9.520001 14.900000 6.549999
v 9.500000 14.900000 6.549999
v 9.520001 15.000000 6.549999
v 9.500000 15.000000 6.549999
v 9.420000 20.820000 2.849999
v 9.420000 20.799999 2.849999
v 9.400000 20.820000 2.849999
v 9.400000 20.799999 2.849999
v 9.500000 18.920000 3.850002
v 9.520001 18.920000 3.850002
v 9.520001 18.900000 3.870008
v 9.500000 18.900000 3.870008
v 9.500000 18.719999 4.049998
v 9.520001 18.719999 4.049998
v 9.520001 18.500000 4.269998
v 9.500000 18.500000 4.269998
v 9.500000 18.820000 3.950001
v 9.520001 18.820000 3.950001
v 9.520001 18.600000 4.170008
v 9.500000 18.600000 4.170008
v 9.520001 18.000000 4.769998
v 9.500000 18.000000 4.769998
v 9.520001 17.299999 5.469996
v 9.500000 17.299999 5.469996
v 9.520001 18.799999 3.970002
v 9.500000 18.799999 3.970002
v 9.500000 18.700001 4.070001
v 9.520001 18.700001 4.070001
v 9.500000 17.820000 4.949999
v 9.520001 17.820000 4.949999
v 9.520001 18.520000 4.250006
v 9.500000 18.520000 4.250006
v 9.500000 18.219999 4.549998
v 9.520001 18.219999 4.549998
v 9.520001 18.620001 4.149993
v 9.500000 18.620001 4.149993
v 9.500000 18.120001 4.649994
v 9.520001 18.120001 4.649994
v 9.520001 18.420000 4.349999
v 9.500000 18.420000 4.349999
v 9.520001 18.400000 4.370004
v 9.500000 18.400000 4.370004
v 9.520001 18.320000 4.449999
v 9.500000 18.320000 4.449999
v 9.500000 17.920000 4.849999
v 9.520001 17.920000 4.849999
v 9.500000 18.299999 4.470000
v 9.520001 18.299999 4.470000
v 9.520001 18.200001 4.570000
v 9.500000 18.200001 4.570000
v 9.500000 16.299999 6.470000
v 9.520001 16.299999 6.470000
v 9.500000 17.219999 5.550000
v 9.520001 17.219999 5.550000
v 9.520001 18.020000 4.749998
v 9.500000 18.020000 4.749998
v 9.520001 18.100000 4.669999
v 9.500000 18.100000 4.669999
v 9.520001 17.620001 5.149999
v 9.500000 17.620001 5.149999
v 9.520001 17.700001 5.069996
v 9.500000 17.700001 5.069996
v 9.500000 17.799999 4.969999
v 9.520001 17.799999 4.969999
v 9.520001 17.900000 4.870002
v 9.500000 17.900000 4.870002
v 9.500000 16.900000 5.870000
v 9.520001 16.900000 5.870000
v 9.520001 17.600000 5.169998
v 9.500000 17.600000 5.169998
v 9.520001 17.719999 5.050004
v 9.500000 17.719999 5.050004
v 9.500000 17.520000 5.250002
v 9.520001 17.520000 5.250002
v 9.520001 17.420000 5.350002
v 9.500000 17.420000 5.350002
v 9.520001 17.400000 5.370001
v 9.500000 17.400000 5.370001
v 9.500000 17.000000 5.770000
v 9.520001 17.000000 5.770000
v 9.520001 17.500000 5.270003
v 9.500000 17.500000 5.270003
v 9.500000 16.700001 6.069997
v 9.520001 16.700001 6.069997
v 9.500000 17.320000 5.449999
v 9.520001 17.320000 5.449999
v 9.500000 17.100000 5.670000
v 9.520001 17.100000 5.670000
v 9.500000 16.920000 5.850000
v 9.520001 16.920000 5.850000
v 9.520001 17.120001 5.650001
v 9.500000 17.120001 5.650001
v 9.520001 17.200001 5.569999
v 9.500000 17.200001 5.569999
v 9.500000 16.500000 6.270000
v 9.520001 16.500000 6.270000
v 9.520001 16.799999 5.970000
v 9.500000 16.799999 5.970000
v 9.520001 17.020000 5.749998
v 9.500000 17.020000 5.749998
v 9.500000 16.719999 6.050000
v 9.520001 16.719999 6.050000
v 9.520001 16.620001 6.150001
v 9.500000 16.620001 6.150001
v 9.520001 16.820000 5.950000
v 9.500000 16.820000 5.950000
v 9.500000 16.420000 6.350000
v 9.520001 16.420000 6.350000
v 9.500000 16.600000 6.170002
v 9.520001 16.600000 6.170002
v 9.500000 16.520000 6.250001
v 9.520001 16.520000 6.250001
v 9.520001 16.320000 6.450000
v 9.500000 16.320000 6.450000
v 9.500000 16.400000 6.370001
v 9.520001 16.400000 6.370001
v 9.320000 20.799999 2.849999
v 9.320000 20.820000 2.849999
v 9.020000 20.799999 2.849999
v 9.020000 20.820000 2.849999
v 9.300000 20.820000 2.849999
v 9.300000 20.799999 2.849999
v 9.000000 20.820000 2.849999
v 9.000000 20.799999 2.849999
v 9.200000 20.820000 2.849999
v 9.200000 20.799999 2.849999
v 9.100000 20.820000 2.849999
v 9.100000 20.799999 2.849999
v 8.600000 20.820000 2.849999
v 8.600000 20.799999 2.849999
v 9.220000 20.799999 2.849999
v 9.220000 20.820000 2.849999
v 9.120000 20.799999 2.849999
v 9.120000 20.820000 2.849999
v 8.320000 20.799999 2.849999
v 8.320000 20.820000 2.849999
v 8.900000 20.799999 2.849999
v 8.900000 20.820000 2.849999
v 8.300000 20.820000 2.849999
v 8.300000 20.799999 2.849999
v 8.920000 20.820000 2.849999
v 8.920000 20.799999 2.849999
v 8.400000 20.820000 2.849999
v 8.400000 20.799999 2.849999
v 8.820000 20.799999 2.849999
v 8.820000 20.820000 2.849999
v 8.800000 20.820000 2.849999
v 8.800000 20.799999 2.849999
v 8.720000 20.820000 2.849999
v 8.720000 20.799999 2.849999
v 8.700000 20.820000 2.849999
v 8.700000 20.799999 2.849999
v 8.620000 20.820000 2.849999
v 8.620000 20.799999 2.849999
v 8.420000 20.799999 2.849999
v 8.420000 20.820000 2.849999
v 8.520000 20.820000 2.849999
v 8.520000 20.799999 2.849999
v 8.500000 20.820000 2.849999
v 8.500000 20.799999 2.849999
v 8.220000 20.820000 2.849999
v 8.220000 20.799999 2.849999
v 8.200000 20.820000 2.849999
v 8.200000 20.799999 2.849999
v 8.120000 20.820000 2.849999
v 8.120000 20.799999 2.849999
v 8.100000 20.799999 2.849999
v 8.100000 20.820000 2.849999
v 8.020000 20.820000 2.849999
v 8.020000 20.799999 2.849999
v 7.920000 20.820000 2.849999
v 7.920000 20.799999 2.849999
v 8.000000 20.799999 2.849999
v 8.000000 20.820000 2.849999
v 7.900000 20.799999 2.849999
v 7.900000 20.820000 2.849999
v 7.820000 20.799999 2.849999
v 7.820000 20.820000 2.849999
v 7.500000 20.820000 2.849999
v 7.500000 20.799999 2.849999
v 7.700000 20.820000 2.849999
v 7.700000 20.799999 2.849999
v 7.720000 20.799999 2.849999
v 7.720000 20.820000 2.849999
v 7.400000 20.820000 2.849999
v 7.400000 20.799999 2.849999
v 7.800000 20.820000 2.849999
v 7.800000 20.799999 2.849999
v 7.420000 20.799999 2.849999
v 7.420000 20.820000 2.849999
v 6.920000 20.799999 2.849999
v 6.920000 20.820000 2.849999
v 7.600000 20.820000 2.849999
v 7.600000 20.799999 2.849999
v 7.620000 20.820000 2.849999
v 7.620000 20.799999 2.849999
v 7.520000 20.799999 2.849999
v 7.520000 20.820000 2.849999
v 6.600000 20.799999 2.849999
v 6.600000 20.820000 2.849999
v 7.320000 20.799999 2.849999
v 7.320000 20.820000 2.849999
v 7.100000 20.799999 2.849999
v 7.100000 20.820000 2.849999
v 7.300000 20.820000 2.849999
v 7.300000 20.799999 2.849999
v 7.020000 20.820000 2.849999
v 7.020000 20.799999 2.849999
v 6.820000 20.799999 2.849999
v 6.820000 20.820000 2.849999
v 7.200000 20.799999 2.849999
v 7.200000 20.820000 2.849999
v 7.220000 20.799999 2.849999
v 7.220000 20.820000 2.849999
v 7.120000 20.820000 2.849999
v 7.120000 20.799999 2.849999
v 6.620000 20.799999 2.849999
v 6.620000 20.820000 2.849999
v 6.500000 20.799999 2.849999
v 6.500000 20.820000 2.849999
v 6.700000 20.820000 2.849999
v 6.700000 20.799999 2.849999
v 7.000000 20.799999 2.849999
v 7.000000 20.820000 2.849999
v 6.900000 20.820000 2.849999
v 6.900000 20.799999 2.849999
v 6.320000 20.820000 2.849999
v 6.320000 20.799999 2.849999
v 6.720000 20.799999 2.849999
v 6.720000 20.820000 2.849999
v 6.800000 20.799999 2.849999
v 6.800000 20.820000 2.849999
v 6.400000 20.820000 2.849999
v 6.400000 20.799999 2.849999
v 6.520000 20.820000 2.849999
v 6.520000 20.799999 2.849999
v 6.420000 20.799999 2.849999
v 6.420000 20.820000 2.849999
v 6.300000 20.799999 2.849999
v 6.300000 20.820000 2.849999
v 9.500000 20.719999 2.849999
v 9.520000 20.719999 2.849999
v 9.500000 20.700001 2.849999
v 9.520000 20.700001 2.849999
v 9.500000 20.600000 2.849999
v 9.520000 20.600000 2.849999
v 9.520000 20.620001 2.849999
v 9.500000 20.620001 2.849999
v 9.500000 20.520000 2.849999
v 9.520000 20.520000 2.849999
v 9.500000 20.500000 2.849999
v 9.520000 20.500000 2.849999
v 9.520000 20.320000 2.849999
v 9.500000 20.320000 2.849999
v 9.500000 20.400000 2.849999
v 9.520000 20.400000 2.849999
v 9.520000 20.420000 2.849999
v 9.500000 20.420000 2.849999
v 9.520000 20.299999 2.849999
v 9.500000 20.299999 2.849999
v 9.520000 20.219999 2.849999
v 9.500000 20.219999 2.849999
v 9.500000 20.200001 2.849999
v 9.520000 20.200001 2.849999
v 9.520000 19.620001 2.850001
v 9.500000 19.620001 2.850001
v 9.500000 20.000000 2.849999
v 9.520000 20.000000 2.849999
v 9.520000 20.020000 2.849999
v 9.500000 20.020000 2.849999
v 9.500000 20.100000 2.849999
v 9.520000 20.100000 2.849999
v 9.520000 20.120001 2.849999
v 9.500000 20.120001 2.849999
v 9.520000 19.820000 2.850001
v 9.500000 19.820000 2.850001
v 9.520000 19.719999 2.850001
v 9.500000 19.719999 2.850001
v 9.500000 19.900000 2.850001
v 9.520000 19.900000 2.850001
v 9.500000 19.920000 2.849999
v 9.520000 19.920000 2.849999
v 9.500000 19.700001 2.850001
v 9.520000 19.700001 2.850001
v 9.520000 19.500000 2.850001
v 9.500000 19.500000 2.850001
v 9.500000 19.799999 2.850001
v 9.520000 19.799999 2.850001
v 9.520000 19.420000 2.850001
v 9.500000 19.420000 2.850001
v 9.500000 19.520000 2.850001
v 9.520000 19.520000 2.850001
v 9.520000 19.320000 2.850001
v 9.500000 19.320000 2.850001
v 9.520000 19.600000 2.850001
v 9.500000 19.600000 2.850001
v 9.500000 19.100000 2.850001
v 9.520000 19.100000 2.850001
v 9.520000 19.400000 2.850001
v 9.500000 19.400000 2.850001
v 9.500000 19.200001 2.850001
v 9.520000 19.200001 2.850001
v 9.520000 19.299999 2.850001
v 9.500000 19.299999 2.850001
v 9.500000 19.219999 2.850001
v 9.520000 19.219999 2.850001
v 9.520000 19.120001 2.850001
v 9.500000 19.120001 2.850001
v 9.500000 16.120001 5.650000
v 9.520001 16.120001 5.650000
v 9.500000 16.100000 5.650000
v 9.520001 16.100000 5.650000
v 9.500000 16.020000 5.650000
v 9.520001 16.020000 5.650000
v 9.520001 16.000000 5.650000
v 9.500000 16.000000 5.650000
v 9.500000 15.820000 5.650000
v 9.520001 15.820000 5.650000
v 9.520001 15.600000 5.650000
v 9.500000 15.600000 5.650000
v 9.500000 15.920000 5.650000
v 9.520001 15.920000 5.650000
v 9.520001 15.900000 5.650000
v 9.500000 15.900000 5.650000
v 9.500000 15.420000 5.650000
v 9.520001 15.420000 5.650000
v 9.500000 15.620000 5.650000
v 9.520001 15.620000 5.650000
v 9.500000 15.800000 5.650000
v 9.520001 15.800000 5.650000
v 9.500000 15.720000 5.650000
v 9.520001 15.720000 5.650000
v 9.520001 15.700000 5.650000
v 9.500000 15.700000 5.650000
v 9.520001 15.200000 5.650000
v 9.500000 15.200000 5.650000
v 9.520001 15.520000 5.650000
v 9.500000 15.520000 5.650000
v 9.520001 15.400000 5.650000
v 9.500000 15.400000 5.650000
v 9.520001 15.320000 5.650000
v 9.500000 15.320000 5.650000
v 9.520001 15.500000 5.650000
v 9.500000 15.500000 5.650000
v 9.500000 15.300000 5.650000
v 9.520001 15.300000 5.650000
v 9.500000 15.220000 5.650000
v 9.520001 15.220000 5.650000
v 9.500000 15.100000 5.650000
v 9.520001 15.100000 5.650000
v 9.520001 15.120000 5.650000
v 9.500000 15.120000 5.650000
v 9.500000 15.020000 5.650000
v 9.520001 15.020000 5.650000
v 9.500000 14.920000 5.650000
v 9.520001 14.920000 5.650000
v 9.520001 14.900000 5.650000
v 9.500000 14.900000 5.650000
v 9.520001 15.000000 5.650000
v 9.500000 15.000000 5.650000
v 9.500000 18.920000 2.950002
v 9.520001 18.920000 2.950002
v 9.520001 18.900000 2.970008
v 9.500000 18.900000 2.970008
v 9.500000 18.719999 3.149999
v 9.520001 18.719999 3.149999
v 9.520001 18.500000 3.369998
v 9.500000 18.500000 3.369998
v 9.500000 18.820000 3.050002
v 9.520001 18.820000 3.050002
v 9.520001 18.600000 3.270009
v 9.500000 18.600000 3.270009
v 9.520001 18.000000 3.869998
v 9.500000 18.000000 3.869998
v 9.520001 17.299999 4.569996
v 9.500000 17.299999 4.569996
v 9.520001 18.799999 3.070003
v 9.500000 18.799999 3.070003
v 9.500000 18.700001 3.170001
v 9.520001 18.700001 3.170001
v 9.500000 17.820000 4.050000
v 9.520001 17.820000 4.050000
v 9.520001 18.520000 3.350006
v 9.500000 18.520000 3.350006
v 9.500000 18.219999 3.649999
v 9.520001 18.219999 3.649999
v 9.520001 18.620001 3.249994
v 9.500000 18.620001 3.249994
v 9.500000 18.120001 3.749995
v 9.520001 18.120001 3.749995
v 9.520001 18.420000 3.449999
v 9.500000 18.420000 3.449999
v 9.520001 18.400000 3.470004
v 9.500000 18.400000 3.470004
v 9.520001 18.320000 3.550000
v 9.500000 18.320000 3.550000
v 9.500000 17.920000 3.950000
v 9.520001 17.920000 3.950000
v 9.500000 18.299999 3.570001
v 9.520001 18.299999 3.570001
v 9.520001 18.200001 3.670001
v 9.500000 18.200001 3.670001
v 9.500000 16.299999 5.570000
v 9.520001 16.299999 5.570000
v 9.500000 17.219999 4.650001
v 9.520001 17.219999 4.650001
v 9.520001 18.020000 3.849998
v 9.500000 18.020000 3.849998
v 9.520001 18.100000 3.770000
v 9.500000 18.100000 3.770000
v 9.520001 17.620001 4.250000
v 9.500000 17.620001 4.250000
v 9.520001 17.700001 4.169997
v 9.500000 17.700001 4.169997
v 9.500000 17.799999 4.069999
v 9.520001 17.799999 4.069999
v 9.520001 17.900000 3.970003
v 9.500000 17.900000 3.970003
v 9.500000 16.900000 4.970001
v 9.520001 16.900000 4.970001
v 9.520001 17.600000 4.269998
v 9.500000 17.600000 4.269998
v 9.520001 17.719999 4.150004
v 9.500000 17.719999 4.150004
v 9.500000 17.520000 4.350003
v 9.520001 17.520000 4.350003
v 9.520001 17.420000 4.450003
v 9.500000 17.420000 4.450003
v 9.520001 17.400000 4.470001
v 9.500000 17.400000 4.470001
v 9.500000 17.000000 4.870000
v 9.520001 17.000000 4.870000
v 9.520001 17.500000 4.370004
v 9.500000 17.500000 4.370004
v 9.500000 16.700001 5.169998
v 9.520001 16.700001 5.169998
v 9.500000 17.320000 4.549999
v 9.520001 17.320000 4.549999
v 9.500000 17.100000 4.770000
v 9.520001 17.100000 4.770000
v 9.500000 16.920000 4.950001
v 9.520001 16.920000 4.950001
v 9.520001 17.120001 4.750001
v 9.500000 17.120001 4.750001
v 9.520001 17.200001 4.670000
v 9.500000 17.200001 4.670000
v 9.500000 16.500000 5.370000
v 9.520001 16.500000 5.370000
v 9.520001 16.799999 5.070000
v 9.500000 16.799999 5.070000
v 9.520001 17.020000 4.849998
v 9.500000 17.020000 4.849998
v 9.500000 16.719999 5.150001
v 9.520001 16.719999 5.150001
v 9.520001 16.620001 5.250001
v 9.500000 16.620001 5.250001
v 9.520001 16.820000 5.050000
v 9.500000 16.820000 5.050000
v 9.500000 16.420000 5.450001
v 9.520001 16.420000 5.450001
v 9.500000 16.600000 5.270002
v 9.520001 16.600000 5.270002
v 9.500000 16.520000 5.350001
v 9.520001 16.520000 5.350001
v 9.520001 16.320000 5.550001
v 9.500000 16.320000 5.550001
v 9.500000 16.400000 5.470001
v 9.520001 16.400000 5.470001
v 3.600002 20.830017 1.150000
v 6.200001 20.830017 3.749999
v 3.600002 20.830017 1.170000
v 6.200001 20.830017 3.769999
v 9.529988 20.830000 3.749999
v 9.529988 19.020000 3.749999
v 9.529988 20.830000 3.769999
v 9.529988 19.020000 3.769999
v 9.529988 16.219997 6.549999
v 9.530000 14.790009 6.549999
v 8.440000 14.790009 6.549999
v 9.529988 16.219997 6.570000
v 9.530000 14.790009 6.570000
v 8.440000 14.790009 6.570000
v 3.440000 20.830017 1.150000
v 3.440000 20.830017 1.170000
v 9.490000 14.829994 6.549999
v 8.440000 14.829994 6.549999
v 9.490000 14.829994 6.570000
v 8.440000 14.829994 6.570000
v 9.489999 20.790001 3.749999
v 9.489999 19.020000 3.749999
v 9.489999 20.790001 3.769999
v 9.489999 19.020000 3.769999
v 9.489999 16.219999 6.549999
v 3.600002 20.790012 1.150000
v 9.489999 16.219997 6.570000
v 6.200001 20.790012 3.749999
v 3.600002 20.790012 1.170000
v 6.200001 20.790012 3.769999
v 3.440000 20.790012 1.150000
v 3.440000 20.790012 1.170000
v 3.749995 19.799997 0.190000
v 3.749995 20.799999 0.190000
v 3.649995 19.809999 0.190000
v 3.749995 19.809999 0.190000
v 3.649995 19.799997 0.190000
v 3.649995 20.799999 0.190000
v 3.649995 19.799997 0.150000
v 3.749995 19.809999 0.150000
v 3.649995 19.809999 0.150000
v 3.749995 19.799997 0.150000
v 3.749995 20.789999 0.190000
v 3.649995 20.789999 0.190000
v 3.649995 20.789999 0.150000
v 3.749995 20.789999 0.150000
v 3.649995 20.799999 0.150000
v 3.749995 20.799999 0.150000
v 3.849995 19.799997 0.390000
v 3.849995 20.799999 0.390000
v 3.849995 19.809999 0.390000
v 3.849995 20.790001 0.390000
v 3.949995 19.799997 0.390000
v 3.949995 19.809999 0.390000
v 3.949995 20.799999 0.390000
v 3.949995 20.790001 0.390000
v 4.049995 19.799997 0.590000
v 4.049995 20.799999 0.590000
v 4.049995 19.809999 0.590000
v 4.049995 20.790001 0.590000
v 4.149995 20.790001 0.590000
v 4.149995 19.809999 0.590000
v 4.149995 20.799999 0.590000
v 4.149995 19.799997 0.590000
v 5.149995 19.809999 1.590000
v 5.149995 20.799999 1.590000
v 5.149995 20.790001 1.590000
v 5.149995 19.799997 1.590000
v 5.249995 19.799997 1.790000
v 5.249995 20.799999 1.790000
v 5.249995 19.809999 1.790000
v 5.249995 20.790001 1.790000
v 5.449995 19.799997 1.990000
v 5.449995 20.799999 1.990000
v 5.449995 19.809999 1.990000
v 5.449995 20.790001 1.990000
v 4.349995 19.809999 0.790000
v 4.349995 20.799999 0.790000
v 4.349995 20.790001 0.790000
v 4.349995 19.799997 0.790000
v 4.249995 19.799997 0.790000
v 4.249995 20.799999 0.790000
v 4.249995 19.809999 0.790000
v 4.249995 20.790001 0.790000
v 4.649995 20.790001 1.190000
v 4.649995 19.809999 1.190000
v 4.649995 20.799999 1.190000
v 4.649995 19.799997 1.190000
v 4.449995 19.799997 0.990000
v 4.449995 20.799999 0.990000
v 4.449995 19.809999 0.990000
v 4.449995 20.790001 0.990000
v 4.549995 19.799997 0.990000
v 4.549995 20.790001 0.990000
v 4.549995 20.799999 0.990000
v 4.549995 19.809999 0.990000
v 4.949995 19.809999 1.390000
v 4.949995 20.799999 1.390000
v 4.949995 20.790001 1.390000
v 4.949995 19.799997 1.390000
v 4.749995 19.799997 1.190000
v 4.749995 20.790001 1.190000
v 4.749995 20.799999 1.190000
v 4.749995 19.809999 1.190000
v 4.849995 20.790001 1.390000
v 4.849995 19.809999 1.390000
v 4.849995 20.799999 1.390000
v 4.849995 19.799997 1.390000
v 5.549995 19.809999 1.990000
v 5.549995 20.799999 1.990000
v 5.549995 20.790001 1.990000
v 5.549995 19.799997 1.990000
v 5.049995 20.790001 1.590000
v 5.049995 19.809999 1.590000
v 5.049995 20.799999 1.590000
v 5.049995 19.799997 1.590000
v 5.749995 19.809999 2.190000
v 5.749995 20.799999 2.190000
v 5.749995 20.790001 2.190000
v 5.749995 19.799997 2.190000
v 5.849995 19.799997 2.390000
v 5.849995 20.799999 2.390000
v 5.849995 19.809999 2.390000
v 5.849995 20.790001 2.390000
v 5.349995 19.809999 1.790000
v 5.349995 20.799999 1.790000
v 5.349995 20.790001 1.790000
v 5.349995 19.799997 1.790000
v 5.649995 20.790001 2.190000
v 5.649995 19.809999 2.190000
v 5.649995 20.799999 2.190000
v 5.649995 19.799997 2.190000
v 6.049995 19.799997 2.590000
v 6.049995 20.799999 2.590000
v 6.049995 19.809999 2.590000
v 6.049995 20.790001 2.590000
v 6.149995 19.799997 2.590000
v 6.149995 20.790001 2.590000
v 6.149995 20.799999 2.590000
v 6.149995 19.809999 2.590000
v 5.949995 19.809999 2.390000
v 5.949995 20.799999 2.390000
v 5.949995 20.790001 2.390000
v 5.949995 19.799997 2.390000
v 3.849995 19.799997 0.350001
v 3.849995 20.799999 0.350001
v 3.849995 19.809999 0.350001
v 3.849995 20.790001 0.350001
v 3.949995 19.799997 0.350001
v 3.949995 19.809999 0.350001
v 3.949995 20.799999 0.350001
v 3.949995 20.790001 0.350001
v 4.049995 19.799997 0.550001
v 4.049995 20.799999 0.550001
v 4.049995 19.809999 0.550001
v 4.049995 20.790001 0.550001
v 4.149995 20.790001 0.550001
v 4.149995 19.809999 0.550001
v 4.149995 20.799999 0.550001
v 4.149995 19.799997 0.550001
v 5.149995 19.809999 1.550001
v 5.149995 20.799999 1.550001
v 5.149995 20.790001 1.550001
v 5.149995 19.799997 1.550001
v 5.249995 19.799997 1.750000
v 5.249995 20.799999 1.750000
v 5.249995 19.809999 1.750000
v 5.249995 20.790001 1.750000
v 5.449995 19.799997 1.950001
v 5.449995 20.799999 1.950001
v 5.449995 19.809999 1.950001
v 5.449995 20.790001 1.950001
v 4.349995 19.809999 0.750001
v 4.349995 20.799999 0.750001
v 4.349995 20.790001 0.750001
v 4.349995 19.799997 0.750001
v 4.249995 19.799997 0.750001
v 4.249995 20.799999 0.750001
v 4.249995 19.809999 0.750001
v 4.249995 20.790001 0.750001
v 4.649995 20.790001 1.150001
v 4.649995 19.809999 1.150001
v 4.649995 20.799999 1.150001
v 4.649995 19.799997 1.150001
v 4.449995 19.799997 0.950001
v 4.449995 20.799999 0.950001
v 4.449995 19.809999 0.950001
v 4.449995 20.790001 0.950001
v 4.549995 19.799997 0.950001
v 4.549995 20.790001 0.950001
v 4.549995 20.799999 0.950001
v 4.549995 19.809999 0.950001
v 4.949995 19.809999 1.350001
v 4.949995 20.799999 1.350001
v 4.949995 20.790001 1.350001
v 4.949995 19.799997 1.350001
v 4.749995 19.799997 1.150001
v 4.749995 20.790001 1.150001
v 4.749995 20.799999 1.150001
v 4.749995 19.809999 1.150001
v 4.849995 20.790001 1.350001
v 4.849995 19.809999 1.350001
v 4.849995 20.799999 1.350001
v 4.849995 19.799997 1.350001
v 5.549995 19.809999 1.950001
v 5.549995 20.799999 1.950001
v 5.549995 20.790001 1.950001
v 5.549995 19.799997 1.950001
v 5.049995 20.790001 1.550001
v 5.049995 19.809999 1.550001
v 5.049995 20.799999 1.550001
v 5.049995 19.799997 1.550001
v 5.749995 19.809999 2.150001
v 5.749995 20.799999 2.150001
v 5.749995 20.790001 2.150001
v 5.749995 19.799997 2.150001
v 5.849995 19.799997 2.350001
v 5.849995 20.799999 2.350001
v 5.849995 19.809999 2.350001
v 5.849995 20.790001 2.350001
v 5.349995 19.809999 1.750000
v 5.349995 20.799999 1.750000
v 5.349995 20.790001 1.750000
v 5.349995 19.799997 1.750000
v 5.649995 20.790001 2.150001
v 5.649995 19.809999 2.150001
v 5.649995 20.799999 2.150001
v 5.649995 19.799997 2.150001
v 6.049995 19.799997 2.550000
v 6.049995 20.799999 2.550000
v 6.049995 19.809999 2.550000
v 6.049995 20.790001 2.550000
v 6.149995 19.799997 2.550000
v 6.149995 20.790001 2.550000
v 6.149995 20.799999 2.550000
v 6.149995 19.809999 2.550000
v 5.949995 19.809999 2.350001
v 5.949995 20.799999 2.350001
v 5.949995 20.790001 2.350001
v 5.949995 19.799997 2.350001
v 9.500000 18.770000 2.990000
v 8.500000 18.770000 2.990000
v 9.500000 18.670000 2.990000
v 8.500000 18.670000 2.990000
v 9.500000 18.470001 3.190000
v 8.500000 18.470001 3.190000
v 9.500000 18.570000 3.190000
v 8.500000 18.570000 3.190000
v 8.500000 18.170000 3.590000
v 9.500000 18.170000 3.590000
v 9.500000 18.370001 3.390000
v 8.500000 18.370001 3.390000
v 9.500000 18.270000 3.390000
v 8.500000 18.270000 3.390000
v 8.500000 18.070000 3.590000
v 9.500000 18.070000 3.590000
v 8.500000 17.970001 3.790000
v 9.500000 17.970001 3.790000
v 8.500000 17.870001 3.790000
v 9.500000 17.870001 3.790000
v 8.500000 17.770000 3.990000
v 9.500000 17.770000 3.990000
v 8.500000 17.470001 4.190000
v 9.500000 17.470001 4.190000
v 9.500000 17.570000 4.190000
v 8.500000 17.570000 4.190000
v 9.500000 17.370001 4.390000
v 8.500000 17.370001 4.390000
v 9.500000 17.670000 3.990000
v 8.500000 17.670000 3.990000
v 8.500000 17.270000 4.390000
v 9.500000 17.270000 4.390000
v 9.500000 16.970001 4.790000
v 8.500000 16.970001 4.790000
v 9.500000 17.170000 4.590000
v 8.500000 17.170000 4.590000
v 9.500000 16.570000 5.190000
v 8.500000 16.570000 5.190000
v 9.500000 16.770000 4.990000
v 8.500000 16.770000 4.990000
v 8.500000 16.370001 5.390000
v 9.500000 16.370001 5.390000
v 8.500000 16.470001 5.190000
v 9.500000 16.470001 5.190000
v 9.500000 16.270000 5.390000
v 8.500000 16.270000 5.390000
v 8.500000 16.670000 4.990000
v 9.500000 16.670000 4.990000
v 8.500000 16.870001 4.790000
v 9.500000 16.870001 4.790000
v 8.510000 18.670000 2.990000
v 8.510000 18.770000 2.990000
v 9.500000 17.070000 4.590000
v 8.500000 17.070000 4.590000
v 8.510000 18.470001 3.190000
v 8.510000 18.570000 3.190000
v 8.510000 18.270000 3.390000
v 8.510000 18.370001 3.390000
v 8.510000 18.170000 3.590000
v 8.510000 18.070000 3.590000
v 8.510000 16.770000 4.990000
v 8.510000 16.670000 4.990000
v 8.510000 17.070000 4.590000
v 8.510000 17.170000 4.590000
v 9.489999 18.370001 3.390000
v 9.489999 18.270000 3.390000
v 8.510000 17.870001 3.790000
v 8.510000 17.970001 3.790000
v 9.489999 18.670000 2.990000
v 8.510000 17.770000 3.990000
v 8.510000 17.670000 3.990000
v 8.510000 16.370001 5.390000
v 8.510000 16.270000 5.390000
v 8.510000 17.570000 4.190000
v 8.510000 17.470001 4.190000
v 8.510000 17.270000 4.390000
v 8.510000 17.370001 4.390000
v 8.510000 16.570000 5.190000
v 8.510000 16.470001 5.190000
v 8.510000 16.970001 4.790000
v 8.510000 16.870001 4.790000
v 9.489999 18.770000 2.990000
v 9.489999 18.470001 3.190000
v 9.489999 18.570000 3.190000
v 9.489999 18.170000 3.590000
v 9.489999 18.070000 3.590000
v 9.489999 17.970001 3.790000
v 9.489999 17.870001 3.790000
v 9.489999 16.770000 4.990000
v 9.489999 16.670000 4.990000
v 8.500000 16.970001 4.749999
v 9.500000 16.970001 4.749999
v 8.500000 18.370001 3.349998
v 9.500000 18.370001 3.349998
v 8.500000 18.270000 3.349998
v 9.500000 18.270000 3.349998
v 9.500000 17.270000 4.349998
v 8.500000 17.270000 4.349998
v 9.500000 17.770000 3.949998
v 8.500000 17.770000 3.949998
v 8.500000 17.370001 4.349998
v 9.500000 17.370001 4.349998
v 9.489999 17.470001 4.190000
v 9.489999 17.570000 4.190000
v 9.500000 16.670000 4.949998
v 8.500000 16.670000 4.949998
v 9.489999 17.170000 4.590000
v 9.489999 17.070000 4.590000
v 9.500000 17.470001 4.149998
v 8.500000 17.470001 4.149998
v 9.489999 16.370001 5.390000
v 9.489999 16.270000 5.390000
v 9.489999 17.670000 3.990000
v 9.489999 17.770000 3.990000
v 9.500000 18.570000 3.149998
v 8.500000 18.570000 3.149998
v 9.489999 16.970001 4.790000
v 9.489999 16.870001 4.790000
v 9.489999 17.270000 4.390000
v 9.489999 17.370001 4.390000
v 9.489999 16.470001 5.190000
v 9.489999 16.570000 5.190000
v 8.500000 16.470001 5.149998
v 9.500000 16.470001 5.149998
v 9.500000 17.970001 3.749998
v 8.500000 17.970001 3.749998
v 8.500000 16.770000 4.949998
v 9.500000 16.770000 4.949998
v 8.500000 17.670000 3.949998
v 9.500000 17.670000 3.949998
v 9.500000 16.570000 5.149998
v 8.500000 16.570000 5.149998
v 9.500000 17.170000 4.549998
v 8.500000 17.170000 4.549998
v 9.500000 16.370001 5.349998
v 8.500000 16.370001 5.349998
v 9.500000 17.870001 3.749998
v 8.500000 17.870001 3.749998
v 9.500000 18.170000 3.549998
v 8.500000 18.170000 3.549998
v 9.500000 16.270000 5.349998
v 8.500000 16.270000 5.349998
v 8.500000 18.070000 3.549998
v 9.500000 18.070000 3.549998
v 9.500000 17.570000 4.149998
v 8.500000 17.570000 4.149998
v 8.500000 18.470001 3.149998
v 9.500000 18.470001 3.149998
v 8.500000 18.670000 2.949998
v 9.500000 18.670000 2.949998
v 8.500000 18.770000 2.949998
v 9.500000 18.770000 2.949998
v 8.500000 16.870001 4.749999
v 9.500000 16.870001 4.749999
v 8.510000 18.670000 2.949998
v 8.510000 18.770000 2.949998
v 9.500000 17.070000 4.549998
v 8.500000 17.070000 4.549998
v 8.510000 18.470001 3.149998
v 8.510000 18.570000 3.149998
v 8.510000 18.270000 3.349998
v 8.510000 18.370001 3.349998
v 8.510000 18.170000 3.549998
v 8.510000 18.070000 3.549998
v 8.510000 16.770000 4.949998
v 8.510000 16.670000 4.949998
v 8.510000 17.070000 4.549998
v 8.510000 17.170000 4.549998
v 9.489999 18.370001 3.349998
v 9.489999 18.270000 3.349998
v 8.510000 17.870001 3.749998
v 8.510000 17.970001 3.749998
v 9.489999 18.670000 2.949998
v 8.510000 17.770000 3.949998
v 8.510000 17.670000 3.949998
v 8.510000 16.370001 5.349998
v 8.510000 16.270000 5.349998
v 8.510000 17.570000 4.149998
v 8.510000 17.470001 4.149998
v 8.510000 17.270000 4.349998
v 8.510000 17.370001 4.349998
v 8.510000 16.570000 5.149998
v 8.510000 16.470001 5.149998
v 8.510000 16.970001 4.749999
v 8.510000 16.870001 4.749999
v 9.489999 18.770000 2.949998
v 9.489999 18.470001 3.149998
v 9.489999 18.570000 3.149998
v 9.489999 18.170000 3.549998
v 9.489999 18.070000 3.549998
v 9.489999 17.970001 3.749998
v 9.489999 17.870001 3.749998
v 9.489999 16.770000 4.949998
v 9.489999 16.670000 4.949998
v 9.489999 17.470001 4.149998
v 9.489999 17.570000 4.149998
v 9.489999 17.170000 4.549998
v 9.489999 17.070000 4.549998
v 9.489999 16.370001 5.349998
v 9.489999 16.270000 5.349998
v 9.489999 17.670000 3.949998
v 9.489999 17.770000 3.949998
v 9.489999 16.970001 4.749999
v 9.489999 16.870001 4.749999
v 9.489999 17.270000 4.349998
v 9.489999 17.370001 4.349998
v 9.489999 16.470001 5.149998
v 9.489999 16.570000 5.149998
v 5.999995 20.799999 2.590000
v 5.999995 19.799997 2.590000
v 6.199995 19.799997 2.600000
v 6.199995 20.799999 2.600000
v 5.999995 19.799997 2.600000
v 5.999995 20.799999 2.600000
v 5.999995 19.799997 2.400000
v 5.999995 20.799999 2.400000
v 5.799995 19.799997 2.400000
v 5.799995 20.799999 2.400000
v 5.799995 19.799997 2.200000
v 5.799995 20.799999 2.200000
v 5.599995 19.799997 2.200000
v 5.599995 20.799999 2.200000
v 5.599995 19.799997 2.000000
v 5.599995 20.799999 2.000000
v 5.399995 19.799997 2.000000
v 5.399995 20.799999 2.000000
v 5.399995 19.799997 1.800000
v 5.399995 20.799999 1.800000
v 5.199995 19.799997 1.800000
v 5.199995 20.799999 1.800000
v 5.199995 19.799997 1.600000
v 5.199995 20.799999 1.600000
v 4.999995 19.799997 1.600000
v 4.999995 20.799999 1.600000
v 4.999995 19.799997 1.400000
v 4.999995 20.799999 1.400000
v 4.799995 19.799997 1.400000
v 4.799995 20.799999 1.400000
v 4.799995 19.799997 1.200000
v 4.799995 20.799999 1.200000
v 4.599995 19.799997 1.200000
v 4.599995 20.799999 1.200000
v 4.599995 19.799997 1.000000
v 4.599995 20.799999 1.000000
v 4.399995 19.799997 1.000000
v 4.399995 20.799999 1.000000
v 4.399995 19.799997 0.800000
v 4.399995 20.799999 0.800000
v 4.199995 19.799997 0.800000
v 4.199995 20.799999 0.800000
v 4.199995 19.799997 0.600000
v 4.199995 20.799999 0.600000
v 3.999995 19.799997 0.600000
v 3.999995 20.799999 0.600000
v 3.999995 19.799997 0.400000
v 3.999995 20.799999 0.400000
v 3.799995 19.799997 0.400000
v 3.799995 20.799999 0.400000
v 3.799995 19.799997 0.200000
v 3.799995 20.799999 0.200000
v 3.599995 19.799997 0.200000
v 3.599995 20.799999 0.200000
v 6.199995 20.799999 2.590000
v 8.500000 18.820000 3.000000
v 8.500000 18.620001 3.000000
v 9.500000 18.620001 3.000000
v 8.500000 18.620001 3.200000
v 9.500000 18.620001 3.200000
v 8.500000 18.420000 3.200000
v 9.500000 18.420000 3.200000
v 8.500000 18.420000 3.400000
v 9.500000 18.420000 3.400000
v 8.500000 18.220001 3.400000
v 9.500000 18.220001 3.400000
v 8.500000 18.220001 3.600000
v 9.500000 18.220001 3.600000
v 8.500000 18.020000 3.600000
v 9.500000 18.020000 3.600000
v 8.500000 18.020000 3.800000
v 9.500000 18.020000 3.800000
v 8.500000 17.820000 3.800000
v 9.500000 17.820000 3.800000
v 8.500000 17.820000 4.000000
v 9.500000 17.820000 4.000000
v 8.500000 17.620001 4.000000
v 9.500000 17.620001 4.000000
v 8.500000 17.620001 4.200000
v 9.500000 17.620001 4.200000
v 8.500000 17.420000 4.200000
v 9.500000 17.420000 4.200000
v 8.500000 17.420000 4.400000
v 9.500000 17.420000 4.400000
v 8.500000 17.220001 4.400000
v 9.500000 17.220001 4.400000
v 8.500000 17.220001 4.600000
v 9.500000 17.220001 4.600000
v 8.500000 17.020000 4.600000
v 9.500000 17.020000 4.600000
v 8.500000 17.020000 4.800000
v 9.500000 17.020000 4.800000
v 8.500000 16.820000 4.800000
v 9.500000 16.820000 4.800000
v 8.500000 16.820000 5.000000
v 9.500000 16.820000 5.000000
v 8.500000 16.620001 5.000000
v 9.500000 16.620001 5.000000
v 8.500000 16.620001 5.200000
v 9.500000 16.620001 5.200000
v 8.500000 16.420000 5.200000
v 9.500000 16.420000 5.200000
v 8.500000 16.420000 5.400000
v 9.500000 16.420000 5.400000
v 8.500000 16.220001 5.400000
v 9.500000 16.220001 5.400000
v 6.199995 19.799997 2.590000
v 9.500000 18.820000 3.000000
v 5.999995 19.799997 2.390000
v 5.999995 20.799999 2.390000
v 5.799995 19.799997 2.390000
v 5.799995 20.799999 2.390000
v 5.799995 19.799997 2.190000
v 5.799995 20.799999 2.190000
v 5.599995 19.799997 2.190000
v 5.599995 20.799999 2.190000
v 5.599995 19.799997 1.990000
v 5.599995 20.799999 1.990000
v 5.399995 19.799997 1.990000
v 5.399995 20.799999 1.990000
v 5.399995 19.799997 1.790000
v 5.399995 20.799999 1.790000
v 5.199995 19.799997 1.790000
v 5.199995 20.799999 1.790000
v 5.199995 19.799997 1.590000
v 5.199995 20.799999 1.590000
v 4.999995 19.799997 1.590000
v 4.999995 20.799999 1.590000
v 4.999995 19.799997 1.390000
v 4.999995 20.799999 1.390000
v 4.799995 19.799997 1.390000
v 4.799995 20.799999 1.390000
v 4.799995 19.799997 1.190000
v 4.799995 20.799999 1.190000
v 4.599995 19.799997 1.190000
v 4.599995 20.799999 1.190000
v 4.599995 19.799997 0.990000
v 4.599995 20.799999 0.990000
v 4.399995 19.799997 0.990000
v 4.399995 20.799999 0.990000
v 4.399995 19.799997 0.790000
v 4.399995 20.799999 0.790000
v 4.199995 19.799997 0.790000
v 4.199995 20.799999 0.790000
v 4.199995 19.799997 0.590000
v 4.199995 20.799999 0.590000
v 3.999995 19.799997 0.590000
v 3.999995 20.799999 0.590000
v 3.999995 19.799997 0.390000
v 3.999995 20.799999 0.390000
v 3.799995 19.799997 0.390000
v 3.799995 20.799999 0.390000
v 3.799995 19.799997 0.190000
v 3.799995 20.799999 0.190000
v 3.599995 19.799997 0.190000
v 3.599995 20.799999 0.190000
v 8.500000 18.820000 2.990000
v 9.500000 18.820000 2.990000
v 8.500000 18.620001 2.990000
v 9.500000 18.620001 2.990000
v 8.500000 18.620001 3.190000
v 9.500000 18.620001 3.190000
v 8.500000 18.420000 3.190000
v 9.500000 18.420000 3.190000
v 8.500000 18.420000 3.390000
v 9.500000 18.420000 3.390000
v 8.500000 18.220001 3.390000
v 9.500000 18.220001 3.390000
v 8.500000 18.220001 3.590000
v 9.500000 18.220001 3.590000
v 8.500000 18.020000 3.590000
v 9.500000 18.020000 3.590000
v 8.500000 18.020000 3.790000
v 9.500000 18.020000 3.790000
v 8.500000 17.820000 3.790000
v 9.500000 17.820000 3.790000
v 8.500000 17.820000 3.990000
v 9.500000 17.820000 3.990000
v 8.500000 17.620001 3.990000
v 9.500000 17.620001 3.990000
v 8.500000 17.620001 4.190000
v 9.500000 17.620001 4.190000
v 8.500000 17.420000 4.190000
v 9.500000 17.420000 4.190000
v 8.500000 17.420000 4.390000
v 9.500000 17.420000 4.390000
v 8.500000 17.220001 4.390000
v 9.500000 17.220001 4.390000
v 8.500000 17.220001 4.590000
v 9.500000 17.220001 4.590000
v 8.500000 17.020000 4.590000
v 9.500000 17.020000 4.590000
v 8.500000 17.020000 4.790000
v 9.500000 17.020000 4.790000
v 8.500000 16.820000 4.790000
v 9.500000 16.820000 4.790000
v 8.500000 16.820000 4.990000
v 9.500000 16.820000 4.990000
v 8.500000 16.620001 4.990000
v 9.500000 16.620001 4.990000
v 8.500000 16.620001 5.190000
v 9.500000 16.620001 5.190000
v 8.500000 16.420000 5.190000
v 9.500000 16.420000 5.190000
v 8.500000 16.420000 5.390000
v 9.500000 16.420000 5.390000
v 8.500000 16.220001 5.390000
v 9.500000 16.220001 5.390000
v 8.500000 16.219997 5.600000
v 9.500000 16.219997 5.600000
v 8.500000 14.819999 5.600000
v 9.500000 14.819999 5.600000
v 8.500000 16.219997 5.590000
v 9.500000 16.219997 5.590000
v 8.500000 19.799997 2.799998
v 9.500000 20.799999 2.799998
v 8.500000 18.820000 2.790000
v 6.200000 19.799997 2.799998
v 6.200000 20.799999 2.799998
v 6.200000 20.799999 2.790000
v 6.200000 19.799997 2.790000
v 8.500000 18.820000 2.799998
v 9.500000 18.820000 2.799998
v 8.500000 19.799999 2.790000
v 9.500000 18.820000 2.790000
v 9.500000 20.799999 2.790000
v 8.500000 14.820000 5.590000
v 9.500000 14.820001 5.590000
v 4.899997 20.799999 1.250000
v 4.899997 20.799999 1.549997
v 4.899997 20.809998 1.499998
v 4.899997 20.809998 1.299999
v 4.899997 20.820000 1.299999
v 4.899997 20.820000 1.250000
v 4.899997 20.820000 1.499998
v 4.899997 20.820000 1.549997
v 9.500000 17.153334 4.716667
v 9.500000 18.086666 3.783333
v 9.500000 18.086668 3.483334
v 9.500000 17.153336 4.416667
v 9.510000 17.153334 4.666668
v 9.510000 18.086666 3.733335
v 9.520001 18.086668 3.483334
v 9.520001 17.153336 4.416667
v 9.510000 17.153334 4.466667
v 9.510000 18.086666 3.533333
v 9.520001 17.153334 4.666668
v 9.520001 18.086666 3.733335
v 9.520001 17.153334 4.716667
v 9.520001 18.086666 3.783333
v 9.520001 17.153334 4.466667
v 9.520001 18.086666 3.533333
v 7.849998 20.799999 2.550000
v 7.859999 20.820000 2.849996
v 7.854999 20.809998 2.799997
v 7.859999 20.820000 2.799997
v 7.849998 20.799999 2.849996
v 7.859999 20.820000 2.599999
v 7.854999 20.809998 2.599999
v 7.859999 20.820000 2.550000
v 8.500000 20.799999 2.799998
v 8.500000 20.799999 2.790000
v 7.350000 20.799999 2.799998
v 7.350000 19.799997 2.799998
v 7.350000 20.799999 2.790000
v 7.350000 19.799999 2.790000
v 9.529988 17.153332 5.616666
v 9.529988 18.086666 4.683332
v 9.529988 17.153332 5.636666
v 9.529988 18.086666 4.703332
v 9.489999 17.153332 5.636666
v 9.489999 18.086666 4.703332
v 9.489999 17.153334 5.616666
v 9.489999 18.086666 4.683332
v 7.864995 20.830009 3.769999
v 7.864995 20.830009 3.749999
v 7.845000 20.790007 3.769999
v 7.845000 20.790007 3.749999
v 4.900002 20.790012 2.450000
v 4.900002 20.790012 2.469999
v 4.900002 20.830017 2.450000
v 4.900002 20.830017 2.469999
vt 0.953085 0.064675
vt 0.953084 0.238766
vt 0.943234 0.238767
vt 0.943235 0.064675
vt 0.934138 0.671067
vt 0.934137 0.817304
vt 0.924289 0.817304
vt 0.924289 0.671067
vt 0.929307 0.224839
vt 0.929307 0.078602
vt 0.967013 0.078602
vt 0.967012 0.224839
vt 0.971840 0.671067
vt 0.971839 0.817305
vt 0.957912 0.831232
vt 0.957912 0.657140
vt 0.948064 0.831232
vt 0.948065 0.657140
vt 0.919456 0.224840
vt 0.919456 0.078602
vt 0.977262 0.237633
vt 0.977262 0.405049
vt 0.957567 0.405048
vt 0.957567 0.257327
vt 0.937869 0.257327
vt 0.937870 0.405048
vt 0.918175 0.405048
vt 0.918174 0.237633
vt 0.916928 0.833274
vt 0.916916 0.340869
vt 0.936611 0.340868
vt 0.936622 0.813578
vt 0.956318 0.813577
vt 0.956307 0.340867
vt 0.976002 0.340867
vt 0.976012 0.833272
vt 0.957567 0.424745
vt 0.937871 0.424745
vt 0.957961 0.533000
vt 0.957961 0.060290
vt 0.977655 0.060290
vt 0.977656 0.552695
vt 0.975790 0.561493
vt 0.975791 0.728905
vt 0.956097 0.728905
vt 0.956096 0.581187
vt 0.936399 0.728906
vt 0.936398 0.581187
vt 0.918571 0.552696
vt 0.918569 0.060290
vt 0.938264 0.060290
vt 0.938265 0.533001
vt 0.916703 0.728905
vt 0.916700 0.561493
vt 0.956100 0.748600
vt 0.936406 0.748603
vt 0.930213 0.816757
vt 0.930214 0.670521
vt 0.944141 0.656594
vt 0.944140 0.830685
vt 0.920365 0.816758
vt 0.920364 0.670519
vt 0.953989 0.656593
vt 0.953988 0.830684
vt 0.967915 0.670521
vt 0.967915 0.816758
vt 0.924805 0.429391
vt 0.924807 0.283155
vt 0.938734 0.269227
vt 0.938732 0.443318
vt 0.962508 0.429392
vt 0.962507 0.283154
vt 0.972357 0.283153
vt 0.972356 0.429392
vt 0.948581 0.269226
vt 0.948579 0.443318
vt 0.932883 0.321757
vt 0.932888 0.175524
vt 0.946814 0.161598
vt 0.946810 0.335686
vt 0.923035 0.321756
vt 0.923040 0.175524
vt 0.956662 0.161599
vt 0.956660 0.335688
vt 0.970589 0.175526
vt 0.970589 0.321763
vt 0.920028 0.805710
vt 0.920030 0.659474
vt 0.933957 0.645547
vt 0.933955 0.819637
vt 0.957732 0.805711
vt 0.957731 0.659474
vt 0.967580 0.659474
vt 0.967580 0.805711
vt 0.943805 0.645547
vt 0.943804 0.819638
vt 0.978628 0.365339
vt 0.978627 0.532755
vt 0.958931 0.532755
vt 0.958931 0.385035
vt 0.958705 0.513263
vt 0.958705 0.040561
vt 0.978402 0.040563
vt 0.978402 0.532957
vt 0.919312 0.532960
vt 0.919313 0.040560
vt 0.939009 0.040559
vt 0.939009 0.513264
vt 0.958930 0.552450
vt 0.939235 0.552450
vt 0.939236 0.532755
vt 0.939233 0.385035
vt 0.919540 0.532755
vt 0.919534 0.365339
vt 0.978624 0.560767
vt 0.978628 0.728186
vt 0.958929 0.728185
vt 0.958931 0.580464
vt 0.954549 0.512262
vt 0.954548 0.039557
vt 0.974245 0.039556
vt 0.974246 0.531958
vt 0.915156 0.531954
vt 0.915156 0.039560
vt 0.934852 0.039557
vt 0.934853 0.512258
vt 0.958926 0.747885
vt 0.939227 0.747883
vt 0.939229 0.728183
vt 0.939238 0.580464
vt 0.919533 0.728181
vt 0.919543 0.560767
vt 0.975791 0.366064
vt 0.975787 0.533480
vt 0.956092 0.533480
vt 0.956092 0.385760
vt 0.958709 0.673890
vt 0.958704 0.201186
vt 0.978403 0.201187
vt 0.978404 0.693588
vt 0.919319 0.693588
vt 0.919311 0.201187
vt 0.939007 0.201186
vt 0.939015 0.673891
vt 0.956093 0.553175
vt 0.936400 0.553176
vt 0.936398 0.533481
vt 0.936397 0.385760
vt 0.916700 0.533481
vt 0.916700 0.366064
vt 0.977262 0.433061
vt 0.977263 0.600476
vt 0.957566 0.600476
vt 0.957563 0.452757
vt 0.954841 0.812861
vt 0.954840 0.340160
vt 0.974537 0.340160
vt 0.974538 0.832557
vt 0.915450 0.832557
vt 0.915449 0.340160
vt 0.935145 0.340160
vt 0.935146 0.812861
vt 0.957565 0.620172
vt 0.937869 0.620172
vt 0.937870 0.600475
vt 0.937868 0.452757
vt 0.918175 0.600475
vt 0.918172 0.433062
vt 0.198327 0.168173
vt 0.212430 0.168342
vt 0.212429 0.976531
vt 0.198325 0.976361
vt 0.168241 0.616881
vt 0.177635 0.616879
vt 0.177632 0.663837
vt 0.168243 0.663837
vt 0.152825 0.228071
vt 0.164059 0.228188
vt 0.164027 0.876514
vt 0.152791 0.871862
vt 0.133312 0.372210
vt 0.133312 0.376906
vt 0.109836 0.376903
vt 0.109837 0.367513
vt 0.235544 0.952288
vt 0.235546 0.352058
vt 0.332011 0.255593
vt 0.332010 0.855823
vt 0.097099 0.255303
vt 0.107575 0.255328
vt 0.107573 0.855552
vt 0.097097 0.855528
vt 0.092409 0.090200
vt 0.106514 0.090293
vt 0.106514 0.898484
vt 0.092409 0.898391
vt 0.161896 0.936382
vt 0.161930 0.187103
vt 0.184499 0.187104
vt 0.184461 0.936383
vt 0.136252 0.913810
vt 0.136253 0.105616
vt 0.198421 0.167785
vt 0.198419 0.975977
vt 0.134209 0.871770
vt 0.134212 0.271539
vt 0.198521 0.335852
vt 0.198518 0.936081
vt 0.198892 0.991851
vt 0.184895 0.991764
vt 0.184894 0.180784
vt 0.198891 0.189870
vt 0.250695 0.367512
vt 0.227219 0.372208
vt 0.225066 0.952265
vt 0.225071 0.352033
vt 0.242167 0.991779
vt 0.228063 0.991687
vt 0.228067 0.183496
vt 0.242172 0.183589
vt 0.123736 0.871666
vt 0.123738 0.271436
vt 0.205804 0.663843
vt 0.201109 0.663840
vt 0.201118 0.616881
vt 0.205818 0.616881
vt 0.122149 0.913642
vt 0.122150 0.105447
vt 0.146866 0.189705
vt 0.146866 0.932238
vt 0.011860 0.932240
vt 0.011862 0.189705
vt 0.197454 0.938742
vt 0.197496 0.191710
vt 0.148291 0.194862
vt 0.148458 0.991872
vt 0.059405 0.991889
vt 0.059241 0.194879
vt 0.208992 0.936185
vt 0.208994 0.335956
vt 0.198013 0.865363
vt 0.198009 0.228157
vt 0.334553 0.228156
vt 0.334556 0.865362
vt 0.192023 0.925854
vt 0.192021 0.460114
vt 0.331743 0.460113
vt 0.331745 0.925853
vt 0.327928 0.616924
vt 0.327912 0.663888
vt 0.304430 0.663880
vt 0.304446 0.616916
vt 0.250696 0.376903
vt 0.227219 0.376904
vt 0.106608 0.898100
vt 0.106608 0.089905
vt 0.299748 0.616915
vt 0.299732 0.663879
vt 0.045331 0.190319
vt 0.045497 0.991728
vt 0.023235 0.991734
vt 0.023071 0.190323
vt 0.285691 0.185576
vt 0.298797 0.179025
vt 0.298694 0.932229
vt 0.285661 0.932329
vt 0.212521 0.976146
vt 0.212525 0.167955
vt 0.336399 0.936862
vt 0.323410 0.932259
vt 0.323546 0.178645
vt 0.336540 0.187784
vt 0.107658 0.855584
vt 0.107658 0.255356
vt 0.027206 0.228139
vt 0.050271 0.228145
vt 0.050117 0.883204
vt 0.027052 0.883199
vt 0.015934 0.228101
vt 0.015782 0.873939
vt 0.300718 0.932253
vt 0.300848 0.178642
vt 0.009242 0.204158
vt 0.009488 0.991808
vt 0.334055 0.189870
vt 0.334057 0.991851
vt 0.018253 0.463609
vt 0.027496 0.454361
vt 0.027561 0.925864
vt 0.018317 0.925865
vt 0.287771 0.191714
vt 0.287724 0.938749
vt 0.162368 0.991763
vt 0.162366 0.180785
vt 0.198437 0.335819
vt 0.208912 0.335923
vt 0.208911 0.936146
vt 0.198437 0.936044
vt 0.159861 0.183208
vt 0.159827 0.932178
vt 0.186887 0.228190
vt 0.186855 0.876515
vt 0.050608 0.454358
vt 0.050674 0.925860
vt 0.182709 0.925855
vt 0.182708 0.450801
vt 0.151211 0.459014
vt 0.159421 0.450801
vt 0.159423 0.925856
vt 0.151275 0.925906
vt 0.058757 0.459027
vt 0.058822 0.925920
vt 0.061507 0.228066
vt 0.061472 0.871858
vt 0.027382 0.663846
vt 0.027379 0.616892
vt 0.335425 0.090338
vt 0.335420 0.898528
vt 0.946866 0.018969
vt 0.946866 0.729091
vt 0.931085 0.729091
vt 0.931084 0.018969
vt 0.947617 0.034218
vt 0.947615 0.744362
vt 0.931836 0.744362
vt 0.931836 0.034218
vt 0.978428 0.034750
vt 0.978430 0.744872
vt 0.962648 0.744873
vt 0.962648 0.034750
vt 0.979177 0.034218
vt 0.979179 0.744362
vt 0.963394 0.744362
vt 0.963394 0.034218
vt 0.915304 0.744871
vt 0.915303 0.034750
vt 0.916052 0.744362
vt 0.916055 0.034218
vt 0.978571 0.035133
vt 0.978580 0.745215
vt 0.962799 0.745215
vt 0.962790 0.035134
vt 0.947737 0.019209
vt 0.947738 0.729373
vt 0.931957 0.729373
vt 0.931954 0.019209
vt 0.947016 0.745214
vt 0.947007 0.035134
vt 0.931233 0.745213
vt 0.931227 0.035134
vt 0.947815 0.035132
vt 0.947825 0.745270
vt 0.932044 0.745271
vt 0.932030 0.035132
vt 0.915444 0.745212
vt 0.915444 0.035134
vt 0.963598 0.035131
vt 0.963603 0.745269
vt 0.916175 0.745155
vt 0.916175 0.034991
vt 0.979379 0.035130
vt 0.979379 0.745268
vt 0.979300 0.034990
vt 0.979300 0.745153
vt 0.963516 0.745153
vt 0.963516 0.034990
vt 0.916264 0.745271
vt 0.916246 0.035132
vt 0.962434 0.034626
vt 0.962433 0.744737
vt 0.946652 0.744737
vt 0.946652 0.034626
vt 0.931530 0.035504
vt 0.931538 0.745611
vt 0.915758 0.745611
vt 0.915745 0.035504
vt 0.978217 0.034625
vt 0.978212 0.744736
vt 0.978880 0.035505
vt 0.978883 0.745610
vt 0.963101 0.745610
vt 0.963098 0.035505
vt 0.930871 0.034626
vt 0.930875 0.744737
vt 0.915094 0.744738
vt 0.915091 0.034626
vt 0.963012 0.035076
vt 0.963011 0.745176
vt 0.947230 0.745176
vt 0.947230 0.035076
vt 0.978795 0.035075
vt 0.978790 0.745176
vt 0.931448 0.035076
vt 0.931452 0.745177
vt 0.915669 0.745177
vt 0.915666 0.035076
vt 0.947316 0.745610
vt 0.947314 0.035504
vt 0.914549 0.744763
vt 0.914549 0.034625
vt 0.930332 0.034625
vt 0.930331 0.744763
vt 0.962858 0.744833
vt 0.962862 0.034695
vt 0.978641 0.034695
vt 0.978636 0.744833
vt 0.932018 0.744781
vt 0.932011 0.034625
vt 0.947790 0.034625
vt 0.947795 0.744781
vt 0.963571 0.034625
vt 0.963577 0.744780
vt 0.979350 0.034626
vt 0.979350 0.744779
vt 0.946107 0.744763
vt 0.946110 0.034625
vt 0.961894 0.034625
vt 0.961887 0.744764
vt 0.963014 0.743817
vt 0.963011 0.033680
vt 0.978790 0.033680
vt 0.978791 0.743818
vt 0.947078 0.744833
vt 0.947080 0.034694
vt 0.915519 0.744833
vt 0.915519 0.034692
vt 0.931302 0.034693
vt 0.931301 0.744833
vt 0.915670 0.743816
vt 0.915669 0.033681
vt 0.931452 0.033681
vt 0.931454 0.743817
vt 0.947230 0.033680
vt 0.947232 0.743817
vt 0.977674 0.034626
vt 0.977665 0.744764
vt 0.916237 0.744781
vt 0.916230 0.034625
vt 0.931429 0.744705
vt 0.931431 0.034627
vt 0.947212 0.034628
vt 0.947212 0.744707
vt 0.931318 0.744552
vt 0.931319 0.034388
vt 0.947099 0.034388
vt 0.947094 0.744551
vt 0.962995 0.034629
vt 0.962992 0.744708
vt 0.962881 0.034388
vt 0.962871 0.744550
vt 0.930880 0.745320
vt 0.930877 0.035179
vt 0.946657 0.035178
vt 0.946657 0.745320
vt 0.947324 0.745222
vt 0.947312 0.035075
vt 0.963094 0.035076
vt 0.963102 0.745220
vt 0.978876 0.035077
vt 0.978876 0.745219
vt 0.915101 0.745320
vt 0.915096 0.035179
vt 0.915645 0.744703
vt 0.915645 0.034625
vt 0.962441 0.035179
vt 0.962437 0.745322
vt 0.916161 0.743450
vt 0.916161 0.033305
vt 0.931942 0.033305
vt 0.931940 0.743449
vt 0.978657 0.034387
vt 0.978650 0.744550
vt 0.931532 0.035076
vt 0.978773 0.034629
vt 0.978768 0.744708
vt 0.947722 0.033305
vt 0.947720 0.743449
vt 0.963500 0.743448
vt 0.963503 0.033305
vt 0.979281 0.033305
vt 0.979278 0.743448
vt 0.978220 0.035180
vt 0.978215 0.745322
vt 0.915765 0.745222
vt 0.915751 0.035075
vt 0.915539 0.744552
vt 0.915538 0.034387
vt 0.961581 0.744173
vt 0.961581 0.034033
vt 0.977364 0.034033
vt 0.977364 0.744173
vt 0.915709 0.744903
vt 0.915708 0.034758
vt 0.931488 0.018979
vt 0.931490 0.729124
vt 0.931049 0.728999
vt 0.931054 0.018949
vt 0.946835 0.018949
vt 0.946833 0.728999
vt 0.963229 0.744224
vt 0.963224 0.034095
vt 0.979005 0.034095
vt 0.979010 0.744223
vt 0.916455 0.745690
vt 0.916455 0.035565
vt 0.932236 0.019782
vt 0.932236 0.729909
vt 0.931779 0.729287
vt 0.931779 0.019148
vt 0.947561 0.019148
vt 0.947560 0.729287
vt 0.946754 0.729301
vt 0.946749 0.019228
vt 0.962539 0.035010
vt 0.962537 0.745083
vt 0.946940 0.729772
vt 0.946942 0.019665
vt 0.962724 0.035447
vt 0.962725 0.745554
vt 0.963124 0.745508
vt 0.963127 0.035448
vt 0.978904 0.035448
vt 0.978904 0.745508
vt 0.915884 0.744224
vt 0.915882 0.034094
vt 0.931662 0.018314
vt 0.931667 0.728442
vt 0.931400 0.729085
vt 0.931401 0.018950
vt 0.947183 0.018950
vt 0.947182 0.729086
vt 0.914834 0.744134
vt 0.914843 0.034033
vt 0.930623 0.018253
vt 0.930618 0.728354
vt 0.947306 0.728998
vt 0.947307 0.018870
vt 0.963087 0.034650
vt 0.963088 0.744779
vt 0.948420 0.729310
vt 0.948426 0.019166
vt 0.964207 0.034946
vt 0.964206 0.745091
vt 0.962961 0.744867
vt 0.962964 0.034732
vt 0.978745 0.034732
vt 0.978742 0.744867
vt 0.947423 0.728380
vt 0.947424 0.018254
vt 0.963206 0.034035
vt 0.963798 0.745692
vt 0.963800 0.035565
vt 0.979580 0.035565
vt 0.979579 0.745692
vt 0.947270 0.018979
vt 0.947271 0.729123
vt 0.931556 0.729726
vt 0.931556 0.019665
vt 0.947337 0.019665
vt 0.947339 0.729726
vt 0.945803 0.728394
vt 0.945805 0.018254
vt 0.931821 0.729093
vt 0.931821 0.018952
vt 0.947602 0.018952
vt 0.947602 0.729093
vt 0.931158 0.729771
vt 0.931161 0.019665
vt 0.947000 0.728104
vt 0.946996 0.017958
vt 0.962780 0.033740
vt 0.962781 0.743886
vt 0.930021 0.728394
vt 0.930021 0.018253
vt 0.962819 0.744229
vt 0.962824 0.034096
vt 0.978605 0.034096
vt 0.978594 0.744229
vt 0.932208 0.729826
vt 0.932210 0.019665
vt 0.947989 0.019665
vt 0.947989 0.729825
vt 0.915770 0.745509
vt 0.915778 0.035444
vt 0.930996 0.729130
vt 0.930996 0.018992
vt 0.946778 0.018992
vt 0.946777 0.729130
vt 0.962578 0.034649
vt 0.962579 0.744789
vt 0.916429 0.745605
vt 0.916433 0.035445
vt 0.948018 0.019783
vt 0.948018 0.729910
vt 0.978320 0.035010
vt 0.978321 0.745084
vt 0.962674 0.744877
vt 0.962674 0.034786
vt 0.978454 0.034785
vt 0.978454 0.744876
vt 0.962415 0.744216
vt 0.962418 0.034095
vt 0.978199 0.034095
vt 0.978198 0.744216
vt 0.963809 0.744155
vt 0.963810 0.034034
vt 0.979591 0.034034
vt 0.979591 0.744155
vt 0.978868 0.034650
vt 0.978870 0.744778
vt 0.915068 0.744216
vt 0.915077 0.034093
vt 0.930855 0.018314
vt 0.930849 0.728436
vt 0.916858 0.745090
vt 0.916870 0.034947
vt 0.932647 0.019166
vt 0.932636 0.729309
vt 0.915477 0.744229
vt 0.915476 0.034095
vt 0.931255 0.018314
vt 0.931256 0.728447
vt 0.915598 0.745084
vt 0.915598 0.034928
vt 0.931379 0.019148
vt 0.931380 0.729303
vt 0.946402 0.728354
vt 0.946405 0.018253
vt 0.962186 0.034034
vt 0.962186 0.744136
vt 0.962572 0.745109
vt 0.962578 0.034944
vt 0.978360 0.034944
vt 0.978351 0.745109
vt 0.963051 0.034757
vt 0.978831 0.034757
vt 0.978831 0.744902
vt 0.915189 0.745084
vt 0.915190 0.035006
vt 0.930971 0.019227
vt 0.930970 0.729301
vt 0.963383 0.034730
vt 0.963382 0.744871
vt 0.978505 0.035447
vt 0.978505 0.745554
vt 0.946797 0.019166
vt 0.916463 0.744155
vt 0.916468 0.034033
vt 0.932247 0.018253
vt 0.932247 0.728374
vt 0.978360 0.034648
vt 0.978359 0.744790
vt 0.963341 0.034927
vt 0.963340 0.745065
vt 0.947039 0.018314
vt 0.947037 0.728448
vt 0.977965 0.034034
vt 0.977965 0.744136
vt 0.915235 0.034946
vt 0.931218 0.728104
vt 0.931217 0.017958
vt 0.915233 0.744788
vt 0.915239 0.034651
vt 0.931016 0.018870
vt 0.963770 0.745604
vt 0.963773 0.035444
vt 0.979552 0.035444
vt 0.979554 0.745605
vt 0.979986 0.034946
vt 0.979986 0.745091
vt 0.978340 0.034772
vt 0.978338 0.744910
vt 0.962620 0.034731
vt 0.915437 0.743886
vt 0.915435 0.033739
vt 0.914238 0.744172
vt 0.914243 0.034034
vt 0.962940 0.745084
vt 0.962939 0.034929
vt 0.978720 0.034929
vt 0.978721 0.745084
vt 0.915744 0.744779
vt 0.915745 0.034649
vt 0.931527 0.018870
vt 0.931526 0.728998
vt 0.947160 0.019148
vt 0.947161 0.729303
vt 0.915863 0.034034
vt 0.931643 0.018253
vt 0.931643 0.728381
vt 0.946630 0.728436
vt 0.946635 0.018314
vt 0.916040 0.744872
vt 0.916040 0.034731
vt 0.978398 0.034731
vt 0.915377 0.745551
vt 0.915382 0.035447
vt 0.915215 0.744910
vt 0.915216 0.034772
vt 0.948028 0.018253
vt 0.948027 0.728375
vt 0.915997 0.745065
vt 0.915998 0.034928
vt 0.978561 0.033740
vt 0.978559 0.743886
vt 0.979165 0.034730
vt 0.979162 0.744872
vt 0.979122 0.034927
vt 0.979121 0.745065
vt 0.915620 0.744866
vt 0.915620 0.034732
vt 0.978987 0.034035
vt 0.915256 0.744779
vt 0.915274 0.034727
vt 0.914959 0.743798
vt 0.914955 0.033680
vt 0.930740 0.033680
vt 0.930740 0.743798
vt 0.932127 0.745165
vt 0.932127 0.035042
vt 0.947909 0.035042
vt 0.947909 0.745165
vt 0.962002 0.744249
vt 0.962009 0.034098
vt 0.977792 0.034098
vt 0.977781 0.744249
vt 0.963263 0.034992
vt 0.979046 0.034993
vt 0.979042 0.745132
vt 0.947347 0.744544
vt 0.947344 0.034387
vt 0.963121 0.034387
vt 0.963128 0.744543
vt 0.947116 0.744695
vt 0.947126 0.034592
vt 0.962908 0.034592
vt 0.962899 0.744695
vt 0.931926 0.745207
vt 0.931929 0.035042
vt 0.947712 0.035042
vt 0.947709 0.745207
vt 0.947714 0.745258
vt 0.947717 0.035077
vt 0.963495 0.035076
vt 0.963495 0.745258
vt 0.916169 0.743982
vt 0.916170 0.033819
vt 0.931952 0.018036
vt 0.931949 0.728203
vt 0.930842 0.035179
vt 0.930838 0.745339
vt 0.963315 0.743725
vt 0.963313 0.033566
vt 0.979094 0.033567
vt 0.979094 0.743725
vt 0.963167 0.745017
vt 0.963180 0.034855
vt 0.978964 0.034856
vt 0.978942 0.745019
vt 0.930897 0.744799
vt 0.946678 0.744799
vt 0.932619 0.745056
vt 0.932621 0.034938
vt 0.948402 0.034938
vt 0.948399 0.745056
vt 0.947106 0.745097
vt 0.947110 0.034961
vt 0.962892 0.034961
vt 0.962502 0.034592
vt 0.962505 0.744741
vt 0.916109 0.745257
vt 0.916097 0.035134
vt 0.931878 0.035134
vt 0.931889 0.745257
vt 0.947217 0.744367
vt 0.947216 0.034218
vt 0.962997 0.034218
vt 0.963000 0.744367
vt 0.947888 0.744837
vt 0.947889 0.034692
vt 0.963669 0.034692
vt 0.963669 0.744837
vt 0.915788 0.744938
vt 0.915789 0.034768
vt 0.931568 0.018987
vt 0.931568 0.729156
vt 0.947682 0.744534
vt 0.947680 0.034388
vt 0.963459 0.034387
vt 0.963464 0.744533
vt 0.946954 0.744346
vt 0.946950 0.034189
vt 0.962732 0.034189
vt 0.962734 0.744345
vt 0.962026 0.743717
vt 0.962028 0.033565
vt 0.977811 0.033565
vt 0.977805 0.743717
vt 0.932551 0.744344
vt 0.932548 0.034218
vt 0.948329 0.034218
vt 0.948329 0.744344
vt 0.947831 0.745661
vt 0.947833 0.035513
vt 0.963612 0.035513
vt 0.963612 0.745661
vt 0.948136 0.729341
vt 0.948136 0.019209
vt 0.963918 0.034996
vt 0.963917 0.745128
vt 0.915722 0.034692
vt 0.931504 0.034693
vt 0.931506 0.744838
vt 0.964110 0.744344
vt 0.964112 0.034218
vt 0.979892 0.034218
vt 0.979891 0.744344
vt 0.946521 0.033680
vt 0.946521 0.743798
vt 0.916147 0.745207
vt 0.915785 0.744544
vt 0.915780 0.034387
vt 0.931563 0.034387
vt 0.931568 0.744544
vt 0.931426 0.728662
vt 0.931428 0.018511
vt 0.947211 0.018511
vt 0.947206 0.728662
vt 0.931416 0.729000
vt 0.947194 0.729000
vt 0.963014 0.744752
vt 0.978796 0.744752
vt 0.946482 0.728108
vt 0.946482 0.017958
vt 0.962264 0.033738
vt 0.962261 0.743886
vt 0.915525 0.745275
vt 0.915515 0.035134
vt 0.931299 0.035133
vt 0.931305 0.745274
vt 0.931464 0.034626
vt 0.947248 0.744757
vt 0.962461 0.744799
vt 0.915161 0.744741
vt 0.915158 0.034593
vt 0.931501 0.745274
vt 0.947280 0.745274
vt 0.947387 0.745258
vt 0.947389 0.035077
vt 0.963167 0.035076
vt 0.963167 0.745258
vt 0.931725 0.729930
vt 0.931727 0.019783
vt 0.947510 0.019782
vt 0.947507 0.729931
vt 0.931695 0.745257
vt 0.931685 0.035134
vt 0.947466 0.035133
vt 0.947478 0.745257
vt 0.962129 0.745143
vt 0.962130 0.035003
vt 0.977913 0.035003
vt 0.977909 0.745142
vt 0.915454 0.743450
vt 0.915450 0.033305
vt 0.931233 0.033305
vt 0.931234 0.743450
vt 0.947826 0.729300
vt 0.947827 0.019166
vt 0.963605 0.034942
vt 0.963606 0.745077
vt 0.947509 0.745219
vt 0.947512 0.035033
vt 0.963290 0.745219
vt 0.947293 0.728693
vt 0.947291 0.018511
vt 0.963072 0.034305
vt 0.931731 0.745082
vt 0.931731 0.034938
vt 0.947512 0.034938
vt 0.947510 0.745081
vt 0.946884 0.744270
vt 0.946883 0.034130
vt 0.962663 0.034129
vt 0.915835 0.744789
vt 0.915828 0.034631
vt 0.931611 0.018849
vt 0.931617 0.729008
vt 0.978761 0.034651
vt 0.947394 0.018849
vt 0.947397 0.729008
vt 0.916154 0.745258
vt 0.963288 0.035071
vt 0.979069 0.035071
vt 0.979056 0.745201
vt 0.932162 0.743646
vt 0.932151 0.033490
vt 0.947934 0.033490
vt 0.947940 0.743646
vt 0.963127 0.744938
vt 0.978908 0.034768
vt 0.978906 0.744938
vt 0.914918 0.743888
vt 0.914920 0.033739
vt 0.930700 0.017958
vt 0.930700 0.728109
vt 0.978906 0.034387
vt 0.978906 0.744543
vt 0.947604 0.745257
vt 0.947595 0.035133
vt 0.963378 0.035134
vt 0.963388 0.745257
vt 0.915118 0.744799
vt 0.932728 0.744305
vt 0.932726 0.034132
vt 0.948508 0.034132
vt 0.948509 0.744305
vt 0.930804 0.745364
vt 0.946586 0.035182
vt 0.946585 0.745363
vt 0.915655 0.744367
vt 0.915652 0.034219
vt 0.931435 0.034219
vt 0.931437 0.744367
vt 0.916328 0.744838
vt 0.916325 0.034693
vt 0.932107 0.034693
vt 0.932109 0.744837
vt 0.978444 0.034129
vt 0.978447 0.744270
vt 0.915949 0.745219
vt 0.915947 0.035033
vt 0.931730 0.035033
vt 0.931730 0.745219
vt 0.915321 0.744269
vt 0.915321 0.034130
vt 0.931103 0.034130
vt 0.931102 0.744270
vt 0.963691 0.035042
vt 0.963690 0.745165
vt 0.978969 0.035134
vt 0.978964 0.745277
vt 0.931836 0.018949
vt 0.947620 0.018950
vt 0.916572 0.745131
vt 0.916572 0.034993
vt 0.932353 0.019209
vt 0.932355 0.729342
vt 0.978854 0.034305
vt 0.946638 0.745327
vt 0.962993 0.034297
vt 0.978774 0.034297
vt 0.978767 0.744448
vt 0.931337 0.744694
vt 0.931340 0.034592
vt 0.963378 0.745576
vt 0.963380 0.035445
vt 0.979160 0.035445
vt 0.979159 0.745576
vt 0.963716 0.743647
vt 0.963716 0.033491
vt 0.979498 0.033491
vt 0.979493 0.743647
vt 0.979273 0.035075
vt 0.979273 0.745257
vt 0.979382 0.034938
vt 0.979382 0.745069
vt 0.915548 0.745096
vt 0.915548 0.034961
vt 0.931328 0.034961
vt 0.931327 0.745097
vt 0.931300 0.729222
vt 0.931302 0.019067
vt 0.947084 0.019067
vt 0.947078 0.729222
vt 0.962815 0.744874
vt 0.962814 0.034735
vt 0.978595 0.744875
vt 0.915826 0.745258
vt 0.931607 0.035077
vt 0.931607 0.745258
vt 0.931698 0.729350
vt 0.931700 0.019209
vt 0.947481 0.019209
vt 0.947479 0.729349
vt 0.915946 0.745708
vt 0.915946 0.035563
vt 0.916119 0.744533
vt 0.916119 0.034387
vt 0.931899 0.034387
vt 0.931901 0.744534
vt 0.947014 0.743449
vt 0.947014 0.033306
vt 0.962795 0.033306
vt 0.962793 0.743450
vt 0.979465 0.035032
vt 0.979465 0.745219
vt 0.914785 0.745144
vt 0.914785 0.035001
vt 0.930567 0.019227
vt 0.930568 0.729368
vt 0.932045 0.729299
vt 0.963288 0.745709
vt 0.963289 0.035562
vt 0.979070 0.035562
vt 0.979070 0.745709
vt 0.947634 0.745185
vt 0.963417 0.745186
vt 0.914723 0.745153
vt 0.914718 0.035042
vt 0.930499 0.035042
vt 0.930505 0.745153
vt 0.963617 0.742764
vt 0.963611 0.032629
vt 0.979394 0.032628
vt 0.979398 0.742763
vt 0.962859 0.745003
vt 0.962866 0.034848
vt 0.978649 0.034848
vt 0.978635 0.745003
vt 0.947084 0.745274
vt 0.947080 0.035134
vt 0.962862 0.035134
vt 0.962864 0.745274
vt 0.948083 0.745044
vt 0.948093 0.034938
vt 0.963872 0.034938
vt 0.963863 0.745044
vt 0.978146 0.035180
vt 0.978239 0.744798
vt 0.962067 0.745153
vt 0.977848 0.035043
vt 0.977848 0.745153
vt 0.963873 0.744804
vt 0.963863 0.034692
vt 0.979643 0.034692
vt 0.979652 0.744804
vt 0.915646 0.744447
vt 0.915646 0.034297
vt 0.916129 0.744820
vt 0.916124 0.034693
vt 0.931908 0.034692
vt 0.931911 0.744820
vt 0.978778 0.034218
vt 0.915392 0.744346
vt 0.915386 0.034189
vt 0.931168 0.034189
vt 0.931173 0.744346
vt 0.932060 0.744750
vt 0.932055 0.034593
vt 0.947839 0.744749
vt 0.947351 0.729156
vt 0.915035 0.745304
vt 0.915018 0.035178
vt 0.916273 0.742764
vt 0.916273 0.032629
vt 0.932051 0.032629
vt 0.932056 0.742764
vt 0.946349 0.729368
vt 0.946349 0.019227
vt 0.932041 0.745069
vt 0.932041 0.034938
vt 0.947822 0.034938
vt 0.947822 0.745069
vt 0.963437 0.035032
vt 0.979217 0.035032
vt 0.979217 0.745195
vt 0.947730 0.728202
vt 0.947735 0.018037
vt 0.963515 0.033817
vt 0.963508 0.743980
vt 0.931817 0.729796
vt 0.931817 0.019666
vt 0.947602 0.019665
vt 0.947599 0.729796
vt 0.916524 0.745044
vt 0.916524 0.034938
vt 0.932307 0.034938
vt 0.932302 0.745044
vt 0.979452 0.034693
vt 0.979452 0.744837
vt 0.930463 0.727940
vt 0.930465 0.017786
vt 0.946248 0.017786
vt 0.946245 0.727940
vt 0.947285 0.034693
vt 0.947285 0.744837
vt 0.931115 0.744373
vt 0.931100 0.034221
vt 0.946882 0.034221
vt 0.946892 0.744373
vt 0.931800 0.745219
vt 0.931800 0.035033
vt 0.947582 0.035033
vt 0.963705 0.744535
vt 0.963704 0.034387
vt 0.979486 0.034387
vt 0.979486 0.744535
vt 0.930806 0.743678
vt 0.930788 0.033529
vt 0.946569 0.033529
vt 0.946586 0.743678
vt 0.979225 0.035134
vt 0.979231 0.745256
vt 0.946286 0.745153
vt 0.946282 0.035042
vt 0.916746 0.744241
vt 0.916741 0.034130
vt 0.932522 0.034130
vt 0.932528 0.744240
vt 0.964290 0.744305
vt 0.964289 0.034131
vt 0.980068 0.034129
vt 0.980068 0.744303
vt 0.978642 0.745273
vt 0.979297 0.033817
vt 0.979289 0.743980
vt 0.978046 0.033738
vt 0.978041 0.743885
vt 0.915622 0.744527
vt 0.931405 0.018567
vt 0.931717 0.729422
vt 0.931717 0.019291
vt 0.947504 0.019291
vt 0.947495 0.729421
vt 0.947689 0.744820
vt 0.947689 0.034692
vt 0.963471 0.034693
vt 0.963470 0.744820
vt 0.915332 0.744373
vt 0.915319 0.034222
vt 0.932052 0.745661
vt 0.932051 0.035513
vt 0.962301 0.743798
vt 0.931253 0.729091
vt 0.931251 0.018952
vt 0.947033 0.018952
vt 0.947036 0.729091
vt 0.963260 0.745257
vt 0.916529 0.744803
vt 0.916517 0.034693
vt 0.932296 0.034693
vt 0.932308 0.744803
vt 0.915256 0.744096
vt 0.915258 0.033933
vt 0.931038 0.018150
vt 0.931037 0.728313
vt 0.915516 0.744746
vt 0.915516 0.034617
vt 0.931297 0.018836
vt 0.931302 0.728964
vt 0.915475 0.744866
vt 0.931710 0.744855
vt 0.931706 0.034694
vt 0.947488 0.034693
vt 0.947491 0.744855
vt 0.962454 0.035179
vt 0.962461 0.745322
vt 0.947836 0.742764
vt 0.947830 0.032629
vt 0.964090 0.744240
vt 0.964088 0.034130
vt 0.979871 0.034130
vt 0.979871 0.744240
vt 0.962447 0.744757
vt 0.963271 0.744855
vt 0.963269 0.034693
vt 0.979049 0.034692
vt 0.979049 0.744853
vt 0.948309 0.744240
vt 0.948304 0.034129
vt 0.978255 0.034625
vt 0.978255 0.744744
vt 0.916768 0.744344
vt 0.916764 0.034218
vt 0.963059 0.745274
vt 0.978838 0.745273
vt 0.979068 0.035032
vt 0.946816 0.744378
vt 0.946814 0.034221
vt 0.962595 0.034221
vt 0.962598 0.744378
vt 0.914559 0.744760
vt 0.914559 0.034625
vt 0.948082 0.034693
vt 0.948090 0.744804
vt 0.962365 0.745362
vt 0.978144 0.745361
vt 0.962673 0.744374
vt 0.978372 0.034221
vt 0.978379 0.744377
vt 0.915792 0.745091
vt 0.915774 0.034961
vt 0.931558 0.034962
vt 0.931573 0.745090
vt 0.963176 0.744788
vt 0.963176 0.034631
vt 0.978959 0.034631
vt 0.978954 0.744787
vt 0.979393 0.035513
vt 0.979393 0.745661
vt 0.962352 0.033529
vt 0.962368 0.743678
vt 0.947075 0.018835
vt 0.947088 0.728964
vt 0.915949 0.745082
vt 0.915949 0.034938
vt 0.978946 0.745257
vt 0.978513 0.034189
vt 0.978513 0.744345
vt 0.931609 0.019067
vt 0.947393 0.019067
vt 0.916053 0.744872
vt 0.947532 0.727944
vt 0.947534 0.017786
vt 0.916416 0.745147
vt 0.916414 0.035033
vt 0.932195 0.035033
vt 0.932195 0.745147
vt 0.947978 0.035033
vt 0.947978 0.745147
vt 0.947188 0.018567
vt 0.962959 0.744524
vt 0.947355 0.745090
vt 0.947341 0.034961
vt 0.963123 0.034962
vt 0.963135 0.745090
vt 0.961948 0.033565
vt 0.961945 0.743720
vt 0.931429 0.745271
vt 0.947209 0.745271
vt 0.915025 0.743678
vt 0.915007 0.033529
vt 0.947926 0.744535
vt 0.947923 0.034387
vt 0.915828 0.745015
vt 0.915828 0.034852
vt 0.946817 0.728313
vt 0.946820 0.018149
vt 0.962600 0.033932
vt 0.962600 0.744096
vt 0.916034 0.745575
vt 0.916040 0.035445
vt 0.963293 0.035515
vt 0.979074 0.035515
vt 0.916260 0.745069
vt 0.916261 0.034938
vt 0.931033 0.034222
vt 0.931032 0.744377
vt 0.931740 0.745658
vt 0.931727 0.035513
vt 0.947511 0.035515
vt 0.947519 0.745658
vt 0.963759 0.035032
vt 0.963761 0.745147
vt 0.963620 0.744749
vt 0.979398 0.744748
vt 0.979542 0.745147
vt 0.916377 0.743647
vt 0.916371 0.033491
vt 0.931512 0.728694
vt 0.931512 0.018511
vt 0.978575 0.033306
vt 0.978575 0.743450
vt 0.915916 0.745257
vt 0.915904 0.035134
vt 0.916364 0.744535
vt 0.916360 0.034387
vt 0.932142 0.034387
vt 0.932145 0.744535
vt 0.916018 0.745219
vt 0.916017 0.035033
vt 0.915516 0.745004
vt 0.915518 0.034846
vt 0.915960 0.745658
vt 0.915943 0.035513
vt 0.914683 0.743718
vt 0.914684 0.033565
vt 0.916837 0.745056
vt 0.916837 0.034938
vt 0.914664 0.744253
vt 0.914665 0.034097
vt 0.930446 0.018314
vt 0.930442 0.728468
vt 0.915647 0.745271
vt 0.915642 0.035134
vt 0.915928 0.744855
vt 0.915925 0.034694
vt 0.916277 0.744749
vt 0.916273 0.034593
vt 0.977730 0.033566
vt 0.977725 0.743720
vt 0.916345 0.745219
vt 0.916344 0.035033
vt 0.915721 0.745275
vt 0.979655 0.034938
vt 0.979643 0.745044
vt 0.916094 0.035033
vt 0.916945 0.744305
vt 0.916945 0.034133
vt 0.915966 0.743724
vt 0.915973 0.033568
vt 0.931753 0.017787
vt 0.931749 0.727943
vt 0.978748 0.034348
vt 0.946229 0.018314
vt 0.946222 0.728467
vt 0.930385 0.727941
vt 0.930385 0.017786
vt 0.914602 0.743721
vt 0.914603 0.033567
vt 0.978635 0.034616
vt 0.978650 0.744745
vt 0.962990 0.745271
vt 0.978381 0.033932
vt 0.978381 0.744096
vt 0.915664 0.744744
vt 0.978133 0.033529
vt 0.978149 0.743676
vt 0.931822 0.745257
vt 0.931816 0.035134
vt 0.916043 0.745257
vt 0.916034 0.035134
vt 0.978674 0.034962
vt 0.978904 0.034961
vt 0.978916 0.745090
vt 0.979252 0.034693
vt 0.979251 0.744820
vt 0.979701 0.034996
vt 0.979695 0.745128
vt 0.915632 0.744782
vt 0.978687 0.034593
vt 0.978678 0.744695
vt 0.916270 0.745661
vt 0.916268 0.035513
vt 0.978084 0.033680
vt 0.978084 0.743798
vt 0.915731 0.744488
vt 0.915731 0.034305
vt 0.915023 0.745363
vt 0.979240 0.034387
vt 0.979244 0.744533
vt 0.181851 0.165721
vt 0.181851 0.184238
vt 0.107789 0.184239
vt 0.107789 0.165721
vt 0.976957 0.807991
vt 0.963346 0.801850
vt 0.963347 0.015939
vt 0.976958 0.022079
vt 0.098532 0.212014
vt 0.098532 0.193496
vt 0.107789 0.193496
vt 0.107790 0.212014
vt 0.926711 0.051433
vt 0.945687 0.051432
vt 0.945683 0.710964
vt 0.926704 0.729935
vt 0.181851 0.193496
vt 0.923040 0.779791
vt 0.942731 0.779790
vt 0.942732 0.789640
vt 0.923041 0.789641
vt 0.962055 0.044453
vt 0.962049 0.844237
vt 0.948089 0.844309
vt 0.948096 0.044524
vt 0.181851 0.212014
vt 0.938355 0.491025
vt 0.966204 0.491025
vt 0.966204 0.500874
vt 0.938356 0.500873
vt 0.980118 0.844235
vt 0.980127 0.026377
vt 0.976175 0.729906
vt 0.957195 0.710934
vt 0.957199 0.051399
vt 0.976174 0.051399
vt 0.915296 0.029716
vt 0.933581 0.029715
vt 0.933581 0.633229
vt 0.915297 0.633229
vt 0.932382 0.088154
vt 0.960232 0.088153
vt 0.960230 0.098001
vt 0.932381 0.098002
vt 0.927191 0.039599
vt 0.945475 0.039599
vt 0.945473 0.643138
vt 0.927189 0.643137
vt 0.930027 0.026450
vt 0.930018 0.844311
vt 0.915743 0.844387
vt 0.915752 0.026525
vt 0.931418 0.026828
vt 0.945029 0.013217
vt 0.945024 0.799137
vt 0.931413 0.812748
vt 0.978895 0.076643
vt 0.978914 0.841761
vt 0.965559 0.841823
vt 0.965541 0.076705
vt 0.947160 0.085894
vt 0.947173 0.841824
vt 0.933978 0.841884
vt 0.933967 0.085952
vt 0.972269 0.779790
vt 0.952580 0.779791
vt 0.952573 0.262776
vt 0.972262 0.243078
vt 0.914859 0.729971
vt 0.914868 0.051470
vt 0.942724 0.262776
vt 0.916769 0.636611
vt 0.916772 0.033071
vt 0.923037 0.243080
vt 0.913189 0.779794
vt 0.913190 0.243080
vt 0.914316 0.026828
vt 0.914317 0.812747
vt 0.946244 0.801850
vt 0.946247 0.015939
vt 0.955894 0.029177
vt 0.955893 0.632715
vt 0.967099 0.831919
vt 0.948717 0.841107
vt 0.948717 0.085174
vt 0.967098 0.066798
vt 0.915586 0.076765
vt 0.915590 0.841884
vt 0.181851 0.221271
vt 0.107790 0.221271
vt 0.091853 0.364546
vt 0.110368 0.364547
vt 0.110368 0.410834
vt 0.091853 0.410834
vt 0.091853 0.359917
vt 0.110368 0.359917
vt 0.114998 0.364547
vt 0.114998 0.410834
vt 0.110368 0.415464
vt 0.091852 0.415465
vt 0.210226 0.192028
vt 0.210227 0.173513
vt 0.256514 0.173512
vt 0.256515 0.192027
vt 0.210226 0.168884
vt 0.256514 0.168883
vt 0.205597 0.192028
vt 0.205598 0.173513
vt 0.261143 0.173512
vt 0.261143 0.192027
vt 0.195325 0.252243
vt 0.195326 0.233728
vt 0.241613 0.233728
vt 0.241613 0.252243
vt 0.204695 0.415464
vt 0.204695 0.396949
vt 0.209323 0.396949
vt 0.209323 0.415464
vt 0.159733 0.201325
vt 0.178248 0.201325
vt 0.178248 0.247613
vt 0.159733 0.247613
vt 0.086046 0.354073
vt 0.086054 0.335558
vt 0.090682 0.335560
vt 0.090673 0.354075
vt 0.205599 0.222993
vt 0.205598 0.204478
vt 0.210226 0.204478
vt 0.210227 0.222993
vt 0.256515 0.222992
vt 0.256514 0.204477
vt 0.261142 0.204477
vt 0.261143 0.222992
vt 0.189216 0.357587
vt 0.170701 0.357587
vt 0.170701 0.352958
vt 0.189216 0.352957
vt 0.195325 0.219838
vt 0.195325 0.201323
vt 0.241613 0.201323
vt 0.241613 0.219838
vt 0.179587 0.231173
vt 0.179589 0.249687
vt 0.133301 0.249689
vt 0.133300 0.231174
vt 0.178465 0.446428
vt 0.178465 0.427913
vt 0.224754 0.427913
vt 0.224754 0.446428
vt 0.227305 0.235442
vt 0.208790 0.235442
vt 0.208790 0.230813
vt 0.227305 0.230813
vt 0.136970 0.335581
vt 0.136961 0.354096
vt 0.109831 0.230813
vt 0.128347 0.230813
vt 0.128346 0.235443
vt 0.109831 0.235442
vt 0.218428 0.345137
vt 0.218427 0.326622
vt 0.223056 0.326622
vt 0.223056 0.345137
vt 0.129784 0.168884
vt 0.129785 0.187399
vt 0.083496 0.187400
vt 0.083496 0.168884
vt 0.122817 0.359917
vt 0.141332 0.359917
vt 0.141332 0.364547
vt 0.122817 0.364547
vt 0.159845 0.341386
vt 0.159845 0.322871
vt 0.206133 0.322871
vt 0.206133 0.341386
vt 0.159733 0.196695
vt 0.178249 0.196695
vt 0.141331 0.410835
vt 0.122816 0.410835
vt 0.200677 0.483540
vt 0.154390 0.483536
vt 0.154391 0.478907
vt 0.200677 0.478910
vt 0.218426 0.295658
vt 0.172139 0.295659
vt 0.172139 0.291031
vt 0.218427 0.291030
vt 0.172140 0.326622
vt 0.172140 0.321994
vt 0.218428 0.321994
vt 0.204160 0.281731
vt 0.204160 0.235443
vt 0.208790 0.281731
vt 0.239181 0.444905
vt 0.192894 0.444898
vt 0.192895 0.440271
vt 0.239182 0.440274
vt 0.204696 0.364545
vt 0.158409 0.364545
vt 0.158408 0.359917
vt 0.204696 0.359917
vt 0.155062 0.184512
vt 0.108774 0.184511
vt 0.108774 0.179882
vt 0.155062 0.179882
vt 0.159845 0.318243
vt 0.206133 0.318243
vt 0.132975 0.235444
vt 0.132975 0.281731
vt 0.128345 0.281731
vt 0.178466 0.423285
vt 0.224754 0.423285
vt 0.166072 0.403876
vt 0.166072 0.357588
vt 0.170702 0.403876
vt 0.158407 0.396950
vt 0.158407 0.392322
vt 0.204695 0.392321
vt 0.145961 0.364548
vt 0.145961 0.410835
vt 0.195325 0.196695
vt 0.241613 0.196695
vt 0.090683 0.330932
vt 0.136972 0.330953
vt 0.135109 0.403876
vt 0.135109 0.357587
vt 0.139739 0.357587
vt 0.139739 0.403876
vt 0.129785 0.298813
vt 0.083496 0.298807
vt 0.083496 0.294179
vt 0.129785 0.294186
vt 0.129785 0.192028
vt 0.083497 0.192030
vt 0.210227 0.199849
vt 0.256515 0.199849
vt 0.195325 0.229100
vt 0.241613 0.229100
vt 0.179589 0.254317
vt 0.133301 0.254319
vt 0.264041 0.483539
vt 0.217755 0.483536
vt 0.217756 0.478907
vt 0.264041 0.478909
vt 0.175820 0.426390
vt 0.129534 0.426380
vt 0.129534 0.421753
vt 0.175821 0.421762
vt 0.182878 0.201325
vt 0.182878 0.247613
vt 0.158407 0.415465
vt 0.153779 0.383060
vt 0.153781 0.364544
vt 0.158408 0.383060
vt 0.159693 0.161367
vt 0.159692 0.179883
vt 0.155063 0.161367
vt 0.172139 0.314174
vt 0.218426 0.314173
vt 0.178248 0.252243
vt 0.159733 0.252242
vt 0.141331 0.415465
vt 0.122816 0.415465
vt 0.217755 0.460392
vt 0.213126 0.478907
vt 0.213126 0.460392
vt 0.129784 0.317327
vt 0.134412 0.298813
vt 0.134412 0.317326
vt 0.268670 0.460392
vt 0.268672 0.478911
vt 0.264041 0.460393
vt 0.155216 0.341386
vt 0.155217 0.322871
vt 0.109830 0.281731
vt 0.128345 0.286361
vt 0.109830 0.286361
vt 0.153779 0.415465
vt 0.153779 0.396950
vt 0.158253 0.408505
vt 0.139739 0.408506
vt 0.158253 0.403876
vt 0.108774 0.161367
vt 0.154391 0.460392
vt 0.149760 0.478907
vt 0.149761 0.460394
vt 0.078866 0.317322
vt 0.078868 0.298806
vt 0.083494 0.317323
vt 0.184215 0.231173
vt 0.184219 0.249687
vt 0.128671 0.249690
vt 0.128669 0.231173
vt 0.204697 0.383059
vt 0.129528 0.444895
vt 0.175816 0.444906
vt 0.243813 0.421753
vt 0.243813 0.440277
vt 0.239183 0.421757
vt 0.192897 0.421756
vt 0.188266 0.440269
vt 0.188267 0.421755
vt 0.210761 0.322871
vt 0.210761 0.341385
vt 0.205306 0.460392
vt 0.205308 0.478911
vt 0.200677 0.460394
vt 0.124899 0.444894
vt 0.124906 0.426379
vt 0.189216 0.408505
vt 0.170702 0.408506
vt 0.189216 0.403876
vt 0.190696 0.219837
vt 0.190697 0.201323
vt 0.190696 0.252243
vt 0.190698 0.233728
vt 0.246241 0.201323
vt 0.246241 0.219837
vt 0.134413 0.168883
vt 0.134415 0.187398
vt 0.227305 0.281731
vt 0.104145 0.179882
vt 0.104144 0.161367
vt 0.180448 0.426391
vt 0.180445 0.444907
vt 0.229382 0.427913
vt 0.229382 0.446428
vt 0.172140 0.345138
vt 0.246241 0.233728
vt 0.246241 0.252243
vt 0.173838 0.446428
vt 0.173837 0.427913
vt 0.227304 0.286361
vt 0.208790 0.286361
vt 0.158254 0.357587
vt 0.167511 0.345138
vt 0.167512 0.326622
vt 0.167511 0.314174
vt 0.167511 0.295659
vt 0.078866 0.187400
vt 0.078866 0.168883
vt 0.141598 0.335583
vt 0.141590 0.354098
vt 0.209324 0.364545
vt 0.209324 0.383059
vt 0.139739 0.352957
vt 0.158254 0.352957
vt 0.223054 0.295658
vt 0.223054 0.314173
vt 0.155061 0.260062
vt 0.155060 0.278578
vt 0.108773 0.278577
vt 0.108773 0.260061
vt 0.142770 0.341387
vt 0.142770 0.322872
vt 0.147398 0.322872
vt 0.147398 0.341387
vt 0.155062 0.291027
vt 0.155062 0.309544
vt 0.108773 0.309544
vt 0.108771 0.291028
vt 0.140796 0.286361
vt 0.140793 0.267845
vt 0.145423 0.267844
vt 0.145424 0.286360
vt 0.189669 0.165721
vt 0.208183 0.165721
vt 0.208184 0.170349
vt 0.189669 0.170349
vt 0.102010 0.281733
vt 0.083496 0.281734
vt 0.083495 0.235443
vt 0.102012 0.235444
vt 0.146863 0.192029
vt 0.146862 0.173513
vt 0.193149 0.173512
vt 0.193150 0.192028
vt 0.166531 0.229091
vt 0.166526 0.247605
vt 0.161897 0.247603
vt 0.161909 0.229093
vt 0.161392 0.446428
vt 0.161390 0.427912
vt 0.166018 0.427911
vt 0.166019 0.446427
vt 0.155061 0.345139
vt 0.155062 0.326623
vt 0.159691 0.326623
vt 0.159687 0.345138
vt 0.217448 0.229089
vt 0.217448 0.247609
vt 0.212817 0.247608
vt 0.212817 0.229091
vt 0.091025 0.483540
vt 0.091024 0.465024
vt 0.137313 0.465020
vt 0.137316 0.483536
vt 0.083497 0.199849
vt 0.083496 0.218365
vt 0.078866 0.218365
vt 0.078867 0.199849
vt 0.104146 0.352957
vt 0.122663 0.352958
vt 0.122663 0.357587
vt 0.104146 0.357587
vt 0.212815 0.283204
vt 0.212814 0.264688
vt 0.217444 0.264689
vt 0.217442 0.283203
vt 0.197779 0.173512
vt 0.197779 0.192028
vt 0.141942 0.465020
vt 0.141942 0.483536
vt 0.083495 0.230813
vt 0.102012 0.230815
vt 0.091024 0.460395
vt 0.137311 0.460392
vt 0.193153 0.204477
vt 0.146861 0.204477
vt 0.146862 0.199848
vt 0.193152 0.199848
vt 0.166525 0.264694
vt 0.166525 0.260065
vt 0.212814 0.260059
vt 0.191712 0.235443
vt 0.145421 0.235443
vt 0.145418 0.230813
vt 0.191711 0.230813
vt 0.179585 0.173869
vt 0.133296 0.173874
vt 0.133296 0.169245
vt 0.179585 0.169240
vt 0.096480 0.322871
vt 0.096482 0.318243
vt 0.142770 0.318243
vt 0.108773 0.326623
vt 0.108769 0.321993
vt 0.155063 0.321994
vt 0.115102 0.427913
vt 0.115099 0.423283
vt 0.161391 0.423283
vt 0.146863 0.168883
vt 0.193148 0.168883
vt 0.149451 0.233726
vt 0.103162 0.233719
vt 0.103157 0.229089
vt 0.149453 0.229098
vt 0.218427 0.165996
vt 0.172139 0.165997
vt 0.172135 0.161367
vt 0.218426 0.161367
vt 0.191714 0.267843
vt 0.145419 0.263215
vt 0.191713 0.263215
vt 0.218426 0.264690
vt 0.172137 0.264690
vt 0.172135 0.260061
vt 0.218425 0.260061
vt 0.179585 0.285281
vt 0.133298 0.285284
vt 0.133299 0.280653
vt 0.179587 0.280653
vt 0.155059 0.283206
vt 0.108773 0.283206
vt 0.179587 0.223353
vt 0.133303 0.223355
vt 0.133300 0.218726
vt 0.179587 0.218723
vt 0.155059 0.314173
vt 0.108774 0.314173
vt 0.179587 0.316246
vt 0.133298 0.316248
vt 0.133299 0.311619
vt 0.179589 0.311617
vt 0.200333 0.354091
vt 0.154046 0.354079
vt 0.154047 0.349449
vt 0.200336 0.349462
vt 0.212814 0.170348
vt 0.212815 0.216640
vt 0.208186 0.216640
vt 0.212817 0.252238
vt 0.166525 0.252235
vt 0.127290 0.357588
vt 0.127291 0.403878
vt 0.122662 0.403878
vt 0.149447 0.283208
vt 0.103160 0.283209
vt 0.103160 0.278580
vt 0.149447 0.278579
vt 0.129783 0.222992
vt 0.083494 0.222994
vt 0.129784 0.218364
vt 0.078866 0.281734
vt 0.078866 0.235440
vt 0.086046 0.310722
vt 0.086047 0.264432
vt 0.090677 0.264434
vt 0.090675 0.310722
vt 0.133299 0.293103
vt 0.128669 0.311619
vt 0.128671 0.293103
vt 0.142234 0.192029
vt 0.142233 0.173513
vt 0.161898 0.283210
vt 0.161897 0.264695
vt 0.166528 0.283210
vt 0.200342 0.330946
vt 0.154053 0.330934
vt 0.108773 0.345138
vt 0.115103 0.446429
vt 0.184217 0.293101
vt 0.184217 0.311617
vt 0.179589 0.293101
vt 0.218426 0.283205
vt 0.223054 0.264690
vt 0.223054 0.283205
vt 0.133298 0.192389
vt 0.179586 0.192386
vt 0.172141 0.184512
vt 0.218427 0.184512
vt 0.104142 0.309544
vt 0.104142 0.291028
vt 0.149447 0.260061
vt 0.103161 0.260065
vt 0.133299 0.200210
vt 0.128669 0.218726
vt 0.128669 0.200210
vt 0.098532 0.252236
vt 0.098532 0.233720
vt 0.103162 0.252236
vt 0.146863 0.222993
vt 0.193152 0.222992
vt 0.104144 0.345139
vt 0.104144 0.326623
vt 0.167511 0.184512
vt 0.167511 0.165997
vt 0.110474 0.446429
vt 0.110474 0.427914
vt 0.191714 0.286359
vt 0.196342 0.267844
vt 0.196342 0.286359
vt 0.140794 0.253958
vt 0.140793 0.235443
vt 0.145424 0.253958
vt 0.184217 0.200207
vt 0.184217 0.218723
vt 0.179587 0.200207
vt 0.096480 0.341387
vt 0.134414 0.199848
vt 0.134414 0.218364
vt 0.129784 0.199848
vt 0.109191 0.310721
vt 0.109192 0.264435
vt 0.142234 0.222993
vt 0.142233 0.204478
vt 0.184213 0.173869
vt 0.184215 0.192385
vt 0.159691 0.291028
vt 0.159691 0.309544
vt 0.102007 0.286360
vt 0.083496 0.286362
vt 0.086395 0.483540
vt 0.086395 0.465024
vt 0.159690 0.260063
vt 0.159689 0.278579
vt 0.109193 0.315352
vt 0.090675 0.315351
vt 0.149447 0.252241
vt 0.104146 0.403878
vt 0.167509 0.283206
vt 0.167508 0.264690
vt 0.172138 0.283206
vt 0.191711 0.253958
vt 0.104143 0.278577
vt 0.104142 0.260061
vt 0.189671 0.216639
vt 0.154079 0.260059
vt 0.154079 0.278579
vt 0.179588 0.262138
vt 0.133299 0.262137
vt 0.098532 0.278579
vt 0.098533 0.260066
vt 0.154079 0.233727
vt 0.154077 0.252241
vt 0.090677 0.259805
vt 0.109192 0.259805
vt 0.128669 0.280653
vt 0.128669 0.262137
vt 0.204972 0.330947
vt 0.204964 0.349463
vt 0.223057 0.165996
vt 0.223057 0.184512
vt 0.196341 0.235444
vt 0.196336 0.253958
vt 0.197781 0.204478
vt 0.197777 0.222993
vt 0.184217 0.262138
vt 0.184216 0.280654
vt 0.122663 0.408507
vt 0.104147 0.408508
vt 0.149416 0.349448
vt 0.149424 0.330932
vt 0.091849 0.341386
vt 0.091853 0.322871
vt 0.208186 0.221269
vt 0.189671 0.221269
vt 0.128670 0.192389
vt 0.128669 0.173874
vt 0.357368 0.501816
vt 0.816620 0.501815
vt 0.816619 0.593667
vt 0.357368 0.593667
vt 0.816558 0.601681
vt 0.357309 0.601681
vt 0.358193 0.501271
vt 0.817449 0.501270
vt 0.817447 0.593120
vt 0.358196 0.593121
vt 0.817386 0.601135
vt 0.358137 0.601137
vt 0.816466 0.593613
vt 0.816408 0.601628
vt 0.357159 0.601633
vt 0.357216 0.593618
vt 0.816870 0.593642
vt 0.816809 0.601656
vt 0.357560 0.601656
vt 0.357619 0.593641
vt 0.817459 0.593858
vt 0.817397 0.601872
vt 0.358149 0.601872
vt 0.358207 0.593857
vt 0.356925 0.692944
vt 0.356925 0.601094
vt 0.816177 0.601094
vt 0.816178 0.692944
vt 0.357078 0.501418
vt 0.357136 0.493403
vt 0.816389 0.493399
vt 0.816328 0.501414
vt 0.356984 0.501229
vt 0.357043 0.493213
vt 0.816290 0.493213
vt 0.816233 0.501228
vt 0.357358 0.501357
vt 0.357418 0.493342
vt 0.816669 0.493339
vt 0.816610 0.501355
vt 0.357301 0.693071
vt 0.357302 0.601222
vt 0.816551 0.601220
vt 0.816552 0.693071
vt 0.358195 0.501203
vt 0.358253 0.493188
vt 0.817506 0.493188
vt 0.817447 0.501203
vt 0.358137 0.692917
vt 0.817387 0.692919
vt 0.357019 0.693131
vt 0.357020 0.601282
vt 0.816269 0.601280
vt 0.816273 0.693131
vt 0.357125 0.501487
vt 0.357186 0.493472
vt 0.816439 0.493472
vt 0.816380 0.501487
vt 0.357067 0.693203
vt 0.357067 0.601353
vt 0.816317 0.601352
vt 0.816316 0.693203
vt 0.357616 0.501791
vt 0.816871 0.501792
vt 0.358206 0.502006
vt 0.817460 0.502007
vt 0.816379 0.593338
vt 0.357126 0.593338
vt 0.357675 0.493775
vt 0.816934 0.493778
vt 0.357214 0.501766
vt 0.816464 0.501764
vt 0.358251 0.493255
vt 0.817509 0.493255
vt 0.357159 0.693483
vt 0.816410 0.693478
vt 0.357272 0.493750
vt 0.816522 0.493750
vt 0.358265 0.493991
vt 0.817521 0.493992
vt 0.816330 0.593264
vt 0.357427 0.493801
vt 0.816680 0.493801
vt 0.816235 0.593078
vt 0.356984 0.593079
vt 0.816611 0.593205
vt 0.357360 0.593207
vt 0.357614 0.501332
vt 0.816869 0.501330
vt 0.816870 0.593181
vt 0.357617 0.593183
vt 0.357672 0.493316
vt 0.816930 0.493316
vt 0.816808 0.601195
vt 0.357559 0.601199
vt 0.816468 0.593684
vt 0.357217 0.593684
vt 0.357561 0.693048
vt 0.816808 0.693045
vt 0.357309 0.693532
vt 0.816560 0.693532
vt 0.816408 0.601699
vt 0.357159 0.601699
vt 0.817412 0.593887
vt 0.358063 0.501034
vt 0.358124 0.493019
vt 0.817373 0.493019
vt 0.817312 0.501034
vt 0.357961 0.501555
vt 0.358020 0.493541
vt 0.817272 0.493541
vt 0.817212 0.501555
vt 0.357030 0.501066
vt 0.357089 0.493051
vt 0.816340 0.493051
vt 0.816281 0.501066
vt 0.817359 0.600899
vt 0.817359 0.692748
vt 0.358109 0.692748
vt 0.358109 0.600899
vt 0.817412 0.502037
vt 0.816234 0.592999
vt 0.356984 0.592998
vt 0.816235 0.501149
vt 0.817352 0.693753
vt 0.358099 0.693753
vt 0.816174 0.601014
vt 0.356926 0.601014
vt 0.817151 0.601422
vt 0.817151 0.693272
vt 0.357901 0.693271
vt 0.357902 0.601421
vt 0.358209 0.501924
vt 0.358269 0.493909
vt 0.817520 0.493909
vt 0.817460 0.501924
vt 0.817460 0.593774
vt 0.358210 0.593774
vt 0.816869 0.593969
vt 0.816809 0.601983
vt 0.357559 0.601983
vt 0.357619 0.593968
vt 0.816281 0.592915
vt 0.816221 0.600930
vt 0.356972 0.600932
vt 0.357032 0.592916
vt 0.358160 0.502087
vt 0.358220 0.494073
vt 0.817473 0.494073
vt 0.817413 0.502087
vt 0.817238 0.601234
vt 0.817237 0.693084
vt 0.357989 0.693084
vt 0.357989 0.601234
vt 0.358047 0.501368
vt 0.358105 0.493352
vt 0.817358 0.493354
vt 0.817298 0.501368
vt 0.817399 0.601789
vt 0.817399 0.693640
vt 0.358149 0.693638
vt 0.358151 0.601788
vt 0.817211 0.593406
vt 0.357961 0.593406
vt 0.817351 0.601952
vt 0.358102 0.601952
vt 0.817351 0.693722
vt 0.358102 0.693722
vt 0.357277 0.493819
vt 0.816527 0.493819
vt 0.357619 0.502118
vt 0.816871 0.502118
vt 0.816282 0.592997
vt 0.356972 0.692862
vt 0.356972 0.601013
vt 0.357043 0.493133
vt 0.358221 0.494022
vt 0.358062 0.592883
vt 0.817312 0.592884
vt 0.816221 0.692779
vt 0.356972 0.692781
vt 0.817298 0.593219
vt 0.358048 0.593219
vt 0.816809 0.693832
vt 0.357560 0.693832
vt 0.357679 0.494103
vt 0.816930 0.494103
vt 0.358138 0.692987
vt 0.817387 0.692984
vt 0.357559 0.693506
vt 0.816809 0.693506
vt 0.344171 0.989720
vt 0.344170 0.427496
vt 0.833062 0.427495
vt 0.833062 0.989717
vt 0.345739 0.429314
vt 0.345803 0.420809
vt 0.833129 0.420810
vt 0.833067 0.429314
vt 0.345133 0.023458
vt 0.345198 0.014941
vt 0.833170 0.014944
vt 0.833109 0.023458
vt 0.345134 0.501676
vt 0.345472 0.307045
vt 0.833074 0.307045
vt 0.345472 0.989690
vt 0.833081 0.021687
vt 0.344191 0.510579
vt 0.344112 0.990005
vt 0.344111 0.427781
vt 0.833001 0.427781
vt 0.833001 0.990004
vt 0.345535 0.298535
vt 0.833138 0.298535
vt 0.833149 0.305215
vt 0.344259 0.989661
vt 0.344259 0.305216
vt 0.092503 0.089812
vt 0.092503 0.898008
vt 0.136158 0.914194
vt 0.136160 0.106005
vt 0.242076 0.992166
vt 0.227970 0.992073
vt 0.227971 0.183884
vt 0.242076 0.183977
vt 0.122055 0.914025
vt 0.122056 0.105835
vt 0.335328 0.090725
vt 0.335327 0.898914
vt 0.235465 0.952247
vt 0.235465 0.352023
vt 0.331929 0.255558
vt 0.331929 0.855782
vt 0.235650 0.952413
vt 0.235653 0.352182
vt 0.332115 0.255717
vt 0.332116 0.855947
vt 0.097180 0.255332
vt 0.097181 0.855561
vt 0.097296 0.255456
vt 0.107773 0.255480
vt 0.107759 0.855717
vt 0.097282 0.855693
vt 0.134127 0.871734
vt 0.134127 0.271509
vt 0.134311 0.871896
vt 0.134322 0.271661
vt 0.198630 0.335975
vt 0.198622 0.936208
vt 0.224989 0.952222
vt 0.224988 0.351999
vt 0.225174 0.952389
vt 0.225178 0.352157
vt 0.123651 0.871631
vt 0.123834 0.871793
vt 0.123848 0.271557
vt 0.209095 0.936313
vt 0.209104 0.336079
vt 0.182419 0.183211
vt 0.182387 0.932178
vt 0.149010 0.200024
vt 0.149010 0.942827
vt 0.013958 0.942827
vt 0.013959 0.200025
vt 0.195419 0.932327
vt 0.195450 0.185571
vt 0.334448 0.932303
vt 0.321381 0.932232
vt 0.321484 0.179028
vt 0.334550 0.183627
vt 0.344404 0.427873
vt 0.833295 0.427873
vt 0.833296 0.990097
vt 0.344404 0.990097
vt 0.345741 0.989741
vt 0.345137 0.989655
vt 0.344191 0.021687
vt 0.974178 0.632715
vt 0.974177 0.029179
vt 0.974045 0.715077
vt 0.955760 0.715076
vt 0.955760 0.111553
vt 0.974045 0.111553
vt 0.962284 0.622810
vt 0.943999 0.622810
vt 0.944002 0.019295
vt 0.962287 0.019294
vt 0.927057 0.121972
vt 0.945340 0.121973
vt 0.945341 0.725500
vt 0.927056 0.725500
vt 0.972707 0.025817
vt 0.972706 0.629331
vt 0.916633 0.718978
vt 0.916638 0.115446
vt 0.980453 0.066736
vt 0.980454 0.831857
vt 0.935523 0.841167
vt 0.935523 0.085233
vt 0.917139 0.066859
vt 0.917138 0.831978
vt 0.975737 0.805277
vt 0.962126 0.799137
vt 0.962129 0.013217
vt 0.975740 0.019352
vt 0.932636 0.029549
vt 0.932634 0.815461
vt 0.915534 0.029550
vt 0.915536 0.815461
usemtl IronStairs_Mat
s off
f 9217/9329 9215/9330 9210/9331 9213/9332
f 9225/9333 9214/9334 9219/9335 9222/9336
f 9213/9332 9210/9331 9211/9337 9212/9338
f 9218/9339 9216/9340 9215/9330 9217/9329
f 9222/9341 9219/9342 9220/9343 9223/9344
f 9223/9344 9220/9343 9221/9345 9224/9346
f 9212/9338 9211/9337 9216/9347 9218/9348
f 9224/9346 9221/9345 9214/9334 9225/9333
f 9229/9349 9237/9350 9235/9351 9230/9352
f 9231/9353 9236/9354 9234/9355 9226/9356
f 9226/9357 9244/9358 9247/9359 9231/9360
f 9230/9361 9246/9362 9245/9363 9229/9364
f 9236/9354 9235/9351 9237/9365 9234/9366
f 9232/9367 9248/9368 9243/9369 9228/9370
f 9228/9371 9241/9372 9239/9373 9232/9374
f 9232/9374 9239/9373 9240/9375 9233/9376
f 9227/9377 9242/9378 9249/9379 9233/9380
f 9233/9376 9240/9375 9238/9381 9227/9382
f 9231/9360 9247/9359 9246/9362 9230/9361
f 9233/9380 9249/9379 9248/9368 9232/9367
f 9240/9375 9239/9373 9241/9383 9238/9384
f 9230/9352 9235/9351 9236/9354 9231/9353
f 9250/9385 9254/9386 9256/9387 9251/9388
f 9252/9389 9255/9390 9254/9386 9250/9385
f 9251/9388 9256/9387 9257/9391 9253/9392
f 9253/9392 9257/9391 9255/9393 9252/9394
f 9258/9395 9262/9396 9264/9397 9259/9398
f 9260/9399 9263/9400 9262/9401 9258/9402
f 9259/9398 9264/9397 9265/9403 9261/9404
f 9261/9404 9265/9403 9263/9400 9260/9399
f 9266/9405 9270/9406 9272/9407 9267/9408
f 9268/9409 9271/9410 9270/9406 9266/9405
f 9267/9408 9272/9407 9273/9411 9269/9412
f 9269/9412 9273/9411 9271/9413 9268/9414
f 9274/9415 9278/9416 9280/9417 9275/9418
f 9276/9419 9279/9420 9278/9421 9274/9422
f 9275/9418 9280/9417 9281/9423 9277/9424
f 9277/9424 9281/9423 9279/9420 9276/9419
f 9283/9425 9287/9426 9289/9427 9285/9428
f 9285/9429 9293/9430 9291/9431 9283/9432
f 9282/9433 9290/9434 9292/9435 9284/9436
f 9287/9437 9286/9438 9288/9439 9289/9427
f 9284/9436 9292/9435 9293/9430 9285/9429
f 9285/9428 9289/9427 9288/9439 9284/9440
f 9284/9440 9288/9439 9286/9441 9282/9442
f 9295/9443 9299/9444 9301/9445 9297/9446
f 9297/9447 9305/9448 9303/9449 9295/9450
f 9294/9451 9302/9452 9304/9453 9296/9454
f 9299/9455 9298/9456 9300/9457 9301/9445
f 9296/9454 9304/9453 9305/9448 9297/9447
f 9297/9446 9301/9445 9300/9457 9296/9458
f 9296/9458 9300/9457 9298/9459 9294/9460
f 9307/9461 9311/9462 9313/9463 9309/9464
f 9309/9465 9317/9466 9315/9467 9307/9468
f 9306/9469 9314/9470 9316/9471 9308/9472
f 9311/9473 9310/9474 9312/9475 9313/9463
f 9308/9472 9316/9471 9317/9466 9309/9465
f 9309/9464 9313/9463 9312/9475 9308/9476
f 9308/9476 9312/9475 9310/9477 9306/9478
f 9319/9479 9323/9480 9325/9481 9321/9482
f 9321/9483 9329/9484 9327/9485 9319/9486
f 9318/9487 9326/9488 9328/9489 9320/9490
f 9323/9491 9322/9492 9324/9493 9325/9481
f 9320/9490 9328/9489 9329/9484 9321/9483
f 9321/9482 9325/9481 9324/9493 9320/9494
f 9320/9494 9324/9493 9322/9495 9318/9496
f 11120/9497 11124/9498 9393/9499 9349/9500
f 9342/9501 9363/9502 9364/9503 9336/9504
f 9352/9505 9386/9506 9358/9507 9348/9508
f 9369/9509 9380/9510 9365/9511 9338/9512
f 11127/9513 9344/9514 9332/9515 11128/9516
f 11129/9517 11133/9518 9384/9519 9339/9520
f 11118/9521 11123/9522 9362/9523 9330/9524
f 11143/9525 9360/9526 9376/9527 11145/9528
f 11121/9529 9366/9530 9350/9531 11120/9532
f 11135/9533 9381/9534 9351/9535 11131/9536
f 9344/9537 9383/9538 9360/9539 9335/9540
f 9336/9541 9346/9542 9369/9509 9338/9512
f 11127/9513 11139/9543 9383/9544 9344/9514
f 11119/9545 11125/9546 9363/9547 9342/9548
f 11135/9533 11141/9549 9390/9550 9381/9534
f 9346/9551 9375/9552 9392/9553 9350/9554
f 11121/9529 11122/9555 9391/9556 9366/9530
f 11146/9557 9341/9558 9330/9559 11142/9560
f 11144/9561 11145/9528 9376/9527 9347/9562
f 9347/9563 9351/9564 9381/9565 9368/9566
f 11137/9567 9385/9568 9383/9544 11139/9543
f 9333/9569 9343/9570 9339/9571 9334/9572
f 9345/9573 9333/9574 9334/9575 9340/9576
f 9374/9577 9365/9578 9380/9579 9391/9580
f 9336/9541 9364/9581 9375/9582 9346/9542
f 11123/9583 9374/9584 9391/9556 11122/9555
f 9366/9585 9391/9580 9380/9579 9369/9586
f 9379/9587 9390/9588 9371/9589 9359/9590
f 11148/9591 11147/9592 9378/9593 9367/9594
f 9381/9565 9390/9588 9379/9587 9368/9566
f 11124/9595 9392/9596 9363/9547 11125/9546
f 11142/9597 11149/9598 9359/9599 9331/9600
f 11132/9601 9371/9602 9390/9550 11141/9549
f 9392/9553 9375/9552 9364/9503 9363/9502
f 9384/9603 9382/9604 9356/9605 9361/9606
f 9339/9607 9384/9603 9361/9606 9334/9608
f 11147/9609 9379/9610 9359/9599 11149/9598
f 9331/9611 9359/9590 9371/9589 9332/9612
f 9344/9537 9335/9540 9331/9613 9332/9614
f 9334/9615 9361/9616 9387/9617 9340/9618
f 11144/9561 9347/9562 9368/9619 11148/9620
f 9360/9539 9383/9538 9385/9621 9376/9622
f 11130/9623 11136/9624 9386/9625 9352/9626
f 9347/9563 9376/9622 9385/9621 9351/9564
f 11146/9557 11143/9627 9373/9628 9341/9558
f 9386/9506 9372/9629 9357/9630 9358/9507
f 9361/9616 9356/9631 9377/9632 9387/9617
f 9345/9573 9388/9633 9357/9634 9333/9574
f 9348/9635 9358/9636 9389/9637 9353/9638
f 9354/9639 9348/9635 9353/9638 9355/9640
f 9333/9569 9357/9630 9372/9629 9343/9570
f 9355/9640 9377/9632 9356/9631 9354/9639
f 9370/9641 9352/9505 9348/9508 9354/9642
f 9358/9636 9357/9634 9388/9633 9389/9637
f 9354/9642 9356/9605 9382/9604 9370/9641
f 9366/9585 9369/9586 9346/9551 9350/9554
f 9342/9501 9336/9504 9338/9643 9337/9644
f 11119/9545 9342/9548 9337/9645 11118/9646
f 9398/9647 9406/9648 9409/9649 9401/9650
f 9394/9651 9402/9652 9405/9653 9397/9654
f 9400/9655 9408/9656 9407/9657 9399/9658
f 9396/9659 9404/9660 9403/9661 9395/9662
f 9399/9658 9407/9657 9406/9648 9398/9647
f 9401/9650 9409/9649 9408/9663 9400/9664
f 9395/9662 9403/9661 9402/9652 9394/9651
f 9397/9654 9405/9653 9404/9665 9396/9666
f 9415/9667 9427/9668 9429/9669 9417/9670
f 9418/9671 9430/9672 9432/9673 9420/9674
f 9417/9670 9429/9669 9428/9675 9416/9676
f 9416/9676 9428/9675 9426/9677 9414/9678
f 9413/9679 9425/9680 9424/9681 9412/9682
f 9414/9678 9426/9677 9427/9683 9415/9684
f 9411/9685 9423/9686 9425/9680 9413/9679
f 9420/9674 9432/9673 9433/9687 9421/9688
f 9410/9689 9422/9690 9423/9686 9411/9685
f 9421/9691 9433/9692 9431/9693 9419/9694
f 9412/9682 9424/9681 9422/9695 9410/9696
f 9419/9694 9431/9693 9430/9672 9418/9671
f 9443/9697 9455/9698 9454/9699 9442/9700
f 9437/9701 9449/9702 9448/9703 9436/9704
f 9445/9705 9457/9706 9455/9698 9443/9697
f 9436/9707 9448/9708 9446/9709 9434/9710
f 9444/9711 9456/9712 9457/9713 9445/9714
f 9439/9715 9451/9716 9450/9717 9438/9718
f 9442/9700 9454/9699 9456/9712 9444/9711
f 9441/9719 9453/9720 9451/9716 9439/9715
f 9440/9721 9452/9722 9453/9723 9441/9724
f 9434/9710 9446/9709 9447/9725 9435/9726
f 9438/9718 9450/9717 9452/9722 9440/9721
f 9435/9726 9447/9725 9449/9702 9437/9701
f 9464/9727 9479/9728 9476/9729 9467/9730
f 9469/9731 9474/9732 9475/9733 9468/9734
f 9459/9735 9488/9736 9489/9737 9458/9738
f 9458/9738 9489/9737 9486/9739 9461/9740
f 9461/9740 9486/9739 9487/9741 9460/9742
f 9466/9743 9477/9744 9478/9745 9465/9746
f 9473/9747 9482/9748 9483/9749 9472/9750
f 9462/9751 9481/9752 9474/9732 9469/9731
f 9468/9753 9475/9754 9480/9755 9463/9756
f 9472/9757 9483/9758 9484/9759 9471/9760
f 9471/9760 9484/9759 9485/9761 9470/9762
f 9467/9730 9476/9729 9477/9744 9466/9743
f 9470/9762 9485/9761 9482/9748 9473/9747
f 9465/9746 9478/9745 9479/9763 9464/9764
f 9460/9765 9487/9766 9488/9736 9459/9735
f 9463/9756 9480/9755 9481/9752 9462/9751
f 9503/9767 9524/9768 9525/9769 9502/9770
f 9492/9771 9509/9772 9508/9773 9493/9774
f 9502/9770 9525/9769 9522/9775 9513/9776
f 9493/9774 9508/9773 9518/9777 9501/9778
f 9498/9779 9521/9780 9520/9781 9499/9782
f 9528/9783 9515/9784 9516/9785 9527/9786
f 9527/9786 9516/9785 9517/9787 9526/9788
f 9497/9789 9504/9790 9521/9780 9498/9779
f 9512/9791 9523/9792 9524/9768 9503/9767
f 9499/9782 9520/9781 9505/9793 9496/9794
f 9495/9795 9506/9796 9511/9797 9490/9798
f 9501/9778 9518/9777 9519/9799 9500/9800
f 9529/9722 9514/9801 9515/9784 9528/9783
f 9513/9776 9522/9775 9523/9802 9512/9803
f 9490/9798 9511/9797 9510/9804 9491/9805
f 9494/9806 9507/9807 9506/9808 9495/9809
f 9496/9794 9505/9793 9504/9810 9497/9811
f 9491/9805 9510/9804 9507/9807 9494/9806
f 9526/9812 9517/9813 9514/9801 9529/9722
f 9500/9814 9519/9815 9509/9772 9492/9771
f 9616/9816 9716/9817 9717/9818 9617/9819
f 9597/9820 9697/9821 9695/9822 9595/9823
f 9576/9824 9676/9825 9677/9826 9577/9827
f 9589/9828 9689/9829 9688/9830 9588/9831
f 9575/9832 9675/9833 9724/9834 9624/9835
f 9545/9836 9645/9837 9644/9838 9544/9839
f 9606/9840 9706/9841 9720/9842 9620/9843
f 9584/9844 9684/9845 9668/9846 9568/9847
f 9572/9848 9672/9849 9673/9850 9573/9851
f 9588/9852 9688/9853 9682/9854 9582/9855
f 9559/9856 9659/9857 9658/9858 9558/9859
f 9622/9860 9722/9861 9728/9862 9628/9863
f 9579/9864 9679/9865 9693/9866 9593/9867
f 9533/9868 9633/9869 9642/9870 9542/9871
f 9556/9649 9656/9650 9657/9647 9557/9648
f 9554/9872 9654/9873 9655/9874 9555/9875
f 9536/9876 9636/9877 9634/9878 9534/9828
f 9574/9879 9674/9880 9675/9881 9575/9882
f 9595/9823 9695/9822 9694/9883 9594/9884
f 9590/9885 9690/9886 9691/9887 9591/9888
f 9630/9889 9730/9890 9716/9817 9616/9816
f 9615/9891 9715/9892 9714/9893 9614/9894
f 9585/9895 9685/9896 9684/9845 9584/9844
f 9587/9897 9687/9898 9703/9899 9603/9900
f 9631/9901 9731/9902 9730/9890 9630/9889
f 9600/9903 9700/9904 9701/9905 9601/9906
f 9558/9859 9658/9858 9654/9873 9554/9872
f 9582/9855 9682/9854 9683/9877 9583/9876
f 9563/9907 9663/9908 9662/9909 9562/9910
f 9573/9911 9673/9912 9690/9886 9590/9885
f 9548/9913 9648/9914 9649/9915 9549/9916
f 9598/9827 9698/9826 9704/9917 9604/9918
f 9567/9919 9667/9920 9663/9908 9563/9907
f 9624/9835 9724/9834 9725/9921 9625/9922
f 9620/9843 9720/9842 9721/9923 9621/9924
f 9560/9925 9660/9926 9661/9927 9561/9928
f 9612/9929 9712/9930 9713/9931 9613/9932
f 9608/9933 9708/9934 9709/9935 9609/9936
f 9561/9663 9661/9664 9656/9650 9556/9649
f 9593/9867 9693/9866 9692/9937 9592/9938
f 9613/9939 9713/9940 9711/9941 9611/9942
f 9543/9943 9643/9944 9632/9945 9532/9946
f 9601/9947 9701/9948 9719/9949 9619/9950
f 9547/9951 9647/9952 9639/9953 9539/9954
f 9629/9955 9729/9956 9723/9957 9623/9958
f 9552/9959 9652/9960 9653/9961 9553/9962
f 9596/9872 9696/9963 9697/9964 9597/9965
f 9621/9966 9721/9967 9707/9968 9607/9969
f 9625/9922 9725/9921 9674/9880 9574/9879
f 9614/9894 9714/9893 9670/9970 9570/9971
f 9568/9847 9668/9846 9669/9972 9569/9973
f 9628/9863 9728/9862 9729/9956 9629/9955
f 9549/9916 9649/9915 9650/9658 9550/9657
f 9564/9969 9664/9968 9665/9974 9565/9840
f 9609/9975 9709/9976 9727/9977 9627/9978
f 9604/9918 9704/9917 9705/9979 9605/9980
f 9544/9839 9644/9838 9641/9981 9541/9982
f 9619/9950 9719/9949 9718/9983 9618/9984
f 9623/9958 9723/9957 9722/9985 9622/9986
f 9553/9966 9653/9987 9664/9968 9564/9969
f 9586/9988 9686/9989 9687/9898 9587/9897
f 9594/9884 9694/9883 9696/9963 9596/9872
f 9605/9990 9705/9991 9699/9992 9599/9824
f 9566/9993 9666/9994 9667/9995 9567/9996
f 9542/9871 9642/9870 9643/9997 9543/9998
f 9550/9657 9650/9658 9651/9999 9551/10000
f 9591/9888 9691/9887 9672/9849 9572/9848
f 9577/9827 9677/9826 9680/10001 9580/9918
f 9562/9910 9662/9909 9666/9994 9566/9993
f 9602/10002 9702/10003 9686/9989 9586/9988
f 9617/10004 9717/10005 9731/9902 9631/9901
f 9618/9984 9718/9983 9700/9904 9600/9903
f 9546/10006 9646/10007 9647/10008 9547/10009
f 9592/10010 9692/10011 9678/10012 9578/10013
f 9539/9954 9639/9953 9638/10014 9538/10015
f 9557/9648 9657/9647 9660/9926 9560/9925
f 9535/9852 9635/10016 9637/10017 9537/10018
f 9610/10019 9710/10020 9712/9930 9612/9929
f 9571/10021 9671/10022 9715/9892 9615/9891
f 9538/10015 9638/10014 9646/10007 9546/10006
f 9583/9876 9683/9877 9689/9829 9589/9828
f 9580/9918 9680/10001 9681/10023 9581/9980
f 9569/10024 9669/10025 9685/9896 9585/9895
f 9551/10026 9651/10027 9648/9914 9548/9913
f 9599/9824 9699/9992 9698/9826 9598/9827
f 9611/9942 9711/9941 9710/10020 9610/10019
f 9537/10018 9637/10017 9636/9877 9536/9876
f 9627/9978 9727/9977 9726/10028 9626/10029
f 9540/10030 9640/10031 9645/9837 9545/9836
f 9603/9900 9703/9899 9702/10032 9602/10033
f 9532/9946 9632/9945 9633/9869 9533/9868
f 9570/9971 9670/9970 9671/10034 9571/10035
f 9541/9982 9641/9981 9640/10036 9540/10037
f 9626/10029 9726/10028 9708/9934 9608/9933
f 9555/10038 9655/10039 9659/9857 9559/9856
f 9534/9828 9634/9878 9635/10040 9535/9831
f 9578/10013 9678/10012 9679/9865 9579/9864
f 9607/9969 9707/9968 9706/9841 9606/9840
f 9565/9840 9665/9974 9652/9960 9552/9959
f 9581/10041 9681/10042 9676/9825 9576/9824
f 9905/10043 10261/10044 10248/10045 9892/10046
f 9755/10047 10111/10048 10110/10049 9754/10050
f 10000/10051 10352/10052 10353/10053 10001/10054
f 10082/9982 10434/10055 10435/10056 10083/10057
f 9761/10058 10117/10059 10128/10060 9772/10061
f 9925/10062 10281/10063 10270/10064 9914/10065
f 9867/10066 10223/10067 10222/10068 9866/10069
f 9757/10070 10113/10071 10108/10072 9752/10073
f 10021/10074 10373/10075 10368/10076 10016/10077
f 9916/9789 10272/9790 10262/10078 9906/10079
f 10071/10080 10423/10081 10422/10082 10070/10083
f 10015/10084 10367/10085 10366/10086 10014/10087
f 9744/10088 10100/9711 10101/9700 9745/10089
f 9909/10090 10265/10091 10264/10092 9908/10093
f 9891/10094 10247/10095 10244/10096 9888/10006
f 9856/9699 10212/9700 10201/10097 9845/10098
f 9880/9776 10236/9775 10237/9802 9881/9803
f 9852/10099 10208/10100 10193/10101 9837/10102
f 9840/10103 10196/10104 10181/10105 9825/10106
f 9769/10107 10125/10108 10123/10109 9767/10110
f 10066/10111 10418/10112 10379/10113 10027/10114
f 9959/10115 10315/10116 10318/10117 9962/10118
f 9938/10119 10294/10120 10297/10121 9941/10122
f 9997/10123 10349/10124 10348/10125 9996/10126
f 9776/10127 10132/10128 10133/10129 9777/10130
f 9875/10131 10231/10132 10228/10133 9872/10134
f 10010/10135 10362/10136 10383/10137 10031/10138
f 9782/10010 10138/10139 10141/10140 9785/10141
f 9775/10142 10131/10143 10130/10144 9774/10145
f 9892/10046 10248/10045 10249/10146 9893/10147
f 9869/10148 10225/9688 10223/10067 9867/10066
f 9773/10149 10129/10150 10116/10151 9760/10152
f 9983/10153 10335/10154 10334/10155 9982/10156
f 10048/10157 10400/9857 10401/9858 10049/10158
f 9862/10159 10218/9775 10219/9802 9863/10160
f 10029/10161 10381/10162 10347/10163 9995/10164
f 9809/10165 10165/10166 10198/10167 9842/10168
f 9740/10141 10096/10169 10097/9769 9741/10170
f 9745/10089 10101/9700 10106/10097 9750/10171
f 9844/10172 10200/10173 10213/9711 9857/9712
f 9798/10174 10154/9801 10155/9784 9799/10175
f 9747/10176 10103/10177 10127/10178 9771/10179
f 10081/10180 10433/10181 10432/10182 10080/10183
f 9878/9767 10234/9768 10235/9769 9879/9770
f 9817/10184 10173/10185 10172/10186 9816/10187
f 9989/10188 10341/10189 10340/10190 9988/10191
f 9763/10192 10119/10193 10120/10194 9764/10195
f 10045/10196 10397/10197 10387/10198 10035/10199
f 9839/10200 10195/10201 10202/10055 9846/10202
f 10009/10203 10361/10204 10345/10205 9993/10061
f 9822/10206 10178/10207 10179/10208 9823/10209
f 9790/10210 10146/10211 10143/10212 9787/10122
f 9998/10213 10350/10214 10343/10215 9991/10216
f 10051/10159 10403/9873 10402/10217 10050/10160
f 9991/10216 10343/10215 10342/10218 9990/10219
f 9753/10220 10109/9696 10112/10101 9756/10102
f 10068/10202 10420/10221 10421/10222 10069/10223
f 9899/10224 10255/10225 10254/10226 9898/10227
f 10067/10228 10419/9963 10418/10229 10066/10230
f 9994/10231 10346/10232 10380/10233 10028/10234
f 9772/10061 10128/10060 10129/10235 9773/10236
f 9805/10237 10161/10238 10150/10239 9794/10240
f 9751/10241 10107/9714 10100/9711 9744/10088
f 9971/10242 10327/10243 10326/10244 9970/10245
f 9945/10246 10301/10078 10300/10247 9944/10248
f 9824/10249 10180/10250 10197/10251 9841/10252
f 9766/10253 10122/10254 10124/10255 9768/10256
f 9787/10122 10143/10212 10142/10257 9786/10258
f 9847/10259 10203/10260 10194/10261 9838/10262
f 9786/10263 10142/10264 10147/10265 9791/10266
f 9754/10050 10110/10049 10115/10267 9759/10268
f 9928/10179 10284/10178 10285/10269 9929/10270
f 10064/9891 10416/10271 10417/10272 10065/9894
f 10030/10273 10382/10274 10363/10275 10011/10276
f 9993/10061 10345/10205 10344/10277 9992/10236
f 9942/10278 10298/10247 10313/9793 9957/9794
f 10049/10158 10401/9858 10403/9873 10051/10159
f 9866/10069 10222/10068 10224/9694 9868/9693
f 9985/10106 10337/10279 10336/10280 9984/10281
f 9924/10282 10280/10283 10281/10063 9925/10062
f 10056/10284 10408/10285 10409/10286 10057/10287
f 9896/10288 10252/10289 10253/10290 9897/10291
f 9864/10141 10220/10169 10221/9769 9865/10170
f 9752/10073 10108/10072 10109/10292 9753/10293
f 9860/10199 10216/10198 10217/10294 9861/10295
f 9889/10296 10245/10297 10246/10298 9890/10299
f 10032/10300 10384/10301 10385/10302 10033/10303
f 10023/10304 10375/10305 10374/9733 10022/10306
f 9770/10307 10126/9813 10102/10308 9746/10309
f 10076/10310 10428/10311 10429/10312 10077/10313
f 10089/10314 10441/10315 10433/10181 10081/10180
f 9963/10316 10319/10317 10314/10318 9958/10319
f 9765/10320 10121/10321 10118/10322 9762/10323
f 9830/10268 10186/10267 10187/10324 9831/10325
f 9988/10326 10340/10327 10356/10328 10004/10329
f 9836/10070 10192/10071 10209/10239 9853/10073
f 10044/10330 10396/9674 10397/10197 10045/10196
f 10088/10331 10440/10332 10441/10333 10089/10334
f 9743/10335 10099/10238 10104/10239 9748/10336
f 9815/10337 10171/10338 10152/10339 9796/10340
f 9833/10341 10189/10342 10188/10343 9832/10344
f 10043/10345 10395/10346 10394/10347 10042/10348
f 9906/10079 10262/10078 10263/10247 9907/10278
f 10040/9971 10392/9970 10393/10034 10041/10035
f 9813/9746 10169/9745 10168/9763 9812/9764
f 9843/10349 10199/10350 10164/10351 9808/10352
f 9922/10353 10278/10354 10274/10355 9918/10356
f 9951/9794 10307/9793 10306/10357 9950/9811
f 9750/10171 10106/10097 10107/9705 9751/10358
f 9814/10359 10170/10189 10171/10360 9815/10361
f 10011/10276 10363/10275 10362/10136 10010/10135
f 9900/10362 10256/10363 10257/10364 9901/10365
f 9915/9791 10271/9792 10280/10283 9924/10282
f 9984/10366 10336/10367 10335/10154 9983/10153
f 9778/10368 10134/10369 10136/10370 9780/10371
f 9825/10106 10181/10105 10180/10372 9824/10281
f 9940/10373 10296/10374 10295/10375 9939/10376
f 9732/10377 9980/10378 9981/9737 9733/10379
f 10026/10380 10378/9883 10419/9963 10067/10228
f 9917/9794 10273/9793 10272/9810 9916/9811
f 10024/10304 10376/10305 10377/9733 10025/10306
f 9950/10381 10306/10382 10305/10078 9949/10079
f 9735/9789 10091/9790 10094/9780 9738/9779
f 9832/10383 10188/10384 10177/10385 9821/10386
f 10005/10387 10357/10388 10341/10189 9989/10188
f 10062/9894 10414/9893 10392/9970 10040/9971
f 9859/10389 10215/10390 10214/10391 9858/10392
f 9946/10336 10302/10393 10303/10394 9947/10395
f 9760/10152 10116/10151 10117/10059 9761/10058
f 10017/10396 10369/10397 10372/10398 10020/10399
f 10075/10400 10427/10401 10426/10402 10074/10403
f 9919/10404 10275/10405 10279/10406 9923/10407
f 9767/10110 10123/10109 10122/10408 9766/10409
f 10059/10410 10411/10411 10410/10412 10058/10413
f 10077/10313 10429/10312 10434/10055 10082/9982
f 9927/10309 10283/10308 10282/10177 9926/10176
f 9785/10141 10141/10140 10140/10414 9784/10415
f 9802/10416 10158/10417 10159/10418 9803/10419
f 9943/9779 10299/9780 10298/10247 9942/10278
f 9793/10420 10149/10421 10148/10422 9792/10335
f 9877/10423 10233/10424 10232/10425 9876/10426
f 10080/10183 10432/10182 10440/10332 10088/10331
f 9965/10427 10321/10428 10320/10429 9964/10430
f 9853/10073 10209/10239 10208/10431 9852/10432
f 9948/10278 10304/10247 10307/9793 9951/9794
f 10074/10403 10426/10402 10408/10285 10056/10284
f 9797/10433 10153/10434 10170/10189 9814/10359
f 9855/10435 10211/10436 10206/10437 9850/10438
f 9977/10439 10333/10440 10332/10441 9976/10442
f 9808/10352 10164/10351 10165/9667 9809/10443
f 10020/10399 10372/10398 10373/10444 10021/10445
f 9907/10278 10263/10247 10273/9793 9917/9794
f 9863/10010 10219/10011 10220/10169 9864/10141
f 9885/9713 10241/9714 10242/9711 9886/9712
f 9995/10164 10347/10163 10346/10446 9994/10447
f 10054/10448 10406/10367 10399/10449 10047/10153
f 10085/10450 10437/10451 10436/10452 10084/10453
f 9982/10156 10334/10155 10337/10279 9985/10106
f 9781/10454 10137/10455 10135/10456 9779/10457
f 9807/10458 10163/10459 10158/10417 9802/10416
f 9868/9693 10224/9694 10225/9691 9869/9692
f 9958/10319 10314/10318 10315/10116 9959/10115
f 9874/10460 10230/10461 10231/10132 9875/10131
f 10027/10114 10379/10113 10378/9883 10026/10380
f 9893/10147 10249/10146 10260/10163 9904/10462
f 9829/10047 10185/10048 10184/10049 9828/10050
f 10007/10463 10359/10464 10358/10465 10006/10466
f 9816/10187 10172/10186 10190/10178 9834/10467
f 9901/10468 10257/10469 10250/10470 9894/10471
f 10038/10472 10390/10473 10371/10474 10019/10475
f 10053/10476 10405/10477 10424/10478 10072/10479
f 10025/10480 10377/9754 10438/10464 10086/10463
f 9968/10481 10324/10482 10325/10483 9969/10484
f 9739/9782 10095/9781 10090/10485 9734/10486
f 9794/10240 10150/10239 10151/10431 9795/10432
f 9820/10487 10176/10488 10189/10342 9833/10341
f 9854/10489 10210/10490 10211/10491 9855/10492
f 9883/10089 10239/9700 10269/9697 9913/10493
f 9939/10376 10295/10375 10294/10120 9938/10119
f 9966/10494 10322/10495 10323/10496 9967/10497
f 9749/10148 10105/10100 10098/10101 9742/10066
f 9746/10309 10102/10308 10103/10177 9747/10176
f 9851/10498 10207/10499 10210/10490 9854/10489
f 9884/10098 10240/10097 10241/10500 9885/10501
f 9774/10502 10130/10503 10132/10128 9776/10127
f 9800/10504 10156/9785 10157/9719 9801/10505
f 9846/10202 10202/10055 10203/10506 9847/10223
f 9858/10392 10214/10391 10216/10198 9860/10199
f 9911/10507 10267/10508 10277/10509 9921/10510
f 10058/10413 10410/10412 10349/10124 9997/10123
f 9812/10511 10168/10512 10166/9729 9810/9730
f 9894/10471 10250/10470 10251/10513 9895/10514
f 9937/10515 10293/9793 10292/10357 9936/10516
f 9736/10159 10092/9775 10093/9802 9737/10160
f 9803/10419 10159/10418 10162/10121 9806/10517
f 9921/10510 10277/10509 10276/10518 9920/10519
f 9960/10520 10316/10521 10310/10522 9954/10523
f 9806/10517 10162/10121 10163/10518 9807/10519
f 9838/10262 10194/10261 10195/10201 9839/10200
f 9999/10524 10351/10525 10350/10526 9998/10527
f 9872/10134 10228/10133 10229/10528 9873/10529
f 9913/10493 10269/9697 10268/9705 9912/10358
f 9964/10430 10320/10429 10309/10530 9953/10531
f 10072/10479 10424/10478 10425/10532 10073/10533
f 9819/10534 10175/10535 10178/10207 9822/10206
f 9771/10179 10127/10178 10126/9787 9770/10536
f 10035/10199 10387/10198 10386/10294 10034/10295
f 9912/10241 10268/9714 10238/9711 9882/10088
f 9941/10122 10297/10121 10296/10537 9940/10538
f 9764/10195 10120/10194 10121/10321 9765/10320
f 9799/10175 10155/9784 10156/9785 9800/10504
f 10012/10114 10364/10539 10365/10540 10013/10380
f 9845/10098 10201/10097 10200/10500 9844/10501
f 10041/10541 10393/10369 10415/9892 10063/9891
f 10079/10542 10431/10543 10423/10081 10071/10080
f 9827/10544 10183/10545 10205/10546 9849/10547
f 9756/10102 10112/10101 10113/10071 9757/10070
f 9811/9743 10167/9744 10169/9745 9813/9746
f 9849/10547 10205/10546 10204/10548 9848/10549
f 10046/10156 10398/10550 10407/10279 10055/10551
f 9737/10010 10093/10011 10096/10169 9740/10141
f 9834/10467 10190/10178 10191/10269 9835/10270
f 10047/10153 10399/10449 10398/10550 10046/10156
f 9908/10093 10264/10092 10259/9870 9903/9871
f 10083/10534 10435/10260 10428/10311 10076/10310
f 9926/10176 10282/10177 10284/10178 9928/10179
f 9955/10552 10311/10553 10317/10554 9961/10555
f 10002/10413 10354/10412 10388/10556 10036/10557
f 10084/10453 10436/10452 10420/10221 10068/10202
f 9931/10558 10287/9721 10286/9718 9930/10559
f 9952/10560 10308/10561 10321/10428 9965/10427
f 9789/10336 10145/10393 10144/10506 9788/10223
f 9871/10562 10227/10563 10233/10424 9877/10423
f 9935/10066 10291/10067 10290/10068 9934/10069
f 9791/10266 10147/10265 10146/10211 9790/10210
f 9823/10209 10179/10208 10174/9981 9818/9982
f 10014/10564 10366/10565 10364/10539 10012/10114
f 10018/10566 10370/10567 10391/10568 10039/10569
f 10073/10533 10425/10532 10404/10064 10052/10065
f 10087/10466 10439/10465 10376/10305 10024/10304
f 10057/10570 10409/10571 10427/10401 10075/10400
f 9903/9871 10259/9870 10258/9997 9902/9998
f 10006/10466 10358/10465 10375/10305 10023/10304
f 10061/10541 10413/10369 10416/10271 10064/9891
f 9975/10331 10331/10572 10330/10573 9974/10334
f 9777/10130 10133/10129 10131/10143 9775/10142
f 9861/10574 10217/10575 10215/10390 9859/10389
f 9886/9712 10242/9711 10243/9700 9887/9699
f 9920/10458 10276/10459 10266/10576 9910/10577
f 9949/10079 10305/10078 10304/10247 9948/10278
f 9973/10578 10329/10579 10328/10580 9972/10581
f 9742/10066 10098/10101 10099/10238 9743/10335
f 9780/10371 10136/10370 10137/10455 9781/10454
f 9810/9730 10166/9729 10167/9744 9811/9743
f 9848/10549 10204/10548 10182/10582 9826/10583
f 10028/10234 10380/10233 10381/10162 10029/10161
f 9865/10170 10221/9769 10218/9775 9862/10159
f 9887/9699 10243/9700 10240/10097 9884/10098
f 9531/10584 9979/9739 9978/9741 9530/10585
f 9826/10583 10182/10582 10183/10324 9827/10586
f 9897/10587 10253/10588 10255/10225 9899/10224
f 10008/10589 10360/10590 10361/10204 10009/10203
f 9762/10323 10118/10322 10119/10591 9763/10592
f 9835/10593 10191/10594 10173/10185 9817/10184
f 9876/10595 10232/10596 10226/10597 9870/10598
f 9895/10514 10251/10513 10256/10363 9900/10362
f 9788/10599 10144/10600 10149/10421 9793/10420
f 10013/10380 10365/10540 10367/10085 10015/10084
f 9879/9770 10235/9769 10236/9775 9880/9776
f 9957/9794 10313/9793 10312/9810 9956/9811
f 9748/10336 10104/10239 10105/10431 9749/10395
f 10042/10601 10394/10602 10384/10301 10032/10300
f 9974/10603 10330/10604 10329/10579 9973/10578
f 9796/10340 10152/10339 10153/10434 9797/10433
f 9996/10605 10348/10606 10411/10411 10059/10410
f 9741/10170 10097/9769 10092/9775 9736/10159
f 9902/10607 10258/10608 10265/10091 9909/10090
f 9929/10307 10285/9813 10283/10308 9927/10309
f 9759/10268 10115/10267 10114/10324 9758/10325
f 10001/10609 10353/10610 10339/10611 9987/10612
f 9932/10613 10288/10614 10287/9721 9931/10558
f 9967/10615 10323/10616 10324/10482 9968/10481
f 9530/10617 9978/10618 9980/10378 9732/10377
f 9783/9867 10139/9866 10138/10217 9782/10160
f 10019/10475 10371/10474 10370/10567 10018/10566
f 9870/10598 10226/10597 10227/10563 9871/10562
f 9944/10248 10300/10247 10293/9793 9937/10515
f 10036/10557 10388/10556 10389/10619 10037/10620
f 10060/9971 10412/9970 10413/10034 10061/10035
f 9831/10621 10187/10622 10185/10048 9829/10047
f 9801/10623 10157/9724 10154/9801 9798/10174
f 9841/10252 10197/10251 10196/10104 9840/10103
f 10065/9894 10417/10272 10412/9970 10060/9971
f 9918/10356 10274/10355 10275/10624 9919/10625
f 9947/10148 10303/10626 10291/10067 9935/10066
f 9976/10627 10332/10628 10327/10243 9971/10242
f 10016/10077 10368/10076 10369/10397 10017/10396
f 10033/10303 10385/10302 10395/10346 10043/10345
f 10070/10629 10422/10630 10430/10631 10078/10632
f 9910/10577 10266/10576 10267/10508 9911/10507
f 9972/10581 10328/10580 10331/10572 9975/10331
f 10055/10551 10407/10279 10406/10633 10054/9800
f 9954/10523 10310/10522 10311/10553 9955/10552
f 9987/10612 10339/10611 10338/10634 9986/10635
f 10003/10636 10355/10637 10354/10412 10002/10413
f 9990/10219 10342/10218 10351/10525 9999/10524
f 9758/10621 10114/10622 10111/10048 9755/10047
f 9986/10635 10338/10634 10352/10052 10000/10051
f 10037/10638 10389/10639 10355/10637 10003/10636
f 10052/10065 10404/10064 10405/10640 10053/10641
f 10069/10259 10421/10594 10437/10451 10085/10450
f 9930/10559 10286/9718 10289/9715 9933/10642
f 9969/10484 10325/10483 10322/10495 9966/10494
f 10039/10569 10391/10568 10390/10643 10038/10644
f 10078/10632 10430/10631 10431/10543 10079/10542
f 9734/10486 10090/10485 10091/9810 9735/9811
f 9792/10335 10148/10422 10145/10393 9789/10336
f 9837/10102 10193/10101 10192/10071 9836/10070
f 9881/10645 10237/10011 10234/9768 9878/9767
f 9933/10642 10289/9715 10288/9719 9932/10505
f 9953/10531 10309/10530 10308/10646 9952/10647
f 9738/9779 10094/9780 10095/9781 9739/9782
f 9804/10648 10160/10649 10161/10238 9805/10237
f 9828/10050 10184/10049 10186/10267 9830/10268
f 9890/10299 10246/10298 10247/10095 9891/10094
f 10063/9891 10415/9892 10414/9893 10062/9894
f 9795/10650 10151/10651 10160/10649 9804/10648
f 9821/10386 10177/10385 10176/10488 9820/10487
f 10022/10480 10374/9754 10359/10464 10007/10463
f 9888/10006 10244/10096 10245/10652 9889/10009
f 9923/10407 10279/10406 10278/10354 9922/10353
f 9934/10069 10290/10068 10302/10393 9946/10336
f 9970/10245 10326/10244 10333/10440 9977/10439
f 9842/10168 10198/10167 10199/10350 9843/10349
f 9961/10555 10317/10554 10316/10653 9960/10654
f 9779/10457 10135/10456 10134/10655 9778/10656
f 9818/9982 10174/9981 10175/10036 9819/10037
f 10031/10138 10383/10137 10382/10657 10030/10658
f 10050/10659 10402/9792 10400/9857 10048/10157
f 9898/10227 10254/10226 10252/10289 9896/10288
f 9914/10065 10270/10064 10271/10660 9915/10661
f 9956/9789 10312/9790 10299/9780 9943/9779
f 10004/10329 10356/10328 10357/10388 10005/10387
f 9784/10415 10140/10414 10139/9866 9783/9867
f 9857/9712 10213/9711 10212/9700 9856/9699
f 9873/10662 10229/10663 10230/10461 9874/10460
f 9904/10462 10260/10163 10261/10664 9905/10665
f 9992/10666 10344/10667 10360/10590 10008/10589
f 10034/10574 10386/10575 10396/9674 10044/10330
f 10086/10463 10438/10464 10439/10465 10087/10466
f 9733/10379 9981/9737 9979/9739 9531/10584
f 9850/10438 10206/10437 10207/10499 9851/10498
f 9936/10668 10292/10382 10301/10078 9945/10246
f 9962/10118 10318/10117 10319/10669 9963/10670
f 9768/10256 10124/10255 10125/10108 9769/10107
f 9882/10088 10238/9711 10239/9700 9883/10089
f 10442/10671 10467/10672 10472/10673 10456/10674
f 11170/10675 11171/10676 10445/10677 10443/10678
f 10456/10679 10472/10680 10473/10681 10457/10682
f 10453/10683 10468/10684 10460/10685 10454/10686
f 10470/10687 10473/10681 10472/10673 10467/10672
f 10455/10688 10461/10689 10459/10690 10452/10691
f 10462/10692 10463/10693 10465/10694 10464/10695
f 10457/10682 10473/10681 10470/10687 10444/10696
f 10451/10697 10458/10698 10460/10699 10454/10700
f 10447/10701 10463/10693 10462/10692 10446/10702
f 10451/10703 10458/10704 10466/10705 10450/10706
f 11157/10707 11163/10708 10463/10709 10447/10710
f 10446/10711 10462/10712 10464/10713 10448/10714
f 11158/10715 11160/10716 10468/10717 10453/10718
f 10466/10705 10458/10704 10460/10685 10468/10684
f 10448/10719 10449/10720 10447/10721 10446/10722
f 11168/10723 11169/10724 10470/10725 10467/10726
f 11165/10727 10443/10728 10445/10729 11164/10730
f 11166/10731 10471/10732 10469/10733 11167/10734
f 10452/10735 10459/10736 10458/10737 10451/10738
f 10453/10683 10454/10686 10451/10739 10450/10740
f 10458/10737 10459/10736 10461/10689 10460/10741
f 11158/10715 10453/10718 10450/10742 11156/10743
f 10454/10744 10455/10688 10452/10745 10451/10746
f 11170/10747 11168/10723 10467/10726 10442/10748
f 11171/10676 11169/10749 10471/10750 10445/10677
f 11162/10751 10466/10752 10468/10717 11160/10716
f 11164/10753 11166/10754 10464/10755 10448/10756
f 10448/10719 10464/10695 10465/10694 10449/10720
f 10454/10744 10460/10741 10461/10689 10455/10688
f 11165/10757 11167/10734 10469/10733 10443/10758
f 10442/10759 10456/10760 10457/10682 10444/10696
f 10477/10761 10481/10762 10482/10763 10476/10764
f 10474/10765 10483/10766 10481/10762 10477/10761
f 10483/10767 10480/10768 10482/10763 10481/10762
f 10476/10764 10482/10763 10480/10769 10478/10770
f 10485/10771 10486/10772 10487/10773 10484/10774
f 10487/10773 10486/10772 10488/10775 10489/10776
f 10479/10777 10488/10778 10486/10772 10485/10771
f 10484/10774 10487/10773 10489/10779 10475/10780
f 10570/10781 10666/10782 10656/10783 10560/10784
f 10540/10785 10636/10786 10635/10787 10539/10788
f 10582/10789 10678/10790 10660/10791 10564/10792
f 10511/10793 10607/10794 10609/10795 10513/10796
f 10575/10797 10671/10798 10673/10799 10577/10800
f 10579/10801 10675/10802 10676/10803 10580/10804
f 10547/10805 10643/10806 10645/10807 10549/10808
f 10554/10809 10650/10810 10604/10811 10508/10812
f 10581/10813 10677/10814 10672/10815 10576/10816
f 10526/10817 10622/10818 10639/10819 10543/10820
f 10500/10821 10596/10822 10594/10823 10498/10824
f 10513/10796 10609/10795 10664/10825 10568/10826
f 10542/10827 10638/10828 10641/10829 10545/10830
f 10502/10831 10598/10832 10600/10833 10504/10834
f 10550/10835 10646/10836 10612/10837 10516/10838
f 10509/10839 10605/10840 10602/10841 10506/10842
f 10533/10843 10629/10844 10631/10845 10535/10846
f 10585/10847 10681/10848 10678/10790 10582/10789
f 10506/10842 10602/10841 10651/10849 10555/10850
f 10590/10851 10586/10852 10588/10853 10591/10854
f 10593/10855 10589/10856 10587/10857 10592/10858
f 10598/10832 10597/10859 10595/10860 10600/10861
f 10601/10862 10594/10863 10596/10822 10599/10864
f 10617/10865 10618/10866 10620/10867 10614/10868
f 10616/10869 10621/10870 10619/10871 10615/10872
f 10630/10873 10626/10874 10628/10875 10633/10876
f 10631/10845 10629/10844 10627/10877 10632/10878
f 10638/10879 10625/10880 10623/10881 10641/10829
f 10639/10819 10622/10818 10624/10882 10640/10883
f 10637/10884 10645/10885 10643/10806 10634/10886
f 10636/10786 10642/10887 10644/10888 10635/10889
f 10605/10890 10653/10891 10651/10849 10602/10841
f 10604/10811 10650/10810 10652/10892 10603/10893
f 10664/10825 10609/10795 10607/10894 10663/10895
f 10665/10896 10606/10897 10608/10898 10662/10899
f 10648/10900 10613/10901 10611/10902 10647/10903
f 10649/10904 10610/10905 10612/10837 10646/10836
f 10675/10802 10673/10799 10671/10906 10676/10907
f 10656/10783 10666/10782 10668/10908 10655/10909
f 10674/10910 10670/10911 10672/10815 10677/10814
f 10657/10912 10669/10913 10667/10914 10654/10915
f 10680/10916 10661/10917 10659/10918 10679/10919
f 10681/10920 10658/10921 10660/10791 10678/10790
f 10546/10922 10642/10887 10636/10786 10540/10785
f 10523/10923 10619/10924 10621/10870 10525/10925
f 10534/10926 10630/10927 10633/10876 10537/10928
f 10493/10929 10589/10856 10593/10855 10497/10930
f 10564/10792 10660/10791 10658/10931 10562/10932
f 10555/10850 10651/10849 10653/10933 10557/10934
f 10571/10935 10667/10914 10669/10936 10573/10937
f 10552/10938 10648/10900 10647/10939 10551/10940
f 10561/10941 10657/10942 10654/10915 10558/10943
f 10577/10800 10673/10799 10675/10802 10579/10801
f 10531/10944 10627/10945 10629/10844 10533/10843
f 10558/10943 10654/10915 10667/10914 10571/10935
f 10527/10946 10623/10881 10625/10947 10529/10948
f 10548/10949 10644/10950 10642/10887 10546/10922
f 10569/10951 10665/10952 10662/10899 10566/10953
f 10537/10928 10633/10876 10628/10875 10532/10954
f 10492/10955 10588/10853 10586/10956 10490/10957
f 10515/10958 10611/10959 10613/10901 10517/10960
f 10578/10961 10674/10962 10677/10814 10581/10813
f 10576/10816 10672/10815 10670/10963 10574/10964
f 10525/10925 10621/10870 10616/10869 10520/10965
f 10565/10966 10661/10917 10680/10916 10584/10967
f 10521/10968 10617/10969 10614/10868 10518/10970
f 10517/10960 10613/10901 10648/10900 10552/10938
f 10524/10971 10620/10867 10618/10972 10522/10973
f 10535/10846 10631/10845 10632/10974 10536/10975
f 10494/10976 10590/10977 10591/10854 10495/10978
f 10563/10979 10659/10980 10661/10917 10565/10966
f 10541/10981 10637/10982 10634/10886 10538/10983
f 10556/10984 10652/10985 10650/10810 10554/10809
f 10572/10986 10668/10987 10666/10782 10570/10781
f 10508/10812 10604/10811 10603/10988 10507/10989
f 10553/10990 10649/10991 10646/10836 10550/10835
f 10503/10992 10599/10864 10596/10822 10500/10821
f 10538/10983 10634/10886 10643/10806 10547/10805
f 10495/10978 10591/10854 10588/10853 10492/10955
f 10532/10954 10628/10875 10626/10993 10530/10994
f 10584/10967 10680/10916 10679/10995 10583/10996
f 10518/10970 10614/10868 10620/10867 10524/10971
f 10543/10820 10639/10819 10640/10997 10544/10998
f 10501/10999 10597/10859 10598/10832 10502/10831
f 10560/10784 10656/10783 10655/11000 10559/11001
f 10528/11002 10624/11003 10622/10818 10526/10817
f 10505/11004 10601/11005 10599/10864 10503/10992
f 10566/10953 10662/10899 10608/10898 10512/11006
f 10499/11007 10595/11008 10597/10859 10501/10999
f 10491/11009 10587/11010 10589/10856 10493/10929
f 10516/10838 10612/10837 10610/11011 10514/11012
f 10545/10830 10641/10829 10623/10881 10527/10946
f 10568/10826 10664/10825 10663/11013 10567/11014
f 10520/10965 10616/10869 10615/11015 10519/11016
f 10512/11006 10608/10898 10606/11017 10510/11018
f 10497/10930 10593/10855 10592/11019 10496/11020
f 10765/11021 10869/11022 10868/11023 10764/11024
f 10742/11025 10846/11026 10808/11027 10721/11028
f 10766/11029 10870/11030 10871/11031 10767/11032
f 10685/11033 10830/11034 10836/11035 10732/11036
f 10703/11037 10780/11038 10883/11039 10795/11040
f 10770/11041 10874/11042 10875/11043 10771/11044
f 10741/11045 10845/11046 10844/11047 10740/11048
f 10784/11049 10876/11050 10790/11051 10705/11052
f 10751/11053 10855/11054 10781/11055 10702/11056
f 10753/11057 10857/11058 10817/11059 10722/11060
f 10706/11061 10826/11062 10877/11063 10785/11064
f 10762/11065 10866/11066 10865/11067 10761/11068
f 10793/11069 10881/11070 10822/11071 10726/11072
f 10708/11073 10783/11074 10887/11075 10801/11076
f 10755/11077 10859/11078 10827/11079 10707/11080
f 10785/11064 10877/11063 10876/11050 10784/11049
f 10740/11048 10844/11047 10821/11081 10690/11082
f 10761/11068 10865/11067 10772/11083 10715/11084
f 10771/11044 10875/11043 10786/11085 10729/11086
f 10865/11067 10866/11066 10834/11087 10772/11088
f 10843/11089 10842/11090 10776/11091 10774/11092
f 10859/11078 10860/11093 10791/11094 10827/11095
f 10853/11096 10852/11097 10819/11098 10807/11099
f 10863/11100 10864/11101 10804/11102 10813/11103
f 10846/11026 10847/11104 10787/11105 10808/11106
f 10857/11058 10858/11107 10823/11108 10817/11109
f 10855/11054 10856/11110 10810/11111 10781/11112
f 10844/11047 10845/11046 10824/11113 10821/11114
f 10862/11115 10861/11116 10779/11117 10782/11118
f 10841/11119 10840/11120 10828/11121 10797/11122
f 10837/11123 10836/11035 10830/11124 10832/11125
f 10849/11126 10848/11127 10839/11128 10815/11129
f 10833/11130 10831/11131 10854/11132 10867/11133
f 10796/11134 10829/11135 10868/11023 10869/11022
f 10775/11136 10777/11137 10851/11138 10850/11139
f 10820/11140 10825/11141 10871/11031 10870/11030
f 10806/11142 10818/11143 10873/11144 10872/11145
f 10773/11146 10835/11147 10885/11148 10884/11149
f 10780/11150 10811/11151 10882/11152 10883/11039
f 10826/11153 10790/11154 10876/11050 10877/11063
f 10783/11155 10778/11156 10886/11157 10887/11075
f 10814/11158 10838/11159 10879/11160 10878/11161
f 10816/11162 10822/11163 10881/11070 10880/11164
f 10809/11165 10786/11166 10875/11043 10874/11042
f 10812/11167 10805/11168 10888/11169 10889/11170
f 10769/11171 10873/11144 10818/11172 10701/11173
f 10696/11174 10824/11175 10845/11046 10741/11045
f 10704/11176 10791/11177 10860/11093 10756/11178
f 10798/11179 10884/11149 10885/11148 10799/11180
f 10754/11181 10858/11107 10857/11058 10753/11057
f 10752/11182 10856/11110 10855/11054 10751/11053
f 10699/11183 10806/11184 10872/11145 10768/11185
f 10745/11186 10849/11126 10815/11187 10717/11188
f 10760/11189 10864/11101 10863/11100 10759/11190
f 10736/11191 10840/11120 10841/11119 10737/11192
f 10767/11032 10871/11031 10825/11193 10697/11194
f 10788/11195 10878/11161 10879/11160 10789/11196
f 10747/11197 10851/11138 10777/11198 10694/11199
f 10712/11200 10779/11201 10861/11116 10757/11202
f 10738/11203 10842/11090 10843/11089 10739/11204
f 10727/11205 10823/11206 10858/11107 10754/11181
f 10687/11207 10828/11208 10840/11120 10736/11191
f 10711/11209 10810/11210 10856/11110 10752/11182
f 10733/11211 10837/11123 10832/11212 10683/11213
f 10700/11214 10819/11215 10852/11097 10748/11216
f 10692/11217 10775/11218 10850/11139 10746/11219
f 10743/11220 10847/11104 10846/11026 10742/11025
f 10723/11221 10816/11222 10880/11164 10792/11223
f 10803/11224 10889/11170 10888/11169 10802/11225
f 10695/11226 10776/11227 10842/11090 10738/11203
f 10759/11190 10863/11100 10813/11228 10719/11229
f 10792/11223 10880/11164 10881/11070 10793/11069
f 10756/11178 10860/11093 10859/11078 10755/11077
f 10691/11230 10820/11231 10870/11030 10766/11029
f 10720/11232 10809/11233 10874/11042 10770/11041
f 10730/11234 10834/11235 10866/11066 10762/11065
f 10688/11236 10796/11237 10869/11022 10765/11021
f 10718/11238 10812/11239 10889/11170 10803/11224
f 10746/11219 10850/11139 10851/11138 10747/11197
f 10757/11202 10861/11116 10862/11115 10758/11240
f 10801/11076 10887/11075 10886/11157 10800/11241
f 10735/11242 10839/11243 10848/11127 10744/11244
f 10748/11216 10852/11097 10853/11096 10749/11245
f 10764/11024 10868/11023 10829/11246 10686/11247
f 10795/11040 10883/11039 10882/11152 10794/11248
f 10716/11249 10814/11250 10878/11161 10788/11195
f 10763/11251 10867/11133 10854/11132 10750/11252
f 10789/11196 10879/11160 10838/11253 10734/11254
f 10758/11240 10862/11115 10782/11255 10709/11256
f 10802/11225 10888/11169 10805/11257 10725/11258
f 10768/11185 10872/11145 10873/11144 10769/11171
f 10750/11252 10854/11132 10831/11259 10684/11260
f 10714/11261 10773/11262 10884/11149 10798/11179
f 10737/11192 10841/11119 10797/11263 10689/11264
f 10749/11245 10853/11096 10807/11265 10698/11266
f 10739/11204 10843/11089 10774/11267 10693/11268
f 10682/11269 10833/11270 10867/11133 10763/11251
f 10800/11241 10886/11157 10778/11271 10713/11272
f 10744/11244 10848/11127 10849/11126 10745/11186
f 10799/11180 10885/11148 10835/11273 10731/11274
f 10728/11275 10787/11276 10847/11104 10743/11220
f 10794/11248 10882/11152 10811/11277 10710/11278
f 10724/11279 10804/11280 10864/11101 10760/11189
f 10732/11036 10836/11035 10837/11123 10733/11211
f 10940/11281 10941/11282 10943/11283 10942/11284
f 10943/11283 11045/11285 11044/11286 10942/11284
f 10936/11287 10937/11288 10939/11289 10938/11290
f 10939/11289 11041/11291 11040/11292 10938/11290
f 10935/11293 11037/11294 11036/11295 10934/11296
f 10927/11297 11029/11298 11028/11299 10926/11300
f 10931/11301 11033/11302 11032/11303 10930/11304
f 11010/11305 11012/11306 11013/11307 11011/11308
f 10916/11309 11018/11310 11019/11311 10917/11312
f 10908/11313 11010/11314 11011/11315 10909/11316
f 10904/11317 11006/11318 11007/11319 10905/11320
f 11006/11321 11008/11322 11009/11323 11007/11324
f 10912/11325 11014/11326 11015/11327 10913/11328
f 11014/11329 11016/11292 11017/11291 11015/11330
f 11018/11331 11020/11332 11021/11333 11019/11334
f 10920/11335 11022/11336 11023/11337 10921/11338
f 11022/11339 11024/11340 11025/11341 11023/11342
f 10924/11343 10925/11344 10927/11297 10926/11300
f 10928/11345 10929/11346 10931/11301 10930/11304
f 10920/11335 10921/11338 10923/11347 10922/11348
f 10923/11347 11025/11341 11024/11340 10922/11348
f 10924/11343 11026/11349 11027/11350 10925/11344
f 10932/11351 10933/11352 10935/11293 10934/11296
f 10936/11287 11038/11353 11039/11354 10937/11288
f 11034/11355 11036/11295 11037/11294 11035/11356
f 10932/11351 11034/11357 11035/11358 10933/11352
f 10928/11345 11030/11359 11031/11360 10929/11346
f 10919/11361 11021/11333 11020/11332 10918/11348
f 10916/11309 10917/11312 10919/11361 10918/11348
f 10940/11281 11042/11362 11043/11363 10941/11282
f 10911/11364 11013/11307 11012/11306 10910/11365
f 10907/11366 11009/11323 11008/11322 10906/11367
f 10915/11289 11017/11291 11016/11292 10914/11290
f 10908/11313 10909/11316 10911/11364 10910/11365
f 10900/11368 10901/11369 10903/11370 10902/11371
f 10912/11325 10913/11328 10915/11289 10914/11290
f 10904/11317 10905/11320 10907/11366 10906/11367
f 10900/11368 11002/11372 11003/11373 10901/11369
f 10903/11370 11005/11374 11004/11375 10902/11371
f 10892/11351 10893/11352 10895/11376 10894/11377
f 11002/11378 11004/11375 11005/11374 11003/11379
f 10896/11281 10998/11362 10999/11363 10897/11282
f 10998/11380 11000/11286 11001/11285 10999/11381
f 10895/11376 10890/11382 10891/11383 10894/11377
f 10949/11384 11051/11302 11050/11303 10948/11304
f 10946/11385 11048/11386 11049/11387 10947/11388
f 10958/11389 11060/11390 11061/11391 10959/11392
f 10974/11393 11076/11394 11077/11395 10975/11396
f 11047/11397 11049/11398 11048/11399 11046/11400
f 10949/11384 10948/11304 10950/11345 10951/11401
f 10953/11402 10952/11403 10954/11393 10955/11404
f 11051/11302 11053/11405 11052/11406 11050/11303
f 10899/11283 11001/11285 11000/11286 10898/11284
f 10896/11281 10897/11282 10899/11283 10898/11284
f 10953/11402 11055/11407 11054/11408 10952/11403
f 11059/11409 11061/11410 11060/11411 11058/11412
f 10962/11413 11064/11414 11065/11415 10963/11416
f 10961/11417 10960/11418 10962/11413 10963/11416
f 10985/11419 11087/11420 11086/11421 10984/11422
f 10973/11423 11075/11424 11074/11425 10972/11426
f 10966/11427 11068/11428 11069/11429 10967/11430
f 11071/11431 11073/11432 11072/11433 11070/11434
f 10965/11384 10964/11304 10966/11427 10967/11430
f 10970/11435 11072/11436 11073/11437 10971/11438
f 11063/11439 11065/11440 11064/11441 11062/11442
f 10973/11423 10972/11426 10974/11393 10975/11396
f 10957/11443 10956/11444 10958/11389 10959/11392
f 11067/11445 11069/11405 11068/11406 11066/11446
f 11079/11302 11081/11447 11080/11448 11078/11303
f 10977/11384 10976/11304 10978/11345 10979/11401
f 10977/11384 11079/11302 11078/11303 10976/11304
f 10981/11376 10980/11377 10982/11351 10983/11352
f 10982/11351 11084/11449 11085/11450 10983/11352
f 10985/11419 10984/11422 10986/11451 10987/11452
f 10990/11281 11092/11362 11093/11363 10991/11282
f 10994/11393 11096/11394 11097/11395 10995/11396
f 10993/11453 10992/11403 10994/11393 10995/11396
f 10989/11283 10988/11284 10990/11281 10991/11282
f 11095/11407 11097/11308 11096/11454 11094/11455
f 10989/11283 11091/11285 11090/11286 10988/11284
f 10993/11453 11095/11407 11094/11455 10992/11403
f 11091/11285 11093/11381 11092/11380 11090/11286
f 11055/11407 11057/11308 11056/11305 11054/11408
f 10954/11393 11056/11456 11057/11395 10955/11404
f 10950/11345 11052/11457 11053/11360 10951/11401
f 10957/11443 11059/11409 11058/11412 10956/11444
f 10945/11458 10997/11459 11047/11397 11046/11400
f 10946/11385 10947/11388 10997/11459 10945/11458
f 10961/11417 11063/11439 11062/11442 10960/11418
f 10978/11345 11080/11457 11081/11360 10979/11401
f 10965/11384 11067/11445 11066/11446 10964/11304
f 11083/11382 11085/11356 11084/11355 11082/11383
f 11075/11424 11077/11460 11076/11461 11074/11425
f 10969/11462 11071/11431 11070/11434 10968/11463
f 10969/11462 10968/11463 10970/11435 10971/11438
f 11087/11420 11089/11464 11088/11465 11086/11421
f 10986/11451 11088/11466 11089/11467 10987/11452
f 10981/11376 11083/11382 11082/11383 10980/11377
f 11038/11468 11040/11292 11041/11291 11039/11469
f 11030/11448 11032/11303 11033/11302 11031/11447
f 11042/11380 11044/11286 11045/11285 11043/11381
f 11026/11470 11028/11299 11029/11298 11027/11471
f 10996/11355 10891/11383 10890/11382 10944/11356
f 10892/11351 10996/11449 10944/11450 10893/11352
f 11155/11472 11110/11473 11109/11474 11154/11475
f 11108/11476 11109/11477 11110/11478 11107/11479
f 11111/11480 11106/11481 11114/11482 11112/11483
f 11105/11475 11104/11484 11111/11480 11112/11483
f 11099/11485 11098/11486 11100/11475 11101/11487
f 11115/11488 11114/11475 11106/11472 11113/11489
f 11113/11490 11155/11491 11154/11492 11151/11493
f 11099/11485 11103/11494 11102/11495 11098/11486
f 11103/11496 11117/11475 11116/11497 11102/11498
f 9350/9531 9392/9596 11124/9595 11120/9532
f 9337/11499 9374/9584 11123/9583 11118/11500
f 9367/11501 11121/11502 11120/9497 9349/9500
f 9341/11503 9373/11504 11125/11505 11119/11506
f 9367/11501 9378/11507 11122/11508 11121/11502
f 9362/9523 11123/9522 11122/11508 9378/11507
f 9393/9499 11124/9498 11125/11505 9373/11504
f 9341/11503 11119/11506 11118/11509 9330/11510
f 9343/11511 11126/11512 11129/11513 9339/11514
f 11126/11515 11127/11516 11128/11517 11129/11518
f 9332/11519 9371/9602 11132/9601 11128/11520
f 11128/11521 11132/11522 11133/11523 11129/11524
f 9370/11525 11134/11526 11130/9623 9352/9626
f 11134/11527 11135/11528 11131/11529 11130/11530
f 9343/11511 9372/11531 11138/11532 11126/11512
f 11126/11515 11138/11533 11139/11534 11127/11516
f 9370/11525 9382/11535 11140/9550 11134/11526
f 11134/11527 11140/11536 11141/11537 11135/11528
f 9386/9625 11136/9624 11138/11532 9372/11531
f 11136/11538 11137/11539 11139/11534 11138/11533
f 9384/9519 11133/9518 11140/9550 9382/11535
f 11133/11523 11132/11522 11141/11537 11140/11536
f 9351/9535 9385/9568 11137/9567 11131/9536
f 11131/11529 11137/11539 11136/11538 11130/11530
f 9373/9628 11143/9627 11145/11540 9393/11541
f 9335/11542 11146/11543 11142/11544 9331/11545
f 9349/11546 9393/11541 11145/11540 11144/11547
f 9368/9619 9379/9610 11147/9609 11148/9620
f 9330/11548 9362/11549 11149/11550 11142/11551
f 9378/9593 11147/9592 11149/11550 9362/11549
f 9349/11546 11144/11547 11148/9591 9367/9594
f 9335/11542 9360/9526 11143/9525 11146/11543
f 11104/11552 11150/11553 11152/11554 11153/11555
f 11153/11475 11152/11556 11108/11476 11107/11479
f 11104/11484 11105/11475 11150/11557
f 11113/11489 11151/11558 11115/11488
f 10450/11559 10466/10752 11162/10751 11156/11560
f 11156/11561 11162/11562 11163/11563 11157/11564
f 10449/11565 10465/11566 11161/11567 11159/11568
f 11159/11569 11161/11570 11160/11571 11158/11572
f 10449/11565 11159/11568 11157/11573 10447/11574
f 11159/11569 11158/11572 11156/11575 11157/11576
f 10463/10709 11163/10708 11161/11567 10465/11566
f 11163/11563 11162/11562 11160/11571 11161/11570
f 10446/11577 11165/11578 11164/10753 10448/10756
f 10464/10755 11166/10754 11167/11579 10462/11580
f 10445/10729 10471/10732 11166/10731 11164/10730
f 10446/11581 10462/11580 11167/11579 11165/11582
f 10442/11583 10444/11584 11171/11585 11170/11586
f 10469/11587 10471/10750 11169/10749 11168/11588
f 10443/11589 10469/11587 11168/11588 11170/11590
f 10444/11584 10470/10725 11169/10724 11171/11585
