# Blender v2.71 (sub 0) OBJ File: 'City_Building05.blend'
# www.blender.org
mtllib City_Building05.mtl
o Storey01_DoorFrames
v 1.200000 3.339999 0.000000
v 1.200000 4.259999 0.000000
v 1.200000 4.250000 0.009996
v 1.200000 3.350000 0.009996
v 1.150000 4.250001 0.010000
v 1.200000 4.250000 2.109999
v 1.150000 4.250001 2.109999
v 1.150000 3.350000 0.009996
v 1.150000 3.350000 2.109999
v 1.200000 3.350000 2.109999
v 1.200000 4.259999 2.120001
v 1.200000 3.339999 2.120001
v 8.350000 6.690000 0.010000
v 8.350000 6.690000 2.109999
v 8.349999 5.789998 0.009996
v 8.349999 5.789998 2.109999
v 8.350000 6.679999 0.020002
v 8.349999 5.799998 0.020000
v 8.349999 5.799998 2.099999
v 8.299999 5.799998 2.099999
v 8.299999 6.679999 2.099999
v 8.350000 6.679999 2.099999
v 8.299999 6.699998 0.000000
v 8.299999 5.779998 0.000000
v 8.299999 5.799998 0.020000
v 8.299999 6.679999 0.020000
v 8.299999 5.779998 2.120001
v 8.299999 6.699998 2.120001
v 6.840000 2.600001 0.000000
v 7.760000 2.599999 0.000000
v 7.750001 2.599999 0.009996
v 6.850000 2.600001 0.009996
v 7.750001 2.650001 0.010000
v 7.750001 2.599999 2.109999
v 7.750001 2.650001 2.109999
v 6.850000 2.650001 0.009996
v 6.850000 2.650001 2.109999
v 6.850000 2.600001 2.109999
v 7.740001 2.650001 0.020002
v 6.860000 2.650001 0.020000
v 6.860000 2.650001 2.099999
v 6.860000 2.700002 2.099999
v 7.740001 2.700002 2.099999
v 7.740001 2.650001 2.099999
v 7.760000 2.700002 0.000000
v 6.840000 2.700002 0.000000
v 6.860000 2.700002 0.020000
v 7.740001 2.700002 0.020000
v 6.840000 2.700002 2.120001
v 7.760000 2.599999 2.120001
v 7.760000 2.700002 2.120001
v 6.840000 2.600001 2.120001
v 6.299999 5.779999 0.000000
v 6.300001 6.699999 0.000000
v 6.300001 6.690001 0.009996
v 6.299999 5.789999 0.009996
v 6.250000 6.690001 0.010000
v 6.300001 6.690001 2.109999
v 6.250000 6.690001 2.109999
v 6.250000 5.789999 0.009996
v 6.250000 5.789999 2.109999
v 6.299999 5.789999 2.109999
v 6.250000 6.680001 0.020002
v 6.250000 5.800000 0.020000
v 6.250000 5.800000 2.099999
v 6.199998 5.800000 2.099999
v 6.199998 6.680001 2.099999
v 6.250000 6.680001 2.099999
v 6.199998 6.699999 0.000000
v 6.199998 5.779999 0.000000
v 6.199998 5.800000 0.020000
v 6.199998 6.680001 0.020000
v 6.199998 5.779999 2.120001
v 6.300001 6.699999 2.120001
v 6.199998 6.699999 2.120001
v 6.299999 5.779999 2.120001
vt 0.948380 0.679053
vt 0.948433 0.432335
vt 0.952665 0.434977
vt 0.952640 0.674792
vt 0.945800 0.279975
vt 0.956983 0.279975
vt 0.956944 0.749668
vt 0.945761 0.749667
vt 0.954987 0.276207
vt 0.966159 0.276205
vt 0.966262 0.745426
vt 0.955091 0.745428
vt 0.983581 0.676854
vt 0.970408 0.676856
vt 0.970381 0.439745
vt 0.983554 0.439744
vt 0.965988 0.434978
vt 0.965963 0.674793
vt 0.965433 0.271744
vt 0.965285 0.752007
vt 0.987793 0.435561
vt 0.987793 0.679528
vt 0.946758 0.753762
vt 0.946758 0.274042
vt 0.954629 0.596992
vt 0.954604 0.359796
vt 0.958673 0.362394
vt 0.958722 0.592899
vt 0.966053 0.674106
vt 0.952961 0.674108
vt 0.952907 0.443687
vt 0.966000 0.443684
vt 0.970092 0.439591
vt 0.970121 0.676704
vt 0.977008 0.357151
vt 0.977060 0.598135
vt 0.971819 0.592896
vt 0.971770 0.362391
vt 0.955007 0.283785
vt 0.966060 0.283786
vt 0.966038 0.743584
vt 0.954986 0.743583
vt 0.955390 0.283855
vt 0.966435 0.283855
vt 0.966415 0.743330
vt 0.955370 0.743329
vt 0.974227 0.275621
vt 0.974101 0.745730
vt 0.974662 0.275760
vt 0.974576 0.747832
vt 0.947725 0.679347
vt 0.947668 0.438452
vt 0.946818 0.751749
vt 0.946905 0.279413
vt 0.947104 0.751383
vt 0.947230 0.281543
vt 0.948272 0.601736
vt 0.948356 0.357718
vt 0.952541 0.360331
vt 0.952486 0.597522
vt 0.971638 0.277813
vt 0.982831 0.277813
vt 0.982791 0.747920
vt 0.971599 0.747919
vt 0.952606 0.282777
vt 0.963793 0.282774
vt 0.963897 0.752620
vt 0.952711 0.752622
vt 0.983949 0.676939
vt 0.970777 0.676936
vt 0.970830 0.439825
vt 0.984003 0.439828
vt 0.965663 0.597525
vt 0.965719 0.360334
vt 0.969787 0.362933
vt 0.969758 0.593434
vt 0.966710 0.674336
vt 0.953618 0.674335
vt 0.953644 0.443916
vt 0.966736 0.443917
vt 0.988123 0.357697
vt 0.988093 0.598675
vt 0.982854 0.593435
vt 0.982884 0.362935
vt 0.952419 0.285981
vt 0.963472 0.285979
vt 0.963535 0.745775
vt 0.952482 0.745776
vt 0.971954 0.285082
vt 0.983000 0.285077
vt 0.983204 0.744556
vt 0.972159 0.744561
vt 0.991223 0.276978
vt 0.991367 0.749055
vt 0.991289 0.269575
vt 0.991140 0.750262
vt 0.948380 0.679571
vt 0.948407 0.438679
vt 0.944317 0.753944
vt 0.944317 0.281610
vt 0.988244 0.435646
vt 0.988160 0.679617
vt 0.944367 0.760967
vt 0.944367 0.280609
vt 0.948089 0.602337
vt 0.948089 0.358320
vt 0.952275 0.360933
vt 0.952301 0.598123
vt 0.971747 0.276221
vt 0.982941 0.276223
vt 0.982817 0.746333
vt 0.971625 0.746329
vt 0.952129 0.283253
vt 0.963316 0.283250
vt 0.963420 0.753092
vt 0.952234 0.753095
vt 0.983503 0.676941
vt 0.970330 0.676942
vt 0.970303 0.439832
vt 0.983476 0.439831
vt 0.965479 0.598121
vt 0.965453 0.360932
vt 0.969522 0.363530
vt 0.969572 0.594028
vt 0.966263 0.674345
vt 0.953170 0.674348
vt 0.953119 0.443928
vt 0.966211 0.443925
vt 0.987857 0.358287
vt 0.987909 0.599263
vt 0.982669 0.594025
vt 0.982619 0.363527
vt 0.952527 0.284385
vt 0.963580 0.284386
vt 0.963561 0.744184
vt 0.952509 0.744183
vt 0.971477 0.285558
vt 0.982522 0.285553
vt 0.982727 0.745029
vt 0.971682 0.745034
vt 0.990746 0.277454
vt 0.990890 0.749528
vt 0.991400 0.267986
vt 0.991165 0.748676
vt 0.947934 0.679586
vt 0.947880 0.438692
vt 0.944342 0.752349
vt 0.944425 0.280013
vt 0.987715 0.435648
vt 0.987715 0.679617
vt 0.943889 0.761440
vt 0.943889 0.281085
usemtl Interior_Mat
s off
f 1/1 2/2 3/3 4/4
f 5/5 3/6 6/7 7/8
f 4/9 8/10 9/11 10/12
f 10/13 9/14 7/15 6/16
f 5/17 8/18 4/4 3/3
f 6/7 3/6 2/19 11/20
f 10/13 6/16 11/21 12/22
f 12/23 1/24 4/9 10/12
f 15/25 13/26 17/27 18/28
f 19/29 20/30 21/31 22/32
f 19/29 22/32 14/33 16/34
f 23/35 24/36 25/37 26/38
f 26/39 17/40 22/41 21/42
f 18/43 25/44 20/45 19/46
f 26/38 25/37 18/28 17/27
f 13/47 14/48 22/41 17/40
f 24/49 27/50 20/45 25/44
f 27/51 28/52 21/31 20/30
f 28/53 23/54 26/39 21/42
f 18/43 19/46 16/55 15/56
f 29/57 30/58 31/59 32/60
f 33/61 31/62 34/63 35/64
f 32/65 36/66 37/67 38/68
f 38/69 37/70 35/71 34/72
f 36/73 33/74 39/75 40/76
f 41/77 42/78 43/79 44/80
f 41/77 44/80 35/71 37/70
f 45/81 46/82 47/83 48/84
f 48/85 39/86 44/87 43/88
f 40/89 47/90 42/91 41/92
f 48/84 47/83 40/76 39/75
f 33/74 36/73 32/60 31/59
f 33/61 35/64 44/87 39/86
f 46/93 49/94 42/91 47/90
f 34/63 31/62 30/95 50/96
f 49/97 51/98 43/79 42/78
f 51/99 45/100 48/85 43/88
f 38/69 34/72 50/101 52/102
f 52/103 29/104 32/65 38/68
f 40/89 41/92 37/67 36/66
f 53/105 54/106 55/107 56/108
f 57/109 55/110 58/111 59/112
f 56/113 60/114 61/115 62/116
f 62/117 61/118 59/119 58/120
f 60/121 57/122 63/123 64/124
f 65/125 66/126 67/127 68/128
f 65/125 68/128 59/119 61/118
f 69/129 70/130 71/131 72/132
f 72/133 63/134 68/135 67/136
f 64/137 71/138 66/139 65/140
f 72/132 71/131 64/124 63/123
f 57/122 60/121 56/108 55/107
f 57/109 59/112 68/135 63/134
f 70/141 73/142 66/139 71/138
f 58/111 55/110 54/143 74/144
f 73/145 75/146 67/127 66/126
f 75/147 69/148 72/133 67/136
f 62/117 58/120 74/149 76/150
f 76/151 53/152 56/113 62/116
f 64/137 65/140 61/115 60/114
o Storey02_Floor
v 8.300000 7.400000 2.800000
v 4.800000 7.400000 2.800000
v 0.200000 4.950000 2.800000
v 8.300000 3.180000 2.800000
v 0.200000 0.200000 2.800000
v 8.300000 0.200000 2.800000
v 8.300000 5.380000 2.800000
v 0.200000 7.400000 2.800000
v 4.300000 0.200000 2.800000
v 6.300000 5.380000 2.800000
v 6.300000 3.180000 2.800000
v 4.200000 0.200000 2.800000
v 4.700000 4.950000 2.800000
v 4.699999 7.400000 2.800000
v 0.200000 4.850000 2.800000
v 4.300000 3.080000 2.800000
v 8.300000 3.080000 2.800000
v 8.300000 5.480000 2.800000
v 6.200000 5.480000 2.800000
v 6.200000 3.180000 2.800000
v 4.800000 4.850000 2.800000
v 4.200000 3.180000 2.800000
v 4.200000 4.850000 2.800000
vt 0.408970 0.893417
vt 0.228749 0.893417
vt 0.228748 0.695173
vt 0.408970 0.695173
vt 0.579855 0.966049
vt 0.320335 0.966050
vt 0.320335 0.605606
vt 0.579854 0.605606
vt 0.205002 0.978178
vt 0.205002 0.572679
vt 0.425774 0.572679
vt 0.425774 0.978177
vt 0.406976 0.905683
vt 0.091587 0.905610
vt 0.217783 0.732627
vt 0.407016 0.732671
vt 0.091641 0.675828
vt 0.217831 0.525372
vt 0.398022 0.525431
vt 0.398023 0.944446
vt 0.037580 0.944448
vt 0.037579 0.675917
vt 0.037579 0.525432
vt 0.037574 0.675815
vt 0.037609 0.525330
usemtl Interior_Mat
s off
f 87/153 80/154 83/155 86/156
f 92/157 85/158 82/159 93/160
f 79/161 89/162 90/163 84/164
f 77/165 78/166 95/167 94/168
f 95/167 78/166 97/169 96/170
f 91/171 81/172 88/173 98/174
f 98/174 99/175 91/171
f 96/170 97/169 99/176 98/177
o Exterior_WindowFrames
v 0.100000 1.600003 3.699997
v 0.099999 1.600000 5.080000
v 0.100000 0.909997 5.080000
v 0.100000 0.910000 3.699997
v 0.149999 0.949997 3.740010
v 0.150000 1.550000 3.740010
v 0.099999 1.550000 3.740010
v 0.100000 0.950000 3.740010
v 0.100000 0.949998 5.040000
v 0.150000 1.550000 5.040000
v 0.149999 0.949997 5.040000
v 0.099999 1.550000 5.040000
v 0.099999 2.290003 3.700006
v 0.099999 2.290003 5.080000
v 0.149999 1.649998 3.740010
v 0.150000 2.250000 3.740010
v 0.099999 2.250000 3.740010
v 0.100000 1.650001 3.740010
v 0.100000 1.649999 5.040000
v 0.150000 2.250000 5.040000
v 0.149999 1.649998 5.040000
v 0.099999 2.250000 5.040000
v 0.100000 3.800004 3.699997
v 0.099999 3.800001 5.080000
v 0.100000 3.109998 5.080000
v 0.100000 3.110001 3.699997
v 0.149999 3.149998 3.740010
v 0.150000 3.750000 3.740010
v 0.099999 3.750000 3.740010
v 0.100000 3.150001 3.740010
v 0.100000 3.149999 5.040000
v 0.150000 3.750000 5.040000
v 0.149999 3.149998 5.040000
v 0.099999 3.750000 5.040000
v 0.099999 4.490004 3.700006
v 0.099999 4.490004 5.080000
v 0.149999 3.849999 3.740010
v 0.150000 4.450001 3.740010
v 0.099999 4.450001 3.740010
v 0.100000 3.850002 3.740010
v 0.100000 3.850000 5.040000
v 0.150000 4.450001 5.040000
v 0.149999 3.849999 5.040000
v 0.099999 4.450001 5.040000
v 0.100000 6.000003 3.699997
v 0.099999 6.000000 5.080000
v 0.100000 5.309997 5.080000
v 0.100000 5.310000 3.699997
v 0.149999 5.349997 3.740010
v 0.150000 5.950000 3.740010
v 0.099999 5.950000 3.740010
v 0.100000 5.350000 3.740010
v 0.100000 5.349998 5.040000
v 0.150000 5.950000 5.040000
v 0.149999 5.349997 5.040000
v 0.099999 5.950000 5.040000
v 0.099999 6.690002 3.700006
v 0.099999 6.690002 5.080000
v 0.149999 6.049998 3.740010
v 0.150000 6.650000 3.740010
v 0.099999 6.650000 3.740010
v 0.100000 6.050001 3.740010
v 0.100000 6.049999 5.040000
v 0.150000 6.650000 5.040000
v 0.149999 6.049998 5.040000
v 0.099999 6.650000 5.040000
v 8.400001 1.689997 3.699997
v 8.400002 1.689999 5.080000
v 8.400000 2.380003 5.080000
v 8.400000 2.380000 3.699997
v 8.350000 2.340003 3.740010
v 8.350000 1.740000 3.740010
v 8.400002 1.740000 3.740010
v 8.400000 2.340000 3.740010
v 8.400000 2.340002 5.040000
v 8.350000 1.740000 5.040000
v 8.350000 2.340003 5.040000
v 8.400002 1.740000 5.040000
v 8.400002 0.999997 3.700006
v 8.400002 0.999997 5.080000
v 8.350000 1.640001 3.740010
v 8.350000 1.040000 3.740010
v 8.400002 1.040000 3.740010
v 8.400001 1.639998 3.740010
v 8.400001 1.640000 5.040000
v 8.350000 1.040000 5.040000
v 8.350000 1.640001 5.040000
v 8.400002 1.040000 5.040000
vt 0.199698 0.493359
vt 0.109915 0.493359
vt 0.109915 0.500841
vt 0.199698 0.500841
vt 0.102433 0.506829
vt 0.205683 0.506828
vt 0.050779 0.498455
vt 0.257278 0.498455
vt 0.251292 0.492470
vt 0.056767 0.492470
vt 0.110016 0.493408
vt 0.199799 0.493439
vt 0.199797 0.500921
vt 0.110014 0.500890
vt 0.056978 0.484739
vt 0.251505 0.484739
vt 0.251505 0.492221
vt 0.056978 0.492221
vt 0.257491 0.499703
vt 0.050990 0.499703
vt 0.205780 0.506908
vt 0.102530 0.506873
vt 0.251292 0.484988
vt 0.056767 0.484988
vt 0.251505 0.507185
vt 0.056978 0.507185
vt 0.103951 0.506828
vt 0.207200 0.506828
vt 0.251505 0.514666
vt 0.056978 0.514667
vt 0.050779 0.498642
vt 0.257278 0.498642
vt 0.251292 0.492656
vt 0.056766 0.492656
vt 0.251292 0.485175
vt 0.056766 0.485175
vt 0.199748 0.500878
vt 0.056765 0.485110
vt 0.251290 0.485110
vt 0.251290 0.492592
vt 0.056765 0.492592
vt 0.207267 0.506843
vt 0.207230 0.506864
vt 0.103979 0.506864
vt 0.056976 0.484758
vt 0.251503 0.484758
vt 0.199787 0.500834
vt 0.110005 0.500834
vt 0.050779 0.498397
vt 0.257278 0.498397
vt 0.251292 0.492411
vt 0.056766 0.492411
vt 0.199711 0.493325
vt 0.109929 0.493325
vt 0.056981 0.492147
vt 0.050990 0.499628
vt 0.103944 0.506792
vt 0.251293 0.484930
vt 0.056766 0.484929
vt 0.056975 0.507111
vt 0.199851 0.493421
vt 0.110069 0.493421
vt 0.110069 0.500903
vt 0.199852 0.500903
vt 0.257276 0.498701
vt 0.050779 0.498702
vt 0.102493 0.506829
vt 0.056973 0.514593
vt 0.102587 0.506889
usemtl Exterior_Mat
s off
f 104/178 105/179 106/180 107/181
f 100/182 103/183 107/181 106/180
f 103/184 102/185 108/186 107/187
f 109/188 110/189 108/190 111/191
f 105/192 109/193 111/194 106/195
f 101/196 100/197 106/195 111/194
f 111/191 108/190 102/198 101/199
f 107/187 108/186 110/200 104/201
f 114/178 115/179 116/180 117/181
f 100/197 101/196 118/202 117/203
f 119/188 120/189 118/190 121/191
f 115/201 119/200 121/186 116/187
f 113/185 112/184 116/187 121/186
f 112/204 100/205 117/181 116/180
f 117/203 118/202 120/206 114/207
f 121/191 118/190 101/205 113/204
f 126/178 127/179 128/180 129/181
f 122/182 125/183 129/181 128/180
f 125/208 124/209 130/210 129/211
f 131/188 132/189 130/190 133/191
f 127/192 131/193 133/194 128/195
f 123/196 122/197 128/195 133/194
f 133/191 130/190 124/198 123/199
f 129/211 130/210 132/212 126/213
f 136/189 137/188 138/191 139/190
f 122/197 123/196 140/202 139/203
f 141/188 142/178 140/214 143/191
f 137/215 141/216 143/217 138/218
f 135/209 134/208 138/218 143/217
f 134/204 122/219 139/190 138/191
f 139/203 140/202 142/206 136/207
f 143/191 140/214 123/220 135/221
f 148/178 149/188 150/191 151/214
f 144/199 147/183 151/214 150/191
f 147/184 146/185 152/186 151/187
f 153/188 154/189 152/190 155/191
f 149/222 153/223 155/194 150/195
f 145/196 144/197 150/195 155/194
f 155/191 152/190 146/198 145/199
f 151/187 152/186 154/216 148/215
f 158/178 159/188 160/191 161/214
f 144/197 145/196 162/202 161/203
f 163/188 164/189 162/224 165/225
f 159/213 163/212 165/210 160/211
f 157/209 156/208 160/211 165/210
f 156/221 144/220 161/214 160/191
f 161/203 162/202 164/206 158/207
f 165/225 162/224 145/219 157/204
f 170/188 171/189 172/214 173/191
f 166/220 169/221 173/191 172/214
f 169/226 168/227 174/228 173/229
f 175/230 176/231 174/180 177/181
f 171/192 175/193 177/194 172/232
f 167/196 166/233 172/232 177/194
f 177/181 174/180 168/234 167/205
f 173/229 174/228 176/235 170/236
f 180/188 181/189 182/224 183/225
f 166/233 167/196 184/202 183/237
f 185/238 186/239 184/240 187/241
f 181/213 185/212 187/210 182/211
f 179/242 178/243 182/211 187/210
f 178/183 166/244 183/225 182/224
f 183/237 184/202 186/206 180/245
f 187/241 184/240 167/246 179/198
o Storey02_Doors
v 8.320004 5.960005 3.760001
v 8.320004 5.820004 3.760001
v 8.310003 5.820004 3.760001
v 8.310003 5.960005 3.760001
v 8.310003 5.820004 3.780002
v 8.310003 5.960005 3.780002
v 8.320004 5.820004 3.780002
v 8.320004 5.960005 3.780002
v 8.419997 5.820004 3.780002
v 8.419997 5.820004 3.760005
v 8.429997 5.820004 3.760005
v 8.429997 5.820004 3.780002
v 8.429997 5.960005 3.760005
v 8.429997 5.960005 3.780002
v 8.419997 5.960005 3.780002
v 8.419997 5.960005 3.760005
v 8.347003 5.868005 3.838002
v 8.347003 5.812005 3.838002
v 8.350003 5.810004 3.840003
v 8.350003 5.870005 3.840003
v 8.389997 5.870005 3.840003
v 8.389997 5.810004 3.840003
v 8.392997 5.812005 3.838002
v 8.392997 5.868005 3.838002
v 8.347003 5.868005 3.662001
v 8.350003 5.870005 3.660000
v 8.392997 5.868005 3.662004
v 8.389997 5.870005 3.660004
v 8.389997 5.810004 3.660004
v 8.392997 5.812005 3.662004
v 8.347003 5.812005 3.662001
v 8.350003 5.810004 3.660000
v 8.320004 5.846004 3.776002
v 8.320004 5.834005 3.776002
v 8.347003 5.834005 3.776002
v 8.347003 5.846004 3.776002
v 8.320004 5.834005 3.764002
v 8.347003 5.834005 3.764002
v 8.419997 5.846004 3.764002
v 8.419997 5.834005 3.764002
v 8.392997 5.834005 3.764002
v 8.392997 5.846004 3.764002
v 8.347003 5.846004 3.764002
v 8.320004 5.846004 3.764002
v 8.392997 5.846004 3.776002
v 8.392997 5.834005 3.776002
v 8.419997 5.834005 3.776002
v 8.419997 5.846004 3.776002
v 8.349992 5.790006 4.910002
v 8.349993 6.690006 4.910002
v 8.350014 6.690005 2.810000
v 8.350012 5.790005 2.810000
v 8.389987 5.790006 4.910007
v 8.390006 5.790005 2.810005
v 8.390007 6.690005 2.810000
v 8.389988 6.690006 4.910002
v 6.279978 4.119999 3.760001
v 6.279978 4.260000 3.760001
v 6.289978 4.260000 3.760001
v 6.289978 4.119999 3.760001
v 6.289978 4.260000 3.780002
v 6.289978 4.119999 3.780002
v 6.279978 4.260000 3.780002
v 6.279978 4.119999 3.780002
v 6.179983 4.260000 3.780002
v 6.179983 4.260000 3.760005
v 6.169983 4.260000 3.760005
v 6.169983 4.260000 3.780002
v 6.169983 4.119999 3.760005
v 6.169983 4.119999 3.780002
v 6.179983 4.119999 3.780002
v 6.179983 4.119999 3.760005
v 6.252977 4.211999 3.838002
v 6.252977 4.267999 3.838002
v 6.249977 4.270000 3.840003
v 6.249977 4.210000 3.840003
v 6.209984 4.210000 3.840003
v 6.209984 4.270000 3.840003
v 6.206984 4.267999 3.838002
v 6.206984 4.211999 3.838002
v 6.252977 4.211999 3.662001
v 6.249977 4.210000 3.660000
v 6.206984 4.211999 3.662004
v 6.209984 4.210000 3.660004
v 6.209984 4.270000 3.660004
v 6.206984 4.267999 3.662004
v 6.252977 4.267999 3.662001
v 6.249977 4.270000 3.660000
v 6.279978 4.234000 3.776002
v 6.279978 4.245999 3.776002
v 6.252977 4.245999 3.776002
v 6.252977 4.234000 3.776002
v 6.279978 4.245999 3.764002
v 6.252977 4.245999 3.764002
v 6.179983 4.234000 3.764002
v 6.179983 4.245999 3.764002
v 6.206984 4.245999 3.764002
v 6.206984 4.234000 3.764002
v 6.252977 4.234000 3.764002
v 6.279978 4.234000 3.764002
v 6.206984 4.234000 3.776002
v 6.206984 4.245999 3.776002
v 6.179983 4.245999 3.776002
v 6.179983 4.234000 3.776002
v 6.249989 4.289999 4.910002
v 6.249989 3.389998 4.910002
v 6.249968 3.389999 2.810000
v 6.249969 4.289999 2.810000
v 6.209993 4.289999 4.910006
v 6.209974 4.289999 2.810005
v 6.209975 3.389999 2.810000
v 6.209994 3.389998 4.910002
v 4.279996 1.689998 3.760001
v 4.279996 1.829999 3.760001
v 4.289996 1.829999 3.760001
v 4.289996 1.689998 3.760001
v 4.289996 1.829999 3.780002
v 4.289996 1.689998 3.780002
v 4.279996 1.829999 3.780002
v 4.279996 1.689998 3.780002
v 4.180002 1.829999 3.780002
v 4.180002 1.829999 3.760005
v 4.170002 1.829999 3.760005
v 4.170002 1.829999 3.780002
v 4.170002 1.689998 3.760005
v 4.170002 1.689998 3.780002
v 4.180002 1.689998 3.780002
v 4.180002 1.689998 3.760005
v 4.252996 1.781998 3.838002
v 4.252996 1.837998 3.838002
v 4.249996 1.839999 3.840003
v 4.249996 1.779999 3.840003
v 4.210002 1.779999 3.840003
v 4.210002 1.839999 3.840003
v 4.207002 1.837998 3.838002
v 4.207002 1.781998 3.838002
v 4.252996 1.781998 3.662001
v 4.249996 1.779999 3.660000
v 4.207002 1.781998 3.662004
v 4.210002 1.779999 3.660004
v 4.210002 1.839999 3.660004
v 4.207002 1.837998 3.662004
v 4.252996 1.837998 3.662001
v 4.249996 1.839999 3.660000
v 4.279996 1.803999 3.776002
v 4.279996 1.815998 3.776002
v 4.252996 1.815998 3.776002
v 4.252996 1.803999 3.776002
v 4.279996 1.815998 3.764002
v 4.252996 1.815998 3.764002
v 4.180002 1.803999 3.764002
v 4.180002 1.815998 3.764002
v 4.207002 1.815998 3.764002
v 4.207002 1.803999 3.764002
v 4.252996 1.803999 3.764002
v 4.279996 1.803999 3.764002
v 4.207002 1.803999 3.776002
v 4.207002 1.815998 3.776002
v 4.180002 1.815998 3.776002
v 4.180002 1.803999 3.776002
v 4.250007 1.859998 4.910002
v 4.250008 0.959997 4.910002
v 4.249987 0.959998 2.810000
v 4.249987 1.859998 2.810000
v 4.210012 1.859998 4.910006
v 4.209993 1.859998 2.810005
v 4.209993 0.959998 2.810000
v 4.210012 0.959997 4.910002
vt 0.807924 0.723564
vt 0.807924 0.572636
vt 0.818705 0.572638
vt 0.818704 0.723568
vt 0.840268 0.572639
vt 0.840266 0.723569
vt 0.818706 0.561857
vt 0.840269 0.561857
vt 0.851048 0.572640
vt 0.851047 0.723568
vt 0.825668 0.565198
vt 0.847225 0.565198
vt 0.847226 0.575976
vt 0.825668 0.575978
vt 0.847225 0.726905
vt 0.825667 0.726909
vt 0.814886 0.726908
vt 0.814888 0.575976
vt 0.858007 0.575973
vt 0.858007 0.726898
vt 0.806092 0.742538
vt 0.866464 0.742538
vt 0.868621 0.746426
vt 0.803936 0.746426
vt 0.868257 0.747260
vt 0.803572 0.747260
vt 0.805729 0.743372
vt 0.866101 0.743372
vt 0.806092 0.552796
vt 0.802206 0.744696
vt 0.802206 0.550639
vt 0.866101 0.553633
vt 0.869988 0.551477
vt 0.869988 0.745530
vt 0.801842 0.745529
vt 0.801842 0.551477
vt 0.805730 0.553633
vt 0.866464 0.552796
vt 0.870351 0.550639
vt 0.870351 0.744695
vt 0.858946 0.727371
vt 0.837388 0.727371
vt 0.837388 0.576440
vt 0.858946 0.576440
vt 0.821779 0.704928
vt 0.821779 0.691992
vt 0.850886 0.691992
vt 0.850886 0.704928
vt 0.803572 0.549746
vt 0.868257 0.549746
vt 0.821778 0.679056
vt 0.850886 0.679055
vt 0.850885 0.661905
vt 0.850885 0.674841
vt 0.821778 0.674841
vt 0.821778 0.661905
vt 0.847227 0.737687
vt 0.825669 0.737691
vt 0.803936 0.548909
vt 0.868621 0.548909
vt 0.835374 0.732551
vt 0.813811 0.732550
vt 0.813811 0.581619
vt 0.835374 0.581619
vt 0.850886 0.717865
vt 0.821779 0.717865
vt 0.850885 0.666120
vt 0.821778 0.666120
vt 0.821778 0.700714
vt 0.821778 0.687778
vt 0.850886 0.687778
vt 0.850886 0.700714
vt 0.821779 0.713651
vt 0.850887 0.713651
vt 0.840265 0.734351
vt 0.818702 0.734350
vt 0.793560 0.991813
vt 0.403700 0.991813
vt 0.403700 0.082141
vt 0.793560 0.082141
vt 0.775500 0.991813
vt 0.758175 0.991811
vt 0.758175 0.082149
vt 0.775500 0.082151
vt 0.403702 0.973750
vt 0.403702 0.956426
vt 0.793563 0.956426
vt 0.793564 0.973750
vt 0.776211 0.082142
vt 0.793536 0.082143
vt 0.793534 0.991848
vt 0.776211 0.991848
vt 0.403696 0.974485
vt 0.793556 0.974485
vt 0.814114 0.724214
vt 0.814114 0.573287
vt 0.824894 0.573288
vt 0.824894 0.724213
vt 0.846459 0.573291
vt 0.846458 0.724213
vt 0.824893 0.562500
vt 0.846461 0.562507
vt 0.857239 0.573288
vt 0.857237 0.724208
vt 0.824653 0.565847
vt 0.846210 0.565846
vt 0.846211 0.576626
vt 0.824654 0.576625
vt 0.846210 0.727553
vt 0.824653 0.727556
vt 0.813872 0.727556
vt 0.813873 0.576625
vt 0.856992 0.576624
vt 0.856992 0.727549
vt 0.806002 0.743052
vt 0.866374 0.743052
vt 0.868531 0.746940
vt 0.803846 0.746940
vt 0.868710 0.746422
vt 0.804025 0.746423
vt 0.806182 0.742535
vt 0.866554 0.742534
vt 0.806002 0.553310
vt 0.802115 0.745210
vt 0.802115 0.551153
vt 0.866555 0.552796
vt 0.802295 0.744692
vt 0.802295 0.550640
vt 0.806183 0.552796
vt 0.866374 0.553311
vt 0.870261 0.551153
vt 0.870261 0.745209
vt 0.835550 0.727371
vt 0.813991 0.727371
vt 0.813991 0.576440
vt 0.835549 0.576440
vt 0.821779 0.647130
vt 0.821779 0.634195
vt 0.850886 0.634195
vt 0.850887 0.647130
vt 0.804026 0.548909
vt 0.868710 0.548909
vt 0.821778 0.621258
vt 0.850886 0.621258
vt 0.850886 0.612536
vt 0.850886 0.625472
vt 0.821778 0.625473
vt 0.821778 0.612536
vt 0.846213 0.738334
vt 0.824654 0.738338
vt 0.803846 0.549423
vt 0.868531 0.549423
vt 0.858774 0.732551
vt 0.837211 0.732551
vt 0.837211 0.581620
vt 0.858774 0.581620
vt 0.850887 0.660067
vt 0.821779 0.660067
vt 0.850886 0.608322
vt 0.821778 0.608322
vt 0.821779 0.651345
vt 0.821779 0.638409
vt 0.850886 0.638409
vt 0.850886 0.651345
vt 0.821779 0.664282
vt 0.850886 0.664282
vt 0.846460 0.734994
vt 0.824896 0.734998
vt 0.397847 0.991895
vt 0.007987 0.991895
vt 0.007987 0.082223
vt 0.397847 0.082223
vt 0.397851 0.991896
vt 0.380527 0.991894
vt 0.380527 0.082232
vt 0.397852 0.082234
vt 0.007986 0.974567
vt 0.397847 0.974567
vt 0.362432 0.082221
vt 0.379756 0.082221
vt 0.379755 0.991926
vt 0.362432 0.991926
vt 0.397846 0.973829
vt 0.007984 0.973830
vt 0.007985 0.956504
vt 0.397846 0.956504
usemtl Doors_Mat
s off
f 188/247 189/248 190/249 191/250
f 192/251 193/252 191/250 190/249
f 192/251 190/249 189/253 194/254
f 193/252 192/251 194/255 195/256
f 196/257 197/258 198/259 199/260
f 198/259 200/261 201/262 199/260
f 202/263 196/264 199/260 201/262
f 200/261 198/259 197/265 203/266
f 204/267 205/268 206/269 207/270
f 208/271 209/272 210/273 211/274
f 212/275 204/267 207/276 213/277
f 211/274 214/278 215/279 208/280
f 209/281 216/282 217/283 210/273
f 205/268 218/284 219/285 206/286
f 211/274 210/273 217/283 214/278
f 202/287 203/288 197/289 196/290
f 220/291 221/292 222/293 223/294
f 214/278 217/283 216/295 215/296
f 221/292 224/297 225/298 222/293
f 226/299 227/300 228/301 229/302
f 203/303 202/304 201/262 200/261
f 212/275 218/284 205/268 204/267
f 213/305 219/306 218/284 212/275
f 188/307 195/308 194/309 189/310
f 223/294 230/311 231/312 220/291
f 230/313 225/298 224/297 231/314
f 232/315 233/316 234/317 235/318
f 233/316 228/301 227/300 234/317
f 229/319 232/315 235/318 226/320
f 195/321 188/322 191/250 193/252
f 236/323 237/324 238/325 239/326
f 240/327 236/328 239/329 241/330
f 241/323 242/324 243/325 240/326
f 238/331 242/332 241/333 239/334
f 242/335 238/336 237/337 243/338
f 240/323 243/324 237/339 236/340
f 244/341 245/342 246/343 247/344
f 248/345 249/346 247/344 246/343
f 248/345 246/343 245/347 250/348
f 249/346 248/345 250/349 251/350
f 252/351 253/352 254/353 255/354
f 254/353 256/355 257/356 255/354
f 258/357 252/358 255/354 257/356
f 256/355 254/353 253/359 259/360
f 260/361 261/362 262/363 263/364
f 264/365 265/366 266/367 267/368
f 268/369 260/361 263/370 269/371
f 267/368 270/372 271/285 264/286
f 265/373 272/374 273/375 266/367
f 261/362 274/376 275/377 262/378
f 267/368 266/367 273/375 270/372
f 258/379 259/380 253/381 252/382
f 276/383 277/384 278/385 279/386
f 270/372 273/375 272/387 271/388
f 277/384 280/389 281/390 278/385
f 282/391 283/392 284/393 285/394
f 259/395 258/396 257/356 256/355
f 268/369 274/376 261/362 260/361
f 269/397 275/398 274/376 268/369
f 244/399 251/400 250/401 245/402
f 279/386 286/403 287/404 276/383
f 286/405 281/390 280/389 287/406
f 288/407 289/408 290/409 291/410
f 289/408 284/393 283/392 290/409
f 285/411 288/407 291/410 282/412
f 251/413 244/414 247/344 249/346
f 292/415 293/416 294/417 295/418
f 296/419 292/420 295/421 297/422
f 297/415 298/416 299/417 296/418
f 294/416 298/423 297/424 295/415
f 298/425 294/426 293/427 299/428
f 296/429 299/430 293/431 292/432
f 300/341 301/342 302/343 303/344
f 304/345 305/346 303/344 302/343
f 304/345 302/343 301/347 306/348
f 305/346 304/345 306/349 307/350
f 308/351 309/352 310/353 311/354
f 310/353 312/355 313/356 311/354
f 314/357 308/358 311/354 313/356
f 312/355 310/353 309/359 315/360
f 316/361 317/362 318/363 319/364
f 320/365 321/366 322/367 323/368
f 324/369 316/361 319/370 325/371
f 323/368 326/372 327/285 320/286
f 321/373 328/374 329/375 322/367
f 317/362 330/376 331/377 318/378
f 323/368 322/367 329/375 326/372
f 314/379 315/380 309/381 308/382
f 332/383 333/384 334/385 335/386
f 326/372 329/375 328/387 327/388
f 333/384 336/389 337/390 334/385
f 338/391 339/392 340/393 341/394
f 315/395 314/396 313/356 312/355
f 324/369 330/376 317/362 316/361
f 325/397 331/398 330/376 324/369
f 300/399 307/400 306/401 301/402
f 335/386 342/403 343/404 332/383
f 342/405 337/390 336/389 343/406
f 344/407 345/408 346/409 347/410
f 345/408 340/393 339/392 346/409
f 341/411 344/407 347/410 338/412
f 307/413 300/414 303/344 305/346
f 348/415 349/416 350/417 351/418
f 352/419 348/420 351/421 353/422
f 353/415 354/416 355/417 352/418
f 350/416 354/423 353/424 351/415
f 354/425 350/426 349/427 355/428
f 352/429 355/430 349/431 348/432
o Storey02_Walls
v 8.300000 0.200000 2.850002
v 0.200000 0.200000 2.850000
v 6.200000 5.480000 2.850000
v 4.300001 0.200000 2.850002
v 4.300001 0.950000 2.800002
v 0.200000 7.400000 2.850000
v 4.800000 7.400000 2.850000
v 4.800000 4.850000 2.850000
v 4.200000 0.200000 2.850000
v 4.700000 4.950000 2.850000
v 4.700000 7.400000 2.850000
v 4.200000 3.180000 2.850000
v 0.200000 4.850000 5.250000
v 6.200000 3.180000 2.850000
v 4.300001 1.870000 2.800002
v 0.200000 4.950000 5.250000
v 0.200000 4.950000 2.850000
v 0.200000 7.400000 5.250000
v 0.200000 0.200000 5.250000
v 8.300000 0.200000 5.250000
v 6.200000 5.480000 5.250000
v 4.300001 0.200000 5.250000
v 8.300000 5.780000 2.800002
v 4.800000 7.400000 5.250000
v 4.800000 4.850000 5.250000
v 4.200000 0.200000 5.250000
v 4.700000 4.950000 5.250000
v 4.700000 7.400000 5.250000
v 4.200000 3.180000 5.250000
v 0.200000 4.850000 2.850000
v 2.720000 4.850000 2.800000
v 6.200000 3.180000 5.250000
v 4.300001 3.080000 5.250000
v 8.300000 3.080000 5.250000
v 8.300000 3.080000 2.850002
v 8.300000 7.400000 2.850002
v 8.300000 7.400000 5.250000
v 8.300000 6.700000 2.800002
v 4.300001 3.080000 2.850002
v 8.300000 3.180000 2.850002
v 8.300000 3.180000 5.250000
v 8.300000 5.480000 2.850002
v 8.300000 5.480000 5.250000
v 8.300000 5.380000 2.850002
v 8.300000 5.380000 5.250000
v 0.900000 4.950000 2.800000
v 0.900000 4.850000 2.800000
v 2.720000 4.950000 2.800000
v 4.189996 0.950000 2.800000
v 6.200000 3.380000 2.800000
v 4.200000 0.950000 2.800000
v 6.200000 4.300000 2.800000
v 6.300000 3.180000 5.250000
v 4.200000 1.870000 2.800000
v 6.300000 3.180000 2.850002
v 6.300000 5.380000 2.850002
v 6.300000 5.380000 5.250000
v 6.300000 3.380000 2.800002
v 6.300000 4.300000 2.800002
v 2.770000 4.850000 2.850000
v 4.189996 0.210000 5.300001
v 4.189996 1.870000 2.800000
v 8.289997 5.780000 2.800002
v 8.289997 5.490000 5.250000
v 4.189996 3.190000 5.250000
v 6.189996 3.380000 2.800000
v 8.289997 5.490000 2.800002
v 8.289997 6.750000 2.850002
v 6.189996 3.330000 2.850000
v 4.189996 0.900000 2.850000
v 0.850000 4.850000 2.850000
v 8.289997 5.490000 2.850002
v 8.300000 5.730000 2.850002
v 6.189996 5.490000 5.250000
v 0.850000 4.950000 2.850000
v 4.189996 0.210000 5.250000
v 2.770000 4.950000 2.850000
v 6.300000 4.350000 2.850002
v 4.189996 1.920000 2.850000
v 8.300000 6.750000 2.850002
v 6.200000 4.350000 2.850000
v 6.189996 4.350000 2.850000
v 6.300000 3.330000 2.850002
v 6.200000 3.330000 2.850000
v 8.289997 5.730000 2.850002
v 4.200000 1.920000 2.850000
v 6.189996 4.300000 2.800000
v 4.300001 1.920000 2.850002
v 6.189996 5.490000 5.300001
v 4.300001 0.900000 2.850002
v 8.289997 7.390000 2.800002
v 4.200000 0.900000 2.850000
v 4.300001 0.950000 4.920002
v 4.300001 1.870000 4.920002
v 8.300000 5.780000 4.920002
v 8.300000 6.700000 4.920002
v 0.900000 4.950000 4.920000
v 0.900000 4.850000 4.920000
v 2.720000 4.950000 4.920000
v 2.720000 4.850000 4.920000
v 6.200000 3.380000 4.920000
v 4.200000 0.950000 4.920000
v 6.200000 4.300000 4.920000
v 4.200000 1.870000 4.920000
v 6.300000 3.380000 4.920002
v 6.300000 4.300000 4.920002
v 2.770000 4.850000 4.970000
v 0.850000 4.850000 4.970000
v 8.300000 5.730000 4.970002
v 0.850000 4.950000 4.970000
v 2.770000 4.950000 4.970000
v 6.300000 4.350000 4.970002
v 8.300000 6.750000 4.970002
v 6.200000 4.350000 4.970000
v 6.300000 3.330000 4.970002
v 6.200000 3.330000 4.970000
v 4.200000 1.920000 4.970000
v 4.300001 1.920000 4.970002
v 4.300001 0.900000 4.970002
v 4.200000 0.900000 4.970000
v 8.289997 5.490000 5.300000
v 6.189996 3.190000 5.300001
v 6.189996 3.190000 2.850000
v 8.289997 6.700000 2.800002
v 4.189996 0.210000 2.850000
v 8.289997 7.390000 2.850002
v 6.189996 3.190000 2.800000
v 4.189996 0.210000 2.800000
v 8.289997 6.700000 4.920002
v 6.189996 3.190000 5.250000
v 8.289997 7.390000 5.250000
v 4.189996 3.190000 2.850000
v 6.189996 5.490000 2.850000
v 8.289997 5.780000 4.920002
v 6.189996 5.490000 2.800000
v 4.189996 3.190000 5.300001
v 8.289997 7.390000 5.300000
v 4.189996 3.190000 2.800000
v 6.189996 3.380000 4.920000
v 4.189996 0.950000 4.920000
v 6.189996 4.300000 4.920000
v 4.189996 1.870000 4.920000
v 8.289997 5.730000 4.970002
v 8.289997 6.750000 4.970002
v 6.189996 4.350000 4.970000
v 6.189996 3.330000 4.970000
v 4.189996 1.920000 4.970000
v 4.189996 0.900000 4.970000
v 4.810000 7.390000 2.850000
v 4.810000 4.840000 2.850000
v 4.810000 7.390000 5.250000
v 4.810000 4.840000 5.250000
v 4.810000 7.390000 5.300001
v 4.810000 4.840000 5.300001
v 4.810000 7.390000 2.800000
v 4.810000 4.840000 2.800000
v 0.210000 0.210000 2.850000
v 0.210000 4.840000 5.250000
v 0.210000 0.210000 5.250000
v 0.210000 4.840000 2.850000
v 0.210000 4.840000 5.300001
v 0.210000 0.210000 5.300001
v 0.210000 0.210000 2.800000
v 0.210000 4.840000 2.800000
v 0.900000 4.840001 2.800000
v 2.720000 4.840001 2.800000
v 2.770000 4.840001 2.850000
v 0.850000 4.840001 2.850000
v 0.900000 4.840001 4.920000
v 2.720000 4.840001 4.920000
v 2.770000 4.840001 4.970000
v 0.850000 4.840001 4.970000
v 6.309999 3.190000 2.850002
v 6.309999 4.300000 2.800002
v 6.309999 3.380000 2.800002
v 6.309999 3.190000 5.250000
v 6.309999 5.369999 5.250000
v 6.309999 5.369999 2.850002
v 6.309999 3.190000 5.300000
v 6.309999 5.369999 5.300000
v 6.309999 3.190000 2.800002
v 6.309999 5.369999 2.800002
v 6.309999 4.350000 2.850002
v 6.309999 3.330000 2.850002
v 6.309999 3.380000 4.920002
v 6.309999 4.300000 4.920002
v 6.309999 4.350000 4.970002
v 6.309999 3.330000 4.970002
v 8.290000 3.190000 2.850002
v 8.290000 3.190000 5.250000
v 8.290000 5.369999 2.850002
v 8.290000 5.369999 5.250000
v 8.290000 3.190000 5.300000
v 8.290000 5.369999 5.300000
v 8.290000 3.190000 2.800002
v 8.290000 5.369999 2.800002
v 4.310000 0.210000 2.850002
v 4.310000 3.070000 5.250000
v 4.310000 3.070000 2.850002
v 4.310000 3.070000 5.300000
v 4.310000 0.210000 5.300000
v 4.310000 0.210000 5.250000
v 8.290000 0.210000 2.850002
v 4.310000 0.950000 2.800002
v 0.210000 7.389999 2.800000
v 4.310000 1.870000 2.800002
v 4.310000 0.210000 2.800002
v 4.310000 3.070000 2.800002
v 4.310000 1.920000 2.850002
v 4.310000 0.900000 2.850002
v 4.310000 0.950000 4.920002
v 4.310000 1.870000 4.920002
v 4.310000 1.920000 4.970002
v 4.310000 0.900000 4.970002
v 0.210000 4.960000 5.250000
v 8.290000 0.210000 5.250000
v 8.290000 3.070000 5.250000
v 8.290000 3.070000 2.850002
v 8.290000 0.210000 5.300000
v 8.290000 3.070000 5.300000
v 8.290000 0.210000 2.800002
v 8.290000 3.070000 2.800002
v 0.210000 4.960000 2.800000
v 4.690000 7.389999 2.850000
v 0.210000 7.389999 5.300001
v 0.210000 4.960000 2.850000
v 0.210000 7.389999 2.850000
v 4.690000 4.960000 2.850000
v 0.210000 7.389999 5.250000
v 0.210000 4.960000 5.300001
v 4.690000 4.960000 5.250000
v 4.690000 7.389999 5.250000
v 4.690000 4.960000 5.300001
v 4.690000 7.389999 5.300001
v 4.690000 4.960000 2.800000
v 4.690000 7.389999 2.800000
v 0.900000 4.960000 2.800000
v 2.720000 4.960000 2.800000
v 0.850000 4.960000 2.850000
v 2.770000 4.960000 2.850000
v 0.900000 4.960000 4.920000
v 2.720000 4.960000 4.920000
v 0.850000 4.960000 4.970000
v 2.770000 4.960000 4.970000
v 6.550000 7.400000 2.850001
v 6.549999 7.390000 2.800001
v 6.549999 7.390000 2.850001
v 6.550000 7.400000 5.250000
v 6.549999 7.390000 5.250000
v 6.549999 7.390000 5.300000
v 2.450000 7.400000 2.850000
v 2.450000 7.389999 2.850000
v 2.450000 7.389999 2.800000
v 2.450000 7.400000 5.250000
v 2.450000 7.389999 5.250000
v 2.450000 7.389999 5.300001
v 2.450000 4.950000 5.250000
v 2.450000 4.960000 5.300001
v 2.450000 4.960000 5.250000
v 2.200000 0.200000 5.250000
v 2.199998 0.210000 5.300001
v 2.199998 0.210000 5.250000
v 2.200000 0.200000 2.850000
v 2.199998 0.210000 2.850000
v 2.199998 0.210000 2.800000
v 0.200000 2.525000 2.850000
v 0.210000 2.525000 2.850000
v 0.210000 2.525000 2.800000
v 0.200000 2.525000 5.250000
v 0.210000 2.525000 5.300001
v 0.210000 2.525000 5.250000
v 6.300000 0.200000 5.250000
v 6.300000 0.210000 5.300000
v 6.300000 0.210000 5.250000
v 6.300000 3.080000 5.250000
v 6.300000 3.070000 5.250000
v 6.300000 3.070000 5.300000
v 6.300000 3.080000 2.850002
v 6.300000 3.070000 2.850002
v 6.300000 3.070000 2.800002
v 6.300000 0.200000 2.850002
v 6.300000 0.210000 2.850002
v 6.300000 0.210000 2.800002
v 2.500000 4.850000 5.250000
v 2.510000 4.840000 5.250000
v 2.510000 4.840000 5.300001
v 8.300000 0.200000 2.850002
v 0.200000 2.700000 2.850000
v 6.200000 5.480000 2.850000
v 0.200000 0.200000 2.850000
v 4.300001 0.200000 2.850002
v 4.300001 0.900000 2.850002
v 0.200000 7.400000 2.850000
v 4.800000 7.400000 2.850000
v 4.800000 4.850000 2.850000
v 4.200000 0.200000 2.850000
v 4.700000 4.950000 2.850000
v 4.700000 7.400000 2.850000
v 4.200000 3.180000 2.850000
v 0.200000 4.850000 5.250000
v 6.200000 3.180000 2.850000
v 4.300001 1.920001 2.850002
v 0.200000 4.950000 5.250000
v 0.200000 4.950000 2.850000
v 0.200000 3.059999 3.650005
v 0.200000 7.400000 5.250000
v 0.200000 0.200000 5.250000
v 0.200000 2.340000 3.650005
v 0.200000 0.859996 3.650005
v 0.200000 4.540000 3.650005
v 0.200000 6.740000 3.650005
v 0.200000 5.260000 3.650005
v 8.300000 0.200000 5.250000
v 6.200000 5.480000 5.250000
v 4.300001 0.200000 5.250000
v 4.300001 0.900000 4.970000
v 8.300000 5.730000 2.850002
v 4.800000 7.400000 5.250000
v 4.800000 4.850000 5.250000
v 4.200000 0.200000 5.250000
v 4.700000 4.950000 5.250000
v 4.700000 7.400000 5.250000
v 4.200000 3.180000 5.250000
v 0.200000 4.850000 2.850000
v 0.200000 2.700000 5.250000
v 6.200000 3.180000 5.250000
v 4.300001 1.920001 4.970000
v 0.200000 2.340000 5.129999
v 0.200000 0.859996 5.129999
v 0.200000 4.540000 5.129999
v 0.200000 3.059999 5.129999
v 0.200000 6.740000 5.129999
v 0.200000 5.260000 5.129999
v 4.300001 3.080000 5.250000
v 8.300000 3.080000 5.250000
v 8.300000 3.080000 2.850002
v 8.300000 7.400000 2.850002
v 8.300000 7.400000 5.250000
v 8.300000 0.950000 3.650000
v 8.300000 0.950000 5.130000
v 8.300000 2.430000 3.650000
v 8.300000 2.430000 5.130000
v 8.300000 6.750000 2.850002
v 8.300000 6.750000 4.970000
v 8.300000 5.730000 4.970000
v 4.300001 3.080000 2.850002
v 8.300000 3.180000 2.850002
v 8.300000 3.180000 5.250000
v 8.300000 5.480000 2.850002
v 8.300000 5.480000 5.250000
v 8.300000 5.380000 2.850002
v 8.300000 5.380000 5.250000
v 0.850000 4.950000 2.850000
v 0.850000 4.850000 2.850000
v 2.770000 4.950000 2.850000
v 0.850000 4.850000 4.970000
v 2.770000 4.850000 2.850000
v 0.850000 4.950000 4.970000
v 2.770000 4.950000 4.970000
v 2.770000 4.850000 4.970000
v 6.200000 3.330000 2.850000
v 4.200000 0.900000 2.850000
v 4.200000 0.900000 4.970000
v 4.200000 1.920001 4.970000
v 6.200000 4.350001 2.850000
v 6.300000 3.180000 5.250000
v 4.200000 1.920001 2.850000
v 6.300000 3.180000 2.850002
v 6.200000 4.350001 4.970000
v 6.200000 3.330000 4.970000
v 6.300000 5.380000 2.850002
v 6.300000 5.380000 5.250000
v 6.300000 3.330000 2.850002
v 6.300000 3.330000 4.970000
v 6.300000 4.350001 4.970000
v 6.300000 4.350001 2.850002
v 2.450000 7.400000 5.250000
v 2.450000 7.400000 2.850000
v 6.300000 0.200000 5.250000
v 6.300000 0.200000 2.850002
v 6.300000 3.080000 5.250000
v 6.300000 3.080000 2.850002
v 2.450000 4.950000 5.250000
v 2.450000 4.950000 4.970000
vt 0.570399 0.245826
vt 0.736493 0.245826
vt 0.745519 0.254853
vt 0.561372 0.254853
vt 0.549341 0.242403
vt 0.845082 0.242403
vt 0.845123 0.247565
vt 0.549382 0.247565
vt 0.550279 0.245104
vt 0.952362 0.245104
vt 0.950727 0.252094
vt 0.548645 0.252094
vt 0.863436 0.260160
vt 0.548518 0.260161
vt 0.548473 0.254665
vt 0.863392 0.254664
vt 0.561327 0.255229
vt 0.570354 0.246202
vt 0.736444 0.246202
vt 0.745471 0.255229
vt 0.548700 0.259986
vt 0.548653 0.254225
vt 0.878779 0.254153
vt 0.884612 0.259986
vt 0.555793 0.241804
vt 0.555863 0.247299
vt 0.870808 0.247298
vt 0.870738 0.241802
vt 0.863439 0.260046
vt 0.863369 0.254550
vt 0.548435 0.254551
vt 0.548505 0.260046
vt 0.549063 0.259949
vt 0.549017 0.254187
vt 0.879144 0.254187
vt 0.884978 0.260021
vt 0.863490 0.260169
vt 0.548556 0.260170
vt 0.555939 0.247245
vt 0.870873 0.247246
vt 0.884928 0.245982
vt 0.884974 0.251743
vt 0.554849 0.251743
vt 0.549017 0.245908
vt 0.550143 0.244601
vt 0.943845 0.244601
vt 0.942316 0.251355
vt 0.556986 0.251445
vt 0.548773 0.245718
vt 0.884572 0.245718
vt 0.882961 0.251478
vt 0.554604 0.251550
vt 0.684655 0.246503
vt 0.694540 0.256389
vt 0.656976 0.256389
vt 0.656976 0.246503
vt 0.555931 0.246980
vt 0.870870 0.246980
vt 0.863443 0.254407
vt 0.548504 0.254407
vt 0.870881 0.247298
vt 0.863453 0.254726
vt 0.911818 0.259759
vt 0.549737 0.259759
vt 0.551310 0.253548
vt 0.905527 0.253468
vt 0.613111 0.246406
vt 0.660561 0.246406
vt 0.670446 0.256292
vt 0.613111 0.256292
vt 0.548435 0.254727
vt 0.777440 0.247997
vt 0.777440 0.257192
vt 0.558597 0.257192
vt 0.567792 0.247997
vt 0.760396 0.254083
vt 0.570708 0.254084
vt 0.561409 0.244785
vt 0.760396 0.244785
vt 0.570856 0.254484
vt 0.561828 0.245457
vt 0.745984 0.245458
vt 0.736957 0.254484
vt 0.884880 0.245812
vt 0.884925 0.251574
vt 0.554799 0.251531
vt 0.548968 0.245696
vt 0.549963 0.245237
vt 0.921318 0.245237
vt 0.927771 0.251690
vt 0.556416 0.251690
vt 0.787969 0.250404
vt 0.787969 0.259456
vt 0.548993 0.259458
vt 0.558045 0.250406
vt 0.870145 0.253989
vt 0.552380 0.254056
vt 0.552378 0.245694
vt 0.870143 0.245626
vt 0.549495 0.242508
vt 0.911571 0.242508
vt 0.909997 0.248719
vt 0.555786 0.248799
vt 0.745862 0.242345
vt 0.745838 0.245558
vt 0.561683 0.245558
vt 0.561707 0.242344
vt 0.604363 0.244487
vt 0.731670 0.244487
vt 0.729707 0.246675
vt 0.604359 0.246674
vt 0.773814 0.244370
vt 0.567768 0.244401
vt 0.875786 0.259632
vt 0.550753 0.259632
vt 0.736811 0.254586
vt 0.570710 0.254586
vt 0.555856 0.241742
vt 0.870773 0.241741
vt 0.870818 0.247237
vt 0.548434 0.260222
vt 0.783989 0.246423
vt 0.558017 0.246462
vt 0.870885 0.241634
vt 0.555951 0.241634
vt 0.555907 0.247130
vt 0.870841 0.247131
vt 0.736512 0.242927
vt 0.570418 0.242927
vt 0.555793 0.241743
vt 0.870741 0.241742
vt 0.570542 0.257352
vt 0.570561 0.254453
vt 0.736664 0.254453
vt 0.736644 0.257352
vt 0.555792 0.241628
vt 0.870726 0.241627
vt 0.555856 0.241765
vt 0.870770 0.241765
vt 0.722117 0.254099
vt 0.596772 0.254099
vt 0.596772 0.244307
vt 0.731910 0.244307
vt 0.730962 0.246526
vt 0.740685 0.256248
vt 0.596792 0.256248
vt 0.596792 0.246526
vt 0.763732 0.257420
vt 0.570728 0.257394
vt 0.551860 0.253188
vt 0.551860 0.245115
vt 0.923223 0.245115
vt 0.923223 0.253188
vt 0.870869 0.241701
vt 0.555951 0.241701
vt 0.729707 0.256467
vt 0.594566 0.256467
vt 0.548479 0.254558
vt 0.561347 0.258066
vt 0.745495 0.258066
vt 0.561534 0.245425
vt 0.745691 0.245425
vt 0.611134 0.244429
vt 0.660561 0.244429
vt 0.844774 0.259919
vt 0.549032 0.259920
vt 0.548991 0.254758
vt 0.844733 0.254758
vt 0.837460 0.260159
vt 0.557123 0.260160
vt 0.557084 0.255267
vt 0.837422 0.255267
vt 0.745715 0.242212
vt 0.561558 0.242212
vt 0.684655 0.244526
vt 0.654999 0.244526
vt 0.548365 0.252292
vt 0.548370 0.244475
vt 0.996217 0.244475
vt 0.996212 0.252292
vt 0.548435 0.260055
vt 0.863369 0.260054
vt 0.570691 0.257485
vt 0.736791 0.257485
vt 0.870951 0.241748
vt 0.546797 0.260082
vt 0.994629 0.260082
vt 0.550193 0.259641
vt 0.921556 0.259641
vt 0.561809 0.242243
vt 0.745965 0.242243
vt 0.736972 0.257383
vt 0.570871 0.257383
vt 0.730956 0.244184
vt 0.594444 0.244177
vt 0.870951 0.241802
vt 0.556002 0.241802
vt 0.950727 0.259977
vt 0.548645 0.259977
vt 0.950418 0.251866
vt 0.548337 0.251865
vt 0.548337 0.243981
vt 0.950418 0.243982
vt 0.957408 0.258855
vt 0.555327 0.258855
vt 0.550451 0.251652
vt 0.923213 0.251652
vt 0.923213 0.259704
vt 0.550451 0.259704
vt 0.924882 0.253244
vt 0.552122 0.253243
vt 0.552122 0.245192
vt 0.924882 0.245192
vt 0.550536 0.245147
vt 0.924879 0.245147
vt 0.924796 0.259748
vt 0.837031 0.247056
vt 0.556693 0.247056
vt 0.554942 0.259883
vt 0.549162 0.254105
vt 0.881904 0.254106
vt 0.887684 0.259884
vt 0.548479 0.254497
vt 0.863393 0.254496
vt 0.549162 0.245786
vt 0.881904 0.245787
vt 0.881636 0.251618
vt 0.881636 0.259937
vt 0.548895 0.259936
vt 0.548895 0.251618
vt 0.884924 0.259868
vt 0.554798 0.259826
vt 0.883347 0.245840
vt 0.550610 0.245840
vt 0.879144 0.245892
vt 0.722113 0.256287
vt 0.594810 0.256287
vt 0.548435 0.259993
vt 0.863349 0.259992
vt 0.896718 0.250737
vt 0.558102 0.250737
vt 0.549803 0.242437
vt 0.896718 0.242437
vt 0.895013 0.256618
vt 0.558028 0.256617
vt 0.927771 0.259763
vt 0.556416 0.259762
vt 0.556654 0.242163
vt 0.836993 0.242164
vt 0.549495 0.248878
vt 0.895328 0.248878
vt 0.895328 0.257112
vt 0.549495 0.257112
vt 0.848243 0.252119
vt 0.551089 0.252119
vt 0.551089 0.243580
vt 0.848243 0.243580
vt 0.848183 0.257304
vt 0.549341 0.257304
vt 0.549237 0.251326
vt 0.846392 0.251326
vt 0.846392 0.259865
vt 0.549237 0.259865
vt 0.549299 0.246140
vt 0.848140 0.246140
vt 0.896695 0.253520
vt 0.550860 0.253520
vt 0.550860 0.245285
vt 0.896696 0.245286
vt 0.902704 0.259527
vt 0.556869 0.259527
vt 0.551195 0.242871
vt 0.897027 0.242871
vt 0.706327 0.254508
vt 0.678648 0.254508
vt 0.678648 0.244623
vt 0.716213 0.244623
vt 0.909999 0.256843
vt 0.555788 0.256924
vt 0.745491 0.258442
vt 0.561347 0.258442
vt 0.706327 0.256485
vt 0.676671 0.256485
vt 0.570339 0.243303
vt 0.736429 0.243303
vt 0.551308 0.245424
vt 0.905525 0.245343
vt 0.557191 0.251426
vt 0.911407 0.251346
vt 0.911409 0.259470
vt 0.557193 0.259550
vt 0.550901 0.245135
vt 0.912980 0.245135
vt 0.878497 0.254112
vt 0.550140 0.254183
vt 0.550138 0.245891
vt 0.878496 0.245819
vt 0.945187 0.259602
vt 0.551486 0.259602
vt 0.553015 0.252849
vt 0.938343 0.252759
vt 0.884328 0.259943
vt 0.548529 0.259943
vt 0.554482 0.251729
vt 0.882837 0.251658
vt 0.882839 0.259950
vt 0.554484 0.260022
vt 0.594566 0.256367
vt 0.596518 0.254024
vt 0.730721 0.254024
vt 0.730714 0.256367
vt 0.990222 0.244590
vt 0.988617 0.252306
vt 0.554161 0.252413
vt 0.546553 0.244590
vt 0.882963 0.259770
vt 0.554605 0.259843
vt 0.558794 0.252428
vt 0.549649 0.243282
vt 0.769138 0.243283
vt 0.769138 0.252428
vt 0.988619 0.259902
vt 0.554163 0.260008
vt 0.548434 0.259903
vt 0.863373 0.259903
vt 0.870939 0.241485
vt 0.556001 0.241485
vt 0.558818 0.256099
vt 0.772841 0.256132
vt 0.546309 0.244469
vt 0.991505 0.244469
vt 0.990047 0.252106
vt 0.554051 0.252212
vt 0.984496 0.252215
vt 0.548500 0.252322
vt 0.548498 0.244699
vt 0.984494 0.244593
vt 0.992238 0.259958
vt 0.547041 0.259958
vt 0.554849 0.260038
vt 0.548651 0.245930
vt 0.878777 0.245859
vt 0.548993 0.251472
vt 0.879982 0.251472
vt 0.879982 0.259789
vt 0.548993 0.259788
vt 0.881912 0.259963
vt 0.549294 0.259963
vt 0.550997 0.254187
vt 0.881984 0.254187
vt 0.550997 0.245870
vt 0.881984 0.245871
vt 0.884448 0.245898
vt 0.549065 0.245696
vt 0.881685 0.245696
vt 0.596518 0.244299
vt 0.740446 0.244300
vt 0.990049 0.259728
vt 0.554053 0.259834
vt 0.553013 0.244920
vt 0.938341 0.244832
vt 0.942318 0.259283
vt 0.556988 0.259372
vt 0.553015 0.252877
vt 0.938345 0.244860
vt 0.557108 0.251350
vt 0.942438 0.251260
vt 0.942440 0.259189
vt 0.557110 0.259277
vt 0.550266 0.244507
vt 0.943967 0.244507
vt 0.559046 0.250892
vt 0.881194 0.250893
vt 0.881194 0.259283
vt 0.550656 0.259282
vt 0.548518 0.260138
vt 0.914512 0.250996
vt 0.551172 0.250996
vt 0.914512 0.242886
vt 0.594322 0.244208
vt 0.721834 0.244212
vt 0.721838 0.246400
vt 0.596514 0.246400
vt 0.731629 0.256191
vt 0.596514 0.256191
vt 0.559115 0.245271
vt 0.882915 0.245271
vt 0.914430 0.257336
vt 0.549495 0.257337
vt 0.549267 0.251592
vt 0.912605 0.251593
vt 0.912605 0.259703
vt 0.549267 0.259701
vt 0.549349 0.245252
vt 0.914282 0.245252
vt 0.914359 0.250759
vt 0.551018 0.250759
vt 0.551018 0.242648
vt 0.914359 0.242650
vt 0.914276 0.257099
vt 0.549341 0.257099
vt 0.845843 0.254440
vt 0.549359 0.254440
vt 0.549359 0.245920
vt 0.845843 0.245919
vt 0.851078 0.259676
vt 0.549400 0.259614
vt 0.555037 0.247889
vt 0.851522 0.247828
vt 0.851524 0.256348
vt 0.555039 0.256409
vt 0.549803 0.242654
vt 0.851481 0.242654
vt 0.912246 0.253161
vt 0.549963 0.253161
vt 0.549963 0.245075
vt 0.912246 0.245075
vt 0.918649 0.259567
vt 0.550014 0.259484
vt 0.556441 0.251454
vt 0.918726 0.251549
vt 0.918724 0.259636
vt 0.556438 0.259540
vt 0.550039 0.245046
vt 0.918676 0.245226
vt 0.912340 0.253243
vt 0.550060 0.253245
vt 0.550059 0.245158
vt 0.912340 0.245158
vt 0.550111 0.259568
vt 0.548847 0.259690
vt 0.550557 0.253914
vt 0.881542 0.253915
vt 0.881471 0.259690
vt 0.550557 0.245598
vt 0.881542 0.245599
vt 0.882011 0.245414
vt 0.880301 0.251190
vt 0.549316 0.251190
vt 0.549388 0.245414
vt 0.880301 0.259506
vt 0.549316 0.259506
vt 0.921108 0.250905
vt 0.549463 0.250809
vt 0.549465 0.242782
vt 0.921110 0.242877
vt 0.927676 0.257480
vt 0.555911 0.249174
vt 0.927560 0.249176
vt 0.927560 0.257202
vt 0.555911 0.257202
vt 0.549341 0.242601
vt 0.927507 0.242689
vt 0.550550 0.253888
vt 0.550550 0.245572
vt 0.555126 0.251443
vt 0.885253 0.251485
vt 0.885252 0.259780
vt 0.555125 0.259737
vt 0.549295 0.245608
vt 0.885208 0.245724
vt 0.884730 0.260126
vt 0.548819 0.260054
vt 0.548773 0.254293
vt 0.878898 0.254292
vt 0.548773 0.245998
vt 0.878898 0.245997
vt 0.881592 0.245861
vt 0.879883 0.251637
vt 0.879883 0.259953
vt 0.548898 0.259953
vt 0.549718 0.245006
vt 0.921072 0.245009
vt 0.927525 0.251462
vt 0.556171 0.251459
vt 0.927525 0.259535
vt 0.556171 0.259531
vt 0.820008 0.081058
vt 0.820008 0.221522
vt 0.785841 0.232911
vt 0.785841 0.005131
vt 0.960472 0.221522
vt 0.989894 0.232911
vt 0.654697 0.534869
vt 0.887221 0.534869
vt 0.824582 0.610796
vt 0.684118 0.610796
vt 0.548631 0.232951
vt 0.548631 0.005170
vt 0.610321 0.005170
vt 0.610322 0.206376
vt 0.548571 0.232910
vt 0.611210 0.221521
vt 0.751674 0.221521
vt 0.611210 0.081058
vt 0.548571 0.005131
vt 0.764934 0.206573
vt 0.831369 0.233147
vt 0.548543 0.233147
vt 0.668127 0.206573
vt 0.887222 0.762648
vt 0.824582 0.751259
vt 0.751674 0.081058
vt 0.721178 0.535019
vt 0.721179 0.736224
vt 0.654743 0.762798
vt 0.654743 0.535019
vt 0.928078 0.535018
vt 0.928078 0.762798
vt 0.817985 0.736223
vt 0.817985 0.535018
vt 0.928022 0.534851
vt 0.856841 0.610777
vt 0.716378 0.610777
vt 0.928023 0.762630
vt 0.856842 0.751241
vt 0.716379 0.751241
vt 0.654688 0.762631
vt 0.548650 0.005338
vt 0.610341 0.005338
vt 0.610341 0.206545
vt 0.548650 0.233119
vt 0.654768 0.762587
vt 0.654768 0.534808
vt 0.844584 0.534808
vt 0.844584 0.762587
vt 0.684118 0.751259
vt 0.868525 0.534648
vt 0.868525 0.762427
vt 0.654981 0.762427
vt 0.654981 0.534648
vt 0.655147 0.302526
vt 0.863945 0.302526
vt 0.863945 0.530305
vt 0.655147 0.530305
vt 0.707144 0.005344
vt 0.730870 0.005344
vt 0.730875 0.233118
vt 0.707147 0.206544
vt 0.880750 0.005226
vt 0.880750 0.233006
vt 0.989893 0.005131
vt 0.960472 0.081058
vt 0.868225 0.736069
vt 0.868225 0.762644
vt 0.837855 0.736069
vt 0.985208 0.005171
vt 0.985208 0.232950
vt 0.792545 0.206376
vt 0.792545 0.005171
vt 0.837855 0.534864
vt 0.548388 0.005551
vt 0.790403 0.005551
vt 0.790403 0.233330
vt 0.548388 0.233330
vt 0.654789 0.534613
vt 0.887314 0.534613
vt 0.887314 0.762393
vt 0.654789 0.762393
vt 0.868188 0.534929
vt 0.868189 0.762709
vt 0.806498 0.736134
vt 0.806498 0.534929
vt 0.831369 0.005368
vt 0.764934 0.005368
vt 0.928205 0.005230
vt 0.928205 0.233009
vt 0.844397 0.534928
vt 0.844397 0.762707
vt 0.654581 0.762707
vt 0.654581 0.534928
vt 0.668127 0.005368
vt 0.548542 0.005368
vt 0.766156 0.503563
vt 0.863911 0.530137
vt 0.655114 0.530137
vt 0.669350 0.503563
vt 0.863911 0.302357
vt 0.766156 0.302357
vt 0.739012 0.005064
vt 0.739012 0.232843
vt 0.549196 0.232844
vt 0.549196 0.005064
vt 0.767107 0.005350
vt 0.767110 0.233123
vt 0.752874 0.206549
vt 0.752871 0.005350
vt 0.747943 0.005289
vt 0.747943 0.233068
vt 0.548636 0.233068
vt 0.548636 0.005289
vt 0.656067 0.005343
vt 0.656067 0.206549
vt 0.548821 0.233123
vt 0.548821 0.005343
vt 0.844814 0.302490
vt 0.844814 0.530269
vt 0.654998 0.530269
vt 0.654998 0.302490
vt 0.654986 0.530098
vt 0.654986 0.302319
vt 0.844802 0.302319
vt 0.844802 0.530098
vt 0.669353 0.302361
vt 0.655116 0.302361
vt 0.654703 0.762716
vt 0.844517 0.534851
vt 0.844517 0.762630
vt 0.844679 0.534840
vt 0.844679 0.762619
vt 0.654863 0.762619
vt 0.654863 0.534840
vt 0.654645 0.736134
usemtl Interior_Mat
s off
f 566/433 567/434 568/435 569/436
f 465/437 466/438 599/439 598/440
f 380/441 379/442 506/443 507/444
f 461/445 414/446 529/447 541/448
f 543/449 540/450 541/451 542/452
f 627/453 629/454 571/455 375/456
f 436/457 437/458 500/459 469/460
f 448/461 566/462 559/463 360/464
f 615/465 617/466 431/467 381/468
f 450/469 378/470 418/447 489/448
f 418/447 440/471 498/472 489/448
f 636/473 637/474 552/475 359/476
f 371/477 373/478 584/479 570/480
f 412/481 400/482 547/483 532/484
f 424/485 421/486 482/487 478/488
f 564/489 568/490 567/491 561/492
f 424/458 501/493 494/494 421/447
f 400/495 396/496 545/497 547/498
f 427/499 440/500 418/501 422/502
f 442/503 496/448 500/459 437/458
f 488/504 490/505 442/506 437/507
f 533/508 538/509 529/510 537/511
f 489/512 498/513 499/514 484/515
f 618/516 619/517 512/518 357/519
f 425/471 503/472 495/494 404/447
f 639/520 380/521 507/522 640/523
f 487/524 493/525 417/526 434/527
f 486/528 419/529 476/530 492/531
f 408/532 412/533 532/534 531/535
f 472/536 502/537 503/538 475/539
f 435/540 391/541 481/542 423/543
f 358/544 488/504 437/507 436/545
f 392/546 398/547 419/529 486/528
f 455/445 386/446 521/447 525/448
f 503/538 502/537 497/548 495/549
f 433/550 467/551 542/552 538/471
f 405/553 421/447 494/494 456/445
f 367/554 487/524 434/527 441/555
f 468/556 435/557 423/558 499/559
f 430/550 465/551 598/552 594/471
f 449/560 567/434 566/433 448/561
f 441/562 434/471 502/552 472/563
f 456/564 494/565 496/566 458/567
f 445/568 565/558 569/559 474/569
f 415/570 462/571 526/459 522/458
f 523/572 515/573 519/574 520/575
f 425/576 404/577 483/578 480/579
f 411/580 433/581 538/509 533/508
f 485/582 477/583 444/584 429/585
f 466/586 432/587 595/471 599/552
f 417/503 497/448 502/552 434/471
f 423/543 481/542 446/588 479/589
f 423/558 479/590 484/462 499/559
f 474/591 569/436 568/435 473/592
f 501/593 500/594 496/566 494/565
f 397/595 428/596 440/500 427/499
f 462/597 463/598 527/599 526/600
f 454/601 452/602 596/603 597/604
f 458/469 496/448 442/503 407/446
f 469/605 500/594 501/593 471/606
f 439/607 424/485 478/488 369/608
f 431/609 416/610 491/611 420/612
f 393/613 451/614 484/462 479/590
f 457/615 495/549 497/548 459/616
f 475/617 503/472 425/471 447/587
f 381/618 431/609 420/612 384/619
f 387/620 485/582 429/585 376/621
f 464/622 468/623 499/514 498/513
f 459/469 497/448 417/503 409/446
f 451/624 450/625 489/512 484/515
f 428/550 464/551 498/472 440/471
f 447/626 425/576 480/579 364/627
f 471/628 501/493 424/458 439/629
f 406/553 404/447 495/494 457/445
f 507/444 506/443 508/630 509/631
f 504/632 505/633 511/634 510/635
f 362/636 363/637 505/633 504/632
f 626/638 513/639 516/640 625/641
f 622/642 512/643 518/644 623/645
f 624/646 368/647 513/639 626/638
f 621/648 357/641 512/643 622/642
f 525/649 526/600 527/599 524/650
f 384/651 420/652 485/653 387/654
f 523/558 520/655 524/656 527/559
f 420/652 491/657 477/658 485/653
f 478/659 482/660 493/661 487/662
f 619/517 620/663 518/664 512/518
f 369/665 478/659 487/662 367/666
f 617/466 616/476 416/667 431/467
f 521/447 522/458 526/459 525/448
f 426/668 385/669 515/573 523/572
f 402/670 453/671 524/656 520/655
f 505/672 522/673 521/674 511/675
f 463/556 426/557 523/558 527/559
f 363/676 415/677 522/673 505/672
f 640/523 507/522 509/678 641/679
f 453/680 455/681 525/649 524/650
f 539/558 530/590 540/462 543/559
f 488/682 427/683 422/684 490/685
f 602/686 504/687 510/688 601/689
f 600/690 362/691 504/687 602/686
f 604/692 486/693 492/694 605/695
f 603/696 392/697 486/693 604/692
f 419/698 429/699 444/700 476/701
f 398/702 376/703 429/699 419/698
f 529/447 538/471 542/552 541/448
f 358/704 397/705 427/683 488/682
f 539/706 528/707 536/708 530/709
f 531/535 532/534 535/710 534/711
f 467/712 470/713 543/449 542/452
f 413/613 460/614 540/462 530/590
f 438/714 410/715 528/707 539/706
f 460/716 461/717 541/451 540/450
f 470/556 438/557 539/558 543/559
f 547/498 545/497 548/718 549/719
f 544/720 546/721 551/722 550/723
f 395/724 399/725 546/721 544/720
f 546/726 533/727 537/728 551/729
f 361/730 372/731 581/732 582/733
f 399/734 411/735 533/727 546/726
f 528/736 544/737 550/738 536/739
f 396/734 408/735 531/727 545/726
f 359/740 552/741 565/742 445/743
f 545/726 531/727 534/728 548/729
f 559/463 566/462 569/559 565/558
f 388/744 553/745 557/746 377/747
f 532/484 547/483 549/748 535/749
f 564/750 561/751 563/752 554/753
f 553/745 555/754 556/755 557/746
f 370/756 561/492 567/491 449/757
f 473/758 568/490 564/489 443/759
f 443/760 564/750 554/753 394/761
f 356/762 390/763 573/764 558/765
f 572/766 571/767 574/768 575/769
f 389/770 375/771 571/767 572/766
f 637/474 638/468 562/772 552/475
f 629/454 628/773 574/774 571/455
f 631/775 572/776 575/777 632/778
f 633/779 394/780 554/781 634/782
f 634/782 554/781 563/783 635/784
f 410/773 395/785 544/737 528/736
f 630/786 389/787 572/776 631/775
f 552/741 562/788 559/789 565/742
f 558/765 573/764 577/790 576/791
f 582/733 581/732 578/792 560/793
f 570/480 584/479 580/794 585/795
f 587/733 586/796 588/792 589/797
f 583/798 579/799 591/800 590/801
f 383/730 382/731 586/796 587/733
f 365/802 366/803 579/799 583/798
f 592/590 594/471 598/552 596/462
f 595/471 593/590 597/462 599/552
f 595/804 583/805 590/806 593/807
f 599/439 597/604 596/603 598/440
f 452/614 401/808 592/590 596/462
f 614/809 570/810 585/704 613/811
f 372/812 430/813 594/814 581/815
f 581/815 594/814 592/816 578/817
f 403/613 454/614 597/462 593/590
f 432/818 365/819 583/805 595/804
f 612/820 371/821 570/810 614/809
f 610/822 587/823 589/824 611/825
f 609/826 383/827 587/823 610/822
f 607/828 582/829 560/830 608/831
f 606/832 361/833 582/829 607/828
f 481/834 602/835 601/836 446/837
f 391/838 600/839 602/835 481/834
f 506/840 604/841 605/842 508/843
f 379/844 603/845 604/841 506/840
f 579/846 607/847 608/848 591/849
f 366/850 606/851 607/847 579/846
f 584/852 610/853 611/854 580/855
f 373/856 609/857 610/853 584/852
f 586/858 614/859 613/860 588/861
f 382/854 612/862 614/859 586/858
f 374/863 514/864 617/865 615/866
f 514/864 517/867 616/868 617/865
f 364/869 480/870 619/871 618/872
f 480/870 483/873 620/874 619/871
f 515/875 622/876 623/877 519/878
f 385/879 621/821 622/876 515/875
f 514/880 626/881 625/882 517/883
f 374/884 624/885 626/881 514/880
f 377/863 557/886 629/865 627/866
f 557/886 556/887 628/868 629/865
f 553/888 631/889 632/890 555/891
f 388/892 630/893 631/889 553/888
f 390/894 633/895 634/896 573/897
f 573/897 634/896 635/898 577/899
f 356/900 558/901 637/662 636/476
f 558/901 576/902 638/903 637/662
f 368/904 639/905 640/906 513/907
f 513/907 640/906 641/908 516/909
f 660/910 686/911 680/912 643/913
f 685/914 655/915 680/912 686/911
f 659/916 648/917 666/918 667/919
f 655/920 679/921 709/922 711/923
f 680/912 662/924 684/925 683/926
f 664/927 684/925 662/924 645/928
f 718/929 675/930 678/931 719/932
f 666/918 648/917 661/933 687/934
f 643/913 680/912 683/926 663/935
f 647/936 671/937 670/938 646/939
f 643/913 663/935 664/927 645/928
f 701/940 689/941 682/942 657/943
f 691/916 642/944 694/945 696/946
f 694/945 642/944 668/947 695/948
f 697/949 695/948 668/947 690/950
f 691/916 696/946 697/949 690/950
f 689/941 670/938 671/937 682/942
f 692/951 698/952 699/953 693/954
f 735/955 734/956 668/957 642/958
f 687/934 661/933 658/950 688/959
f 733/960 732/961 661/962 648/963
f 706/964 702/965 703/966 707/967
f 672/968 704/969 705/970 700/971
f 699/953 700/971 705/970 693/954
f 692/972 693/973 673/920 649/921
f 643/913 679/974 665/975 660/910
f 739/976 738/977 676/950 714/978
f 650/979 674/980 715/981 712/982
f 676/950 652/916 710/983 714/978
f 715/981 674/980 655/920 711/923
f 650/984 649/985 673/986 674/987
f 653/988 652/989 676/990 677/991
f 659/916 667/919 688/959 658/950
f 659/992 658/993 713/994 708/995
f 665/975 679/974 655/915 685/914
f 651/996 675/930 718/929 717/997
f 645/920 662/921 675/998 651/999
f 737/1000 736/1001 689/1002 701/1003
f 722/1004 719/932 678/931 654/1005
f 730/1006 727/1007 721/1008 729/1009
f 726/1010 727/1007 730/1006 731/1011
f 681/1012 656/1013 654/1014 678/1015
f 656/1016 681/1017 725/1018 716/1019
f 644/1020 669/1021 705/1022 704/1023
f 720/1024 724/1025 669/1026 644/1027
f 725/1018 681/1017 669/1026 724/1025
f 706/1028 707/1029 727/1030 726/1031
f 703/1032 702/1033 723/1034 721/1035
f 728/1036 729/1009 721/1008 723/1037
f 653/992 677/993 732/1038 733/916
f 646/1039 670/1040 734/950 735/916
f 691/1041 690/1042 736/1043 737/1044
f 713/994 658/993 738/1002 739/1045
o Storey02_DoorFrames
v 8.350000 6.690000 2.810001
v 8.350000 6.690000 4.910000
v 8.349998 5.789999 2.809997
v 8.349998 5.789999 4.910000
v 8.350000 6.680000 2.820003
v 8.349998 5.799999 2.820001
v 8.349998 5.799999 4.900000
v 8.299998 5.799999 4.900000
v 8.299999 6.680000 4.900000
v 8.350000 6.680000 4.900000
v 8.299999 6.699998 2.800001
v 8.299998 5.779998 2.800001
v 8.299998 5.799999 2.820001
v 8.299999 6.680000 2.820001
v 8.299998 5.779998 4.920002
v 8.299999 6.699998 4.920002
v 6.200002 4.300002 2.800001
v 6.199996 3.380002 2.800001
v 6.199996 3.390000 2.809997
v 6.200002 4.290001 2.809997
v 6.249998 3.390000 2.810001
v 6.199996 3.390000 4.910000
v 6.249998 3.390000 4.910000
v 6.250001 4.290001 2.809997
v 6.250001 4.290001 4.910000
v 6.200002 4.290001 4.910000
v 6.249998 3.400000 2.820003
v 6.250001 4.280001 2.820001
v 6.250001 4.280001 4.900000
v 6.300001 4.280001 4.900000
v 6.299999 3.400000 4.900000
v 6.249998 3.400000 4.900000
v 6.299999 3.380002 2.800001
v 6.300001 4.300001 2.800001
v 6.300001 4.280001 2.820001
v 6.299999 3.400000 2.820001
v 6.300001 4.300001 4.920002
v 6.199996 3.380002 4.920002
v 6.299999 3.380002 4.920002
v 6.200002 4.300002 4.920002
v 4.200003 1.870000 2.800001
v 4.199997 0.950000 2.800001
v 4.199997 0.959998 2.809997
v 4.200003 1.860000 2.809997
v 4.249998 0.959998 2.810001
v 4.199997 0.959998 4.910000
v 4.249998 0.959998 4.910000
v 4.250002 1.859999 2.809997
v 4.250002 1.859999 4.910000
v 4.200003 1.860000 4.910000
v 4.249998 0.969998 2.820003
v 4.250002 1.849999 2.820001
v 4.250002 1.849999 4.900000
v 4.300001 1.849999 4.900000
v 4.299999 0.969998 4.900000
v 4.249998 0.969998 4.900000
v 4.299999 0.950000 2.800001
v 4.300001 1.869999 2.800001
v 4.300001 1.849999 2.820001
v 4.299999 0.969998 2.820001
v 4.300001 1.869999 4.920002
v 4.199997 0.950000 4.920002
v 4.299999 0.950000 4.920002
v 4.200003 1.870000 4.920002
v 0.899999 4.850002 2.800001
v 2.719999 4.849998 2.800001
v 2.710001 4.849998 2.809997
v 0.910000 4.850002 2.809997
v 2.710001 4.899999 2.810001
v 2.710001 4.849998 4.910000
v 2.710001 4.899999 4.910000
v 0.910000 4.900002 2.809997
v 0.910000 4.900002 4.910000
v 0.910000 4.850002 4.910000
v 2.700000 4.899999 2.820003
v 0.920000 4.900002 2.820001
v 0.920000 4.900002 4.900000
v 0.920000 4.950001 4.900000
v 2.700000 4.950000 4.900000
v 2.700000 4.899999 4.900000
v 2.719999 4.950000 2.800001
v 0.900000 4.950001 2.800001
v 0.920000 4.950001 2.820001
v 2.700000 4.950000 2.820001
v 0.900000 4.950001 4.920002
v 2.719999 4.849998 4.920002
v 2.719999 4.950000 4.920002
v 0.899999 4.850002 4.920002
vt 0.953081 0.597229
vt 0.953109 0.360043
vt 0.957178 0.362642
vt 0.957176 0.593137
vt 0.966550 0.595868
vt 0.953457 0.595871
vt 0.953407 0.365449
vt 0.966499 0.365446
vt 0.970591 0.361353
vt 0.970618 0.598466
vt 0.975513 0.357405
vt 0.975514 0.598375
vt 0.970273 0.593137
vt 0.970275 0.362643
vt 0.954536 0.286706
vt 0.965589 0.286701
vt 0.965796 0.746503
vt 0.954744 0.746508
vt 0.957106 0.284362
vt 0.968150 0.284361
vt 0.968216 0.743836
vt 0.957171 0.743838
vt 0.973753 0.278533
vt 0.973860 0.748645
vt 0.976377 0.276264
vt 0.976377 0.748337
vt 0.948222 0.601109
vt 0.948169 0.360213
vt 0.946580 0.754679
vt 0.946431 0.282338
vt 0.948907 0.751894
vt 0.948945 0.282046
vt 0.988226 0.435716
vt 0.988225 0.679733
vt 0.984038 0.677121
vt 0.984013 0.439930
vt 0.971582 0.277819
vt 0.982775 0.277816
vt 0.982881 0.747927
vt 0.971689 0.747929
vt 0.952793 0.283515
vt 0.963979 0.283516
vt 0.963942 0.753363
vt 0.952756 0.753363
vt 0.952588 0.360193
vt 0.965760 0.360192
vt 0.965789 0.597303
vt 0.952616 0.597305
vt 0.970836 0.439931
vt 0.970861 0.677122
vt 0.966792 0.674524
vt 0.966743 0.444024
vt 0.969828 0.362790
vt 0.982920 0.362787
vt 0.982974 0.593206
vt 0.969881 0.593210
vt 0.948457 0.679766
vt 0.948407 0.438788
vt 0.953647 0.444026
vt 0.953694 0.674527
vt 0.952365 0.285993
vt 0.963418 0.285988
vt 0.963625 0.745788
vt 0.952572 0.745793
vt 0.972140 0.285832
vt 0.983185 0.285830
vt 0.983250 0.745304
vt 0.972205 0.745306
vt 0.991411 0.277733
vt 0.991411 0.749805
vt 0.991230 0.269575
vt 0.991230 0.750254
vt 0.988156 0.357549
vt 0.988213 0.598441
vt 0.944409 0.753963
vt 0.944261 0.281625
vt 0.948377 0.601488
vt 0.948377 0.357517
vt 0.944409 0.761706
vt 0.944554 0.281344
vt 0.987434 0.435886
vt 0.987433 0.679903
vt 0.983247 0.677291
vt 0.983222 0.440100
vt 0.971667 0.277420
vt 0.982860 0.277422
vt 0.982736 0.747532
vt 0.971545 0.747529
vt 0.951183 0.283892
vt 0.962370 0.283893
vt 0.962331 0.753738
vt 0.951145 0.753738
vt 0.952434 0.437282
vt 0.965607 0.437281
vt 0.965634 0.674392
vt 0.952462 0.674394
vt 0.970045 0.440101
vt 0.970070 0.677292
vt 0.966000 0.674695
vt 0.965951 0.444194
vt 0.969675 0.439879
vt 0.982767 0.439876
vt 0.982819 0.670296
vt 0.969727 0.670299
vt 0.947666 0.679937
vt 0.947615 0.438959
vt 0.952855 0.444196
vt 0.952903 0.674698
vt 0.952446 0.285583
vt 0.963499 0.285584
vt 0.963481 0.745383
vt 0.952429 0.745383
vt 0.970530 0.286209
vt 0.981575 0.286207
vt 0.981640 0.745680
vt 0.970595 0.745682
vt 0.989801 0.278111
vt 0.989801 0.750182
vt 0.991319 0.269185
vt 0.991084 0.749863
vt 0.988002 0.434638
vt 0.988058 0.675532
vt 0.944261 0.753549
vt 0.944344 0.281212
vt 0.948222 0.678577
vt 0.948222 0.434606
vt 0.942798 0.762081
vt 0.942944 0.281721
vt 0.943231 0.748978
vt 0.943359 0.320108
vt 0.950715 0.322380
vt 0.950677 0.741534
vt 0.970687 0.277420
vt 0.981880 0.277422
vt 0.981756 0.747532
vt 0.970565 0.747530
vt 0.952177 0.283514
vt 0.963363 0.283515
vt 0.963325 0.753362
vt 0.952139 0.753361
vt 0.980724 0.744711
vt 0.969086 0.744710
vt 0.969127 0.325743
vt 0.980766 0.325744
vt 0.962321 0.741535
vt 0.962359 0.322381
vt 0.969549 0.324625
vt 0.969596 0.734264
vt 0.961900 0.742461
vt 0.950399 0.742462
vt 0.950353 0.333015
vt 0.961855 0.333014
vt 0.988379 0.317394
vt 0.988380 0.738931
vt 0.981103 0.734262
vt 0.981056 0.324624
vt 0.951466 0.285584
vt 0.962519 0.285585
vt 0.962502 0.745384
vt 0.951449 0.745384
vt 0.971524 0.285832
vt 0.982569 0.285830
vt 0.982634 0.745303
vt 0.971589 0.745305
vt 0.990795 0.277733
vt 0.990795 0.749805
vt 0.990339 0.269185
vt 0.990105 0.749863
vt 0.943127 0.749734
vt 0.943126 0.328453
vt 0.943282 0.753550
vt 0.943364 0.281212
vt 0.988298 0.318397
vt 0.988165 0.747136
vt 0.943793 0.761704
vt 0.943938 0.281344
usemtl Interior_Mat
s off
f 742/1046 740/1047 744/1048 745/1049
f 746/1050 747/1051 748/1052 749/1053
f 746/1050 749/1053 741/1054 743/1055
f 750/1056 751/1057 752/1058 753/1059
f 753/1060 744/1061 749/1062 748/1063
f 745/1064 752/1065 747/1066 746/1067
f 753/1059 752/1058 745/1049 744/1048
f 740/1068 741/1069 749/1062 744/1061
f 751/1070 754/1071 747/1066 752/1065
f 754/1072 755/1073 748/1052 747/1051
f 755/1074 750/1075 753/1060 748/1063
f 745/1064 746/1067 743/1076 742/1077
f 756/1078 757/1079 758/1080 759/1081
f 760/1082 758/1083 761/1084 762/1085
f 759/1086 763/1087 764/1088 765/1089
f 765/1090 764/1091 762/1092 761/1093
f 763/1094 760/1095 766/1096 767/1097
f 768/1098 769/1099 770/1100 771/1101
f 768/1098 771/1101 762/1092 764/1091
f 772/1102 773/1103 774/1104 775/1105
f 775/1106 766/1107 771/1108 770/1109
f 767/1110 774/1111 769/1112 768/1113
f 775/1105 774/1104 767/1097 766/1096
f 760/1095 763/1094 759/1081 758/1080
f 760/1082 762/1085 771/1108 766/1107
f 773/1114 776/1115 769/1112 774/1111
f 761/1084 758/1083 757/1116 777/1117
f 776/1118 778/1119 770/1100 769/1099
f 778/1120 772/1121 775/1106 770/1109
f 765/1090 761/1093 777/1122 779/1123
f 779/1124 756/1125 759/1086 765/1089
f 767/1110 768/1113 764/1088 763/1087
f 780/1126 781/1127 782/1128 783/1129
f 784/1130 782/1131 785/1132 786/1133
f 783/1134 787/1135 788/1136 789/1137
f 789/1138 788/1139 786/1140 785/1141
f 787/1142 784/1143 790/1144 791/1145
f 792/1146 793/1147 794/1148 795/1149
f 792/1146 795/1149 786/1140 788/1139
f 796/1150 797/1151 798/1152 799/1153
f 799/1154 790/1155 795/1156 794/1157
f 791/1158 798/1159 793/1160 792/1161
f 799/1153 798/1152 791/1145 790/1144
f 784/1143 787/1142 783/1129 782/1128
f 784/1130 786/1133 795/1156 790/1155
f 797/1162 800/1163 793/1160 798/1159
f 785/1132 782/1131 781/1164 801/1165
f 800/1166 802/1167 794/1148 793/1147
f 802/1168 796/1169 799/1154 794/1157
f 789/1138 785/1141 801/1170 803/1171
f 803/1172 780/1173 783/1134 789/1137
f 791/1158 792/1161 788/1136 787/1135
f 804/1174 805/1175 806/1176 807/1177
f 808/1178 806/1179 809/1180 810/1181
f 807/1182 811/1183 812/1184 813/1185
f 813/1186 812/1187 810/1188 809/1189
f 811/1190 808/1191 814/1192 815/1193
f 816/1194 817/1195 818/1196 819/1197
f 816/1194 819/1197 810/1188 812/1187
f 820/1198 821/1199 822/1200 823/1201
f 823/1202 814/1203 819/1204 818/1205
f 815/1206 822/1207 817/1208 816/1209
f 823/1201 822/1200 815/1193 814/1192
f 808/1191 811/1190 807/1177 806/1176
f 808/1178 810/1181 819/1204 814/1203
f 821/1210 824/1211 817/1208 822/1207
f 809/1180 806/1179 805/1212 825/1213
f 824/1214 826/1215 818/1196 817/1195
f 826/1216 820/1217 823/1202 818/1205
f 813/1186 809/1189 825/1218 827/1219
f 827/1220 804/1221 807/1182 813/1185
f 815/1206 816/1209 812/1184 811/1183
o Storey02_WindowFrames
v 0.200001 0.940003 3.730000
v 0.200001 0.939999 5.050000
v 0.220000 0.939999 5.050000
v 0.220000 0.939999 3.730000
v 0.220000 0.859996 3.649998
v 0.220000 0.859996 5.130000
v 0.200001 0.859996 5.130000
v 0.200001 0.859996 3.649998
v 0.220000 1.600000 3.649998
v 0.200000 1.600000 3.649998
v 0.220000 1.560000 3.730000
v 0.220000 1.560000 5.050000
v 0.200000 1.560000 5.050000
v 0.200000 1.560000 3.730000
v 0.220000 1.600000 5.130000
v 0.200001 1.600000 5.130000
v 0.149999 0.949997 3.740010
v 0.150000 1.550000 3.740010
v 0.200000 1.539999 3.750010
v 0.200001 0.960000 3.750010
v 0.200001 0.959997 5.030000
v 0.150000 1.550000 5.040000
v 0.149999 0.949997 5.040000
v 0.200000 1.539999 5.030000
v 0.149999 0.959997 3.750010
v 0.150000 1.540001 3.750010
v 0.150000 1.540001 5.030000
v 0.149999 0.959997 5.030000
v 0.200001 1.640005 3.730000
v 0.200001 1.640000 5.050000
v 0.220000 1.640000 5.050000
v 0.220000 1.640000 3.730000
v 0.220000 2.340000 3.649998
v 0.200000 2.340000 3.649998
v 0.220000 2.260000 3.730000
v 0.220000 2.260000 5.050000
v 0.200000 2.260000 5.050000
v 0.200000 2.260000 3.730000
v 0.220000 2.340000 5.130000
v 0.200000 2.340000 5.130000
v 0.149999 1.649998 3.740010
v 0.150000 2.250000 3.740010
v 0.200000 2.240000 3.750010
v 0.200001 1.660001 3.750010
v 0.200001 1.659998 5.030000
v 0.150000 2.250000 5.040000
v 0.149999 1.649998 5.040000
v 0.200000 2.240000 5.030000
v 0.149999 1.659998 3.750010
v 0.150000 2.240001 3.750010
v 0.150000 2.240001 5.030000
v 0.149999 1.659998 5.030000
v 0.200001 3.140004 3.730000
v 0.200001 3.140000 5.050000
v 0.220000 3.140000 5.050000
v 0.220000 3.140000 3.730000
v 0.220000 3.060000 3.649998
v 0.220000 3.060000 5.130000
v 0.200001 3.059997 5.130000
v 0.200001 3.059997 3.649998
v 0.220000 3.800001 3.649998
v 0.200000 3.800001 3.649998
v 0.220000 3.760001 3.730000
v 0.220000 3.760001 5.050000
v 0.200000 3.760001 5.050000
v 0.200000 3.760001 3.730000
v 0.220000 3.800001 5.130000
v 0.200001 3.800001 5.130000
v 0.149999 3.149998 3.740010
v 0.150000 3.750000 3.740010
v 0.200000 3.740000 3.750010
v 0.200001 3.160001 3.750010
v 0.200001 3.159998 5.030000
v 0.150000 3.750000 5.040000
v 0.149999 3.149998 5.040000
v 0.200000 3.740000 5.030000
v 0.149999 3.159998 3.750010
v 0.150000 3.740001 3.750010
v 0.150000 3.740001 5.030000
v 0.149999 3.159998 5.030000
v 0.200001 3.840005 3.730000
v 0.200001 3.840001 5.050000
v 0.220000 3.840001 5.050000
v 0.220000 3.840001 3.730000
v 0.220000 4.540001 3.649998
v 0.200000 4.540001 3.649998
v 0.220000 4.460001 3.730000
v 0.220000 4.460001 5.050000
v 0.200000 4.460001 5.050000
v 0.200000 4.460001 3.730000
v 0.220000 4.540001 5.130000
v 0.200000 4.540001 5.130000
v 0.149999 3.849999 3.740010
v 0.150000 4.450001 3.740010
v 0.200000 4.440001 3.750010
v 0.200001 3.860002 3.750010
v 0.200001 3.859999 5.030000
v 0.150000 4.450001 5.040000
v 0.149999 3.849999 5.040000
v 0.200000 4.440001 5.030000
v 0.149999 3.859999 3.750010
v 0.150000 4.440001 3.750010
v 0.150000 4.440001 5.030000
v 0.149999 3.859999 5.030000
v 0.200001 5.340003 3.730000
v 0.200001 5.339999 5.050000
v 0.220000 5.339999 5.050000
v 0.220000 5.339999 3.730000
v 0.220000 5.260000 3.649998
v 0.220000 5.260000 5.130000
v 0.200001 5.259995 5.130000
v 0.200001 5.259995 3.649998
v 0.220000 6.000000 3.649998
v 0.200000 6.000000 3.649998
v 0.220000 5.960000 3.730000
v 0.220000 5.960000 5.050000
v 0.200000 5.960000 5.050000
v 0.200000 5.960000 3.730000
v 0.220000 6.000000 5.130000
v 0.200001 6.000000 5.130000
v 0.149999 5.349997 3.740010
v 0.150000 5.950000 3.740010
v 0.200000 5.940000 3.750010
v 0.200001 5.360000 3.750010
v 0.200001 5.359997 5.030000
v 0.150000 5.950000 5.040000
v 0.149999 5.349997 5.040000
v 0.200000 5.940000 5.030000
v 0.149999 5.359997 3.750010
v 0.150000 5.940001 3.750010
v 0.150000 5.940001 5.030000
v 0.149999 5.359997 5.030000
v 0.200001 6.040005 3.730000
v 0.200001 6.040000 5.050000
v 0.220000 6.040000 5.050000
v 0.220000 6.040000 3.730000
v 0.220000 6.740000 3.649998
v 0.200000 6.740000 3.649998
v 0.220000 6.660000 3.730000
v 0.220000 6.660000 5.050000
v 0.200000 6.660000 5.050000
v 0.200000 6.660000 3.730000
v 0.220000 6.740000 5.130000
v 0.200000 6.740000 5.130000
v 0.149999 6.049998 3.740010
v 0.150000 6.650000 3.740010
v 0.200000 6.639999 3.750010
v 0.200001 6.060001 3.750010
v 0.200001 6.059999 5.030000
v 0.150000 6.650000 5.040000
v 0.149999 6.049998 5.040000
v 0.200000 6.639999 5.030000
v 0.149999 6.059999 3.750010
v 0.150000 6.640000 3.750010
v 0.150000 6.640000 5.030000
v 0.149999 6.059999 5.030000
v 8.299999 2.349997 3.730000
v 8.299999 2.350001 5.050000
v 8.280000 2.350001 5.050000
v 8.280000 2.350001 3.730000
v 8.280000 2.430004 3.649998
v 8.280000 2.430004 5.130000
v 8.299999 2.430004 5.130000
v 8.299999 2.430004 3.649998
v 8.280001 1.689999 3.649998
v 8.300000 1.689999 3.649998
v 8.280001 1.730000 3.730000
v 8.280001 1.730000 5.050000
v 8.300000 1.730000 5.050000
v 8.300000 1.730000 3.730000
v 8.280001 1.689999 5.130000
v 8.299999 1.689999 5.130000
v 8.350000 2.340003 3.740010
v 8.350000 1.740000 3.740010
v 8.300000 1.750000 3.750010
v 8.299999 2.330000 3.750010
v 8.299999 2.330003 5.030000
v 8.350000 1.740000 5.040000
v 8.350000 2.340003 5.040000
v 8.300000 1.750000 5.030000
v 8.350000 2.330003 3.750010
v 8.350000 1.749999 3.750010
v 8.350000 1.749999 5.030000
v 8.350000 2.330003 5.030000
v 8.299999 1.649995 3.730000
v 8.299999 1.649999 5.050000
v 8.280001 1.649999 5.050000
v 8.280001 1.649999 3.730000
v 8.280001 0.950000 3.649998
v 8.300001 0.950000 3.649998
v 8.280001 1.029999 3.730000
v 8.280001 1.029999 5.050000
v 8.300001 1.030000 5.050000
v 8.300001 1.030000 3.730000
v 8.280001 0.950000 5.130000
v 8.300001 0.950000 5.130000
v 8.350000 1.640001 3.740010
v 8.350000 1.040000 3.740010
v 8.300001 1.050000 3.750010
v 8.299999 1.629998 3.750010
v 8.299999 1.630001 5.030000
v 8.350000 1.040000 5.040000
v 8.350000 1.640001 5.040000
v 8.300001 1.050000 5.030000
v 8.350000 1.630001 3.750010
v 8.350000 1.049999 3.750010
v 8.350000 1.049999 5.030000
v 8.350000 1.630001 5.030000
vt 0.907320 0.291623
vt 0.907314 0.508888
vt 0.903521 0.508896
vt 0.903527 0.291631
vt 0.890360 0.278462
vt 0.890353 0.522063
vt 0.886101 0.522078
vt 0.886108 0.278477
vt 0.897547 0.350897
vt 0.897547 0.479638
vt 0.894068 0.479638
vt 0.894067 0.350897
vt 0.905683 0.293620
vt 0.905710 0.510096
vt 0.901932 0.510105
vt 0.901904 0.293628
vt 0.914944 0.357856
vt 0.914944 0.465719
vt 0.911465 0.465720
vt 0.911465 0.357856
vt 0.911948 0.463616
vt 0.911947 0.355750
vt 0.925865 0.348791
vt 0.925866 0.477534
vt 0.929345 0.348791
vt 0.929346 0.477534
vt 0.908469 0.463616
vt 0.908468 0.355750
vt 0.912241 0.280499
vt 0.912273 0.523216
vt 0.918426 0.361335
vt 0.918426 0.462240
vt 0.911054 0.294924
vt 0.911056 0.505161
vt 0.898218 0.506840
vt 0.898183 0.297352
vt 0.904989 0.460137
vt 0.904988 0.359230
vt 0.928918 0.359544
vt 0.928917 0.463982
vt 0.927125 0.462241
vt 0.927124 0.361335
vt 0.890034 0.506841
vt 0.890000 0.297353
vt 0.894498 0.461929
vt 0.894498 0.357491
vt 0.896290 0.359230
vt 0.896290 0.460137
vt 0.919269 0.505161
vt 0.919267 0.294924
vt 0.923001 0.291191
vt 0.922967 0.506777
vt 0.886314 0.510562
vt 0.886315 0.295743
vt 0.922581 0.293610
vt 0.922610 0.510085
vt 0.918831 0.510094
vt 0.918803 0.293619
vt 0.905859 0.293114
vt 0.905863 0.510397
vt 0.902071 0.510406
vt 0.902067 0.293122
vt 0.915246 0.358229
vt 0.915247 0.466093
vt 0.911767 0.466094
vt 0.911767 0.358229
vt 0.897849 0.344311
vt 0.897849 0.473053
vt 0.894370 0.473053
vt 0.894369 0.344311
vt 0.930019 0.348385
vt 0.930020 0.477127
vt 0.926540 0.477127
vt 0.926539 0.348385
vt 0.912621 0.362303
vt 0.912622 0.470168
vt 0.909143 0.470168
vt 0.909142 0.362303
vt 0.919028 0.279945
vt 0.919032 0.523566
vt 0.923280 0.279930
vt 0.923284 0.523551
vt 0.918727 0.361709
vt 0.918728 0.462614
vt 0.926303 0.296899
vt 0.926338 0.506371
vt 0.898343 0.507128
vt 0.898332 0.296859
vt 0.905663 0.466689
vt 0.905662 0.365782
vt 0.929219 0.359917
vt 0.929219 0.464355
vt 0.927427 0.462614
vt 0.927426 0.361708
vt 0.890129 0.507128
vt 0.890118 0.296859
vt 0.895172 0.468482
vt 0.895172 0.364044
vt 0.896964 0.365782
vt 0.896964 0.466689
vt 0.934521 0.506370
vt 0.934485 0.296898
vt 0.938206 0.293177
vt 0.938206 0.507980
vt 0.886395 0.510862
vt 0.886419 0.295243
vt 0.907327 0.291460
vt 0.907321 0.508725
vt 0.903529 0.508733
vt 0.903534 0.291468
vt 0.890367 0.278300
vt 0.890361 0.521901
vt 0.886109 0.521915
vt 0.886116 0.278315
vt 0.897677 0.351712
vt 0.897677 0.480453
vt 0.894198 0.480453
vt 0.894198 0.351712
vt 0.905484 0.293620
vt 0.905511 0.510096
vt 0.901733 0.510104
vt 0.901705 0.293628
vt 0.915075 0.358670
vt 0.915075 0.466534
vt 0.911596 0.466535
vt 0.911596 0.358671
vt 0.911828 0.463617
vt 0.911824 0.355751
vt 0.925741 0.348792
vt 0.925746 0.477534
vt 0.929221 0.348792
vt 0.929225 0.477534
vt 0.908348 0.463617
vt 0.908344 0.355751
vt 0.912042 0.280499
vt 0.912074 0.523216
vt 0.918556 0.362150
vt 0.918556 0.463055
vt 0.911061 0.294762
vt 0.911064 0.504998
vt 0.898019 0.506839
vt 0.897985 0.297351
vt 0.904868 0.460138
vt 0.904864 0.359231
vt 0.929048 0.360358
vt 0.929048 0.464797
vt 0.927255 0.463055
vt 0.927255 0.362150
vt 0.889836 0.506840
vt 0.889801 0.297353
vt 0.894377 0.461931
vt 0.894374 0.357493
vt 0.896166 0.359231
vt 0.896169 0.460139
vt 0.919276 0.504998
vt 0.919274 0.294761
vt 0.923008 0.291028
vt 0.922974 0.506614
vt 0.886115 0.510561
vt 0.886116 0.295742
vt 0.922382 0.293610
vt 0.922411 0.510085
vt 0.918632 0.510094
vt 0.918604 0.293618
vt 0.905866 0.293276
vt 0.905865 0.510558
vt 0.902072 0.510567
vt 0.902073 0.293284
vt 0.914399 0.359111
vt 0.914399 0.466974
vt 0.910920 0.466975
vt 0.910919 0.359111
vt 0.897001 0.345192
vt 0.897001 0.473935
vt 0.893522 0.473935
vt 0.893522 0.345192
vt 0.929517 0.348655
vt 0.929520 0.477397
vt 0.926041 0.477398
vt 0.926038 0.348655
vt 0.912120 0.362573
vt 0.912123 0.470439
vt 0.908643 0.470439
vt 0.908641 0.362573
vt 0.919034 0.280107
vt 0.919034 0.523727
vt 0.923286 0.280092
vt 0.923286 0.523712
vt 0.917880 0.362591
vt 0.917881 0.463495
vt 0.926104 0.296899
vt 0.926139 0.506371
vt 0.898345 0.507288
vt 0.898338 0.297021
vt 0.905164 0.466960
vt 0.905161 0.366053
vt 0.928372 0.360799
vt 0.928372 0.465236
vt 0.926579 0.463495
vt 0.926578 0.362591
vt 0.890131 0.507289
vt 0.890124 0.297021
vt 0.894672 0.468753
vt 0.894671 0.364314
vt 0.896462 0.366053
vt 0.896464 0.466960
vt 0.934322 0.506370
vt 0.934287 0.296897
vt 0.938007 0.293177
vt 0.938007 0.507979
vt 0.886396 0.511023
vt 0.886426 0.295404
vt 0.907767 0.291311
vt 0.907768 0.508574
vt 0.903975 0.508582
vt 0.903975 0.291319
vt 0.890808 0.278151
vt 0.890807 0.521750
vt 0.886556 0.521765
vt 0.886556 0.278166
vt 0.897172 0.351238
vt 0.897172 0.479979
vt 0.893693 0.479979
vt 0.893693 0.351237
vt 0.905489 0.293416
vt 0.905516 0.509892
vt 0.901737 0.509901
vt 0.901710 0.293425
vt 0.914570 0.358197
vt 0.914569 0.466061
vt 0.911090 0.466061
vt 0.911091 0.358197
vt 0.912496 0.463615
vt 0.912496 0.355749
vt 0.926414 0.348790
vt 0.926414 0.477533
vt 0.929894 0.348790
vt 0.929894 0.477534
vt 0.909017 0.463614
vt 0.909017 0.355748
vt 0.912047 0.280295
vt 0.912078 0.523013
vt 0.918051 0.361677
vt 0.918051 0.462582
vt 0.911502 0.294612
vt 0.911510 0.504846
vt 0.898023 0.506636
vt 0.897989 0.297148
vt 0.905537 0.460135
vt 0.905537 0.359228
vt 0.928543 0.359886
vt 0.928542 0.464324
vt 0.926749 0.462582
vt 0.926750 0.361677
vt 0.889840 0.506637
vt 0.889806 0.297150
vt 0.895045 0.461927
vt 0.895047 0.357489
vt 0.896839 0.359228
vt 0.896838 0.460134
vt 0.919723 0.504846
vt 0.919715 0.294612
vt 0.923449 0.290879
vt 0.923421 0.506462
vt 0.886120 0.510357
vt 0.886121 0.295539
vt 0.922387 0.293406
vt 0.922415 0.509882
vt 0.918637 0.509890
vt 0.918608 0.293415
vt 0.906113 0.293224
vt 0.906113 0.510507
vt 0.902321 0.510516
vt 0.902321 0.293232
vt 0.915386 0.358636
vt 0.915391 0.466501
vt 0.911912 0.466501
vt 0.911907 0.358636
vt 0.897988 0.344718
vt 0.897994 0.473460
vt 0.894515 0.473460
vt 0.894508 0.344718
vt 0.929646 0.348655
vt 0.929646 0.477397
vt 0.926167 0.477398
vt 0.926166 0.348655
vt 0.912248 0.362573
vt 0.912249 0.470439
vt 0.908769 0.470439
vt 0.908769 0.362573
vt 0.919282 0.280055
vt 0.919282 0.523676
vt 0.923534 0.280040
vt 0.923534 0.523661
vt 0.918868 0.362115
vt 0.918871 0.463022
vt 0.926108 0.296695
vt 0.926144 0.506167
vt 0.898593 0.507237
vt 0.898585 0.296969
vt 0.905290 0.466959
vt 0.905290 0.366053
vt 0.929360 0.360323
vt 0.929363 0.464764
vt 0.927570 0.463022
vt 0.927566 0.362115
vt 0.890380 0.507238
vt 0.890372 0.296969
vt 0.894798 0.468752
vt 0.894799 0.364314
vt 0.896591 0.366053
vt 0.896591 0.466960
vt 0.934327 0.506166
vt 0.934291 0.296693
vt 0.938011 0.292973
vt 0.938011 0.507776
vt 0.886645 0.510972
vt 0.886673 0.295353
vt 0.907607 0.291472
vt 0.907608 0.508734
vt 0.903815 0.508743
vt 0.903815 0.291481
vt 0.890646 0.278313
vt 0.890647 0.521910
vt 0.886395 0.521925
vt 0.886395 0.278328
vt 0.929667 0.348656
vt 0.929667 0.477398
vt 0.912269 0.362575
vt 0.912270 0.470439
vt 0.911318 0.358498
vt 0.911318 0.466364
vt 0.897400 0.473323
vt 0.897400 0.344579
vt 0.893920 0.473324
vt 0.893920 0.344579
vt 0.914797 0.358498
vt 0.914797 0.466364
vt 0.911342 0.294773
vt 0.911351 0.505007
vt 0.918277 0.361977
vt 0.918277 0.462884
vt 0.928768 0.360185
vt 0.928767 0.464623
vt 0.926975 0.462884
vt 0.926976 0.361978
vt 0.919564 0.505006
vt 0.919554 0.294773
vt 0.923289 0.291040
vt 0.923261 0.506622
vt 0.908618 0.463617
vt 0.908617 0.355757
vt 0.912097 0.355756
vt 0.912098 0.463617
vt 0.926016 0.477534
vt 0.926015 0.348797
vt 0.929495 0.348797
vt 0.929496 0.477534
vt 0.893366 0.479412
vt 0.893366 0.350670
vt 0.896845 0.350670
vt 0.896845 0.479412
vt 0.910763 0.465494
vt 0.910763 0.357629
vt 0.914242 0.357629
vt 0.914243 0.465493
vt 0.905137 0.460138
vt 0.905135 0.359236
vt 0.917722 0.361108
vt 0.917723 0.462014
vt 0.894645 0.461929
vt 0.894644 0.357495
vt 0.896437 0.359236
vt 0.896439 0.460138
vt 0.928213 0.359315
vt 0.928213 0.463753
vt 0.926422 0.462014
vt 0.926421 0.361108
usemtl Interior_Mat
s off
f 828/1222 829/1223 830/1224 831/1225
f 832/1226 833/1227 834/1228 835/1229
f 836/1230 832/1231 835/1232 837/1233
f 838/1234 839/1235 840/1236 841/1237
f 841/1238 828/1239 831/1240 838/1241
f 832/1226 831/1225 830/1224 833/1227
f 830/1242 839/1243 842/1244 833/1245
f 843/1246 834/1247 833/1245 842/1244
f 839/1243 830/1242 829/1248 840/1249
f 838/1234 836/1250 842/1251 839/1235
f 832/1231 836/1230 838/1241 831/1240
f 828/1239 841/1238 846/1252 847/1253
f 829/1223 828/1222 847/1254 848/1255
f 841/1237 840/1236 851/1256 846/1257
f 840/1249 829/1248 848/1258 851/1259
f 845/1260 844/1261 852/1262 853/1263
f 847/1253 846/1252 853/1263 852/1262
f 846/1257 851/1256 854/1264 853/1265
f 850/1266 849/1267 854/1268 855/1269
f 851/1259 848/1258 855/1269 854/1268
f 855/1270 852/1271 844/1272 850/1273
f 852/1271 855/1270 848/1255 847/1254
f 849/1274 845/1275 853/1265 854/1264
f 856/1276 857/1277 858/1278 859/1279
f 836/1250 859/1279 858/1278 842/1251
f 862/1280 863/1281 864/1282 865/1283
f 865/1284 856/1285 859/1286 862/1287
f 860/1288 836/1289 837/1290 861/1291
f 867/1292 843/1293 842/1294 866/1295
f 863/1296 858/1297 857/1298 864/1299
f 862/1280 860/1300 866/1301 863/1281
f 858/1297 863/1296 866/1295 842/1294
f 861/1302 867/1303 866/1301 860/1300
f 856/1285 865/1284 870/1304 871/1305
f 857/1277 856/1276 871/1306 872/1307
f 865/1283 864/1282 875/1308 870/1309
f 864/1299 857/1298 872/1310 875/1311
f 869/1312 868/1313 876/1314 877/1315
f 871/1305 870/1304 877/1315 876/1314
f 870/1309 875/1308 878/1316 877/1317
f 874/1318 873/1319 878/1320 879/1321
f 875/1311 872/1310 879/1321 878/1320
f 879/1322 876/1323 868/1324 874/1325
f 876/1323 879/1322 872/1307 871/1306
f 873/1326 869/1327 877/1317 878/1316
f 836/1289 860/1288 862/1287 859/1286
f 880/1328 881/1329 882/1330 883/1331
f 884/1332 885/1333 886/1334 887/1335
f 888/1336 884/1337 887/1338 889/1339
f 890/1340 891/1341 892/1342 893/1343
f 893/1344 880/1345 883/1346 890/1347
f 884/1332 883/1331 882/1330 885/1333
f 882/1348 891/1349 894/1350 885/1351
f 895/1352 886/1353 885/1351 894/1350
f 891/1349 882/1348 881/1354 892/1355
f 890/1340 888/1356 894/1357 891/1341
f 884/1337 888/1336 890/1347 883/1346
f 880/1345 893/1344 898/1358 899/1359
f 881/1329 880/1328 899/1360 900/1361
f 893/1343 892/1342 903/1362 898/1363
f 892/1355 881/1354 900/1364 903/1365
f 897/1366 896/1367 904/1368 905/1369
f 899/1359 898/1358 905/1369 904/1368
f 898/1363 903/1362 906/1370 905/1371
f 902/1372 901/1373 906/1374 907/1375
f 903/1365 900/1364 907/1375 906/1374
f 907/1376 904/1377 896/1378 902/1379
f 904/1377 907/1376 900/1361 899/1360
f 901/1380 897/1381 905/1371 906/1370
f 908/1382 909/1383 910/1384 911/1385
f 888/1356 911/1385 910/1384 894/1357
f 914/1386 915/1387 916/1388 917/1389
f 917/1390 908/1391 911/1392 914/1393
f 912/1394 888/1395 889/1396 913/1397
f 919/1398 895/1399 894/1400 918/1401
f 915/1402 910/1403 909/1404 916/1405
f 914/1386 912/1406 918/1407 915/1387
f 910/1403 915/1402 918/1401 894/1400
f 913/1408 919/1409 918/1407 912/1406
f 908/1391 917/1390 922/1410 923/1411
f 909/1383 908/1382 923/1412 924/1413
f 917/1389 916/1388 927/1414 922/1415
f 916/1405 909/1404 924/1416 927/1417
f 921/1418 920/1419 928/1420 929/1421
f 923/1411 922/1410 929/1421 928/1420
f 922/1415 927/1414 930/1422 929/1423
f 926/1424 925/1425 930/1426 931/1427
f 927/1417 924/1416 931/1427 930/1426
f 931/1428 928/1429 920/1430 926/1431
f 928/1429 931/1428 924/1413 923/1412
f 925/1432 921/1433 929/1423 930/1422
f 888/1395 912/1394 914/1393 911/1392
f 932/1434 933/1435 934/1436 935/1437
f 936/1438 937/1439 938/1440 939/1441
f 940/1442 936/1443 939/1444 941/1445
f 942/1446 943/1447 944/1448 945/1449
f 945/1450 932/1451 935/1452 942/1453
f 936/1438 935/1437 934/1436 937/1439
f 934/1454 943/1455 946/1456 937/1457
f 947/1458 938/1459 937/1457 946/1456
f 943/1455 934/1454 933/1460 944/1461
f 942/1446 940/1462 946/1463 943/1447
f 936/1443 940/1442 942/1453 935/1452
f 932/1451 945/1450 950/1464 951/1465
f 933/1435 932/1434 951/1466 952/1467
f 945/1449 944/1448 955/1468 950/1469
f 944/1461 933/1460 952/1470 955/1471
f 949/1472 948/1473 956/1474 957/1475
f 951/1465 950/1464 957/1475 956/1474
f 950/1469 955/1468 958/1476 957/1477
f 954/1478 953/1479 958/1480 959/1481
f 955/1471 952/1470 959/1481 958/1480
f 959/1482 956/1483 948/1484 954/1485
f 956/1483 959/1482 952/1467 951/1466
f 953/1486 949/1487 957/1477 958/1476
f 960/1488 961/1489 962/1490 963/1491
f 940/1462 963/1491 962/1490 946/1463
f 966/1492 967/1493 968/1494 969/1495
f 969/1496 960/1497 963/1498 966/1499
f 964/1500 940/1501 941/1502 965/1503
f 971/1504 947/1505 946/1506 970/1507
f 967/1508 962/1509 961/1510 968/1511
f 966/1492 964/1512 970/1513 967/1493
f 962/1509 967/1508 970/1507 946/1506
f 965/1514 971/1515 970/1513 964/1512
f 960/1497 969/1496 974/1516 975/1517
f 961/1489 960/1488 975/1518 976/1519
f 969/1495 968/1494 979/1520 974/1521
f 968/1511 961/1510 976/1522 979/1523
f 973/1524 972/1525 980/1526 981/1527
f 975/1517 974/1516 981/1527 980/1526
f 974/1521 979/1520 982/1528 981/1529
f 978/1530 977/1531 982/1532 983/1533
f 979/1523 976/1522 983/1533 982/1532
f 983/1534 980/1535 972/1536 978/1537
f 980/1535 983/1534 976/1519 975/1518
f 977/1538 973/1539 981/1529 982/1528
f 940/1501 964/1500 966/1499 963/1498
f 984/1540 985/1541 986/1542 987/1543
f 988/1544 989/1545 990/1546 991/1547
f 992/1506 988/1507 991/1548 993/1549
f 994/1234 995/1235 996/1236 997/1237
f 997/1510 984/1511 987/1550 994/1551
f 988/1544 987/1543 986/1542 989/1545
f 986/1552 995/1553 998/1554 989/1555
f 999/1556 990/1557 989/1555 998/1554
f 995/1553 986/1552 985/1558 996/1559
f 994/1234 992/1250 998/1251 995/1235
f 988/1507 992/1506 994/1551 987/1550
f 984/1511 997/1510 1002/1522 1003/1523
f 985/1541 984/1540 1003/1560 1004/1561
f 997/1237 996/1236 1007/1256 1002/1257
f 996/1559 985/1558 1004/1562 1007/1563
f 1001/1530 1000/1531 1008/1532 1009/1533
f 1003/1523 1002/1522 1009/1533 1008/1532
f 1002/1257 1007/1256 1010/1264 1009/1265
f 1006/1564 1005/1565 1010/1566 1011/1567
f 1007/1563 1004/1562 1011/1567 1010/1566
f 1011/1568 1008/1569 1000/1570 1006/1571
f 1008/1569 1011/1568 1004/1561 1003/1560
f 1005/1274 1001/1275 1009/1265 1010/1264
f 1012/1276 1013/1277 1014/1278 1015/1279
f 992/1250 1015/1279 1014/1278 998/1251
f 1018/1280 1019/1281 1020/1282 1021/1283
f 1021/1572 1012/1573 1015/1574 1018/1575
f 1016/1576 992/1577 993/1578 1017/1579
f 1023/1580 999/1581 998/1582 1022/1583
f 1019/1584 1014/1585 1013/1586 1020/1587
f 1018/1280 1016/1300 1022/1301 1019/1281
f 1014/1585 1019/1584 1022/1583 998/1582
f 1017/1302 1023/1303 1022/1301 1016/1300
f 1012/1573 1021/1572 1026/1588 1027/1589
f 1013/1277 1012/1276 1027/1306 1028/1307
f 1021/1283 1020/1282 1031/1308 1026/1309
f 1020/1587 1013/1586 1028/1590 1031/1591
f 1025/1592 1024/1593 1032/1594 1033/1595
f 1027/1589 1026/1588 1033/1595 1032/1594
f 1026/1309 1031/1308 1034/1316 1033/1317
f 1030/1596 1029/1597 1034/1598 1035/1599
f 1031/1591 1028/1590 1035/1599 1034/1598
f 1035/1322 1032/1323 1024/1324 1030/1325
f 1032/1323 1035/1322 1028/1307 1027/1306
f 1029/1326 1025/1327 1033/1317 1034/1316
f 992/1577 1016/1576 1018/1575 1015/1574
o Storey02_Ceiling
v 8.289997 7.389999 5.300001
v 4.809999 7.389999 5.300001
v 0.210000 4.960000 5.300001
v 8.290000 3.190000 5.300001
v 0.210000 0.209996 5.300001
v 8.290000 0.210000 5.300001
v 8.290000 5.370000 5.300001
v 0.210000 7.390000 5.300001
v 4.310000 0.210000 5.300001
v 6.310000 5.370000 5.300001
v 6.310000 3.190000 5.300001
v 4.189996 0.209996 5.300001
v 4.690001 4.960000 5.300001
v 4.690000 7.390000 5.300001
v 0.210000 4.840000 5.300001
v 4.310000 3.070000 5.300001
v 8.290000 3.070000 5.300001
v 8.289997 5.489996 5.300001
v 6.189996 5.489996 5.300001
v 6.189996 3.189996 5.300001
v 4.809999 4.840000 5.300001
v 4.190000 3.189997 5.300001
v 4.190000 4.840000 5.300001
vt 0.056945 0.241441
vt 0.220791 0.241441
vt 0.220791 0.390256
vt 0.056945 0.390256
vt 0.072547 0.436637
vt 0.072547 0.137504
vt 0.287502 0.137504
vt 0.287502 0.436637
vt 0.528324 0.441882
vt 0.345687 0.441882
vt 0.345687 0.105169
vt 0.528324 0.105169
vt 0.213059 0.133831
vt 0.355861 0.133726
vt 0.355978 0.291560
vt 0.213252 0.395384
vt 0.528844 0.291432
vt 0.404907 0.395243
vt 0.528496 0.142800
vt 0.404483 0.441932
vt 0.180509 0.441932
vt 0.180509 0.142800
vt 0.528496 0.441932
vt 0.528954 0.441750
vt 0.404942 0.441842
usemtl Interior_Mat
s off
f 1046/1600 1045/1601 1042/1602 1039/1603
f 1051/1604 1052/1605 1041/1606 1044/1607
f 1038/1608 1043/1609 1049/1610 1048/1611
f 1036/1612 1053/1613 1054/1614 1037/1615
f 1054/1614 1055/1616 1056/1617 1037/1615
f 1050/1618 1057/1619 1047/1620 1040/1621
f 1057/1619 1050/1618 1058/1622
f 1055/1616 1057/1623 1058/1624 1056/1617
o Storey01_Floor
v 1.200000 4.900000 0.000000
v 6.200000 7.400000 0.000000
v 1.200000 2.700000 0.000000
v 6.200000 0.200000 0.000000
v 0.200000 2.700000 0.000000
v 0.200000 0.200000 0.000000
v 0.200000 4.900000 0.000000
v 0.200000 7.400000 0.000000
v 6.300000 7.400000 0.000000
v 8.300000 7.400000 0.000000
v 6.300000 2.700000 0.000000
v 8.300000 2.700000 0.000000
v 6.300000 2.600000 0.000000
v 6.300000 0.200000 0.000000
v 8.300000 2.600000 0.000000
v 8.300000 0.200000 0.000000
vt 0.001262 0.998800
vt 0.001261 0.458135
vt 0.226538 0.458134
vt 0.226538 0.548245
vt 0.424782 0.548245
vt 0.650060 0.998799
vt 0.424782 0.458134
vt 0.650059 0.458134
vt 0.506145 0.952884
vt 0.325923 0.952884
vt 0.325923 0.736618
vt 0.506144 0.736618
vt 0.623293 0.557450
vt 0.623294 0.980971
vt 0.443072 0.980971
vt 0.443072 0.557450
usemtl Interior_Mat
s off
f 1060/1625 1066/1626 1065/1627 1059/1628
f 1059/1628 1061/1629 1062/1630 1060/1625
f 1061/1629 1063/1631 1064/1632 1062/1630
f 1072/1633 1074/1634 1073/1635 1071/1636
f 1067/1637 1069/1638 1070/1639 1068/1640
o Storey01_Ceiling
v 1.210000 2.690003 2.500000
v 6.190000 0.209996 2.500000
v 6.190000 7.390001 2.500000
v 1.210000 4.910000 2.500000
v 0.210000 2.690003 2.500000
v 0.210000 0.209996 2.500000
v 0.210000 4.910000 2.500000
v 0.210000 7.390001 2.500000
v 6.310000 7.389998 2.500000
v 8.290000 7.389998 2.500000
v 6.310000 2.710000 2.500000
v 8.290000 2.710000 2.500000
v 8.290000 2.590000 2.500000
v 8.290000 0.210000 2.500000
v 6.310000 2.590000 2.500000
v 6.310000 0.210000 2.500000
vt 0.001311 0.450688
vt 0.187706 0.076396
vt 0.354559 0.076396
vt 0.540953 0.450688
vt 0.354559 0.001237
vt 0.540953 0.001237
vt 0.001311 0.001237
vt 0.187706 0.001237
vt 0.420027 0.317981
vt 0.241149 0.317981
vt 0.241149 0.169166
vt 0.420027 0.169166
vt 0.439666 0.229438
vt 0.439666 0.378253
vt 0.087922 0.378253
vt 0.087922 0.229438
usemtl Interior_Mat
s off
f 1076/1641 1075/1642 1078/1643 1077/1644
f 1077/1644 1078/1643 1081/1645 1082/1646
f 1075/1642 1076/1641 1080/1647 1079/1648
f 1087/1649 1088/1650 1090/1651 1089/1652
f 1083/1653 1084/1654 1086/1655 1085/1656
o Exterior_Walls02
v 1.150000 4.250001 0.010000
v 1.150000 4.250001 2.109999
v 1.150000 3.350000 0.009996
v 1.150000 3.350000 2.109999
v 1.150000 4.240001 0.020002
v 1.150000 3.360000 0.020000
v 1.150000 3.360000 2.099999
v 1.100000 3.360000 2.099999
v 1.099999 4.240001 2.099999
v 1.150000 4.240001 2.099999
v 1.099999 4.260000 -0.050000
v 1.100000 3.339999 -0.050000
v 1.100000 3.360000 0.020000
v 1.099999 4.240001 0.020000
v 1.100000 3.339999 2.120001
v 1.099999 4.260000 2.120001
v 0.125000 7.000000 2.200000
v 0.125000 5.000000 0.500000
v 0.125000 7.000000 0.500000
v 0.125000 5.000000 2.200000
v 0.175000 5.000000 0.500000
v 0.175000 7.000000 0.500000
v 0.175000 7.000000 2.200000
v 0.175000 5.000000 2.200000
v 0.125000 5.020000 0.520000
v 0.125000 6.980000 0.520000
v 0.175000 5.020000 0.520000
v 0.175000 6.980000 0.520000
v 0.125000 6.980000 2.180000
v 0.125000 5.020000 2.180000
v 0.175000 6.980000 2.180000
v 0.175000 5.020000 2.180000
v 0.300000 4.875000 0.500000
v 0.900000 4.875000 2.200000
v 0.900000 4.875000 0.500000
v 0.300000 4.875000 2.200000
v 0.900000 4.825000 0.500000
v 0.300000 4.825000 2.200000
v 0.900000 4.825000 2.200000
v 0.300000 4.825000 0.500000
v 0.300000 2.725000 2.200000
v 0.900000 2.725000 2.200000
v 0.900000 2.725000 0.500000
v 0.300000 2.725000 0.500000
v 0.880000 4.875000 2.180000
v 0.880000 4.875000 0.520000
v 0.880000 4.825000 0.520000
v 0.880000 4.825000 2.180000
v 0.320000 2.725000 2.180000
v 0.880000 2.725000 2.180000
v 0.320000 2.775000 2.180000
v 0.880000 2.775000 2.180000
v 0.320000 4.825000 2.180000
v 0.320000 4.875000 2.180000
v 0.320000 4.825000 0.520000
v 0.880000 2.725000 0.520000
v 0.880000 2.775000 0.520000
v 0.320000 2.725000 0.520000
v 0.320000 4.875000 0.520000
v 0.300000 2.775000 2.200000
v 0.300000 2.775000 0.500000
v 0.900000 2.775000 0.500000
v 0.900000 2.775000 2.200000
v 0.320000 2.775000 0.520000
v 0.175000 0.600000 2.200000
v 0.175000 2.600000 0.500000
v 0.175000 2.600000 2.200000
v 0.175000 0.600000 0.500000
v 0.125000 2.600000 0.500000
v 0.125000 0.600000 2.200000
v 0.125000 0.600000 0.500000
v 0.125000 2.600000 2.200000
v 0.175000 2.580000 0.520000
v 0.175000 0.620000 0.520000
v 0.125000 2.580000 0.520000
v 0.125000 0.620000 0.520000
v 0.125000 2.580000 2.180000
v 0.125000 0.620000 2.180000
v 0.175000 2.580000 2.180000
v 0.175000 0.620000 2.180000
v 0.150000 2.800000 2.400000
v 0.150000 2.800000 2.500000
v 0.150000 4.800000 2.400000
v 1.100000 4.800000 2.400000
v 1.100000 2.800000 2.400000
v 0.150000 4.800000 2.500000
v 0.030000 2.650000 -0.050000
v 0.125000 0.600000 2.500001
v 0.125000 2.600000 2.500001
v 0.125000 5.000000 2.500001
v 0.050000 7.050000 2.500000
v 0.050000 7.050000 -0.050000
v 0.125000 0.600000 -0.050000
v 0.125000 2.600000 -0.050000
v 0.100000 2.850000 2.500000
v 0.125000 5.000000 -0.050000
v 0.125000 7.000000 -0.050000
v 0.050000 0.550000 -0.050000
v 0.125000 7.000000 2.500001
v 0.050000 0.550000 2.500000
v 0.300000 4.825000 2.500001
v 0.300000 2.775000 2.500001
v 0.300000 4.825000 -0.050000
v 0.300000 2.775000 -0.050000
v 0.900000 4.825000 2.400000
v 0.900000 2.775000 -0.050000
v 0.900000 4.825000 -0.050000
v 0.900000 2.775000 2.400000
v 1.050000 4.650001 2.400000
v 1.050000 4.360000 2.400000
v 1.100000 3.340000 -0.050000
v 1.100000 4.260000 -0.050000
v 1.100000 3.340000 2.119999
v 1.100000 4.260000 2.119999
v 0.050000 0.600000 2.500000
v 0.050000 2.600000 2.500000
v 0.050000 2.800000 2.500000
v 0.050000 4.800000 2.500000
v 0.050000 5.000000 2.500000
v 0.050000 7.000000 2.500000
v 1.030000 4.280000 2.400000
v 0.050000 2.600000 -0.050000
v 0.050000 2.800000 -0.050000
v 0.050000 4.800000 -0.050000
v 0.050000 7.000000 -0.050000
v 0.050000 5.000000 -0.050000
v 0.050000 0.600000 -0.050000
v 1.100000 3.240000 -0.050000
v 1.100000 3.240000 2.400000
v 1.100000 4.360000 -0.050000
v 0.100000 4.749999 2.500000
v 1.050000 3.240000 -0.050000
v 1.050000 3.240000 2.400000
v 1.050000 4.280000 2.400000
v 1.050000 3.340000 2.119999
v 1.050000 4.260000 -0.050000
v 1.050000 4.260000 2.119999
v 1.100000 4.360000 2.400000
v 1.050000 3.340000 -0.050000
v 1.050000 3.320000 2.400000
v 1.050000 4.360000 -0.050000
v 1.100000 2.950000 -0.050000
v 1.100000 2.950000 2.400000
v 1.050000 4.650001 -0.050000
v 0.300000 4.749999 2.500000
v 0.900000 2.850000 2.400000
v 0.250000 4.730000 2.500000
v 1.050000 2.950000 -0.050000
v 0.050000 2.850000 2.500000
v 0.900000 2.850000 -0.050000
v 0.900000 4.749999 2.400000
v 0.900000 4.749999 -0.050000
v 0.100000 2.850000 -0.050000
v 0.300000 2.850000 2.500000
v 1.100000 4.650001 2.400000
v 1.050000 2.950000 2.400000
v 0.050000 4.749999 2.500000
v 0.300000 2.850000 -0.050000
v 0.300000 4.749999 -0.050000
v 1.100000 4.650001 -0.050000
v 0.050000 4.749999 -0.050000
v 0.100000 4.749999 -0.050000
v 0.050000 2.850000 -0.050000
v 0.030000 0.400000 -0.050000
v 0.250000 2.850000 2.500000
v 0.950000 2.850000 2.400000
v 0.050000 4.950000 2.500000
v 0.030000 2.650000 2.500000
v 0.250000 4.749999 -0.050000
v 0.050000 4.950000 -0.050000
v 0.050000 2.650000 -0.050000
v 0.050000 2.650000 2.500000
v 0.250000 2.850000 -0.050000
v 0.030000 4.950000 2.500000
v 0.250000 4.749999 2.500000
v 0.030000 2.800000 -0.050000
v 1.050000 4.340000 2.400000
v 1.050000 4.280000 -0.050000
v 1.050000 2.930000 2.400000
v 0.030000 4.800000 2.500000
v 0.030000 0.400000 2.500000
v 0.030000 0.550000 2.500000
v 0.030000 0.550000 -0.050000
v 1.050000 4.670000 -0.050000
v 1.050000 3.320000 -0.050000
v 0.950000 2.850000 -0.050000
v 0.030000 2.800000 2.500000
v 0.030000 7.050000 2.500000
v 0.030000 4.950000 -0.050000
v 0.030000 4.800000 -0.050000
v 1.050000 4.670000 2.400000
v 1.050000 3.260000 2.400000
v 0.030000 7.050000 -0.050000
v 1.050000 3.260000 -0.050000
v 0.030000 7.200000 2.500000
v 0.030000 7.200000 -0.050000
v 1.050000 4.340000 -0.050000
v 0.950000 4.749999 -0.050000
v 0.950000 4.749999 2.400000
v 1.050000 2.930000 -0.050000
v 1.030000 4.730000 2.400000
v 1.030000 2.870000 2.400000
v 1.030000 2.870000 -0.050000
v 1.030000 4.730000 -0.050000
v 1.030000 4.340000 2.400000
v 1.030000 4.280000 -0.050000
v 1.030000 2.930000 2.400000
v 1.030000 2.930000 -0.050000
v 1.030000 3.320000 -0.050000
v 1.030000 4.670000 -0.050000
v 1.030000 4.670000 2.400000
v 1.030000 3.320000 2.400000
v 1.030000 3.260000 -0.050000
v 1.030000 3.260000 2.400000
v 1.030000 4.340000 -0.050000
v 0.100000 2.870000 2.500000
v 0.950000 2.870000 2.400000
v 0.950000 2.870000 -0.050000
v 0.100000 4.730000 2.500000
v 0.950000 4.729999 -0.050000
v 0.950000 4.729999 2.400000
v 0.100000 4.730000 -0.050000
v 0.250000 4.730000 -0.050000
v 0.250000 2.870000 2.500000
v 0.100000 2.870000 -0.050000
v 0.250000 2.870000 -0.050000
v 0.900000 4.800000 0.450000
v 1.100000 4.360000 0.450000
v 1.100000 4.650001 0.450000
v 1.100000 4.650001 0.400000
v 0.100000 5.000000 0.400000
v 0.900000 4.800000 0.400000
v 0.100000 2.600000 0.450000
v 0.100000 7.000000 0.400000
v 0.100000 0.600000 0.450000
v 0.900000 2.800000 0.450000
v 0.300000 4.800000 0.400000
v 1.100000 2.950000 0.450000
v 0.300000 2.800000 0.400000
v 1.100000 3.240000 0.400000
v 0.100000 2.600000 0.400000
v 0.900000 2.800000 0.400000
v 1.100000 2.950000 0.400000
v 1.100000 3.240000 0.100000
v 0.100000 2.600000 0.100000
v 1.100000 2.950000 0.050000
v 0.070000 2.600000 2.260001
v 0.900000 2.800000 0.100000
v 0.900000 4.800000 0.100000
v 0.100000 0.600000 0.050000
v 0.900000 2.820000 0.400000
v 0.300000 4.780001 2.250002
v 0.100000 0.600000 0.100000
v 1.100000 2.950000 0.100000
v 0.300000 2.820000 2.300001
v 0.900000 2.820000 2.300001
v 0.900000 2.820000 2.260001
v 0.900000 2.820000 0.050000
v 0.300000 2.820000 0.410000
v 0.900000 2.820000 0.410000
v 0.300000 4.770000 2.260001
v 0.300000 4.770000 2.289999
v 0.900000 4.770000 2.260001
v 0.900000 4.780001 2.300001
v 0.900000 4.780001 2.250002
v 0.900000 4.780001 2.260001
v 0.900000 2.820000 0.100000
v 0.900000 4.770000 0.090000
v 0.300000 4.770000 0.090000
v 0.900000 4.770000 0.060000
v 0.900000 4.800000 0.050000
v 0.300000 2.800000 2.300000
v 0.100000 5.000000 0.100000
v 0.100000 7.000000 0.050000
v 0.070000 0.600000 2.260001
v 0.070000 2.600000 2.289999
v 0.070000 0.600000 2.289999
v 0.100000 5.000000 2.250000
v 0.300000 4.800000 0.100000
v 0.070000 5.000000 0.090000
v 0.100000 7.000000 0.100000
v 0.070000 5.000000 0.060000
v 0.070000 7.000000 0.090000
v 0.070000 7.000000 0.060000
v 0.300000 4.800000 0.050000
v 0.300000 2.820000 2.260001
v 0.300000 2.820000 0.400000
v 0.900000 2.820000 0.450000
v 0.300000 2.820000 0.450000
v 0.070000 2.600000 0.090000
v 0.300000 4.780000 0.050000
v 0.900000 4.770000 2.289999
v 0.070000 0.600000 0.440000
v 0.070000 0.600000 0.410000
v 0.070000 2.600000 0.060000
v 0.300000 4.770000 0.060000
v 0.900000 4.780000 0.050000
v 0.300000 4.780000 0.100000
v 0.900000 4.780000 0.060000
v 1.080000 4.650001 2.300001
v 1.080000 2.950000 2.289999
v 1.080000 4.360000 2.250001
v 1.080000 2.950000 2.300001
v 1.080000 4.650001 2.260001
v 1.080000 2.950000 2.260001
v 1.080000 4.360000 2.260001
v 1.080000 3.240000 2.300001
v 0.080000 5.000000 0.450000
v 0.080000 7.000000 0.450000
v 0.080000 7.000000 0.410000
v 0.080000 7.000000 0.440000
v 0.080000 0.600000 2.250002
v 0.080000 2.600000 2.250002
v 0.080000 0.600000 2.289999
v 0.080000 2.600000 2.289999
v 0.080000 5.000000 0.400000
v 0.080000 7.000000 0.400000
v 0.080000 5.000000 0.440000
v 0.080000 5.000000 0.410000
v 0.900000 2.830000 2.260001
v 0.300000 2.830000 2.260001
v 0.900000 2.830000 2.289999
v 0.300000 2.830000 2.289999
v 0.900000 4.780000 0.100000
v 0.300000 4.780000 0.090000
v 0.900000 4.780000 0.090000
v 0.300000 4.780000 0.060000
v 0.080000 7.000000 2.300001
v 0.080000 5.000000 2.250002
v 0.080000 7.000000 2.250002
v 0.080000 7.000000 2.289999
v 0.900000 2.820000 0.440000
v 0.300000 2.820000 0.090000
v 0.300000 2.820000 0.100000
v 0.900000 2.820000 0.090000
v 0.070000 0.600000 0.060000
v 0.070000 2.600000 0.410000
v 0.070000 0.600000 0.090000
v 0.070000 2.600000 0.440000
v 0.900000 2.820000 0.060000
v 0.300000 2.820000 0.440000
v 0.300000 2.820000 0.060000
v 0.300000 2.820000 0.050000
v 1.080000 3.240000 2.250001
v 1.080000 3.240000 2.260001
v 1.080000 2.950000 2.250001
v 1.080000 4.650001 2.250001
v 0.070000 7.000000 2.289999
v 0.070000 5.000000 2.260001
v 0.070000 7.000000 2.260001
v 0.070000 5.000000 2.289999
v 0.900000 4.770000 0.410000
v 0.300000 4.770000 0.410000
v 0.300000 4.770000 0.440000
v 0.900000 4.770000 0.440000
v 0.080000 5.000000 0.050000
v 0.080000 7.000000 0.060000
v 0.080000 7.000000 0.090000
v 0.080000 5.000000 0.100000
v 0.080000 2.600000 0.050000
v 0.080000 2.600000 0.100000
v 0.080000 0.600000 0.060000
v 0.080000 2.600000 0.410000
v 0.080000 0.600000 2.260001
v 0.080000 0.600000 2.300001
v 0.080000 2.600000 2.260001
v 0.080000 2.600000 2.300001
v 0.900000 4.780000 0.410000
v 0.900000 4.780000 0.400000
v 0.900000 4.780000 0.450000
v 0.300000 4.780000 0.450000
v 0.080000 0.600000 0.090000
v 0.080000 2.600000 0.440000
v 0.080000 0.600000 0.440000
v 0.080000 0.600000 0.410000
v 0.080000 2.600000 0.400000
v 0.080000 0.600000 0.400000
v 0.080000 0.600000 0.450000
v 0.080000 2.600000 0.450000
v 0.300000 4.780000 0.410000
v 0.300000 4.780000 0.400000
v 0.300000 4.780000 0.440000
v 0.900000 4.780000 0.440000
v 0.080000 5.000000 2.260001
v 0.080000 7.000000 2.260001
v 0.080000 5.000000 2.300001
v 0.080000 5.000000 2.289999
v 0.080000 0.600000 0.050000
v 0.080000 0.600000 0.100000
v 0.080000 2.600000 0.060000
v 0.080000 2.600000 0.090000
v 0.900000 2.820000 2.250002
v 0.300000 2.820000 2.250002
v 0.900000 2.820000 2.289999
v 0.300000 2.820000 2.289999
v 1.080000 4.360000 2.300001
v 1.080000 3.240000 2.289999
v 1.080000 4.650001 2.289999
v 1.080000 4.360000 2.289999
v 0.300000 4.780001 2.300001
v 0.300000 4.780001 2.289999
v 0.300000 4.780001 2.260001
v 0.900000 4.780001 2.289999
v 0.300000 2.830000 0.090000
v 0.900000 2.830000 0.440000
v 0.900000 2.830000 0.410000
v 0.300000 2.830000 0.410000
v 0.070000 5.000000 0.410000
v 0.070000 5.000000 0.440000
v 0.070000 7.000000 0.440000
v 0.070000 7.000000 0.410000
v 0.080000 5.000000 0.060000
v 0.080000 5.000000 0.090000
v 0.080000 7.000000 0.100000
v 0.080000 7.000000 0.050000
v 0.300000 2.830000 0.060000
v 0.300000 2.830000 0.440000
v 0.900000 2.830000 0.060000
v 0.900000 2.830000 0.090000
v 1.070000 2.950000 2.289999
v 1.070000 4.650001 2.260001
v 1.070000 2.950000 2.260001
v 1.070000 4.360000 2.260001
v 1.070000 3.240000 2.260001
v 1.070000 3.240000 2.289999
v 1.070000 4.650001 2.289999
v 1.070000 4.360000 2.289999
v 1.080000 3.240000 0.450000
v 1.080000 2.950000 0.450000
v 1.080000 3.240000 0.400000
v 1.080000 2.950000 0.400000
v 1.080000 3.240000 0.440000
v 1.080000 3.240000 0.100000
v 1.080000 3.240000 0.410000
v 1.080000 2.950000 0.050000
v 1.080000 3.240000 0.090000
v 1.080000 2.950000 0.410000
v 1.080000 3.240000 0.050000
v 1.080000 2.950000 0.440000
v 1.080000 2.950000 0.100000
v 1.080000 2.950000 0.060000
v 1.080000 3.240000 0.060000
v 1.080000 2.950000 0.090000
v 1.070000 3.240000 0.440000
v 1.070000 3.240000 0.410000
v 1.070000 3.240000 0.090000
v 1.070000 2.950000 0.410000
v 1.070000 2.950000 0.440000
v 1.070000 2.950000 0.060000
v 1.070000 3.240000 0.060000
v 1.070000 2.950000 0.090000
v 1.080000 4.360000 0.450000
v 1.080000 4.650001 0.450000
v 1.080000 4.650001 0.400000
v 1.080000 4.360000 0.440000
v 1.080000 4.360000 0.400000
v 1.080000 4.650001 0.440000
v 1.080000 4.650001 0.410000
v 1.080000 4.360000 0.410000
v 1.080000 4.360000 0.090000
v 1.080000 4.360000 0.050000
v 1.080000 4.360000 0.100000
v 1.080000 4.650001 0.060000
v 1.080000 4.360000 0.060000
v 1.080000 4.650001 0.100000
v 1.080000 4.650001 0.050000
v 1.080000 4.650001 0.090000
v 1.070000 4.360000 0.440000
v 1.070000 4.650001 0.440000
v 1.070000 4.650001 0.410000
v 1.070000 4.360000 0.410000
v 1.070000 4.360000 0.090000
v 1.070000 4.650001 0.060000
v 1.070000 4.360000 0.060000
v 1.070000 4.650001 0.090000
v 0.100000 0.600000 2.500000
v 0.100000 2.600000 2.500000
v 0.100000 5.000000 2.500000
v 0.100000 7.000000 2.500000
v 0.100000 0.600000 -0.050000
v 0.100000 2.600000 -0.050000
v 0.100000 5.000000 -0.050000
v 0.100000 7.000000 -0.050000
v 0.100000 2.600000 0.500000
v 0.100000 5.000000 0.500000
v 0.100000 0.600000 0.500000
v 0.100000 7.000000 0.500000
v 0.100000 2.600000 2.200000
v 0.100000 7.000000 2.200000
v 0.100000 0.600000 2.200000
v 0.100000 5.000000 2.200000
v 0.300000 4.800000 2.400000
v 0.300000 2.800000 2.400000
v 0.300000 2.800000 -0.050000
v 0.300000 4.800000 -0.050000
v 0.300000 2.800000 0.500000
v 0.300000 4.800000 0.500000
v 0.300000 2.800000 2.200000
v 0.300000 4.800000 2.200000
v 0.900000 4.800000 2.400000
v 0.900000 2.800000 2.400000
v 0.900000 2.800000 -0.050000
v 0.900000 4.800000 -0.050000
v 0.900000 2.800000 0.500000
v 0.900000 4.800000 0.500000
v 0.900000 2.800000 2.200000
v 0.900000 4.800000 2.200000
v 1.100000 3.240000 2.400000
v 1.100000 3.240000 -0.050000
v 1.100000 4.360000 -0.050000
v 1.100000 3.240000 0.050000
v 1.100000 4.360000 2.400000
v 1.100000 4.360000 0.050000
v 1.100000 2.950000 2.400000
v 1.100000 2.950000 -0.050000
v 0.100000 5.000000 0.050000
v 1.100000 4.650001 2.400000
v 1.100000 4.650001 0.050000
v 1.100000 4.650001 -0.050000
v 0.125000 7.000000 2.200000
v 0.125000 5.000000 0.500000
v 0.125000 7.000000 0.500000
v 0.125000 5.000000 2.200000
v 0.900000 4.825000 0.500000
v 0.300000 4.825000 2.200000
v 0.900000 4.825000 2.200000
v 0.300000 4.825000 0.500000
v 0.300000 2.775000 2.200000
v 0.300000 2.775000 0.500000
v 0.900000 2.775000 0.500000
v 0.900000 2.775000 2.200000
v 0.125000 2.600000 0.500000
v 0.125000 0.600000 2.200000
v 0.125000 0.600000 0.500000
v 0.125000 2.600000 2.200000
v 0.900000 2.800000 0.050000
v 0.300000 2.800000 0.050000
v 0.100000 2.600000 0.050000
v 1.100000 3.240000 0.450000
v 0.300000 2.800000 0.450000
v 0.100000 5.000000 0.450000
v 0.100000 7.000000 0.450000
v 0.300000 4.800000 0.450000
v 1.100000 4.360000 0.400000
v 0.100000 0.600000 0.400000
v 0.300000 2.800000 0.100000
v 1.100000 4.360000 0.100000
v 1.100000 4.650001 0.100000
v 0.100000 7.000000 2.250000
v 0.900000 4.800000 2.250000
v 0.300000 4.800000 2.250000
v 1.100000 4.360000 2.250000
v 1.100000 4.650001 2.250000
v 1.100000 3.240000 2.250000
v 1.100000 2.950000 2.250000
v 0.900000 2.800000 2.250000
v 0.300000 2.800000 2.250000
v 0.100000 2.600000 2.250000
v 0.100000 0.600000 2.250000
v 0.100000 2.600000 2.300000
v 0.100000 0.600000 2.300000
v 0.900000 2.800000 2.300000
v 1.100000 3.240000 2.300000
v 1.100000 2.950000 2.300000
v 0.100000 5.000000 2.300000
v 0.100000 7.000000 2.300000
v 0.900000 4.800000 2.300000
v 0.300000 4.800000 2.300000
v 1.100000 4.360000 2.300000
v 1.100000 4.650001 2.300000
vt 0.263932 0.500893
vt 0.151310 0.500882
vt 0.152543 0.498950
vt 0.261989 0.498949
vt 0.260606 0.491609
vt 0.260606 0.497747
vt 0.152573 0.497747
vt 0.152573 0.491609
vt 0.150654 0.489690
vt 0.261824 0.489702
vt 0.150056 0.484025
vt 0.264477 0.484025
vt 0.261989 0.492731
vt 0.152543 0.492731
vt 0.050119 0.497552
vt 0.050118 0.492458
vt 0.261984 0.492429
vt 0.261985 0.497522
vt 0.050625 0.492470
vt 0.050625 0.497543
vt 0.261675 0.497545
vt 0.261675 0.492472
vt 0.046356 0.488696
vt 0.262973 0.488713
vt 0.037242 0.501375
vt 0.263681 0.501264
vt 0.263062 0.500202
vt 0.150118 0.500203
vt 0.265719 0.501315
vt 0.042903 0.501315
vt 0.265375 0.488675
vt 0.049563 0.488722
vt 0.261941 0.484677
vt 0.259625 0.488640
vt 0.036513 0.488670
vt 0.032579 0.484678
vt 0.034197 0.498325
vt 0.036514 0.494361
vt 0.259625 0.494332
vt 0.263559 0.498324
vt 0.263541 0.498335
vt 0.259607 0.488651
vt 0.262017 0.485323
vt 0.259600 0.488842
vt 0.061465 0.488862
vt 0.057965 0.485323
vt 0.262115 0.485292
vt 0.259698 0.488811
vt 0.061563 0.488831
vt 0.058063 0.485292
vt 0.059147 0.498318
vt 0.061564 0.494799
vt 0.259698 0.494779
vt 0.263198 0.498318
vt 0.059048 0.498349
vt 0.061465 0.494830
vt 0.259600 0.494810
vt 0.263100 0.498349
vt 0.183287 0.497747
vt 0.185919 0.495115
vt 0.259624 0.495114
vt 0.262256 0.497747
vt 0.262256 0.485850
vt 0.259624 0.488483
vt 0.185919 0.488483
vt 0.183286 0.485850
vt 0.183350 0.497702
vt 0.185983 0.495070
vt 0.259688 0.495070
vt 0.259688 0.488489
vt 0.185983 0.488489
vt 0.183350 0.485856
vt 0.262256 0.485844
vt 0.183286 0.485844
vt 0.262097 0.485241
vt 0.061545 0.488780
vt 0.058045 0.485241
vt 0.061546 0.494748
vt 0.259681 0.494728
vt 0.059151 0.498323
vt 0.262002 0.484651
vt 0.259685 0.488614
vt 0.036575 0.488643
vt 0.034259 0.498346
vt 0.036576 0.494383
vt 0.259686 0.494354
vt 0.259685 0.488662
vt 0.036575 0.488692
vt 0.036576 0.494335
vt 0.259686 0.494306
vt 0.699935 0.648296
vt 0.699935 0.743771
vt 0.900935 0.743771
vt 0.900935 0.648296
vt 0.900935 0.753821
vt 0.699935 0.753821
vt 0.675747 0.732034
vt 0.679377 0.732000
vt 0.679377 0.524024
vt 0.675747 0.524058
vt 0.863497 0.733200
vt 0.771038 0.733200
vt 0.771038 0.738225
vt 0.863497 0.738226
vt 0.824705 0.722215
vt 0.826715 0.694075
vt 0.730235 0.694074
vt 0.732245 0.722214
vt 0.648026 0.524517
vt 0.644074 0.524554
vt 0.644074 0.751024
vt 0.648026 0.750987
vt 0.630272 0.751113
vt 0.634472 0.751073
vt 0.634472 0.510442
vt 0.630273 0.510482
vt 0.662263 0.751033
vt 0.666462 0.750993
vt 0.666462 0.510362
vt 0.662263 0.510402
vt 0.680617 0.750993
vt 0.680617 0.510362
vt 0.637253 0.751140
vt 0.632956 0.751098
vt 0.632956 0.504845
vt 0.637254 0.504886
vt 0.618460 0.504887
vt 0.618460 0.751139
vt 0.632946 0.751140
vt 0.632945 0.504887
vt 0.652826 0.510402
vt 0.648627 0.510442
vt 0.648626 0.751073
vt 0.652826 0.751033
vt 0.684816 0.510322
vt 0.684816 0.750952
vt 0.637243 0.504846
vt 0.637243 0.751098
vt 0.657545 0.510402
vt 0.657544 0.751033
vt 0.625554 0.510482
vt 0.625554 0.751113
vt 0.689535 0.750952
vt 0.689534 0.510322
vt 0.649325 0.751140
vt 0.642082 0.751140
vt 0.642083 0.504886
vt 0.649325 0.504886
vt 0.642072 0.504846
vt 0.618477 0.510482
vt 0.663394 0.524008
vt 0.663394 0.731984
vt 0.667024 0.732009
vt 0.667024 0.524033
vt 0.696612 0.510322
vt 0.696612 0.750952
vt 0.649315 0.504846
vt 0.618471 0.504845
vt 0.636679 0.524554
vt 0.636679 0.751024
vt 0.631133 0.751024
vt 0.631133 0.524554
vt 0.667640 0.731985
vt 0.667641 0.524007
vt 0.683623 0.523965
vt 0.679993 0.523998
vt 0.679993 0.731976
vt 0.683623 0.731942
vt 0.662353 0.518735
vt 0.657328 0.518735
vt 0.657328 0.736819
vt 0.662353 0.736819
vt 0.618605 0.524564
vt 0.618606 0.751034
vt 0.623228 0.751034
vt 0.623228 0.524563
vt 0.662734 0.518734
vt 0.662734 0.736819
vt 0.667759 0.736819
vt 0.667759 0.518734
vt 0.672117 0.524033
vt 0.672117 0.732009
vt 0.683621 0.732000
vt 0.630162 0.751035
vt 0.630162 0.524565
vt 0.625540 0.524566
vt 0.625540 0.751035
vt 0.634114 0.750998
vt 0.634114 0.524529
vt 0.671270 0.732009
vt 0.674900 0.731976
vt 0.674900 0.523998
vt 0.671271 0.524032
vt 0.651007 0.524492
vt 0.647055 0.524529
vt 0.647056 0.750999
vt 0.651008 0.750962
vt 0.652648 0.750987
vt 0.652648 0.524517
vt 0.659581 0.524517
vt 0.659581 0.750987
vt 0.691482 0.705904
vt 0.691482 0.557934
vt 0.688470 0.517077
vt 0.688899 0.705888
vt 0.691665 0.705881
vt 0.691665 0.526947
vt 0.688899 0.547420
vt 0.627180 0.750997
vt 0.627180 0.524527
vt 0.654960 0.750989
vt 0.654960 0.524519
vt 0.641509 0.524529
vt 0.641509 0.750998
vt 0.869715 0.700303
vt 0.869693 0.697340
vt 0.699865 0.697338
vt 0.699887 0.700302
vt 0.869778 0.746490
vt 0.869756 0.743527
vt 0.699930 0.743526
vt 0.699952 0.746490
vt 0.618955 0.699389
vt 0.648101 0.699388
vt 0.648101 0.697378
vt 0.618955 0.697379
vt 0.618975 0.688283
vt 0.618975 0.690292
vt 0.648120 0.690292
vt 0.648120 0.688281
vt 0.705081 0.712271
vt 0.765218 0.712250
vt 0.765217 0.709243
vt 0.705080 0.709264
vt 0.705059 0.665882
vt 0.765195 0.665882
vt 0.765196 0.666932
vt 0.705060 0.666932
vt 0.869717 0.694342
vt 0.869680 0.691378
vt 0.699853 0.691378
vt 0.699890 0.694341
vt 0.869780 0.740563
vt 0.699953 0.740562
vt 0.787850 0.702387
vt 0.787850 0.703436
vt 0.847952 0.703440
vt 0.847951 0.702391
vt 0.871287 0.727591
vt 0.871280 0.724598
vt 0.699841 0.724598
vt 0.699849 0.727590
vt 0.705058 0.713321
vt 0.765196 0.712271
vt 0.765195 0.713321
vt 0.765197 0.708215
vt 0.765196 0.709264
vt 0.705060 0.708215
vt 0.765196 0.714371
vt 0.705059 0.714371
vt 0.871242 0.721607
vt 0.871205 0.718615
vt 0.699767 0.718615
vt 0.699804 0.721606
vt 0.871242 0.721737
vt 0.871205 0.718746
vt 0.699767 0.718746
vt 0.699804 0.721737
vt 0.699823 0.685450
vt 0.699860 0.688414
vt 0.869687 0.688414
vt 0.869650 0.685450
vt 0.699886 0.731671
vt 0.869713 0.731671
vt 0.869736 0.728707
vt 0.699910 0.728707
vt 0.699929 0.743560
vt 0.869757 0.743560
vt 0.705078 0.705160
vt 0.705079 0.707164
vt 0.765216 0.707143
vt 0.765215 0.705139
vt 0.787850 0.708539
vt 0.847952 0.708543
vt 0.847952 0.707494
vt 0.787851 0.707490
vt 0.869717 0.694376
vt 0.699889 0.694374
vt 0.699923 0.734668
vt 0.869750 0.734668
vt 0.869650 0.685484
vt 0.699841 0.724729
vt 0.871279 0.724729
vt 0.869743 0.737633
vt 0.699916 0.737632
vt 0.871361 0.733704
vt 0.871324 0.730713
vt 0.699886 0.730712
vt 0.699923 0.733704
vt 0.869673 0.682486
vt 0.699847 0.682486
vt 0.765195 0.663878
vt 0.705059 0.663877
vt 0.705058 0.672038
vt 0.705059 0.670988
vt 0.765195 0.670988
vt 0.765195 0.672038
vt 0.705059 0.667981
vt 0.765195 0.667981
vt 0.871286 0.727721
vt 0.699849 0.727721
vt 0.871361 0.733574
vt 0.871324 0.730582
vt 0.699886 0.730582
vt 0.699923 0.733573
vt 0.847952 0.706445
vt 0.787850 0.706441
vt 0.765219 0.714349
vt 0.699923 0.734634
vt 0.869749 0.734635
vt 0.847952 0.701342
vt 0.787850 0.701338
vt 0.705067 0.673087
vt 0.765204 0.673066
vt 0.765196 0.705160
vt 0.765196 0.707165
vt 0.699887 0.725776
vt 0.869714 0.725777
vt 0.628880 0.615497
vt 0.688982 0.615494
vt 0.688983 0.616543
vt 0.628881 0.616546
vt 0.705059 0.675092
vt 0.765196 0.675092
vt 0.628881 0.614448
vt 0.688983 0.614445
vt 0.628881 0.609346
vt 0.688982 0.609342
vt 0.688983 0.610391
vt 0.628882 0.610395
vt 0.628881 0.611444
vt 0.688982 0.611440
vt 0.648093 0.504419
vt 0.618948 0.504421
vt 0.618948 0.505425
vt 0.648093 0.505424
vt 0.618965 0.504368
vt 0.618965 0.505373
vt 0.648108 0.498336
vt 0.618965 0.498339
vt 0.618965 0.499344
vt 0.648108 0.499341
vt 0.648093 0.503414
vt 0.618948 0.503416
vt 0.648092 0.498389
vt 0.618948 0.498391
vt 0.618948 0.499396
vt 0.648092 0.499394
vt 0.648093 0.500399
vt 0.618948 0.500401
vt 0.648109 0.500346
vt 0.618965 0.500348
vt 0.618965 0.503363
vt 0.618955 0.691349
vt 0.648100 0.691348
vt 0.618955 0.692354
vt 0.648100 0.692353
vt 0.618955 0.732555
vt 0.648102 0.732554
vt 0.648102 0.731549
vt 0.618955 0.731550
vt 0.648101 0.696373
vt 0.618955 0.696374
vt 0.618955 0.738585
vt 0.648102 0.738585
vt 0.648102 0.737580
vt 0.618955 0.737580
vt 0.648101 0.695368
vt 0.618955 0.695369
vt 0.648102 0.729539
vt 0.618955 0.729540
vt 0.618955 0.736575
vt 0.648102 0.736575
vt 0.648102 0.733559
vt 0.618955 0.733560
vt 0.618975 0.692302
vt 0.648120 0.692303
vt 0.648120 0.697329
vt 0.648120 0.696324
vt 0.618974 0.696321
vt 0.618974 0.697325
vt 0.648113 0.732506
vt 0.618968 0.732500
vt 0.648111 0.738537
vt 0.648111 0.737532
vt 0.618966 0.737525
vt 0.618966 0.738530
vt 0.648120 0.695318
vt 0.618975 0.695316
vt 0.648112 0.736526
vt 0.648112 0.733511
vt 0.618967 0.733505
vt 0.618967 0.736520
vt 0.648108 0.496326
vt 0.648107 0.486277
vt 0.618964 0.486279
vt 0.618965 0.496329
vt 0.699951 0.750769
vt 0.869779 0.750769
vt 0.765197 0.653833
vt 0.705061 0.653854
vt 0.648108 0.750597
vt 0.648110 0.740547
vt 0.618966 0.740540
vt 0.618963 0.750590
vt 0.787850 0.699335
vt 0.847952 0.699338
vt 0.847953 0.689321
vt 0.787851 0.689318
vt 0.871183 0.715754
vt 0.871183 0.711468
vt 0.699745 0.711467
vt 0.699745 0.715753
vt 0.628882 0.618550
vt 0.688983 0.618546
vt 0.688983 0.623555
vt 0.628882 0.623558
vt 0.871183 0.711337
vt 0.871168 0.708345
vt 0.699730 0.708345
vt 0.699745 0.711337
vt 0.699966 0.753733
vt 0.869794 0.753734
vt 0.765196 0.721387
vt 0.765196 0.723892
vt 0.705059 0.723892
vt 0.705059 0.721387
vt 0.787850 0.715551
vt 0.787849 0.718055
vt 0.847951 0.718059
vt 0.847951 0.715555
vt 0.688983 0.626059
vt 0.628882 0.626062
vt 0.871168 0.708475
vt 0.699730 0.708475
vt 0.699952 0.750736
vt 0.869778 0.750736
vt 0.847951 0.710546
vt 0.787850 0.710542
vt 0.871383 0.753840
vt 0.871383 0.736696
vt 0.699945 0.736696
vt 0.618947 0.486332
vt 0.618948 0.496381
vt 0.648092 0.496379
vt 0.871384 0.753709
vt 0.871384 0.736566
vt 0.699946 0.736565
vt 0.699946 0.753709
vt 0.699825 0.679556
vt 0.869652 0.679557
vt 0.618955 0.740595
vt 0.648102 0.740595
vt 0.699745 0.715623
vt 0.871183 0.715623
vt 0.765219 0.716353
vt 0.705083 0.716375
vt 0.699888 0.725743
vt 0.869715 0.725744
vt 0.699824 0.679522
vt 0.869651 0.679523
vt 0.688982 0.607339
vt 0.628881 0.607342
vt 0.648110 0.507381
vt 0.618965 0.507383
vt 0.618949 0.507435
vt 0.648119 0.699340
vt 0.618974 0.699335
vt 0.869651 0.671031
vt 0.699824 0.671031
vt 0.765195 0.653855
vt 0.869652 0.671065
vt 0.699825 0.671064
vt 0.628880 0.597325
vt 0.688982 0.597322
usemtl Exterior_Mat
s off
f 1093/1657 1091/1658 1095/1659 1096/1660
f 1097/1661 1098/1662 1099/1663 1100/1664
f 1097/1661 1100/1664 1092/1665 1094/1666
f 1101/1667 1102/1668 1103/1669 1104/1670
f 1104/1671 1095/1672 1100/1673 1099/1674
f 1096/1675 1103/1676 1098/1677 1097/1678
f 1104/1670 1103/1669 1096/1660 1095/1659
f 1091/1679 1092/1680 1100/1673 1095/1672
f 1102/1681 1105/1682 1098/1677 1103/1676
f 1105/1683 1106/1684 1099/1663 1098/1662
f 1106/1685 1101/1686 1104/1671 1099/1674
f 1096/1675 1097/1678 1094/1687 1093/1688
f 1108/1689 1115/1690 1116/1691 1109/1692
f 1112/1693 1118/1694 1117/1695 1111/1696
f 1107/1693 1119/1694 1120/1695 1110/1697
f 1114/1689 1122/1698 1121/1691 1113/1692
f 1113/1699 1121/1700 1118/1701 1112/1702
f 1110/1703 1120/1704 1115/1705 1108/1706
f 1111/1707 1117/1708 1122/1709 1114/1710
f 1109/1711 1116/1712 1119/1713 1107/1714
f 1116/1712 1118/1701 1121/1700 1119/1713
f 1115/1690 1117/1695 1118/1694 1116/1691
f 1120/1704 1122/1709 1117/1708 1115/1705
f 1152/1707 1147/1712 1142/1709 1153/1710
f 1150/1703 1141/1704 1154/1705 1151/1706
f 1127/1715 1137/1716 1145/1717 1130/1718
f 1128/1719 1143/1720 1138/1721 1129/1722
f 1133/1723 1146/1724 1148/1725 1134/1718
f 1151/1719 1154/1726 1147/1727 1152/1728
f 1137/1716 1136/1721 1149/1720 1145/1717
f 1153/1715 1142/1716 1141/1717 1150/1718
f 1131/1729 1139/1720 1140/1721 1132/1730
f 1124/1715 1135/1716 1144/1717 1126/1718
f 1129/1731 1138/1704 1137/1732 1127/1733
f 1132/1703 1140/1704 1146/1701 1133/1702
f 1125/1707 1136/1734 1135/1735 1124/1710
f 1126/1703 1144/1704 1149/1705 1123/1706
f 1123/1719 1149/1720 1136/1721 1125/1722
f 1130/1736 1145/1708 1143/1709 1128/1710
f 1145/1708 1149/1705 1144/1704 1143/1709
f 1134/1736 1148/1708 1139/1709 1131/1710
f 1143/1720 1144/1717 1135/1716 1138/1721
f 1154/1726 1148/1725 1146/1724 1147/1727
f 1147/1712 1146/1701 1140/1704 1142/1709
f 1141/1704 1139/1709 1148/1708 1154/1705
f 1142/1716 1140/1721 1139/1720 1141/1717
f 1158/1707 1164/1708 1170/1709 1155/1710
f 1161/1737 1166/1738 1165/1739 1159/1692
f 1162/1740 1167/1741 1168/1742 1160/1696
f 1155/1737 1170/1743 1169/1744 1157/1692
f 1165/1708 1163/1705 1169/1704 1167/1709
f 1156/1740 1163/1745 1164/1746 1158/1696
f 1157/1703 1169/1704 1163/1705 1156/1706
f 1159/1736 1165/1708 1167/1709 1162/1710
f 1160/1703 1168/1704 1166/1705 1161/1706
f 1168/1704 1170/1709 1164/1708 1166/1705
f 1166/1738 1164/1746 1163/1745 1165/1739
f 1119/1694 1121/1691 1122/1698 1120/1695
f 1167/1741 1169/1744 1170/1743 1168/1742
f 1138/1704 1135/1735 1136/1734 1137/1732
f 1175/1747 1171/1748 1173/1749 1174/1750
f 1176/1751 1173/1749 1171/1748 1172/1752
f 1284/1753 1222/1754 1223/1755 1282/1756
f 1204/1757 1203/1758 1225/1759 1227/1760
f 1225/1761 1230/1762 1224/1763 1227/1764
f 1256/1765 1307/1766 1308/1767 1276/1768
f 1263/1769 1316/1770 1314/1771 1255/1772
f 1252/1773 1312/1774 1309/1775 1221/1776
f 1312/1774 1313/1777 1237/1778 1309/1775
f 1188/1779 1273/1780 1272/1781 1190/1782
f 1213/1773 1266/1774 1277/1775 1207/1776
f 1285/1783 1286/1784 1283/1785 1278/1786
f 1208/1787 1270/1788 1280/1789 1214/1790
f 1277/1775 1266/1774 1177/1777 1258/1778
f 1264/1771 1279/1770 1280/1789 1270/1788
f 1265/1791 1237/1778 1313/1777 1259/1792
f 1181/1793 1278/1786 1283/1785 1182/1794
f 1207/1776 1239/1795 1253/1796 1213/1773
f 1255/1772 1244/1797 1248/1798 1263/1769
f 1221/1776 1247/1795 1251/1796 1252/1773
f 1259/1792 1249/1799 1235/1800 1265/1791
f 1183/1801 1217/1802 1205/1803 1178/1804
f 1205/1803 1217/1802 1188/1779 1190/1782
f 1181/1793 1182/1794 1215/1802 1210/1805
f 1262/1791 1261/1792 1212/1799 1206/1800
f 1262/1791 1258/1778 1177/1777 1261/1792
f 1194/1784 1248/1798 1244/1797 1192/1806
f 1214/1790 1251/1796 1247/1795 1208/1787
f 1230/1807 1275/1808 1299/1809 1302/1810
f 1191/1811 1235/1800 1249/1799 1193/1812
f 1179/1811 1206/1800 1212/1799 1184/1812
f 1189/1813 1210/1805 1215/1802 1187/1801
f 1185/1787 1306/1788 1315/1789 1243/1790
f 1306/1788 1314/1771 1316/1770 1315/1789
f 1272/1781 1273/1780 1254/1784 1271/1814
f 1209/1797 1216/1798 1260/1769 1257/1772
f 1308/1767 1307/1766 1292/1815 1293/1816
f 1298/1817 1293/1816 1292/1815 1297/1818
f 1243/1790 1253/1796 1239/1795 1185/1787
f 1220/1808 1231/1819 1200/1820 1228/1807
f 1186/1784 1216/1798 1209/1797 1180/1806
f 1224/1821 1211/1822 1296/1823 1268/1824
f 1260/1769 1279/1770 1264/1771 1257/1772
f 1204/1825 1227/1826 1226/1827 1202/1828
f 1233/1829 1232/1830 1238/1831 1246/1832
f 1203/1833 1201/1834 1229/1835 1225/1836
f 1284/1753 1282/1756 1304/1837 1303/1838
f 1218/1839 1219/1821 1223/1755 1222/1754
f 1288/1840 1289/1841 1241/1842 1242/1843
f 1288/1840 1310/1844 1311/1845 1289/1841
f 1287/1846 1305/1847 1295/1848 1267/1849
f 1281/1850 1301/1851 1300/1852 1274/1853
f 1240/1854 1236/1855 1256/1765 1276/1768
f 1287/1846 1267/1849 1200/1820 1231/1819
f 1198/1856 1236/1855 1240/1854 1196/1857
f 1226/1858 1227/1859 1224/1860 1268/1861
f 1299/1809 1303/1838 1304/1837 1302/1810
f 1229/1861 1275/1862 1230/1863 1225/1864
f 1238/1831 1290/1865 1269/1866 1246/1832
f 1269/1866 1290/1865 1298/1817 1297/1818
f 1234/1867 1199/1868 1281/1850 1274/1853
f 1296/1823 1211/1822 1295/1848 1305/1847
f 1197/1830 1242/1843 1241/1842 1195/1829
f 1300/1852 1301/1851 1291/1869 1294/1870
f 1294/1870 1291/1869 1311/1845 1310/1844
f 1245/1856 1199/1868 1234/1867 1250/1857
f 1371/1871 1504/1872 1449/1873 1363/1874
f 1323/1875 1469/1876 1468/1877 1325/1878
f 1330/1879 1333/1880 1521/1881 1520/1882
f 1319/1883 1543/1884 1542/1885 1318/1886
f 1507/1887 1495/1888 1496/1889 1497/1890
f 1381/1891 1387/1892 1389/1893 1417/1894
f 1481/1895 1380/1896 1428/1897 1462/1898
f 1468/1877 1469/1876 1463/1899 1464/1900
f 1491/1901 1352/1902 1382/1903 1493/1904
f 1438/1905 1440/1906 1439/1907 1441/1908
f 1472/1909 1444/1887 1445/1910 1473/1911
f 1458/1912 1442/1913 1443/1890 1470/1914
f 1472/1909 1473/1911 1460/1915 1461/1916
f 1475/1917 1420/1918 1419/1919 1474/1920
f 1443/1890 1442/1913 1445/1910 1444/1887
f 1456/1921 1403/1922 1402/1923 1454/1924
f 1452/1925 1426/1926 1385/1927 1480/1928
f 1465/1929 1453/1930 1466/1931 1467/1932
f 1401/1899 1408/1900 1398/1933 1399/1934
f 1329/1935 1377/1936 1341/1937 1332/1938
f 1342/1939 1355/1940 1356/1941 1492/1942
f 1448/1943 1373/1896 1370/1897 1503/1944
f 1349/1914 1350/1912 1341/1937 1377/1936
f 1409/1929 1498/1945 1501/1946 1400/1930
f 1502/1925 1372/1926 1374/1927 1447/1947
f 1454/1924 1365/1948 1337/1949 1456/1921
f 1401/1899 1500/1950 1499/1951 1408/1900
f 1457/1952 1405/1953 1404/1954 1455/1955
f 1452/1925 1480/1928 1450/1956 1478/1957
f 1361/1958 1387/1892 1381/1891 1375/1959
f 1415/1960 1359/1961 1358/1962 1416/1963
f 1386/1964 1360/1965 1358/1962 1359/1961
f 1366/1966 1337/1949 1365/1948 1367/1967
f 1407/1931 1406/1932 1409/1929 1400/1930
f 1418/1968 1421/1969 1477/1970 1476/1971
f 1356/1941 1353/1972 1351/1973 1492/1942
f 1428/1897 1380/1896 1385/1927 1426/1926
f 1349/1914 1497/1890 1496/1889 1350/1912
f 1389/1893 1360/1965 1386/1964 1417/1894
f 1379/1916 1378/1974 1422/1911 1431/1909
f 1465/1929 1384/1975 1427/1976 1453/1930
f 1421/1969 1438/1905 1441/1908 1477/1970
f 1479/1873 1451/1872 1481/1895 1462/1898
f 1463/1899 1429/1950 1383/1951 1464/1900
f 1491/1901 1493/1904 1354/1977 1490/1978
f 1383/1951 1429/1950 1427/1976 1384/1975
f 1424/1979 1357/1980 1425/1963 1423/1960
f 1425/1963 1509/1962 1494/1961 1423/1960
f 1335/1871 1451/1872 1479/1873 1343/1874
f 1322/1981 1459/1982 1471/1936 1327/1935
f 1422/1911 1495/1888 1507/1887 1431/1909
f 1432/1894 1430/1893 1348/1892 1433/1891
f 1351/1973 1353/1972 1382/1903 1352/1902
f 1321/1983 1406/1932 1407/1931 1324/1984
f 1494/1961 1509/1962 1508/1965 1506/1964
f 1374/1927 1372/1926 1370/1897 1373/1896
f 1376/1985 1347/1986 1482/1987 1483/1988
f 1369/1989 1388/1979 1414/1980 1339/1990
f 1501/1946 1498/1945 1499/1951 1500/1950
f 1405/1953 1366/1966 1367/1967 1404/1954
f 1432/1894 1506/1964 1508/1965 1430/1893
f 1376/1985 1411/1991 1410/1992 1347/1986
f 1474/1920 1439/1907 1440/1906 1475/1917
f 1471/1936 1459/1982 1458/1912 1470/1914
f 1415/1960 1416/1963 1414/1980 1388/1979
f 1448/1943 1503/1944 1449/1873 1504/1872
f 1505/1956 1446/1957 1502/1925 1447/1947
f 1345/1993 1346/1994 1484/1995 1485/1996
f 1413/1997 1412/1998 1410/1992 1411/1991
f 1484/1995 1412/1998 1413/1997 1485/1996
f 1395/1999 1435/2000 1434/2001 1436/2002
f 1396/1999 1394/2003 1437/2004 1392/2002
f 1486/2005 1390/2006 1488/2007 1489/2008
f 1395/1999 1512/2009 1514/2010 1435/2000
f 1393/2011 1397/2012 1487/2013 1391/2014
f 1510/2015 1515/2016 1514/2010 1512/2009
f 1517/2017 1516/2018 1511/2019 1513/2009
f 1488/2007 1516/2018 1517/2017 1489/2008
f 1487/2013 1515/2016 1510/2015 1391/2014
f 1396/1999 1513/2009 1511/2019 1394/2003
f 1522/2020 1529/2021 1519/1885 1518/1884
f 1529/2021 1522/2020 1534/2022 1538/2023
f 1526/2024 1533/2025 1530/2026 1523/2027
f 1520/1882 1521/1881 1527/2028 1524/2029
f 1528/2030 1525/2031 1531/2032 1532/2033
f 1524/2029 1527/2028 1537/2034 1535/2035
f 1344/2036 1334/2037 1523/2027 1530/2026
f 1535/2035 1537/2034 1538/2023 1534/2022
f 1540/2038 1539/2039 1541/2040 1536/2041
f 1533/2025 1526/2024 1536/2041 1541/2040
f 1532/2033 1531/2032 1539/2039 1540/2038
f 1545/2021 1542/1885 1543/1884 1547/2020
f 1547/2020 1559/2042 1558/2043 1545/2021
f 1546/2044 1549/2045 1548/2046 1544/2047
f 1550/2048 1552/2026 1555/2027 1557/2049
f 1551/2050 1554/2051 1553/2052 1556/2053
f 1561/2054 1558/2043 1559/2042 1560/2055
f 1564/2056 1562/2057 1565/2058 1563/2059
f 1549/2045 1561/2054 1560/2055 1548/2046
f 1557/2049 1565/2058 1562/2057 1550/2048
f 1554/2051 1564/2056 1563/2059 1553/2052
f 1659/2060 1602/2061 1607/2062 1660/2063
f 1632/1875 1631/1878 1575/2064 1577/2065
f 1627/1959 1626/1958 1592/2066 1584/2067
f 1600/2068 1603/2069 1608/2070 1609/2071
f 1658/2072 1657/2073 1590/2074 1582/2075
f 1648/2076 1578/2077 1580/2078 1649/2079
f 1647/2080 1646/2081 1596/2082 1588/2083
f 1579/2084 1610/2085 1613/2086 1581/2087
f 1575/2064 1611/2088 1612/2089 1577/2065
f 1595/2090 1614/2091 1617/2092 1587/2093
f 1589/2094 1615/2095 1616/2096 1597/2097
f 1596/2082 1621/2098 1618/2099 1588/2083
f 1586/2093 1619/2092 1620/2091 1594/2090
f 1578/2077 1625/2100 1623/2101 1580/2078
f 1576/2102 1624/2088 1622/2089 1574/2103
f 1589/2094 1597/2097 1640/2104 1641/2105
f 1567/2106 1650/2107 1651/2108 1566/1752
f 1604/2061 1598/2109 1653/2110 1654/2111
f 1569/2112 1656/2113 1655/2114 1568/2115
f 1606/2116 1446/1957 1505/1956 1364/2117
f 1603/2069 1551/2050 1556/2053 1608/2070
f 1338/1990 1357/1980 1424/1979 1636/1989
f 1601/2118 1336/2119 1525/2031 1528/2030
f 1656/2113 1418/1968 1476/1971 1655/2114
f 1640/2104 1355/1940 1342/1939 1641/2105
f 1660/2063 1390/2006 1486/2005 1659/2060
f 1368/2120 1419/1919 1420/1918 1639/2121
f 1632/1875 1399/1934 1398/1933 1631/1878
f 1658/2072 1490/1978 1354/1977 1657/2073
f 1649/2079 1402/1923 1403/1922 1648/2076
f 1627/1959 1433/1891 1348/1892 1626/1958
f 1650/2107 1457/1952 1455/1955 1651/2108
f 1326/2122 1378/1974 1379/1916 1630/2123
f 1633/2123 1461/1916 1460/1915 1317/2122
f 1635/2124 1467/1932 1466/1931 1331/2125
f 1340/2126 1478/1957 1450/1956 1628/2127
f 1652/2128 1346/1994 1345/1993 1362/2129
f 1647/2080 1483/1988 1482/1987 1646/2081
f 1642/2130 1392/2002 1437/2004 1643/2131
f 1653/2110 1397/2012 1393/2011 1654/2111
f 1645/2130 1436/2002 1434/2001 1644/2132
f 1328/1886 1629/1883 1518/1884 1519/1885
f 1638/2037 1555/2027 1552/2026 1637/2036
f 1634/2133 1546/2044 1544/2047 1320/2134
f 1633/2123 1317/2122 1595/2090 1587/2093
f 1340/2126 1628/2127 1571/2135 1570/2136
f 1639/2121 1579/2084 1581/2087 1368/2120
f 1585/2067 1593/2137 1361/1958 1375/1959
f 1336/2119 1601/2118 1599/2071 1605/2068
f 1573/2138 1572/2139 1606/2116 1364/2117
f 1576/2102 1574/2103 1323/1875 1325/1878
f 1645/2130 1644/2132 1629/1883 1328/1886
f 1586/2093 1594/2090 1326/2122 1630/2123
f 1371/1871 1363/1874 1321/1983 1324/1984
f 1369/1989 1339/1990 1322/1981 1327/1935
f 1637/2036 1634/2133 1320/2134 1638/2037
f 1329/1935 1332/1938 1338/1990 1636/1989
f 1635/2124 1331/2125 1335/1871 1343/1874
f 1333/1880 1330/1879 1334/2037 1344/2036
f 1318/1886 1642/2130 1643/2131 1319/1883
f 1583/2140 1591/2141 1652/2128 1362/2129
o Exterior_Walls01
v 8.400000 5.779998 0.000000
v 8.400001 6.699998 0.000000
v 8.400001 6.690000 0.009996
v 8.400000 5.789998 0.009996
v 8.350000 6.690000 0.010000
v 8.400001 6.690000 2.109999
v 8.350000 6.690000 2.109999
v 8.349999 5.789998 0.009996
v 8.349999 5.789998 2.109999
v 8.400000 5.789998 2.109999
v 8.400001 6.699998 2.120001
v 8.400000 5.779998 2.120001
v 8.399997 5.779998 2.800001
v 8.400002 6.699998 2.800001
v 8.400002 6.690000 2.809997
v 8.399997 5.789999 2.809997
v 8.350000 6.690000 2.810001
v 8.400002 6.690000 4.910000
v 8.350000 6.690000 4.910000
v 8.349998 5.789999 2.809997
v 8.349998 5.789999 4.910000
v 8.399997 5.789999 4.910000
v 8.400002 6.699998 4.920002
v 8.399997 5.779998 4.920002
v 8.399999 0.900000 3.700000
v 8.399999 2.480000 3.700000
v 8.550000 0.899999 3.700000
v 8.550000 2.480000 3.700000
v 8.550000 0.899999 3.600000
v 8.550000 2.480000 3.600000
v 8.400000 0.899999 3.600000
v 8.400000 2.480000 3.600000
v 0.100000 2.390000 3.700000
v 0.100000 0.810000 3.700000
v 0.100000 6.790000 3.700000
v 0.100000 4.590000 3.700000
v 0.100000 3.010000 3.700000
v 0.100000 5.210000 3.700000
v 0.100000 2.390000 3.600002
v 0.100000 0.810000 3.600002
v 0.100000 4.590001 3.600002
v 0.100000 3.010000 3.600002
v 0.100000 6.789999 3.600002
v 0.100000 5.210001 3.600002
v -0.050000 2.390000 3.700000
v -0.050000 0.810000 3.700000
v -0.050000 6.789999 3.700000
v -0.050000 4.590001 3.700000
v -0.050000 3.010000 3.700000
v -0.050000 5.210001 3.700000
v -0.050000 2.390000 3.600002
v -0.050000 0.810000 3.600002
v -0.050000 4.590001 3.600002
v -0.050000 3.010000 3.600002
v -0.050000 6.789999 3.600002
v -0.050000 5.210001 3.600002
v -0.050000 -0.050000 6.399997
v -0.050000 7.650000 6.399997
v 0.230000 -0.050000 6.399997
v 0.230000 7.650000 6.399997
v 0.230000 -0.050000 6.300001
v -0.050000 -0.050000 6.300001
v 0.230000 7.650000 6.300001
v -0.050000 7.650000 6.300001
v -0.050000 5.083333 6.300001
v -0.050000 2.516666 6.300001
v 0.230000 5.083333 6.399997
v 0.230000 2.516666 6.399997
v -0.050000 5.083333 6.399997
v -0.050000 2.516666 6.399997
v 0.230000 5.083333 6.300001
v 0.230000 2.516666 6.300001
v 0.000000 0.400000 2.599999
v 0.000000 0.400000 5.080000
v 0.000000 0.400000 5.179998
v 0.000000 2.700000 2.599999
v 0.000000 3.110000 3.600002
v 0.000000 3.110000 5.080000
v 0.000000 7.200000 5.179998
v 0.000000 4.900000 2.599999
v 0.000000 5.309999 3.600002
v 0.000000 5.309999 5.080000
v 0.000000 7.200000 2.599999
v 0.000000 7.200000 5.080000
v 0.000000 2.290000 3.600000
v 0.000000 2.290000 5.080000
v 0.000000 0.910000 5.080000
v 0.000000 0.910000 3.600002
v 0.000000 6.690001 5.080000
v 0.000000 6.690001 3.600002
v 0.000000 4.490000 3.600002
v 0.000000 4.490000 5.080000
v 0.100000 2.290000 3.600000
v 0.100000 2.290000 5.080000
v 0.100000 0.910000 5.080000
v 0.100000 0.910000 3.600000
v 0.100000 6.690001 5.080000
v 0.100000 6.690001 3.600000
v 0.100000 4.490000 3.600000
v 0.100000 4.490000 5.080000
v 0.100000 3.110000 5.080000
v 0.100000 3.110000 3.600000
v 0.100000 5.309999 3.600000
v 0.100000 5.309999 5.080000
v 0.000000 0.300000 2.599999
v 0.000000 0.100000 6.200006
v 0.000000 0.300000 2.500000
v 0.000000 0.100000 0.300000
v 0.000000 0.100000 2.599999
v 0.000000 0.100000 2.500000
v 0.000000 0.300000 0.300000
v 0.000000 0.300000 5.999995
v 0.000000 7.499998 6.200003
v 0.000000 7.300002 5.999995
v 0.000000 0.400000 5.899997
v 0.000000 7.200000 5.899997
v 0.000000 7.499998 0.300000
v 0.000000 7.300002 2.599999
v 0.000000 7.499998 2.500000
v 0.000000 7.300002 0.300000
v 0.000000 7.499998 2.599997
v 0.000000 7.300002 2.500000
v -0.020000 0.400000 2.500000
v 0.000000 0.400000 2.599999
v 0.100000 0.400000 5.080000
v 0.000000 0.400000 5.179998
v -0.020000 2.700000 2.500000
v 0.000000 2.700000 2.599999
v -0.020000 4.900000 2.500000
v 0.000000 4.900000 2.599999
v -0.020000 7.200000 2.500000
v 0.000000 7.200000 2.599999
v 0.000000 4.933333 5.179998
v 0.000000 7.200000 5.179998
v 0.150000 0.400000 2.500000
v 0.150000 2.700000 2.500000
v 0.150000 4.900000 2.500000
v 0.150000 7.200000 2.500000
v 0.000000 0.300000 2.599999
v 0.000000 0.300000 2.500000
v 0.000000 0.100000 2.599999
v 0.000000 0.100000 2.500000
v 0.000000 7.499998 2.500000
v 0.000000 7.499998 2.599999
v 0.000000 7.300002 2.500000
v 0.000000 7.300002 2.599999
v -0.020000 0.400000 2.599999
v -0.020000 0.400000 5.080000
v -0.020000 0.400000 5.179998
v -0.020000 2.700000 2.599999
v 0.100000 2.666667 5.080000
v -0.020000 4.900000 2.599999
v -0.020000 4.933333 5.179998
v -0.020000 7.200000 2.599999
v -0.020000 7.200000 5.080000
v -0.020000 7.200000 5.179998
v -0.020000 2.666667 5.179998
v -0.020000 4.933333 5.080000
v 0.100000 7.200000 5.080000
v -0.020000 2.666667 5.080000
v 0.000000 2.666667 5.179998
v 0.100000 4.933333 5.080000
v -0.020000 0.300000 2.599999
v -0.020000 0.300000 2.500000
v -0.020000 0.100000 2.599999
v -0.020000 0.100000 2.500000
v -0.020000 7.499998 2.500000
v -0.020000 7.499998 2.599999
v -0.020000 7.300002 2.500000
v -0.020000 7.300002 2.599999
v 0.200000 0.000000 5.900001
v 8.500000 0.000000 5.900001
v 0.200000 0.200000 5.600001
v 8.300000 0.200000 5.600001
v 0.200000 7.599998 5.900001
v 8.300000 0.200000 5.900001
v 0.200000 0.200000 5.900001
v -0.020000 7.599999 3.200000
v 0.200000 0.000000 -0.050000
v 0.030000 0.400000 -0.050000
v 0.200000 0.000000 3.200000
v -0.020000 0.400000 3.200000
v 0.030000 0.400000 3.200000
v 0.030000 0.400000 5.899997
v -0.020000 7.200000 3.200000
v 0.030000 7.200000 3.200000
v 0.030000 7.200000 5.899997
v 0.200000 7.599999 3.200000
v 0.030000 7.200000 -0.050000
v 0.200000 7.599999 -0.050000
v -0.020000 7.599999 0.100000
v -0.020000 0.400000 0.100000
v -0.020000 7.200000 0.100000
v 0.200000 0.000000 6.300001
v 0.000000 0.300000 3.200000
v 0.000000 0.100000 6.200006
v 0.000000 0.100000 0.300000
v 0.000000 0.100000 3.200000
v 0.000000 0.300000 0.300000
v 0.000000 0.300000 5.999995
v 0.000000 2.700000 6.200006
v 0.000000 7.499998 6.200006
v 0.000000 4.900000 6.200006
v 0.200000 7.599998 6.300001
v 0.000000 2.700000 5.999995
v 0.000000 4.900000 5.999995
v -0.020000 7.599999 6.300001
v 0.000000 7.300002 5.999995
v 0.030000 4.900000 5.899997
v 0.030000 2.700000 5.899997
v 0.000000 7.499998 0.300000
v 0.000000 7.499998 3.200000
v 0.000000 7.300002 0.300000
v -0.050000 7.599999 -0.050000
v -0.050000 7.200000 -0.050000
v -0.050000 0.400000 -0.050000
v -0.050000 0.000000 -0.050000
v 0.000000 7.300002 3.200000
v -0.020000 0.000000 3.200000
v -0.020000 0.000000 6.300000
v -0.020000 0.400000 5.899997
v -0.020000 7.200000 5.899997
v -0.020000 0.000000 0.100000
v -0.020000 0.300000 3.200000
v -0.020000 0.100000 6.200006
v -0.020000 0.100000 0.300000
v -0.020000 0.100000 3.200000
v -0.020000 0.300000 0.300000
v -0.020000 0.300000 5.999995
v -0.020000 2.700000 6.300001
v -0.020000 4.900000 6.300001
v -0.020000 2.700000 6.200006
v -0.020000 7.499998 6.200006
v -0.020000 4.900000 6.200006
v -0.020000 2.700000 5.999995
v -0.020000 4.900000 5.999995
v -0.020000 7.300002 5.999995
v -0.020000 4.900000 5.899997
v -0.020000 2.700000 5.899997
v -0.020000 7.499998 0.300000
v -0.020000 7.499998 3.200000
v -0.020000 7.300002 0.300000
v -0.020000 7.300002 3.200000
v -0.050000 0.000000 0.100000
v -0.050000 0.400000 0.100000
v -0.050000 7.200000 0.100000
v -0.050000 7.599999 0.100000
v 8.500000 3.800000 5.900001
v 8.499999 0.000000 2.549999
v 8.499999 0.000000 -0.050000
v 8.299999 3.800000 5.900001
v 8.499998 6.700000 4.920000
v 8.500000 7.600000 5.900001
v 8.499998 3.800000 2.549999
v 8.499998 6.700001 0.000000
v 8.499998 5.780000 2.120000
v 8.499998 5.780000 2.800000
v 8.499998 5.780000 0.000000
v 8.499998 6.700001 2.120000
v 8.400000 6.700000 4.920000
v 8.499999 1.000000 5.080000
v 8.499999 1.000000 3.600000
v 8.499998 6.699999 2.800000
v 8.299999 7.400000 5.900001
v 8.499998 3.800000 -0.050000
v 8.499999 2.380000 5.080000
v 8.299999 7.400000 5.600001
v 8.299999 3.800000 5.600001
v 8.499999 2.380000 3.600002
v 8.399999 6.700001 2.120000
v 8.399999 1.000000 5.080000
v 8.399999 1.000000 3.600002
v 8.399999 2.380000 5.080000
v 8.399999 5.780000 2.120000
v 8.499998 5.780000 4.920000
v 8.399999 2.380000 3.600002
v 8.399999 6.700001 0.000000
v 8.399999 5.780000 0.000000
v 8.400000 5.780000 2.800000
v 0.200000 3.800000 6.300001
v 0.200000 7.400000 5.600001
v 0.200000 7.400000 5.900001
v 8.499998 7.600000 2.549999
v 8.499999 7.600000 -0.050000
v 8.400000 5.780000 4.920000
v 8.400000 6.699999 2.800000
v 0.200000 3.800000 5.600001
vt 0.262354 0.500295
vt 0.150250 0.500295
vt 0.151450 0.498372
vt 0.260418 0.498360
vt 0.041107 0.499455
vt 0.041105 0.494207
vt 0.261515 0.494158
vt 0.261516 0.499405
vt 0.040031 0.496530
vt 0.040029 0.491268
vt 0.261048 0.491219
vt 0.261049 0.496481
vt 0.258648 0.492420
vt 0.258649 0.498469
vt 0.149763 0.498482
vt 0.149762 0.492432
vt 0.151449 0.492318
vt 0.260417 0.492305
vt 0.037242 0.490243
vt 0.262611 0.490243
vt 0.147841 0.490486
vt 0.259877 0.490486
vt 0.264975 0.500406
vt 0.039011 0.500406
vt 0.263769 0.500346
vt 0.151664 0.500346
vt 0.152864 0.498423
vt 0.261833 0.498410
vt 0.041815 0.499566
vt 0.041813 0.494318
vt 0.262228 0.494268
vt 0.262229 0.499516
vt 0.040031 0.497152
vt 0.040029 0.491890
vt 0.261047 0.491841
vt 0.261048 0.497103
vt 0.261125 0.490960
vt 0.261126 0.497010
vt 0.152239 0.497022
vt 0.152238 0.490973
vt 0.152864 0.492369
vt 0.261832 0.492357
vt 0.037949 0.490354
vt 0.263319 0.490354
vt 0.150317 0.489026
vt 0.262354 0.489026
vt 0.264974 0.501028
vt 0.039011 0.501028
vt 0.473183 0.515924
vt 0.473183 0.503740
vt 0.601520 0.503741
vt 0.601520 0.515925
vt 0.473183 0.495618
vt 0.601520 0.495618
vt 0.473183 0.483433
vt 0.601520 0.483433
vt 0.460999 0.503741
vt 0.460999 0.495618
vt 0.613705 0.503740
vt 0.613705 0.495618
vt 0.271537 0.490110
vt 0.271537 0.483143
vt 0.450365 0.483143
vt 0.450365 0.490110
vt 0.457331 0.490110
vt 0.457331 0.509618
vt 0.450365 0.509618
vt 0.271537 0.516586
vt 0.271537 0.509619
vt 0.450365 0.516586
vt 0.450136 0.509484
vt 0.457103 0.509484
vt 0.457103 0.489976
vt 0.450136 0.489976
vt 0.271309 0.509627
vt 0.271309 0.490119
vt 0.450135 0.490119
vt 0.450135 0.509627
vt 0.450136 0.483009
vt 0.271309 0.483009
vt 0.271309 0.489976
vt 0.271309 0.490245
vt 0.271309 0.483278
vt 0.450135 0.483278
vt 0.450135 0.490245
vt 0.450136 0.516452
vt 0.271309 0.509485
vt 0.271309 0.516452
vt 0.271309 0.516720
vt 0.271309 0.509753
vt 0.450135 0.509753
vt 0.450135 0.516721
vt 0.836159 0.243570
vt 0.836159 0.251621
vt 0.717005 0.251621
vt 0.717005 0.243570
vt 0.717009 0.531791
vt 0.717009 0.523740
vt 0.836160 0.523740
vt 0.836160 0.531791
vt 0.836160 0.066450
vt 0.836160 0.074501
vt 0.717006 0.074500
vt 0.717006 0.066449
vt 0.717007 0.354673
vt 0.717007 0.346622
vt 0.836159 0.346622
vt 0.836159 0.354672
vt 0.836160 0.420690
vt 0.836160 0.428740
vt 0.717007 0.428741
vt 0.717007 0.420690
vt 0.916668 0.387681
vt 0.836159 0.177553
vt 0.916669 0.025391
vt 0.916668 0.210562
vt 0.712820 0.020717
vt 0.712820 0.197835
vt 0.696719 0.197835
vt 0.696719 0.020717
vt 0.717005 0.177552
vt 0.717005 0.169502
vt 0.836159 0.169502
vt 0.916668 0.572849
vt 0.696736 0.378676
vt 0.696736 0.201557
vt 0.712837 0.201557
vt 0.712838 0.378676
vt 0.717007 0.025389
vt 0.717009 0.572850
vt 0.982552 0.017013
vt 0.998654 0.000911
vt 0.998663 0.596662
vt 0.982560 0.580560
vt 0.708825 0.000912
vt 0.708825 0.017013
vt 0.977123 0.572507
vt 0.919158 0.572507
vt 0.919156 0.025047
vt 0.977123 0.025047
vt 0.708827 0.596661
vt 0.708827 0.580559
vt 0.359636 0.483395
vt 0.359636 0.484573
vt 0.347863 0.484573
vt 0.347863 0.483395
vt 0.359639 0.490450
vt 0.347867 0.490450
vt 0.457056 0.489748
vt 0.328762 0.489749
vt 0.328762 0.482956
vt 0.457056 0.482956
vt 0.457056 0.495377
vt 0.328762 0.495377
vt 0.457074 0.497737
vt 0.326161 0.497737
vt 0.326161 0.492046
vt 0.457074 0.492045
vt 0.331480 0.500000
vt 0.331499 0.497809
vt 0.457074 0.497809
vt 0.457055 0.500000
vt 0.326140 0.500044
vt 0.326160 0.497759
vt 0.331499 0.492101
vt 0.331499 0.482397
vt 0.457074 0.482398
vt 0.457074 0.492101
vt 0.328762 0.482925
vt 0.457056 0.482925
vt 0.328742 0.497647
vt 0.457037 0.497647
vt 0.328762 0.489786
vt 0.457056 0.489786
vt 0.359636 0.490459
vt 0.347863 0.490459
vt 0.326161 0.482369
vt 0.326160 0.492067
vt 0.347863 0.491636
vt 0.359636 0.491636
vt 0.328742 0.497685
vt 0.457037 0.497685
vt 0.304922 0.482264
vt 0.304949 0.484919
vt 0.457095 0.484920
vt 0.457068 0.482265
vt 0.457274 0.490692
vt 0.301325 0.490692
vt 0.290569 0.485315
vt 0.457274 0.485314
vt 0.456999 0.490720
vt 0.456970 0.487982
vt 0.300027 0.487982
vt 0.300057 0.490721
vt 0.457056 0.482823
vt 0.457056 0.485589
vt 0.329809 0.485589
vt 0.329810 0.482823
vt 0.308045 0.997893
vt 0.467452 0.918994
vt 0.541520 0.918994
vt 0.613978 0.997893
vt 0.456870 0.488019
vt 0.455693 0.488019
vt 0.455693 0.499792
vt 0.456870 0.499792
vt 0.456717 0.490429
vt 0.456689 0.487762
vt 0.303886 0.487763
vt 0.303914 0.490429
vt 0.451524 0.482858
vt 0.451524 0.485624
vt 0.324276 0.485624
vt 0.324276 0.482858
vt 0.443918 0.482133
vt 0.443918 0.505677
vt 0.005114 0.013702
vt 0.002699 0.013702
vt 0.002699 0.001626
vt 0.022826 0.001626
vt 0.281814 0.482399
vt 0.281708 0.486745
vt 0.289857 0.486943
vt 0.289897 0.485313
vt 0.290569 0.487068
vt 0.281805 0.487067
vt 0.457056 0.491122
vt 0.324277 0.491122
vt 0.457125 0.485718
vt 0.334114 0.485718
vt 0.334114 0.482922
vt 0.310166 0.491629
vt 0.310183 0.489525
vt 0.430768 0.489524
vt 0.430750 0.491628
vt 0.310183 0.484044
vt 0.430768 0.484044
vt 0.457056 0.491157
vt 0.324276 0.491156
vt 0.457125 0.491309
vt 0.334114 0.491309
vt 0.301296 0.493414
vt 0.457245 0.493413
vt 0.310006 0.491848
vt 0.310030 0.489418
vt 0.449267 0.489418
vt 0.449243 0.491848
vt 0.467708 0.704033
vt 0.467708 0.695983
vt 0.541776 0.695983
vt 0.541776 0.704033
vt 0.293348 0.482471
vt 0.456690 0.482470
vt 0.456690 0.487739
vt 0.303885 0.487739
vt 0.334096 0.493456
vt 0.457107 0.493456
vt 0.022828 0.480651
vt 0.005116 0.512854
vt 0.022828 0.512854
vt 0.442153 0.482133
vt 0.442153 0.505677
vt 0.433323 0.482133
vt 0.433323 0.505677
vt 0.456970 0.482749
vt 0.294796 0.482750
vt 0.441756 0.747502
vt 0.449807 0.747502
vt 0.449807 0.918180
vt 0.441756 0.918180
vt 0.022825 0.263278
vt 0.005114 0.263278
vt 0.310383 0.490354
vt 0.457095 0.490354
vt 0.193722 0.931876
vt 0.193723 0.812723
vt 0.308045 0.728189
vt 0.613977 0.728188
vt 0.467450 0.693570
vt 0.541519 0.693569
vt 0.691047 0.210948
vt 0.691047 0.480652
vt 0.082194 0.945267
vt 0.082194 0.937217
vt 0.193296 0.937217
vt 0.193296 0.945267
vt 0.198921 0.813004
vt 0.206972 0.813004
vt 0.206972 0.932157
vt 0.198921 0.932157
vt 0.456901 0.493426
vt 0.456872 0.490700
vt 0.300670 0.490700
vt 0.300698 0.493426
vt 0.431727 0.918179
vt 0.423676 0.918179
vt 0.423676 0.747502
vt 0.431727 0.747502
vt 0.458847 0.918180
vt 0.450797 0.918180
vt 0.450797 0.747502
vt 0.458847 0.747502
vt 0.997115 0.598932
vt 0.997115 0.996134
vt 0.987544 0.986563
vt 0.987544 0.598932
vt 0.541776 0.695930
vt 0.467708 0.695930
vt 0.068770 0.401462
vt 0.358601 0.433668
vt 0.052667 0.433665
vt 0.052668 0.401462
vt 0.541520 0.748316
vt 0.467451 0.748316
vt 0.457158 0.482231
vt 0.304983 0.484886
vt 0.305011 0.482231
vt 0.324256 0.493439
vt 0.457035 0.493439
vt 0.002112 0.997893
vt 0.082621 0.931876
vt 0.541516 0.522888
vt 0.613977 0.518860
vt 0.467768 0.703912
vt 0.467768 0.695862
vt 0.541836 0.703912
vt 0.997110 0.996284
vt 0.997109 0.599139
vt 0.987539 0.599139
vt 0.987540 0.986714
vt 0.002113 0.728189
vt 0.082621 0.812723
vt 0.973185 0.599139
vt 0.973186 0.986714
vt 0.973187 0.598932
vt 0.973188 0.986563
vt 0.691050 0.210948
vt 0.973243 0.642169
vt 0.987598 0.642174
vt 0.987542 0.814429
vt 0.973187 0.814424
vt 0.456872 0.485313
vt 0.691050 0.001625
vt 0.997112 0.814433
vt 0.997045 0.996256
vt 0.691047 0.001625
vt 0.432716 0.747502
vt 0.440767 0.747502
vt 0.440767 0.918179
vt 0.432716 0.918179
vt 0.002114 0.518867
vt 0.308045 0.518868
vt 0.973125 0.986677
vt 0.216012 0.932157
vt 0.207961 0.932157
vt 0.207961 0.813004
vt 0.216012 0.813004
vt 0.310030 0.484064
vt 0.454622 0.484063
vt 0.997171 0.632608
vt 0.467445 0.522890
vt 0.300024 0.490737
vt 0.300053 0.487999
vt 0.358601 0.377312
vt 0.648431 0.377309
vt 0.648431 0.401462
vt 0.664533 0.401462
vt 0.664533 0.433665
vt 0.467768 0.704018
vt 0.467768 0.695968
vt 0.315521 0.489329
vt 0.454756 0.483974
vt 0.454756 0.489329
vt 0.315497 0.491759
vt 0.454732 0.491758
vt 0.068770 0.377309
vt 0.456999 0.482767
vt 0.457270 0.482404
vt 0.310417 0.490320
vt 0.457131 0.490320
vt 0.310417 0.493037
vt 0.457131 0.493037
vt 0.456868 0.482399
vt 0.457095 0.493070
vt 0.310383 0.493071
vt 0.324255 0.493473
vt 0.457035 0.493474
usemtl Exterior_Mat
s off
f 1661/2142 1662/2143 1663/2144 1664/2145
f 1665/2146 1663/2147 1666/2148 1667/2149
f 1664/2150 1668/2151 1669/2152 1670/2153
f 1670/2154 1669/2155 1667/2156 1666/2157
f 1665/2158 1668/2159 1664/2145 1663/2144
f 1666/2148 1663/2147 1662/2160 1671/2161
f 1670/2154 1666/2157 1671/2162 1672/2163
f 1672/2164 1661/2165 1664/2150 1670/2153
f 1673/2166 1674/2167 1675/2168 1676/2169
f 1677/2170 1675/2171 1678/2172 1679/2173
f 1676/2174 1680/2175 1681/2176 1682/2177
f 1682/2178 1681/2179 1679/2180 1678/2181
f 1677/2182 1680/2183 1676/2169 1675/2168
f 1678/2172 1675/2171 1674/2184 1683/2185
f 1682/2178 1678/2181 1683/2186 1684/2187
f 1684/2188 1673/2189 1676/2174 1682/2177
f 1685/2190 1687/2191 1688/2192 1686/2193
f 1687/2191 1689/2194 1690/2195 1688/2192
f 1689/2194 1691/2196 1692/2197 1690/2195
f 1685/2198 1691/2199 1689/2194 1687/2191
f 1700/2190 1712/2191 1711/2192 1699/2193
f 1704/2190 1716/2191 1715/2192 1703/2193
f 1706/2194 1705/2195 1711/2192 1712/2191
f 1710/2194 1707/2195 1715/2192 1716/2191
f 1709/2194 1708/2195 1713/2192 1714/2191
f 1702/2190 1714/2191 1713/2192 1701/2193
f 1694/2199 1706/2194 1712/2191 1700/2198
f 1693/2197 1705/2195 1706/2194 1694/2196
f 1699/2200 1711/2192 1705/2195 1693/2201
f 1696/2197 1708/2195 1709/2194 1697/2196
f 1701/2200 1713/2192 1708/2195 1696/2201
f 1695/2197 1707/2195 1710/2194 1698/2196
f 1697/2199 1709/2194 1714/2191 1702/2198
f 1698/2199 1710/2194 1716/2191 1704/2198
f 1703/2200 1715/2192 1707/2195 1695/2201
f 1688/2192 1690/2195 1692/2201 1686/2200
f 1727/2202 1731/2203 1723/2204 1720/2205
f 1720/2205 1723/2206 1724/2207 1718/2208
f 1725/2209 1729/2210 1718/2208 1724/2211
f 1729/2210 1727/2202 1720/2205 1718/2208
f 1717/2212 1722/2213 1721/2214 1719/2215
f 1731/2216 1725/2217 1724/2218 1723/2219
f 1719/2215 1721/2220 1732/2221 1728/2222
f 1728/2223 1732/2224 1731/2225 1727/2226
f 1722/2227 1717/2212 1730/2228 1726/2229
f 1726/2230 1730/2231 1729/2232 1725/2233
f 1717/2212 1719/2215 1728/2222 1730/2228
f 1730/2231 1728/2223 1727/2226 1729/2232
f 1721/2228 1722/2222 1726/2215 1732/2212
f 1732/2216 1726/2222 1725/2215 1731/2219
f 1751/2234 1759/2235 1760/2236 1752/2237
f 1747/2238 1755/2239 1756/2240 1748/2241
f 1750/2242 1758/2243 1757/2244 1749/2245
f 1738/2246 1761/2247 1762/2248 1737/2249
f 1745/2250 1753/2251 1754/2252 1746/2253
f 1745/2250 1737/2249 1736/2254
f 1741/2255 1750/2242 1743/2256 1740/2257
f 1779/2258 1777/2259 1780/2260 1782/2261
f 1742/2262 1764/2263 1763/2264 1741/2255
f 1752/2237 1742/2262 1741/2255 1751/2234
f 1746/2253 1738/2246 1737/2249 1745/2250
f 1748/2241 1745/2250 1736/2254 1733/2265
f 1768/2266 1770/2267 1767/2268 1771/2269
f 1749/2245 1744/2270 1743/2256 1750/2242
f 1734/2271 1747/2238 1748/2241 1733/2265
f 1772/2272 1766/2273 1773/2274 1774/2275
f 1751/2234 1741/2255 1740/2257
f 1737/2249 1751/2234 1740/2257 1736/2254
f 1769/2276 1766/2273 1772/2272 1765/2277
f 1735/2278 1775/2279 1776/2280 1739/2281
f 1774/2275 1773/2274 1781/2282 1778/2283
f 1802/2284 1826/2285 1824/2286 1800/2287
f 1805/2284 1829/2285 1827/2286 1803/2287
f 1830/2288 1828/2289 1827/2286 1829/2285
f 1808/2290 1820/2291 1811/2292 1785/2293
f 1817/2294 1813/2295 1818/2291 1820/2290
f 1809/2294 1817/2295 1820/2291 1808/2290
f 1812/2296 1814/2297 1791/2298 1789/2299
f 1790/2300 1812/2301 1810/2302 1788/2303
f 1788/2304 1810/2305 1807/2302 1784/2303
f 1789/2306 1797/2307 1796/2308 1787/2309
f 1820/2290 1818/2291 1822/2310 1811/2311
f 1821/2312 1817/2295 1809/2294 1786/2313
f 1813/2294 1816/2295 1815/2314 1818/2315
f 1826/2285 1825/2316 1823/2317 1824/2286
f 1791/2298 1798/2318 1797/2308 1789/2299
f 1792/2304 1814/2297 1812/2296 1790/2303
f 1818/2315 1815/2314 1819/2292 1822/2293
f 1810/2302 1812/2301 1789/2306 1787/2309
f 1807/2302 1810/2305 1787/2319 1783/2309
f 1793/2312 1813/2295 1817/2294 1821/2313
f 1787/2319 1796/2318 1795/2308 1783/2309
f 1799/2320 1823/2317 1825/2316 1801/2321
f 1804/2320 1828/2289 1830/2288 1806/2321
f 1794/2322 1816/2295 1813/2294 1793/2323
f 1860/2324 1889/2325 1884/2326 1855/2327
f 1903/2328 1902/2329 1853/2330 1845/2331
f 1858/2332 1887/2333 1885/2334 1856/2335
f 1869/2336 1898/2337 1882/2338 1847/2339
f 1908/2340 1935/2341 1912/2342 1913/2343
f 1859/2344 1888/2345 1886/2346 1857/2347
f 1872/2348 1901/2349 1900/2350 1871/2351
f 1844/2352 1881/2353 1899/2354 1870/2355
f 1900/2345 1851/2356 1853/2357 1902/2346
f 1883/2357 1886/2346 1888/2345 1852/2356
f 1883/2358 1904/2359 1877/2360 1839/2361
f 1840/2362 1876/2363 1905/2364 1852/2365
f 1853/2330 1906/2366 1875/2367 1849/2362
f 1898/2337 1896/2368 1897/2369 1882/2338
f 1870/2311 1899/2370 1898/2371 1869/2372
f 1861/2373 1892/2374 1894/2375 1863/2376
f 1892/2374 1890/2377 1891/2378 1894/2375
f 1881/2353 1889/2379 1895/2380 1899/2354
f 1899/2370 1895/2381 1896/2382 1898/2371
f 1871/2344 1900/2345 1902/2346 1873/2347
f 1873/2383 1902/2329 1903/2328 1878/2384
f 1863/2385 1894/2386 1893/2387 1862/2388
f 1935/2389 1945/2390 1920/2391 1912/2392
f 1883/2393 1879/2394 1887/2395 1886/2396
f 1866/2397 1896/2382 1895/2381 1865/2398
f 1835/2399 1867/2400 1864/2401
f 1850/2361 1874/2360 1907/2359 1851/2358
f 1851/2356 1907/2402 1906/2403 1853/2357
f 1907/2402 1874/2404 1875/2405 1906/2403
f 1879/2406 1880/2407 1885/2334 1887/2333
f 1918/2408 1938/2409 1934/2410 1916/2411
f 1841/2412 1879/2413 1883/2358 1839/2361
f 1884/2326 1889/2325 1881/2414 1842/2415
f 1852/2356 1905/2402 1904/2403 1883/2357
f 1877/2405 1904/2403 1905/2402 1876/2404
f 1838/2394 1851/2393 1900/2350 1901/2349
f 1908/2340 1926/2416 1929/2417 1914/2418
f 1943/2419 1914/2418 1916/2420 1919/2421
f 1841/2412 1909/2422 1832/2423 1831/2399
f 1921/2424 1931/2425 1933/2426 1926/2427
f 1922/2428 1932/2429 1931/2430 1921/2431
f 1855/2432 1884/2433 1888/2434 1859/2435
f 1912/2436 1920/2437 1946/2438 1923/2439
f 1919/2440 1930/2441 1937/2442 1915/2443
f 1831/2399 1880/2400 1879/2413 1841/2412
f 1831/2444 1832/2445 1836/2446 1837/2447
f 1923/2448 1946/2392 1939/2389 1917/2449
f 1837/2450 1940/2451 1854/2452 1831/2453
f 1923/2454 1917/2455 1914/2418 1943/2419
f 1878/2456 1903/2326 1897/2457 1868/2458
f 1868/2459 1897/2369 1896/2368 1866/2460
f 1838/2413 1848/2412 1850/2361 1851/2358
f 1926/2416 1908/2340 1832/2461 1921/2462
f 1943/2419 1919/2421 1915/2463 1944/2464
f 1916/2465 1934/2466 1930/2448 1919/2467
f 1917/2455 1935/2341 1908/2340 1914/2418
f 1913/2468 1835/2469 1942/2470 1924/2471
f 1921/2462 1832/2461 1909/2472 1922/2473
f 1924/2471 1942/2470 1941/2474 1927/2475
f 1833/2476 1837/2447 1836/2446 1834/2477
f 1835/2399 1913/2423 1943/2478 1848/2412
f 1834/2479 1836/2480 1911/2481 1928/2482
f 1888/2434 1884/2433 1842/2483 1852/2365
f 1848/2412 1943/2478 1944/2484 1850/2361
f 1929/2417 1922/2473 1909/2472 1914/2418
f 1911/2481 1908/2485 1913/2486 1924/2471
f 1839/2361 1910/2487 1909/2422 1841/2412
f 1917/2488 1939/2489 1945/2490 1935/2491
f 1914/2418 1909/2472 1910/2492 1925/2493
f 1928/2482 1911/2481 1924/2471 1927/2494
f 1926/2495 1933/2496 1936/2497 1929/2498
f 1894/2386 1891/2499 1867/2500 1893/2387
f 1836/2480 1832/2501 1908/2485 1911/2481
f 1916/2420 1914/2418 1925/2493 1918/2502
f 1862/2503 1893/2504 1901/2333 1872/2332
f 1848/2412 1838/2413 1867/2400 1835/2399
f 1943/2419 1913/2343 1912/2342 1923/2454
f 1940/2451 1947/2505 1941/2506 1942/2507
f 1940/2451 1942/2507 1835/2508 1864/2509
f 1937/2392 1938/2510 1918/2511 1915/2391
f 1915/2463 1918/2502 1925/2493 1944/2464
f 1854/2401 1880/2400 1831/2399
f 1885/2512 1880/2377 1890/2513 1892/2514
f 1856/2515 1885/2512 1892/2514 1861/2516
f 1837/2450 1833/2517 1947/2505 1940/2451
f 1857/2351 1886/2396 1887/2395 1858/2348
f 1893/2504 1867/2407 1838/2518 1901/2333
f 1853/2330 1849/2362 1846/2519 1845/2331
f 1882/2520 1897/2457 1903/2326 1845/2521
f 1847/2522 1882/2520 1845/2521 1846/2523
f 1842/2483 1843/2524 1840/2362 1852/2365
f 1843/2525 1842/2415 1881/2414 1844/2526
f 1865/2527 1895/2380 1889/2379 1860/2528
o Exterior_Roof
v 0.200000 0.200000 5.600001
v 8.300000 0.200000 5.600001
v 8.300000 7.400000 5.600001
v 0.200000 7.400000 5.600001
v 4.250000 0.200000 5.600001
v 4.250000 7.400000 5.600001
v 0.200000 3.800000 5.600001
v 8.300000 3.800000 5.600001
v 4.250000 3.800000 5.600001
vt 0.617626 0.989806
vt 0.617626 0.756471
vt 0.825036 0.756471
vt 0.825036 0.989806
usemtl Exterior_Mat
s off
f 1956/2529 1955/2530 1950/2531 1953/2532
f 1954/2529 1956/2530 1953/2531 1951/2532
f 1952/2529 1949/2530 1955/2531 1956/2532
f 1948/2529 1952/2530 1956/2531 1954/2532
o DoorGlass
v 1.174975 3.449991 0.920004
v 1.174985 3.449990 0.210004
v 1.174985 4.149991 0.210002
v 1.174975 4.149991 0.920002
v 1.164975 3.449991 0.920003
v 1.164975 4.149991 0.920002
v 1.164985 4.149991 0.210002
v 1.164985 3.449990 0.210003
v 1.174975 3.449991 1.910007
v 1.174975 4.149992 1.910004
v 1.174985 4.149991 1.020002
v 1.174985 3.449991 1.020005
v 1.164975 4.149992 1.910004
v 1.164975 3.449991 1.910006
v 1.164985 3.449991 1.020004
v 1.164985 4.149991 1.020002
v 1.164985 3.799991 1.020003
v 1.164975 3.799991 1.910005
v 1.164980 3.449991 1.465005
v 1.164980 4.149992 1.465003
v 1.164980 3.799991 1.465004
v 1.164975 3.799991 0.920002
v 1.164985 3.799990 0.210003
v 1.164980 3.449990 0.565003
v 1.164980 4.149991 0.565002
v 1.164980 3.799991 0.565003
v 1.174985 3.799990 0.210003
v 1.174975 3.799991 0.920003
v 1.174980 4.149991 0.565002
v 1.174980 3.449990 0.565004
v 1.174980 3.799991 0.565003
v 1.174985 3.799991 1.020004
v 1.174975 3.799991 1.910005
v 1.174980 4.149992 1.465003
v 1.174980 3.449991 1.465006
v 1.174980 3.799991 1.465004
vt 0.967156 0.994845
vt 0.813008 0.994845
vt 0.813008 0.842869
vt 0.967155 0.842869
vt 0.966478 0.995686
vt 0.814502 0.995686
vt 0.814501 0.841539
vt 0.966478 0.841538
vt 0.996039 0.995332
vt 0.802811 0.995266
vt 0.802863 0.843290
vt 0.996090 0.843356
vt 0.996648 0.995222
vt 0.803420 0.995222
vt 0.803420 0.843246
vt 0.996648 0.843246
vt 0.997062 0.995615
vt 0.803834 0.995615
vt 0.803834 0.843639
vt 0.997062 0.843639
vt 0.995738 0.995222
vt 0.802510 0.995223
vt 0.802510 0.843246
vt 0.995738 0.843246
vt 0.996322 0.995222
vt 0.803094 0.995222
vt 0.803094 0.843246
vt 0.996322 0.843246
vt 0.955534 0.996089
vt 0.803558 0.996089
vt 0.803558 0.841941
vt 0.955535 0.841941
vt 0.977096 0.996433
vt 0.825120 0.996433
vt 0.825119 0.842286
vt 0.977096 0.842285
vt 0.974786 0.997085
vt 0.822810 0.997085
vt 0.822810 0.842938
vt 0.974786 0.842938
vt 0.963328 0.995341
vt 0.809180 0.995342
vt 0.809180 0.843365
vt 0.963327 0.843365
vt 0.980265 0.995169
vt 0.826117 0.995169
vt 0.826116 0.843193
vt 0.980264 0.843193
vt 0.985492 0.995332
vt 0.831344 0.995332
vt 0.831343 0.843356
vt 0.985491 0.843356
vt 0.995688 0.995332
vt 0.802461 0.995332
vt 0.802460 0.843356
vt 0.995688 0.843356
vt 0.996039 0.994356
vt 0.802812 0.994356
vt 0.802811 0.842380
vt 0.996038 0.842379
vt 0.996384 0.995103
vt 0.803157 0.995103
vt 0.803156 0.843127
vt 0.996383 0.843126
usemtl DoorGlass_Mat
s off
f 1987/2533 1983/2534 1959/2535 1985/2536
f 1982/2537 1981/2538 1963/2539 1979/2540
f 1992/2541 1988/2542 1967/2543 1990/2544
f 1977/2545 1973/2546 1971/2547 1975/2548
f 1976/2549 1972/2550 1973/2551 1977/2552
f 1974/2553 1977/2554 1975/2555 1970/2556
f 1969/2557 1976/2558 1977/2559 1974/2560
f 1980/2561 1982/2562 1979/2563 1964/2564
f 1978/2565 1962/2566 1981/2567 1982/2568
f 1961/2569 1978/2570 1982/2571 1980/2572
f 1986/2573 1958/2574 1983/2575 1987/2576
f 1984/2577 1987/2578 1985/2579 1960/2580
f 1957/2581 1986/2582 1987/2583 1984/2584
f 1991/2585 1968/2586 1988/2587 1992/2588
f 1989/2589 1992/2590 1990/2591 1966/2592
f 1965/2593 1991/2594 1992/2595 1989/2596
o GlassPanes
v 0.137566 1.504999 3.785000
v 0.137566 0.994999 3.785000
v 0.137566 0.994999 4.995000
v 0.137566 1.504999 4.995000
v 0.129132 0.994999 3.785000
v 0.129132 1.504999 3.785000
v 0.129132 1.504999 4.995000
v 0.129132 0.994999 4.995000
v 0.137566 2.205000 3.785000
v 0.137566 1.695000 3.785000
v 0.137566 1.695000 4.995000
v 0.137566 2.205000 4.995000
v 0.129132 1.695000 3.785000
v 0.129132 2.205000 3.785000
v 0.129132 2.205000 4.995000
v 0.129132 1.695000 4.995000
v 0.137566 3.705000 3.785000
v 0.137566 3.195001 3.785000
v 0.137566 3.195001 4.995000
v 0.137566 3.705000 4.995000
v 0.129132 3.195001 3.785000
v 0.129132 3.705000 3.785000
v 0.129132 3.705000 4.995000
v 0.129132 3.195001 4.995000
v 0.137566 4.405000 3.785000
v 0.137566 3.895000 3.785000
v 0.137566 3.895000 4.995000
v 0.137566 4.405000 4.995000
v 0.129132 3.895000 3.785000
v 0.129132 4.405000 3.785000
v 0.129132 4.405000 4.995000
v 0.129132 3.895000 4.995000
v 0.137566 5.905001 3.785000
v 0.137566 5.395001 3.785000
v 0.137566 5.395001 4.995000
v 0.137566 5.905001 4.995000
v 0.129132 5.395001 3.785000
v 0.129132 5.905001 3.785000
v 0.129132 5.905001 4.995000
v 0.129132 5.395001 4.995000
v 0.137566 6.605000 3.785000
v 0.137566 6.095000 3.785000
v 0.137566 6.095000 4.995000
v 0.137566 6.605000 4.995000
v 0.129132 6.095000 3.785000
v 0.129132 6.605000 3.785000
v 0.129132 6.605000 4.995000
v 0.129132 6.095000 4.995000
v 8.370865 1.595000 3.785000
v 8.370865 1.085000 3.785000
v 8.370865 1.085000 4.995000
v 8.370865 1.595000 4.995000
v 8.362432 1.085000 3.785000
v 8.362431 1.595000 3.785000
v 8.362431 1.595000 4.995000
v 8.362432 1.085000 4.995000
v 8.370865 2.295000 3.785000
v 8.370865 1.785000 3.785000
v 8.370865 1.785000 4.995000
v 8.370865 2.295000 4.995000
v 8.362432 1.785000 3.785000
v 8.362431 2.295000 3.785000
v 8.362431 2.295000 4.995000
v 8.362432 1.785000 4.995000
v 0.155000 5.020000 0.520000
v 0.155000 6.980000 0.520000
v 0.155000 6.980000 2.180000
v 0.155000 5.020000 2.180000
v 0.145000 5.020000 2.180000
v 0.145000 6.980000 2.180000
v 0.145000 6.980000 0.520000
v 0.145000 5.020000 0.520000
v 0.320000 4.845000 2.180000
v 0.880000 4.845000 0.520000
v 0.880000 4.845000 2.180000
v 0.320000 4.845000 0.520000
v 0.320000 4.855000 0.520000
v 0.880000 4.855000 2.180000
v 0.880000 4.855000 0.520000
v 0.320000 4.855000 2.180000
v 0.880000 2.745000 2.180000
v 0.320000 2.745000 2.180000
v 0.880000 2.745000 0.520000
v 0.320000 2.745000 0.520000
v 0.320000 2.755000 0.520000
v 0.880000 2.755000 0.520000
v 0.320000 2.755000 2.180000
v 0.880000 2.755000 2.180000
v 0.145000 2.580000 0.520000
v 0.145000 2.580000 2.180000
v 0.145000 0.620000 2.180000
v 0.145000 0.620000 0.520000
v 0.155000 2.580000 0.520000
v 0.155000 0.620000 0.520000
v 0.155000 2.580000 2.180000
v 0.155000 0.620000 2.180000
vt 0.539499 0.525649
vt 0.539499 0.690771
vt 0.469902 0.690771
vt 0.469902 0.525649
vt 0.969914 0.827289
vt 0.969915 0.995837
vt 0.827165 0.995837
vt 0.827164 0.827289
vt 0.969563 0.630915
vt 0.969563 0.823876
vt 0.904468 0.823876
vt 0.904468 0.630915
usemtl GlassPanes_Mat
s off
f 1993/2597 1996/2598 1995/2599 1994/2600
f 1997/2597 2000/2598 1999/2599 1998/2600
f 2001/2597 2004/2598 2003/2599 2002/2600
f 2005/2597 2008/2598 2007/2599 2006/2600
f 2009/2597 2012/2598 2011/2599 2010/2600
f 2013/2597 2016/2598 2015/2599 2014/2600
f 2017/2597 2020/2598 2019/2599 2018/2600
f 2021/2597 2024/2598 2023/2599 2022/2600
f 2025/2597 2028/2598 2027/2599 2026/2600
f 2029/2597 2032/2598 2031/2599 2030/2600
f 2033/2597 2036/2598 2035/2599 2034/2600
f 2037/2597 2040/2598 2039/2599 2038/2600
f 2041/2597 2044/2598 2043/2599 2042/2600
f 2045/2597 2048/2598 2047/2599 2046/2600
f 2049/2597 2052/2598 2051/2599 2050/2600
f 2053/2597 2056/2598 2055/2599 2054/2600
f 2057/2601 2058/2602 2059/2603 2060/2604
f 2064/2604 2061/2601 2062/2602 2063/2603
f 2077/2605 2079/2606 2080/2607 2078/2608
f 2068/2608 2066/2605 2067/2606 2065/2607
f 2076/2608 2075/2605 2073/2606 2074/2607
f 2071/2608 2069/2605 2072/2606 2070/2607
f 2084/2604 2083/2601 2082/2602 2081/2603
f 2086/2601 2085/2602 2087/2603 2088/2604
o Storey01_Doors
v 7.580001 2.580003 0.960001
v 7.720001 2.580003 0.960001
v 7.720001 2.570003 0.960001
v 7.580001 2.570003 0.960001
v 7.720001 2.570003 0.980002
v 7.580001 2.570003 0.980002
v 7.720001 2.580003 0.980002
v 7.580001 2.580003 0.980002
v 7.720001 2.679997 0.980002
v 7.720001 2.679997 0.960005
v 7.720001 2.689997 0.960005
v 7.720001 2.689997 0.980002
v 7.580001 2.689997 0.960005
v 7.580001 2.689997 0.980002
v 7.580001 2.679997 0.980002
v 7.580001 2.679997 0.960005
v 7.672001 2.607003 1.038002
v 7.728001 2.607003 1.038002
v 7.730001 2.610003 1.040003
v 7.670001 2.610003 1.040003
v 7.670001 2.649997 1.040003
v 7.730001 2.649997 1.040003
v 7.728001 2.652997 1.038002
v 7.672001 2.652997 1.038002
v 7.672001 2.607003 0.862001
v 7.670001 2.610003 0.860000
v 7.672001 2.652997 0.862004
v 7.670001 2.649997 0.860004
v 7.730001 2.649997 0.860004
v 7.728001 2.652997 0.862004
v 7.728001 2.607003 0.862001
v 7.730001 2.610003 0.860000
v 7.694001 2.580003 0.976002
v 7.706000 2.580003 0.976002
v 7.706000 2.607003 0.976002
v 7.694001 2.607003 0.976002
v 7.706000 2.580003 0.964002
v 7.706000 2.607003 0.964002
v 7.694001 2.679997 0.964002
v 7.706000 2.679997 0.964002
v 7.706000 2.652997 0.964002
v 7.694001 2.652997 0.964002
v 7.694001 2.607003 0.964002
v 7.694001 2.580003 0.964002
v 7.694001 2.652997 0.976002
v 7.706000 2.652997 0.976002
v 7.706000 2.679997 0.976002
v 7.694001 2.679997 0.976002
v 7.750000 2.609992 2.110002
v 6.849999 2.609992 2.110002
v 6.850000 2.610013 0.010000
v 7.750001 2.610012 0.010000
v 7.750000 2.649987 2.110006
v 7.750001 2.650006 0.010005
v 6.850000 2.650006 0.010000
v 6.849999 2.649987 2.110002
v 8.320004 5.960005 0.960001
v 8.320004 5.820004 0.960001
v 8.310003 5.820004 0.960001
v 8.310003 5.960005 0.960001
v 8.310003 5.820004 0.980002
v 8.310003 5.960005 0.980002
v 8.320004 5.820004 0.980002
v 8.320004 5.960005 0.980002
v 8.419997 5.820004 0.980002
v 8.419997 5.820004 0.960005
v 8.429997 5.820004 0.960005
v 8.429997 5.820004 0.980002
v 8.429997 5.960005 0.960005
v 8.429997 5.960005 0.980002
v 8.419997 5.960005 0.980002
v 8.419997 5.960005 0.960005
v 8.347003 5.868005 1.038002
v 8.347003 5.812005 1.038002
v 8.350003 5.810004 1.040003
v 8.350003 5.870005 1.040003
v 8.389997 5.870005 1.040003
v 8.389997 5.810004 1.040003
v 8.392997 5.812005 1.038002
v 8.392997 5.868005 1.038002
v 8.347003 5.868005 0.862001
v 8.350003 5.870005 0.860000
v 8.392997 5.868005 0.862004
v 8.389997 5.870005 0.860004
v 8.389997 5.810004 0.860004
v 8.392997 5.812005 0.862004
v 8.347003 5.812005 0.862001
v 8.350003 5.810004 0.860000
v 8.320004 5.846004 0.976002
v 8.320004 5.834005 0.976002
v 8.347003 5.834005 0.976002
v 8.347003 5.846004 0.976002
v 8.320004 5.834005 0.964002
v 8.347003 5.834005 0.964002
v 8.419997 5.846004 0.964002
v 8.419997 5.834005 0.964002
v 8.392997 5.834005 0.964002
v 8.392997 5.846004 0.964002
v 8.347003 5.846004 0.964002
v 8.320004 5.846004 0.964002
v 8.392997 5.846004 0.976002
v 8.392997 5.834005 0.976002
v 8.419997 5.834005 0.976002
v 8.419997 5.846004 0.976002
v 8.349992 5.790006 2.110002
v 8.349993 6.690006 2.110002
v 8.350014 6.690005 0.010000
v 8.350012 5.790005 0.010000
v 8.389987 5.790006 2.110006
v 8.390006 5.790005 0.010005
v 8.390007 6.690005 0.010000
v 8.389988 6.690006 2.110002
v 6.219982 5.960003 0.960001
v 6.219982 5.820003 0.960001
v 6.209982 5.820003 0.960001
v 6.209982 5.960003 0.960001
v 6.209982 5.820003 0.980002
v 6.209982 5.960003 0.980002
v 6.219982 5.820003 0.980002
v 6.219982 5.960003 0.980002
v 6.319977 5.820003 0.980002
v 6.319977 5.820003 0.960005
v 6.329977 5.820003 0.960005
v 6.329977 5.820003 0.980002
v 6.329977 5.960003 0.960005
v 6.329977 5.960003 0.980002
v 6.319977 5.960003 0.980002
v 6.319977 5.960003 0.960005
v 6.246983 5.868003 1.038002
v 6.246983 5.812003 1.038002
v 6.249983 5.810002 1.040003
v 6.249983 5.870003 1.040003
v 6.289976 5.870003 1.040003
v 6.289976 5.810002 1.040003
v 6.292976 5.812003 1.038002
v 6.292976 5.868003 1.038002
v 6.246983 5.868003 0.862001
v 6.249983 5.870003 0.860000
v 6.292976 5.868003 0.862004
v 6.289976 5.870003 0.860004
v 6.289976 5.810002 0.860004
v 6.292976 5.812003 0.862004
v 6.246983 5.812003 0.862001
v 6.249983 5.810002 0.860000
v 6.219982 5.846003 0.976002
v 6.219982 5.834003 0.976002
v 6.246983 5.834003 0.976002
v 6.246983 5.846003 0.976002
v 6.219982 5.834003 0.964002
v 6.246983 5.834003 0.964002
v 6.319977 5.846003 0.964002
v 6.319977 5.834003 0.964002
v 6.292976 5.834003 0.964002
v 6.292976 5.846003 0.964002
v 6.246983 5.846003 0.964002
v 6.219982 5.846003 0.964002
v 6.292976 5.846003 0.976002
v 6.292976 5.834003 0.976002
v 6.319977 5.834003 0.976002
v 6.319977 5.846003 0.976002
v 6.249971 5.790004 2.110002
v 6.249972 6.690004 2.110002
v 6.249993 6.690003 0.010000
v 6.249991 5.790003 0.010000
v 6.289967 5.790004 2.110006
v 6.289986 5.790003 0.010005
v 6.289986 6.690003 0.010000
v 6.289967 6.690004 2.110002
v 1.154980 3.449991 1.020002
v 1.154980 4.149991 1.020002
v 1.154980 4.149991 0.920002
v 1.154980 3.449991 0.920002
v 1.184980 3.449991 0.920006
v 1.184980 4.149991 0.920002
v 1.184980 4.149991 1.020002
v 1.184980 3.449991 1.020006
v 1.119983 3.519990 0.960001
v 1.119982 3.379990 0.960001
v 1.109982 3.379990 0.960001
v 1.109983 3.519990 0.960001
v 1.109982 3.379990 0.980002
v 1.109983 3.519990 0.980002
v 1.119982 3.379990 0.980002
v 1.119983 3.519990 0.980002
v 1.219977 3.379990 0.980002
v 1.219977 3.379990 0.960005
v 1.229977 3.379990 0.960005
v 1.229977 3.379990 0.980002
v 1.229977 3.519990 0.960005
v 1.229977 3.519990 0.980002
v 1.219977 3.519990 0.980002
v 1.219977 3.519990 0.960005
v 1.146983 3.427990 1.038002
v 1.146983 3.371991 1.038002
v 1.149982 3.369990 1.040003
v 1.149983 3.429990 1.040003
v 1.189977 3.429990 1.040003
v 1.189977 3.369990 1.040003
v 1.192976 3.371991 1.038002
v 1.192977 3.427990 1.038002
v 1.146983 3.427990 0.862001
v 1.149983 3.429990 0.860000
v 1.192977 3.427990 0.862004
v 1.189977 3.429990 0.860004
v 1.189977 3.369990 0.860004
v 1.192976 3.371991 0.862004
v 1.146983 3.371991 0.862001
v 1.149982 3.369990 0.860000
v 1.119983 3.405990 0.976002
v 1.119982 3.393991 0.976002
v 1.146983 3.393991 0.976002
v 1.146983 3.405990 0.976002
v 1.119982 3.393991 0.964002
v 1.146983 3.393991 0.964002
v 1.219977 3.405990 0.964002
v 1.219977 3.393991 0.964002
v 1.192977 3.393991 0.964002
v 1.192977 3.405990 0.964002
v 1.146983 3.405990 0.964002
v 1.119983 3.405990 0.964002
v 1.192977 3.405990 0.976002
v 1.192977 3.393991 0.976002
v 1.219977 3.393991 0.976002
v 1.219977 3.405990 0.976002
v 1.189967 3.349991 2.110005
v 1.189967 4.249991 2.110002
v 1.149972 4.249991 2.110002
v 1.149971 3.349991 2.110002
v 1.149972 4.149991 1.910003
v 1.149972 3.449991 1.910003
v 1.149992 3.349990 0.010000
v 1.189986 3.349990 0.010005
v 1.189967 3.449991 1.910007
v 1.189967 4.149991 1.910003
v 1.189986 4.249990 0.010000
v 1.189986 4.149991 0.210002
v 1.189986 3.449990 0.210006
v 1.149993 4.249990 0.010000
v 1.149993 4.149991 0.210002
v 1.149992 3.449990 0.210002
vt 0.814114 0.724214
vt 0.814114 0.573287
vt 0.824894 0.573288
vt 0.824894 0.724213
vt 0.846459 0.573291
vt 0.846458 0.724213
vt 0.824893 0.562500
vt 0.846461 0.562507
vt 0.857239 0.573288
vt 0.857237 0.724208
vt 0.824653 0.565847
vt 0.846210 0.565846
vt 0.846211 0.576626
vt 0.824654 0.576625
vt 0.846210 0.727553
vt 0.824653 0.727556
vt 0.813872 0.727556
vt 0.813873 0.576625
vt 0.856992 0.576624
vt 0.856992 0.727549
vt 0.806002 0.743052
vt 0.866374 0.743052
vt 0.868531 0.746940
vt 0.803846 0.746940
vt 0.868710 0.746422
vt 0.804025 0.746423
vt 0.806182 0.742535
vt 0.866554 0.742534
vt 0.806002 0.553310
vt 0.802115 0.745210
vt 0.802115 0.551153
vt 0.866555 0.552796
vt 0.870441 0.550640
vt 0.870441 0.744691
vt 0.802295 0.744692
vt 0.802295 0.550640
vt 0.806183 0.552796
vt 0.866374 0.553311
vt 0.870261 0.551153
vt 0.870261 0.745209
vt 0.835550 0.727371
vt 0.813991 0.727371
vt 0.813991 0.576440
vt 0.835549 0.576440
vt 0.821779 0.647130
vt 0.821779 0.634195
vt 0.850886 0.634195
vt 0.850887 0.647130
vt 0.804026 0.548909
vt 0.868710 0.548909
vt 0.821778 0.621258
vt 0.850886 0.621258
vt 0.850886 0.612536
vt 0.850886 0.625472
vt 0.821778 0.625473
vt 0.821778 0.612536
vt 0.846213 0.738334
vt 0.824654 0.738338
vt 0.803846 0.549423
vt 0.868531 0.549423
vt 0.858774 0.732551
vt 0.837211 0.732551
vt 0.837211 0.581620
vt 0.858774 0.581620
vt 0.850887 0.660067
vt 0.821779 0.660067
vt 0.850886 0.608322
vt 0.821778 0.608322
vt 0.821779 0.651345
vt 0.821779 0.638409
vt 0.850886 0.638409
vt 0.850886 0.651345
vt 0.821779 0.664282
vt 0.850886 0.664282
vt 0.846460 0.734994
vt 0.824896 0.734998
vt 0.397847 0.991895
vt 0.007987 0.991895
vt 0.007987 0.082223
vt 0.397847 0.082223
vt 0.397851 0.991896
vt 0.380527 0.991894
vt 0.380527 0.082232
vt 0.397852 0.082234
vt 0.007986 0.974567
vt 0.397847 0.974567
vt 0.362432 0.082221
vt 0.379756 0.082221
vt 0.379755 0.991926
vt 0.362432 0.991926
vt 0.397846 0.973829
vt 0.007984 0.973830
vt 0.007985 0.956504
vt 0.397846 0.956504
vt 0.807924 0.723564
vt 0.807924 0.572636
vt 0.818705 0.572638
vt 0.818704 0.723568
vt 0.840268 0.572639
vt 0.840266 0.723569
vt 0.818706 0.561857
vt 0.840269 0.561857
vt 0.851048 0.572640
vt 0.851047 0.723568
vt 0.825668 0.565198
vt 0.847225 0.565198
vt 0.847226 0.575976
vt 0.825668 0.575978
vt 0.847225 0.726905
vt 0.825667 0.726909
vt 0.814886 0.726908
vt 0.814888 0.575976
vt 0.858007 0.575973
vt 0.858007 0.726898
vt 0.806092 0.742538
vt 0.866464 0.742538
vt 0.868621 0.746426
vt 0.803936 0.746426
vt 0.868257 0.747260
vt 0.803572 0.747260
vt 0.805729 0.743372
vt 0.866101 0.743372
vt 0.806092 0.552796
vt 0.802206 0.744696
vt 0.802206 0.550639
vt 0.866101 0.553633
vt 0.869988 0.551477
vt 0.869988 0.745530
vt 0.801842 0.745529
vt 0.801842 0.551477
vt 0.805730 0.553633
vt 0.866464 0.552796
vt 0.858946 0.727371
vt 0.837388 0.727371
vt 0.837388 0.576440
vt 0.858946 0.576440
vt 0.821779 0.704928
vt 0.821779 0.691992
vt 0.850886 0.691992
vt 0.850886 0.704928
vt 0.803572 0.549746
vt 0.868257 0.549746
vt 0.821778 0.679056
vt 0.850886 0.679055
vt 0.850885 0.661905
vt 0.850885 0.674841
vt 0.821778 0.674841
vt 0.821778 0.661905
vt 0.847227 0.737687
vt 0.825669 0.737691
vt 0.803936 0.548909
vt 0.868621 0.548909
vt 0.835374 0.732551
vt 0.813811 0.732550
vt 0.813811 0.581619
vt 0.835374 0.581619
vt 0.850886 0.717865
vt 0.821779 0.717865
vt 0.850885 0.666120
vt 0.821778 0.666120
vt 0.821778 0.700714
vt 0.821778 0.687778
vt 0.850886 0.687778
vt 0.850886 0.700714
vt 0.821779 0.713651
vt 0.850887 0.713651
vt 0.840265 0.734351
vt 0.818702 0.734350
vt 0.793560 0.991813
vt 0.403700 0.991813
vt 0.403700 0.082141
vt 0.793560 0.082141
vt 0.775500 0.991813
vt 0.758175 0.991811
vt 0.758175 0.082149
vt 0.775500 0.082151
vt 0.403702 0.973750
vt 0.403702 0.956426
vt 0.793563 0.956426
vt 0.793564 0.973750
vt 0.776211 0.082142
vt 0.793536 0.082143
vt 0.793534 0.991848
vt 0.776211 0.991848
vt 0.403696 0.974485
vt 0.793556 0.974485
vt 0.932378 0.044977
vt 0.932379 0.320677
vt 0.892993 0.320677
vt 0.892992 0.044977
vt 0.983579 0.044977
vt 0.983581 0.320677
vt 0.944195 0.320677
vt 0.944194 0.044977
vt 0.881178 0.320677
vt 0.881176 0.044977
vt 0.854981 0.579505
vt 0.854980 0.730259
vt 0.844212 0.730259
vt 0.844212 0.579505
vt 0.822675 0.730259
vt 0.822675 0.579504
vt 0.844212 0.741027
vt 0.822675 0.741027
vt 0.811907 0.730259
vt 0.811907 0.579503
vt 0.845705 0.733256
vt 0.824172 0.733255
vt 0.824172 0.722487
vt 0.845705 0.722488
vt 0.824171 0.571734
vt 0.845703 0.571733
vt 0.856473 0.571731
vt 0.856473 0.722489
vt 0.813404 0.722488
vt 0.813402 0.571734
vt 0.805566 0.743219
vt 0.865868 0.743221
vt 0.868022 0.747104
vt 0.803412 0.747102
vt 0.867325 0.746739
vt 0.802714 0.746738
vt 0.804870 0.742855
vt 0.865171 0.742856
vt 0.805568 0.553697
vt 0.801684 0.745374
vt 0.801686 0.551543
vt 0.865171 0.553338
vt 0.869053 0.551185
vt 0.869053 0.745011
vt 0.800988 0.745009
vt 0.800988 0.551184
vt 0.804871 0.553338
vt 0.865868 0.553697
vt 0.869750 0.551540
vt 0.869750 0.745375
vt 0.838206 0.579248
vt 0.859739 0.579248
vt 0.859741 0.730002
vt 0.838208 0.730002
vt 0.854603 0.645275
vt 0.854604 0.658196
vt 0.825529 0.658196
vt 0.825530 0.645275
vt 0.802716 0.549456
vt 0.867325 0.549456
vt 0.854604 0.671118
vt 0.825529 0.671118
vt 0.854059 0.599383
vt 0.854059 0.612304
vt 0.824986 0.612305
vt 0.824986 0.599384
vt 0.824170 0.560967
vt 0.845703 0.560965
vt 0.803415 0.549815
vt 0.868023 0.549815
vt 0.815201 0.579248
vt 0.836738 0.579248
vt 0.836738 0.730002
vt 0.815201 0.730002
vt 0.825530 0.632354
vt 0.854603 0.632354
vt 0.825529 0.684039
vt 0.854603 0.684039
vt 0.824986 0.638147
vt 0.824986 0.625226
vt 0.854060 0.625226
vt 0.854061 0.638146
vt 0.824986 0.651069
vt 0.854061 0.651068
vt 0.822676 0.568736
vt 0.844213 0.568737
vt 0.991735 0.005866
vt 0.991735 0.360337
vt 0.975983 0.360337
vt 0.975982 0.005866
vt 0.897212 0.320951
vt 0.897211 0.045252
vt 0.991575 0.832956
vt 0.975823 0.832954
vt 0.975824 0.005862
vt 0.991577 0.005864
vt 0.881459 0.045251
vt 0.881460 0.320951
vt 0.802689 0.360337
vt 0.802688 0.005864
vt 0.802192 0.360858
vt 0.802190 0.006387
vt 0.880962 0.045772
vt 0.880964 0.321473
vt 0.936575 0.754187
vt 0.975961 0.832957
vt 0.936571 0.084632
vt 0.896716 0.321473
vt 0.896714 0.045772
vt 0.975486 0.006386
vt 0.975488 0.360858
vt 0.920820 0.084632
vt 0.920819 0.754186
vt 0.991237 0.006386
vt 0.991240 0.360858
vt 0.881434 0.005860
vt 0.881433 0.832958
vt 0.991711 0.832957
vt 0.936437 0.754183
vt 0.936440 0.084630
vt 0.920685 0.754185
vt 0.920685 0.084631
vt 0.881299 0.005860
vt 0.881299 0.832955
usemtl Doors_Mat
s off
f 2089/2609 2090/2610 2091/2611 2092/2612
f 2093/2613 2094/2614 2092/2612 2091/2611
f 2093/2613 2091/2611 2090/2615 2095/2616
f 2094/2614 2093/2613 2095/2617 2096/2618
f 2097/2619 2098/2620 2099/2621 2100/2622
f 2099/2621 2101/2623 2102/2624 2100/2622
f 2103/2625 2097/2626 2100/2622 2102/2624
f 2101/2623 2099/2621 2098/2627 2104/2628
f 2105/2629 2106/2630 2107/2631 2108/2632
f 2109/2633 2110/2634 2111/2635 2112/2636
f 2113/2637 2105/2629 2108/2638 2114/2639
f 2112/2636 2115/2640 2116/2641 2109/2642
f 2110/2643 2117/2644 2118/2645 2111/2635
f 2106/2630 2119/2646 2120/2647 2107/2648
f 2112/2636 2111/2635 2118/2645 2115/2640
f 2103/2649 2104/2650 2098/2651 2097/2652
f 2121/2653 2122/2654 2123/2655 2124/2656
f 2115/2640 2118/2645 2117/2657 2116/2658
f 2122/2654 2125/2659 2126/2660 2123/2655
f 2127/2661 2128/2662 2129/2663 2130/2664
f 2104/2665 2103/2666 2102/2624 2101/2623
f 2113/2637 2119/2646 2106/2630 2105/2629
f 2114/2667 2120/2668 2119/2646 2113/2637
f 2089/2669 2096/2670 2095/2671 2090/2672
f 2124/2656 2131/2673 2132/2674 2121/2653
f 2131/2675 2126/2660 2125/2659 2132/2676
f 2133/2677 2134/2678 2135/2679 2136/2680
f 2134/2678 2129/2663 2128/2662 2135/2679
f 2130/2681 2133/2677 2136/2680 2127/2682
f 2096/2683 2089/2684 2092/2612 2094/2614
f 2137/2685 2138/2686 2139/2687 2140/2688
f 2141/2689 2137/2690 2140/2691 2142/2692
f 2142/2685 2143/2686 2144/2687 2141/2688
f 2139/2686 2143/2693 2142/2694 2140/2685
f 2143/2695 2139/2696 2138/2697 2144/2698
f 2141/2699 2144/2700 2138/2701 2137/2702
f 2145/2703 2146/2704 2147/2705 2148/2706
f 2149/2707 2150/2708 2148/2706 2147/2705
f 2149/2707 2147/2705 2146/2709 2151/2710
f 2150/2708 2149/2707 2151/2711 2152/2712
f 2153/2713 2154/2714 2155/2715 2156/2716
f 2155/2715 2157/2717 2158/2718 2156/2716
f 2159/2719 2153/2720 2156/2716 2158/2718
f 2157/2717 2155/2715 2154/2721 2160/2722
f 2161/2723 2162/2724 2163/2725 2164/2726
f 2165/2727 2166/2728 2167/2729 2168/2730
f 2169/2731 2161/2723 2164/2732 2170/2733
f 2168/2730 2171/2734 2172/2735 2165/2736
f 2166/2737 2173/2738 2174/2739 2167/2729
f 2162/2724 2175/2740 2176/2641 2163/2642
f 2168/2730 2167/2729 2174/2739 2171/2734
f 2159/2741 2160/2742 2154/2743 2153/2744
f 2177/2745 2178/2746 2179/2747 2180/2748
f 2171/2734 2174/2739 2173/2749 2172/2750
f 2178/2746 2181/2751 2182/2752 2179/2747
f 2183/2753 2184/2754 2185/2755 2186/2756
f 2160/2757 2159/2758 2158/2718 2157/2717
f 2169/2731 2175/2740 2162/2724 2161/2723
f 2170/2759 2176/2760 2175/2740 2169/2731
f 2145/2761 2152/2762 2151/2763 2146/2764
f 2180/2748 2187/2765 2188/2766 2177/2745
f 2187/2767 2182/2752 2181/2751 2188/2768
f 2189/2769 2190/2770 2191/2771 2192/2772
f 2190/2770 2185/2755 2184/2754 2191/2771
f 2186/2773 2189/2769 2192/2772 2183/2774
f 2152/2775 2145/2776 2148/2706 2150/2708
f 2193/2777 2194/2778 2195/2779 2196/2780
f 2197/2781 2193/2782 2196/2783 2198/2784
f 2198/2777 2199/2778 2200/2779 2197/2780
f 2195/2785 2199/2786 2198/2787 2196/2788
f 2199/2789 2195/2790 2194/2791 2200/2792
f 2197/2777 2200/2778 2194/2793 2193/2794
f 2201/2609 2202/2610 2203/2611 2204/2612
f 2205/2613 2206/2614 2204/2612 2203/2611
f 2205/2613 2203/2611 2202/2615 2207/2616
f 2206/2614 2205/2613 2207/2617 2208/2618
f 2209/2619 2210/2620 2211/2621 2212/2622
f 2211/2621 2213/2623 2214/2624 2212/2622
f 2215/2625 2209/2626 2212/2622 2214/2624
f 2213/2623 2211/2621 2210/2627 2216/2628
f 2217/2629 2218/2630 2219/2631 2220/2632
f 2221/2633 2222/2634 2223/2635 2224/2636
f 2225/2637 2217/2629 2220/2638 2226/2639
f 2224/2636 2227/2640 2228/2641 2221/2642
f 2222/2643 2229/2644 2230/2645 2223/2635
f 2218/2630 2231/2646 2232/2647 2219/2648
f 2224/2636 2223/2635 2230/2645 2227/2640
f 2215/2649 2216/2650 2210/2651 2209/2652
f 2233/2653 2234/2654 2235/2655 2236/2656
f 2227/2640 2230/2645 2229/2657 2228/2658
f 2234/2654 2237/2659 2238/2660 2235/2655
f 2239/2661 2240/2662 2241/2663 2242/2664
f 2216/2665 2215/2666 2214/2624 2213/2623
f 2225/2637 2231/2646 2218/2630 2217/2629
f 2226/2667 2232/2668 2231/2646 2225/2637
f 2201/2669 2208/2670 2207/2671 2202/2672
f 2236/2656 2243/2673 2244/2674 2233/2653
f 2243/2675 2238/2660 2237/2659 2244/2676
f 2245/2677 2246/2678 2247/2679 2248/2680
f 2246/2678 2241/2663 2240/2662 2247/2679
f 2242/2681 2245/2677 2248/2680 2239/2682
f 2208/2683 2201/2684 2204/2612 2206/2614
f 2249/2685 2250/2686 2251/2687 2252/2688
f 2253/2689 2249/2690 2252/2691 2254/2692
f 2254/2685 2255/2686 2256/2687 2253/2688
f 2251/2686 2255/2693 2254/2694 2252/2685
f 2255/2695 2251/2696 2250/2697 2256/2698
f 2253/2699 2256/2700 2250/2701 2249/2702
f 2257/2795 2258/2796 2259/2797 2260/2798
f 2261/2799 2262/2800 2263/2801 2264/2802
f 2258/2796 2257/2795 2264/2802 2263/2801
f 2260/2798 2259/2797 2262/2803 2261/2804
f 2265/2805 2266/2806 2267/2807 2268/2808
f 2269/2809 2270/2810 2268/2808 2267/2807
f 2269/2809 2267/2807 2266/2811 2271/2812
f 2270/2810 2269/2809 2271/2813 2272/2814
f 2273/2815 2274/2816 2275/2817 2276/2818
f 2275/2817 2277/2819 2278/2820 2276/2818
f 2279/2821 2273/2822 2276/2818 2278/2820
f 2277/2819 2275/2817 2274/2823 2280/2824
f 2281/2825 2282/2826 2283/2827 2284/2828
f 2285/2829 2286/2830 2287/2831 2288/2832
f 2289/2833 2281/2825 2284/2834 2290/2835
f 2288/2832 2291/2836 2292/2837 2285/2838
f 2286/2839 2293/2840 2294/2841 2287/2831
f 2282/2826 2295/2842 2296/2843 2283/2844
f 2288/2832 2287/2831 2294/2841 2291/2836
f 2279/2845 2280/2846 2274/2847 2273/2848
f 2297/2849 2298/2850 2299/2851 2300/2852
f 2291/2836 2294/2841 2293/2853 2292/2854
f 2298/2850 2301/2855 2302/2856 2299/2851
f 2303/2857 2304/2858 2305/2859 2306/2860
f 2280/2861 2279/2862 2278/2820 2277/2819
f 2289/2833 2295/2842 2282/2826 2281/2825
f 2290/2863 2296/2864 2295/2842 2289/2833
f 2265/2865 2272/2866 2271/2867 2266/2868
f 2300/2852 2307/2869 2308/2870 2297/2849
f 2307/2871 2302/2856 2301/2855 2308/2872
f 2309/2873 2310/2874 2311/2875 2312/2876
f 2310/2874 2305/2859 2304/2858 2311/2875
f 2306/2877 2309/2873 2312/2876 2303/2878
f 2272/2879 2265/2880 2268/2808 2270/2810
f 2313/2881 2314/2882 2315/2883 2316/2884
f 2316/2884 2315/2883 2317/2885 2318/2886
f 2313/2887 2316/2888 2319/2889 2320/2890
f 2321/2891 2322/2892 2314/2893 2313/2894
f 2320/2895 2323/2896 2324/2897 2325/2898
f 2317/2899 2315/2900 2326/2884 2327/2901
f 2328/2902 2327/2903 2326/2904 2319/2905
f 2317/2899 2327/2901 2324/2906 2322/2907
f 2326/2904 2323/2908 2320/2909 2319/2905
f 2318/2886 2317/2885 2322/2892 2321/2891
f 2327/2903 2328/2902 2325/2898 2324/2897
f 2324/2906 2323/2910 2314/2911 2322/2907
f 2323/2881 2326/2884 2315/2900 2314/2912
f 2316/2888 2318/2913 2328/2914 2319/2889
f 2328/2914 2318/2913 2321/2915 2325/2916
f 2320/2917 2325/2916 2321/2915 2313/2918
o IronStairs
v 9.499992 6.885619 2.850003
v 9.499992 6.865619 2.850003
v 9.499992 6.865619 3.750002
v 9.499992 6.885619 3.750002
v 9.519993 6.885619 2.850003
v 9.519993 6.885619 3.750002
v 9.519993 6.865619 2.850003
v 9.519993 6.865619 3.750002
v 9.609992 4.635619 0.190000
v 9.609992 4.535619 0.190000
v 9.609992 4.535619 0.150000
v 9.609992 4.635619 0.150000
v 10.589993 4.535619 0.190000
v 10.589993 4.635619 0.190000
v 10.589993 4.635619 0.150000
v 10.589993 4.535619 0.150000
v 10.600000 4.635619 0.150000
v 10.600000 4.535619 0.150000
v 9.600000 4.635619 0.150000
v 9.600000 4.535619 0.150000
v 9.600000 4.535619 0.190000
v 10.600000 4.635619 0.190000
v 10.600000 4.535619 0.190000
v 9.600000 4.635619 0.190000
v 9.609992 4.435617 0.390000
v 9.609992 4.335618 0.390000
v 9.609992 4.335618 0.350000
v 9.609992 4.435617 0.350000
v 10.589993 4.335618 0.390000
v 10.589993 4.435617 0.390000
v 10.589993 4.435617 0.350000
v 10.589993 4.335618 0.350000
v 10.600000 4.435617 0.350000
v 10.600000 4.335618 0.350000
v 9.600000 4.435617 0.350000
v 9.600000 4.335618 0.350000
v 9.600000 4.335618 0.390000
v 10.600000 4.435617 0.390000
v 10.600000 4.335618 0.390000
v 9.600000 4.435617 0.390000
v 9.609992 4.235619 0.590000
v 9.609992 4.135619 0.590000
v 9.609992 4.135619 0.550000
v 9.609992 4.235619 0.550000
v 10.589993 4.135619 0.590000
v 10.589993 4.235619 0.590000
v 10.589993 4.235619 0.550000
v 10.589993 4.135619 0.550000
v 10.600000 4.235619 0.550000
v 10.600000 4.135619 0.550000
v 9.600000 4.235619 0.550000
v 9.600000 4.135619 0.550000
v 9.600000 4.135619 0.590000
v 10.600000 4.235619 0.590000
v 10.600000 4.135619 0.590000
v 9.600000 4.235619 0.590000
v 9.609992 4.035618 0.790000
v 9.609992 3.935618 0.790000
v 9.609992 3.935618 0.750000
v 9.609992 4.035618 0.750000
v 10.589993 3.935618 0.790000
v 10.589993 4.035618 0.790000
v 10.589993 4.035618 0.750000
v 10.589993 3.935618 0.750000
v 10.600000 4.035618 0.750000
v 10.600000 3.935618 0.750000
v 9.600000 4.035618 0.750000
v 9.600000 3.935618 0.750000
v 9.600000 3.935618 0.790000
v 10.600000 4.035618 0.790000
v 10.600000 3.935618 0.790000
v 9.600000 4.035618 0.790000
v 9.609992 3.835619 0.990000
v 9.609992 3.735619 0.990000
v 9.609992 3.735619 0.950000
v 9.609992 3.835619 0.950000
v 10.589993 3.735619 0.990000
v 10.589993 3.835619 0.990000
v 10.589993 3.835619 0.950000
v 10.589993 3.735619 0.950000
v 10.600000 3.835619 0.950000
v 10.600000 3.735619 0.950000
v 9.600000 3.835619 0.950000
v 9.600000 3.735619 0.950000
v 9.600000 3.735619 0.990000
v 10.600000 3.835619 0.990000
v 10.600000 3.735619 0.990000
v 9.600000 3.835619 0.990000
v 9.609992 3.635618 1.190000
v 9.609992 3.535619 1.190000
v 9.609992 3.535619 1.150000
v 9.609992 3.635618 1.150000
v 10.589993 3.535619 1.190000
v 10.589993 3.635618 1.190000
v 10.589993 3.635618 1.150000
v 10.589993 3.535619 1.150000
v 10.600000 3.635618 1.150000
v 10.600000 3.535619 1.150000
v 9.600000 3.635618 1.150000
v 9.600000 3.535619 1.150000
v 9.600000 3.535619 1.190000
v 10.600000 3.635618 1.190000
v 10.600000 3.535619 1.190000
v 9.600000 3.635618 1.190000
v 9.609992 3.435618 1.390000
v 9.609992 3.335618 1.390000
v 9.609992 3.335618 1.350000
v 9.609992 3.435618 1.350000
v 10.589993 3.335618 1.390000
v 10.589993 3.435618 1.390000
v 10.589993 3.435618 1.350000
v 10.589993 3.335618 1.350000
v 10.600000 3.435618 1.350000
v 10.600000 3.335618 1.350000
v 9.600000 3.435618 1.350000
v 9.600000 3.335618 1.350000
v 9.600000 3.335618 1.390000
v 10.600000 3.435618 1.390000
v 10.600000 3.335618 1.390000
v 9.600000 3.435618 1.390000
v 9.609992 3.235619 1.590000
v 9.609992 3.135619 1.590000
v 9.609992 3.135619 1.550000
v 9.609992 3.235619 1.550000
v 10.589993 3.135619 1.590000
v 10.589993 3.235619 1.590000
v 10.589993 3.235619 1.550000
v 10.589993 3.135619 1.550000
v 10.600000 3.235619 1.550000
v 10.600000 3.135619 1.550000
v 9.600000 3.235619 1.550000
v 9.600000 3.135619 1.550000
v 9.600000 3.135619 1.590000
v 10.600000 3.235619 1.590000
v 10.600000 3.135619 1.590000
v 9.600000 3.235619 1.590000
v 9.609992 3.035618 1.790000
v 9.609992 2.935618 1.790000
v 9.609992 2.935618 1.750000
v 9.609992 3.035618 1.750000
v 10.589993 2.935618 1.790000
v 10.589993 3.035618 1.790000
v 10.589993 3.035618 1.750000
v 10.589993 2.935618 1.750000
v 10.600000 3.035618 1.750000
v 10.600000 2.935618 1.750000
v 9.600000 3.035618 1.750000
v 9.600000 2.935618 1.750000
v 9.600000 2.935618 1.790000
v 10.600000 3.035618 1.790000
v 10.600000 2.935618 1.790000
v 9.600000 3.035618 1.790000
v 9.609992 2.835619 1.990000
v 9.609992 2.735619 1.990000
v 9.609992 2.735619 1.950000
v 9.609992 2.835619 1.950000
v 10.589993 2.735619 1.990000
v 10.589993 2.835619 1.990000
v 10.589993 2.835619 1.950000
v 10.589993 2.735619 1.950000
v 10.600000 2.835619 1.950000
v 10.600000 2.735619 1.950000
v 9.600000 2.835619 1.950000
v 9.600000 2.735619 1.950000
v 9.600000 2.735619 1.990000
v 10.600000 2.835619 1.990000
v 10.600000 2.735619 1.990000
v 9.600000 2.835619 1.990000
v 9.609992 2.635619 2.190000
v 9.609992 2.535619 2.190000
v 9.609992 2.535619 2.150000
v 9.609992 2.635619 2.150000
v 10.589993 2.535619 2.190000
v 10.589993 2.635619 2.190000
v 10.589993 2.635619 2.150000
v 10.589993 2.535619 2.150000
v 10.600000 2.635619 2.150000
v 10.600000 2.535619 2.150000
v 9.600000 2.635619 2.150000
v 9.600000 2.535619 2.150000
v 9.600000 2.535619 2.190000
v 10.600000 2.635619 2.190000
v 10.600000 2.535619 2.190000
v 9.600000 2.635619 2.190000
v 9.609992 2.435619 2.390000
v 9.609992 2.335619 2.390000
v 9.609992 2.335619 2.350000
v 9.609992 2.435619 2.350000
v 10.589993 2.335619 2.390000
v 10.589993 2.435619 2.390000
v 10.589993 2.435619 2.350000
v 10.589993 2.335619 2.350000
v 10.600000 2.435619 2.350000
v 10.600000 2.335619 2.350000
v 9.600000 2.435619 2.350000
v 9.600000 2.335619 2.350000
v 9.600000 2.335619 2.390000
v 10.600000 2.435619 2.390000
v 10.600000 2.335619 2.390000
v 9.600000 2.435619 2.390000
v 9.609992 2.235619 2.590000
v 9.609992 2.135619 2.590000
v 9.609992 2.135619 2.550000
v 9.609992 2.235619 2.550000
v 10.589993 2.135619 2.590000
v 10.589993 2.235619 2.590000
v 10.589993 2.235619 2.550000
v 10.589993 2.135619 2.550000
v 10.600000 2.235619 2.550000
v 10.600000 2.135619 2.550000
v 9.600000 2.235619 2.550000
v 9.600000 2.135619 2.550000
v 9.600000 2.135619 2.590000
v 10.600000 2.235619 2.590000
v 10.600000 2.135619 2.590000
v 9.600000 2.235619 2.590000
v 8.539992 0.915618 2.440000
v 8.539992 0.895619 2.440000
v 8.849993 0.895619 2.750002
v 8.849993 0.915618 2.750002
v 8.539992 1.635619 2.440000
v 8.539992 1.635619 2.400000
v 8.889994 1.635619 2.750002
v 8.849993 1.635619 2.750002
v 8.539992 1.655619 2.440000
v 8.849993 1.655619 2.750002
v 8.539992 0.895619 2.400000
v 8.889994 0.895619 2.750002
v 8.539992 1.655619 2.400000
v 8.889994 1.655619 2.750002
v 8.539992 0.915618 2.400000
v 8.889994 0.915618 2.750002
v 8.539992 2.095618 2.500000
v 8.539992 2.095618 2.540000
v 8.749992 2.095618 2.750002
v 8.789992 2.095618 2.750002
v 8.539992 2.075619 2.540000
v 8.539992 2.075619 2.500000
v 8.789992 2.075619 2.750002
v 8.749992 2.075619 2.750002
v 8.539992 3.235619 2.540000
v 8.539992 3.215619 2.540000
v 8.749992 3.215619 2.750002
v 8.749992 3.235619 2.750002
v 8.539992 4.375618 2.540000
v 8.539992 4.355618 2.540000
v 8.749992 4.355618 2.750002
v 8.749992 4.375618 2.750002
v 8.539992 4.355618 2.500000
v 8.789992 4.355618 2.750002
v 8.539992 3.215619 2.500000
v 8.539992 3.235619 2.500000
v 8.789992 3.235619 2.750002
v 8.789992 3.215619 2.750002
v 8.539992 4.375618 2.500000
v 8.789992 4.375618 2.750002
v 8.539992 0.885619 2.750002
v 8.499992 0.885619 2.790001
v 8.499992 0.885619 2.350000
v 8.539992 0.885619 2.350000
v 8.499992 0.925619 2.350000
v 8.539992 0.925619 2.350000
v 8.539992 1.625619 2.750002
v 8.499992 1.625619 2.790001
v 8.499992 1.625619 2.350000
v 8.539992 1.625619 2.350000
v 10.599993 1.625619 2.790001
v 10.599993 1.625619 2.750002
v 8.499992 0.925619 2.790001
v 8.539992 0.925619 2.750002
v 8.539992 1.665619 2.750002
v 8.539992 1.665619 2.350000
v 10.599993 1.665619 2.750002
v 10.599993 0.925619 2.790001
v 10.599993 0.925619 2.750002
v 8.499992 2.105619 2.450000
v 8.539992 2.105619 2.450000
v 8.539992 2.065619 2.450000
v 8.499992 2.065619 2.450000
v 8.499992 1.665619 2.350000
v 8.539992 2.065619 2.750002
v 8.499992 2.065619 2.790001
v 9.499992 2.065619 2.790001
v 9.499992 2.065619 2.750002
v 8.539992 2.105619 2.750002
v 9.499992 2.105619 2.750002
v 8.539992 3.205619 2.750002
v 8.499992 3.205619 2.790001
v 8.499992 3.205619 2.450000
v 8.539992 3.205619 2.450000
v 9.499992 3.205619 2.790001
v 9.499992 3.205619 2.750002
v 8.539992 3.245619 2.750002
v 8.539992 3.245619 2.450000
v 8.539992 4.345619 2.750002
v 8.499992 4.345619 2.790001
v 8.499992 4.345619 2.450000
v 8.539992 4.345619 2.450000
v 9.499992 3.245619 2.750002
v 9.499992 4.345619 2.790001
v 9.499992 4.345619 2.750002
v 8.539992 4.385619 2.750002
v 9.499992 4.385619 2.750002
v 8.539992 4.385619 2.450000
v 8.499992 4.385619 2.790001
v 9.499992 4.385619 2.790001
v 8.499992 4.385619 2.450000
v 8.499992 1.665619 2.790001
v 10.599993 1.665619 2.790001
v 8.499992 2.105619 2.790001
v 9.499992 2.105619 2.790001
v 8.499992 3.245619 2.790001
v 9.499992 3.245619 2.790001
v 8.499992 3.245619 2.450000
v 10.599993 0.885619 2.790001
v 10.599993 0.885619 2.750002
v 9.609992 1.855619 3.750001
v 9.569992 1.895619 3.750001
v 9.569992 2.085619 3.750001
v 9.609992 2.085619 3.750001
v 9.529992 6.895618 3.750000
v 9.489992 6.855618 3.750000
v 8.499992 6.855618 3.750000
v 8.499992 6.895618 3.750000
v 10.589993 0.695619 3.750001
v 10.629992 0.655619 3.750001
v 8.499992 0.655619 3.750001
v 8.499992 0.695619 3.750001
v 9.529992 6.895618 3.770000
v 8.499992 6.895618 3.770000
v 9.489992 6.855618 3.770000
v 8.499992 6.855618 3.770000
v 9.489992 1.855619 3.750001
v 9.489992 1.855619 3.769999
v 9.529992 1.895619 3.769999
v 9.609992 1.855619 3.769999
v 9.569992 1.895619 3.769999
v 9.529992 1.895619 3.750001
v 9.609992 2.085619 3.769999
v 9.569992 2.085619 3.769999
v 9.569992 4.685618 1.169999
v 9.569992 4.685618 1.150001
v 9.609992 4.685618 1.169999
v 9.609992 4.685618 1.150001
v 9.609992 4.845619 1.150001
v 9.609992 4.845619 1.169999
v 9.569992 4.845619 1.169999
v 9.569992 4.845619 1.150001
v 10.589993 2.085619 3.750001
v 10.589993 2.085619 3.769999
v 10.589993 4.685618 1.169999
v 10.589993 4.685618 1.150001
v 10.589993 0.695619 3.769999
v 10.629992 4.685618 1.169999
v 10.629992 4.685618 1.150001
v 10.629992 4.845619 1.150001
v 10.629992 4.845619 1.169999
v 10.629992 2.085619 3.769999
v 10.629992 2.085619 3.750001
v 10.589993 4.845619 1.169999
v 10.589993 4.845619 1.150001
v 10.629992 0.655619 3.769999
v 8.499992 0.695619 3.769999
v 8.499992 0.655619 3.769999
v 10.599993 4.465619 0.470000
v 10.619992 4.465619 0.470000
v 10.619992 4.465619 1.369999
v 10.599993 4.465619 1.369999
v 9.580006 3.865619 1.070000
v 9.600004 3.865619 1.070000
v 9.600004 3.865619 1.969998
v 9.580006 3.865619 1.969998
v 10.599993 4.185619 0.750001
v 10.599993 4.165619 0.770001
v 10.599993 4.165619 1.669999
v 10.599993 4.185619 1.649999
v 9.580006 3.585619 1.350000
v 9.580006 3.565619 1.370001
v 9.580006 3.565619 2.270000
v 9.580006 3.585619 2.249999
v 10.619992 3.865619 1.070000
v 10.619992 3.885619 1.050000
v 10.619992 3.885619 1.949998
v 10.619992 3.865619 1.969998
v 9.600004 3.265619 1.669999
v 9.600004 3.285619 1.650000
v 9.600004 3.285619 2.549999
v 9.600004 3.265619 2.569998
v 10.619992 3.485619 1.449999
v 10.599993 3.485619 1.449999
v 10.599993 3.485619 2.349998
v 10.619992 3.485619 2.349998
v 9.600004 2.885619 2.049999
v 9.580006 2.885619 2.049999
v 9.580006 2.885619 2.949998
v 9.600004 2.885619 2.949998
v 10.599993 3.165619 1.770000
v 10.619992 3.165619 1.770000
v 10.619992 3.165619 2.669999
v 10.599993 3.165619 2.669999
v 9.580006 2.565619 2.370000
v 9.600004 2.565619 2.370000
v 9.600004 2.565619 3.269999
v 9.580006 2.565619 3.269999
v 10.599993 2.885619 2.049999
v 10.599993 2.865619 2.070000
v 10.599993 2.865619 2.969999
v 10.599993 2.885619 2.949998
v 9.580006 2.285619 2.650000
v 9.580006 2.265619 2.670000
v 9.580006 2.265619 3.569999
v 9.580006 2.285619 3.549999
v 10.619992 2.565619 2.370000
v 10.619992 2.585619 2.350000
v 10.619992 2.585619 3.249998
v 10.619992 2.565619 3.269999
v 10.619992 2.185619 2.750000
v 10.599993 2.185619 2.750000
v 10.599993 2.185619 3.649999
v 10.619992 2.185619 3.649999
v 9.600004 4.485619 0.450000
v 9.580006 4.485619 0.450000
v 9.580006 4.485619 1.349999
v 9.600004 4.485619 1.349999
v 9.580006 4.165619 0.770001
v 9.600004 4.165619 0.770001
v 9.600004 4.165619 1.669999
v 9.580006 4.165619 1.669999
v 10.599993 4.485619 0.450000
v 10.599993 4.485619 1.349999
v 9.580006 3.885619 1.050000
v 9.580006 3.885619 1.949998
v 10.619992 4.165619 0.770001
v 10.619992 4.185619 0.750001
v 10.619992 4.185619 1.649999
v 10.619992 4.165619 1.669999
v 9.600004 3.565619 1.370001
v 9.600004 3.585619 1.350000
v 9.600004 3.585619 2.249999
v 9.600004 3.565619 2.270000
v 10.619992 3.785619 1.150000
v 10.599993 3.785619 1.150000
v 10.599993 3.785619 2.049999
v 10.619992 3.785619 2.049999
v 9.600004 3.185619 1.750000
v 9.580006 3.185619 1.750000
v 9.580006 3.185619 2.649999
v 9.600004 3.185619 2.649999
v 10.599993 3.465619 1.470000
v 10.619992 3.465619 1.470000
v 10.619992 3.465619 2.369998
v 10.599993 3.465619 2.369998
v 9.580006 2.865619 2.070000
v 9.600004 2.865619 2.070000
v 9.600004 2.865619 2.969999
v 9.580006 2.865619 2.969999
v 10.599993 3.185619 1.750000
v 10.599993 3.185619 2.649999
v 9.580006 2.585619 2.350000
v 9.580006 2.585619 3.249998
v 10.619992 2.865619 2.070000
v 10.619992 2.885619 2.049999
v 10.619992 2.885619 2.949998
v 10.619992 2.865619 2.969999
v 9.600004 2.265619 2.670000
v 9.600004 2.285619 2.650000
v 9.600004 2.285619 3.549999
v 9.600004 2.265619 3.569999
v 10.619992 2.485619 2.450000
v 10.599993 2.485619 2.450000
v 10.599993 2.485619 3.349998
v 10.619992 2.485619 3.349998
v 10.599993 2.165619 2.770000
v 10.619992 2.165619 2.770000
v 10.619992 2.165619 3.669999
v 10.599993 2.165619 3.669999
v 9.580006 4.465619 0.470000
v 9.600004 4.465619 0.470000
v 9.600004 4.465619 1.369999
v 9.580006 4.465619 1.369999
v 9.580006 4.185619 0.750001
v 9.580006 4.185619 1.649999
v 10.619992 4.485619 0.450000
v 10.619992 4.485619 1.349999
v 9.600004 3.885619 1.050000
v 9.600004 3.885619 1.949998
v 10.619992 4.085618 0.850001
v 10.599993 4.085618 0.850001
v 10.599993 4.085618 1.749999
v 10.619992 4.085618 1.749999
v 9.600004 3.485619 1.449999
v 9.580006 3.485619 1.449999
v 9.580006 3.485619 2.349998
v 9.600004 3.485619 2.349998
v 10.599993 3.765619 1.169999
v 10.619992 3.765619 1.169999
v 10.619992 3.765619 2.069998
v 10.599993 3.765619 2.069998
v 9.580006 3.165619 1.770000
v 9.600004 3.165619 1.770000
v 9.600004 3.165619 2.669999
v 9.580006 3.165619 2.669999
v 10.619992 3.185619 1.750000
v 10.619992 3.185619 2.649999
v 9.600004 2.585619 2.350000
v 9.600004 2.585619 3.249998
v 10.619992 2.785619 2.150000
v 10.599993 2.785619 2.150000
v 10.599993 2.785619 3.049999
v 10.619992 2.785619 3.049999
v 9.600004 2.185619 2.750000
v 9.580006 2.185619 2.750000
v 9.580006 2.185619 3.649999
v 9.600004 2.185619 3.649999
v 10.599993 2.465619 2.470000
v 10.619992 2.465619 2.470000
v 10.619992 2.465619 3.369998
v 10.599993 2.465619 3.369998
v 9.600004 4.565618 0.370000
v 9.600004 4.585618 0.350000
v 9.600004 4.585618 1.249999
v 9.600004 4.565618 1.269999
v 9.600004 4.185619 0.750001
v 9.600004 4.185619 1.649999
v 10.619992 4.385619 0.550000
v 10.599993 4.385619 0.550000
v 10.599993 4.385619 1.449999
v 10.619992 4.385619 1.449999
v 9.600004 3.785619 1.150000
v 9.580006 3.785619 1.150000
v 9.580006 3.785619 2.049999
v 9.600004 3.785619 2.049999
v 10.599993 4.065618 0.870001
v 10.619992 4.065618 0.870001
v 10.619992 4.065618 1.769999
v 10.599993 4.065618 1.769999
v 9.580006 3.465619 1.470000
v 9.600004 3.465619 1.470000
v 9.600004 3.465619 2.369998
v 9.580006 3.465619 2.369998
v 10.619992 3.085619 1.850000
v 10.599993 3.085619 1.850000
v 10.599993 3.085619 2.749999
v 10.619992 3.085619 2.749999
v 9.600004 2.485619 2.450000
v 9.580006 2.485619 2.450000
v 9.580006 2.485619 3.349998
v 9.600004 2.485619 3.349998
v 10.599993 2.765619 2.170000
v 10.619992 2.765619 2.170000
v 10.619992 2.765619 3.069998
v 10.599993 2.765619 3.069998
v 9.580006 2.165619 2.770000
v 9.600004 2.165619 2.770000
v 9.600004 2.165619 3.669999
v 9.580006 2.165619 3.669999
v 9.580006 4.585618 0.350000
v 9.580006 4.565618 0.370000
v 9.580006 4.565618 1.269999
v 9.580006 4.585618 1.249999
v 9.600004 4.085618 0.850001
v 9.580006 4.085618 0.850001
v 9.580006 4.085618 1.749999
v 9.600004 4.085618 1.749999
v 10.599993 4.365619 0.570001
v 10.619992 4.365619 0.570001
v 10.619992 4.365619 1.469999
v 10.599993 4.365619 1.469999
v 9.580006 3.765619 1.169999
v 9.600004 3.765619 1.169999
v 9.600004 3.765619 2.069998
v 9.580006 3.765619 2.069998
v 10.619992 3.385619 1.549999
v 10.599993 3.385619 1.549999
v 10.599993 3.385619 2.449998
v 10.619992 3.385619 2.449998
v 9.600004 2.785619 2.150000
v 9.580006 2.785619 2.150000
v 9.580006 2.785619 3.049999
v 9.600004 2.785619 3.049999
v 10.599993 3.065619 1.870001
v 10.619992 3.065619 1.870001
v 10.619992 3.065619 2.770000
v 10.599993 3.065619 2.770000
v 9.580006 2.465619 2.470000
v 9.600004 2.465619 2.470000
v 9.600004 2.465619 3.369998
v 9.580006 2.465619 3.369998
v 9.600004 4.385619 0.550000
v 9.580006 4.385619 0.550000
v 9.580006 4.385619 1.449999
v 9.600004 4.385619 1.449999
v 9.580006 4.065618 0.870001
v 9.600004 4.065618 0.870001
v 9.600004 4.065618 1.769999
v 9.580006 4.065618 1.769999
v 10.619992 3.685619 1.250000
v 10.599993 3.685619 1.250000
v 10.599993 3.685619 2.149999
v 10.619992 3.685619 2.149999
v 9.600004 3.085619 1.850000
v 9.580006 3.085619 1.850000
v 9.580006 3.085619 2.749999
v 9.600004 3.085619 2.749999
v 10.599993 3.365619 1.570000
v 10.619992 3.365619 1.570000
v 10.619992 3.365619 2.469998
v 10.599993 3.365619 2.469998
v 9.580006 2.765619 2.170000
v 9.600004 2.765619 2.170000
v 9.600004 2.765619 3.069998
v 9.580006 2.765619 3.069998
v 10.619992 2.385619 2.550000
v 10.599993 2.385619 2.550000
v 10.599993 2.385619 3.449999
v 10.619992 2.385619 3.449999
v 9.580006 4.365619 0.570001
v 9.600004 4.365619 0.570001
v 9.600004 4.365619 1.469999
v 9.580006 4.365619 1.469999
v 10.619992 3.985619 0.950001
v 10.599993 3.985619 0.950001
v 10.599993 3.985619 1.849999
v 10.619992 3.985619 1.849999
v 9.600004 3.385619 1.549999
v 9.580006 3.385619 1.549999
v 9.580006 3.385619 2.449998
v 9.600004 3.385619 2.449998
v 10.599993 3.665619 1.270000
v 10.619992 3.665619 1.270000
v 10.619992 3.665619 2.169999
v 10.599993 3.665619 2.169999
v 9.580006 3.065619 1.870001
v 9.600004 3.065619 1.870001
v 9.600004 3.065619 2.770000
v 9.580006 3.065619 2.770000
v 10.619992 2.685619 2.250000
v 10.599993 2.685619 2.250000
v 10.599993 2.685619 3.149999
v 10.619992 2.685619 3.149999
v 10.599993 2.365619 2.570000
v 10.619992 2.365619 2.570000
v 10.619992 2.365619 3.469999
v 10.599993 2.365619 3.469999
v 10.619992 4.285619 0.650001
v 10.599993 4.285619 0.650001
v 10.599993 4.285619 1.549999
v 10.619992 4.285619 1.549999
v 9.600004 3.685619 1.250000
v 9.580006 3.685619 1.250000
v 9.580006 3.685619 2.149999
v 9.600004 3.685619 2.149999
v 10.599993 3.965619 0.970001
v 10.619992 3.965619 0.970001
v 10.619992 3.965619 1.869999
v 10.599993 3.965619 1.869999
v 9.580006 3.365619 1.570000
v 9.600004 3.365619 1.570000
v 9.600004 3.365619 2.469998
v 9.580006 3.365619 2.469998
v 10.619992 2.985619 1.950001
v 10.599993 2.985619 1.950001
v 10.599993 2.985619 2.849999
v 10.619992 2.985619 2.849999
v 9.600004 2.385619 2.550000
v 9.580006 2.385619 2.550000
v 9.580006 2.385619 3.449999
v 9.600004 2.385619 3.449999
v 10.599993 2.665619 2.270000
v 10.619992 2.665619 2.270000
v 10.619992 2.665619 3.169999
v 10.599993 2.665619 3.169999
v 10.619992 4.585618 0.350000
v 10.599993 4.585618 0.350000
v 10.599993 4.585618 1.249999
v 10.619992 4.585618 1.249999
v 9.600004 3.985619 0.950001
v 9.580006 3.985619 0.950001
v 9.580006 3.985619 1.849999
v 9.600004 3.985619 1.849999
v 10.599993 4.265619 0.670001
v 10.619992 4.265619 0.670001
v 10.619992 4.265619 1.569999
v 10.599993 4.265619 1.569999
v 9.580006 3.665619 1.270000
v 9.600004 3.665619 1.270000
v 9.600004 3.665619 2.169999
v 9.580006 3.665619 2.169999
v 10.619992 3.285619 1.650000
v 10.599993 3.285619 1.650000
v 10.599993 3.285619 2.549999
v 10.619992 3.285619 2.549999
v 9.600004 2.685619 2.250000
v 9.580006 2.685619 2.250000
v 9.580006 2.685619 3.149999
v 9.600004 2.685619 3.149999
v 10.599993 2.965619 1.970000
v 10.619992 2.965619 1.970000
v 10.619992 2.965619 2.869999
v 10.599993 2.965619 2.869999
v 9.580006 2.365619 2.570000
v 9.600004 2.365619 2.570000
v 9.600004 2.365619 3.469999
v 9.580006 2.365619 3.469999
v 9.600004 4.285619 0.650001
v 9.580006 4.285619 0.650001
v 9.580006 4.285619 1.549999
v 9.600004 4.285619 1.549999
v 10.599993 4.565618 0.370000
v 10.619992 4.565618 0.370000
v 10.619992 4.565618 1.269999
v 10.599993 4.565618 1.269999
v 9.580006 3.965619 0.970001
v 9.600004 3.965619 0.970001
v 9.600004 3.965619 1.869999
v 9.580006 3.965619 1.869999
v 10.619992 3.585619 1.350000
v 10.599993 3.585619 1.350000
v 10.599993 3.585619 2.249999
v 10.619992 3.585619 2.249999
v 9.600004 2.985619 1.950001
v 9.580006 2.985619 1.950001
v 9.580006 2.985619 2.849999
v 9.600004 2.985619 2.849999
v 10.599993 3.265619 1.669999
v 10.619992 3.265619 1.669999
v 10.619992 3.265619 2.569998
v 10.599993 3.265619 2.569998
v 9.580006 2.665619 2.270000
v 9.600004 2.665619 2.270000
v 9.600004 2.665619 3.169999
v 9.580006 2.665619 3.169999
v 10.619992 2.285619 2.650000
v 10.599993 2.285619 2.650000
v 10.599993 2.285619 3.549999
v 10.619992 2.285619 3.549999
v 9.580006 4.265619 0.670001
v 9.600004 4.265619 0.670001
v 9.600004 4.265619 1.569999
v 9.580006 4.265619 1.569999
v 10.599993 3.885619 1.050000
v 10.599993 3.885619 1.949998
v 9.580006 3.285619 1.650000
v 9.580006 3.285619 2.549999
v 10.599993 3.565619 1.370001
v 10.619992 3.565619 1.370001
v 10.619992 3.565619 2.270000
v 10.599993 3.565619 2.270000
v 9.580006 2.965619 1.970000
v 9.600004 2.965619 1.970000
v 9.600004 2.965619 2.869999
v 9.580006 2.965619 2.869999
v 10.599993 2.585619 2.350000
v 10.599993 2.585619 3.249998
v 10.599993 2.265619 2.670000
v 10.619992 2.265619 2.670000
v 10.619992 2.265619 3.569999
v 10.599993 2.265619 3.569999
v 10.599993 3.865619 1.070000
v 10.599993 3.865619 1.969998
v 9.580006 3.265619 1.669999
v 9.580006 3.265619 2.569998
v 10.599993 2.565619 2.370000
v 10.599993 2.565619 3.269999
v 9.579994 2.085619 2.850000
v 9.579994 2.065619 2.850000
v 9.579994 2.065619 3.749999
v 9.579994 2.085619 3.749999
v 9.499992 3.565619 2.850000
v 9.519993 3.565619 2.850000
v 9.519993 3.565619 3.749999
v 9.499992 3.565619 3.749999
v 9.519992 6.765619 2.850000
v 9.519992 6.785619 2.850000
v 9.519992 6.785619 3.749999
v 9.519992 6.765619 3.749999
v 9.519993 2.285619 2.850000
v 9.499992 2.285619 2.850000
v 9.499992 2.285619 3.749999
v 9.519993 2.285619 3.749999
v 9.519993 4.165619 2.850000
v 9.519993 4.185619 2.850000
v 9.519993 4.185619 3.749999
v 9.519993 4.165619 3.749999
v 9.499992 5.485619 2.850000
v 9.499992 5.465619 2.850000
v 9.499992 5.465619 3.749999
v 9.499992 5.485619 3.749999
v 8.999992 6.885619 2.850003
v 8.999992 6.865619 2.850003
v 8.999992 6.865619 3.750002
v 8.999992 6.885619 3.750002
v 9.499992 2.885619 2.850000
v 9.499992 2.865619 2.850000
v 9.499992 2.865619 3.749999
v 9.499992 2.885619 3.749999
v 9.499992 4.865619 2.850000
v 9.519993 4.865619 2.850000
v 9.519993 4.865619 3.749999
v 9.499992 4.865619 3.749999
v 9.519992 6.185618 2.850000
v 9.499992 6.185618 2.850000
v 9.499992 6.185618 3.749999
v 9.519992 6.185618 3.749999
v 9.599993 1.985619 2.850000
v 9.579994 1.985619 2.850000
v 9.579994 1.985619 3.749999
v 9.599993 1.985619 3.749999
v 9.519993 3.585619 2.850000
v 9.499992 3.585619 2.850000
v 9.499992 3.585619 3.749999
v 9.519993 3.585619 3.749999
v 9.499992 6.785619 2.850000
v 9.499992 6.765619 2.850000
v 9.499992 6.765619 3.749999
v 9.499992 6.785619 3.749999
v 9.519993 2.265619 2.850000
v 9.519993 2.265619 3.749999
v 9.499992 4.185619 2.850000
v 9.499992 4.165619 2.850000
v 9.499992 4.165619 3.749999
v 9.499992 4.185619 3.749999
v 9.499992 5.565618 2.850000
v 9.519992 5.565618 2.850000
v 9.519992 5.565618 3.749999
v 9.499992 5.565618 3.749999
v 9.019993 6.885619 2.850003
v 9.019993 6.885619 3.750002
v 9.499992 2.965619 2.850000
v 9.519993 2.965619 2.850000
v 9.519993 2.965619 3.749999
v 9.499992 2.965619 3.749999
v 9.519993 4.885619 2.850000
v 9.499992 4.885619 2.850000
v 9.499992 4.885619 3.749999
v 9.519993 4.885619 3.749999
v 9.519992 6.165619 2.850000
v 9.519992 6.165619 3.749999
v 9.579994 1.965619 2.850000
v 9.599993 1.965619 2.850000
v 9.599993 1.965619 3.749999
v 9.579994 1.965619 3.749999
v 9.499992 2.265619 2.850000
v 9.499992 2.265619 3.749999
v 9.499992 4.265619 2.850000
v 9.519993 4.265619 2.850000
v 9.519993 4.265619 3.749999
v 9.499992 4.265619 3.749999
v 9.519992 5.585618 2.850000
v 9.499992 5.585618 2.850000
v 9.499992 5.585618 3.749999
v 9.519992 5.585618 3.749999
v 9.019993 6.865619 2.850003
v 9.019993 6.865619 3.750002
v 9.519993 2.985619 2.850000
v 9.499992 2.985619 2.850000
v 9.499992 2.985619 3.749999
v 9.519993 2.985619 3.749999
v 9.499992 6.165619 2.850000
v 9.499992 6.165619 3.749999
v 9.499992 2.365619 2.850000
v 9.519993 2.365619 2.850000
v 9.519993 2.365619 3.749999
v 9.499992 2.365619 3.749999
v 9.519993 4.285619 2.850000
v 9.499992 4.285619 2.850000
v 9.499992 4.285619 3.749999
v 9.519993 4.285619 3.749999
v 8.919992 6.865619 2.850003
v 8.919992 6.885619 2.850003
v 8.919992 6.885619 3.750002
v 8.919992 6.865619 3.750002
v 9.499992 6.265619 2.850000
v 9.519992 6.265619 2.850000
v 9.519992 6.265619 3.749999
v 9.499992 6.265619 3.749999
v 9.499992 3.665619 2.850000
v 9.519993 3.665619 2.850000
v 9.519993 3.665619 3.749999
v 9.499992 3.665619 3.749999
v 9.519993 2.385619 2.850000
v 9.499992 2.385619 2.850000
v 9.499992 2.385619 3.749999
v 9.519993 2.385619 3.749999
v 8.899992 6.885619 2.850003
v 8.899992 6.865619 2.850003
v 8.899992 6.865619 3.750002
v 8.899992 6.885619 3.750002
v 9.499992 4.965619 2.850000
v 9.519993 4.965619 2.850000
v 9.519993 4.965619 3.749999
v 9.499992 4.965619 3.749999
v 9.519992 6.285619 2.850000
v 9.499992 6.285619 2.850000
v 9.499992 6.285619 3.749999
v 9.519992 6.285619 3.749999
v 9.599993 1.885619 2.850000
v 9.579992 1.885619 2.850000
v 9.579992 1.885619 3.749999
v 9.599993 1.885619 3.749999
v 9.519993 3.685619 2.850000
v 9.499992 3.685619 2.850000
v 9.499992 3.685619 3.749999
v 9.519993 3.685619 3.749999
v 9.499992 5.665619 2.850000
v 9.519992 5.665619 2.850000
v 9.519992 5.665619 3.749999
v 9.499992 5.665619 3.749999
v 9.499992 3.065619 2.850000
v 9.519993 3.065619 2.850000
v 9.519993 3.065619 3.749999
v 9.499992 3.065619 3.749999
v 9.519993 4.985619 2.850000
v 9.499992 4.985619 2.850000
v 9.499992 4.985619 3.749999
v 9.519993 4.985619 3.749999
v 9.579992 1.865619 2.850000
v 9.599993 1.865619 2.850000
v 9.599993 1.865619 3.749999
v 9.579992 1.865619 3.749999
v 9.499992 4.365619 2.850000
v 9.519993 4.365619 2.850000
v 9.519993 4.365619 3.749999
v 9.499992 4.365619 3.749999
v 9.519992 5.685618 2.850000
v 9.499992 5.685618 2.850000
v 9.499992 5.685618 3.749999
v 9.519992 5.685618 3.749999
v 9.519993 3.085619 2.850000
v 9.499992 3.085619 2.850000
v 9.499992 3.085619 3.749999
v 9.519993 3.085619 3.749999
v 9.499992 2.465619 2.850000
v 9.519993 2.465619 2.850000
v 9.519993 2.465619 3.749999
v 9.499992 2.465619 3.749999
v 9.519993 4.385619 2.850000
v 9.499992 4.385619 2.850000
v 9.499992 4.385619 3.749999
v 9.519993 4.385619 3.749999
v 8.819992 6.865619 2.850003
v 8.819992 6.885619 2.850003
v 8.819992 6.885619 3.750002
v 8.819992 6.865619 3.750002
v 9.499992 6.365619 2.850000
v 9.519992 6.365619 2.850000
v 9.519992 6.365619 3.749999
v 9.499992 6.365619 3.749999
v 9.499992 3.765619 2.850000
v 9.519993 3.765619 2.850000
v 9.519993 3.765619 3.749999
v 9.499992 3.765619 3.749999
v 9.519993 2.485619 2.850000
v 9.499992 2.485619 2.850000
v 9.499992 2.485619 3.749999
v 9.519993 2.485619 3.749999
v 8.799993 6.885619 2.850003
v 8.799993 6.865619 2.850003
v 8.799993 6.865619 3.750002
v 8.799993 6.885619 3.750002
v 9.499992 5.065618 2.850000
v 9.519993 5.065618 2.850000
v 9.519993 5.065618 3.749999
v 9.499992 5.065618 3.749999
v 9.519992 6.385619 2.850000
v 9.499992 6.385619 2.850000
v 9.499992 6.385619 3.749999
v 9.519992 6.385619 3.749999
v 9.519993 1.865619 2.850000
v 9.519993 1.885619 2.850000
v 9.519993 1.885619 3.749999
v 9.519993 1.865619 3.749999
v 9.519993 3.785619 2.850000
v 9.499992 3.785619 2.850000
v 9.499992 3.785619 3.749999
v 9.519993 3.785619 3.749999
v 9.419992 6.865619 2.850003
v 9.419992 6.885619 2.850003
v 9.419992 6.885619 3.750002
v 9.419992 6.865619 3.750002
v 9.499992 5.765619 2.850000
v 9.519992 5.765619 2.850000
v 9.519992 5.765619 3.749999
v 9.499992 5.765619 3.749999
v 9.499992 3.165619 2.850000
v 9.519993 3.165619 2.850000
v 9.519993 3.165619 3.749999
v 9.499992 3.165619 3.749999
v 9.519993 5.085618 2.850000
v 9.499992 5.085618 2.850000
v 9.499992 5.085618 3.749999
v 9.519993 5.085618 3.749999
v 9.499992 1.885619 2.850000
v 9.499992 1.865619 2.850000
v 9.499992 1.865619 3.749999
v 9.499992 1.885619 3.749999
v 9.399992 6.885619 2.850003
v 9.399992 6.865619 2.850003
v 9.399992 6.865619 3.750002
v 9.399992 6.885619 3.750002
v 9.499992 4.465619 2.850000
v 9.519993 4.465619 2.850000
v 9.519993 4.465619 3.749999
v 9.499992 4.465619 3.749999
v 9.519992 5.785619 2.850000
v 9.499992 5.785619 2.850000
v 9.499992 5.785619 3.749999
v 9.519992 5.785619 3.749999
v 9.519993 3.185619 2.850000
v 9.499992 3.185619 2.850000
v 9.499992 3.185619 3.749999
v 9.519993 3.185619 3.749999
v 9.499992 5.165619 2.850000
v 9.519992 5.165619 2.850000
v 9.519992 5.165619 3.749999
v 9.499992 5.165619 3.749999
v 9.499992 2.565619 2.850000
v 9.519993 2.565619 2.850000
v 9.519993 2.565619 3.749999
v 9.499992 2.565619 3.749999
v 9.519993 4.485619 2.850000
v 9.499992 4.485619 2.850000
v 9.499992 4.485619 3.749999
v 9.519993 4.485619 3.749999
v 8.719994 6.865619 2.850003
v 8.719994 6.885619 2.850003
v 8.719994 6.885619 3.750002
v 8.719994 6.865619 3.750002
v 9.499992 6.465619 2.850000
v 9.519992 6.465619 2.850000
v 9.519992 6.465619 3.749999
v 9.499992 6.465619 3.749999
v 9.499992 3.865619 2.850000
v 9.519993 3.865619 2.850000
v 9.519993 3.865619 3.749999
v 9.499992 3.865619 3.749999
v 9.519992 5.185618 2.850000
v 9.499992 5.185618 2.850000
v 9.499992 5.185618 3.749999
v 9.519992 5.185618 3.749999
v 9.519993 2.585619 2.850000
v 9.499992 2.585619 2.850000
v 9.499992 2.585619 3.749999
v 9.519993 2.585619 3.749999
v 8.699992 6.885619 2.850003
v 8.699992 6.865619 2.850003
v 8.699992 6.865619 3.750002
v 8.699992 6.885619 3.750002
v 9.519992 6.485619 2.850000
v 9.499992 6.485619 2.850000
v 9.499992 6.485619 3.749999
v 9.519992 6.485619 3.749999
v 9.499992 1.965619 2.850000
v 9.519993 1.965619 2.850000
v 9.519993 1.965619 3.749999
v 9.499992 1.965619 3.749999
v 9.519993 3.885619 2.850000
v 9.499992 3.885619 2.850000
v 9.499992 3.885619 3.749999
v 9.519993 3.885619 3.749999
v 9.319992 6.865619 2.850003
v 9.319992 6.885619 2.850003
v 9.319992 6.885619 3.750002
v 9.319992 6.865619 3.750002
v 9.499992 5.865619 2.850000
v 9.519992 5.865619 2.850000
v 9.519992 5.865619 3.749999
v 9.499992 5.865619 3.749999
v 9.499992 3.265619 2.850000
v 9.519993 3.265619 2.850000
v 9.519993 3.265619 3.749999
v 9.499992 3.265619 3.749999
v 9.519993 1.985619 2.850000
v 9.499992 1.985619 2.850000
v 9.499992 1.985619 3.749999
v 9.519993 1.985619 3.749999
v 9.299994 6.885619 2.850003
v 9.299994 6.865619 2.850003
v 9.299994 6.865619 3.750002
v 9.299994 6.885619 3.750002
v 9.499992 4.565618 2.850000
v 9.519993 4.565618 2.850000
v 9.519993 4.565618 3.749999
v 9.499992 4.565618 3.749999
v 9.519992 5.885619 2.850000
v 9.499992 5.885619 2.850000
v 9.499992 5.885619 3.749999
v 9.519992 5.885619 3.749999
v 9.519993 3.285619 2.850000
v 9.499992 3.285619 2.850000
v 9.499992 3.285619 3.749999
v 9.519993 3.285619 3.749999
v 9.499992 5.265619 2.850000
v 9.519992 5.265619 2.850000
v 9.519992 5.265619 3.749999
v 9.499992 5.265619 3.749999
v 9.499992 2.665619 2.850000
v 9.519993 2.665619 2.850000
v 9.519993 2.665619 3.749999
v 9.499992 2.665619 3.749999
v 9.519993 4.585618 2.850000
v 9.499992 4.585618 2.850000
v 9.499992 4.585618 3.749999
v 9.519993 4.585618 3.749999
v 8.619992 6.865619 2.850003
v 8.619992 6.885619 2.850003
v 8.619992 6.885619 3.750002
v 8.619992 6.865619 3.750002
v 9.499992 6.565619 2.850000
v 9.519992 6.565619 2.850000
v 9.519992 6.565619 3.749999
v 9.499992 6.565619 3.749999
v 9.499992 3.965619 2.850000
v 9.519993 3.965619 2.850000
v 9.519993 3.965619 3.749999
v 9.499992 3.965619 3.749999
v 9.519992 5.285619 2.850000
v 9.499992 5.285619 2.850000
v 9.499992 5.285619 3.749999
v 9.519992 5.285619 3.749999
v 9.519993 2.685619 2.850000
v 9.499992 2.685619 2.850000
v 9.499992 2.685619 3.749999
v 9.519993 2.685619 3.749999
v 8.599993 6.885619 2.850003
v 8.599993 6.865619 2.850003
v 8.599993 6.865619 3.750002
v 8.599993 6.885619 3.750002
v 9.519992 6.585619 2.850000
v 9.499992 6.585619 2.850000
v 9.499992 6.585619 3.749999
v 9.519992 6.585619 3.749999
v 9.499992 2.065619 2.850000
v 9.519993 2.065619 2.850000
v 9.519993 2.065619 3.749999
v 9.499992 2.065619 3.749999
v 9.519993 3.985619 2.850000
v 9.499992 3.985619 2.850000
v 9.499992 3.985619 3.749999
v 9.519993 3.985619 3.749999
v 9.219994 6.865619 2.850003
v 9.219994 6.885619 2.850003
v 9.219994 6.885619 3.750002
v 9.219994 6.865619 3.750002
v 9.499992 5.965619 2.850000
v 9.519992 5.965619 2.850000
v 9.519992 5.965619 3.749999
v 9.499992 5.965619 3.749999
v 9.499992 3.365619 2.850000
v 9.519993 3.365619 2.850000
v 9.519993 3.365619 3.749999
v 9.499992 3.365619 3.749999
v 9.519993 2.085619 2.850000
v 9.499992 2.085619 2.850000
v 9.499992 2.085619 3.749999
v 9.519993 2.085619 3.749999
v 9.199992 6.885619 2.850003
v 9.199992 6.865619 2.850003
v 9.199992 6.865619 3.750002
v 9.199992 6.885619 3.750002
v 9.499992 4.665619 2.850000
v 9.519993 4.665619 2.850000
v 9.519993 4.665619 3.749999
v 9.499992 4.665619 3.749999
v 9.519992 5.985619 2.850000
v 9.499992 5.985619 2.850000
v 9.499992 5.985619 3.749999
v 9.519992 5.985619 3.749999
v 9.519993 3.385619 2.850000
v 9.499992 3.385619 2.850000
v 9.499992 3.385619 3.749999
v 9.519993 3.385619 3.749999
v 9.499992 5.365619 2.850000
v 9.519992 5.365619 2.850000
v 9.519992 5.365619 3.749999
v 9.499992 5.365619 3.749999
v 9.499992 2.765619 2.850000
v 9.519993 2.765619 2.850000
v 9.519993 2.765619 3.749999
v 9.499992 2.765619 3.749999
v 9.519993 4.685618 2.850000
v 9.499992 4.685618 2.850000
v 9.499992 4.685618 3.749999
v 9.519993 4.685618 3.749999
v 8.519993 6.865619 2.850003
v 8.519993 6.885619 2.850003
v 8.519993 6.885619 3.750002
v 8.519993 6.865619 3.750002
v 9.499992 6.665619 2.850000
v 9.519992 6.665619 2.850000
v 9.519992 6.665619 3.749999
v 9.499992 6.665619 3.749999
v 9.499992 4.065618 2.850000
v 9.519993 4.065618 2.850000
v 9.519993 4.065618 3.749999
v 9.499992 4.065618 3.749999
v 9.519992 5.385619 2.850000
v 9.499992 5.385619 2.850000
v 9.499992 5.385619 3.749999
v 9.519992 5.385619 3.749999
v 9.519993 2.785619 2.850000
v 9.499992 2.785619 2.850000
v 9.499992 2.785619 3.749999
v 9.519993 2.785619 3.749999
v 8.499992 6.885619 2.850003
v 8.499992 6.865619 2.850003
v 8.499992 6.865619 3.750002
v 8.499992 6.885619 3.750002
v 9.519992 6.685618 2.850000
v 9.499992 6.685618 2.850000
v 9.499992 6.685618 3.749999
v 9.519992 6.685618 3.749999
v 9.499992 2.165619 2.850000
v 9.519993 2.165619 2.850000
v 9.519993 2.165619 3.749999
v 9.499992 2.165619 3.749999
v 9.519993 4.085618 2.850000
v 9.499992 4.085618 2.850000
v 9.499992 4.085618 3.749999
v 9.519993 4.085618 3.749999
v 9.119992 6.865619 2.850003
v 9.119992 6.885619 2.850003
v 9.119992 6.885619 3.750002
v 9.119992 6.865619 3.750002
v 9.499992 6.065619 2.850000
v 9.519992 6.065619 2.850000
v 9.519992 6.065619 3.749999
v 9.499992 6.065619 3.749999
v 9.499992 3.465619 2.850000
v 9.519993 3.465619 2.850000
v 9.519993 3.465619 3.749999
v 9.499992 3.465619 3.749999
v 9.519993 2.185619 2.850000
v 9.499992 2.185619 2.850000
v 9.499992 2.185619 3.749999
v 9.519993 2.185619 3.749999
v 9.099993 6.885619 2.850003
v 9.099993 6.865619 2.850003
v 9.099993 6.865619 3.750002
v 9.099993 6.885619 3.750002
v 9.499992 4.765619 2.850000
v 9.519993 4.765619 2.850000
v 9.519993 4.765619 3.749999
v 9.499992 4.765619 3.749999
v 9.519992 6.085619 2.850000
v 9.499992 6.085619 2.850000
v 9.499992 6.085619 3.749999
v 9.519992 6.085619 3.749999
v 9.599993 2.065619 2.850000
v 9.599993 2.085619 2.850000
v 9.599993 2.085619 3.749999
v 9.599993 2.065619 3.749999
v 9.519993 3.485619 2.850000
v 9.499992 3.485619 2.850000
v 9.499992 3.485619 3.749999
v 9.519993 3.485619 3.749999
v 9.519992 5.465619 2.850000
v 9.519992 5.465619 3.749999
v 9.519993 2.865619 2.850000
v 9.519993 2.865619 3.749999
v 9.519993 4.785619 2.850000
v 9.499992 4.785619 2.850000
v 9.499992 4.785619 3.749999
v 9.519993 4.785619 3.749999
v 9.519992 5.485619 2.850000
v 9.519992 5.485619 3.749999
v 9.519993 2.885619 2.850000
v 9.519993 2.885619 3.749999
v 8.499992 0.685619 2.850000
v 8.499992 0.665619 2.850000
v 8.499992 0.665619 3.749996
v 8.499992 0.685619 3.749996
v 8.819992 0.665619 2.850000
v 8.819992 0.685619 2.850000
v 8.819992 0.685619 3.749996
v 8.819992 0.665619 3.749996
v 9.199992 0.665619 2.850000
v 9.219994 0.665619 2.850000
v 9.219994 0.665619 3.749996
v 9.199992 0.665619 3.749996
v 9.519993 0.685619 2.850000
v 9.499992 0.685619 2.850000
v 9.499992 0.685619 3.749996
v 9.519993 0.685619 3.749996
v 9.799993 0.685619 2.850000
v 9.799993 0.665619 2.850000
v 9.799993 0.665619 3.749996
v 9.799993 0.685619 3.749996
v 10.119992 0.665619 2.850000
v 10.119992 0.685619 2.850000
v 10.119992 0.685619 3.749996
v 10.119992 0.665619 3.749996
v 10.499992 0.665619 2.850000
v 10.519993 0.665619 2.850000
v 10.519993 0.665619 3.749996
v 10.499992 0.665619 3.749996
v 10.599993 0.885619 2.850000
v 10.599993 0.865619 2.850000
v 10.599993 0.865619 3.749996
v 10.599993 0.885619 3.749996
v 10.599993 1.165619 2.850000
v 10.619992 1.165619 2.850000
v 10.619992 1.165619 3.749996
v 10.599993 1.165619 3.749996
v 10.619992 1.485619 2.850000
v 10.599993 1.485619 2.850000
v 10.599993 1.485619 3.749996
v 10.619992 1.485619 3.749996
v 10.619992 1.865619 2.850000
v 10.619992 1.885619 2.850000
v 10.619992 1.885619 3.749996
v 10.619992 1.865619 3.749996
v 8.699992 0.665619 2.850000
v 8.719994 0.665619 2.850000
v 8.719994 0.665619 3.749996
v 8.699992 0.665619 3.749996
v 9.019993 0.685619 2.850000
v 8.999992 0.685619 2.850000
v 8.999992 0.685619 3.749996
v 9.019993 0.685619 3.749996
v 9.299994 0.685619 2.850000
v 9.299994 0.665619 2.850000
v 9.299994 0.665619 3.749996
v 9.299994 0.685619 3.749996
v 9.619992 0.665619 2.850000
v 9.619992 0.685619 2.850000
v 9.619992 0.685619 3.749996
v 9.619992 0.665619 3.749996
v 9.999992 0.665619 2.850000
v 10.019993 0.665619 2.850000
v 10.019993 0.665619 3.749996
v 9.999992 0.665619 3.749996
v 10.319992 0.685619 2.850000
v 10.299993 0.685619 2.850000
v 10.299993 0.685619 3.749996
v 10.319992 0.685619 3.749996
v 10.599993 0.665619 2.850000
v 10.619992 0.665619 2.850000
v 10.619992 0.665619 3.749996
v 10.599993 0.665619 3.749996
v 10.619992 0.985619 2.850000
v 10.599993 0.985619 2.850000
v 10.599993 0.985619 3.749996
v 10.619992 0.985619 3.749996
v 10.619992 1.365619 2.850000
v 10.619992 1.385619 2.850000
v 10.619992 1.385619 3.749996
v 10.619992 1.365619 3.749996
v 10.599993 1.685619 2.850000
v 10.599993 1.665619 2.850000
v 10.599993 1.665619 3.749996
v 10.599993 1.685619 3.749996
v 10.599993 1.965619 2.850000
v 10.619992 1.965619 2.850000
v 10.619992 1.965619 3.749996
v 10.599993 1.965619 3.749996
v 8.519993 0.685619 2.850000
v 8.519993 0.685619 3.749996
v 8.799993 0.685619 2.850000
v 8.799993 0.665619 2.850000
v 8.799993 0.665619 3.749996
v 8.799993 0.685619 3.749996
v 9.119992 0.665619 2.850000
v 9.119992 0.685619 2.850000
v 9.119992 0.685619 3.749996
v 9.119992 0.665619 3.749996
v 9.499992 0.665619 2.850000
v 9.519993 0.665619 2.850000
v 9.519993 0.665619 3.749996
v 9.499992 0.665619 3.749996
v 9.819992 0.685619 2.850000
v 9.819992 0.685619 3.749996
v 10.099993 0.685619 2.850000
v 10.099993 0.665619 2.850000
v 10.099993 0.665619 3.749996
v 10.099993 0.685619 3.749996
v 10.419992 0.665619 2.850000
v 10.419992 0.685619 2.850000
v 10.419992 0.685619 3.749996
v 10.419992 0.665619 3.749996
v 10.619992 0.865619 2.850000
v 10.619992 0.885619 2.850000
v 10.619992 0.885619 3.749996
v 10.619992 0.865619 3.749996
v 10.599993 1.185619 2.850000
v 10.599993 1.185619 3.749996
v 10.599993 1.465619 2.850000
v 10.619992 1.465619 2.850000
v 10.619992 1.465619 3.749996
v 10.599993 1.465619 3.749996
v 10.619992 1.785619 2.850000
v 10.599993 1.785619 2.850000
v 10.599993 1.785619 3.749996
v 10.619992 1.785619 3.749996
v 8.619992 0.665619 2.850000
v 8.619992 0.685619 2.850000
v 8.619992 0.685619 3.749996
v 8.619992 0.665619 3.749996
v 8.999992 0.665619 2.850000
v 9.019993 0.665619 2.850000
v 9.019993 0.665619 3.749996
v 8.999992 0.665619 3.749996
v 9.319992 0.685619 2.850000
v 9.319992 0.685619 3.749996
v 9.599993 0.685619 2.850000
v 9.599993 0.665619 2.850000
v 9.599993 0.665619 3.749996
v 9.599993 0.685619 3.749996
v 9.919992 0.665619 2.850000
v 9.919992 0.685619 2.850000
v 9.919992 0.685619 3.749996
v 9.919992 0.665619 3.749996
v 10.299993 0.665619 2.850000
v 10.319992 0.665619 2.850000
v 10.319992 0.665619 3.749996
v 10.299993 0.665619 3.749996
v 10.599993 0.685619 2.850000
v 10.599993 0.685619 3.749996
v 10.599993 0.965619 2.850000
v 10.619992 0.965619 2.850000
v 10.619992 0.965619 3.749996
v 10.599993 0.965619 3.749996
v 10.619992 1.285619 2.850000
v 10.599993 1.285619 2.850000
v 10.599993 1.285619 3.749996
v 10.619992 1.285619 3.749996
v 10.619992 1.665619 2.850000
v 10.619992 1.685619 2.850000
v 10.619992 1.685619 3.749996
v 10.619992 1.665619 3.749996
v 10.599993 1.985619 2.850000
v 10.599993 1.985619 3.749996
v 8.519993 0.665619 2.850000
v 8.519993 0.665619 3.749996
v 9.099993 0.685619 2.850000
v 9.099993 0.665619 2.850000
v 9.099993 0.665619 3.749996
v 9.099993 0.685619 3.749996
v 9.419992 0.665619 2.850000
v 9.419992 0.685619 2.850000
v 9.419992 0.685619 3.749996
v 9.419992 0.665619 3.749996
v 9.819992 0.665619 2.850000
v 9.819992 0.665619 3.749996
v 10.399992 0.685619 2.850000
v 10.399992 0.665619 2.850000
v 10.399992 0.665619 3.749996
v 10.399992 0.685619 3.749996
v 10.619992 0.785619 2.850000
v 10.599993 0.785619 2.850000
v 10.599993 0.785619 3.749996
v 10.619992 0.785619 3.749996
v 10.619992 1.185619 2.850000
v 10.619992 1.185619 3.749996
v 10.599993 1.765619 2.850000
v 10.619992 1.765619 2.850000
v 10.619992 1.765619 3.749996
v 10.599993 1.765619 3.749996
v 10.599993 2.085619 2.850000
v 10.599993 2.065619 2.850000
v 10.599993 2.065619 3.749996
v 10.599993 2.085619 3.749996
v 8.599993 0.685619 2.850000
v 8.599993 0.665619 2.850000
v 8.599993 0.665619 3.749996
v 8.599993 0.685619 3.749996
v 8.919992 0.665619 2.850000
v 8.919992 0.685619 2.850000
v 8.919992 0.685619 3.749996
v 8.919992 0.665619 3.749996
v 9.319992 0.665619 2.850000
v 9.319992 0.665619 3.749996
v 9.899992 0.685619 2.850000
v 9.899992 0.665619 2.850000
v 9.899992 0.665619 3.749996
v 9.899992 0.685619 3.749996
v 10.219994 0.665619 2.850000
v 10.219994 0.685619 2.850000
v 10.219994 0.685619 3.749996
v 10.219994 0.665619 3.749996
v 10.619992 0.685619 2.850000
v 10.619992 0.685619 3.749996
v 10.599993 1.265619 2.850000
v 10.619992 1.265619 2.850000
v 10.619992 1.265619 3.749996
v 10.599993 1.265619 3.749996
v 10.619992 1.585619 2.850000
v 10.599993 1.585619 2.850000
v 10.599993 1.585619 3.749996
v 10.619992 1.585619 3.749996
v 10.619992 1.985619 2.850000
v 10.619992 1.985619 3.749996
v 9.399992 0.685619 2.850000
v 9.399992 0.665619 2.850000
v 9.399992 0.665619 3.749996
v 9.399992 0.685619 3.749996
v 9.719994 0.665619 2.850000
v 9.719994 0.685619 2.850000
v 9.719994 0.685619 3.749996
v 9.719994 0.665619 3.749996
v 10.599993 0.765619 2.850000
v 10.619992 0.765619 2.850000
v 10.619992 0.765619 3.749996
v 10.599993 0.765619 3.749996
v 10.619992 1.085619 2.850000
v 10.599993 1.085619 2.850000
v 10.599993 1.085619 3.749996
v 10.619992 1.085619 3.749996
v 10.619992 2.065619 2.850000
v 10.619992 2.065619 3.749996
v 8.899992 0.685619 2.850000
v 8.899992 0.665619 2.850000
v 8.899992 0.665619 3.749996
v 8.899992 0.685619 3.749996
v 9.219994 0.685619 2.850000
v 9.219994 0.685619 3.749996
v 10.199992 0.685619 2.850000
v 10.199992 0.665619 2.850000
v 10.199992 0.665619 3.749996
v 10.199992 0.685619 3.749996
v 10.519993 0.685619 2.850000
v 10.519993 0.685619 3.749996
v 10.599993 1.565619 2.850000
v 10.619992 1.565619 2.850000
v 10.619992 1.565619 3.749996
v 10.599993 1.565619 3.749996
v 10.599993 1.885619 2.850000
v 10.599993 1.885619 3.749996
v 8.719994 0.685619 2.850000
v 8.719994 0.685619 3.749996
v 9.699992 0.685619 2.850000
v 9.699992 0.665619 2.850000
v 9.699992 0.665619 3.749996
v 9.699992 0.685619 3.749996
v 10.019993 0.685619 2.850000
v 10.019993 0.685619 3.749996
v 10.599993 1.065619 2.850000
v 10.619992 1.065619 2.850000
v 10.619992 1.065619 3.749996
v 10.599993 1.065619 3.749996
v 10.599993 1.385619 2.850000
v 10.599993 1.385619 3.749996
v 10.619992 2.085619 2.850000
v 10.619992 2.085619 3.749996
v 9.199992 0.685619 2.850000
v 9.199992 0.685619 3.749996
v 10.499992 0.685619 2.850000
v 10.499992 0.685619 3.749996
v 10.599993 1.865619 2.850000
v 10.599993 1.865619 3.749996
v 8.699992 0.685619 2.850000
v 8.699992 0.685619 3.749996
v 9.999992 0.685619 2.850000
v 9.999992 0.685619 3.749996
v 10.599993 1.365619 2.850000
v 10.599993 1.365619 3.749996
v 10.619992 4.765619 0.250000
v 10.619992 4.785619 0.250000
v 10.619992 4.785619 1.150000
v 10.619992 4.765619 1.150000
v 10.619992 4.665619 0.270000
v 10.619992 4.685618 0.250000
v 10.619992 4.685618 1.150000
v 10.619992 4.665619 1.170000
v 10.599993 4.765619 0.250000
v 10.599993 4.765619 1.150000
v 10.599993 4.685618 0.250000
v 10.599993 4.665619 0.270000
v 10.599993 4.665619 1.170000
v 10.599993 4.685618 1.150000
v 10.599993 4.785619 0.250000
v 10.599993 4.785619 1.150000
v 9.599993 4.765619 0.250000
v 9.599993 4.785619 0.250000
v 9.599993 4.785619 1.150000
v 9.599993 4.765619 1.150000
v 9.599993 4.665619 0.270000
v 9.599993 4.685618 0.250000
v 9.599993 4.685618 1.150000
v 9.599993 4.665619 1.170000
v 9.579993 4.765619 0.250000
v 9.579993 4.765619 1.150000
v 9.579993 4.685618 0.250000
v 9.579993 4.665619 0.270000
v 9.579993 4.665619 1.170000
v 9.579993 4.685618 1.150000
v 9.579993 4.785619 0.250000
v 9.579993 4.785619 1.150000
v 8.499992 6.875619 2.600000
v 9.509994 6.875619 2.600000
v 9.519991 6.885620 2.600000
v 8.499992 6.885620 2.600000
v 9.509994 6.875619 2.800000
v 8.499992 6.875619 2.800000
v 8.499992 6.885620 2.800000
v 9.519991 6.885620 2.800000
v 10.599993 4.785619 -0.050000
v 10.609992 4.785619 0.000000
v 10.619992 4.785619 0.000000
v 10.619992 4.785619 -0.050000
v 9.519991 1.885618 2.550000
v 9.519991 6.885620 2.550000
v 9.519991 1.885618 2.599999
v 10.599993 0.685619 2.850000
v 10.599993 2.085619 2.850000
v 10.599993 2.085619 2.550000
v 10.599993 0.685619 2.550000
v 9.599993 4.685618 0.250000
v 9.599993 2.085619 2.850000
v 9.599993 2.085619 2.550000
v 9.599993 4.685618 -0.050000
v 8.499992 0.685619 2.850000
v 8.499992 0.685619 2.550000
v 10.599993 4.685618 0.250000
v 10.599993 4.785619 0.250000
v 10.599993 4.685618 -0.050000
v 9.509994 1.875619 2.599999
v 9.509994 1.875619 2.799998
v 9.499992 6.865619 2.850000
v 8.499992 6.865619 2.850000
v 8.499992 6.865619 2.550000
v 9.499992 6.865619 2.550000
v 9.599993 1.865619 2.850000
v 9.579994 2.085619 2.850000
v 9.579994 1.885618 2.850000
v 8.499992 6.885620 2.550000
v 9.499992 1.865619 2.850000
v 9.499992 1.865619 2.550000
v 9.599993 1.865619 2.550000
v 9.519991 1.885618 2.799998
v 9.589993 2.085619 2.599999
v 9.589993 2.085619 2.799998
v 9.589993 4.685618 0.199998
v 9.589993 4.685618 -0.000001
v 9.599993 4.785619 0.250000
v 9.589993 4.785619 0.199998
v 9.579994 4.785619 0.199998
v 9.579994 4.785619 0.250000
v 9.589993 1.875619 2.599999
v 9.589993 1.875619 2.799998
v 9.579994 4.685618 0.199998
v 9.599993 4.785619 -0.050000
v 9.579994 4.685618 -0.050000
v 9.579994 4.785619 -0.050000
v 9.589993 4.785619 -0.000001
v 9.579994 2.085619 2.799998
v 9.579994 4.685618 0.250000
v 9.579994 4.685618 -0.000001
v 9.579994 4.785619 -0.000001
v 9.579994 2.085619 2.550000
v 9.579994 2.085619 2.599999
v 9.579994 1.885618 2.799998
v 9.579994 1.885618 2.550000
v 9.579994 1.885618 2.599999
v 10.609992 4.785619 0.200000
v 10.619992 4.785619 0.250000
v 10.619992 4.785619 0.200000
v 9.519991 1.885618 2.850000
v 8.499992 0.675619 2.800000
v 10.609993 0.675619 2.800000
v 10.619992 0.665619 2.800000
v 8.499992 0.665619 2.800000
v 9.519991 6.885620 2.850000
v 10.609993 0.675619 2.600000
v 10.609992 2.085619 2.600000
v 10.609992 2.085619 2.800000
v 8.499992 0.675619 2.600000
v 10.619992 0.665619 2.850000
v 8.499992 0.665619 2.850000
v 8.499992 0.665619 2.600000
v 10.619992 0.665619 2.600000
v 10.619992 0.665619 2.550000
v 10.619992 2.085619 2.550000
v 10.619992 2.085619 2.600000
v 10.609992 4.685618 0.000000
v 10.619992 4.685618 0.000000
v 10.609992 4.685618 0.200000
v 10.619992 2.085619 2.850000
v 10.619992 4.685618 -0.050000
v 10.619992 2.085619 2.800000
v 10.619992 4.685618 0.200000
v 10.619992 4.685618 0.250000
v 8.499992 0.665619 2.550000
v 9.600000 4.485619 0.400000
v 9.600000 4.285618 0.400000
v 10.600000 4.285618 0.400000
v 10.600000 4.485619 0.400000
v 9.600000 4.285618 0.600000
v 9.600000 4.085618 0.600000
v 10.600000 4.085618 0.600000
v 10.600000 4.285618 0.600000
v 9.600000 4.085618 0.800000
v 9.600000 3.885619 0.800000
v 10.600000 3.885619 0.800000
v 10.600000 4.085618 0.800000
v 9.600000 3.885619 1.000000
v 9.600000 3.685618 1.000000
v 10.600000 3.685618 1.000000
v 10.600000 3.885619 1.000000
v 9.600000 3.685619 1.200000
v 9.600000 3.485618 1.200000
v 10.600000 3.485618 1.200000
v 10.600000 3.685619 1.200000
v 9.600000 3.485619 1.400000
v 9.600000 3.285619 1.400000
v 10.600000 3.285619 1.400000
v 10.600000 3.485619 1.400000
v 9.600000 3.285619 1.600000
v 9.600000 3.085618 1.600000
v 10.600000 3.085618 1.600000
v 10.600000 3.285619 1.600000
v 9.600000 3.085618 1.800000
v 9.600000 2.885618 1.800000
v 10.600000 2.885618 1.800000
v 10.600000 3.085618 1.800000
v 9.600000 2.885619 2.000000
v 9.600000 2.685619 2.000000
v 10.600000 2.685619 2.000000
v 10.600000 2.885619 2.000000
v 9.600000 2.685619 2.200000
v 9.600000 2.485619 2.200000
v 10.600000 2.485619 2.200000
v 10.600000 2.685619 2.200000
v 9.600000 2.485619 2.400000
v 9.600000 2.285619 2.400000
v 10.600000 2.285619 2.400000
v 10.600000 2.485619 2.400000
v 9.600000 2.285619 2.600000
v 9.600000 2.085618 2.600000
v 10.600000 2.085618 2.600000
v 10.600000 2.285619 2.600000
v 9.600000 4.485619 0.390000
v 10.600000 4.485619 0.390000
v 10.600000 4.285618 0.390000
v 9.600000 4.285618 0.390000
v 9.600000 4.285618 0.590000
v 10.600000 4.285618 0.590000
v 10.600000 4.085618 0.590000
v 9.600000 4.085618 0.590000
v 9.600000 4.085618 0.790000
v 10.600000 4.085618 0.790000
v 10.600000 3.885619 0.790000
v 9.600000 3.885619 0.790000
v 9.600000 3.885619 0.990000
v 10.600000 3.885619 0.990000
v 10.600000 3.685618 0.990000
v 9.600000 3.685618 0.990000
v 9.600000 3.685619 1.190000
v 10.600000 3.685619 1.190000
v 10.600000 3.485618 1.190000
v 9.600000 3.485618 1.190000
v 9.600000 3.485619 1.390000
v 10.600000 3.485619 1.390000
v 10.600000 3.285619 1.390000
v 9.600000 3.285619 1.390000
v 9.600000 3.285619 1.590000
v 10.600000 3.285619 1.590000
v 10.600000 3.085618 1.590000
v 9.600000 3.085618 1.590000
v 9.600000 3.085618 1.790000
v 10.600000 3.085618 1.790000
v 10.600000 2.885618 1.790000
v 9.600000 2.885618 1.790000
v 9.600000 2.885619 1.990000
v 10.600000 2.885619 1.990000
v 10.600000 2.685619 1.990000
v 9.600000 2.685619 1.990000
v 9.600000 2.685619 2.190000
v 10.600000 2.685619 2.190000
v 10.600000 2.485619 2.190000
v 9.600000 2.485619 2.190000
v 9.600000 2.485619 2.390000
v 10.600000 2.485619 2.390000
v 10.600000 2.285619 2.390000
v 9.600000 2.285619 2.390000
v 9.600000 2.285619 2.590000
v 10.600000 2.285619 2.590000
v 10.600000 2.085618 2.590000
v 9.600000 2.085618 2.590000
v 8.499994 6.865615 2.800000
v 8.499994 0.685619 2.800000
v 9.499992 1.865620 2.800000
v 9.499992 6.865615 2.800000
v 9.599993 2.085619 2.800000
v 10.599993 2.085619 2.800000
v 10.599993 2.085619 2.790001
v 9.599993 2.085619 2.790001
v 10.599993 0.685619 2.800000
v 9.599993 1.865620 2.800000
v 8.499992 6.865618 2.790001
v 9.499992 6.865615 2.790001
v 9.499992 1.865620 2.790001
v 8.499992 0.685619 2.790001
v 9.599993 1.865620 2.790001
v 10.599993 0.685619 2.790001
v 9.600000 4.685618 0.200000
v 10.600000 4.685618 0.200000
v 10.600000 4.685618 0.190000
v 9.600000 4.685618 0.190000
v 10.600000 4.485619 0.190000
v 9.600000 4.485619 0.190000
v 9.600000 4.485619 0.200000
v 10.600000 4.485619 0.200000
v 8.539992 5.515614 2.540000
v 8.539992 5.495615 2.540000
v 8.749992 5.495615 2.750002
v 8.749992 5.515614 2.750002
v 8.539992 5.495615 2.500000
v 8.789992 5.495615 2.750002
v 8.539992 5.515614 2.500000
v 8.789992 5.515614 2.750002
v 8.539992 5.485615 2.750002
v 8.499992 5.485615 2.790001
v 8.499992 5.485615 2.450000
v 8.539992 5.485615 2.450000
v 8.539992 6.665615 2.750002
v 9.499992 6.665615 2.750002
v 9.499992 6.625615 2.750002
v 8.539992 6.625615 2.750002
v 9.499992 6.625615 2.790001
v 8.499992 6.625615 2.790001
v 8.539992 5.525615 2.750002
v 8.539992 5.525615 2.450000
v 8.499992 5.525615 2.790001
v 9.499992 5.525615 2.790001
v 9.499992 5.525615 2.750002
v 8.499992 5.525615 2.450000
v 8.539992 6.655614 2.540000
v 8.539992 6.635614 2.540000
v 8.749992 6.635614 2.750002
v 8.749992 6.655614 2.750002
v 8.539992 6.635614 2.500000
v 8.789992 6.635614 2.750002
v 8.539992 6.655614 2.500000
v 8.789992 6.655614 2.750002
v 8.499992 6.625615 2.450000
v 8.539992 6.625615 2.450000
v 8.539992 6.665615 2.450000
v 8.499992 6.665615 2.790001
v 9.499992 6.665615 2.790001
v 8.499992 6.665615 2.450000
v 8.499992 6.885620 2.850000
v 9.499992 5.485615 2.750002
v 9.499992 5.485615 2.790001
v 8.499994 3.532285 2.800000
v 10.599990 1.865620 2.790001
v 8.499994 5.198950 2.800000
v 8.499992 1.865620 2.790001
v 8.499994 1.865620 2.800000
v 10.599993 1.865620 2.800000
v 9.499992 3.532285 2.800000
v 9.499992 5.198950 2.800000
v 8.499992 3.532286 2.790001
v 8.499992 5.198952 2.790001
v 9.499992 3.532285 2.790001
v 9.499992 5.198950 2.790001
v 9.489992 5.188951 3.750000
v 9.489992 3.522285 3.750000
v 9.529992 5.228951 3.770000
v 9.529992 3.562285 3.770000
v 9.489992 5.188951 3.770000
v 9.489992 3.522285 3.770000
v 9.529992 5.228951 3.750000
v 9.529992 3.562285 3.750000
v 10.629992 3.385619 2.450001
v 10.629992 3.385619 2.469999
v 10.589993 3.385619 2.469999
v 10.589993 3.385619 2.450001
v 9.609992 3.385619 2.450001
v 9.569992 3.385619 2.450001
v 9.609992 3.385619 2.469999
v 9.569992 3.385619 2.469999
v 9.519991 3.552285 2.850000
v 9.519991 5.218952 2.850000
v 9.509994 5.208952 2.799999
v 9.509994 3.542285 2.799999
v 9.509994 5.208952 2.600000
v 9.509994 3.542285 2.599999
v 9.519991 3.552285 2.550000
v 9.519991 5.218952 2.550000
v 9.499992 5.198952 2.850000
v 9.499992 3.532285 2.850000
v 9.519991 5.218952 2.799999
v 9.519991 3.552285 2.799999
v 9.519991 5.218952 2.600000
v 9.519991 3.552285 2.599999
v 9.499992 5.198952 2.550000
v 9.499992 3.532285 2.550000
v 10.619992 3.385619 1.500000
v 10.619992 3.385619 1.550000
v 10.619992 3.385619 1.250000
v 10.599993 3.385619 1.550000
v 10.599993 3.385619 1.250000
v 10.609992 3.385619 1.300000
v 10.609992 3.385619 1.500000
v 10.619992 3.385619 1.300000
v 9.579994 3.385619 1.299999
v 9.579994 3.385619 1.250000
v 9.589993 3.385619 1.499998
v 9.589993 3.385619 1.299999
v 9.599993 3.385619 1.550000
v 9.579994 3.385619 1.499998
v 9.599993 3.385619 1.250000
v 9.579994 3.385619 1.550000
vt 0.922119 0.086840
vt 0.935264 0.086840
vt 0.935260 0.678339
vt 0.922114 0.678339
vt 0.961552 0.086840
vt 0.974696 0.086839
vt 0.974696 0.678338
vt 0.961550 0.678338
vt 0.948408 0.086840
vt 0.948405 0.678338
vt 0.221169 0.341071
vt 0.174520 0.341070
vt 0.174520 0.322410
vt 0.221169 0.322411
vt 0.238952 0.429233
vt 0.238951 0.382583
vt 0.257611 0.382583
vt 0.257612 0.429233
vt 0.262280 0.382583
vt 0.262281 0.429233
vt 0.221170 0.317749
vt 0.174520 0.317749
vt 0.169859 0.341070
vt 0.169859 0.322411
vt 0.238952 0.377915
vt 0.257611 0.377915
vt 0.238952 0.433902
vt 0.257613 0.433901
vt 0.225830 0.341071
vt 0.225831 0.322411
vt 0.152320 0.632518
vt 0.152316 0.679168
vt 0.133656 0.679166
vt 0.133660 0.632517
vt 0.238952 0.493208
vt 0.238952 0.446558
vt 0.257613 0.446558
vt 0.257611 0.493208
vt 0.262281 0.446559
vt 0.262279 0.493208
vt 0.128999 0.632516
vt 0.128996 0.679165
vt 0.152315 0.683830
vt 0.133656 0.683827
vt 0.238952 0.441889
vt 0.257613 0.441890
vt 0.238952 0.497876
vt 0.257610 0.497876
vt 0.152321 0.627856
vt 0.133660 0.627857
vt 0.221169 0.309761
vt 0.174520 0.309760
vt 0.174520 0.291101
vt 0.221169 0.291101
vt 0.238951 0.621157
vt 0.238950 0.574507
vt 0.257609 0.574507
vt 0.257611 0.621156
vt 0.262278 0.574506
vt 0.262280 0.621156
vt 0.221169 0.286440
vt 0.174520 0.286440
vt 0.169859 0.309761
vt 0.169859 0.291101
vt 0.238950 0.569838
vt 0.257609 0.569838
vt 0.238951 0.625825
vt 0.257611 0.625825
vt 0.225831 0.309761
vt 0.225831 0.291101
vt 0.152320 0.568558
vt 0.152321 0.615207
vt 0.133660 0.615208
vt 0.133660 0.568558
vt 0.238951 0.749105
vt 0.238965 0.702456
vt 0.257624 0.702461
vt 0.257611 0.749111
vt 0.262293 0.702462
vt 0.262280 0.749112
vt 0.128999 0.568559
vt 0.129000 0.615208
vt 0.152321 0.619868
vt 0.133660 0.619869
vt 0.238966 0.697787
vt 0.257625 0.697793
vt 0.238950 0.753774
vt 0.257610 0.753779
vt 0.152320 0.563897
vt 0.133660 0.563898
vt 0.169214 0.951322
vt 0.122564 0.951322
vt 0.122564 0.932662
vt 0.169213 0.932662
vt 0.128996 0.743135
vt 0.128996 0.696485
vt 0.147655 0.696485
vt 0.147655 0.743135
vt 0.152324 0.696485
vt 0.152324 0.743135
vt 0.169214 0.928001
vt 0.122564 0.928001
vt 0.117903 0.951322
vt 0.117903 0.932662
vt 0.128996 0.691817
vt 0.147655 0.691817
vt 0.128996 0.747803
vt 0.147655 0.747803
vt 0.173875 0.951322
vt 0.173875 0.932662
vt 0.157211 0.309762
vt 0.110558 0.309762
vt 0.110557 0.291104
vt 0.157210 0.291101
vt 0.136008 0.822641
vt 0.182657 0.822641
vt 0.182656 0.841301
vt 0.136008 0.841301
vt 0.182656 0.845970
vt 0.136008 0.845970
vt 0.157209 0.286440
vt 0.110555 0.286447
vt 0.105898 0.309762
vt 0.105896 0.291105
vt 0.187325 0.822641
vt 0.187325 0.841301
vt 0.131339 0.822641
vt 0.131339 0.841301
vt 0.161872 0.309762
vt 0.161872 0.291101
vt 0.157208 0.341071
vt 0.110556 0.341066
vt 0.110556 0.322408
vt 0.157209 0.322411
vt 0.128996 0.871083
vt 0.128996 0.824433
vt 0.147656 0.824433
vt 0.147656 0.871083
vt 0.152325 0.824433
vt 0.152325 0.871083
vt 0.157209 0.317749
vt 0.110557 0.317749
vt 0.105896 0.341066
vt 0.105896 0.322408
vt 0.128996 0.819765
vt 0.147656 0.819764
vt 0.128996 0.875751
vt 0.147656 0.875751
vt 0.161869 0.341072
vt 0.161871 0.322411
vt 0.183048 0.743387
vt 0.136398 0.743387
vt 0.136398 0.724727
vt 0.183048 0.724727
vt 0.128996 0.807109
vt 0.128996 0.760459
vt 0.147655 0.760459
vt 0.147656 0.807109
vt 0.152324 0.760459
vt 0.152324 0.807109
vt 0.183048 0.720066
vt 0.136400 0.720066
vt 0.131736 0.743387
vt 0.131737 0.724727
vt 0.128996 0.755791
vt 0.147655 0.755790
vt 0.128996 0.811777
vt 0.147656 0.811777
vt 0.187709 0.743387
vt 0.187708 0.724727
vt 0.157207 0.372381
vt 0.110556 0.372376
vt 0.110557 0.353718
vt 0.157209 0.353720
vt 0.262280 0.510531
vt 0.262280 0.557183
vt 0.243620 0.557181
vt 0.243620 0.510531
vt 0.238952 0.557181
vt 0.238952 0.510532
vt 0.157209 0.349059
vt 0.110556 0.349059
vt 0.105896 0.372377
vt 0.105896 0.353718
vt 0.262279 0.561851
vt 0.243620 0.561850
vt 0.262280 0.505863
vt 0.243620 0.505863
vt 0.161868 0.372382
vt 0.161871 0.353720
vt 0.152320 0.504599
vt 0.152320 0.551249
vt 0.133660 0.551248
vt 0.133660 0.504599
vt 0.238952 0.365259
vt 0.238951 0.318610
vt 0.257611 0.318610
vt 0.257612 0.365259
vt 0.262280 0.318610
vt 0.262280 0.365259
vt 0.128999 0.504599
vt 0.128999 0.551248
vt 0.152320 0.555910
vt 0.133660 0.555910
vt 0.238952 0.313941
vt 0.257611 0.313941
vt 0.238952 0.369928
vt 0.257612 0.369928
vt 0.152320 0.499938
vt 0.133660 0.499938
vt 0.221168 0.372380
vt 0.174519 0.372379
vt 0.174519 0.353720
vt 0.221168 0.353720
vt 0.238933 0.877064
vt 0.238966 0.830414
vt 0.257626 0.830427
vt 0.257593 0.877076
vt 0.262294 0.830430
vt 0.262262 0.877079
vt 0.221168 0.349059
vt 0.174519 0.349059
vt 0.169858 0.372379
vt 0.169858 0.353720
vt 0.238969 0.825746
vt 0.257629 0.825758
vt 0.238930 0.881732
vt 0.257590 0.881745
vt 0.225829 0.372380
vt 0.225829 0.353720
vt 0.169213 0.920014
vt 0.122564 0.920015
vt 0.122564 0.901354
vt 0.169213 0.901354
vt 0.238952 0.813084
vt 0.238965 0.766435
vt 0.257625 0.766440
vt 0.257611 0.813090
vt 0.262294 0.766442
vt 0.262280 0.813092
vt 0.169213 0.896693
vt 0.122563 0.896694
vt 0.117903 0.920014
vt 0.117903 0.901354
vt 0.238967 0.761766
vt 0.257626 0.761772
vt 0.238950 0.817753
vt 0.257610 0.817759
vt 0.173874 0.920014
vt 0.173874 0.901354
vt 0.119085 0.743389
vt 0.072435 0.743382
vt 0.072433 0.724725
vt 0.119088 0.724728
vt 0.262281 0.638481
vt 0.262278 0.685132
vt 0.243618 0.685129
vt 0.243621 0.638480
vt 0.238950 0.685127
vt 0.238953 0.638479
vt 0.119089 0.720066
vt 0.072431 0.720066
vt 0.067774 0.743383
vt 0.067774 0.724726
vt 0.262278 0.689800
vt 0.243618 0.689797
vt 0.262281 0.633812
vt 0.243621 0.633812
vt 0.123747 0.743390
vt 0.123749 0.724729
vt 0.970417 0.274357
vt 0.961087 0.274357
vt 0.961088 0.069841
vt 0.970417 0.069841
vt 0.963993 0.446516
vt 0.950799 0.459711
vt 0.950799 0.228806
vt 0.963993 0.242001
vt 0.973323 0.446516
vt 0.973323 0.242000
vt 0.947893 0.287552
vt 0.947893 0.056647
vt 0.941468 0.459711
vt 0.941470 0.228806
vt 0.938563 0.287552
vt 0.938564 0.056647
vt 0.928274 0.446516
vt 0.928275 0.241999
vt 0.925369 0.274357
vt 0.925369 0.069840
vt 0.940010 0.365988
vt 0.926816 0.352793
vt 0.926816 0.214250
vt 0.940010 0.201055
vt 0.962533 0.352793
vt 0.949339 0.365988
vt 0.949340 0.201057
vt 0.962535 0.214252
vt 0.941655 0.428083
vt 0.932325 0.428083
vt 0.932326 0.289540
vt 0.941655 0.289540
vt 0.939940 0.429873
vt 0.930610 0.429873
vt 0.930611 0.291330
vt 0.939940 0.291330
vt 0.975659 0.429873
vt 0.962465 0.443068
vt 0.962465 0.278136
vt 0.975659 0.291330
vt 0.964180 0.441277
vt 0.954849 0.441277
vt 0.954849 0.276345
vt 0.964179 0.276345
vt 0.977374 0.428082
vt 0.977374 0.289539
vt 0.953134 0.443068
vt 0.953134 0.278135
vt 0.971862 0.352793
vt 0.971865 0.214253
vt 0.958065 0.094264
vt 0.976725 0.075605
vt 0.976725 0.280863
vt 0.958065 0.280863
vt 0.958065 0.299522
vt 0.939405 0.299522
vt 0.939405 0.280862
vt 0.958733 0.257280
vt 0.977399 0.238628
vt 0.977329 0.443885
vt 0.958669 0.443878
vt 0.980189 0.010582
vt 0.980192 0.990211
vt 0.961532 0.971551
vt 0.961530 0.010582
vt 0.920745 0.075605
vt 0.939405 0.094264
vt 0.920745 0.280862
vt 0.940073 0.257274
vt 0.940009 0.443872
vt 0.942872 0.971551
vt 0.942871 0.010581
vt 0.924107 0.989892
vt 0.924099 0.010259
vt 0.942758 0.010258
vt 0.942767 0.971231
vt 0.942501 0.455406
vt 0.942501 0.436746
vt 0.961161 0.436746
vt 0.961161 0.455405
vt 0.958663 0.462538
vt 0.940002 0.462532
vt 0.961161 0.296796
vt 0.979821 0.278137
vt 0.979821 0.436746
vt 0.979696 0.010455
vt 0.979699 0.476951
vt 0.961039 0.458291
vt 0.961036 0.010455
vt 0.942501 0.296796
vt 0.942380 0.458291
vt 0.942377 0.010456
vt 0.961654 0.298300
vt 0.980313 0.279640
vt 0.980316 0.438249
vt 0.961656 0.438249
vt 0.979459 0.010412
vt 0.979463 0.476907
vt 0.960803 0.458247
vt 0.960800 0.010412
vt 0.942994 0.298300
vt 0.942996 0.438249
vt 0.959538 0.291023
vt 0.978198 0.272364
vt 0.978198 0.430972
vt 0.959539 0.430972
vt 0.942144 0.458248
vt 0.942141 0.010413
vt 0.979941 0.010412
vt 0.979944 0.476907
vt 0.961284 0.458247
vt 0.961281 0.010412
vt 0.942625 0.458248
vt 0.942621 0.010413
vt 0.940879 0.291023
vt 0.940879 0.430972
vt 0.923966 0.476907
vt 0.923962 0.010414
vt 0.922219 0.272363
vt 0.922219 0.430973
vt 0.924212 0.990212
vt 0.924211 0.010581
vt 0.923721 0.476951
vt 0.923717 0.010458
vt 0.923485 0.476907
vt 0.923481 0.010414
vt 0.942997 0.456910
vt 0.961656 0.456908
vt 0.923841 0.278137
vt 0.923842 0.436746
vt 0.980078 0.010257
vt 0.980086 0.989892
vt 0.961426 0.971231
vt 0.961418 0.010257
vt 0.940880 0.449632
vt 0.959539 0.449632
vt 0.924334 0.279640
vt 0.924336 0.438250
vt 0.921420 0.238608
vt 0.921350 0.443865
vt 0.971815 0.819357
vt 0.953155 0.800697
vt 0.953156 0.712062
vt 0.971816 0.712063
vt 0.938075 0.877377
vt 0.919415 0.858717
vt 0.919412 0.396900
vt 0.938073 0.396901
vt 0.913940 0.872905
vt 0.930430 0.889396
vt 0.930430 0.011292
vt 0.913942 0.011292
vt 0.947404 0.877376
vt 0.947405 0.396899
vt 0.966064 0.858715
vt 0.966065 0.396899
vt 0.975394 0.858714
vt 0.975396 0.396899
vt 0.927189 0.855678
vt 0.914544 0.855609
vt 0.914544 0.131074
vt 0.927189 0.131142
vt 0.933478 0.769931
vt 0.914813 0.751276
vt 0.970793 0.751265
vt 0.952138 0.769930
vt 0.914811 0.741947
vt 0.970791 0.741936
vt 0.957224 0.873135
vt 0.944579 0.873066
vt 0.944578 0.148531
vt 0.957224 0.148600
vt 0.974613 0.855746
vt 0.974613 0.131211
vt 0.933480 0.779257
vt 0.952139 0.779262
vt 0.914814 0.797906
vt 0.970792 0.797933
vt 0.943826 0.800697
vt 0.925166 0.819356
vt 0.925166 0.712062
vt 0.943827 0.712062
vt 0.961518 0.872307
vt 0.948624 0.885201
vt 0.948625 0.140666
vt 0.961519 0.127772
vt 0.915838 0.819355
vt 0.915838 0.712061
vt 0.928204 0.802035
vt 0.918876 0.802035
vt 0.918876 0.727395
vt 0.928205 0.727395
vt 0.932425 0.885201
vt 0.919530 0.879384
vt 0.919531 0.134850
vt 0.932425 0.140666
vt 0.977717 0.872307
vt 0.977717 0.127772
vt 0.946864 0.802034
vt 0.946864 0.727394
vt 0.974852 0.802034
vt 0.956192 0.802034
vt 0.956193 0.727394
vt 0.974853 0.727393
vt 0.946863 0.718066
vt 0.928204 0.718069
vt 0.973156 0.836490
vt 0.960262 0.849385
vt 0.960261 0.104851
vt 0.973155 0.091957
vt 0.974239 0.801983
vt 0.963334 0.801950
vt 0.963335 0.177118
vt 0.974241 0.177152
vt 0.946864 0.796445
vt 0.937535 0.796445
vt 0.937535 0.721805
vt 0.946864 0.721805
vt 0.944063 0.849385
vt 0.931168 0.843568
vt 0.931167 0.099034
vt 0.944061 0.104851
vt 0.914969 0.843568
vt 0.914969 0.099034
vt 0.965524 0.796445
vt 0.965524 0.721806
vt 0.918876 0.796445
vt 0.918876 0.721805
vt 0.974853 0.796445
vt 0.974853 0.721806
vt 0.965524 0.712477
vt 0.946865 0.712477
vt 0.945755 0.889272
vt 0.962244 0.872782
vt 0.962242 0.011169
vt 0.945754 0.011169
vt 0.945353 0.819930
vt 0.945353 0.177118
vt 0.934134 0.819891
vt 0.934134 0.177079
vt 0.977282 0.872664
vt 0.977279 0.011050
vt 0.916154 0.801911
vt 0.916153 0.177079
vt 0.962157 0.085579
vt 0.975303 0.085579
vt 0.975303 0.677077
vt 0.962157 0.677078
vt 0.921753 0.086500
vt 0.934896 0.086500
vt 0.934894 0.677994
vt 0.921753 0.677994
vt 0.948850 0.072644
vt 0.961994 0.085789
vt 0.961996 0.677275
vt 0.948850 0.664130
vt 0.962488 0.072188
vt 0.975632 0.085333
vt 0.975629 0.676856
vt 0.962485 0.663711
vt 0.922830 0.086436
vt 0.935975 0.073292
vt 0.935972 0.664782
vt 0.922827 0.677927
vt 0.935261 0.085999
vt 0.948406 0.072855
vt 0.948406 0.664363
vt 0.935260 0.677508
vt 0.934939 0.073292
vt 0.948083 0.073292
vt 0.948080 0.664784
vt 0.934936 0.664784
vt 0.948825 0.071770
vt 0.961968 0.071770
vt 0.961966 0.663251
vt 0.948823 0.663251
vt 0.961726 0.085326
vt 0.974870 0.085327
vt 0.974870 0.676820
vt 0.961724 0.676820
vt 0.922504 0.085788
vt 0.935647 0.085788
vt 0.935644 0.677262
vt 0.922498 0.677262
vt 0.949153 0.072224
vt 0.962298 0.085369
vt 0.962298 0.676849
vt 0.949151 0.663702
vt 0.962262 0.072688
vt 0.975408 0.085833
vt 0.975406 0.677343
vt 0.962261 0.664199
vt 0.935654 0.072652
vt 0.935648 0.664130
vt 0.935458 0.072711
vt 0.948603 0.072712
vt 0.948605 0.664201
vt 0.935458 0.664201
vt 0.948396 0.073292
vt 0.961540 0.073292
vt 0.961540 0.664797
vt 0.948393 0.664797
vt 0.921852 0.085906
vt 0.934996 0.085906
vt 0.934995 0.677399
vt 0.921852 0.677399
vt 0.949013 0.072435
vt 0.949013 0.663934
vt 0.961185 0.073356
vt 0.974329 0.086501
vt 0.974329 0.677992
vt 0.961184 0.664848
vt 0.922562 0.085789
vt 0.935707 0.072644
vt 0.935705 0.664130
vt 0.922560 0.677275
vt 0.936199 0.085333
vt 0.949344 0.072188
vt 0.949343 0.663711
vt 0.936199 0.676857
vt 0.936391 0.072855
vt 0.949534 0.072855
vt 0.949534 0.664348
vt 0.936390 0.664348
vt 0.948863 0.073218
vt 0.962006 0.073218
vt 0.962007 0.664727
vt 0.948865 0.664728
vt 0.961227 0.086437
vt 0.974371 0.086437
vt 0.974371 0.677929
vt 0.961226 0.677929
vt 0.922538 0.084915
vt 0.935682 0.084915
vt 0.935676 0.676399
vt 0.922531 0.676398
vt 0.948581 0.072182
vt 0.948580 0.663676
vt 0.961934 0.072644
vt 0.975078 0.085788
vt 0.975083 0.677262
vt 0.961936 0.664115
vt 0.922866 0.085368
vt 0.936010 0.072224
vt 0.936006 0.663702
vt 0.922859 0.676849
vt 0.935974 0.085833
vt 0.949119 0.072688
vt 0.949118 0.664200
vt 0.935975 0.677344
vt 0.935382 0.071754
vt 0.948526 0.071754
vt 0.948529 0.663240
vt 0.935384 0.663239
vt 0.961747 0.085856
vt 0.974891 0.085856
vt 0.974894 0.677345
vt 0.961748 0.677345
vt 0.922108 0.086436
vt 0.935251 0.086436
vt 0.935249 0.677941
vt 0.922108 0.677941
vt 0.961285 0.072763
vt 0.974429 0.085907
vt 0.974429 0.677399
vt 0.961283 0.664253
vt 0.922725 0.085579
vt 0.935869 0.072435
vt 0.935868 0.663934
vt 0.922723 0.677078
vt 0.948041 0.073356
vt 0.948040 0.664848
vt 0.935315 0.072190
vt 0.948460 0.072190
vt 0.948462 0.663671
vt 0.935318 0.663671
vt 0.949280 0.072855
vt 0.962424 0.072855
vt 0.962422 0.664358
vt 0.949280 0.664358
vt 0.962678 0.085999
vt 0.975823 0.085999
vt 0.975823 0.677493
vt 0.962678 0.677493
vt 0.922574 0.086362
vt 0.935718 0.086362
vt 0.935721 0.677872
vt 0.922578 0.677872
vt 0.975111 0.084915
vt 0.975112 0.676399
vt 0.922293 0.085326
vt 0.935437 0.072182
vt 0.935434 0.663676
vt 0.922290 0.676820
vt 0.948790 0.664115
vt 0.934676 0.072688
vt 0.947821 0.072688
vt 0.947822 0.664186
vt 0.934676 0.664185
vt 0.949888 0.072435
vt 0.963033 0.072435
vt 0.963031 0.663942
vt 0.949888 0.663942
vt 0.961670 0.084898
vt 0.974814 0.084898
vt 0.974819 0.676386
vt 0.961675 0.676386
vt 0.935487 0.086966
vt 0.948633 0.073822
vt 0.948634 0.665326
vt 0.935489 0.678472
vt 0.974685 0.086437
vt 0.974683 0.677941
vt 0.948141 0.072762
vt 0.948141 0.664253
vt 0.948846 0.072688
vt 0.948846 0.664178
vt 0.935700 0.664178
vt 0.947035 0.072688
vt 0.960180 0.072688
vt 0.960175 0.664199
vt 0.947035 0.664199
vt 0.961604 0.085334
vt 0.974747 0.085334
vt 0.974754 0.676816
vt 0.961608 0.676816
vt 0.922991 0.086000
vt 0.936135 0.086000
vt 0.936135 0.677503
vt 0.922992 0.677504
vt 0.975151 0.086362
vt 0.975151 0.677872
vt 0.921794 0.086437
vt 0.921792 0.677929
vt 0.934442 0.073049
vt 0.947586 0.073049
vt 0.947586 0.664549
vt 0.934441 0.664549
vt 0.947565 0.073218
vt 0.960709 0.073218
vt 0.960707 0.664717
vt 0.947565 0.664717
vt 0.960966 0.085832
vt 0.974109 0.085832
vt 0.974109 0.677329
vt 0.960966 0.677329
vt 0.923600 0.085579
vt 0.936743 0.085579
vt 0.936743 0.677086
vt 0.923600 0.677086
vt 0.961777 0.073822
vt 0.974921 0.086966
vt 0.974920 0.678472
vt 0.961775 0.665326
vt 0.922314 0.085856
vt 0.922314 0.677345
vt 0.948024 0.071225
vt 0.961168 0.071225
vt 0.961167 0.662710
vt 0.948023 0.662710
vt 0.920747 0.085832
vt 0.933891 0.085832
vt 0.933888 0.677344
vt 0.920747 0.677344
vt 0.975569 0.086001
vt 0.975568 0.677504
vt 0.923247 0.085999
vt 0.923244 0.677493
vt 0.934825 0.072284
vt 0.947969 0.072284
vt 0.947972 0.663772
vt 0.934826 0.663773
vt 0.948108 0.072935
vt 0.961251 0.072936
vt 0.961251 0.664442
vt 0.948107 0.664442
vt 0.960731 0.086195
vt 0.973875 0.086195
vt 0.973875 0.677693
vt 0.960731 0.677694
vt 0.921276 0.086362
vt 0.934421 0.086362
vt 0.934419 0.677863
vt 0.921277 0.677863
vt 0.976177 0.085580
vt 0.976174 0.677085
vt 0.922238 0.084898
vt 0.922238 0.676383
vt 0.948762 0.072435
vt 0.961905 0.072435
vt 0.961905 0.663924
vt 0.948759 0.663924
vt 0.921735 0.084369
vt 0.934879 0.084369
vt 0.934877 0.675855
vt 0.921733 0.675855
vt 0.973324 0.085832
vt 0.973320 0.677345
vt 0.922172 0.085335
vt 0.922172 0.676817
vt 0.935169 0.073292
vt 0.948313 0.073292
vt 0.948310 0.664780
vt 0.935164 0.664780
vt 0.948658 0.072855
vt 0.961801 0.072855
vt 0.961800 0.664372
vt 0.948658 0.664372
vt 0.961112 0.085428
vt 0.974257 0.085428
vt 0.974262 0.676918
vt 0.961117 0.676918
vt 0.921820 0.086080
vt 0.934963 0.086080
vt 0.934963 0.677585
vt 0.921820 0.677586
vt 0.973853 0.086362
vt 0.973853 0.677863
vt 0.921532 0.085832
vt 0.921532 0.677328
vt 0.935073 0.072188
vt 0.948217 0.072188
vt 0.948219 0.663676
vt 0.935074 0.663675
vt 0.922474 0.085580
vt 0.935617 0.085580
vt 0.935613 0.677069
vt 0.922471 0.677069
vt 0.974312 0.084369
vt 0.974312 0.675856
vt 0.935720 0.073822
vt 0.948863 0.073822
vt 0.948864 0.665314
vt 0.935719 0.665314
vt 0.949633 0.072435
vt 0.962776 0.072435
vt 0.962775 0.663934
vt 0.949633 0.663935
vt 0.961457 0.086437
vt 0.974601 0.086437
vt 0.974601 0.677925
vt 0.961454 0.677924
vt 0.922370 0.086001
vt 0.935512 0.086001
vt 0.935514 0.677517
vt 0.922372 0.677518
vt 0.974396 0.086080
vt 0.974394 0.677586
vt 0.921298 0.086194
vt 0.921298 0.677693
vt 0.935741 0.073292
vt 0.948885 0.073292
vt 0.948886 0.664782
vt 0.935741 0.664782
vt 0.961362 0.085332
vt 0.974506 0.085332
vt 0.974509 0.676820
vt 0.961364 0.676820
vt 0.975050 0.085580
vt 0.975050 0.677070
vt 0.948351 0.073225
vt 0.961495 0.073225
vt 0.961491 0.664730
vt 0.948348 0.664730
vt 0.962008 0.086966
vt 0.975152 0.086966
vt 0.975154 0.678460
vt 0.962011 0.678460
vt 0.923345 0.085580
vt 0.936488 0.085580
vt 0.936488 0.677081
vt 0.923345 0.677081
vt 0.974947 0.086001
vt 0.974944 0.677517
vt 0.921681 0.085429
vt 0.921681 0.676918
vt 0.935762 0.073822
vt 0.935762 0.665317
vt 0.947863 0.073579
vt 0.961006 0.073579
vt 0.961007 0.665071
vt 0.947862 0.665071
vt 0.962030 0.086437
vt 0.962031 0.677926
vt 0.935104 0.072814
vt 0.948248 0.072814
vt 0.948252 0.664294
vt 0.935106 0.664294
vt 0.948135 0.073579
vt 0.961279 0.073579
vt 0.961279 0.665076
vt 0.948137 0.665077
vt 0.935206 0.086369
vt 0.975921 0.085580
vt 0.975921 0.677080
vt 0.922024 0.086436
vt 0.922020 0.677923
vt 0.934600 0.072284
vt 0.947744 0.072284
vt 0.947747 0.663771
vt 0.934602 0.663771
vt 0.947547 0.072688
vt 0.960692 0.072688
vt 0.960689 0.664194
vt 0.947546 0.664194
vt 0.962051 0.086966
vt 0.962051 0.678460
vt 0.921575 0.086723
vt 0.934718 0.086723
vt 0.934717 0.678215
vt 0.921572 0.678215
vt 0.921929 0.085332
vt 0.921929 0.676819
vt 0.922344 0.086966
vt 0.922347 0.678472
vt 0.947821 0.072935
vt 0.960966 0.072935
vt 0.960963 0.664438
vt 0.947820 0.664438
vt 0.961392 0.085957
vt 0.974536 0.085957
vt 0.974542 0.677439
vt 0.961397 0.677439
vt 0.921847 0.086723
vt 0.934990 0.086723
vt 0.934990 0.678222
vt 0.921847 0.678222
vt 0.922576 0.086966
vt 0.922574 0.678460
vt 0.935508 0.073292
vt 0.948652 0.073292
vt 0.948653 0.664789
vt 0.935508 0.664788
vt 0.947755 0.073356
vt 0.960899 0.073356
vt 0.960896 0.664861
vt 0.947754 0.664862
vt 0.960889 0.085427
vt 0.974032 0.085427
vt 0.974037 0.676916
vt 0.960892 0.676916
vt 0.921259 0.085832
vt 0.934403 0.085832
vt 0.934402 0.677339
vt 0.921259 0.677339
vt 0.974150 0.086724
vt 0.974150 0.678214
vt 0.949097 0.072159
vt 0.949098 0.663650
vt 0.935952 0.663650
vt 0.921532 0.086080
vt 0.934677 0.086080
vt 0.934675 0.677584
vt 0.921532 0.677584
vt 0.974423 0.086723
vt 0.974423 0.678221
vt 0.949119 0.073292
vt 0.949117 0.664782
vt 0.961550 0.072855
vt 0.961546 0.664364
vt 0.961797 0.086437
vt 0.974941 0.086437
vt 0.974941 0.677933
vt 0.961797 0.677933
vt 0.921466 0.086500
vt 0.934610 0.086500
vt 0.934609 0.678006
vt 0.921466 0.678006
vt 0.973836 0.085833
vt 0.973833 0.677337
vt 0.962242 0.085303
vt 0.975386 0.085303
vt 0.975388 0.676793
vt 0.962242 0.676793
vt 0.974110 0.086080
vt 0.974107 0.677584
vt 0.921960 0.085958
vt 0.921960 0.677438
vt 0.962264 0.086437
vt 0.975407 0.086437
vt 0.975407 0.677927
vt 0.962263 0.677927
vt 0.922118 0.085999
vt 0.922118 0.677508
vt 0.974043 0.086500
vt 0.974041 0.678005
vt 0.921456 0.085427
vt 0.921456 0.676915
vt 0.961942 0.085796
vt 0.961940 0.677277
vt 0.923055 0.085334
vt 0.923057 0.676857
vt 0.974695 0.085999
vt 0.974692 0.677509
vt 0.922364 0.086437
vt 0.922364 0.677932
vt 0.975442 0.085369
vt 0.922830 0.085833
vt 0.922832 0.677345
vt 0.922808 0.085302
vt 0.922808 0.676794
vt 0.961236 0.087522
vt 0.974379 0.087522
vt 0.974387 0.679000
vt 0.961242 0.679000
vt 0.935344 0.086492
vt 0.948489 0.086497
vt 0.948285 0.677979
vt 0.935140 0.677975
vt 0.946252 0.087337
vt 0.959396 0.087342
vt 0.959190 0.678828
vt 0.946043 0.678824
vt 0.960586 0.087701
vt 0.973731 0.087701
vt 0.973736 0.679186
vt 0.960589 0.679187
vt 0.947290 0.087761
vt 0.960434 0.087760
vt 0.960432 0.679255
vt 0.947287 0.679255
vt 0.920215 0.086920
vt 0.933358 0.086920
vt 0.933362 0.678408
vt 0.920216 0.678408
vt 0.921868 0.086396
vt 0.935012 0.086396
vt 0.935014 0.677888
vt 0.921868 0.677888
vt 0.920576 0.087241
vt 0.933720 0.087241
vt 0.933721 0.678728
vt 0.920575 0.678728
vt 0.934724 0.086247
vt 0.947869 0.086247
vt 0.947871 0.677725
vt 0.934725 0.677725
vt 0.960068 0.087320
vt 0.973212 0.087320
vt 0.973219 0.678787
vt 0.960074 0.678787
vt 0.947818 0.086994
vt 0.960961 0.086993
vt 0.960963 0.678473
vt 0.947817 0.678474
vt 0.961633 0.086502
vt 0.974777 0.086506
vt 0.974576 0.677988
vt 0.961431 0.677984
vt 0.919964 0.087328
vt 0.933108 0.087333
vt 0.932899 0.678820
vt 0.919752 0.678815
vt 0.947442 0.087701
vt 0.947443 0.679186
vt 0.921002 0.087761
vt 0.934146 0.087761
vt 0.934141 0.679256
vt 0.920996 0.679255
vt 0.935409 0.085268
vt 0.948552 0.085269
vt 0.948555 0.676740
vt 0.935410 0.676740
vt 0.961300 0.086397
vt 0.974451 0.677888
vt 0.961304 0.677888
vt 0.935309 0.085647
vt 0.948455 0.085647
vt 0.948456 0.677131
vt 0.935311 0.677131
vt 0.961014 0.086247
vt 0.974158 0.086247
vt 0.974162 0.677725
vt 0.961016 0.677725
vt 0.946924 0.087320
vt 0.946927 0.678787
vt 0.921531 0.086994
vt 0.934674 0.086994
vt 0.934672 0.678474
vt 0.921526 0.678473
vt 0.921153 0.087700
vt 0.934298 0.087700
vt 0.934298 0.679185
vt 0.921152 0.679186
vt 0.935443 0.087523
vt 0.948588 0.087523
vt 0.948589 0.679003
vt 0.935444 0.679003
vt 0.974840 0.085268
vt 0.974848 0.676740
vt 0.961702 0.676740
vt 0.948157 0.086396
vt 0.948159 0.677888
vt 0.961599 0.085647
vt 0.974744 0.085647
vt 0.974747 0.677131
vt 0.961602 0.677131
vt 0.920636 0.087319
vt 0.933780 0.087319
vt 0.933780 0.678787
vt 0.920634 0.678787
vt 0.974105 0.086993
vt 0.974108 0.678473
vt 0.922199 0.086487
vt 0.921995 0.677971
vt 0.934445 0.086246
vt 0.947590 0.086247
vt 0.947591 0.677731
vt 0.934446 0.677731
vt 0.961733 0.087523
vt 0.974877 0.087523
vt 0.974881 0.679003
vt 0.961735 0.679003
vt 0.949189 0.086840
vt 0.962334 0.086840
vt 0.962332 0.678342
vt 0.949186 0.678343
vt 0.921579 0.086246
vt 0.921579 0.677725
vt 0.932942 0.088953
vt 0.946086 0.088958
vt 0.945885 0.680429
vt 0.932739 0.680425
vt 0.935320 0.087523
vt 0.948466 0.087523
vt 0.948466 0.679006
vt 0.935321 0.679006
vt 0.922263 0.676739
vt 0.922902 0.086840
vt 0.936046 0.086840
vt 0.936041 0.678343
vt 0.922896 0.678343
vt 0.922165 0.085646
vt 0.922165 0.677131
vt 0.933291 0.088948
vt 0.946437 0.088948
vt 0.946437 0.680425
vt 0.933292 0.680425
vt 0.959231 0.088962
vt 0.972373 0.088967
vt 0.972178 0.680438
vt 0.959032 0.680434
vt 0.960967 0.087261
vt 0.974111 0.087261
vt 0.974116 0.678743
vt 0.960971 0.678743
vt 0.961609 0.087523
vt 0.974754 0.087523
vt 0.974757 0.679006
vt 0.961612 0.679006
vt 0.922298 0.087522
vt 0.922298 0.679003
vt 0.935371 0.086836
vt 0.948515 0.086841
vt 0.948314 0.678313
vt 0.935169 0.678308
vt 0.975477 0.086839
vt 0.975477 0.678342
vt 0.936324 0.086492
vt 0.949468 0.086497
vt 0.949265 0.677980
vt 0.936119 0.677976
vt 0.959582 0.088948
vt 0.972725 0.088948
vt 0.972730 0.680425
vt 0.959584 0.680425
vt 0.934678 0.087260
vt 0.947823 0.087261
vt 0.947825 0.678743
vt 0.934679 0.678743
vt 0.935164 0.086993
vt 0.948309 0.086994
vt 0.948310 0.678473
vt 0.935165 0.678473
vt 0.961658 0.086846
vt 0.974802 0.086850
vt 0.974607 0.678322
vt 0.962612 0.086502
vt 0.975757 0.086506
vt 0.975555 0.677989
vt 0.962410 0.677985
vt 0.919797 0.088948
vt 0.919594 0.680419
vt 0.921533 0.087260
vt 0.921533 0.678743
vt 0.922175 0.087522
vt 0.922175 0.679006
vt 0.934054 0.087165
vt 0.947198 0.087166
vt 0.947201 0.678650
vt 0.934054 0.678650
vt 0.961453 0.086994
vt 0.974598 0.086994
vt 0.974602 0.678473
vt 0.961455 0.678473
vt 0.947902 0.085269
vt 0.961046 0.085268
vt 0.961037 0.676756
vt 0.947891 0.676756
vt 0.920146 0.088948
vt 0.920146 0.680425
vt 0.935348 0.085268
vt 0.948491 0.085269
vt 0.948495 0.676741
vt 0.935350 0.676741
vt 0.934918 0.086993
vt 0.948063 0.086993
vt 0.948065 0.678476
vt 0.934919 0.678476
vt 0.960343 0.087166
vt 0.973487 0.087166
vt 0.973492 0.678650
vt 0.960346 0.678650
vt 0.922227 0.086831
vt 0.922023 0.678303
vt 0.921614 0.085268
vt 0.934759 0.085268
vt 0.934745 0.676757
vt 0.921600 0.676756
vt 0.923178 0.086487
vt 0.922974 0.677971
vt 0.935042 0.086993
vt 0.948186 0.086994
vt 0.948188 0.678472
vt 0.935042 0.678472
vt 0.961641 0.676741
vt 0.960762 0.086227
vt 0.960765 0.677707
vt 0.961207 0.086994
vt 0.974352 0.086994
vt 0.974355 0.678476
vt 0.961210 0.678476
vt 0.948343 0.087522
vt 0.961488 0.087523
vt 0.961488 0.679018
vt 0.948343 0.679019
vt 0.922019 0.086993
vt 0.922019 0.678473
vt 0.933247 0.088948
vt 0.933239 0.680431
vt 0.974189 0.085268
vt 0.974182 0.676756
vt 0.932124 0.087333
vt 0.945268 0.087337
vt 0.945060 0.678825
vt 0.931915 0.678820
vt 0.961331 0.086994
vt 0.974476 0.086994
vt 0.974479 0.678472
vt 0.961334 0.678472
vt 0.934473 0.086226
vt 0.934474 0.677706
vt 0.922056 0.087522
vt 0.935200 0.087523
vt 0.935198 0.679019
vt 0.922052 0.679019
vt 0.920910 0.087165
vt 0.920910 0.678650
vt 0.935502 0.084807
vt 0.948646 0.084807
vt 0.948642 0.676306
vt 0.935496 0.676306
vt 0.959533 0.088948
vt 0.959531 0.680432
vt 0.958413 0.087341
vt 0.971556 0.087345
vt 0.971351 0.678834
vt 0.958206 0.678830
vt 0.922203 0.676740
vt 0.921773 0.086993
vt 0.921773 0.678476
vt 0.934934 0.085651
vt 0.948077 0.085656
vt 0.947869 0.677145
vt 0.934723 0.677140
vt 0.974633 0.087522
vt 0.974633 0.679018
vt 0.934341 0.087063
vt 0.947487 0.087063
vt 0.947484 0.678552
vt 0.934339 0.678552
vt 0.961790 0.084807
vt 0.974933 0.084805
vt 0.974933 0.676305
vt 0.961787 0.676306
vt 0.947911 0.087699
vt 0.961056 0.087699
vt 0.961057 0.679183
vt 0.947911 0.679183
vt 0.921897 0.086993
vt 0.921897 0.678472
vt 0.933099 0.086492
vt 0.946243 0.086497
vt 0.946042 0.677969
vt 0.932896 0.677965
vt 0.934468 0.087320
vt 0.947612 0.087320
vt 0.947616 0.678800
vt 0.934469 0.678799
vt 0.961220 0.085661
vt 0.974363 0.085665
vt 0.974159 0.677154
vt 0.961015 0.677150
vt 0.960631 0.087064
vt 0.973776 0.087065
vt 0.973776 0.678551
vt 0.960630 0.678551
vt 0.921622 0.087699
vt 0.934766 0.087699
vt 0.934766 0.679183
vt 0.921620 0.679183
vt 0.918980 0.087328
vt 0.918769 0.678816
vt 0.959387 0.086502
vt 0.972531 0.086506
vt 0.972334 0.677978
vt 0.959188 0.677973
vt 0.960756 0.087321
vt 0.973901 0.087320
vt 0.973907 0.678800
vt 0.960761 0.678800
vt 0.949236 0.085648
vt 0.962380 0.085647
vt 0.962380 0.677149
vt 0.949233 0.677149
vt 0.922358 0.084807
vt 0.922350 0.676306
vt 0.935217 0.086640
vt 0.948361 0.086639
vt 0.948366 0.678114
vt 0.935220 0.678114
vt 0.974201 0.087699
vt 0.974203 0.679183
vt 0.932936 0.088948
vt 0.946080 0.088948
vt 0.946079 0.680438
vt 0.932933 0.680438
vt 0.921789 0.085646
vt 0.921577 0.677136
vt 0.922948 0.085648
vt 0.936092 0.085648
vt 0.936090 0.677149
vt 0.922944 0.677149
vt 0.921197 0.087063
vt 0.921193 0.678552
vt 0.934897 0.087241
vt 0.948041 0.087240
vt 0.948038 0.678735
vt 0.934892 0.678735
vt 0.961505 0.086639
vt 0.974649 0.086639
vt 0.974658 0.678114
vt 0.961512 0.678115
vt 0.959224 0.088948
vt 0.972369 0.088948
vt 0.972370 0.680437
vt 0.959224 0.680437
vt 0.919953 0.086487
vt 0.919750 0.677960
vt 0.921323 0.087319
vt 0.921323 0.678799
vt 0.934637 0.085268
vt 0.947781 0.085268
vt 0.947776 0.676762
vt 0.934630 0.676762
vt 0.975521 0.085646
vt 0.975521 0.677149
vt 0.933062 0.087245
vt 0.946207 0.087250
vt 0.946006 0.678742
vt 0.932860 0.678739
vt 0.961185 0.087240
vt 0.974328 0.087239
vt 0.974328 0.678734
vt 0.961183 0.678734
vt 0.947698 0.086993
vt 0.960842 0.086993
vt 0.960840 0.678468
vt 0.947694 0.678468
vt 0.934605 0.087908
vt 0.947749 0.087908
vt 0.947751 0.679393
vt 0.934606 0.679393
vt 0.920150 0.088948
vt 0.920154 0.680433
vt 0.934681 0.086899
vt 0.947826 0.086900
vt 0.947828 0.678378
vt 0.934682 0.678378
vt 0.960924 0.085268
vt 0.974066 0.085268
vt 0.974066 0.676761
vt 0.960921 0.676762
vt 0.972494 0.087257
vt 0.972297 0.678750
vt 0.959151 0.678747
vt 0.922072 0.086640
vt 0.922075 0.678114
vt 0.921409 0.086993
vt 0.934553 0.086993
vt 0.934548 0.678468
vt 0.921403 0.678468
vt 0.919788 0.680438
vt 0.960892 0.087908
vt 0.974037 0.087908
vt 0.974043 0.679392
vt 0.960897 0.679392
vt 0.935916 0.086831
vt 0.949061 0.086831
vt 0.949064 0.678315
vt 0.935918 0.678315
vt 0.960971 0.086900
vt 0.974115 0.086900
vt 0.974120 0.678378
vt 0.960974 0.678378
vt 0.947412 0.087760
vt 0.960555 0.087760
vt 0.960554 0.679257
vt 0.947408 0.679257
vt 0.921753 0.087240
vt 0.921746 0.678735
vt 0.934162 0.087241
vt 0.947306 0.087241
vt 0.947309 0.678716
vt 0.934163 0.678716
vt 0.973986 0.086993
vt 0.973986 0.678468
vt 0.947837 0.086226
vt 0.947840 0.677708
vt 0.962206 0.086831
vt 0.975350 0.086831
vt 0.975355 0.678315
vt 0.962209 0.678315
vt 0.921492 0.085268
vt 0.921484 0.676762
vt 0.921122 0.087760
vt 0.934266 0.087760
vt 0.934263 0.679257
vt 0.921116 0.679257
vt 0.919918 0.087241
vt 0.919715 0.678734
vt 0.934561 0.087063
vt 0.947706 0.087063
vt 0.934564 0.678538
vt 0.960450 0.087241
vt 0.973593 0.087241
vt 0.973601 0.678716
vt 0.960455 0.678716
vt 0.974126 0.086226
vt 0.974132 0.677708
vt 0.921460 0.087908
vt 0.921460 0.679393
vt 0.921536 0.086899
vt 0.921536 0.678378
vt 0.934793 0.086993
vt 0.947938 0.086993
vt 0.947940 0.678468
vt 0.934795 0.678467
vt 0.973699 0.087760
vt 0.973699 0.679257
vt 0.960850 0.087064
vt 0.973994 0.087064
vt 0.960855 0.678538
vt 0.946633 0.086920
vt 0.959777 0.086920
vt 0.959774 0.678416
vt 0.946629 0.678417
vt 0.934826 0.087523
vt 0.947971 0.087523
vt 0.947974 0.678993
vt 0.934828 0.678992
vt 0.922772 0.086831
vt 0.922772 0.678314
vt 0.935420 0.086899
vt 0.948565 0.086899
vt 0.948575 0.678377
vt 0.935429 0.678377
vt 0.961081 0.086994
vt 0.974225 0.086994
vt 0.974231 0.678468
vt 0.961086 0.678468
vt 0.973846 0.086225
vt 0.921017 0.087241
vt 0.921017 0.678716
vt 0.920345 0.086920
vt 0.933489 0.086920
vt 0.933483 0.678417
vt 0.920336 0.678417
vt 0.921549 0.086225
vt 0.921549 0.677706
vt 0.961115 0.087523
vt 0.974258 0.087523
vt 0.974265 0.678992
vt 0.961120 0.678993
vt 0.934786 0.087063
vt 0.947931 0.087064
vt 0.961709 0.086899
vt 0.974853 0.086899
vt 0.974867 0.678377
vt 0.961721 0.678377
vt 0.947345 0.086755
vt 0.960489 0.086755
vt 0.960486 0.678244
vt 0.947341 0.678244
vt 0.921417 0.087063
vt 0.935073 0.087523
vt 0.948218 0.087523
vt 0.948219 0.678997
vt 0.935074 0.678996
vt 0.972920 0.086919
vt 0.972920 0.678416
vt 0.932911 0.087328
vt 0.946056 0.087328
vt 0.946059 0.678809
vt 0.961075 0.087064
vt 0.974220 0.087064
vt 0.921648 0.086993
vt 0.921648 0.678467
vt 0.921057 0.086755
vt 0.934202 0.086755
vt 0.934195 0.678244
vt 0.921049 0.678244
vt 0.933913 0.086755
vt 0.947058 0.086755
vt 0.947061 0.678233
vt 0.933915 0.678232
vt 0.961362 0.087524
vt 0.974506 0.087524
vt 0.974511 0.678997
vt 0.961366 0.678997
vt 0.934948 0.087523
vt 0.948092 0.087523
vt 0.948096 0.679000
vt 0.934950 0.679000
vt 0.959200 0.087328
vt 0.972344 0.087328
vt 0.972350 0.678809
vt 0.921682 0.087522
vt 0.921682 0.678992
vt 0.922277 0.086899
vt 0.922283 0.678377
vt 0.946502 0.086920
vt 0.946507 0.678408
vt 0.973632 0.086755
vt 0.973632 0.678244
vt 0.946864 0.087241
vt 0.946867 0.678728
vt 0.960203 0.086755
vt 0.973347 0.086755
vt 0.973353 0.678233
vt 0.960208 0.678233
vt 0.921642 0.087063
vt 0.959645 0.086919
vt 0.972789 0.086919
vt 0.972799 0.678407
vt 0.959653 0.678407
vt 0.960009 0.087241
vt 0.973153 0.087241
vt 0.973158 0.678727
vt 0.960012 0.678727
vt 0.921927 0.087522
vt 0.921927 0.678995
vt 0.921804 0.087523
vt 0.921804 0.679000
vt 0.919767 0.087328
vt 0.973577 0.087760
vt 0.973577 0.679254
vt 0.920769 0.086755
vt 0.920769 0.678232
vt 0.960862 0.087522
vt 0.974006 0.087522
vt 0.974006 0.679024
vt 0.960862 0.679024
vt 0.936101 0.088003
vt 0.949246 0.088003
vt 0.949246 0.679502
vt 0.936101 0.679502
vt 0.920547 0.087328
vt 0.933692 0.087328
vt 0.933693 0.678832
vt 0.920548 0.678831
vt 0.947847 0.087523
vt 0.960991 0.087523
vt 0.960990 0.679025
vt 0.947846 0.679024
vt 0.958834 0.088182
vt 0.971979 0.088187
vt 0.971774 0.679685
vt 0.958630 0.679681
vt 0.935316 0.088003
vt 0.948460 0.088003
vt 0.948460 0.679502
vt 0.935316 0.679502
vt 0.921152 0.086993
vt 0.934297 0.086993
vt 0.934296 0.678495
vt 0.921152 0.678494
vt 0.947601 0.088003
vt 0.960745 0.088003
vt 0.960746 0.679500
vt 0.947601 0.679500
vt 0.959649 0.088003
vt 0.972792 0.088003
vt 0.972793 0.679503
vt 0.959649 0.679503
vt 0.934220 0.088003
vt 0.947365 0.088003
vt 0.947365 0.679502
vt 0.934221 0.679502
vt 0.920764 0.086944
vt 0.933908 0.086943
vt 0.933909 0.678441
vt 0.920764 0.678441
vt 0.921471 0.086832
vt 0.934616 0.086832
vt 0.934617 0.678336
vt 0.921472 0.678335
vt 0.960008 0.087286
vt 0.960008 0.678787
vt 0.961027 0.087687
vt 0.961027 0.679183
vt 0.934768 0.086943
vt 0.947912 0.086943
vt 0.947912 0.678442
vt 0.934768 0.678442
vt 0.922018 0.086831
vt 0.935163 0.086831
vt 0.945720 0.088003
vt 0.958864 0.088003
vt 0.958864 0.679501
vt 0.945720 0.679500
vt 0.920362 0.087241
vt 0.933507 0.087241
vt 0.933498 0.678741
vt 0.920354 0.678741
vt 0.936649 0.086943
vt 0.949793 0.086943
vt 0.949793 0.678443
vt 0.936649 0.678443
vt 0.921861 0.086943
vt 0.935006 0.086943
vt 0.935006 0.678440
vt 0.921861 0.678440
vt 0.947289 0.086944
vt 0.960434 0.086943
vt 0.960434 0.678444
vt 0.947289 0.678443
vt 0.959813 0.088182
vt 0.972956 0.088187
vt 0.972752 0.679687
vt 0.959609 0.679683
vt 0.947717 0.087522
vt 0.947717 0.679025
vt 0.962390 0.088003
vt 0.975535 0.088003
vt 0.975535 0.679501
vt 0.962390 0.679501
vt 0.947671 0.087320
vt 0.947678 0.678818
vt 0.921557 0.087522
vt 0.934702 0.087523
vt 0.934701 0.679024
vt 0.921557 0.679024
vt 0.945690 0.088177
vt 0.945486 0.679677
vt 0.961605 0.088003
vt 0.974749 0.088003
vt 0.974749 0.679501
vt 0.961605 0.679501
vt 0.948432 0.085268
vt 0.948432 0.676770
vt 0.935287 0.676770
vt 0.921312 0.088003
vt 0.934457 0.088003
vt 0.934457 0.679500
vt 0.921312 0.679499
vt 0.946505 0.088003
vt 0.946505 0.679503
vt 0.960509 0.088003
vt 0.973653 0.088003
vt 0.973653 0.679501
vt 0.960509 0.679501
vt 0.935242 0.088003
vt 0.948386 0.088003
vt 0.948386 0.679502
vt 0.935242 0.679502
vt 0.934805 0.087166
vt 0.947949 0.087165
vt 0.934812 0.678663
vt 0.961057 0.086943
vt 0.974201 0.086943
vt 0.974201 0.678442
vt 0.961057 0.678442
vt 0.919431 0.088003
vt 0.932575 0.088003
vt 0.932575 0.679500
vt 0.919431 0.679499
vt 0.959795 0.087241
vt 0.972940 0.087241
vt 0.972931 0.678741
vt 0.959786 0.678741
vt 0.962938 0.086943
vt 0.976082 0.086943
vt 0.976082 0.678442
vt 0.962938 0.678442
vt 0.934111 0.087064
vt 0.947256 0.087063
vt 0.947259 0.678563
vt 0.921001 0.086944
vt 0.934146 0.086944
vt 0.934145 0.678443
vt 0.921000 0.678443
vt 0.946668 0.088177
vt 0.946464 0.679679
vt 0.921427 0.087522
vt 0.934572 0.087522
vt 0.934573 0.679026
vt 0.921429 0.679026
vt 0.973959 0.087319
vt 0.973967 0.678818
vt 0.935814 0.086839
vt 0.948958 0.086839
vt 0.948958 0.678342
vt 0.935814 0.678342
vt 0.919401 0.088169
vt 0.932546 0.088173
vt 0.932341 0.679673
vt 0.919197 0.679668
vt 0.974721 0.676771
vt 0.933436 0.088003
vt 0.946580 0.088003
vt 0.946580 0.679502
vt 0.933435 0.679502
vt 0.920216 0.088003
vt 0.920215 0.679502
vt 0.961531 0.088003
vt 0.961531 0.679502
vt 0.948075 0.086943
vt 0.961219 0.086943
vt 0.961218 0.678443
vt 0.948074 0.678443
vt 0.961093 0.087165
vt 0.974237 0.087165
vt 0.974245 0.678663
vt 0.961100 0.678663
vt 0.934690 0.085268
vt 0.934739 0.087688
vt 0.934739 0.679183
vt 0.933872 0.086488
vt 0.947016 0.086487
vt 0.947024 0.677992
vt 0.933879 0.677992
vt 0.946651 0.087241
vt 0.946642 0.678741
vt 0.960400 0.087063
vt 0.973544 0.087063
vt 0.960404 0.678563
vt 0.935791 0.086943
vt 0.948935 0.086943
vt 0.948935 0.678442
vt 0.935791 0.678442
vt 0.920379 0.088169
vt 0.933523 0.088173
vt 0.933320 0.679675
vt 0.920176 0.679671
vt 0.922957 0.088003
vt 0.922957 0.679502
vt 0.962103 0.086839
vt 0.975247 0.086839
vt 0.975247 0.678341
vt 0.962103 0.678341
vt 0.935037 0.086839
vt 0.948182 0.086839
vt 0.948183 0.678344
vt 0.935039 0.678344
vt 0.922172 0.088003
vt 0.922172 0.679502
vt 0.959724 0.088003
vt 0.972868 0.088003
vt 0.972868 0.679501
vt 0.959724 0.679502
vt 0.933944 0.087909
vt 0.947087 0.087909
vt 0.947094 0.679408
vt 0.933949 0.679407
vt 0.921076 0.088003
vt 0.921076 0.679502
vt 0.974363 0.086943
vt 0.974363 0.678443
vt 0.946836 0.087328
vt 0.946838 0.678833
vt 0.921624 0.086943
vt 0.921624 0.678442
vt 0.960162 0.086487
vt 0.973307 0.086487
vt 0.973312 0.677993
vt 0.960168 0.677993
vt 0.947442 0.086994
vt 0.947441 0.678495
vt 0.923505 0.086943
vt 0.923505 0.678443
vt 0.962079 0.086943
vt 0.975223 0.086943
vt 0.975224 0.678442
vt 0.962079 0.678442
vt 0.947052 0.086943
vt 0.947053 0.678442
vt 0.947761 0.086831
vt 0.947762 0.678336
vt 0.921383 0.087320
vt 0.921389 0.678818
vt 0.961327 0.086839
vt 0.974472 0.086839
vt 0.974472 0.678345
vt 0.961327 0.678345
vt 0.948307 0.086831
vt 0.922143 0.085268
vt 0.922143 0.676770
vt 0.960232 0.087908
vt 0.973376 0.087908
vt 0.973383 0.679408
vt 0.960239 0.679408
vt 0.922098 0.088003
vt 0.922098 0.679502
vt 0.921786 0.086943
vt 0.934931 0.086943
vt 0.934930 0.678443
vt 0.921785 0.678443
vt 0.921660 0.087166
vt 0.973127 0.087328
vt 0.973127 0.678834
vt 0.960586 0.086993
vt 0.973731 0.086993
vt 0.973730 0.678495
vt 0.960585 0.678495
vt 0.920967 0.087064
vt 0.920970 0.678563
vt 0.960196 0.086943
vt 0.973341 0.086943
vt 0.973342 0.678442
vt 0.960197 0.678442
vt 0.960907 0.086831
vt 0.974051 0.086831
vt 0.974051 0.678337
vt 0.960907 0.678336
vt 0.922669 0.086839
vt 0.922670 0.678342
vt 0.961453 0.086831
vt 0.974597 0.086831
vt 0.920291 0.088003
vt 0.920290 0.679502
vt 0.961294 0.086943
vt 0.961294 0.678440
vt 0.974136 0.087523
vt 0.974135 0.679025
vt 0.920726 0.086488
vt 0.920734 0.677992
vt 0.973889 0.088003
vt 0.973890 0.679500
vt 0.922647 0.086943
vt 0.922647 0.678441
vt 0.921892 0.086840
vt 0.921893 0.678343
vt 0.972008 0.088003
vt 0.972008 0.679501
vt 0.920799 0.087909
vt 0.920804 0.679406
vt 0.973578 0.086943
vt 0.973578 0.678444
vt 0.921902 0.087908
vt 0.935047 0.087908
vt 0.935046 0.679408
vt 0.921901 0.679408
vt 0.923412 0.084912
vt 0.936555 0.071767
vt 0.936554 0.663263
vt 0.923409 0.676409
vt 0.961336 0.087908
vt 0.974480 0.087908
vt 0.974480 0.679408
vt 0.961336 0.679408
vt 0.949698 0.071767
vt 0.962843 0.084912
vt 0.962844 0.676409
vt 0.949698 0.663263
vt 0.948192 0.087908
vt 0.948190 0.679408
vt 0.975986 0.084912
vt 0.975989 0.676409
vt 0.934426 0.086993
vt 0.947570 0.086993
vt 0.947572 0.678486
vt 0.934428 0.678487
vt 0.935183 0.085856
vt 0.948326 0.072711
vt 0.948328 0.664199
vt 0.935183 0.677344
vt 0.921281 0.086993
vt 0.921283 0.678487
vt 0.961470 0.072711
vt 0.974615 0.085855
vt 0.974618 0.677344
vt 0.961473 0.664199
vt 0.960716 0.086993
vt 0.960716 0.678486
vt 0.922040 0.085856
vt 0.922038 0.677344
vt 0.973860 0.086993
vt 0.973861 0.678486
vt 0.289471 0.907009
vt 0.289472 0.441649
vt 0.297656 0.433471
vt 0.297593 0.906961
vt 0.197322 0.441648
vt 0.197321 0.907009
vt 0.189200 0.906947
vt 0.189200 0.436992
vt 0.093726 0.730502
vt 0.089062 0.753826
vt 0.084397 0.753826
vt 0.084397 0.730502
vt 0.026577 0.923742
vt 0.026578 0.176920
vt 0.048983 0.176921
vt 0.048982 0.923743
vt 0.193389 0.855111
vt 0.193388 0.222105
vt 0.329033 0.222105
vt 0.329033 0.855111
vt 0.242576 0.188776
vt 0.242577 0.991625
vt 0.335214 0.898988
vt 0.335213 0.096139
vt 0.203498 0.991791
vt 0.203497 0.065571
vt 0.335814 0.065571
vt 0.335815 0.991791
vt 0.173572 0.605612
vt 0.173568 0.558961
vt 0.313519 0.558945
vt 0.313525 0.605595
vt 0.061938 0.928327
vt 0.061938 0.181505
vt 0.151557 0.181505
vt 0.151557 0.928328
vt 0.242549 0.188753
vt 0.156947 0.446205
vt 0.156948 0.906947
vt 0.018725 0.906947
vt 0.018725 0.446206
vt 0.195854 0.519567
vt 0.195854 0.622196
vt 0.186525 0.622196
vt 0.186525 0.528896
vt 0.330150 0.442760
vt 0.330089 0.906965
vt 0.320804 0.906964
vt 0.320867 0.433474
vt 0.199796 0.924384
vt 0.199796 0.177560
vt 0.334225 0.177560
vt 0.334225 0.924385
vt 0.335802 0.519567
vt 0.335802 0.622196
vt 0.062474 0.181239
vt 0.062476 0.928064
vt 0.049519 0.923480
vt 0.049520 0.176655
vt 0.164513 0.168545
vt 0.164513 0.915368
vt 0.137562 0.914416
vt 0.199321 0.976173
vt 0.199314 0.173322
vt 0.137557 0.111566
vt 0.184318 0.685261
vt 0.188983 0.661936
vt 0.193647 0.661936
vt 0.193647 0.685261
vt 0.158535 0.622196
vt 0.065236 0.622196
vt 0.065236 0.524232
vt 0.158535 0.524231
vt 0.201700 0.775434
vt 0.201696 0.822082
vt 0.197033 0.822081
vt 0.197035 0.775433
vt 0.164378 0.775431
vt 0.164381 0.822081
vt 0.024427 0.822095
vt 0.024422 0.775443
vt 0.182946 0.660293
vt 0.182930 0.613650
vt 0.322855 0.613599
vt 0.322872 0.660242
vt 0.294990 0.822091
vt 0.294995 0.775443
vt 0.199114 0.173152
vt 0.199113 0.976000
vt 0.213124 0.976110
vt 0.213125 0.173262
vt 0.173708 0.775431
vt 0.173708 0.822081
vt 0.322977 0.822094
vt 0.299654 0.822092
vt 0.299659 0.775444
vt 0.322982 0.775447
vt 0.108111 0.898866
vt 0.123550 0.914306
vt 0.123545 0.111455
vt 0.108111 0.096021
vt 0.163199 0.622196
vt 0.163200 0.528896
vt 0.213334 0.976284
vt 0.228775 0.991724
vt 0.228766 0.188872
vt 0.213326 0.173433
vt 0.060572 0.622196
vt 0.037248 0.622196
vt 0.037248 0.528897
vt 0.060572 0.528897
vt 0.089062 0.847128
vt 0.093726 0.870453
vt 0.084397 0.870453
vt 0.084397 0.847128
vt 0.027918 0.622196
vt 0.027920 0.519568
vt 0.014962 0.660256
vt 0.014982 0.613600
vt 0.024309 0.622934
vt 0.024297 0.650928
vt 0.052303 0.618279
vt 0.052290 0.655607
vt 0.047625 0.650939
vt 0.047636 0.622943
vt 0.145612 0.655639
vt 0.145622 0.618312
vt 0.150284 0.622979
vt 0.150282 0.650974
vt 0.173612 0.650970
vt 0.173607 0.622979
vt 0.149242 0.991794
vt 0.149039 0.072888
vt 0.165280 0.056647
vt 0.165279 0.991662
vt 0.186918 0.168544
vt 0.186918 0.915368
vt 0.188983 0.568635
vt 0.184318 0.545310
vt 0.193648 0.545310
vt 0.193647 0.568635
vt 0.093893 0.095768
vt 0.093892 0.898617
vt 0.107905 0.898692
vt 0.107905 0.095843
vt 0.057751 0.861565
vt 0.057784 0.222015
vt 0.148501 0.222020
vt 0.148467 0.861570
vt 0.242788 0.991799
vt 0.242779 0.188947
vt 0.062141 0.991814
vt 0.061938 0.072907
vt 0.187332 0.056646
vt 0.187333 0.991662
vt 0.046106 0.991614
vt 0.045902 0.068408
vt 0.023558 0.872835
vt 0.023709 0.222091
vt 0.046623 0.222096
vt 0.046471 0.872840
vt 0.042957 0.558949
vt 0.042950 0.605597
vt 0.038286 0.605596
vt 0.038292 0.558948
vt 0.136248 0.605610
vt 0.136253 0.558961
vt 0.199087 0.976356
vt 0.137329 0.914598
vt 0.137330 0.111745
vt 0.199088 0.173502
vt 0.182305 0.866194
vt 0.182340 0.222137
vt 0.123317 0.914709
vt 0.107877 0.899270
vt 0.107880 0.096420
vt 0.123318 0.111855
vt 0.014962 0.605592
vt 0.014969 0.558945
vt 0.228538 0.991685
vt 0.213099 0.976245
vt 0.213100 0.173392
vt 0.228536 0.188828
vt 0.164240 0.605612
vt 0.140914 0.605611
vt 0.140917 0.558961
vt 0.164240 0.558962
vt 0.159628 0.866193
vt 0.159661 0.222136
vt 0.137555 0.111365
vt 0.137551 0.914219
vt 0.123539 0.914329
vt 0.093864 0.899345
vt 0.093867 0.096495
vt 0.242774 0.188377
vt 0.242773 0.991233
vt 0.228760 0.991307
vt 0.228762 0.188452
vt 0.008494 0.991721
vt 0.008170 0.084377
vt 0.024128 0.068413
vt 0.024330 0.991619
vt 0.012363 0.863636
vt 0.012511 0.222053
vt 0.402278 0.687687
vt 0.402315 0.596001
vt 0.860742 0.596173
vt 0.860709 0.687860
vt 0.402289 0.688031
vt 0.402344 0.596345
vt 0.860774 0.596619
vt 0.860719 0.688305
vt 0.402001 0.688096
vt 0.402001 0.596410
vt 0.860429 0.596409
vt 0.860431 0.688095
vt 0.402082 0.688362
vt 0.402127 0.596676
vt 0.860555 0.596899
vt 0.860512 0.688586
vt 0.402170 0.688661
vt 0.402171 0.596975
vt 0.860600 0.596975
vt 0.860601 0.688661
vt 0.402319 0.687309
vt 0.402319 0.595623
vt 0.860748 0.595622
vt 0.860749 0.687307
vt 0.402000 0.687482
vt 0.402001 0.595796
vt 0.860430 0.595796
vt 0.860431 0.687482
vt 0.400918 0.687626
vt 0.400918 0.595940
vt 0.859347 0.595940
vt 0.859349 0.687625
vt 0.402000 0.687952
vt 0.402000 0.596265
vt 0.860428 0.596265
vt 0.860431 0.687951
vt 0.402124 0.688343
vt 0.860552 0.596656
vt 0.860554 0.688342
vt 0.402727 0.687597
vt 0.402770 0.595911
vt 0.861197 0.596120
vt 0.861157 0.687805
vt 0.401914 0.688972
vt 0.401915 0.597286
vt 0.860344 0.597285
vt 0.860345 0.688972
vt 0.402321 0.695688
vt 0.860753 0.695861
vt 0.860719 0.787548
vt 0.402286 0.787375
vt 0.402330 0.696031
vt 0.860761 0.696307
vt 0.860705 0.787993
vt 0.402275 0.787718
vt 0.402047 0.696097
vt 0.860479 0.696096
vt 0.860479 0.787782
vt 0.402048 0.787784
vt 0.402124 0.696363
vt 0.860555 0.696587
vt 0.860510 0.788274
vt 0.402078 0.788050
vt 0.402216 0.696662
vt 0.860647 0.696662
vt 0.860647 0.788349
vt 0.402216 0.788349
vt 0.402365 0.695310
vt 0.860797 0.695309
vt 0.860797 0.786995
vt 0.402365 0.786997
vt 0.402047 0.695484
vt 0.860478 0.695484
vt 0.860478 0.787170
vt 0.402047 0.787171
vt 0.400965 0.695628
vt 0.859396 0.695626
vt 0.859397 0.787312
vt 0.400965 0.787314
vt 0.402047 0.695953
vt 0.860479 0.695952
vt 0.860479 0.787638
vt 0.402048 0.787640
vt 0.402170 0.696344
vt 0.860603 0.696343
vt 0.860603 0.788029
vt 0.402171 0.788031
vt 0.402770 0.695599
vt 0.861201 0.695806
vt 0.861160 0.787493
vt 0.402729 0.787285
vt 0.401960 0.696973
vt 0.860392 0.696973
vt 0.860392 0.788659
vt 0.401961 0.788660
vt 0.401868 0.589284
vt 0.860296 0.589284
vt 0.401954 0.588408
vt 0.860381 0.588408
vt 0.402078 0.588655
vt 0.860502 0.588655
vt 0.402273 0.588000
vt 0.860696 0.588172
vt 0.400872 0.587939
vt 0.859299 0.587939
vt 0.402273 0.587621
vt 0.860699 0.587621
vt 0.860513 0.588898
vt 0.402727 0.587910
vt 0.861153 0.588119
vt 0.402303 0.588344
vt 0.860733 0.588618
vt 0.401954 0.588264
vt 0.860379 0.588264
vt 0.401954 0.587795
vt 0.860383 0.587795
vt 0.402125 0.588973
vt 0.860553 0.588973
vt 0.445223 0.475408
vt 0.445250 0.012731
vt 0.453325 0.012684
vt 0.453298 0.475361
vt 0.893932 0.012704
vt 0.893933 0.992341
vt 0.343467 0.525846
vt 0.343467 0.479198
vt 0.343482 0.012694
vt 0.344929 0.991960
vt 0.344929 0.077448
vt 0.893636 0.077448
vt 0.893636 0.991960
vt 0.893608 0.992426
vt 0.893608 0.077914
vt 0.344901 0.077914
vt 0.344901 0.992426
vt 0.402127 0.688894
vt 0.860557 0.688893
vt 0.860604 0.696894
vt 0.402174 0.696896
vt 0.860604 0.788580
vt 0.402175 0.788581
vt 0.402126 0.597208
vt 0.860557 0.597207
vt 0.402078 0.589207
vt 0.860510 0.589207
vt 0.943694 0.375350
vt 0.934364 0.375350
vt 0.934364 0.236806
vt 0.943694 0.236807
vt 0.979412 0.375349
vt 0.966217 0.388544
vt 0.966218 0.223613
vt 0.979413 0.236807
vt 0.956888 0.388544
vt 0.956888 0.223612
vt 0.960619 0.301169
vt 0.979278 0.282509
vt 0.979278 0.441117
vt 0.960618 0.441117
vt 0.942035 0.458228
vt 0.942034 0.010394
vt 0.960694 0.010394
vt 0.960694 0.458228
vt 0.979353 0.010394
vt 0.979354 0.476888
vt 0.941959 0.301168
vt 0.941958 0.441118
vt 0.923597 0.476907
vt 0.923597 0.010410
vt 0.942257 0.010411
vt 0.942257 0.458247
vt 0.923298 0.282509
vt 0.923298 0.441118
vt 0.941960 0.459777
vt 0.960618 0.459776
vt 0.942290 0.255412
vt 0.932960 0.255411
vt 0.932960 0.116869
vt 0.942290 0.116869
vt 0.978009 0.255412
vt 0.964814 0.268606
vt 0.964814 0.103674
vt 0.978008 0.116869
vt 0.955484 0.268606
vt 0.955484 0.103674
vt 0.958213 0.298677
vt 0.976872 0.280017
vt 0.976872 0.438625
vt 0.958212 0.438625
vt 0.939553 0.298677
vt 0.939552 0.438626
vt 0.923375 0.476888
vt 0.923375 0.010393
vt 0.920893 0.280017
vt 0.920892 0.438626
vt 0.939554 0.457285
vt 0.958213 0.457285
vt 0.200332 0.177296
vt 0.200336 0.924121
vt 0.187457 0.915105
vt 0.187454 0.168281
vt 0.013698 0.936622
vt 0.013700 0.189800
vt 0.166162 0.436990
vt 0.166163 0.906946
vt 0.960916 0.010412
vt 0.960916 0.458247
vt 0.979575 0.010413
vt 0.979576 0.476906
vt 0.344586 0.991815
vt 0.344586 0.077303
vt 0.893293 0.077303
vt 0.893293 0.991816
vt 0.555087 0.475367
vt 0.555114 0.012691
vt 0.343434 0.475403
vt 0.343467 0.992342
vt 0.344948 0.991757
vt 0.893656 0.991757
vt 0.893657 0.077245
vt 0.344949 0.077244
vt 0.892568 0.991092
vt 0.343859 0.991091
vt 0.343859 0.076579
vt 0.892567 0.076580
vt 0.344553 0.077245
vt 0.893261 0.077245
vt 0.928321 0.843660
vt 0.915676 0.843591
vt 0.915678 0.119045
vt 0.928324 0.119114
vt 0.928424 0.836107
vt 0.915779 0.836033
vt 0.916031 0.111487
vt 0.928676 0.111561
vt 0.958357 0.861120
vt 0.945711 0.861049
vt 0.945712 0.136504
vt 0.958358 0.136573
vt 0.958454 0.853576
vt 0.945808 0.853502
vt 0.946058 0.128955
vt 0.958703 0.129029
vt 0.975747 0.843730
vt 0.975746 0.119184
vt 0.975849 0.836193
vt 0.976099 0.111647
vt 0.974251 0.827847
vt 0.961356 0.840742
vt 0.961356 0.096195
vt 0.974250 0.083300
vt 0.945157 0.840742
vt 0.932263 0.834925
vt 0.932264 0.090378
vt 0.945159 0.096195
vt 0.916063 0.834925
vt 0.916067 0.090378
vt 0.027114 0.923480
vt 0.027116 0.176654
vt 0.027115 0.923742
vt 0.027117 0.176920
vt 0.049521 0.176921
vt 0.049521 0.923742
vt 0.152093 0.181239
vt 0.152095 0.928063
vt 0.062478 0.928319
vt 0.062477 0.181498
vt 0.152095 0.181498
vt 0.152096 0.928319
vt 0.334760 0.177295
vt 0.334764 0.924120
vt 0.200335 0.924377
vt 0.200335 0.177553
vt 0.334763 0.177553
vt 0.334763 0.924377
vt 0.165048 0.168281
vt 0.165052 0.915105
vt 0.165051 0.168538
vt 0.165053 0.915361
vt 0.187456 0.168538
vt 0.187457 0.915361
vt 0.014236 0.936359
vt 0.014238 0.189533
vt 0.014236 0.936622
vt 0.014238 0.189800
vt 0.335410 0.095740
vt 0.335411 0.898595
vt 0.199309 0.975977
vt 0.199312 0.173123
vt 0.213321 0.975867
vt 0.213324 0.173013
vt 0.094087 0.898964
vt 0.094091 0.096111
vt 0.335422 0.899161
vt 0.335415 0.096311
vt 0.137355 0.914242
vt 0.137357 0.111395
vt 0.123344 0.914131
vt 0.123346 0.111284
vt 0.228564 0.991550
vt 0.228564 0.188701
vt 0.094099 0.095946
vt 0.094099 0.898791
usemtl IronStairs_Mat
s off
f 2329/2919 2330/2920 2331/2921 2332/2922
f 2333/2923 2329/2924 2332/2925 2334/2926
f 2330/2920 2335/2927 2336/2928 2331/2921
f 2335/2927 2333/2923 2334/2926 2336/2928
f 2337/2929 2338/2930 2339/2931 2340/2932
f 2341/2933 2342/2934 2343/2935 2344/2936
f 2343/2935 2345/2937 2346/2938 2344/2936
f 2347/2939 2340/2932 2339/2931 2348/2940
f 2338/2930 2349/2941 2348/2942 2339/2931
f 2342/2934 2350/2943 2345/2944 2343/2935
f 2351/2945 2341/2933 2344/2936 2346/2946
f 2352/2947 2337/2929 2340/2932 2347/2948
f 2353/2949 2354/2950 2355/2951 2356/2952
f 2357/2953 2358/2954 2359/2955 2360/2956
f 2359/2955 2361/2957 2362/2958 2360/2956
f 2363/2959 2356/2952 2355/2951 2364/2960
f 2354/2950 2365/2961 2364/2962 2355/2951
f 2358/2954 2366/2963 2361/2964 2359/2955
f 2367/2965 2357/2953 2360/2956 2362/2966
f 2368/2967 2353/2949 2356/2952 2363/2968
f 2369/2969 2370/2970 2371/2971 2372/2972
f 2373/2973 2374/2974 2375/2975 2376/2976
f 2375/2975 2377/2977 2378/2978 2376/2976
f 2379/2979 2372/2972 2371/2971 2380/2980
f 2370/2970 2381/2981 2380/2982 2371/2971
f 2374/2974 2382/2983 2377/2984 2375/2975
f 2383/2985 2373/2973 2376/2976 2378/2986
f 2384/2987 2369/2969 2372/2972 2379/2988
f 2385/2989 2386/2990 2387/2991 2388/2992
f 2389/2993 2390/2994 2391/2995 2392/2996
f 2391/2995 2393/2997 2394/2998 2392/2996
f 2395/2999 2388/2992 2387/2991 2396/3000
f 2386/2990 2397/3001 2396/3002 2387/2991
f 2390/2994 2398/3003 2393/3004 2391/2995
f 2399/3005 2389/2993 2392/2996 2394/3006
f 2400/3007 2385/2989 2388/2992 2395/3008
f 2401/3009 2402/3010 2403/3011 2404/3012
f 2405/3013 2406/3014 2407/3015 2408/3016
f 2407/3015 2409/3017 2410/3018 2408/3016
f 2411/3019 2404/3012 2403/3011 2412/3020
f 2402/3010 2413/3021 2412/3022 2403/3011
f 2406/3014 2414/3023 2409/3024 2407/3015
f 2415/3025 2405/3013 2408/3016 2410/3026
f 2416/3027 2401/3009 2404/3012 2411/3028
f 2417/3029 2418/3030 2419/3031 2420/3032
f 2421/3033 2422/3034 2423/3035 2424/3036
f 2423/3035 2425/3037 2426/3038 2424/3036
f 2427/3039 2420/3032 2419/3031 2428/3040
f 2418/3030 2429/3041 2428/3042 2419/3031
f 2422/3034 2430/3043 2425/3044 2423/3035
f 2431/3045 2421/3033 2424/3036 2426/3046
f 2432/3047 2417/3029 2420/3032 2427/3048
f 2433/3049 2434/3050 2435/3051 2436/3052
f 2437/3053 2438/3054 2439/3055 2440/3056
f 2439/3055 2441/3057 2442/3058 2440/3056
f 2443/3059 2436/3052 2435/3051 2444/3060
f 2434/3050 2445/3061 2444/3062 2435/3051
f 2438/3054 2446/3063 2441/3064 2439/3055
f 2447/3065 2437/3053 2440/3056 2442/3066
f 2448/3067 2433/3049 2436/3052 2443/3068
f 2449/3069 2450/3070 2451/3071 2452/3072
f 2453/3073 2454/3074 2455/3075 2456/3076
f 2455/3075 2457/3077 2458/3078 2456/3076
f 2459/3079 2452/3072 2451/3071 2460/3080
f 2450/3070 2461/3081 2460/3082 2451/3071
f 2454/3074 2462/3083 2457/3084 2455/3075
f 2463/3085 2453/3073 2456/3076 2458/3086
f 2464/3087 2449/3069 2452/3072 2459/3088
f 2465/3089 2466/3090 2467/3091 2468/3092
f 2469/3093 2470/3094 2471/3095 2472/3096
f 2471/3095 2473/3097 2474/3098 2472/3096
f 2475/3099 2468/3092 2467/3091 2476/3100
f 2466/3090 2477/3101 2476/3102 2467/3091
f 2470/3094 2478/3103 2473/3104 2471/3095
f 2479/3105 2469/3093 2472/3096 2474/3106
f 2480/3107 2465/3089 2468/3092 2475/3108
f 2481/3109 2482/3110 2483/3111 2484/3112
f 2485/3113 2486/3114 2487/3115 2488/3116
f 2487/3115 2489/3117 2490/3118 2488/3116
f 2491/3119 2484/3112 2483/3111 2492/3120
f 2482/3110 2493/3121 2492/3122 2483/3111
f 2486/3114 2494/3123 2489/3124 2487/3115
f 2495/3125 2485/3113 2488/3116 2490/3126
f 2496/3127 2481/3109 2484/3112 2491/3128
f 2497/3129 2498/3130 2499/3131 2500/3132
f 2501/3133 2502/3134 2503/3135 2504/3136
f 2503/3135 2505/3137 2506/3138 2504/3136
f 2507/3139 2500/3132 2499/3131 2508/3140
f 2498/3130 2509/3141 2508/3142 2499/3131
f 2502/3134 2510/3143 2505/3144 2503/3135
f 2511/3145 2501/3133 2504/3136 2506/3146
f 2512/3147 2497/3129 2500/3132 2507/3148
f 2513/3149 2514/3150 2515/3151 2516/3152
f 2517/3153 2518/3154 2519/3155 2520/3156
f 2519/3155 2521/3157 2522/3158 2520/3156
f 2523/3159 2516/3152 2515/3151 2524/3160
f 2514/3150 2525/3161 2524/3162 2515/3151
f 2518/3154 2526/3163 2521/3164 2519/3155
f 2527/3165 2517/3153 2520/3156 2522/3166
f 2528/3167 2513/3149 2516/3152 2523/3168
f 2529/3169 2530/3170 2531/3171 2532/3172
f 2533/3173 2534/3174 2535/3175 2536/3176
f 2535/3175 2537/3177 2538/3178 2536/3176
f 2539/3179 2532/3172 2531/3171 2540/3180
f 2530/3170 2541/3181 2540/3182 2531/3171
f 2534/3174 2542/3183 2537/3184 2535/3175
f 2543/3185 2533/3173 2536/3176 2538/3186
f 2544/3187 2529/3169 2532/3172 2539/3188
f 2545/3189 2546/3190 2547/3191 2548/3192
f 2549/3193 2550/3194 2551/3195 2552/3196
f 2553/3197 2549/3193 2552/3196 2554/3198
f 2546/3190 2555/3199 2556/3200 2547/3191
f 2550/3194 2557/3201 2558/3202 2551/3195
f 2555/3199 2559/3203 2560/3204 2556/3200
f 2557/3201 2553/3205 2554/3206 2558/3202
f 2559/3203 2545/3207 2548/3208 2560/3204
f 2561/3209 2562/3210 2563/3211 2564/3212
f 2565/3213 2566/3214 2567/3215 2568/3216
f 2569/3217 2570/3218 2571/3219 2572/3220
f 2573/3221 2574/3222 2575/3223 2576/3224
f 2574/3225 2577/3226 2578/3227 2575/3228
f 2579/3229 2580/3230 2581/3231 2582/3232
f 2580/3230 2569/3217 2572/3220 2581/3231
f 2570/3233 2579/3229 2582/3232 2571/3234
f 2566/3214 2561/3209 2564/3212 2567/3215
f 2583/3235 2573/3221 2576/3224 2584/3236
f 2577/3226 2583/3235 2584/3236 2578/3227
f 2562/3237 2565/3213 2568/3216 2563/3238
f 2585/3239 2586/3240 2587/3241 2588/3242
f 2587/3243 2589/3244 2590/3245 2588/3242
f 2591/3246 2592/3247 2593/3248 2594/3249
f 2595/3250 2592/3251 2591/3252 2596/3253
f 2597/3254 2598/3255 2590/3245 2589/3256
f 2599/3257 2591/3246 2594/3249 2600/3258
f 2591/3252 2599/3259 2601/3260 2596/3253
f 2598/3255 2585/3239 2588/3242 2590/3245
f 2597/3261 2602/3262 2603/3263 2598/3264
f 2604/3265 2605/3266 2606/3267 2607/3268
f 2593/3269 2608/3270 2600/3258 2594/3249
f 2609/3271 2610/3272 2607/3273 2606/3267
f 2611/3274 2610/3275 2609/3276 2612/3277
f 2613/3278 2609/3271 2606/3267 2605/3266
f 2613/3279 2614/3280 2612/3277 2609/3276
f 2615/3281 2616/3282 2617/3283 2618/3284
f 2619/3285 2616/3286 2615/3287 2620/3288
f 2621/3289 2615/3281 2618/3284 2622/3290
f 2623/3291 2624/3292 2625/3293 2626/3294
f 2621/3295 2627/3296 2620/3288 2615/3287
f 2628/3297 2624/3298 2623/3299 2629/3300
f 2630/3301 2631/3302 2629/3300 2623/3299
f 2630/3303 2623/3291 2626/3294 2632/3304
f 2633/3305 2634/3306 2631/3302 2630/3301
f 2633/3307 2630/3303 2632/3304 2635/3308
f 2636/3309 2637/3310 2601/3260 2599/3259
f 2638/3311 2639/3312 2614/3280 2613/3279
f 2640/3313 2641/3314 2627/3296 2621/3295
f 2642/3315 2622/3290 2618/3284 2617/3316
f 2638/3317 2613/3278 2605/3266 2604/3318
f 2643/3319 2586/3320 2585/3321 2644/3322
f 2635/3323 2632/3304 2626/3294 2625/3324
f 2640/3325 2621/3289 2622/3290 2642/3326
f 2585/3321 2598/3264 2603/3263 2644/3322
f 2636/3327 2599/3257 2600/3258 2608/3328
f 2645/3329 2646/3330 2647/3331 2648/3332
f 2649/3333 2650/3334 2651/3335 2652/3336
f 2653/3337 2654/3338 2655/3339 2656/3340
f 2657/3341 2649/3333 2652/3336 2658/3342
f 2659/3343 2657/3341 2658/3342 2660/3344
f 2650/3345 2659/3343 2660/3344 2651/3346
f 4190/3347 4186/3348 2661/3349 2662/3350
f 2663/3351 2662/3352 2664/3353 2665/3354
f 2662/3352 2661/3355 2645/3356 2664/3353
f 4192/3357 4188/3358 2663/3359 2666/3360
f 4186/3361 4192/3357 2666/3360 2661/3362
f 2666/3363 2663/3351 2665/3354 2646/3364
f 2661/3365 2666/3363 2646/3364 2645/3366
f 2665/3367 2664/3368 2667/3369 2668/3370
f 4198/3371 4200/3372 2669/3373 2670/3374
f 2646/3330 2665/3367 2668/3370 2647/3331
f 2664/3368 2645/3375 2648/3376 2667/3369
f 2671/3377 2672/3378 2673/3379 2674/3380
f 4199/3381 4197/3382 2672/3383 2671/3384
f 4200/3372 4199/3381 2671/3384 2669/3373
f 4197/3385 4198/3371 2670/3374 2672/3386
f 2669/3387 2671/3377 2674/3380 2675/3388
f 2672/3389 2670/3390 2676/3391 2673/3392
f 2670/3390 2669/3387 2675/3388 2676/3391
f 2676/3393 2675/3388 2674/3380 2673/3394
f 4196/3395 4195/3396 2679/3397 2680/3398
f 2653/3399 2681/3400 2678/3401 2677/3402
f 2682/3403 2683/3404 2684/3405 2685/3406
f 4194/3407 4193/3408 2683/3409 2682/3410
f 4195/3396 4194/3407 2682/3410 2679/3397
f 4193/3408 4196/3411 2680/3412 2683/3409
f 2679/3413 2682/3403 2685/3406 2688/3414
f 2683/3404 2680/3415 2689/3416 2684/3405
f 2680/3417 2679/3413 2688/3414 2689/3418
f 2689/3419 2688/3414 2685/3406 2684/3420
f 2690/3421 2681/3422 2691/3423 2692/3424
f 2681/3400 2690/3425 2686/3426 2678/3401
f 2690/3425 2654/3427 2687/3428 2686/3426
f 2654/3338 2690/3421 2692/3424 2655/3339
f 2681/3422 2653/3429 2656/3430 2691/3423
f 2654/3427 2653/3431 2677/3432 2687/3428
f 2693/3433 2694/3434 2695/3435 2696/3436
f 2697/3437 2698/3438 2699/3439 2700/3440
f 2701/3441 2702/3442 2703/3443 2704/3444
f 2705/3445 2706/3446 2707/3447 2708/3448
f 2709/3449 2710/3450 2711/3451 2712/3452
f 2713/3453 2714/3454 2715/3455 2716/3456
f 2717/3457 2718/3458 2719/3459 2720/3460
f 2721/3461 2722/3462 2723/3463 2724/3464
f 2725/3465 2726/3466 2727/3467 2728/3468
f 2729/3469 2730/3470 2731/3471 2732/3472
f 2733/3473 2734/3474 2735/3475 2736/3476
f 2737/3477 2738/3478 2739/3479 2740/3480
f 2741/3469 2742/3481 2743/3482 2744/3472
f 2745/3483 2746/3484 2747/3485 2748/3486
f 2749/3487 2750/3488 2751/3489 2752/3490
f 2753/3491 2754/3492 2755/3493 2756/3494
f 2757/3495 2693/3433 2696/3436 2758/3496
f 2759/3497 2697/3498 2700/3499 2760/3500
f 2761/3501 2762/3502 2763/3503 2764/3504
f 2765/3505 2766/3506 2767/3507 2768/3508
f 2769/3509 2770/3510 2771/3511 2772/3512
f 2773/3513 2774/3514 2775/3515 2776/3516
f 2777/3517 2778/3518 2779/3519 2780/3520
f 2781/3521 2782/3522 2783/3523 2784/3524
f 2785/3525 2725/3465 2728/3468 2786/3526
f 2787/3527 2729/3528 2732/3529 2788/3530
f 2789/3531 2790/3532 2791/3533 2792/3534
f 2793/3535 2794/3536 2795/3537 2796/3538
f 2797/3539 2798/3540 2799/3541 2800/3542
f 2801/3543 2802/3544 2803/3545 2804/3546
f 2805/3547 2806/3548 2807/3549 2808/3550
f 2809/3551 2753/3552 2756/3553 2810/3554
f 2694/3555 2811/3556 2812/3557 2695/3558
f 2698/3438 2813/3559 2814/3560 2699/3439
f 2815/3561 2816/3562 2817/3563 2818/3564
f 2819/3565 2820/3566 2821/3567 2822/3568
f 2823/3569 2824/3570 2825/3571 2826/3572
f 2827/3573 2828/3574 2829/3575 2830/3576
f 2718/3458 2777/3517 2780/3520 2719/3459
f 2722/3462 2781/3577 2784/3578 2723/3463
f 2726/3579 2831/3580 2832/3581 2727/3582
f 2730/3470 2833/3441 2834/3583 2731/3471
f 2835/3584 2836/3585 2837/3586 2838/3587
f 2839/3588 2840/3589 2841/3590 2842/3591
f 2843/3592 2844/3593 2845/3594 2846/3595
f 2847/3596 2848/3597 2849/3598 2850/3599
f 2746/3484 2801/3543 2804/3546 2747/3485
f 2750/3488 2805/3600 2808/3601 2751/3489
f 2754/3492 2851/3602 2852/3603 2755/3493
f 2853/3481 2854/3604 2855/3605 2856/3606
f 2857/3607 2858/3608 2859/3609 2860/3610
f 2861/3611 2862/3612 2863/3613 2864/3614
f 2865/3615 2866/3616 2867/3617 2868/3618
f 2770/3510 2823/3569 2826/3572 2771/3511
f 2774/3514 2827/3619 2830/3620 2775/3515
f 2778/3621 2717/3457 2720/3460 2779/3622
f 2782/3522 2721/3461 2724/3464 2783/3523
f 2869/3623 2870/3624 2871/3625 2872/3626
f 2873/3627 2874/3628 2875/3629 2876/3630
f 2877/3631 2878/3632 2879/3633 2880/3634
f 2881/3635 2882/3636 2883/3637 2884/3638
f 2798/3540 2843/3592 2846/3595 2799/3541
f 2885/3639 2886/3640 2887/3641 2888/3642
f 2802/3643 2745/3483 2748/3486 2803/3644
f 2806/3548 2749/3487 2752/3490 2807/3549
f 2889/3645 2890/3646 2891/3647 2892/3648
f 2893/3442 2894/3528 2895/3529 2896/3443
f 2897/3649 2898/3650 2899/3651 2900/3652
f 2816/3562 2861/3611 2864/3614 2817/3563
f 2820/3566 2865/3653 2868/3654 2821/3567
f 2824/3655 2769/3509 2772/3512 2825/3656
f 2828/3574 2773/3513 2776/3516 2829/3575
f 2901/3657 2902/3658 2903/3659 2904/3660
f 2905/3661 2906/3662 2907/3663 2908/3664
f 2909/3665 2910/3666 2911/3667 2912/3668
f 2913/3669 2914/3670 2915/3671 2916/3672
f 2836/3585 2877/3631 2880/3634 2837/3586
f 2840/3589 2881/3673 2884/3674 2841/3590
f 2844/3675 2797/3539 2800/3542 2845/3676
f 2917/3677 2918/3678 2919/3679 2920/3680
f 2921/3681 2922/3682 2923/3683 2924/3684
f 2854/3604 2893/3442 2896/3443 2855/3605
f 2858/3608 2897/3685 2900/3686 2859/3609
f 2862/3687 2815/3561 2818/3564 2863/3688
f 2866/3616 2819/3565 2822/3568 2867/3617
f 2925/3689 2926/3690 2927/3691 2928/3692
f 2929/3693 2930/3694 2931/3695 2932/3696
f 2933/3697 2934/3698 2935/3699 2936/3700
f 2937/3701 2938/3702 2939/3703 2940/3704
f 2870/3624 2909/3665 2912/3668 2871/3625
f 2874/3628 2913/3705 2916/3706 2875/3629
f 2878/3707 2835/3584 2838/3587 2879/3708
f 2882/3636 2839/3588 2842/3591 2883/3637
f 2941/3709 2942/3710 2943/3711 2944/3712
f 2945/3713 2946/3714 2947/3715 2948/3716
f 2890/3646 2921/3717 2924/3718 2891/3647
f 2894/3501 2853/3481 2856/3606 2895/3504
f 2898/3650 2857/3607 2860/3610 2899/3651
f 2949/3719 2950/3720 2951/3721 2952/3722
f 2953/3723 2954/3724 2955/3725 2956/3726
f 2957/3727 2958/3728 2959/3729 2960/3730
f 2961/3731 2962/3732 2963/3733 2964/3734
f 2902/3658 2933/3697 2936/3700 2903/3659
f 2906/3662 2937/3735 2940/3736 2907/3663
f 2910/3737 2869/3623 2872/3626 2911/3738
f 2914/3670 2873/3627 2876/3630 2915/3671
f 2965/3739 2966/3740 2967/3741 2968/3742
f 2969/3743 2970/3744 2971/3745 2972/3746
f 2918/3678 2945/3747 2948/3748 2919/3679
f 2922/3682 2889/3645 2892/3648 2923/3683
f 2973/3481 2974/3604 2975/3444 2976/3503
f 2977/3749 2978/3750 2979/3751 2980/3752
f 2981/3753 2982/3754 2983/3755 2984/3756
f 2985/3757 2986/3758 2987/3759 2988/3760
f 2926/3690 2957/3727 2960/3730 2927/3691
f 2930/3694 2961/3761 2964/3762 2931/3695
f 2934/3763 2901/3657 2904/3660 2935/3764
f 2938/3702 2905/3661 2908/3664 2939/3703
f 2989/3765 2990/3720 2991/3721 2992/3766
f 2993/3767 2994/3768 2995/3769 2996/3770
f 2997/3771 2998/3619 2999/3620 3000/3772
f 2942/3710 2969/3743 2972/3746 2943/3711
f 2946/3714 2917/3677 2920/3680 2947/3715
f 3001/3773 3002/3774 3003/3775 3004/3776
f 3005/3777 3006/3778 3007/3779 3008/3780
f 3009/3442 3010/3528 3011/3529 3012/3443
f 3013/3547 3014/3781 3015/3549 3016/3550
f 2950/3720 2981/3753 2984/3756 2951/3721
f 2954/3724 2985/3782 2988/3783 2955/3725
f 2958/3784 2925/3689 2928/3692 2959/3785
f 2962/3732 2929/3693 2932/3696 2963/3733
f 3017/3786 3018/3787 3019/3788 3020/3789
f 3021/3790 3022/3791 3023/3792 3024/3793
f 3025/3794 3026/3754 3027/3755 3028/3795
f 3029/3796 3030/3797 3031/3798 3032/3799
f 2966/3740 2997/3771 3000/3772 2967/3741
f 2970/3800 2941/3709 2944/3712 2971/3801
f 2886/3802 2847/3596 2850/3599 2887/3803
f 3033/3804 3034/3805 3035/3806 3036/3807
f 3037/3808 3038/3809 3039/3810 3040/3811
f 3041/3812 3042/3813 3043/3814 3044/3815
f 2974/3604 3009/3442 3012/3443 2975/3444
f 2978/3750 3013/3728 3016/3729 2979/3751
f 2982/3816 2949/3719 2952/3722 2983/3817
f 2986/3758 2953/3723 2956/3726 2987/3759
f 3045/3818 3046/3819 3047/3820 3048/3821
f 3049/3822 3050/3823 3051/3824 3052/3825
f 3053/3826 3054/3827 3055/3828 3056/3829
f 3057/3830 3058/3831 3059/3832 3060/3833
f 2990/3720 3025/3794 3028/3795 2991/3721
f 2994/3768 3029/3834 3032/3835 2995/3769
f 2998/3573 2965/3739 2968/3742 2999/3576
f 3061/3532 3062/3836 3063/3837 3064/3838
f 2848/3597 2885/3639 2888/3642 2849/3598
f 3065/3839 3066/3840 3067/3841 3068/3842
f 3002/3774 3037/3808 3040/3811 3003/3775
f 3006/3778 3041/3843 3044/3844 3007/3779
f 3010/3501 2973/3481 2976/3503 3011/3504
f 3014/3781 2977/3749 2980/3752 3015/3549
f 2710/3450 3069/3845 3070/3846 2711/3451
f 2714/3454 3071/3847 3072/3848 2715/3455
f 3073/3849 3074/3850 3075/3851 3076/3852
f 3077/3853 3078/3854 3079/3855 3080/3856
f 3018/3787 3053/3826 3056/3829 3019/3788
f 3022/3791 3057/3857 3060/3858 3023/3792
f 3026/3816 2989/3765 2992/3766 3027/3817
f 3030/3797 2993/3767 2996/3770 3031/3798
f 2742/3481 3081/3604 3082/3583 2743/3482
f 3083/3859 3084/3860 3085/3861 3086/3862
f 3034/3805 3065/3863 3068/3864 3035/3806
f 3038/3865 3001/3773 3004/3776 3039/3866
f 3042/3813 3005/3777 3008/3780 3043/3814
f 2762/3502 2701/3441 2704/3444 2763/3503
f 2766/3506 2705/3445 2708/3448 2767/3507
f 3087/3867 2709/3868 2712/3869 3088/3870
f 3089/3871 2713/3453 2716/3456 3090/3872
f 3046/3819 3073/3849 3076/3852 3047/3820
f 3050/3823 3077/3873 3080/3874 3051/3824
f 3054/3875 3017/3786 3020/3789 3055/3876
f 3058/3831 3021/3790 3024/3793 3059/3832
f 2790/3532 2733/3473 2736/3476 2791/3533
f 2794/3536 2737/3477 2740/3480 2795/3537
f 3091/3877 2741/3528 2744/3529 3092/3878
f 3062/3836 3083/3859 3086/3862 3063/3837
f 3066/3840 3033/3804 3036/3807 3067/3841
f 2811/3556 2757/3495 2758/3496 2812/3557
f 2813/3559 2759/3497 2760/3500 2814/3560
f 2702/3442 2761/3528 2764/3529 2703/3443
f 2706/3879 2765/3505 2768/3508 2707/3880
f 3069/3845 3087/3867 3088/3870 3070/3846
f 3071/3847 3089/3881 3090/3882 3072/3848
f 3074/3883 3045/3818 3048/3821 3075/3884
f 3078/3854 3049/3822 3052/3825 3079/3855
f 2831/3580 2785/3525 2786/3526 2832/3581
f 2833/3441 2787/3527 2788/3530 2834/3583
f 2734/3474 2789/3885 2792/3861 2735/3475
f 2738/3886 2793/3535 2796/3538 2739/3887
f 3081/3604 3091/3877 3092/3878 3082/3583
f 3084/3888 3061/3532 3064/3838 3085/3889
f 2851/3602 2809/3551 2810/3554 2852/3603
f 3093/3890 3094/3891 3095/3892 3096/3893
f 3097/3894 3098/3895 3099/3896 3100/3897
f 3101/3898 3102/3899 3103/3900 3104/3901
f 3105/3902 3106/3903 3107/3904 3108/3905
f 3109/3906 3110/3907 3111/3908 3112/3909
f 3113/3910 3114/3911 3115/3912 3116/3913
f 3117/3914 3118/3915 3119/3916 3120/3917
f 3121/3918 3122/3919 3123/3920 3124/3921
f 3125/3922 3126/3923 3127/3924 3128/3925
f 3129/3926 3130/3927 3131/3928 3132/3929
f 3133/3930 3134/3931 3135/3932 3136/3933
f 3137/3934 3138/3935 3139/3936 3140/3937
f 3141/3938 3142/3939 3143/3940 3144/3941
f 3145/3942 3105/3902 3108/3905 3146/3943
f 3147/3944 3148/3945 3149/3946 3150/3947
f 3151/3948 3152/3949 3153/3950 3154/3951
f 3155/3952 3117/3518 3120/3953 3156/3954
f 3157/3955 3158/3956 3159/3957 3160/3958
f 3161/3959 3162/3960 3163/3961 3164/3962
f 3165/3963 3129/3926 3132/3929 3166/3964
f 3167/3965 3168/3966 3169/3967 3170/3968
f 3098/3895 3137/3934 3140/3937 3099/3896
f 3106/3969 3171/3970 3172/3971 3107/3972
f 3173/3973 3174/3974 3175/3975 3176/3976
f 3177/3465 3178/3977 3179/3978 3180/3979
f 3118/3915 3181/3980 3182/3981 3119/3916
f 3183/3982 3184/3983 3185/3984 3186/3985
f 3126/3923 3161/3959 3164/3962 3127/3924
f 3130/3986 3187/3987 3188/3988 3131/3989
f 3134/3931 3167/3990 3170/3991 3135/3932
f 3138/3992 3097/3894 3100/3897 3139/3993
f 3189/3994 3190/3995 3191/3996 3192/3997
f 3193/3998 3194/3999 3195/4000 3196/4001
f 3152/3949 3177/3465 3180/3979 3153/3950
f 3197/4002 3198/4003 3199/4004 3200/4005
f 3158/3956 3183/3982 3186/3985 3159/3957
f 3162/4006 3125/3922 3128/3925 3163/4007
f 3201/4008 3202/4009 3203/4010 3204/4011
f 3168/3966 3133/3930 3136/3933 3169/3967
f 3205/4012 3206/4013 3207/4014 3208/4015
f 3209/3665 3210/3666 3211/3667 3212/3668
f 3174/3974 3193/3998 3196/4001 3175/3975
f 3178/3579 3151/3948 3154/3951 3179/4016
f 3213/4017 3214/4018 3215/4019 3216/4020
f 3184/4021 3157/3955 3160/3958 3185/4022
f 3217/4023 3218/4024 3219/4025 3220/4026
f 3221/4027 3222/4028 3223/4029 3224/4030
f 3225/4031 3226/4032 3227/4033 3228/4034
f 3229/4035 3230/4036 3231/4037 3232/4038
f 3190/3995 3209/3665 3212/3668 3191/3996
f 3194/4039 3173/3973 3176/3976 3195/4040
f 3233/4041 3234/4042 3235/4043 3236/4044
f 3198/4003 3213/4045 3216/4046 3199/4004
f 3237/4047 3238/4048 3239/4049 3240/4050
f 3241/4051 3242/4052 3243/4053 3244/4054
f 3202/4009 3221/4027 3224/4030 3203/4010
f 3245/4055 3246/4056 3247/4057 3248/4058
f 3206/4013 3229/4035 3232/4038 3207/4014
f 3210/3737 3189/3994 3192/3997 3211/3738
f 3249/4059 3250/4060 3251/4061 3252/4062
f 3253/4063 3254/4064 3255/4065 3256/2926
f 3214/4018 3197/4002 3200/4005 3215/4019
f 3257/4066 3258/4067 3259/4068 3260/4069
f 3218/4024 3241/4051 3244/4054 3219/4025
f 3222/4070 3201/4008 3204/4011 3223/4071
f 3226/4072 3245/4055 3248/4058 3227/4073
f 3230/4074 3205/4012 3208/4015 3231/4075
f 3261/4076 3262/4077 3263/4078 3264/4079
f 3265/4080 3266/4081 3267/4082 3268/4083
f 3234/4042 3253/4063 3256/2926 3235/4043
f 3269/4084 3270/4085 3271/4086 3272/4087
f 3238/4048 3257/4066 3260/4069 3239/4049
f 3242/4088 3217/4023 3220/4026 3243/4089
f 3273/4090 3274/4091 3275/4092 3276/4093
f 3246/4056 3225/4031 3228/4034 3247/4057
f 3277/4094 3278/4095 3279/4096 3280/4097
f 3281/4098 3282/4099 3283/4100 3284/4101
f 3250/4060 3265/4080 3268/4083 3251/4061
f 3254/4102 3233/4041 3236/4044 3255/4103
f 3285/4104 3286/4105 3287/4106 3288/4107
f 3258/4108 3237/4047 3240/4050 3259/4109
f 3289/4110 3290/4111 3291/4112 3292/4113
f 3293/3611 3294/3977 3295/3978 3296/4114
f 3297/4115 3298/3666 3299/3667 3300/4116
f 3301/4117 3302/4118 3303/4119 3304/4120
f 3305/4121 3306/4122 3307/4123 3308/4124
f 3262/4077 3281/4098 3284/4101 3263/4078
f 3266/4125 3249/4059 3252/4062 3267/4126
f 3309/4127 3310/4024 3311/4025 3312/4128
f 3270/4085 3285/4129 3288/4130 3271/4086
f 3313/4131 3314/4132 3315/4133 3316/4134
f 3317/4135 3318/4136 3319/4137 3320/4138
f 3274/4091 3293/3611 3296/4114 3275/4092
f 3321/4139 3322/3995 3323/3996 3324/4140
f 3278/4095 3301/4117 3304/4120 3279/4096
f 3325/4141 3326/4142 3327/4143 3328/4144
f 3282/4145 3261/4076 3264/4079 3283/4146
f 3329/4147 3330/4148 3331/4149 3332/4150
f 3333/4151 3334/4052 3335/4053 3336/4152
f 3286/4105 3269/4084 3272/4087 3287/4106
f 3337/4153 3338/4154 3339/4155 3340/4156
f 3290/4111 3317/4135 3320/4138 3291/4112
f 3294/3687 3273/4090 3276/4093 3295/4157
f 3298/3737 3321/4139 3324/4140 3299/3738
f 3302/4158 3277/4094 3280/4097 3303/4159
f 3341/4160 3342/4161 3343/4162 3344/4163
f 3306/4122 3325/4164 3328/4165 3307/4123
f 3345/4166 3346/4167 3347/4168 3348/4169
f 3349/4170 3350/4171 3351/4172 3352/4173
f 3310/4024 3333/4151 3336/4152 3311/4025
f 3353/4174 3354/4175 3355/4176 3356/4177
f 3314/4132 3337/4153 3340/4156 3315/4133
f 3318/4178 3289/4110 3292/4113 3319/4179
f 3357/4180 3358/4181 3359/4182 3360/4183
f 3322/3995 3297/4115 3300/4116 3323/3996
f 3361/4184 3362/4185 3363/4186 3364/4187
f 3365/4188 3366/4189 3367/4190 3368/4191
f 3326/4142 3305/4121 3308/4124 3327/4143
f 3369/4192 3370/4193 3371/4194 3372/4195
f 3330/4148 3349/4170 3352/4173 3331/4149
f 3334/4088 3309/4127 3312/4128 3335/4089
f 3373/4196 3374/4197 3375/4198 3376/4199
f 3338/4200 3313/4131 3316/4134 3339/4201
f 3377/4202 3378/4203 3379/4204 3380/4205
f 3381/4023 3382/4024 3383/4025 3384/4026
f 3385/4206 3386/4207 3387/4208 3388/4209
f 3342/4161 3365/4188 3368/4191 3343/4162
f 3389/4210 3390/4211 3391/4212 3392/4213
f 3346/4167 3369/4192 3372/4195 3347/4168
f 3350/4214 3329/4147 3332/4150 3351/4215
f 3393/4216 3394/4217 3395/4218 3396/4219
f 3354/4175 3373/4220 3376/4221 3355/4176
f 3397/4222 3398/4223 3399/4224 3400/4225
f 3358/4181 3377/4202 3380/4205 3359/4182
f 3401/4051 3402/4052 3403/4053 3404/4054
f 3362/4185 3385/4206 3388/4209 3363/4186
f 3366/4226 3341/4160 3344/4163 3367/4227
f 3405/4228 3406/4229 3407/4230 3408/4231
f 3370/4232 3345/4166 3348/4169 3371/4233
f 3409/4234 3410/4235 3411/4236 3412/4237
f 3413/4238 3414/4239 3415/4240 3416/4241
f 3374/4197 3353/4174 3356/4177 3375/4198
f 3417/4242 3418/4243 3419/4244 3420/4245
f 3378/4246 3357/4180 3360/4183 3379/4247
f 3382/4024 3401/4051 3404/4054 3383/4025
f 3386/4248 3361/4184 3364/4187 3387/4249
f 3421/4250 3422/4251 3423/4252 3424/4253
f 3390/4211 3405/4254 3408/4255 3391/4212
f 3425/4256 3426/4257 3427/4258 3428/4259
f 3429/4260 3430/4261 3431/4262 3432/4263
f 3394/4217 3413/4238 3416/4241 3395/4218
f 3433/4264 3434/4265 3435/4266 3436/4267
f 3398/4223 3417/4242 3420/4245 3399/4224
f 3437/4268 3438/4269 3439/4270 3440/4271
f 3402/4272 3381/4023 3384/4026 3403/4273
f 3441/4274 3442/4275 3443/4276 3444/4277
f 3445/4278 3446/4279 3447/4280 3448/4281
f 3406/4229 3389/4210 3392/4213 3407/4230
f 3449/3899 3450/4282 3451/4283 3452/4284
f 3410/4235 3429/4260 3432/4263 3411/4236
f 3414/4285 3393/4216 3396/4219 3415/4286
f 3453/4287 3454/4288 3455/4289 3456/4290
f 3418/4070 3397/4222 3400/4225 3419/4291
f 3457/4292 3458/4293 3459/4294 3460/4295
f 3461/4296 3462/4297 3463/4298 3464/4299
f 3465/4300 3466/4301 3467/4302 3468/4303
f 3422/4251 3445/4278 3448/4281 3423/4252
f 3469/4304 3470/4305 3471/4306 3472/4307
f 3426/4257 3449/3899 3452/4284 3427/4258
f 3430/4308 3409/4234 3412/4237 3431/4309
f 3473/4310 3474/4311 3475/4312 3476/4313
f 3434/4265 3453/4314 3456/4315 3435/4266
f 3477/3922 3478/4316 3479/4317 3480/3925
f 3438/4269 3457/4292 3460/4295 3439/4270
f 3481/4318 3482/4319 3483/4320 3484/4321
f 3442/4275 3465/4300 3468/4303 3443/4276
f 3446/4322 3421/4250 3424/4253 3447/4323
f 3485/4324 3486/4325 3487/4326 3488/4327
f 3450/4328 3425/4256 3428/4259 3451/4329
f 3489/4330 3490/4331 3491/4267 3492/4332
f 3493/4333 3494/4334 3495/4335 3496/4336
f 3454/4288 3433/4264 3436/4267 3455/4289
f 3497/3959 3498/4337 3499/4338 3500/3962
f 3458/4339 3437/4268 3440/4271 3459/4340
f 3462/4297 3481/4318 3484/4321 3463/4298
f 3466/4341 3441/4274 3444/4277 3467/4342
f 3501/4343 3502/4344 3503/4345 3504/4346
f 3470/4305 3485/4347 3488/4348 3471/4306
f 3505/3994 3506/3995 3507/3996 3508/3997
f 3509/4349 3510/4350 3511/4315 3512/4351
f 3474/4311 3493/4333 3496/4336 3475/4312
f 3513/4352 3514/4353 3515/4354 3516/4355
f 3478/4316 3497/3959 3500/3962 3479/4317
f 3517/4356 3518/4357 3519/4358 3520/4359
f 3482/4360 3461/4296 3464/4299 3483/4361
f 3521/4362 3522/4363 3523/4364 3524/4365
f 3525/4366 3526/4367 3527/4368 3528/4369
f 3486/4325 3469/4304 3472/4307 3487/4326
f 3529/3665 3530/4370 3531/3667 3532/3668
f 3490/4331 3509/4349 3512/4351 3491/4267
f 3494/4371 3473/4310 3476/4313 3495/4372
f 3533/4373 3534/4374 3535/4375 3536/4376
f 3498/4377 3477/3922 3480/3925 3499/4378
f 3537/4379 3538/4380 3539/4381 3540/4382
f 3541/4383 3542/4384 3543/4345 3544/4346
f 3545/4385 3546/4386 3547/4387 3548/4388
f 3502/4344 3525/4366 3528/4369 3503/4345
f 3549/4389 3550/4390 3551/4391 3552/4392
f 3506/3995 3529/3665 3532/3668 3507/3996
f 3510/4393 3489/4330 3492/4332 3511/4290
f 3553/4394 3554/4395 3555/4396 3556/4397
f 3514/4353 3533/4398 3536/4399 3515/4354
f 3557/4400 3558/4401 3559/4402 3560/3940
f 3518/4357 3537/4379 3540/4382 3519/4358
f 3561/4403 3562/4404 3563/4368 3564/4369
f 3522/4363 3545/4385 3548/4388 3523/4364
f 3526/4405 3501/4343 3504/4346 3527/4406
f 3565/4407 3566/4408 3567/4409 3568/4410
f 3530/3737 3505/3994 3508/3997 3531/3738
f 3569/4411 3570/4412 3571/4413 3572/4414
f 3573/4415 3574/4416 3575/4417 3576/4418
f 3534/4374 3513/4352 3516/4355 3535/4375
f 3577/4419 3578/4420 3579/4421 3580/4422
f 3581/4423 3582/4424 3583/4425 3584/3900
f 3538/4426 3517/4356 3520/4359 3539/4427
f 3542/4384 3561/4403 3564/4369 3543/4345
f 3546/4428 3521/4362 3524/4365 3547/4429
f 3114/3911 3585/4430 3586/4431 3115/3912
f 3550/4390 3565/4432 3568/4433 3551/4391
f 3122/3919 3587/4434 3588/4435 3123/3920
f 3589/4436 3590/4437 3591/4438 3592/4439
f 3554/4395 3573/4415 3576/4418 3555/4396
f 3578/4420 3093/3890 3096/3893 3579/4421
f 3558/4401 3581/4423 3584/3900 3559/4402
f 3142/3939 3101/3898 3104/3901 3143/3940
f 3562/4440 3541/4383 3544/4346 3563/4406
f 3148/3945 3109/3906 3112/3909 3149/3946
f 3593/4441 3113/4442 3116/4443 3594/4444
f 3566/4408 3549/4389 3552/4392 3567/4409
f 3595/4445 3121/4446 3124/4447 3596/4448
f 3570/4412 3589/4436 3592/4439 3571/4413
f 3574/4449 3553/4394 3556/4397 3575/4450
f 3094/4451 3577/4419 3580/4422 3095/4452
f 3582/4453 3557/4400 3560/3940 3583/3941
f 3102/3899 3141/4282 3144/4283 3103/3900
f 3171/3970 3145/3942 3146/3943 3172/3971
f 3110/3907 3147/4454 3150/4455 3111/3908
f 3585/4430 3593/4441 3594/4444 3586/4431
f 3181/3980 3155/3952 3156/3954 3182/3981
f 3587/4434 3595/4445 3596/4448 3588/4435
f 3590/4456 3569/4411 3572/4414 3591/4457
f 3187/3987 3165/3963 3166/3964 3188/3988
f 3597/4458 3598/4459 3599/4460 3600/4461
f 3601/4462 3602/4463 3603/4464 3604/4465
f 3605/4466 3606/4467 3607/4468 3608/4469
f 3609/4470 3610/4471 3611/4472 3612/4473
f 3613/4474 3614/4475 3615/4476 3616/4477
f 3617/4478 3618/4479 3619/4480 3620/4481
f 3621/4482 3622/4483 3623/4484 3624/4485
f 3625/4486 3626/4487 3627/4488 3628/4489
f 3629/4490 3630/4491 3631/4492 3632/4493
f 3633/4494 3634/4495 3635/4496 3636/4497
f 3637/4498 3638/4499 3639/4500 3640/4501
f 3641/4502 3642/4503 3643/4504 3644/4505
f 3645/3963 3646/4506 3647/4507 3648/3964
f 3649/4508 3650/4220 3651/4221 3652/4509
f 3653/4510 3654/4511 3655/4512 3656/4513
f 3657/4514 3658/4515 3659/4044 3660/4103
f 3661/4516 3662/4517 3663/4518 3664/4519
f 3665/4520 3666/4521 3667/4522 3668/4523
f 3669/4524 3670/4525 3671/4526 3672/4527
f 3673/4528 3674/4529 3675/4530 3676/4531
f 3677/4532 3678/4533 3679/4534 3680/4535
f 3681/4536 3682/4537 3683/4538 3684/4539
f 3685/4540 3597/4458 3600/4461 3686/4541
f 3687/4542 3688/4543 3689/4544 3690/4545
f 3691/4184 3692/4546 3693/4547 3694/4187
f 3695/4548 3696/4549 3697/4550 3698/4551
f 3699/4552 3613/4474 3616/4477 3700/4553
f 3701/4554 3702/4555 3703/4556 3704/4557
f 3705/4090 3706/4558 3707/4559 3708/4560
f 3709/4561 3710/4562 3711/4563 3712/4564
f 3713/4565 3629/4490 3632/4493 3714/4566
f 3715/4567 3716/4568 3717/4569 3718/4570
f 3719/4571 3720/4572 3721/4573 3722/4574
f 3723/4575 3724/4576 3725/4236 3726/4577
f 3727/3986 3728/4467 3729/4468 3730/3989
f 3731/4174 3649/4508 3652/4509 3732/4177
f 3733/4578 3734/4579 3735/4580 3736/4581
f 3737/4127 3738/4024 3739/4025 3740/4128
f 3741/4582 3742/4583 3743/4584 3744/4585
f 3745/4586 3665/4587 3668/4588 3746/4589
f 3747/4590 3748/4591 3749/4592 3750/4593
f 3751/4594 3752/4595 3753/4596 3754/4079
f 3755/4597 3756/4598 3757/4599 3758/4600
f 3759/4601 3681/4536 3684/4539 3760/4602
f 3598/4603 3761/4604 3762/4605 3599/4606
f 3602/4463 3687/4542 3690/4545 3603/4464
f 3763/4206 3764/4607 3765/4608 3766/4209
f 3767/4609 3768/4610 3769/4611 3770/4612
f 3614/4613 3771/4614 3772/4615 3615/4616
f 3618/4479 3701/4554 3704/4557 3619/4480
f 3773/3611 3774/3612 3775/4617 3776/3614
f 3777/4618 3778/4619 3779/4620 3780/4621
f 3630/4622 3781/4618 3782/4621 3631/4623
f 3634/4495 3715/4567 3718/4570 3635/4496
f 3783/4624 3784/4555 3785/4556 3786/4625
f 3787/4626 3788/4627 3789/4628 3790/4629
f 3791/4630 3792/4631 3793/4632 3794/4633
f 3795/4634 3796/4251 3797/4252 3798/4106
f 3650/4196 3799/4635 3800/4636 3651/4199
f 3654/4511 3733/4578 3736/4581 3655/4512
f 3801/4151 3802/4052 3803/4053 3804/4152
f 3805/4637 3806/4638 3807/4639 3808/4640
f 3666/4521 3809/4641 3810/4642 3667/4522
f 3670/4525 3747/4590 3750/4593 3671/4526
f 3811/4643 3812/4644 3813/4100 3814/4645
f 3815/4646 3816/4647 3817/4648 3818/4649
f 3682/4650 3819/4651 3820/4652 3683/4653
f 3688/4654 3601/4462 3604/4465 3689/4655
f 3692/4546 3763/4206 3766/4209 3693/4547
f 3821/4656 3822/4657 3823/4658 3824/4659
f 3825/4660 3826/4661 3827/4662 3828/4663
f 3702/4664 3617/4478 3620/4481 3703/4665
f 3706/4558 3773/3611 3776/3614 3707/4559
f 3829/4666 3830/4667 3831/4668 3832/4669
f 3833/4670 3834/4671 3835/4672 3836/4673
f 3716/4674 3633/4494 3636/4497 3717/4675
f 3720/4572 3783/4624 3786/4625 3721/4573
f 3788/4627 3837/4676 3838/4677 3789/4628
f 3724/4576 3791/4630 3794/4633 3725/4236
f 3839/4085 3840/4279 3841/4280 3842/4086
f 3606/4467 3843/4678 3844/4679 3607/4468
f 3734/4680 3653/4510 3656/4513 3735/4681
f 3738/4024 3801/4151 3804/4152 3739/4025
f 3845/4682 3846/4683 3847/4684 3848/4685
f 3622/4483 3849/4686 3850/4687 3623/4484
f 3748/4688 3669/4524 3672/4527 3749/4689
f 3752/4595 3811/4643 3814/4645 3753/4596
f 3851/4690 3852/4691 3853/4692 3854/4693
f 3638/4499 3855/4694 3856/4695 3639/4500
f 3642/4503 3857/4696 3858/4697 3643/4504
f 3764/4698 3691/4184 3694/4187 3765/4699
f 3768/4610 3821/4656 3824/4659 3769/4611
f 3859/4700 3860/4701 3861/4702 3862/4703
f 3658/4515 3863/4704 3864/4043 3659/4044
f 3774/4705 3705/4090 3708/4560 3775/4706
f 3778/4619 3829/4666 3832/4669 3779/4620
f 3865/4707 3866/4708 3867/4709 3868/4710
f 3674/4529 3869/4626 3870/4629 3675/4530
f 3784/4711 3719/4571 3722/4574 3785/4712
f 3837/4713 3871/4714 3872/4715 3838/4716
f 3792/4717 3723/4575 3726/4577 3793/4309
f 3796/4251 3839/4085 3842/4086 3797/4252
f 3873/4506 3605/4718 3608/4719 3874/4507
f 3696/4549 3609/4470 3612/4473 3697/4550
f 3802/4088 3737/4127 3740/4128 3803/4089
f 3806/4638 3845/4682 3848/4685 3807/4639
f 3875/4720 3621/4721 3624/4722 3876/4723
f 3710/4562 3625/4486 3628/4489 3711/4563
f 3812/4724 3751/4594 3754/4079 3813/4725
f 3816/4647 3851/4690 3854/4693 3817/4648
f 3877/4726 3637/4727 3640/4728 3878/4729
f 3879/4730 3641/4731 3644/4732 3880/4733
f 3728/4467 3645/3963 3648/3964 3729/4468
f 3822/4734 3767/4609 3770/4612 3823/4735
f 3826/4661 3859/4700 3862/4703 3827/4662
f 3881/4736 3657/4737 3660/4065 3882/2926
f 3742/4583 3661/4516 3664/4519 3743/4584
f 3830/4738 3777/4618 3780/4621 3831/4739
f 3834/4671 3865/4707 3868/4710 3835/4672
f 3883/4740 3673/4676 3676/4677 3884/4741
f 3756/4598 3677/4532 3680/4535 3757/4599
f 3871/4714 3787/4626 3790/4629 3872/4715
f 3761/4604 3685/4540 3686/4541 3762/4605
f 3840/4322 3795/4634 3798/4106 3841/4107
f 3843/4678 3873/4506 3874/4507 3844/4679
f 3610/4471 3695/4742 3698/4743 3611/4472
f 3771/4614 3699/4552 3700/4553 3772/4615
f 3846/4744 3805/4637 3808/4640 3847/4745
f 3849/4686 3875/4720 3876/4723 3850/4687
f 3626/4487 3709/4746 3712/4747 3627/4488
f 3781/4618 3713/4565 3714/4566 3782/4621
f 3852/4748 3815/4646 3818/4649 3853/4749
f 3855/4694 3877/4726 3878/4729 3856/4695
f 3857/4696 3879/4730 3880/4733 3858/4697
f 3646/4506 3727/3927 3730/3928 3647/4507
f 3799/4635 3731/4174 3732/4177 3800/4636
f 3860/4750 3825/4660 3828/4663 3861/4751
f 3863/4704 3881/4736 3882/2926 3864/4043
f 3662/4517 3741/4752 3744/4753 3663/4518
f 3809/4641 3745/4586 3746/4589 3810/4642
f 3866/4754 3833/4670 3836/4673 3867/4755
f 3869/4626 3883/4740 3884/4741 3870/4629
f 3678/4533 3755/4756 3758/4757 3679/4534
f 3819/4651 3759/4601 3760/4602 3820/4652
f 3885/4758 3886/4759 3887/4760 3888/4761
f 3889/4762 3890/4763 3891/4764 3892/4765
f 3893/4766 3885/4767 3888/4768 3894/4769
f 3895/4770 3896/4771 3897/4772 3898/4773
f 3886/4759 3899/4774 3900/4775 3887/4760
f 3890/4763 3895/4770 3898/4773 3891/4764
f 3896/4771 3889/4776 3892/4777 3897/4772
f 3899/4774 3893/4766 3894/4769 3900/4775
f 3901/4778 3902/4779 3903/4780 3904/4781
f 3905/4782 3906/4783 3907/4784 3908/4785
f 3909/4786 3901/4778 3904/4781 3910/4787
f 3911/4788 3912/4789 3913/4790 3914/4791
f 3902/4779 3915/4792 3916/4793 3903/4780
f 3906/4783 3911/4788 3914/4791 3907/4784
f 3912/4794 3905/4782 3908/4785 3913/4795
f 3915/4792 3909/4796 3910/4797 3916/4793
f 3917/4798 3918/4799 3919/4800 3920/4801
f 3921/4802 3922/4803 3923/4804 3924/4805
f 3921/4802 3918/4799 3917/4798 3922/4803
f 3925/4806 3926/4807 3927/4808 3928/4809
f 4208/4810 3930/4811 3919/4812 4213/4813
f 3932/4814 3933/4815 3934/4816 3935/4817
f 4229/4818 3937/4819 3938/4820 4231/4821
f 3940/4822 3932/4823 3935/4824 3941/4825
f 3942/4826 3943/4827 3925/4828 3944/4829
f 4205/4830 3918/4831 3921/4832 4203/4833
f 4220/4819 3942/4834 3944/4821 4221/4820
f 3947/4835 3948/4836 3949/4837 3950/4838
f 3951/4839 3937/4840 3952/4841 3953/4842
f 3950/4843 3949/4844 3954/4845 3930/4846
f 4209/4847 3947/4848 3950/4849 4215/4850
f 3937/4840 3951/4839 3957/4851 3938/4852
f 3919/4800 3930/4846 3954/4845 3920/4801
f 4206/4853 3945/4854 3931/4855 4214/4856
f 4203/4833 3921/4832 3924/4857 4211/4858
f 4228/4859 4227/4860 3961/4861 3962/4862
f 3963/4863 3964/4864 3965/4865 3966/4866
f 3960/4867 3959/4868 3967/4869 3968/4870
f 3964/4871 3961/4872 3969/4873 3965/4874
f 3963/4875 3936/4876 3939/4877 3970/4878
f 3951/4879 3955/4880 3956/4881 3957/4882
f 3962/4883 3961/4872 3964/4871 3973/4884
f 4227/4885 3960/4886 3974/4887 4230/4888
f 3936/4876 3963/4875 3966/4889 3975/4890
f 3971/4891 3976/4892 3977/4893 3972/4894
f 4226/4895 4225/4896 3976/4897 3971/4898
f 3952/4841 3974/4899 3980/4900 3953/4842
f 3969/4873 3975/4890 3966/4889 3965/4874
f 4230/4901 4232/4902 3975/4903 3969/4904
f 3979/4905 3978/4906 3981/4907 3982/4908
f 3967/4869 3959/4868 3979/4905 3982/4908
f 3962/4883 3973/4884 3977/4893 3976/4892
f 3983/4909 3943/4910 3984/4911 3985/4912
f 3938/4913 3957/4914 3981/4907 3978/4906
f 3960/4867 3968/4870 3980/4900 3974/4899
f 4228/4859 3962/4862 3976/4897 4225/4896
f 3957/4915 3956/4916 3929/4917 3981/4918
f 3945/4919 3967/4920 3982/4921 3931/4922
f 3968/4923 3946/4924 3958/4925 3980/4926
f 3955/4880 3951/4879 3953/4927 3986/4928
f 3987/4929 3988/4930 3989/4931 3990/4932
f 3929/4917 3931/4922 3982/4921 3981/4918
f 4211/4858 3924/4857 3991/4933 4202/4934
f 3973/4935 3970/4936 3972/4937 3977/4938
f 3958/4925 3986/4928 3953/4927 3980/4926
f 4231/4939 3938/4940 3978/4941 4226/4942
f 3945/4919 3946/4924 3968/4923 3967/4920
f 3992/4943 3993/4944 3994/4945 3988/4946
f 4229/4947 3936/4948 3975/4903 4232/4902
f 3995/4949 3992/4950 3988/4930 3987/4929
f 3990/4932 3989/4931 3996/4951 3997/4952
f 3932/4823 3940/4822 3997/4952 3996/4951
f 3992/4950 3995/4949 3998/4953 3999/4954
f 4000/4955 4001/4956 4002/4957 3999/4958
f 3993/4944 3992/4943 3999/4958 4002/4957
f 3926/4959 4003/4960 4004/4961 3927/4962
f 4005/4963 4003/4960 3926/4959 3983/4964
f 4223/4965 4222/4966 4003/4967 4005/4968
f 3933/4815 3932/4814 3996/4969 4006/4970
f 4224/4971 4219/4972 4007/4973 4004/4974
f 4004/4961 4007/4975 3928/4976 3927/4962
f 4218/4977 4217/4978 4009/4979 4010/4980
f 4010/4981 4009/4982 3985/4983 3984/4984
f 3989/4985 4008/4986 4006/4970 3996/4969
f 3943/4827 3942/4826 4010/4981 3984/4984
f 3925/4806 3943/4910 3983/4909 3926/4807
f 4005/4963 3983/4964 3985/4983 4009/4982
f 4223/4965 4005/4968 4009/4979 4217/4978
f 4222/4987 3993/4988 4002/4989 4224/4897
f 4221/4990 3944/4991 4007/4973 4219/4972
f 3988/4946 3994/4945 4008/4986 3989/4985
f 4220/4992 3933/4993 4006/4994 4218/4995
f 3941/4996 3935/4997 4000/4998 4011/4999
f 4011/4999 4000/4998 3999/4954 3998/4953
f 3963/4863 3970/4936 3973/4935 3964/4864
f 3935/5000 3934/5001 4001/4956 4000/4955
f 4012/5002 4013/5003 4014/5004 4015/5005
f 4016/5006 4017/5007 4018/5008 4019/5009
f 4020/5010 4021/5011 4022/5012 4023/5013
f 4024/5014 4025/5015 4026/5016 4027/5017
f 4028/5018 4029/5019 4030/5020 4031/5021
f 4032/5022 4033/5023 4034/5024 4035/5025
f 4036/5026 4037/5027 4038/5028 4039/5029
f 4040/5030 4041/5031 4042/5032 4043/5033
f 4044/5034 4045/5035 4046/5036 4047/5037
f 4048/5038 4049/5015 4050/5039 4051/5040
f 4052/5041 4053/5042 4054/5043 4055/5044
f 4056/5045 4057/5046 4058/5047 4059/5048
f 4060/5049 4061/5050 4062/5051 4063/5052
f 4064/5053 4065/5054 4066/5055 4067/5056
f 4068/5057 4069/5058 4070/5059 4071/5060
f 4072/5061 4073/5062 4074/5063 4075/5064
f 4076/5065 4077/5066 4078/5067 4079/5068
f 4080/5069 4081/5070 4082/5071 4083/5072
f 4084/5073 4085/5074 4086/5075 4087/5076
f 4088/5077 4089/5078 4090/5079 4091/5080
f 4092/5081 4093/5082 4094/5083 4095/5084
f 4096/5085 4097/5086 4098/5087 4099/5088
f 4100/5089 4101/5090 4102/5091 4103/5092
f 4104/5093 4105/5094 4106/5095 4107/5096
f 4052/5041 4055/5044 4101/5090 4100/5089
f 4016/5006 4019/5009 4065/5054 4064/5053
f 4058/5047 4057/5046 4107/5097 4106/5098
f 4022/5012 4021/5011 4071/5099 4070/5100
f 4044/5034 4047/5037 4093/5082 4092/5081
f 4050/5039 4049/5015 4099/5101 4098/5102
f 4014/5004 4013/5003 4063/5103 4062/5104
f 4036/5026 4039/5029 4085/5074 4084/5073
f 4042/5032 4041/5031 4091/5105 4090/5106
f 4028/5018 4031/5021 4077/5066 4076/5065
f 4034/5024 4033/5023 4083/5107 4082/5108
f 4056/5045 4059/5048 4105/5094 4104/5093
f 4020/5010 4023/5013 4069/5058 4068/5057
f 4026/5016 4025/5015 4075/5101 4074/5109
f 4048/5038 4051/5040 4097/5086 4096/5085
f 4012/5002 4015/5005 4061/5050 4060/5049
f 4054/5043 4053/5042 4103/5110 4102/5111
f 4018/5008 4017/5007 4067/5112 4066/5113
f 4040/5030 4043/5033 4089/5078 4088/5077
f 4046/5036 4045/5035 4095/5114 4094/5115
f 4032/5022 4035/5025 4081/5070 4080/5069
f 4038/5028 4037/5027 4087/5116 4086/5117
f 4024/5014 4027/5017 4073/5062 4072/5061
f 4030/5020 4029/5019 4079/5118 4078/5119
f 4112/5120 4113/5121 4114/5122 4115/5123
f 4109/5124 4116/5125 4117/5126 4110/5127
f 4122/5127 4174/5128 4123/5124
f 4121/5125 4120/5126 4122/5127 4123/5124
f 4175/5129 4173/5130 4179/5131 4180/5132
f 4173/5133 4177/5134 4110/5135 4179/5136
f 4124/5137 4125/5138 4126/5139 4127/5140
f 4127/5140 4126/5139 4128/5141 4129/5142
f 4124/5137 4130/5143 4131/5144 4125/5138
f 4131/5144 4130/5143 4129/5145 4128/5146
f 4132/5147 4133/5148 4134/5149 4135/5150
f 4133/5151 4136/5152 4137/5153 4134/5154
f 4138/5155 4132/5147 4135/5150 4139/5156
f 4136/5152 4138/5155 4139/5156 4137/5153
f 4140/5157 4141/5158 4142/5159 4143/5160
f 4144/5161 4145/5162 4146/5163 4147/5164
f 4148/5165 4149/5166 4147/5164 4146/5163
f 4150/5167 4140/5157 4143/5160 4151/5168
f 4152/5169 4153/5170 4154/5171 4150/5172
f 4152/5173 4150/5167 4151/5168 4155/5174
f 4155/5175 4151/5168 4143/5160 4142/5176
f 4156/5177 4157/5178 4158/5179 4159/5180
f 4157/5181 4160/5182 4161/5183 4158/5184
f 4162/5185 4156/5177 4159/5180 4163/5186
f 4160/5182 4162/5185 4163/5186 4161/5183
f 4147/5187 4149/5188 4164/5189 4165/5190
f 4144/5191 4147/5187 4165/5190 4166/5192
f 4167/5193 4168/5194 4145/5162 4144/5161
f 4167/5195 4144/5191 4166/5192 4169/5196
f 4169/5197 4166/5192 4165/5190 4164/5198
f 4210/5199 3955/5200 3986/5201 4201/5202
f 4215/5203 3950/5204 3930/4811 4208/4810
f 3991/5205 3924/4805 3923/4804 4170/5206
f 3948/4836 3947/4835 3991/5205 4170/5206
f 4188/3358 4190/3347 2662/3350 2663/3359
f 4150/5172 4154/5171 4171/5207 4140/5208
f 4172/5209 4141/5210 4140/5208 4171/5207
f 4108/5211 4175/5212 4180/5213 4111/5214
f 4122/5215 4115/5123 4114/5122 4174/5216
f 4177/5128 4109/5124 4110/5127
f 4117/5217 4178/5128 4113/5121 4112/5120
f 4117/5126 4116/5125 4178/5218
f 4176/5218 4120/5126 4121/5125
f 4181/5219 4183/5220 4120/5221 4176/5222
f 4118/5223 4119/5224 4184/5225 4182/5226
f 4182/5214 4184/5211 4183/5227 4181/5228
f 2659/5229 2650/5230 4185/5231 4189/5232
f 4189/5233 4185/5234 4186/5235 4190/5236
f 2649/5237 2657/5238 4187/5239 4191/5240
f 4191/5241 4187/5242 4188/5243 4192/5244
f 2650/5245 2649/5237 4191/5240 4185/5246
f 4185/5247 4191/5241 4192/5244 4186/5248
f 2657/5238 2659/5229 4189/5232 4187/5239
f 4187/5242 4189/5233 4190/5236 4188/5243
f 2677/5249 2678/5250 4195/5251 4196/5252
f 2686/5253 2687/5254 4193/5255 4194/5256
f 2678/5250 2686/5253 4194/5256 4195/5251
f 2687/5254 2677/5257 4196/5258 4193/5255
f 2647/3371 2668/3372 4200/3373 4198/3374
f 2667/3381 2648/3382 4197/3383 4199/3384
f 2668/3372 2667/3381 4199/3384 4200/3373
f 2648/3385 2647/3371 4198/3374 4197/3386
f 3929/5259 4207/5260 4214/4856 3931/4855
f 4207/5261 4208/5262 4213/5263 4214/5264
f 3945/4854 4206/4853 4204/5265 3946/5266
f 4206/5267 4205/5268 4203/5269 4204/5270
f 3955/5200 4210/5199 4216/5271 3956/5272
f 4210/5273 4209/5274 4215/5275 4216/5276
f 3918/4831 4205/4830 4213/4813 3919/4812
f 4205/5268 4206/5267 4214/5264 4213/5263
f 3946/5266 4204/5265 4212/5277 3958/5278
f 4204/5270 4203/5269 4211/5279 4212/5280
f 3958/5278 4212/5277 4201/5202 3986/5201
f 4212/5280 4211/5279 4202/5281 4201/5282
f 3947/4848 4209/4847 4202/4934 3991/4933
f 4209/5274 4210/5273 4201/5282 4202/5281
f 3956/5283 4216/5284 4207/5260 3929/5259
f 4216/5285 4215/5286 4208/5262 4207/5261
f 3933/4993 4220/4992 4221/5287 3934/5288
f 3994/5289 3993/4988 4222/4987 4223/5290
f 4002/4989 4001/4895 4219/4898 4224/4897
f 4006/4994 4008/5291 4217/5292 4218/4995
f 3994/5289 4223/5290 4217/5292 4008/5291
f 4003/4967 4222/4966 4224/4971 4004/4974
f 3934/5293 4221/5294 4219/4898 4001/4895
f 3942/4834 4220/4819 4218/4977 4010/4980
f 3936/4948 4229/4947 4231/5295 3939/5296
f 3959/5297 3960/4886 4227/4885 4228/5298
f 3961/4861 4227/4860 4230/4901 3969/4904
f 3978/4941 3979/5299 4225/5300 4226/4942
f 3974/4887 3952/5301 4232/5302 4230/4888
f 3959/5297 4228/5298 4225/5300 3979/5299
f 3939/5303 4231/5304 4226/4895 3971/4898
f 3937/4819 4229/4818 4232/5302 3952/5301
o Storey01_Walls
v 6.300000 6.700000 -0.000000
v 6.300000 5.780000 -0.000000
v 6.300000 7.399998 2.450000
v 6.300000 2.700000 2.450000
v 6.300000 7.399998 0.050000
v 8.300000 7.399998 2.450000
v 8.300000 7.399998 0.050000
v 8.300000 6.700000 -0.000000
v 8.300000 2.700000 2.450000
v 6.300000 2.700000 0.050000
v 6.840000 2.700000 -0.000000
v 7.760000 2.700000 -0.000000
v 8.300000 2.700000 0.050000
v 8.300000 5.780000 -0.000000
v 8.290000 2.710000 0.050000
v 8.290000 2.710000 -0.000000
v 8.290000 2.710000 2.500000
v 6.310000 2.710000 -0.000000
v 6.790000 2.710000 2.170000
v 6.790000 2.700000 0.050000
v 6.790000 2.700000 2.170000
v 7.810000 2.700000 2.170000
v 6.300000 5.730000 0.050000
v 7.810000 2.700000 0.050000
v 6.310000 2.710000 2.500000
v 6.840000 2.700000 2.120000
v 7.760000 2.700000 2.120000
v 8.300000 6.750000 0.050000
v 6.300000 6.750000 0.050000
v 7.760000 2.710000 -0.000000
v 8.300000 5.730000 0.050000
v 6.790000 2.710000 0.050000
v 8.300000 5.780000 2.120000
v 8.300000 6.700000 2.120000
v 6.300000 5.780000 2.120000
v 6.300000 6.700000 2.120000
v 8.300000 5.730000 2.170000
v 6.300000 6.750000 2.170000
v 8.300000 6.750000 2.170000
v 6.300000 5.730000 2.170000
v 7.810000 2.710000 0.050000
v 7.760000 2.710000 2.120000
v 8.290000 2.710000 2.450000
v 6.840000 2.710000 -0.000000
v 7.810000 2.710000 2.170000
v 6.310000 2.710000 0.050000
v 6.840000 2.710000 2.120000
v 6.310000 2.710000 2.450000
v 6.310000 7.389998 0.050000
v 6.310000 7.389998 2.450000
v 8.290000 7.389998 2.450000
v 8.290000 7.389998 0.050000
v 6.310000 7.389998 -0.000000
v 8.290000 7.389998 -0.000000
v 6.310000 7.389998 2.500000
v 8.290000 7.389998 2.500000
v 8.289999 6.700000 -0.000000
v 8.289999 5.780000 -0.000000
v 8.289999 6.750000 0.050000
v 8.289999 5.730000 0.050000
v 8.289999 5.780000 2.120000
v 8.289999 6.700000 2.120000
v 8.289999 5.730000 2.170000
v 8.289999 6.750000 2.170000
v 6.309999 6.700000 -0.000000
v 6.309999 5.780000 -0.000000
v 6.309999 5.730000 0.050000
v 6.309999 6.750000 0.050000
v 6.309999 5.780000 2.120000
v 6.309999 6.700000 2.120000
v 6.309999 6.750000 2.170000
v 6.309999 5.730000 2.170000
v 6.840000 2.600000 -0.000000
v 6.300000 2.600000 2.450000
v 6.300000 2.600000 0.050000
v 6.300000 0.200000 2.450000
v 6.300000 0.200000 0.050000
v 8.300000 0.200000 2.450000
v 8.300000 0.200000 0.050000
v 8.300000 2.600000 2.450000
v 8.300000 2.600000 0.050000
v 7.760000 2.600000 -0.000000
v 7.810000 2.600000 0.050000
v 7.810000 2.600000 2.170000
v 6.790000 2.600000 2.170000
v 6.840000 2.600000 2.120000
v 7.760000 2.600000 2.120000
v 6.790000 2.600000 0.050000
v 6.840000 2.590000 -0.000000
v 6.310000 2.590000 2.450000
v 6.310000 2.590000 0.050000
v 8.290000 2.590000 2.450000
v 8.290000 2.590000 0.050000
v 7.760000 2.590000 -0.000000
v 6.310000 2.590000 -0.000000
v 8.290000 2.590000 -0.000000
v 6.310000 2.590000 2.500000
v 8.290000 2.590000 2.500000
v 7.810000 2.590000 0.050000
v 7.810000 2.590000 2.170000
v 6.790000 2.590000 2.170000
v 6.840000 2.590000 2.120000
v 7.760000 2.590000 2.120000
v 6.790000 2.590000 0.050000
v 6.310000 0.210000 2.450000
v 6.310000 0.210000 0.050000
v 8.290000 0.210000 2.450000
v 8.290000 0.210000 0.050000
v 6.310000 0.210000 -0.000000
v 8.290000 0.210000 -0.000000
v 6.310000 0.210000 2.500000
v 8.290000 0.210000 2.500000
v 0.200000 4.900000 2.450000
v 0.200000 4.900000 0.050000
v 0.200000 7.399998 2.450000
v 0.200000 7.399998 0.050000
v 0.200000 0.200000 0.050000
v 0.200000 0.200000 2.450000
v 1.200000 2.700000 2.450000
v 1.200000 2.700000 0.050000
v 1.200000 4.900000 0.050000
v 1.200000 4.900000 2.450000
v 0.200000 2.700000 2.450000
v 0.200000 2.700000 0.050000
v 1.200000 3.340000 -0.000000
v 1.200000 4.260000 -0.000000
v 6.200000 7.399998 2.450000
v 6.200000 7.399998 0.050000
v 6.200000 0.200000 0.050000
v 6.200000 0.200000 2.450000
v 6.200000 6.700000 -0.000000
v 6.200000 5.780000 -0.000000
v 1.210000 3.290000 2.170000
v 1.210000 4.260000 2.120000
v 1.210000 4.260000 -0.000000
v 1.210000 4.910000 -0.000000
v 6.200000 6.750000 0.050000
v 1.210000 3.340000 -0.000000
v 1.200000 4.310000 0.050000
v 1.210000 3.340000 2.120000
v 1.210000 2.690000 -0.000000
v 6.200000 5.730000 0.050000
v 1.210000 4.310000 2.170000
v 1.200000 3.290000 0.050000
v 1.200000 3.340000 2.120000
v 1.200000 4.260000 2.120000
v 6.200000 6.700000 2.120000
v 6.200000 5.780000 2.120000
v 6.200000 6.750000 2.170000
v 1.200000 4.310000 2.170000
v 6.200000 5.730000 2.170000
v 1.200000 3.290000 2.170000
v 1.210000 3.290000 0.050000
v 1.210000 4.910000 2.500000
v 1.210000 4.910000 2.450000
v 1.210000 2.690000 0.050000
v 1.210000 4.910000 0.050000
v 1.210000 2.690000 2.500000
v 1.210000 2.690000 2.450000
v 1.210000 4.310000 0.050000
v 0.210000 0.210000 0.050000
v 0.210000 0.210000 2.450000
v 0.210000 2.690000 2.450000
v 0.210000 2.690000 0.050000
v 0.210000 0.210000 -0.000000
v 0.210000 2.690000 -0.000000
v 0.210000 0.210000 2.500000
v 0.210000 2.690000 2.500000
v 0.210000 4.910000 2.450000
v 0.210000 4.910000 0.050000
v 0.210000 7.389997 2.450000
v 0.210000 7.389997 0.050000
v 0.210000 4.910000 -0.000000
v 0.210000 7.389997 -0.000000
v 0.210000 4.910000 2.500000
v 0.210000 7.389997 2.500000
v 6.190001 0.210000 2.450000
v 6.190001 6.700000 -0.000000
v 6.190001 7.389997 0.050000
v 6.190001 7.389997 -0.000000
v 6.190001 0.210000 -0.000000
v 6.190001 0.210000 0.050000
v 6.190001 5.780000 -0.000000
v 6.190001 7.389997 2.450000
v 6.190001 7.389997 2.500000
v 6.190001 0.210000 2.500000
v 6.190001 6.750000 0.050000
v 6.190001 5.730000 0.050000
v 6.190001 6.700000 2.120000
v 6.190001 5.780000 2.120000
v 6.190001 6.750000 2.170000
v 6.190001 5.730000 2.170000
v 4.200000 7.399998 0.050000
v 2.200000 7.399998 0.050000
v 4.196667 7.389997 -0.000000
v 2.203333 7.389997 -0.000000
v 4.196667 7.389997 0.050000
v 2.203333 7.389997 0.050000
v 6.200000 3.886667 0.050000
v 6.200000 2.043333 0.050000
v 6.190001 3.890000 0.050000
v 6.190001 2.050000 0.050000
v 6.190001 3.923333 -0.000000
v 6.190001 2.066667 -0.000000
v 2.200000 0.200000 0.050000
v 4.200000 0.200000 0.050000
v 2.203334 0.210000 -0.000000
v 4.196667 0.210000 -0.000000
v 2.203334 0.210000 0.050000
v 4.196667 0.210000 0.050000
v 6.300000 4.215000 0.050000
v 6.309999 4.245000 -0.000000
v 6.309999 4.220000 0.050000
v 8.300000 4.215000 0.050000
v 8.289999 4.220000 0.050000
v 8.289999 4.245000 -0.000000
v 2.200000 7.399998 2.450000
v 4.200000 7.399998 2.450000
v 2.203334 7.389997 2.450000
v 4.196667 7.389997 2.450000
v 2.203334 7.389997 2.500000
v 4.196667 7.389997 2.500000
v 6.200000 4.999998 2.450000
v 6.200000 2.599999 2.450000
v 6.190001 4.996665 2.450000
v 6.190001 2.603333 2.450000
v 6.190001 4.996665 2.500000
v 6.190001 2.603333 2.500000
v 2.200000 0.200000 2.450000
v 4.200000 0.200000 2.450000
v 2.203334 0.210000 2.450000
v 4.196667 0.210000 2.450000
v 2.203334 0.210000 2.500000
v 4.196667 0.210000 2.500000
v 8.300000 5.049999 2.450000
v 8.290000 5.049999 2.450000
v 8.290000 5.049999 2.500000
v 6.300000 5.049999 2.450000
v 6.310000 5.049999 2.450000
v 6.310000 5.049999 2.500000
v 0.900000 2.700000 2.200000
v 0.200000 5.000000 2.200000
v 0.200000 2.600000 2.200000
v 0.200000 7.000000 2.200000
v 0.200000 0.600000 2.200000
v 0.200000 2.600000 0.500000
v 0.200000 0.600000 0.500000
v 0.200000 7.000000 0.500000
v 0.200000 5.000000 0.500000
v 0.900000 2.700000 0.500000
v 0.300000 2.700000 2.200000
v 0.300000 2.700000 0.500000
v 0.300000 4.900000 0.500000
v 0.300000 4.900000 2.200000
v 0.900000 4.900000 0.500000
v 0.900000 4.900000 2.200000
v 0.200000 4.900000 2.450000
v 0.200000 4.900000 0.050000
v 0.200000 7.400001 2.450000
v 0.200000 7.400001 0.050000
v 0.200000 0.200000 0.050000
v 0.200000 0.200000 2.450000
v 1.200000 2.700000 2.450000
v 1.200000 2.700000 0.050000
v 1.200000 4.900000 0.050000
v 1.200000 4.900000 2.450000
v 0.200000 2.700000 2.450000
v 0.200000 2.700000 0.050000
v 1.200000 3.290000 0.050000
v 1.200000 3.290000 2.170000
v 1.200000 4.310000 0.050000
v 1.200000 4.310000 2.170000
v 6.200000 7.400001 2.450000
v 6.200000 7.400001 0.050000
v 6.200000 0.200000 0.050000
v 6.200000 0.200000 2.450000
v 6.200000 6.750000 2.170001
v 6.200000 6.750000 0.050000
v 6.200000 5.730000 0.050000
v 6.200000 5.730000 2.170001
v 6.300000 6.750000 2.170001
v 6.300000 6.750000 0.050000
v 6.300000 5.730000 2.170001
v 6.300000 5.730000 0.050000
v 6.300000 7.400001 2.450000
v 6.300000 2.700000 2.450000
v 6.300000 7.400001 0.050000
v 8.300000 7.400001 2.450000
v 8.300000 7.400001 0.050000
v 8.300000 6.750000 2.170000
v 8.300000 6.750000 0.050000
v 8.300000 5.730000 2.170000
v 8.300000 2.700000 2.450000
v 6.300000 2.700000 0.050000
v 6.790000 2.700000 2.170001
v 6.790000 2.700000 0.050000
v 6.790000 2.600000 2.170001
v 6.790000 2.600000 0.050000
v 6.300000 2.600000 2.450000
v 6.300000 2.600000 0.050000
v 6.300000 0.200000 2.450000
v 6.300000 0.200000 0.050000
v 8.300000 0.200000 2.450000
v 8.300000 0.200000 0.050000
v 8.300000 2.600000 2.450000
v 8.300000 2.600000 0.050000
v 7.810000 2.600000 2.170001
v 7.810000 2.600000 0.050000
v 7.810000 2.700000 2.170001
v 7.810000 2.700000 0.050000
v 8.300000 2.700000 0.050000
v 8.300000 5.730000 0.050000
v 0.175000 5.000000 2.200000
v 0.175000 2.600000 2.200000
v 0.175000 7.000000 2.200000
v 0.175000 0.600000 2.200000
v 0.175000 2.600000 0.500000
v 0.175000 0.600000 0.500000
v 0.175000 7.000000 0.500000
v 0.175000 5.000000 0.500000
v 0.300000 4.875000 0.500000
v 0.300000 4.875000 2.200000
v 0.900000 4.875000 0.500000
v 0.900000 4.875000 2.200000
v 0.900000 2.725000 2.200000
v 0.900000 2.725000 0.500000
v 0.300000 2.725000 2.200000
v 0.300000 2.725000 0.500000
v 3.200000 0.200000 2.450000
v 3.200000 0.200000 0.050000
v 3.200000 7.400001 2.450000
v 3.200000 7.400001 0.050000
v 6.200000 3.800000 0.050000
v 6.200000 3.800000 2.450000
vt 0.561797 0.245436
vt 0.745942 0.245500
vt 0.736912 0.254524
vt 0.570821 0.254466
vt 0.548557 0.254670
vt 0.863487 0.254670
vt 0.870915 0.247242
vt 0.555984 0.247244
vt 0.691565 0.246194
vt 0.701450 0.256080
vt 0.596665 0.256079
vt 0.596665 0.246194
vt 0.863557 0.260165
vt 0.548627 0.260165
vt 0.570801 0.257365
vt 0.736892 0.257422
vt 0.883621 0.245826
vt 0.881900 0.251643
vt 0.554395 0.251714
vt 0.548651 0.245826
vt 0.930658 0.242502
vt 0.930711 0.249042
vt 0.555965 0.248999
vt 0.549341 0.242370
vt 0.555914 0.241748
vt 0.870845 0.241746
vt 0.548434 0.259956
vt 0.548504 0.254460
vt 0.863440 0.254460
vt 0.863370 0.259955
vt 0.870948 0.241642
vt 0.870878 0.247138
vt 0.555932 0.247138
vt 0.556002 0.241642
vt 0.559352 0.259091
vt 0.559371 0.256192
vt 0.725467 0.256193
vt 0.725448 0.259092
vt 0.555792 0.241749
vt 0.555862 0.247244
vt 0.870793 0.247242
vt 0.870723 0.241747
vt 0.724155 0.245312
vt 0.724136 0.248211
vt 0.558044 0.248211
vt 0.558064 0.245312
vt 0.699342 0.246387
vt 0.699342 0.256272
vt 0.594557 0.256272
vt 0.604443 0.246386
vt 0.870935 0.241723
vt 0.555999 0.241723
vt 0.863439 0.254646
vt 0.548502 0.254646
vt 0.548434 0.260061
vt 0.863451 0.254565
vt 0.863381 0.260061
vt 0.550494 0.254033
vt 0.550493 0.245762
vt 0.877998 0.245689
vt 0.878000 0.253961
vt 0.745968 0.242286
vt 0.561822 0.242223
vt 0.548773 0.259849
vt 0.883744 0.259849
vt 0.701319 0.244410
vt 0.604443 0.244410
vt 0.691565 0.244217
vt 0.594688 0.244217
vt 0.550372 0.254248
vt 0.550371 0.245978
vt 0.877876 0.245905
vt 0.877878 0.254176
vt 0.881902 0.259913
vt 0.554397 0.259986
vt 0.548651 0.260065
vt 0.883622 0.260065
vt 0.729704 0.246585
vt 0.729704 0.256377
vt 0.594566 0.256377
vt 0.604359 0.246585
vt 0.550344 0.247166
vt 0.734494 0.247166
vt 0.818688 0.250827
vt 0.823071 0.259592
vt 0.553988 0.259592
vt 0.553988 0.250827
vt 0.731667 0.244397
vt 0.549393 0.257306
vt 0.549341 0.250766
vt 0.924087 0.250863
vt 0.930710 0.257493
vt 0.549343 0.242759
vt 0.924089 0.242854
vt 0.734519 0.243952
vt 0.550369 0.243952
vt 0.816386 0.246222
vt 0.549359 0.246197
vt 0.550098 0.252629
vt 0.554483 0.243860
vt 0.823667 0.243861
vt 0.814899 0.252629
vt 0.548435 0.254671
vt 0.863366 0.254670
vt 0.555931 0.247033
vt 0.870866 0.247033
vt 0.733163 0.257238
vt 0.549018 0.257238
vt 0.870936 0.241537
vt 0.556001 0.241537
vt 0.548993 0.260452
vt 0.733138 0.260452
vt 0.604357 0.253965
vt 0.594566 0.244174
vt 0.729682 0.244174
vt 0.729681 0.253965
vt 0.604361 0.256153
vt 0.731873 0.256157
vt 0.863436 0.260166
vt 0.548505 0.260166
vt 0.930710 0.257050
vt 0.555964 0.257008
vt 0.549187 0.257250
vt 0.814849 0.257250
vt 0.937684 0.242330
vt 0.936019 0.249044
vt 0.557982 0.249132
vt 0.551358 0.242330
vt 0.883744 0.245797
vt 0.882023 0.251614
vt 0.554517 0.251686
vt 0.548773 0.245797
vt 0.549649 0.257309
vt 0.551314 0.250595
vt 0.929352 0.250506
vt 0.935976 0.257309
vt 0.883745 0.246013
vt 0.882023 0.251830
vt 0.554517 0.251902
vt 0.548773 0.246013
vt 0.604193 0.256092
vt 0.604193 0.254115
vt 0.699091 0.254115
vt 0.701068 0.256092
vt 0.559332 0.259370
vt 0.743503 0.256156
vt 0.743478 0.259370
vt 0.734495 0.244230
vt 0.734476 0.247129
vt 0.568383 0.247129
vt 0.568402 0.244230
vt 0.882025 0.259885
vt 0.554519 0.259957
vt 0.596604 0.254236
vt 0.596604 0.244350
vt 0.701388 0.244350
vt 0.691503 0.254236
vt 0.594307 0.244230
vt 0.699091 0.244230
vt 0.594627 0.256213
vt 0.691503 0.256213
vt 0.882025 0.260100
vt 0.554519 0.260173
vt 0.550616 0.254342
vt 0.550615 0.246071
vt 0.878121 0.245998
vt 0.878122 0.254270
vt 0.548895 0.260159
vt 0.883867 0.260159
vt 0.935774 0.249145
vt 0.935776 0.257087
vt 0.557740 0.257176
vt 0.557738 0.249233
vt 0.549771 0.257410
vt 0.551436 0.250696
vt 0.929471 0.250607
vt 0.936096 0.257410
vt 0.937439 0.242431
vt 0.551114 0.242431
vt 0.551434 0.242754
vt 0.929469 0.242664
vt 0.551312 0.242653
vt 0.929350 0.242563
vt 0.936021 0.256986
vt 0.557984 0.257075
vt 0.596740 0.254071
vt 0.596740 0.244209
vt 0.724949 0.244209
vt 0.715086 0.254071
vt 0.549649 0.245594
vt 0.733794 0.245594
vt 0.724767 0.254621
vt 0.558676 0.254621
vt 0.866189 0.250796
vt 0.869006 0.259249
vt 0.555128 0.259249
vt 0.555128 0.250796
vt 0.745499 0.254845
vt 0.561352 0.254845
vt 0.570379 0.245818
vt 0.736472 0.245818
vt 0.561327 0.258059
vt 0.745474 0.258059
vt 0.862582 0.245387
vt 0.549697 0.245364
vt 0.905226 0.245378
vt 0.911425 0.251738
vt 0.549954 0.251739
vt 0.551634 0.245459
vt 0.548435 0.254550
vt 0.548505 0.260045
vt 0.548557 0.254550
vt 0.863492 0.254550
vt 0.555984 0.247123
vt 0.731807 0.244324
vt 0.729845 0.246512
vt 0.604501 0.246512
vt 0.604505 0.244324
vt 0.598771 0.256102
vt 0.715087 0.256101
vt 0.733819 0.242380
vt 0.549673 0.242380
vt 0.604176 0.253999
vt 0.594318 0.244134
vt 0.722521 0.244179
vt 0.722518 0.254040
vt 0.555792 0.241627
vt 0.870795 0.247121
vt 0.870725 0.241626
vt 0.911425 0.259880
vt 0.549954 0.259880
vt 0.604175 0.256031
vt 0.720544 0.256071
vt 0.555914 0.241627
vt 0.870850 0.241626
vt 0.736491 0.242919
vt 0.570398 0.242920
vt 0.863562 0.260045
vt 0.548627 0.260045
vt 0.548758 0.253168
vt 0.548756 0.245302
vt 0.938904 0.245209
vt 0.938905 0.253075
vt 0.943936 0.251463
vt 0.943938 0.259329
vt 0.553790 0.259422
vt 0.553788 0.251556
vt 0.945588 0.244534
vt 0.546953 0.244534
vt 0.547107 0.260097
vt 0.945741 0.260097
vt 0.552772 0.253137
vt 0.552770 0.245271
vt 0.942917 0.245178
vt 0.942919 0.253044
vt 0.947126 0.251385
vt 0.947128 0.259251
vt 0.556981 0.259344
vt 0.556979 0.251477
vt 0.948777 0.244456
vt 0.550143 0.244456
vt 0.551120 0.260066
vt 0.949754 0.260066
vt 0.561249 0.255878
vt 0.561249 0.246543
vt 0.747955 0.246543
vt 0.747955 0.255878
vt 0.754148 0.244945
vt 0.757374 0.248171
vt 0.570667 0.248171
vt 0.567441 0.244945
vt 0.565731 0.253953
vt 0.565731 0.244618
vt 0.752438 0.244618
vt 0.752438 0.253953
vt 0.563846 0.257179
vt 0.750551 0.257179
vt 0.751475 0.247550
vt 0.751475 0.256886
vt 0.564770 0.256886
vt 0.564770 0.247550
vt 0.748249 0.244324
vt 0.561544 0.244324
vt 0.729845 0.256305
vt 0.594708 0.256305
vt 0.757374 0.257506
vt 0.570667 0.257506
vt 0.551358 0.250250
vt 0.933226 0.242271
vt 0.933226 0.250248
vt 0.746069 0.259104
vt 0.558656 0.257519
vt 0.724748 0.257519
vt 0.553576 0.256905
vt 0.939941 0.256964
vt 0.886112 0.251144
vt 0.886112 0.259446
vt 0.555119 0.259445
vt 0.555119 0.251143
vt 0.551183 0.260154
vt 0.549261 0.254387
vt 0.880255 0.254387
vt 0.886069 0.260203
vt 0.884190 0.245377
vt 0.549305 0.245327
vt 0.549139 0.254360
vt 0.549139 0.246057
vt 0.880132 0.246058
vt 0.880132 0.254360
vt 0.886456 0.248684
vt 0.886456 0.256986
vt 0.555463 0.256984
vt 0.555463 0.248682
vt 0.885945 0.260176
vt 0.884533 0.242917
vt 0.549649 0.242866
vt 0.549261 0.246084
vt 0.880255 0.246085
vt 0.549042 0.259731
vt 0.550752 0.253954
vt 0.882316 0.253954
vt 0.881718 0.259731
vt 0.548587 0.259850
vt 0.549189 0.254044
vt 0.879971 0.254020
vt 0.881833 0.259850
vt 0.550752 0.245637
vt 0.882316 0.245638
vt 0.549189 0.245747
vt 0.879970 0.245723
vt 0.862240 0.250809
vt 0.870687 0.259256
vt 0.551392 0.250808
vt 0.864462 0.250976
vt 0.870095 0.259426
vt 0.556325 0.259426
vt 0.553509 0.250977
vt 0.862197 0.245384
vt 0.549577 0.245362
vt 0.862656 0.245559
vt 0.549883 0.245537
vt 0.880906 0.249165
vt 0.880906 0.257482
vt 0.549341 0.257482
vt 0.549341 0.249165
vt 0.881539 0.251511
vt 0.881539 0.259808
vt 0.550759 0.259831
vt 0.550758 0.251534
vt 0.882616 0.243388
vt 0.549939 0.243388
vt 0.882140 0.245705
vt 0.548895 0.245705
vt 0.551130 0.251964
vt 0.551130 0.243191
vt 0.820466 0.243191
vt 0.816080 0.251964
vt 0.549341 0.256573
vt 0.815169 0.256572
vt 0.815867 0.251094
vt 0.824627 0.259854
vt 0.555693 0.259854
vt 0.551313 0.251094
vt 0.815832 0.246477
vt 0.548993 0.246452
vt 0.881003 0.251449
vt 0.881003 0.259766
vt 0.549437 0.259765
vt 0.549437 0.251449
vt 0.881386 0.251751
vt 0.881386 0.260048
vt 0.550605 0.260072
vt 0.550604 0.251775
vt 0.882712 0.245672
vt 0.550035 0.245672
vt 0.881987 0.245945
vt 0.548741 0.245945
vt 0.551117 0.250602
vt 0.551117 0.242608
vt 0.933770 0.242609
vt 0.933770 0.250602
vt 0.550206 0.250429
vt 0.550205 0.242456
vt 0.931855 0.242428
vt 0.931856 0.250400
vt 0.549463 0.257271
vt 0.933180 0.257271
vt 0.549617 0.257128
vt 0.934000 0.257128
vt 0.550581 0.245971
vt 0.882145 0.245972
vt 0.882145 0.254288
vt 0.549845 0.254095
vt 0.549844 0.245798
vt 0.880625 0.245775
vt 0.880625 0.254072
vt 0.548871 0.260065
vt 0.881546 0.260065
vt 0.549242 0.259902
vt 0.882488 0.259902
vt 0.550939 0.259126
vt 0.552599 0.252567
vt 0.928480 0.252568
vt 0.928394 0.259127
vt 0.552599 0.244535
vt 0.928480 0.244535
vt 0.926883 0.242813
vt 0.925223 0.249373
vt 0.549341 0.249371
vt 0.549428 0.242812
vt 0.925223 0.257404
vt 0.549341 0.257404
vt 0.912992 0.811159
vt 0.922483 0.768450
vt 0.922483 0.996229
vt 0.912992 0.972502
vt 0.912992 0.792175
vt 0.922483 0.768448
vt 0.912993 0.953518
vt 0.749613 0.996300
vt 0.740123 0.972573
vt 0.740122 0.811230
vt 0.749613 0.768521
vt 0.723176 0.953518
vt 0.685213 0.996227
vt 0.685213 0.768448
vt 0.723176 0.792175
vt 0.723176 0.972503
vt 0.685212 0.768450
vt 0.723176 0.811159
vt 0.863527 0.996278
vt 0.807531 0.969704
vt 0.807530 0.768498
vt 0.863526 0.768498
vt 0.664177 0.972588
vt 0.654686 0.996315
vt 0.654685 0.768536
vt 0.664177 0.811245
vt 0.683178 0.972573
vt 0.721121 0.811245
vt 0.721121 0.972588
vt 0.683178 0.811230
vt 0.610261 0.206436
vt 0.707067 0.206436
vt 0.994638 0.233010
vt 0.548571 0.233010
vt 0.939412 0.768528
vt 0.939412 0.996307
vt 0.996348 0.996315
vt 0.711624 0.996315
vt 0.711624 0.768535
vt 0.996348 0.768535
vt 0.716367 0.768529
vt 0.716375 0.969737
vt 0.996353 0.996310
vt 0.813181 0.969737
vt 0.813180 0.768532
vt 0.996352 0.768531
vt 0.738431 0.233221
vt 0.691926 0.206646
vt 0.691926 0.005440
vt 0.738431 0.005440
vt 0.836143 0.206432
vt 0.548571 0.005227
vt 0.836143 0.005226
vt 0.610261 0.005230
vt 0.738387 0.005234
vt 0.738387 0.233013
vt 0.595120 0.206646
vt 0.548615 0.233220
vt 0.548617 0.005442
vt 0.595122 0.005443
vt 0.845102 0.530156
vt 0.655285 0.530156
vt 0.701790 0.503581
vt 0.798597 0.503582
vt 0.844665 0.530112
vt 0.654849 0.530112
vt 0.654849 0.302333
vt 0.844665 0.302333
vt 0.882349 0.529971
vt 0.654570 0.529971
vt 0.654570 0.302192
vt 0.882349 0.302192
vt 0.882628 0.529947
vt 0.654849 0.529947
vt 0.654849 0.302168
vt 0.882628 0.302168
vt 0.798597 0.302377
vt 0.845102 0.302377
vt 0.710725 0.969704
vt 0.710723 0.768500
vt 0.932949 0.005227
vt 0.994640 0.005227
vt 0.932949 0.206431
vt 0.707067 0.005231
vt 0.655285 0.302375
vt 0.701791 0.302376
vt 0.854294 0.950934
vt 0.851709 0.950926
vt 0.851760 0.802829
vt 0.854345 0.802837
vt 0.820741 0.802450
vt 0.823545 0.802464
vt 0.823545 0.963102
vt 0.820741 0.963088
vt 0.825710 0.802450
vt 0.828514 0.802464
vt 0.828514 0.963102
vt 0.825711 0.963088
vt 0.838453 0.963102
vt 0.835650 0.963088
vt 0.835650 0.802450
vt 0.838453 0.802464
vt 0.833484 0.963102
vt 0.830680 0.963088
vt 0.830680 0.802450
vt 0.833484 0.802464
vt 0.866013 0.802829
vt 0.868598 0.802836
vt 0.868598 0.950934
vt 0.866013 0.950927
vt 0.870764 0.802829
vt 0.873349 0.802836
vt 0.873349 0.950934
vt 0.870764 0.950927
vt 0.847451 0.951961
vt 0.844867 0.951953
vt 0.844918 0.803856
vt 0.847503 0.803864
vt 0.941962 0.807368
vt 0.941962 0.809741
vt 0.885017 0.809741
vt 0.885017 0.807368
vt 0.856511 0.802829
vt 0.859096 0.802836
vt 0.859096 0.950934
vt 0.856511 0.950927
vt 0.863847 0.950934
vt 0.861262 0.950927
vt 0.861262 0.802829
vt 0.863847 0.802836
vt 0.885017 0.805202
vt 0.885017 0.802829
vt 0.941962 0.802830
vt 0.941962 0.805202
vt 0.882850 0.950934
vt 0.880266 0.950927
vt 0.880266 0.802829
vt 0.882851 0.802837
vt 0.875515 0.802829
vt 0.878100 0.802836
vt 0.878100 0.950933
vt 0.875515 0.950926
vt 0.885017 0.818818
vt 0.885017 0.816446
vt 0.941962 0.816446
vt 0.941962 0.818818
vt 0.941962 0.811907
vt 0.941962 0.814280
vt 0.885017 0.814280
vt 0.885017 0.811907
usemtl Interior_Mat
s off
f 4251/5305 4277/5306 4274/5307 4279/5308
f 4262/5309 4274/5310 4277/5311 4273/5312
f 4264/5313 4276/5314 4250/5315 4278/5316
f 4259/5317 4274/5310 4262/5309 4244/5318
f 4258/5319 4279/5308 4274/5307 4259/5320
f 4238/5321 4283/5322 4282/5323 4235/5324
f 4470/5325 4471/5326 4280/5327 4236/5328
f 4256/5329 4273/5312 4277/5311 4254/5330
f 4266/5317 4294/5310 4289/5309 4240/5318
f 4233/5331 4297/5332 4302/5333 4268/5334
f 4269/5335 4295/5336 4292/5337 4263/5338
f 4265/5339 4293/5340 4294/5341 4266/5342
f 4255/5343 4299/5344 4304/5345 4272/5346
f 4268/5347 4302/5348 4301/5349 4267/5350
f 4247/5351 4248/5352 4262/5353 4273/5354
f 4253/5355 4251/5311 4264/5344 4252/5356
f 4264/5344 4251/5311 4279/5357 4276/5358
f 4246/5359 4290/5358 4293/5360 4265/5361
f 4280/5362 4257/5363 4249/5364 4275/5365
f 4254/5366 4277/5306 4251/5305 4253/5367
f 4243/5359 4276/5358 4279/5357 4258/5361
f 4236/5368 4280/5362 4275/5365 4241/5369
f 4245/5370 4247/5351 4273/5354 4256/5371
f 4252/5372 4264/5313 4278/5316 4242/5373
f 4281/5374 4285/5375 4286/5376 4284/5377
f 4283/5322 4288/5378 4287/5379 4282/5323
f 4237/5380 4281/5374 4284/5377 4239/5381
f 4284/5382 4286/5383 4289/5384 4291/5385
f 4289/5309 4294/5310 4296/5311 4291/5312
f 4292/5337 4295/5336 4293/5360 4290/5358
f 4295/5386 4296/5387 4294/5341 4293/5340
f 4447/5388 4448/5389 4248/5390 4247/5391
f 4239/5392 4284/5382 4291/5385 4260/5371
f 4467/5393 4468/5394 4283/5395 4238/5396
f 4260/5329 4291/5312 4296/5311 4271/5355
f 4468/5394 4469/5397 4288/5398 4283/5395
f 4271/5399 4296/5387 4295/5386 4269/5400
f 4446/5401 4447/5388 4247/5391 4245/5402
f 4445/5403 4444/5404 4298/5405 4299/5406
f 4298/5407 4301/5408 4304/5345 4299/5344
f 4300/5409 4303/5410 4302/5333 4297/5332
f 4301/5349 4302/5348 4303/5411 4304/5412
f 4270/5413 4303/5410 4300/5409 4261/5414
f 4272/5415 4304/5412 4303/5411 4270/5416
f 4300/5417 4297/5418 4285/5419 4281/5420
f 4261/5421 4300/5417 4281/5420 4237/5422
f 4267/5423 4301/5408 4298/5407 4234/5424
f 4471/5326 4472/5425 4257/5426 4280/5327
f 4443/5427 4445/5403 4299/5406 4255/5428
f 4313/5429 4325/5430 4340/5431 4311/5432
f 4312/5433 4324/5434 4322/5435 4306/5436
f 4310/5437 4339/5438 4324/5439 4312/5440
f 4311/5441 4340/5442 4338/5443 4309/5444
f 4315/5445 4331/5446 4325/5447 4313/5448
f 4317/5449 4333/5340 4332/5450 4316/5451
f 4319/5452 4335/5453 4334/5454 4318/5455
f 4324/5434 4330/5456 4329/5457 4322/5435
f 4323/5458 4327/5459 4321/5460 4336/5461
f 4331/5446 4326/5462 4328/5463 4325/5447
f 4334/5454 4335/5453 4332/5450 4333/5340
f 4331/5344 4332/5311 4335/5357 4326/5358
f 4321/5407 4334/5408 4333/5345 4336/5344
f 4316/5355 4332/5311 4331/5344 4315/5356
f 4307/5464 4323/5458 4336/5461 4320/5465
f 4320/5343 4336/5344 4333/5345 4317/5346
f 4318/5423 4334/5408 4321/5407 4305/5424
f 4314/5359 4326/5358 4335/5357 4319/5361
f 4340/5442 4342/5466 4341/5467 4338/5443
f 4337/5468 4343/5469 4344/5470 4339/5471
f 4308/5472 4337/5468 4339/5471 4310/5473
f 4322/5474 4329/5475 4343/5476 4337/5477
f 4309/5478 4338/5479 4323/5480 4307/5481
f 4306/5482 4322/5474 4337/5477 4308/5483
f 4338/5479 4341/5484 4327/5485 4323/5480
f 4339/5438 4344/5486 4330/5487 4324/5439
f 4325/5430 4328/5488 4342/5489 4340/5431
f 4388/5490 4373/5491 4370/5492 4385/5493
f 4424/5494 4423/5495 4421/5496 4422/5497
f 4434/5498 4436/5499 4413/5500 4414/5501
f 4375/5502 4365/5503 4372/5504 4366/5505
f 4384/5506 4365/5503 4375/5502 4382/5507
f 4432/5508 4434/5498 4414/5501 4361/5509
f 4354/5510 4387/5511 4391/5512 4351/5513
f 4379/5334 4421/5333 4410/5514 4363/5515
f 4370/5516 4372/5517 4365/5336 4385/5518
f 4360/5519 4411/5520 4419/5521 4369/5522
f 4352/5523 4388/5490 4385/5493 4376/5524
f 4381/5525 4423/5495 4424/5494 4383/5526
f 4392/5337 4375/5336 4366/5333 4367/5332
f 4392/5527 4367/5528 4368/5529 4389/5530
f 4358/5331 4367/5332 4366/5333 4378/5334
f 4369/5531 4419/5337 4423/5532 4381/5533
f 4387/5511 4386/5534 4390/5535 4391/5512
f 4382/5335 4375/5336 4392/5337 4371/5338
f 4371/5536 4392/5527 4389/5530 4353/5537
f 4376/5538 4385/5518 4365/5336 4384/5539
f 4378/5540 4366/5505 4372/5504 4377/5541
f 4377/5542 4372/5517 4370/5516 4357/5543
f 4393/5544 4397/5545 4398/5546 4396/5547
f 4395/5548 4400/5549 4399/5550 4394/5551
f 4355/5552 4395/5548 4394/5551 4350/5553
f 4349/5554 4393/5544 4396/5547 4356/5555
f 4402/5556 4405/5557 4406/5558 4404/5559
f 4403/5560 4408/5561 4407/5562 4401/5563
f 4347/5564 4403/5560 4401/5563 4345/5565
f 4346/5566 4402/5556 4404/5559 4348/5567
f 4420/5337 4424/5336 4422/5333 4415/5332
f 4396/5568 4398/5569 4373/5570 4388/5571
f 4351/5572 4391/5573 4395/5574 4355/5575
f 4401/5576 4407/5577 4386/5578 4387/5579
f 4345/5580 4401/5576 4387/5579 4354/5581
f 4389/5582 4368/5583 4405/5584 4402/5585
f 4353/5586 4389/5582 4402/5585 4346/5587
f 4410/5514 4421/5333 4423/5532 4419/5337
f 4411/5520 4412/5588 4410/5589 4419/5521
f 4391/5573 4390/5590 4400/5591 4395/5574
f 4457/5592 4459/5432 4417/5593 4416/5594
f 4356/5339 4396/5568 4388/5571 4352/5595
f 4380/5596 4422/5497 4421/5496 4379/5597
f 4364/5331 4415/5332 4422/5333 4380/5334
f 4455/5598 4457/5592 4416/5594 4359/5599
f 4383/5335 4424/5336 4420/5337 4374/5338
f 4451/5600 4453/5601 4408/5602 4403/5603
f 4425/5604 4429/5605 4411/5606 4360/5607
f 4449/5608 4451/5600 4403/5603 4347/5609
f 4464/5610 4466/5611 4418/5612 4409/5613
f 4441/5614 4439/5615 4397/5616 4393/5617
f 4462/5566 4464/5610 4409/5613 4362/5618
f 4437/5619 4441/5614 4393/5617 4349/5620
f 4429/5605 4427/5621 4412/5622 4411/5606
f 4348/5623 4404/5624 4430/5625 4426/5626
f 4426/5627 4430/5628 4429/5629 4425/5630
f 4404/5624 4406/5631 4428/5632 4430/5625
f 4430/5628 4428/5633 4427/5634 4429/5629
f 4420/5635 4415/5636 4435/5562 4433/5637
f 4433/5638 4435/5639 4436/5640 4434/5641
f 4374/5642 4420/5635 4433/5637 4431/5643
f 4431/5644 4433/5638 4434/5641 4432/5645
f 4414/5646 4413/5647 4440/5648 4442/5649
f 4442/5650 4440/5651 4439/5652 4441/5653
f 4361/5654 4414/5646 4442/5649 4438/5655
f 4438/5656 4442/5650 4441/5653 4437/5657
f 4278/5658 4250/5659 4444/5660 4445/5661
f 4242/5662 4278/5658 4445/5661 4443/5663
f 4292/5664 4290/5665 4448/5666 4447/5667
f 4263/5668 4292/5664 4447/5667 4446/5669
f 4416/5670 4417/5671 4454/5672 4452/5673
f 4452/5674 4454/5675 4453/5676 4451/5677
f 4359/5678 4416/5670 4452/5673 4450/5679
f 4450/5680 4452/5674 4451/5677 4449/5681
f 4409/5682 4418/5683 4460/5684 4458/5685
f 4458/5686 4460/5687 4459/5688 4457/5689
f 4362/5690 4409/5682 4458/5685 4456/5691
f 4456/5692 4458/5686 4457/5689 4455/5693
f 4394/5468 4399/5694 4465/5695 4463/5696
f 4463/5697 4465/5698 4466/5699 4464/5700
f 4350/5701 4394/5468 4463/5696 4461/5702
f 4461/5703 4463/5697 4464/5700 4462/5704
f 4241/5705 4275/5706 4468/5707 4467/5708
f 4275/5706 4249/5709 4469/5710 4468/5707
f 4235/5711 4282/5712 4471/5713 4470/5714
f 4282/5712 4287/5715 4472/5716 4471/5713
f 4478/5717 4500/5718 4499/5719 4475/5720
f 4474/5721 4489/5722 4490/5719 4481/5723
f 4489/5724 4486/5725 4485/5726 4490/5727
f 4480/5728 4492/5729 4491/5730 4476/5731
f 4477/5732 4494/5729 4493/5733 4479/5734
f 4498/5735 4504/5736 4503/5737 4497/5738
f 4483/5739 4499/5740 4500/5741 4484/5742
f 4486/5725 4489/5724 4498/5740 4488/5743
f 4484/5742 4500/5741 4496/5727 4482/5744
f 4481/5723 4490/5719 4492/5729 4480/5728
f 4473/5745 4495/5724 4499/5740 4483/5739
f 4488/5743 4498/5740 4497/5741 4487/5746
f 4522/5747 4524/5748 4525/5749 4520/5750
f 4564/5741 4506/5751 4505/5752 4563/5740
f 4561/5753 4508/5754 4507/5755 4562/5756
f 4475/5720 4499/5719 4494/5729 4477/5732
f 4487/5746 4497/5741 4490/5727 4485/5726
f 4506/5741 4510/5757 4509/5758 4505/5740
f 4566/5759 4512/5760 4511/5761 4565/5762
f 4518/5763 4527/5764 4528/5765 4526/5766
f 4515/5767 4518/5750 4526/5768 4516/5769
f 4521/5768 4523/5770 4522/5747 4520/5750
f 4519/5768 4521/5771 4520/5772 4517/5750
f 4541/5773 4525/5774 4543/5775 4542/5776
f 4537/5777 4531/5778 4529/5779 4539/5780
f 4533/5781 4535/5782 4536/5783 4534/5784
f 4535/5785 4537/5786 4538/5787 4536/5788
f 4531/5789 4533/5790 4534/5791 4532/5792
f 4537/5777 4539/5780 4540/5793 4538/5794
f 4541/5773 4527/5764 4518/5763 4525/5774
f 4498/5735 4495/5740 4502/5795 4504/5736
f 4479/5734 4493/5733 4500/5718 4478/5717
f 4482/5744 4496/5727 4495/5724 4473/5745
f 4496/5741 4501/5796 4502/5795 4495/5740
f 4476/5731 4491/5730 4489/5722 4474/5721
f 4514/5797 4519/5798 4517/5749 4513/5799
f 4513/5799 4517/5749 4518/5750 4515/5767
f 4525/5749 4524/5748 4544/5800 4543/5798
f 4529/5779 4531/5778 4532/5801 4530/5802
f 4476/5803 4547/5804 4551/5805 4480/5806
f 4480/5807 4551/5808 4552/5809 4481/5810
f 4478/5811 4549/5812 4550/5813 4479/5814
f 4477/5815 4548/5816 4546/5817 4475/5818
f 4474/5819 4545/5820 4547/5821 4476/5822
f 4481/5823 4552/5824 4545/5825 4474/5826
f 4479/5827 4550/5828 4548/5829 4477/5830
f 4475/5831 4546/5832 4549/5833 4478/5834
f 4488/5835 4556/5836 4554/5837 4486/5838
f 4487/5839 4555/5840 4556/5841 4488/5842
f 4486/5843 4554/5844 4553/5845 4485/5846
f 4485/5847 4553/5848 4555/5849 4487/5850
f 4473/5851 4557/5852 4558/5853 4482/5854
f 4484/5855 4560/5856 4559/5857 4483/5858
f 4483/5859 4559/5860 4557/5861 4473/5862
f 4482/5863 4558/5864 4560/5865 4484/5866
f 4494/5741 4561/5751 4562/5752 4493/5740
f 4492/5741 4564/5751 4563/5752 4491/5740
f 4508/5741 4566/5762 4565/5759 4507/5740
f 4566/5759 4505/5740 4509/5758 4512/5760
o Storey02_Windows
v 0.150003 0.949998 3.740000
v 0.150002 1.549999 3.740000
v 0.150002 1.509997 3.779999
v 0.150003 0.989998 3.779999
v 0.116699 0.989999 3.779999
v 0.116698 1.509998 3.779999
v 0.116698 1.550000 3.740000
v 0.116699 0.949998 3.740000
v 0.120697 0.994999 4.995000
v 0.120697 0.994999 3.785000
v 0.116699 0.989999 5.000004
v 0.150002 1.549999 5.040004
v 0.150002 1.509997 5.000004
v 0.116699 0.949998 5.040004
v 0.116698 1.550000 5.040004
v 0.116698 1.509998 5.000004
v 0.146000 1.504999 3.785000
v 0.146000 0.994998 3.785000
v 0.150003 0.989998 5.000004
v 0.150003 0.949998 5.040004
v 0.120697 1.504999 3.785000
v 0.120697 1.504999 4.995000
v 0.146000 0.994998 4.995000
v 0.146000 1.504999 4.995000
v 0.150003 1.649999 3.740000
v 0.150002 2.250000 3.740000
v 0.150002 2.209998 3.779999
v 0.150003 1.689999 3.779999
v 0.116699 1.690000 3.779999
v 0.116698 2.210000 3.779999
v 0.116698 2.250001 3.740000
v 0.116699 1.649999 3.740000
v 0.120697 1.695000 4.995000
v 0.120697 1.695000 3.785000
v 0.116699 1.690000 5.000004
v 0.150002 2.250000 5.040004
v 0.150002 2.209998 5.000004
v 0.116699 1.649999 5.040004
v 0.116698 2.250001 5.040004
v 0.116698 2.210000 5.000004
v 0.146000 2.205000 3.785000
v 0.146000 1.694999 3.785000
v 0.150003 1.689999 5.000004
v 0.150003 1.649999 5.040004
v 0.120697 2.205000 3.785000
v 0.120697 2.205000 4.995000
v 0.146000 1.694999 4.995000
v 0.146000 2.205000 4.995000
v 0.150003 3.150000 3.740000
v 0.150002 3.750000 3.740000
v 0.150002 3.709999 3.779999
v 0.150003 3.190000 3.779999
v 0.116699 3.190001 3.779999
v 0.116698 3.710000 3.779999
v 0.116698 3.750001 3.740000
v 0.116699 3.150000 3.740000
v 0.120697 3.195001 4.995000
v 0.120697 3.195001 3.785000
v 0.116699 3.190001 5.000004
v 0.150002 3.750000 5.040004
v 0.150002 3.709999 5.000004
v 0.116699 3.150000 5.040004
v 0.116698 3.750001 5.040004
v 0.116698 3.710000 5.000004
v 0.146000 3.705000 3.785000
v 0.146000 3.195000 3.785000
v 0.150003 3.190000 5.000004
v 0.150003 3.150000 5.040004
v 0.120697 3.705000 3.785000
v 0.120697 3.705000 4.995000
v 0.146000 3.195000 4.995000
v 0.146000 3.705000 4.995000
v 0.150003 3.849999 3.740000
v 0.150002 4.450000 3.740000
v 0.150002 4.409998 3.779999
v 0.150003 3.889999 3.779999
v 0.116699 3.890000 3.779999
v 0.116698 4.409999 3.779999
v 0.116698 4.450001 3.740000
v 0.116699 3.849999 3.740000
v 0.120697 3.895000 4.995000
v 0.120697 3.895000 3.785000
v 0.116699 3.890000 5.000004
v 0.150002 4.450000 5.040004
v 0.150002 4.409998 5.000004
v 0.116699 3.849999 5.040004
v 0.116698 4.450001 5.040004
v 0.116698 4.409999 5.000004
v 0.146000 4.405000 3.785000
v 0.146000 3.894999 3.785000
v 0.150003 3.889999 5.000004
v 0.150003 3.849999 5.040004
v 0.120697 4.405000 3.785000
v 0.120697 4.405000 4.995000
v 0.146000 3.894999 4.995000
v 0.146000 4.405000 4.995000
v 0.150003 5.350000 3.740000
v 0.150002 5.950001 3.740000
v 0.150002 5.909999 3.779999
v 0.150003 5.390000 3.779999
v 0.116699 5.390001 3.779999
v 0.116698 5.910000 3.779999
v 0.116698 5.950002 3.740000
v 0.116699 5.350000 3.740000
v 0.120697 5.395001 4.995000
v 0.120697 5.395001 3.785000
v 0.116699 5.390001 5.000004
v 0.150002 5.950001 5.040004
v 0.150002 5.909999 5.000004
v 0.116699 5.350000 5.040004
v 0.116698 5.950002 5.040004
v 0.116698 5.910000 5.000004
v 0.146000 5.905001 3.785000
v 0.146000 5.395000 3.785000
v 0.150003 5.390000 5.000004
v 0.150003 5.350000 5.040004
v 0.120697 5.905001 3.785000
v 0.120697 5.905001 4.995000
v 0.146000 5.395000 4.995000
v 0.146000 5.905001 4.995000
v 0.150003 6.049999 3.740000
v 0.150002 6.650000 3.740000
v 0.150002 6.609998 3.779999
v 0.150003 6.089999 3.779999
v 0.116699 6.090000 3.779999
v 0.116698 6.609999 3.779999
v 0.116698 6.650001 3.740000
v 0.116699 6.049999 3.740000
v 0.120697 6.095000 4.995000
v 0.120697 6.095000 3.785000
v 0.116699 6.090000 5.000004
v 0.150002 6.650000 5.040004
v 0.150002 6.609998 5.000004
v 0.116699 6.049999 5.040004
v 0.116698 6.650001 5.040004
v 0.116698 6.609999 5.000004
v 0.146000 6.605000 3.785000
v 0.146000 6.094999 3.785000
v 0.150003 6.089999 5.000004
v 0.150003 6.049999 5.040004
v 0.120697 6.605000 3.785000
v 0.120697 6.605000 4.995000
v 0.146000 6.094999 4.995000
v 0.146000 6.605000 4.995000
v 8.383303 1.039999 3.740000
v 8.383301 1.640000 3.740000
v 8.383301 1.599998 3.779999
v 8.383303 1.079999 3.779999
v 8.349998 1.080000 3.779999
v 8.349997 1.599999 3.779999
v 8.349997 1.640001 3.740000
v 8.349998 1.039999 3.740000
v 8.353996 1.085000 4.995000
v 8.353996 1.085000 3.785000
v 8.349998 1.080000 5.000004
v 8.383301 1.640000 5.040004
v 8.383301 1.599998 5.000004
v 8.349998 1.039999 5.040004
v 8.349997 1.640001 5.040004
v 8.349997 1.599999 5.000004
v 8.379299 1.595000 3.785000
v 8.379299 1.084999 3.785000
v 8.383303 1.079999 5.000004
v 8.383303 1.039999 5.040004
v 8.353996 1.595000 3.785000
v 8.353996 1.595000 4.995000
v 8.379299 1.084999 4.995000
v 8.379299 1.595000 4.995000
v 8.383303 1.739999 3.740000
v 8.383301 2.340000 3.740000
v 8.383301 2.299998 3.779999
v 8.383303 1.779999 3.779999
v 8.349998 1.780000 3.779999
v 8.349997 2.299999 3.779999
v 8.349997 2.340001 3.740000
v 8.349998 1.739999 3.740000
v 8.353996 1.785000 4.995000
v 8.353996 1.785000 3.785000
v 8.349998 1.780000 5.000004
v 8.383301 2.340000 5.040004
v 8.383301 2.299998 5.000004
v 8.349998 1.739999 5.040004
v 8.349997 2.340001 5.040004
v 8.349997 2.299999 5.000004
v 8.379299 2.295000 3.785000
v 8.379299 1.784999 3.785000
v 8.383303 1.779999 5.000004
v 8.383303 1.739999 5.040004
v 8.353996 2.295000 3.785000
v 8.353996 2.295000 4.995000
v 8.379299 1.784999 4.995000
v 8.379299 2.295000 4.995000
vt 0.207119 0.508200
vt 0.090775 0.508201
vt 0.098532 0.500444
vt 0.199363 0.500444
vt 0.198979 0.492071
vt 0.098137 0.492071
vt 0.090380 0.484314
vt 0.206736 0.484314
vt 0.255303 0.504789
vt 0.038569 0.504753
vt 0.035620 0.508624
vt 0.256238 0.508624
vt 0.030356 0.489202
vt 0.265435 0.489202
vt 0.258202 0.496436
vt 0.037589 0.496436
vt 0.028387 0.515858
vt 0.263472 0.515857
vt 0.267496 0.515869
vt 0.032440 0.515870
vt 0.039673 0.508637
vt 0.260264 0.508637
vt 0.098928 0.491982
vt 0.199759 0.491947
vt 0.207513 0.484189
vt 0.091169 0.484229
vt 0.099490 0.498708
vt 0.198002 0.498701
vt 0.199378 0.500321
vt 0.090783 0.508116
vt 0.207138 0.508075
vt 0.265532 0.489190
vt 0.030472 0.489190
vt 0.037704 0.496423
vt 0.258299 0.496423
vt 0.198002 0.493814
vt 0.099489 0.493821
vt 0.099887 0.493718
vt 0.198399 0.493691
vt 0.040538 0.504838
vt 0.257267 0.504803
vt 0.198401 0.498578
vt 0.099888 0.498606
vt 0.038569 0.500221
vt 0.255304 0.500257
vt 0.207119 0.514658
vt 0.090775 0.514658
vt 0.090785 0.514574
vt 0.207140 0.514534
vt 0.265532 0.483168
vt 0.030472 0.483168
vt 0.030356 0.483180
vt 0.265435 0.483180
vt 0.257266 0.500270
vt 0.040537 0.500306
usemtl Exterior_Mat
s off
f 4567/5867 4568/5868 4569/5869 4570/5870
f 4571/5871 4572/5872 4573/5873 4574/5874
f 4575/5875 4576/5876 4571/5877 4577/5878
f 4568/5879 4578/5880 4579/5881 4569/5882
f 4577/5878 4571/5877 4574/5883 4580/5884
f 4581/5885 4573/5886 4572/5887 4582/5888
f 4582/5889 4577/5890 4580/5891 4581/5892
f 4570/5870 4569/5869 4583/5893 4584/5894
f 4585/5895 4579/5869 4578/5896 4586/5897
f 4586/5898 4567/5899 4570/5900 4585/5901
f 4576/5902 4587/5903 4572/5872 4571/5871
f 4588/5904 4575/5905 4577/5890 4582/5889
f 4582/5888 4572/5887 4587/5906 4588/5907
f 4589/5908 4590/5909 4579/5869 4585/5895
f 4585/5901 4570/5900 4584/5910 4589/5911
f 4568/5868 4567/5867 4574/5912 4573/5913
f 4586/5897 4578/5896 4581/5914 4580/5915
f 4567/5899 4586/5898 4580/5916 4574/5917
f 4578/5880 4568/5879 4573/5918 4581/5919
f 4590/5920 4583/5921 4569/5882 4579/5881
f 4576/5876 4575/5875 4589/5911 4584/5910
f 4575/5905 4588/5904 4590/5909 4589/5908
f 4587/5903 4576/5902 4584/5894 4583/5893
f 4583/5921 4590/5920 4588/5907 4587/5906
f 4591/5867 4592/5868 4593/5869 4594/5870
f 4595/5871 4596/5872 4597/5873 4598/5874
f 4599/5875 4600/5876 4595/5877 4601/5878
f 4592/5879 4602/5880 4603/5881 4593/5882
f 4601/5878 4595/5877 4598/5883 4604/5884
f 4605/5885 4597/5886 4596/5887 4606/5888
f 4606/5889 4601/5890 4604/5891 4605/5892
f 4594/5870 4593/5869 4607/5893 4608/5894
f 4609/5895 4603/5869 4602/5896 4610/5897
f 4610/5898 4591/5899 4594/5900 4609/5901
f 4600/5902 4611/5903 4596/5872 4595/5871
f 4612/5904 4599/5905 4601/5890 4606/5889
f 4606/5888 4596/5887 4611/5906 4612/5907
f 4613/5908 4614/5909 4603/5869 4609/5895
f 4609/5901 4594/5900 4608/5910 4613/5911
f 4592/5868 4591/5867 4598/5912 4597/5913
f 4610/5897 4602/5896 4605/5914 4604/5915
f 4591/5899 4610/5898 4604/5916 4598/5917
f 4602/5880 4592/5879 4597/5918 4605/5919
f 4614/5920 4607/5921 4593/5882 4603/5881
f 4600/5876 4599/5875 4613/5911 4608/5910
f 4599/5905 4612/5904 4614/5909 4613/5908
f 4611/5903 4600/5902 4608/5894 4607/5893
f 4607/5921 4614/5920 4612/5907 4611/5906
f 4615/5867 4616/5868 4617/5869 4618/5870
f 4619/5871 4620/5872 4621/5873 4622/5874
f 4623/5875 4624/5876 4619/5877 4625/5878
f 4616/5879 4626/5880 4627/5881 4617/5882
f 4625/5878 4619/5877 4622/5883 4628/5884
f 4629/5885 4621/5886 4620/5887 4630/5888
f 4630/5889 4625/5890 4628/5891 4629/5892
f 4618/5870 4617/5869 4631/5893 4632/5894
f 4633/5895 4627/5869 4626/5896 4634/5897
f 4634/5898 4615/5899 4618/5900 4633/5901
f 4624/5902 4635/5903 4620/5872 4619/5871
f 4636/5904 4623/5905 4625/5890 4630/5889
f 4630/5888 4620/5887 4635/5906 4636/5907
f 4637/5908 4638/5909 4627/5869 4633/5895
f 4633/5901 4618/5900 4632/5910 4637/5911
f 4616/5868 4615/5867 4622/5912 4621/5913
f 4634/5897 4626/5896 4629/5914 4628/5915
f 4615/5899 4634/5898 4628/5916 4622/5917
f 4626/5880 4616/5879 4621/5918 4629/5919
f 4638/5920 4631/5921 4617/5882 4627/5881
f 4624/5876 4623/5875 4637/5911 4632/5910
f 4623/5905 4636/5904 4638/5909 4637/5908
f 4635/5903 4624/5902 4632/5894 4631/5893
f 4631/5921 4638/5920 4636/5907 4635/5906
f 4639/5867 4640/5868 4641/5869 4642/5870
f 4643/5871 4644/5872 4645/5873 4646/5874
f 4647/5875 4648/5876 4643/5877 4649/5878
f 4640/5879 4650/5880 4651/5881 4641/5882
f 4649/5878 4643/5877 4646/5883 4652/5884
f 4653/5885 4645/5886 4644/5887 4654/5888
f 4654/5889 4649/5890 4652/5891 4653/5892
f 4642/5870 4641/5869 4655/5893 4656/5894
f 4657/5895 4651/5869 4650/5896 4658/5897
f 4658/5898 4639/5899 4642/5900 4657/5901
f 4648/5902 4659/5903 4644/5872 4643/5871
f 4660/5904 4647/5905 4649/5890 4654/5889
f 4654/5888 4644/5887 4659/5906 4660/5907
f 4661/5908 4662/5909 4651/5869 4657/5895
f 4657/5901 4642/5900 4656/5910 4661/5911
f 4640/5868 4639/5867 4646/5912 4645/5913
f 4658/5897 4650/5896 4653/5914 4652/5915
f 4639/5899 4658/5898 4652/5916 4646/5917
f 4650/5880 4640/5879 4645/5918 4653/5919
f 4662/5920 4655/5921 4641/5882 4651/5881
f 4648/5876 4647/5875 4661/5911 4656/5910
f 4647/5905 4660/5904 4662/5909 4661/5908
f 4659/5903 4648/5902 4656/5894 4655/5893
f 4655/5921 4662/5920 4660/5907 4659/5906
f 4663/5867 4664/5868 4665/5869 4666/5870
f 4667/5871 4668/5872 4669/5873 4670/5874
f 4671/5875 4672/5876 4667/5877 4673/5878
f 4664/5879 4674/5880 4675/5881 4665/5882
f 4673/5878 4667/5877 4670/5883 4676/5884
f 4677/5885 4669/5886 4668/5887 4678/5888
f 4678/5889 4673/5890 4676/5891 4677/5892
f 4666/5870 4665/5869 4679/5893 4680/5894
f 4681/5895 4675/5869 4674/5896 4682/5897
f 4682/5898 4663/5899 4666/5900 4681/5901
f 4672/5902 4683/5903 4668/5872 4667/5871
f 4684/5904 4671/5905 4673/5890 4678/5889
f 4678/5888 4668/5887 4683/5906 4684/5907
f 4685/5908 4686/5909 4675/5869 4681/5895
f 4681/5901 4666/5900 4680/5910 4685/5911
f 4664/5868 4663/5867 4670/5912 4669/5913
f 4682/5897 4674/5896 4677/5914 4676/5915
f 4663/5899 4682/5898 4676/5916 4670/5917
f 4674/5880 4664/5879 4669/5918 4677/5919
f 4686/5920 4679/5921 4665/5882 4675/5881
f 4672/5876 4671/5875 4685/5911 4680/5910
f 4671/5905 4684/5904 4686/5909 4685/5908
f 4683/5903 4672/5902 4680/5894 4679/5893
f 4679/5921 4686/5920 4684/5907 4683/5906
f 4687/5867 4688/5868 4689/5869 4690/5870
f 4691/5871 4692/5872 4693/5873 4694/5874
f 4695/5875 4696/5876 4691/5877 4697/5878
f 4688/5879 4698/5880 4699/5881 4689/5882
f 4697/5878 4691/5877 4694/5883 4700/5884
f 4701/5885 4693/5886 4692/5887 4702/5888
f 4702/5889 4697/5890 4700/5891 4701/5892
f 4690/5870 4689/5869 4703/5893 4704/5894
f 4705/5895 4699/5869 4698/5896 4706/5897
f 4706/5898 4687/5899 4690/5900 4705/5901
f 4696/5902 4707/5903 4692/5872 4691/5871
f 4708/5904 4695/5905 4697/5890 4702/5889
f 4702/5888 4692/5887 4707/5906 4708/5907
f 4709/5908 4710/5909 4699/5869 4705/5895
f 4705/5901 4690/5900 4704/5910 4709/5911
f 4688/5868 4687/5867 4694/5912 4693/5913
f 4706/5897 4698/5896 4701/5914 4700/5915
f 4687/5899 4706/5898 4700/5916 4694/5917
f 4698/5880 4688/5879 4693/5918 4701/5919
f 4710/5920 4703/5921 4689/5882 4699/5881
f 4696/5876 4695/5875 4709/5911 4704/5910
f 4695/5905 4708/5904 4710/5909 4709/5908
f 4707/5903 4696/5902 4704/5894 4703/5893
f 4703/5921 4710/5920 4708/5907 4707/5906
f 4711/5867 4712/5868 4713/5869 4714/5870
f 4715/5871 4716/5872 4717/5873 4718/5874
f 4719/5875 4720/5876 4715/5877 4721/5878
f 4712/5879 4722/5880 4723/5881 4713/5882
f 4721/5878 4715/5877 4718/5883 4724/5884
f 4725/5885 4717/5886 4716/5887 4726/5888
f 4726/5889 4721/5890 4724/5891 4725/5892
f 4714/5870 4713/5869 4727/5893 4728/5894
f 4729/5895 4723/5869 4722/5896 4730/5897
f 4730/5898 4711/5899 4714/5900 4729/5901
f 4720/5902 4731/5903 4716/5872 4715/5871
f 4732/5904 4719/5905 4721/5890 4726/5889
f 4726/5888 4716/5887 4731/5906 4732/5907
f 4733/5908 4734/5909 4723/5869 4729/5895
f 4729/5901 4714/5900 4728/5910 4733/5911
f 4712/5868 4711/5867 4718/5912 4717/5913
f 4730/5897 4722/5896 4725/5914 4724/5915
f 4711/5899 4730/5898 4724/5916 4718/5917
f 4722/5880 4712/5879 4717/5918 4725/5919
f 4734/5920 4727/5921 4713/5882 4723/5881
f 4720/5876 4719/5875 4733/5911 4728/5910
f 4719/5905 4732/5904 4734/5909 4733/5908
f 4731/5903 4720/5902 4728/5894 4727/5893
f 4727/5921 4734/5920 4732/5907 4731/5906
f 4735/5867 4736/5868 4737/5869 4738/5870
f 4739/5871 4740/5872 4741/5873 4742/5874
f 4743/5875 4744/5876 4739/5877 4745/5878
f 4736/5879 4746/5880 4747/5881 4737/5882
f 4745/5878 4739/5877 4742/5883 4748/5884
f 4749/5885 4741/5886 4740/5887 4750/5888
f 4750/5889 4745/5890 4748/5891 4749/5892
f 4738/5870 4737/5869 4751/5893 4752/5894
f 4753/5895 4747/5869 4746/5896 4754/5897
f 4754/5898 4735/5899 4738/5900 4753/5901
f 4744/5902 4755/5903 4740/5872 4739/5871
f 4756/5904 4743/5905 4745/5890 4750/5889
f 4750/5888 4740/5887 4755/5906 4756/5907
f 4757/5908 4758/5909 4747/5869 4753/5895
f 4753/5901 4738/5900 4752/5910 4757/5911
f 4736/5868 4735/5867 4742/5912 4741/5913
f 4754/5897 4746/5896 4749/5914 4748/5915
f 4735/5899 4754/5898 4748/5916 4742/5917
f 4746/5880 4736/5879 4741/5918 4749/5919
f 4758/5920 4751/5921 4737/5882 4747/5881
f 4744/5876 4743/5875 4757/5911 4752/5910
f 4743/5905 4756/5904 4758/5909 4757/5908
f 4755/5903 4744/5902 4752/5894 4751/5893
f 4751/5921 4758/5920 4756/5907 4755/5906
