# Blender v2.71 (sub 0) OBJ File: 'City_Building08.blend'
# www.blender.org
mtllib City_Building08.mtl
o Interior_Walls
v 6.300000 6.700000 -0.000000
v 6.300000 5.780000 -0.000000
v 6.300000 7.399998 2.450000
v 6.300000 2.700000 2.450000
v 6.300000 7.399998 0.050000
v 8.300000 7.399998 2.450000
v 8.300000 7.399998 0.050000
v 8.300000 6.700000 -0.000000
v 8.300000 2.700000 2.450000
v 6.300000 2.700000 0.050000
v 6.840000 2.700000 -0.000000
v 7.760000 2.700000 -0.000000
v 8.300000 2.700000 0.050000
v 8.300000 5.780000 -0.000000
v 8.290000 2.710000 0.050000
v 8.290000 2.710000 -0.000000
v 8.290000 2.710000 2.500000
v 6.310000 2.710000 -0.000000
v 6.790000 2.710000 2.170000
v 6.790000 2.700000 0.050000
v 6.790000 2.700000 2.170000
v 7.810000 2.700000 2.170000
v 6.300000 5.730000 0.050000
v 7.810000 2.700000 0.050000
v 6.310000 2.710000 2.500000
v 6.840000 2.700000 2.120000
v 7.760000 2.700000 2.120000
v 8.300000 6.750000 0.050000
v 6.300000 6.750000 0.050000
v 7.760000 2.710000 -0.000000
v 8.300000 5.730000 0.050000
v 6.790000 2.710000 0.050000
v 8.300000 5.780000 2.120000
v 8.300000 6.700000 2.120000
v 6.300000 5.780000 2.120000
v 6.300000 6.700000 2.120000
v 8.300000 5.730000 2.170000
v 6.300000 6.750000 2.170000
v 8.300000 6.750000 2.170000
v 6.300000 5.730000 2.170000
v 7.810000 2.710000 0.050000
v 7.760000 2.710000 2.120000
v 8.290000 2.710000 2.450000
v 6.840000 2.710000 -0.000000
v 7.810000 2.710000 2.170000
v 6.310000 2.710000 0.050000
v 6.840000 2.710000 2.120000
v 6.310000 2.710000 2.450000
v 6.310000 7.389998 0.050000
v 6.310000 7.389998 2.450000
v 8.290000 7.389998 2.450000
v 8.290000 7.389998 0.050000
v 6.310000 7.389998 -0.000000
v 8.290000 7.389998 -0.000000
v 6.310000 7.389998 2.500000
v 8.290000 7.389998 2.500000
v 8.289999 6.700000 -0.000000
v 8.289999 5.780000 -0.000000
v 8.289999 6.750000 0.050000
v 8.289999 5.730000 0.050000
v 8.289999 5.780000 2.120000
v 8.289999 6.700000 2.120000
v 8.289999 5.730000 2.170000
v 8.289999 6.750000 2.170000
v 6.309999 6.700000 -0.000000
v 6.309999 5.780000 -0.000000
v 6.309999 5.730000 0.050000
v 6.309999 6.750000 0.050000
v 6.309999 5.780000 2.120000
v 6.309999 6.700000 2.120000
v 6.309999 6.750000 2.170000
v 6.309999 5.730000 2.170000
v 6.840000 2.600000 -0.000000
v 6.300000 2.600000 2.450000
v 6.300000 2.600000 0.050000
v 6.300000 0.200000 2.450000
v 6.300000 0.200000 0.050000
v 8.300000 0.200000 2.450000
v 8.300000 0.200000 0.050000
v 8.300000 2.600000 2.450000
v 8.300000 2.600000 0.050000
v 7.760000 2.600000 -0.000000
v 7.810000 2.600000 0.050000
v 7.810000 2.600000 2.170000
v 6.790000 2.600000 2.170000
v 6.840000 2.600000 2.120000
v 7.760000 2.600000 2.120000
v 6.790000 2.600000 0.050000
v 6.840000 2.590000 -0.000000
v 6.310000 2.590000 2.450000
v 6.310000 2.590000 0.050000
v 8.290000 2.590000 2.450000
v 8.290000 2.590000 0.050000
v 7.760000 2.590000 -0.000000
v 6.310000 2.590000 -0.000000
v 8.290000 2.590000 -0.000000
v 6.310000 2.590000 2.500000
v 8.290000 2.590000 2.500000
v 7.810000 2.590000 0.050000
v 7.810000 2.590000 2.170000
v 6.790000 2.590000 2.170000
v 6.840000 2.590000 2.120000
v 7.760000 2.590000 2.120000
v 6.790000 2.590000 0.050000
v 6.310000 0.210000 2.450000
v 6.310000 0.210000 0.050000
v 8.290000 0.210000 2.450000
v 8.290000 0.210000 0.050000
v 6.310000 0.210000 -0.000000
v 8.290000 0.210000 -0.000000
v 6.310000 0.210000 2.500000
v 8.290000 0.210000 2.500000
v 0.200000 4.900000 2.450000
v 0.200000 4.900000 0.050000
v 0.200000 7.399998 2.450000
v 0.200000 7.399998 0.050000
v 0.200000 0.200000 0.050000
v 0.200000 0.200000 2.450000
v 1.200000 2.700000 2.450000
v 1.200000 2.700000 0.050000
v 1.200000 4.900000 0.050000
v 1.200000 4.900000 2.450000
v 0.200000 2.700000 2.450000
v 0.200000 2.700000 0.050000
v 1.200000 3.340000 -0.000000
v 1.200000 4.260000 -0.000000
v 6.200000 7.399998 2.450000
v 6.200000 7.399998 0.050000
v 6.200000 0.200000 0.050000
v 6.200000 0.200000 2.450000
v 6.200000 6.700000 -0.000000
v 6.200000 5.780000 -0.000000
v 1.210000 3.290000 2.170000
v 1.210000 4.260000 2.120000
v 1.210000 4.260000 -0.000000
v 1.210000 4.910000 -0.000000
v 6.200000 6.750000 0.050000
v 1.210000 3.340000 -0.000000
v 1.200000 4.310000 0.050000
v 1.210000 3.340000 2.120000
v 1.210000 2.690000 -0.000000
v 6.200000 5.730000 0.050000
v 1.210000 4.310000 2.170000
v 1.200000 3.290000 0.050000
v 1.200000 3.340000 2.120000
v 1.200000 4.260000 2.120000
v 6.200000 6.700000 2.120000
v 6.200000 5.780000 2.120000
v 6.200000 6.750000 2.170000
v 1.200000 4.310000 2.170000
v 6.200000 5.730000 2.170000
v 1.200000 3.290000 2.170000
v 1.210000 3.290000 0.050000
v 1.210000 4.910000 2.500000
v 1.210000 4.910000 2.450000
v 1.210000 2.690000 0.050000
v 1.210000 4.910000 0.050000
v 1.210000 2.690000 2.500000
v 1.210000 2.690000 2.450000
v 1.210000 4.310000 0.050000
v 0.210000 0.210000 0.050000
v 0.210000 0.210000 2.450000
v 0.210000 2.690000 2.450000
v 0.210000 2.690000 0.050000
v 0.210000 0.210000 -0.000000
v 0.210000 2.690000 -0.000000
v 0.210000 0.210000 2.500000
v 0.210000 2.690000 2.500000
v 0.210000 4.910000 2.450000
v 0.210000 4.910000 0.050000
v 0.210000 7.389997 2.450000
v 0.210000 7.389997 0.050000
v 0.210000 4.910000 -0.000000
v 0.210000 7.389997 -0.000000
v 0.210000 4.910000 2.500000
v 0.210000 7.389997 2.500000
v 6.190001 0.210000 2.450000
v 6.190001 6.700000 -0.000000
v 6.190001 7.389997 0.050000
v 6.190001 7.389997 -0.000000
v 6.190001 0.210000 -0.000000
v 6.190001 0.210000 0.050000
v 6.190001 5.780000 -0.000000
v 6.190001 7.389997 2.450000
v 6.190001 7.389997 2.500000
v 6.190001 0.210000 2.500000
v 6.190001 6.750000 0.050000
v 6.190001 5.730000 0.050000
v 6.190001 6.700000 2.120000
v 6.190001 5.780000 2.120000
v 6.190001 6.750000 2.170000
v 6.190001 5.730000 2.170000
v 2.200000 0.200000 0.050000
v 4.200000 0.200000 0.050000
v 2.203334 0.210000 -0.000000
v 4.196667 0.210000 -0.000000
v 2.203334 0.210000 0.050000
v 4.196667 0.210000 0.050000
v 2.200000 0.200000 2.450000
v 4.200000 0.200000 2.450000
v 2.203334 0.210000 2.450000
v 4.196667 0.210000 2.450000
v 2.203334 0.210000 2.500000
v 4.196667 0.210000 2.500000
v 4.200000 7.399998 0.050000
v 2.200000 7.399998 0.050000
v 4.196667 7.389997 -0.000000
v 2.203333 7.389997 -0.000000
v 4.196667 7.389997 0.050000
v 2.203333 7.389997 0.050000
v 2.200000 7.399998 2.450000
v 4.200000 7.399998 2.450000
v 2.203334 7.389997 2.450000
v 4.196667 7.389997 2.450000
v 2.203334 7.389997 2.500000
v 4.196667 7.389997 2.500000
v 6.200000 2.965000 0.050000
v 6.190001 2.970000 0.050000
v 6.190001 2.995000 -0.000000
v 6.200000 4.999998 2.450000
v 6.200000 2.599999 2.450000
v 6.190001 4.996665 2.450000
v 6.190001 2.603333 2.450000
v 6.190001 4.996665 2.500000
v 6.190001 2.603333 2.500000
v 8.300000 5.049999 2.450000
v 8.290000 5.049999 2.450000
v 8.290000 5.049999 2.500000
v 8.300000 4.215000 0.050000
v 8.289999 4.220000 0.050000
v 8.289999 4.245000 -0.000000
v 6.300000 4.215000 0.050000
v 6.309999 4.245000 -0.000000
v 6.309999 4.220000 0.050000
v 6.300000 5.049999 2.450000
v 6.310000 5.049999 2.450000
v 6.310000 5.049999 2.500000
v 0.900000 2.700000 2.200000
v 0.200000 5.000000 2.200000
v 0.200000 2.600000 2.200000
v 0.200000 7.000000 2.200000
v 0.200000 0.600000 2.200000
v 0.200000 2.600000 0.500000
v 0.200000 0.600000 0.500000
v 0.200000 7.000000 0.500000
v 0.200000 5.000000 0.500000
v 0.900000 2.700000 0.500000
v 0.300000 2.700000 2.200000
v 0.300000 2.700000 0.500000
v 0.300000 4.900000 0.500000
v 0.300000 4.900000 2.200000
v 0.900000 4.900000 0.500000
v 0.900000 4.900000 2.200000
v 0.200000 4.900000 2.450000
v 0.200000 4.900000 0.050000
v 0.200000 7.400001 2.450000
v 0.200000 7.400001 0.050000
v 0.200000 0.200000 0.050000
v 0.200000 0.200000 2.450000
v 1.200000 2.700000 2.450000
v 1.200000 2.700000 0.050000
v 1.200000 4.900000 0.050000
v 1.200000 4.900000 2.450000
v 0.200000 2.700000 2.450000
v 0.200000 2.700000 0.050000
v 1.200000 3.290000 0.050000
v 1.200000 3.290000 2.170000
v 1.200000 4.310000 0.050000
v 1.200000 4.310000 2.170000
v 6.200000 7.400001 2.450000
v 6.200000 7.400001 0.050000
v 6.200000 0.200000 0.050000
v 6.200000 0.200000 2.450000
v 6.200000 6.750000 2.170001
v 6.200000 6.750000 0.050000
v 6.200000 5.730000 0.050000
v 6.200000 5.730000 2.170001
v 6.300000 6.750000 2.170001
v 6.300000 6.750000 0.050000
v 6.300000 5.730000 2.170001
v 6.300000 5.730000 0.050000
v 6.300000 7.400001 2.450000
v 6.300000 2.700000 2.450000
v 6.300000 7.400001 0.050000
v 8.300000 7.400001 2.450000
v 8.300000 7.400001 0.050000
v 8.300000 6.750000 2.170000
v 8.300000 6.750000 0.050000
v 8.300000 5.730000 2.170000
v 8.300000 2.700000 2.450000
v 6.300000 2.700000 0.050000
v 6.790000 2.700000 2.170001
v 6.790000 2.700000 0.050000
v 6.790000 2.600000 2.170001
v 6.790000 2.600000 0.050000
v 6.300000 2.600000 2.450000
v 6.300000 2.600000 0.050000
v 6.300000 0.200000 2.450000
v 6.300000 0.200000 0.050000
v 8.300000 0.200000 2.450000
v 8.300000 0.200000 0.050000
v 8.300000 2.600000 2.450000
v 8.300000 2.600000 0.050000
v 7.810000 2.600000 2.170001
v 7.810000 2.600000 0.050000
v 7.810000 2.700000 2.170001
v 7.810000 2.700000 0.050000
v 8.300000 2.700000 0.050000
v 8.300000 5.730000 0.050000
v 0.175000 5.000000 2.200000
v 0.175000 2.600000 2.200000
v 0.175000 7.000000 2.200000
v 0.175000 0.600000 2.200000
v 0.175000 2.600000 0.500000
v 0.175000 0.600000 0.500000
v 0.175000 7.000000 0.500000
v 0.175000 5.000000 0.500000
v 0.300000 4.875000 0.500000
v 0.300000 4.875000 2.200000
v 0.900000 4.875000 0.500000
v 0.900000 4.875000 2.200000
v 0.900000 2.725000 2.200000
v 0.900000 2.725000 0.500000
v 0.300000 2.725000 2.200000
v 0.300000 2.725000 0.500000
v 3.200000 0.200000 2.450000
v 3.200000 0.200000 0.050000
v 3.200000 7.400001 2.450000
v 3.200000 7.400001 0.050000
v 6.200000 3.800000 0.050000
v 6.200000 3.800000 2.450000
vt 0.558114 0.248487
vt 0.737358 0.248487
vt 0.728571 0.257274
vt 0.566901 0.257274
vt 0.549929 0.247025
vt 0.856481 0.247024
vt 0.863711 0.254254
vt 0.557158 0.254254
vt 0.692722 0.249165
vt 0.702344 0.258788
vt 0.600349 0.258788
vt 0.600349 0.249165
vt 0.856549 0.241675
vt 0.549997 0.241676
vt 0.566882 0.260096
vt 0.728553 0.260095
vt 0.908790 0.246026
vt 0.907114 0.251688
vt 0.588328 0.251759
vt 0.582736 0.246027
vt 0.921685 0.246151
vt 0.921738 0.252517
vt 0.556968 0.252602
vt 0.550518 0.246152
vt 0.557090 0.259603
vt 0.863643 0.259604
vt 0.856556 0.241778
vt 0.856488 0.247127
vt 0.549929 0.247128
vt 0.549997 0.241779
vt 0.549801 0.259581
vt 0.549869 0.254232
vt 0.856421 0.254231
vt 0.856354 0.259580
vt 0.863644 0.241673
vt 0.863575 0.247023
vt 0.557013 0.247024
vt 0.557081 0.241674
vt 0.567362 0.259936
vt 0.567380 0.257114
vt 0.729055 0.257114
vt 0.729036 0.259936
vt 0.557090 0.259755
vt 0.557158 0.254406
vt 0.863706 0.254407
vt 0.863638 0.259757
vt 0.728134 0.245225
vt 0.728116 0.248047
vt 0.566446 0.248047
vt 0.566464 0.245226
vt 0.699212 0.248197
vt 0.699212 0.257819
vt 0.597216 0.257819
vt 0.606839 0.248197
vt 0.863719 0.241752
vt 0.863651 0.247102
vt 0.557098 0.247102
vt 0.557166 0.241753
vt 0.856422 0.254331
vt 0.549869 0.254332
vt 0.549716 0.259602
vt 0.549784 0.254253
vt 0.856346 0.254252
vt 0.856278 0.259601
vt 0.584110 0.254634
vt 0.584108 0.246584
vt 0.902895 0.246513
vt 0.902897 0.254564
vt 0.737381 0.245359
vt 0.558138 0.245359
vt 0.549801 0.259681
vt 0.856354 0.259680
vt 0.582434 0.260297
vt 0.908488 0.260296
vt 0.701136 0.246272
vt 0.606839 0.246273
vt 0.692722 0.247241
vt 0.598425 0.247241
vt 0.552314 0.254506
vt 0.552312 0.246456
vt 0.871099 0.246384
vt 0.871101 0.254436
vt 0.907116 0.259739
vt 0.588330 0.259810
vt 0.550638 0.260168
vt 0.876692 0.260168
vt 0.690254 0.248944
vt 0.690254 0.258476
vt 0.558714 0.258476
vt 0.568246 0.248944
vt 0.558594 0.248328
vt 0.737841 0.248327
vt 0.825419 0.250690
vt 0.829685 0.259221
vt 0.567765 0.259222
vt 0.567765 0.250690
vt 0.692164 0.246814
vt 0.568250 0.246814
vt 0.550138 0.260102
vt 0.550088 0.253736
vt 0.914857 0.253829
vt 0.921304 0.260282
vt 0.557090 0.259707
vt 0.863650 0.259707
vt 0.550090 0.245941
vt 0.914859 0.246034
vt 0.737865 0.245199
vt 0.558618 0.245199
vt 0.823178 0.246208
vt 0.563260 0.246183
vt 0.568527 0.254804
vt 0.572794 0.246269
vt 0.834812 0.246269
vt 0.826278 0.254804
vt 0.549929 0.247177
vt 0.856476 0.247177
vt 0.557098 0.247002
vt 0.863651 0.247002
vt 0.736902 0.256833
vt 0.557659 0.256834
vt 0.863719 0.241652
vt 0.557166 0.241653
vt 0.557635 0.259962
vt 0.736878 0.259962
vt 0.569323 0.255528
vt 0.559793 0.245998
vt 0.691311 0.245998
vt 0.691311 0.255528
vt 0.569326 0.257658
vt 0.693444 0.257661
vt 0.856544 0.241828
vt 0.921740 0.260311
vt 0.556970 0.260397
vt 0.567640 0.259302
vt 0.826229 0.259302
vt 0.926130 0.245882
vt 0.924510 0.252418
vt 0.556536 0.252505
vt 0.908942 0.246144
vt 0.907266 0.251806
vt 0.588479 0.251876
vt 0.582887 0.246144
vt 0.549517 0.260077
vt 0.551138 0.253542
vt 0.919111 0.253455
vt 0.925559 0.260077
vt 0.878370 0.246445
vt 0.876695 0.252107
vt 0.557907 0.252178
vt 0.552316 0.246446
vt 0.616807 0.258246
vt 0.616807 0.256322
vt 0.709179 0.256322
vt 0.711104 0.258246
vt 0.557755 0.259989
vt 0.557779 0.256861
vt 0.737024 0.256861
vt 0.736999 0.259989
vt 0.728256 0.245253
vt 0.728237 0.248074
vt 0.566565 0.248074
vt 0.566584 0.245253
vt 0.907268 0.259856
vt 0.588480 0.259927
vt 0.618474 0.256686
vt 0.618474 0.247064
vt 0.720468 0.247064
vt 0.710846 0.256686
vt 0.607185 0.246700
vt 0.709180 0.246699
vt 0.616549 0.258611
vt 0.710846 0.258611
vt 0.863645 0.259655
vt 0.856551 0.241726
vt 0.557909 0.260229
vt 0.924537 0.252320
vt 0.924539 0.260051
vt 0.556567 0.260138
vt 0.556565 0.252407
vt 0.551138 0.253571
vt 0.926157 0.245784
vt 0.550116 0.245785
vt 0.551136 0.245841
vt 0.919108 0.245753
vt 0.919110 0.245723
vt 0.556538 0.260236
vt 0.562310 0.256245
vt 0.562310 0.246645
vt 0.687105 0.246645
vt 0.677506 0.256245
vt 0.558474 0.248301
vt 0.737717 0.248300
vt 0.728931 0.257087
vt 0.567261 0.257087
vt 0.971846 0.252482
vt 0.975605 0.259999
vt 0.556892 0.260000
vt 0.556892 0.252483
vt 0.737024 0.256794
vt 0.557779 0.256794
vt 0.566565 0.248008
vt 0.728237 0.248007
vt 0.557755 0.259923
vt 0.737000 0.259922
vt 0.968231 0.245253
vt 0.549613 0.245203
vt 0.895477 0.245826
vt 0.901510 0.252018
vt 0.549663 0.252019
vt 0.551299 0.245906
vt 0.856548 0.241574
vt 0.856480 0.246924
vt 0.549929 0.246924
vt 0.549997 0.241575
vt 0.863709 0.254204
vt 0.557158 0.254204
vt 0.692283 0.247029
vt 0.690373 0.249159
vt 0.568365 0.249159
vt 0.568369 0.247029
vt 0.564287 0.258222
vt 0.677507 0.258221
vt 0.737742 0.245172
vt 0.558498 0.245173
vt 0.557098 0.247152
vt 0.863653 0.247151
vt 0.856424 0.254380
vt 0.549869 0.254381
vt 0.575098 0.255175
vt 0.565499 0.245576
vt 0.690289 0.245576
vt 0.690289 0.255175
vt 0.557090 0.259502
vt 0.863642 0.259503
vt 0.901510 0.259942
vt 0.549663 0.259943
vt 0.575097 0.257153
vt 0.688368 0.257152
vt 0.728256 0.245186
vt 0.566584 0.245186
vt 0.551522 0.253242
vt 0.551521 0.245586
vt 0.931282 0.245495
vt 0.931284 0.253151
vt 0.936631 0.252377
vt 0.936633 0.260034
vt 0.556872 0.260125
vt 0.938239 0.245632
vt 0.550217 0.245633
vt 0.549915 0.259987
vt 0.937937 0.259986
vt 0.551673 0.253216
vt 0.551672 0.245559
vt 0.931432 0.245468
vt 0.931434 0.253125
vt 0.936479 0.252351
vt 0.936481 0.260008
vt 0.556721 0.260099
vt 0.556719 0.252442
vt 0.938087 0.245606
vt 0.550066 0.245607
vt 0.550066 0.259961
vt 0.938088 0.259960
vt 0.863628 0.247077
vt 0.569842 0.255775
vt 0.569842 0.246688
vt 0.751577 0.246688
vt 0.751577 0.255775
vt 0.765732 0.246322
vt 0.768873 0.249462
vt 0.587138 0.249462
vt 0.583998 0.246322
vt 0.569993 0.255611
vt 0.569993 0.246525
vt 0.751728 0.246524
vt 0.751728 0.255611
vt 0.568158 0.258752
vt 0.749891 0.258751
vt 0.753184 0.249689
vt 0.753184 0.258776
vt 0.571449 0.258776
vt 0.571449 0.249689
vt 0.750044 0.246549
vt 0.568309 0.246549
vt 0.690373 0.258691
vt 0.558834 0.258691
vt 0.768873 0.258549
vt 0.587138 0.258549
vt 0.550208 0.253670
vt 0.550208 0.245905
vt 0.921912 0.245904
vt 0.921912 0.253669
vt 0.568007 0.258915
vt 0.749742 0.258915
vt 0.567242 0.259909
vt 0.728912 0.259909
vt 0.856330 0.259656
vt 0.552367 0.260148
vt 0.928447 0.260206
vt 0.878119 0.252093
vt 0.878119 0.260175
vt 0.555938 0.260176
vt 0.555938 0.252095
vt 0.554187 0.260287
vt 0.552316 0.254673
vt 0.874498 0.254670
vt 0.880157 0.260332
vt 0.876248 0.246480
vt 0.550278 0.246433
vt 0.552196 0.254533
vt 0.552196 0.246452
vt 0.874379 0.246451
vt 0.874379 0.254532
vt 0.880157 0.252149
vt 0.880157 0.260230
vt 0.557976 0.260231
vt 0.557976 0.252150
vt 0.554067 0.260147
vt 0.880037 0.260194
vt 0.878286 0.246535
vt 0.552316 0.246591
vt 0.874498 0.246589
vt 0.905457 0.252020
vt 0.905457 0.260115
vt 0.582718 0.260115
vt 0.582718 0.252020
vt 0.906827 0.251896
vt 0.906827 0.259972
vt 0.584853 0.259995
vt 0.584852 0.251920
vt 0.907121 0.246396
vt 0.583301 0.246397
vt 0.907413 0.246244
vt 0.583038 0.246245
vt 0.584526 0.254580
vt 0.584526 0.246484
vt 0.907264 0.246484
vt 0.907264 0.254579
vt 0.552423 0.254689
vt 0.552422 0.246613
vt 0.874397 0.246590
vt 0.874398 0.254665
vt 0.582862 0.260203
vt 0.906681 0.260203
vt 0.551837 0.260341
vt 0.876211 0.260340
vt 0.582560 0.260042
vt 0.584224 0.254419
vt 0.906961 0.254418
vt 0.906378 0.260042
vt 0.874398 0.254639
vt 0.584224 0.246323
vt 0.906961 0.246323
vt 0.905299 0.252100
vt 0.905299 0.260196
vt 0.582560 0.260196
vt 0.582560 0.252101
vt 0.906500 0.251808
vt 0.906501 0.259885
vt 0.584525 0.259908
vt 0.584525 0.251832
vt 0.906963 0.246477
vt 0.583142 0.246477
vt 0.907086 0.246157
vt 0.582711 0.246157
vt 0.967890 0.252646
vt 0.975405 0.260160
vt 0.556863 0.260161
vt 0.553105 0.252646
vt 0.967830 0.245407
vt 0.549462 0.245357
vt 0.551818 0.253534
vt 0.551818 0.245752
vt 0.924284 0.245753
vt 0.924284 0.253533
vt 0.550090 0.253603
vt 0.921579 0.245814
vt 0.921580 0.253574
vt 0.550208 0.260025
vt 0.923710 0.260024
vt 0.923667 0.260123
vt 0.550518 0.260277
vt 0.552134 0.253891
vt 0.918008 0.253892
vt 0.917925 0.260276
vt 0.552134 0.246074
vt 0.918008 0.246073
vt 0.823180 0.250762
vt 0.831707 0.259289
vt 0.569932 0.259289
vt 0.565668 0.250762
vt 0.823146 0.246267
vt 0.563410 0.246244
vt 0.586493 0.254530
vt 0.586493 0.245990
vt 0.848659 0.245990
vt 0.844390 0.254529
vt 0.584752 0.259016
vt 0.843503 0.259015
vt 0.917770 0.246074
vt 0.916154 0.252459
vt 0.550278 0.252458
vt 0.550363 0.246074
vt 0.916154 0.260277
vt 0.550278 0.260277
vt 0.882479 0.811248
vt 0.891969 0.768540
vt 0.891969 0.996315
vt 0.882479 0.972589
vt 0.664190 0.972588
vt 0.654700 0.996315
vt 0.654699 0.768540
vt 0.664190 0.811248
vt 0.749634 0.996298
vt 0.740144 0.972572
vt 0.740143 0.811231
vt 0.749634 0.768523
vt 0.854003 0.811247
vt 0.854003 0.972588
vt 0.692665 0.972589
vt 0.692666 0.811248
vt 0.863495 0.996312
vt 0.807500 0.969739
vt 0.807500 0.768537
vt 0.863495 0.768537
vt 0.664203 0.811254
vt 0.683200 0.972572
vt 0.721147 0.811254
vt 0.721147 0.972595
vt 0.683199 0.811231
vt 0.610458 0.206535
vt 0.707265 0.206534
vt 0.994841 0.233109
vt 0.548767 0.233109
vt 0.939420 0.768537
vt 0.939420 0.996312
vt 0.716392 0.768544
vt 0.716391 0.969745
vt 0.996365 0.996318
vt 0.813195 0.969745
vt 0.813195 0.768543
vt 0.996364 0.768543
vt 0.738603 0.233104
vt 0.692097 0.206530
vt 0.692097 0.005322
vt 0.738603 0.005322
vt 0.836344 0.206530
vt 0.548768 0.005322
vt 0.836344 0.005322
vt 0.610457 0.005327
vt 0.595289 0.206531
vt 0.595287 0.005322
vt 0.844476 0.530117
vt 0.654672 0.530118
vt 0.701174 0.503545
vt 0.797974 0.503545
vt 0.654668 0.302342
vt 0.844472 0.302342
vt 0.882447 0.530085
vt 0.882447 0.302320
vt 0.654645 0.530107
vt 0.654645 0.302342
vt 0.797974 0.302351
vt 0.844476 0.302351
vt 0.710696 0.969739
vt 0.710695 0.768538
vt 0.933151 0.005323
vt 0.994842 0.005323
vt 0.933152 0.206530
vt 0.707264 0.005326
vt 0.654672 0.302353
vt 0.701174 0.302353
vt 0.795755 0.958434
vt 0.793170 0.958426
vt 0.793221 0.810331
vt 0.795806 0.810339
vt 0.950230 0.806574
vt 0.950216 0.809378
vt 0.789581 0.809378
vt 0.789594 0.806574
vt 0.950230 0.802817
vt 0.950216 0.805621
vt 0.789581 0.805621
vt 0.789594 0.802817
vt 0.789581 0.798107
vt 0.789594 0.795304
vt 0.950230 0.795304
vt 0.950216 0.798107
vt 0.789581 0.801864
vt 0.789594 0.799060
vt 0.950230 0.799060
vt 0.950216 0.801864
vt 0.814450 0.810331
vt 0.817035 0.810338
vt 0.817035 0.958433
vt 0.814450 0.958426
vt 0.800298 0.810331
vt 0.802883 0.810338
vt 0.802883 0.958434
vt 0.800298 0.958427
vt 0.792165 0.958434
vt 0.789581 0.958426
vt 0.789632 0.810331
vt 0.792217 0.810339
vt 0.846525 0.959388
vt 0.846525 0.961760
vt 0.789581 0.961760
vt 0.789581 0.959388
vt 0.810912 0.810331
vt 0.813497 0.810338
vt 0.813497 0.958434
vt 0.810912 0.958427
vt 0.809959 0.958434
vt 0.807374 0.958427
vt 0.807374 0.810331
vt 0.809959 0.810338
vt 0.789581 0.966136
vt 0.789581 0.963763
vt 0.846525 0.963763
vt 0.846525 0.966136
vt 0.799344 0.958433
vt 0.796759 0.958426
vt 0.796759 0.810331
vt 0.799344 0.810338
vt 0.803836 0.810331
vt 0.806421 0.810338
vt 0.806421 0.958433
vt 0.803836 0.958426
vt 0.817989 0.812704
vt 0.817989 0.810331
vt 0.874933 0.810332
vt 0.874933 0.812704
vt 0.874933 0.813657
vt 0.874933 0.816030
vt 0.817989 0.816030
vt 0.817989 0.813657
usemtl Interior_Mat
s off
f 19/1 45/2 42/3 47/4
f 30/5 42/6 45/7 41/8
f 32/9 44/10 18/11 46/12
f 27/13 42/6 30/5 12/14
f 26/15 47/4 42/3 27/16
f 6/17 51/18 50/19 3/20
f 235/21 236/22 48/23 4/24
f 24/25 41/8 45/7 22/26
f 34/27 62/28 57/29 8/30
f 1/31 65/32 70/33 36/34
f 37/35 63/36 60/37 31/38
f 33/39 61/40 62/41 34/42
f 23/43 67/44 72/45 40/46
f 36/47 70/48 69/49 35/50
f 15/51 16/52 30/53 41/54
f 21/55 19/56 32/57 20/58
f 32/57 19/56 47/59 44/60
f 14/61 58/62 61/63 33/64
f 48/65 25/66 17/67 43/68
f 22/69 45/2 19/1 21/70
f 11/71 44/60 47/59 26/72
f 4/73 48/65 43/68 9/74
f 13/75 15/51 41/54 24/76
f 20/77 32/9 46/12 10/78
f 49/79 53/80 54/81 52/82
f 51/18 56/83 55/84 50/19
f 5/85 49/79 52/82 7/86
f 52/87 54/88 57/89 59/90
f 57/29 62/28 64/45 59/44
f 60/37 63/36 61/63 58/62
f 63/91 64/92 62/41 61/40
f 230/93 231/94 16/95 15/96
f 7/97 52/87 59/90 28/98
f 226/99 227/100 51/101 6/102
f 28/103 59/44 64/45 39/104
f 227/100 228/105 56/106 51/101
f 39/107 64/92 63/91 37/108
f 229/109 230/93 15/96 13/110
f 234/111 233/112 66/113 67/114
f 66/115 69/116 72/45 67/44
f 68/117 71/118 70/33 65/32
f 69/49 70/48 71/119 72/120
f 38/121 71/118 68/117 29/122
f 40/123 72/120 71/119 38/124
f 68/125 65/126 53/127 49/128
f 29/129 68/125 49/128 5/130
f 35/131 69/116 66/115 2/30
f 236/22 237/132 25/133 48/23
f 232/134 234/111 67/114 23/135
f 81/136 93/137 108/138 79/105
f 80/139 92/140 90/141 74/142
f 78/143 107/144 92/145 80/146
f 79/147 108/148 106/149 77/150
f 83/151 99/152 93/153 81/154
f 85/155 101/156 100/157 84/158
f 87/159 103/160 102/161 86/162
f 92/140 98/163 97/164 90/141
f 91/165 95/166 89/167 104/168
f 99/152 94/169 96/170 93/153
f 102/161 103/160 100/157 101/156
f 99/57 100/56 103/59 94/60
f 89/29 102/28 101/7 104/8
f 84/121 100/56 99/57 83/122
f 75/171 91/165 104/168 88/172
f 88/103 104/8 101/7 85/173
f 86/174 102/28 89/29 73/14
f 82/31 94/60 103/59 87/34
f 108/148 110/86 109/175 106/149
f 105/79 111/80 112/81 107/82
f 76/85 105/79 107/82 78/86
f 90/176 97/177 111/178 105/179
f 77/143 106/180 91/145 75/146
f 74/181 90/176 105/179 76/182
f 106/180 109/183 95/184 91/145
f 107/144 112/183 98/185 92/145
f 93/137 96/177 110/186 108/138
f 156/187 141/188 138/189 153/190
f 192/191 191/192 189/193 190/194
f 218/195 219/196 181/197 182/198
f 143/199 133/200 140/201 134/202
f 152/203 133/200 143/199 150/204
f 217/205 218/195 182/198 129/206
f 122/207 155/208 159/209 119/210
f 147/211 189/212 178/213 131/214
f 138/5 140/6 133/215 153/216
f 128/217 179/218 187/219 137/220
f 120/221 156/187 153/190 144/222
f 149/223 191/192 192/191 151/224
f 160/225 143/226 134/227 135/228
f 160/229 135/230 136/231 157/232
f 126/71 135/228 134/227 146/72
f 137/233 187/216 191/215 149/234
f 155/208 154/235 158/236 159/209
f 150/55 143/226 160/225 139/58
f 139/237 160/229 157/232 121/238
f 144/25 153/216 133/215 152/26
f 146/239 134/202 140/201 145/240
f 145/211 140/6 138/5 125/214
f 161/241 165/242 166/243 164/244
f 163/245 168/246 167/247 162/198
f 123/248 163/245 162/198 118/249
f 117/250 161/241 164/244 124/251
f 170/252 173/253 174/254 172/255
f 171/256 176/257 175/258 169/259
f 115/260 171/256 169/259 113/261
f 114/262 170/252 172/255 116/263
f 188/57 192/264 190/59 183/62
f 164/265 166/266 141/267 156/268
f 119/269 159/270 163/271 123/272
f 169/273 175/274 154/275 155/276
f 113/277 169/273 155/276 122/278
f 157/279 136/280 173/281 170/282
f 121/283 157/279 170/282 114/284
f 178/213 189/212 191/215 187/216
f 179/218 180/285 178/286 187/219
f 159/270 158/287 168/288 163/271
f 222/289 224/290 185/291 184/292
f 124/293 164/265 156/268 120/294
f 148/295 190/194 189/193 147/296
f 132/71 183/62 190/59 148/297
f 220/298 222/289 184/292 127/299
f 151/121 192/264 188/57 142/38
f 213/300 215/301 176/302 171/303
f 205/304 209/305 179/306 128/307
f 211/308 213/300 171/303 115/309
f 202/310 204/311 186/312 177/313
f 197/314 195/315 165/316 161/317
f 200/318 202/310 177/313 130/319
f 193/320 197/314 161/317 117/80
f 209/305 207/321 180/322 179/306
f 182/323 181/324 196/325 198/326
f 198/327 196/328 195/329 197/330
f 129/331 182/323 198/326 194/332
f 194/333 198/327 197/330 193/334
f 162/335 167/336 203/337 201/338
f 201/339 203/340 204/341 202/342
f 118/343 162/335 201/338 199/344
f 199/345 201/339 202/342 200/346
f 116/347 172/348 210/349 206/350
f 206/345 210/339 209/351 205/346
f 172/348 174/352 208/353 210/349
f 210/339 208/340 207/341 209/351
f 184/354 185/355 216/356 214/357
f 214/358 216/359 215/360 213/361
f 127/362 184/354 214/357 212/363
f 212/364 214/358 213/361 211/365
f 188/366 183/367 219/368 218/369
f 142/370 188/366 218/369 217/371
f 177/372 186/373 225/374 223/375
f 223/376 225/182 224/377 222/378
f 130/379 177/372 223/375 221/380
f 221/143 223/376 222/378 220/381
f 9/382 43/383 227/384 226/385
f 43/383 17/386 228/387 227/384
f 60/388 58/389 231/390 230/391
f 31/392 60/388 230/391 229/393
f 46/394 18/395 233/396 234/397
f 10/398 46/394 234/397 232/399
f 3/400 50/401 236/402 235/403
f 50/401 55/404 237/405 236/402
f 243/406 265/407 264/408 240/409
f 239/410 254/411 255/412 246/413
f 254/414 251/415 250/416 255/417
f 245/418 257/407 256/408 241/419
f 242/420 259/411 258/412 244/421
f 263/422 269/423 268/424 262/425
f 248/410 264/411 265/412 249/426
f 251/415 254/414 263/411 253/427
f 249/426 265/412 261/417 247/428
f 246/413 255/412 257/407 245/418
f 238/429 260/414 264/411 248/410
f 253/427 263/411 262/412 252/430
f 287/431 289/432 290/433 285/434
f 329/412 271/435 270/436 328/411
f 326/412 273/435 272/436 327/411
f 240/409 264/408 259/411 242/420
f 252/430 262/412 255/417 250/416
f 271/412 275/437 274/438 270/411
f 331/439 277/440 276/441 330/442
f 283/443 292/444 293/445 291/446
f 280/447 283/434 291/448 281/449
f 286/448 288/450 287/431 285/434
f 284/448 286/446 285/443 282/434
f 306/451 290/434 308/448 307/452
f 302/453 296/454 294/455 304/456
f 298/453 300/454 301/457 299/458
f 300/459 302/454 303/457 301/460
f 296/459 298/461 299/462 297/460
f 302/453 304/456 305/463 303/464
f 306/451 292/444 283/443 290/434
f 263/422 260/411 267/465 269/423
f 244/421 258/412 265/407 243/406
f 247/428 261/417 260/414 238/429
f 261/412 266/466 267/465 260/411
f 241/419 256/408 254/411 239/410
f 279/467 284/468 282/433 278/469
f 278/469 282/433 283/434 280/447
f 290/433 289/432 309/470 308/468
f 294/455 296/454 297/471 295/472
f 241/473 312/474 316/475 245/476
f 245/477 316/478 317/479 246/480
f 243/481 314/482 315/483 244/484
f 242/485 313/486 311/487 240/488
f 239/489 310/490 312/491 241/492
f 246/493 317/494 310/495 239/496
f 244/497 315/498 313/499 242/500
f 240/501 311/502 314/503 243/504
f 253/505 321/506 319/507 251/508
f 252/509 320/510 321/511 253/512
f 251/513 319/514 318/515 250/516
f 250/517 318/518 320/519 252/520
f 238/521 322/522 323/523 247/524
f 249/525 325/526 324/527 248/528
f 248/529 324/530 322/531 238/532
f 247/533 323/534 325/535 249/536
f 259/436 326/411 327/412 258/435
f 257/412 329/435 328/436 256/411
f 273/412 331/442 330/439 272/411
f 331/439 270/411 274/438 277/440
o Interior_Floor
v 1.200000 4.900000 0.000000
v 6.200000 7.400000 0.000000
v 1.200000 2.700000 0.000000
v 6.200000 0.200000 0.000000
v 0.200000 2.700000 0.000000
v 0.200000 0.200000 0.000000
v 0.200000 4.900000 0.000000
v 0.200000 7.400000 0.000000
v 6.300000 7.400000 0.000000
v 8.300000 7.400000 0.000000
v 6.300000 2.700000 0.000000
v 8.300000 2.700000 0.000000
v 6.300000 2.600000 0.000000
v 6.300000 0.200000 0.000000
v 8.300000 2.600000 0.000000
v 8.300000 0.200000 0.000000
vt 0.001277 0.998457
vt 0.001276 0.458130
vt 0.226412 0.458130
vt 0.226412 0.548184
vt 0.424533 0.548184
vt 0.649670 0.998456
vt 0.424532 0.458129
vt 0.649669 0.458129
vt 0.560414 0.631256
vt 0.560415 0.811365
vt 0.344284 0.811365
vt 0.344284 0.631256
vt 0.072653 0.984176
vt 0.072652 0.560920
vt 0.252762 0.560920
vt 0.252762 0.984176
usemtl Interior_Mat
s off
f 333/537 339/538 338/539 332/540
f 332/540 334/541 335/542 333/537
f 334/541 336/543 337/544 335/542
f 345/545 347/546 346/547 344/548
f 340/549 342/550 343/551 341/552
o Exterior_Walls01
v 8.400000 5.779998 0.000000
v 8.400001 6.699998 0.000000
v 8.400001 6.690000 0.009996
v 8.400000 5.789998 0.009996
v 8.350000 6.690000 0.010000
v 8.400001 6.690000 2.109999
v 8.350000 6.690000 2.109999
v 8.349999 5.789998 0.009996
v 8.349999 5.789998 2.109999
v 8.400000 5.789998 2.109999
v 8.400001 6.699998 2.120001
v 8.400000 5.779998 2.120001
v -0.050000 -0.050000 3.600000
v -0.050000 7.650000 3.600000
v 0.230000 -0.050000 3.600000
v 0.230000 7.650000 3.600000
v 0.230000 -0.050000 3.500000
v -0.050000 -0.050000 3.500000
v 0.230000 7.650000 3.500000
v -0.050000 7.650000 3.500000
v -0.050000 5.083333 3.500000
v -0.050000 2.516666 3.500000
v 0.230000 5.083333 3.600000
v 0.230000 2.516666 3.600000
v -0.050000 5.083333 3.600000
v -0.050000 2.516666 3.600000
v 0.230000 5.083333 3.500000
v 0.230000 2.516666 3.500000
v -0.020000 0.400000 2.500000
v 0.000000 0.400000 2.599999
v -0.020000 7.200000 2.500000
v 0.000000 7.200000 2.599999
v 0.150000 0.400000 2.500000
v 0.150000 7.200000 2.500000
v 0.000000 0.300000 2.599999
v 0.000000 0.100000 2.599999
v 0.000000 0.300000 2.500000
v 0.000000 0.100000 2.500000
v 0.000000 7.499998 2.599999
v 0.000000 7.499998 2.500000
v 0.000000 7.300002 2.599999
v 0.000000 7.300002 2.500000
v -0.020000 0.400000 2.599999
v -0.020000 7.200000 2.599999
v -0.020000 0.300000 2.599999
v -0.020000 0.100000 2.599999
v -0.020000 0.300000 2.500000
v -0.020000 0.100000 2.500000
v -0.020000 7.499998 2.599999
v -0.020000 7.499998 2.500000
v -0.020000 7.300002 2.599999
v -0.020000 7.300002 2.500000
v -0.020000 2.666667 2.500000
v -0.020000 4.933333 2.500000
v 0.000000 2.666667 2.599999
v 0.000000 4.933333 2.599999
v -0.020000 2.666667 2.599999
v -0.020000 4.933333 2.599999
v 0.150000 2.666667 2.500000
v 0.150000 4.933333 2.500000
v 0.000000 0.400000 2.599999
v 0.000000 7.200000 2.599999
v 0.000000 0.300000 2.599999
v 0.000000 0.100000 2.599999
v 0.000000 0.300000 2.500000
v 0.000000 0.100000 0.300000
v 0.000000 0.100000 2.500000
v 0.000000 0.300000 0.300000
v 0.000000 7.499998 3.400000
v 0.000000 0.100000 3.400000
v 0.000000 7.300002 3.200000
v 0.000000 0.300000 3.200000
v 0.000000 0.400000 3.100000
v 0.000000 7.200000 3.100000
v 0.000000 7.499998 0.300000
v 0.000000 7.499998 2.599999
v 0.000000 7.499998 2.500000
v 0.000000 7.300002 0.300000
v 0.000000 7.300002 2.599999
v 0.000000 7.300002 2.500000
v 0.200000 0.000000 3.099999
v 8.500000 0.000000 3.099999
v 0.200000 0.200000 2.799999
v 8.300000 0.200000 2.799999
v 0.200000 7.599998 3.099999
v 8.300000 0.200000 3.099999
v 0.200000 0.200000 3.099999
v -0.020000 7.599999 3.500000
v 0.200000 0.000000 -0.050000
v 0.030000 0.400000 -0.050000
v -0.020000 0.400000 3.100000
v 0.030000 0.400000 3.100000
v -0.020000 7.200000 3.100000
v 0.030000 7.200000 3.100000
v 0.030000 7.200000 -0.050000
v 0.200000 7.599999 -0.050000
v -0.020000 7.599999 0.100000
v -0.020000 0.400000 0.100000
v -0.020000 7.200000 0.100000
v 0.200000 0.000000 3.500000
v 0.000000 0.300000 3.200000
v 0.000000 0.100000 3.400000
v 0.000000 0.100000 0.300000
v 0.000000 0.300000 0.300000
v 0.000000 7.499998 3.400000
v 0.200000 7.599998 3.500000
v 0.000000 7.300002 3.200000
v 0.000000 7.499998 0.300000
v 0.000000 7.300002 0.300000
v -0.050000 7.599999 -0.050000
v -0.050000 7.200000 -0.050000
v -0.050000 0.400000 -0.050000
v -0.050000 0.000000 -0.050000
v -0.020000 0.000000 3.500000
v -0.020000 0.000000 0.100000
v -0.020000 0.300000 3.200000
v -0.020000 0.100000 3.400000
v -0.020000 0.100000 0.300000
v -0.020000 0.300000 0.300000
v -0.020000 7.499998 3.400000
v -0.020000 7.300002 3.200000
v -0.020000 7.499998 0.300000
v -0.020000 7.300002 0.300000
v -0.050000 0.000000 0.100000
v -0.050000 0.400000 0.100000
v -0.050000 7.200000 0.100000
v -0.050000 7.599999 0.100000
v 8.499999 0.000000 -0.050000
v 8.500000 7.600000 3.099999
v 8.499998 6.700001 0.000000
v 8.499998 5.780000 2.120000
v 8.499998 5.780000 0.000000
v 8.499998 6.700001 2.120000
v 8.299999 7.400000 3.099999
v 8.299999 7.400000 2.799999
v 8.399999 6.700001 2.120000
v 8.399999 5.780000 2.120000
v 8.399999 6.700001 0.000000
v 8.399999 5.780000 0.000000
v 0.200000 3.800000 3.500000
v 0.200000 7.400000 2.799999
v 0.200000 7.400000 3.099999
v 8.499999 7.600000 -0.050000
v 0.200000 3.800000 2.799999
v -0.020000 5.033332 3.400000
v -0.020000 2.566666 3.400000
v -0.020000 5.066666 3.500000
v -0.020000 2.533333 3.500000
v 0.000000 5.033332 3.400000
v 0.000000 2.566666 3.400000
v 0.030000 4.933333 3.100000
v 0.030000 2.666667 3.100000
v -0.020000 4.966668 3.200000
v -0.020000 2.633334 3.200000
v 0.000000 4.966668 3.200000
v 0.000000 2.633334 3.200000
v -0.020000 4.933333 3.100000
v -0.020000 2.666667 3.100000
vt 0.262433 0.496239
vt 0.148582 0.496239
vt 0.149801 0.494286
vt 0.260466 0.494273
vt 0.055117 0.496013
vt 0.055116 0.491140
vt 0.259807 0.491094
vt 0.259809 0.495967
vt 0.052748 0.492534
vt 0.052747 0.487647
vt 0.258003 0.487602
vt 0.258004 0.492489
vt 0.260939 0.489397
vt 0.260940 0.495540
vt 0.150359 0.495553
vt 0.150358 0.489409
vt 0.149800 0.488138
vt 0.260465 0.488125
vt 0.051528 0.487458
vt 0.260826 0.487458
vt 0.148407 0.487433
vt 0.262187 0.487433
vt 0.261650 0.496134
vt 0.051801 0.496134
vt 0.271520 0.509672
vt 0.271520 0.516627
vt 0.450034 0.516627
vt 0.450034 0.509672
vt 0.456989 0.509672
vt 0.456988 0.490198
vt 0.450033 0.490198
vt 0.271520 0.483243
vt 0.271520 0.490198
vt 0.450033 0.483243
vt 0.450132 0.490037
vt 0.450132 0.509511
vt 0.271619 0.509512
vt 0.271619 0.490038
vt 0.450132 0.490073
vt 0.271619 0.490074
vt 0.450132 0.490192
vt 0.450132 0.509666
vt 0.271619 0.509666
vt 0.271619 0.490192
vt 0.400559 0.493611
vt 0.400559 0.492385
vt 0.412813 0.492385
vt 0.412813 0.493611
vt 0.412813 0.485032
vt 0.412813 0.486258
vt 0.400559 0.486258
vt 0.400559 0.485032
vt 0.405044 0.486622
vt 0.405044 0.487847
vt 0.392789 0.487848
vt 0.392789 0.486622
vt 0.322430 0.501899
vt 0.322450 0.499553
vt 0.456879 0.499552
vt 0.456859 0.501898
vt 0.405044 0.493975
vt 0.392789 0.493975
vt 0.322450 0.493622
vt 0.322450 0.483540
vt 0.456879 0.483539
vt 0.456879 0.493621
vt 0.456875 0.499546
vt 0.322446 0.499546
vt 0.322446 0.493615
vt 0.392790 0.495200
vt 0.405044 0.495200
vt 0.322446 0.499567
vt 0.322446 0.483533
vt 0.322446 0.483554
vt 0.456875 0.483554
vt 0.934268 0.000932
vt 0.998671 0.000932
vt 0.982570 0.017033
vt 0.934268 0.017033
vt 0.696740 0.197814
vt 0.696740 0.020706
vt 0.712840 0.020706
vt 0.712840 0.197814
vt 0.998673 0.596654
vt 0.982572 0.580554
vt 0.712879 0.201516
vt 0.712879 0.378625
vt 0.696779 0.378625
vt 0.696779 0.201516
vt 0.934269 0.580556
vt 0.934270 0.596657
vt 0.973983 0.572769
vt 0.933731 0.572769
vt 0.933730 0.025343
vt 0.973982 0.025343
vt 0.450697 0.508023
vt 0.450697 0.506798
vt 0.438442 0.506798
vt 0.438442 0.508023
vt 0.450762 0.506798
vt 0.456890 0.494543
vt 0.432380 0.494543
vt 0.438508 0.506798
vt 0.432314 0.494543
vt 0.456824 0.494543
vt 0.005095 0.239040
vt 0.002680 0.239053
vt 0.002683 0.226943
vt 0.022808 0.226912
vt 0.271982 0.483602
vt 0.271918 0.488123
vt 0.280396 0.488243
vt 0.280420 0.486547
vt 0.280879 0.486378
vt 0.280879 0.488147
vt 0.272030 0.488147
vt 0.272030 0.483428
vt 0.450762 0.508023
vt 0.438508 0.508023
vt 0.454011 0.487784
vt 0.452084 0.493563
vt 0.317227 0.493563
vt 0.323007 0.487784
vt 0.291670 0.492172
vt 0.454793 0.492172
vt 0.449168 0.486547
vt 0.272030 0.490040
vt 0.456668 0.490103
vt 0.451236 0.495532
vt 0.282889 0.495474
vt 0.022812 0.226966
vt 0.002686 0.226966
vt 0.002686 0.239041
vt 0.456890 0.492705
vt 0.432380 0.492704
vt 0.432380 0.483513
vt 0.463039 0.753053
vt 0.454958 0.753053
vt 0.455160 0.918105
vt 0.463240 0.918105
vt 0.456824 0.492704
vt 0.432314 0.492704
vt 0.432314 0.483513
vt 0.456824 0.483513
vt 0.022812 0.480553
vt 0.690993 0.480553
vt 0.690993 0.226966
vt 0.552530 0.918263
vt 0.544449 0.918263
vt 0.544602 0.753240
vt 0.552682 0.753240
vt 0.454011 0.484894
vt 0.323007 0.484894
vt 0.451586 0.491891
vt 0.451553 0.488953
vt 0.283204 0.489012
vt 0.283237 0.491949
vt 0.997204 0.599269
vt 0.997204 0.996089
vt 0.987642 0.986527
vt 0.987642 0.599269
vt 0.067460 0.368908
vt 0.357274 0.401110
vt 0.051360 0.401110
vt 0.051360 0.368908
vt 0.455090 0.491997
vt 0.292118 0.491997
vt 0.449470 0.486377
vt 0.613979 0.997844
vt 0.542937 0.918092
vt 0.543163 0.753044
vt 0.613890 0.744195
vt 0.464814 0.918136
vt 0.002096 0.997844
vt 0.002273 0.744160
vt 0.464862 0.753208
vt 0.543249 0.920786
vt 0.543249 0.929287
vt 0.465043 0.929287
vt 0.465043 0.920786
vt 0.997147 0.996089
vt 0.997147 0.599269
vt 0.973243 0.599269
vt 0.973243 0.986527
vt 0.973299 0.599269
vt 0.973300 0.986527
vt 0.987528 0.642286
vt 0.997090 0.632724
vt 0.987528 0.986515
vt 0.973186 0.642286
vt 0.454823 0.495018
vt 0.291700 0.495019
vt 0.316913 0.495767
vt 0.316934 0.493414
vt 0.451791 0.493414
vt 0.451770 0.495767
vt 0.456981 0.483521
vt 0.272341 0.483585
vt 0.005101 0.512754
vt 0.357274 0.344757
vt 0.647087 0.344756
vt 0.647087 0.368907
vt 0.663188 0.368907
vt 0.663188 0.401109
vt 0.067460 0.344757
vt 0.449166 0.483601
vt 0.022812 0.512754
vt 0.449468 0.483434
vt 0.292088 0.494841
vt 0.455060 0.494841
vt 0.452642 0.487737
vt 0.450770 0.493354
vt 0.308468 0.493354
vt 0.314085 0.487737
vt 0.282856 0.498412
vt 0.451202 0.498470
vt 0.452665 0.485319
vt 0.314108 0.485319
vt 0.449891 0.488299
vt 0.455508 0.493916
vt 0.313204 0.493916
vt 0.311332 0.488299
vt 0.453635 0.488655
vt 0.455508 0.494272
vt 0.313205 0.494273
vt 0.315078 0.488656
vt 0.449913 0.485880
vt 0.311355 0.485881
vt 0.453658 0.486237
vt 0.315100 0.486238
vt 0.446012 0.487634
vt 0.315008 0.487634
vt 0.452884 0.487115
vt 0.454809 0.492895
vt 0.319952 0.492849
vt 0.321880 0.487070
vt 0.446012 0.484744
vt 0.315008 0.484744
vt 0.452885 0.484225
vt 0.321881 0.484180
vt 0.317207 0.495917
vt 0.452064 0.495917
vt 0.319930 0.495203
vt 0.454787 0.495249
vt 0.464792 0.929303
vt 0.542999 0.929303
vt 0.542999 0.920802
vt 0.464792 0.920802
usemtl Exterior_Mat
s off
f 348/553 349/554 350/555 351/556
f 352/557 350/558 353/559 354/560
f 351/561 355/562 356/563 357/564
f 357/565 356/566 354/567 353/568
f 352/569 355/570 351/556 350/555
f 353/559 350/558 349/571 358/572
f 357/565 353/568 358/573 359/574
f 359/575 348/576 351/561 357/564
f 370/577 374/578 366/579 363/580
f 363/580 366/581 367/582 361/583
f 368/584 372/585 361/583 367/586
f 372/585 370/577 363/580 361/583
f 360/583 365/582 364/581 362/580
f 374/587 368/588 367/589 366/590
f 362/580 364/579 375/578 371/577
f 371/580 375/579 374/578 370/577
f 365/586 360/583 373/585 369/584
f 369/586 373/583 372/585 368/584
f 360/583 362/580 371/577 373/585
f 373/583 371/580 370/577 372/585
f 364/591 365/588 369/589 375/592
f 375/593 369/594 368/595 374/596
f 382/597 392/598 393/599 383/600
f 385/601 395/602 394/603 384/604
f 389/605 399/606 397/607 387/608
f 402/609 404/610 390/611 377/612
f 398/613 396/614 397/607 399/606
f 400/615 406/616 380/617 376/618
f 405/619 391/620 378/621 401/618
f 395/602 393/599 392/598 394/603
f 386/622 396/614 398/613 388/623
f 379/609 391/620 405/619 403/612
f 403/609 405/624 404/611 402/612
f 378/621 381/625 407/617 401/618
f 401/621 407/626 406/627 400/618
f 390/611 404/610 400/615 376/618
f 404/611 405/624 401/621 400/618
f 411/628 417/629 419/630 410/631
f 424/632 422/633 425/634 427/635
f 419/630 417/629 416/636 418/637
f 413/638 414/639 412/640 415/641
f 426/642 418/637 416/636 423/643
f 408/644 420/645 421/646 409/647
f 451/648 466/649 465/650 450/651
f 469/652 444/653 446/654 470/655
f 462/656 465/650 466/649 445/657
f 462/658 471/659 460/660 436/661
f 437/662 459/663 472/664 445/665
f 446/666 473/667 458/668 442/669
f 455/670 469/652 470/655 456/671
f 504/672 500/673 468/674 440/675
f 466/676 463/677 438/678 445/665
f 462/679 461/680 464/681 465/682
f 443/683 457/684 474/685 444/658
f 444/653 474/686 473/687 446/654
f 474/686 457/617 458/688 473/687
f 479/689 486/690 484/691 478/692
f 445/657 472/693 471/694 462/656
f 460/695 471/694 472/693 459/696
f 432/697 476/698 490/699 443/683
f 480/700 483/701 485/702 477/703
f 498/704 504/672 440/675 441/705
f 452/706 467/707 469/708 455/709
f 428/710 429/711 433/712 434/713
f 434/714 487/715 447/716 428/717
f 468/718 470/719 446/666 440/720
f 476/721 480/722 477/723 490/724
f 478/725 429/726 475/727 479/728
f 478/729 484/730 483/731 480/732
f 476/721 429/726 478/725 480/722
f 476/733 432/734 489/713 481/712
f 481/712 489/713 488/735 482/736
f 430/737 434/713 433/712 431/738
f 433/739 429/740 476/733 481/741
f 431/742 433/739 481/741 482/736
f 448/743 463/677 466/676 451/744
f 503/745 501/746 463/747 448/748
f 435/749 444/750 469/708 467/707
f 436/661 475/699 429/698 428/697
f 435/751 432/697 443/683 444/658
f 487/715 491/752 488/753 489/754
f 487/715 489/754 432/755 453/756
f 434/714 430/757 491/752 487/715
f 438/678 439/758 437/662 445/665
f 432/697 435/751 453/759
f 446/666 442/669 441/760 440/720
f 456/761 470/719 468/718 454/762
f 447/759 461/751 428/697
f 492/763 494/764 435/765 467/766
f 428/697 461/751 462/658 436/661
f 450/767 465/682 464/681 449/768
f 496/769 492/763 467/766 452/770
f 464/771 461/772 495/773 493/774
f 493/775 495/776 494/777 492/778
f 449/779 464/771 493/774 497/780
f 497/781 493/775 492/778 496/782
f 438/783 463/747 501/746 505/784
f 505/785 501/786 500/787 504/788
f 439/789 438/783 505/784 499/790
f 499/791 505/785 504/788 498/792
f 454/793 468/674 500/673 502/794
f 502/795 500/787 501/786 503/796
f 485/797 486/798 479/799 477/800
f 477/723 479/728 475/727 490/724
o Interior_Ceiling
v 1.210000 2.690003 2.500000
v 6.190000 0.209996 2.500000
v 6.190000 7.390001 2.500000
v 1.210000 4.910000 2.500000
v 0.210000 2.690003 2.500000
v 0.210000 0.209996 2.500000
v 0.210000 4.910000 2.500000
v 0.210000 7.390001 2.500000
v 6.310000 7.389998 2.500000
v 8.290000 7.389998 2.500000
v 6.310000 2.710000 2.500000
v 8.290000 2.710000 2.500000
v 8.290000 2.590000 2.500000
v 8.290000 0.210000 2.500000
v 6.310000 2.590000 2.500000
v 6.310000 0.210000 2.500000
vt 0.001310 0.450546
vt 0.187617 0.076430
vt 0.354392 0.076429
vt 0.540699 0.450546
vt 0.354392 0.001306
vt 0.540699 0.001306
vt 0.001310 0.001306
vt 0.187617 0.001306
vt 0.487216 0.421702
vt 0.308421 0.421702
vt 0.308421 0.272957
vt 0.487216 0.272957
vt 0.433249 0.224254
vt 0.433249 0.372999
vt 0.081670 0.372999
vt 0.081670 0.224254
usemtl Interior_Mat
s off
f 507/801 506/802 509/803 508/804
f 508/804 509/803 512/805 513/806
f 506/802 507/801 511/807 510/808
f 518/809 519/810 521/811 520/812
f 514/813 515/814 517/815 516/816
o Exterior_Roof
v 0.200000 0.200000 2.800000
v 8.300000 0.200000 2.800000
v 8.300000 7.400000 2.800000
v 0.200000 7.400000 2.800000
v 4.250000 0.200000 2.800000
v 4.250000 7.400000 2.800000
v 0.200000 3.800000 2.800000
v 8.300000 3.800000 2.800000
v 4.250000 3.800000 2.800000
vt 0.617656 0.989755
vt 0.617656 0.756432
vt 0.825054 0.756432
vt 0.825054 0.989755
usemtl Exterior_Mat
s off
f 530/817 529/818 524/819 527/820
f 528/817 530/818 527/819 525/820
f 526/817 523/818 529/819 530/820
f 522/817 526/818 530/819 528/820
o GlassPanes
v 0.155000 5.020000 0.520000
v 0.155000 6.980000 0.520000
v 0.155000 6.980000 2.180000
v 0.155000 5.020000 2.180000
v 0.145000 5.020000 2.180000
v 0.145000 6.980000 2.180000
v 0.145000 6.980000 0.520000
v 0.145000 5.020000 0.520000
v 0.320000 4.845000 2.180000
v 0.880000 4.845000 0.520000
v 0.880000 4.845000 2.180000
v 0.320000 4.845000 0.520000
v 0.320000 4.855000 0.520000
v 0.880000 4.855000 2.180000
v 0.880000 4.855000 0.520000
v 0.320000 4.855000 2.180000
v 0.880000 2.745000 2.180000
v 0.320000 2.745000 2.180000
v 0.880000 2.745000 0.520000
v 0.320000 2.745000 0.520000
v 0.320000 2.755000 0.520000
v 0.880000 2.755000 0.520000
v 0.320000 2.755000 2.180000
v 0.880000 2.755000 2.180000
v 0.145000 2.580000 0.520000
v 0.145000 2.580000 2.180000
v 0.145000 0.620000 2.180000
v 0.145000 0.620000 0.520000
v 0.155000 2.580000 0.520000
v 0.155000 0.620000 0.520000
v 0.155000 2.580000 2.180000
v 0.155000 0.620000 2.180000
vt 0.827201 0.995779
vt 0.827200 0.827200
vt 0.969976 0.827200
vt 0.969976 0.995779
vt 0.969710 0.630784
vt 0.969710 0.823896
vt 0.904564 0.823896
vt 0.904564 0.630784
vt 0.827204 0.995731
vt 0.827262 0.827152
usemtl GlassPanes_Mat
s off
f 531/821 532/822 533/823 534/824
f 538/824 535/821 536/822 537/823
f 551/825 553/826 554/827 552/828
f 542/828 540/825 541/826 539/827
f 550/828 549/825 547/826 548/827
f 545/828 543/825 546/826 544/827
f 558/824 557/821 556/822 555/823
f 560/829 559/830 561/823 562/824
o DoorGlass
v 1.174980 3.799991 0.565003
v 1.174985 3.799990 0.210003
v 1.174985 4.149991 0.210002
v 1.174980 4.149991 0.565002
v 1.164980 3.799991 0.565003
v 1.164980 4.149991 0.565002
v 1.164985 4.149991 0.210002
v 1.164985 3.799990 0.210003
v 1.174980 3.799991 1.465004
v 1.174985 3.799991 1.020004
v 1.174985 4.149991 1.020002
v 1.174980 4.149992 1.465003
v 1.164980 3.799991 1.465004
v 1.164985 3.799991 1.020003
v 1.164985 3.449991 1.020004
v 1.164980 3.449991 1.465005
v 1.164980 4.149992 1.465003
v 1.164985 4.149991 1.020002
v 1.164975 3.799991 1.910005
v 1.164975 3.449991 1.910006
v 1.164975 4.149992 1.910004
v 1.164980 3.449990 0.565003
v 1.164985 3.449990 0.210003
v 1.164975 3.799991 0.920002
v 1.164975 4.149991 0.920002
v 1.164975 3.449991 0.920003
v 1.174980 3.449990 0.565004
v 1.174985 3.449990 0.210004
v 1.174975 3.799991 0.920003
v 1.174975 4.149991 0.920002
v 1.174975 3.449991 0.920004
v 1.174980 3.449991 1.465006
v 1.174985 3.449991 1.020005
v 1.174975 3.799991 1.910005
v 1.174975 4.149992 1.910004
v 1.174975 3.449991 1.910007
vt 0.967156 0.994845
vt 0.813008 0.994845
vt 0.813008 0.842869
vt 0.967155 0.842869
vt 0.966478 0.995686
vt 0.814502 0.995686
vt 0.814501 0.841539
vt 0.966478 0.841538
vt 0.996039 0.995332
vt 0.802811 0.995266
vt 0.802863 0.843290
vt 0.996090 0.843356
vt 0.996648 0.995222
vt 0.803420 0.995222
vt 0.803420 0.843246
vt 0.996648 0.843246
vt 0.997062 0.995615
vt 0.803834 0.995615
vt 0.803834 0.843639
vt 0.997062 0.843639
vt 0.995738 0.995222
vt 0.802510 0.995223
vt 0.802510 0.843246
vt 0.995738 0.843246
vt 0.996322 0.995222
vt 0.803094 0.995222
vt 0.803094 0.843246
vt 0.996322 0.843246
vt 0.955534 0.996089
vt 0.803558 0.996089
vt 0.803558 0.841941
vt 0.955535 0.841941
vt 0.977096 0.996433
vt 0.825120 0.996433
vt 0.825119 0.842286
vt 0.977096 0.842285
vt 0.974786 0.997085
vt 0.822810 0.997085
vt 0.822810 0.842938
vt 0.974786 0.842938
vt 0.809180 0.843365
vt 0.963327 0.843365
vt 0.963328 0.995341
vt 0.809180 0.995342
vt 0.980265 0.995169
vt 0.826117 0.995169
vt 0.826116 0.843193
vt 0.980264 0.843193
vt 0.831343 0.843356
vt 0.985491 0.843356
vt 0.985492 0.995332
vt 0.831344 0.995332
vt 0.995688 0.995332
vt 0.802461 0.995332
vt 0.802460 0.843356
vt 0.995688 0.843356
vt 0.996039 0.994356
vt 0.802812 0.994356
vt 0.802811 0.842380
vt 0.996038 0.842379
vt 0.996384 0.995103
vt 0.803157 0.995103
vt 0.803156 0.843127
vt 0.996383 0.843126
usemtl DoorGlass_Mat
s off
f 563/831 564/832 565/833 566/834
f 567/835 568/836 569/837 570/838
f 571/839 572/840 573/841 574/842
f 575/843 576/844 577/845 578/846
f 579/847 580/848 576/849 575/850
f 581/851 575/852 578/853 582/854
f 583/855 579/856 575/857 581/858
f 584/859 567/860 570/861 585/862
f 586/863 587/864 568/865 567/866
f 588/867 586/868 567/869 584/870
f 564/871 563/872 589/873 590/874
f 591/875 563/876 566/877 592/878
f 563/879 591/880 593/881 589/882
f 594/883 595/884 572/885 571/886
f 596/887 571/888 574/889 597/890
f 598/891 594/892 571/893 596/894
o Doors
v 7.580001 2.580003 0.960001
v 7.720001 2.580003 0.960001
v 7.720001 2.570003 0.960001
v 7.580001 2.570003 0.960001
v 7.720001 2.570003 0.980002
v 7.580001 2.570003 0.980002
v 7.720001 2.580003 0.980002
v 7.580001 2.580003 0.980002
v 7.720001 2.679997 0.980002
v 7.720001 2.679997 0.960005
v 7.720001 2.689997 0.960005
v 7.720001 2.689997 0.980002
v 7.580001 2.689997 0.960005
v 7.580001 2.689997 0.980002
v 7.580001 2.679997 0.980002
v 7.580001 2.679997 0.960005
v 7.672001 2.607003 1.038002
v 7.728001 2.607003 1.038002
v 7.730001 2.610003 1.040003
v 7.670001 2.610003 1.040003
v 7.670001 2.649997 1.040003
v 7.730001 2.649997 1.040003
v 7.728001 2.652997 1.038002
v 7.672001 2.652997 1.038002
v 7.672001 2.607003 0.862001
v 7.670001 2.610003 0.860000
v 7.672001 2.652997 0.862004
v 7.670001 2.649997 0.860004
v 7.730001 2.649997 0.860004
v 7.728001 2.652997 0.862004
v 7.728001 2.607003 0.862001
v 7.730001 2.610003 0.860000
v 7.694001 2.580003 0.976002
v 7.706000 2.580003 0.976002
v 7.706000 2.607003 0.976002
v 7.694001 2.607003 0.976002
v 7.706000 2.580003 0.964002
v 7.706000 2.607003 0.964002
v 7.694001 2.679997 0.964002
v 7.706000 2.679997 0.964002
v 7.706000 2.652997 0.964002
v 7.694001 2.652997 0.964002
v 7.694001 2.607003 0.964002
v 7.694001 2.580003 0.964002
v 7.694001 2.652997 0.976002
v 7.706000 2.652997 0.976002
v 7.706000 2.679997 0.976002
v 7.694001 2.679997 0.976002
v 7.750000 2.609992 2.110002
v 6.849999 2.609992 2.110002
v 6.850000 2.610013 0.010000
v 7.750001 2.610012 0.010000
v 7.750000 2.649987 2.110006
v 7.750001 2.650006 0.010005
v 6.850000 2.650006 0.010000
v 6.849999 2.649987 2.110002
v 8.320004 5.960005 0.960001
v 8.320004 5.820004 0.960001
v 8.310003 5.820004 0.960001
v 8.310003 5.960005 0.960001
v 8.310003 5.820004 0.980002
v 8.310003 5.960005 0.980002
v 8.320004 5.820004 0.980002
v 8.320004 5.960005 0.980002
v 8.419997 5.820004 0.980002
v 8.419997 5.820004 0.960005
v 8.429997 5.820004 0.960005
v 8.429997 5.820004 0.980002
v 8.429997 5.960005 0.960005
v 8.429997 5.960005 0.980002
v 8.419997 5.960005 0.980002
v 8.419997 5.960005 0.960005
v 8.347003 5.868005 1.038002
v 8.347003 5.812005 1.038002
v 8.350003 5.810004 1.040003
v 8.350003 5.870005 1.040003
v 8.389997 5.870005 1.040003
v 8.389997 5.810004 1.040003
v 8.392997 5.812005 1.038002
v 8.392997 5.868005 1.038002
v 8.347003 5.868005 0.862001
v 8.350003 5.870005 0.860000
v 8.392997 5.868005 0.862004
v 8.389997 5.870005 0.860004
v 8.389997 5.810004 0.860004
v 8.392997 5.812005 0.862004
v 8.347003 5.812005 0.862001
v 8.350003 5.810004 0.860000
v 8.320004 5.846004 0.976002
v 8.320004 5.834005 0.976002
v 8.347003 5.834005 0.976002
v 8.347003 5.846004 0.976002
v 8.320004 5.834005 0.964002
v 8.347003 5.834005 0.964002
v 8.419997 5.846004 0.964002
v 8.419997 5.834005 0.964002
v 8.392997 5.834005 0.964002
v 8.392997 5.846004 0.964002
v 8.347003 5.846004 0.964002
v 8.320004 5.846004 0.964002
v 8.392997 5.846004 0.976002
v 8.392997 5.834005 0.976002
v 8.419997 5.834005 0.976002
v 8.419997 5.846004 0.976002
v 8.349992 5.790006 2.110002
v 8.349993 6.690006 2.110002
v 8.350014 6.690005 0.010000
v 8.350012 5.790005 0.010000
v 8.389987 5.790006 2.110006
v 8.390006 5.790005 0.010005
v 8.390007 6.690005 0.010000
v 8.389988 6.690006 2.110002
v 6.219982 5.960003 0.960001
v 6.219982 5.820003 0.960001
v 6.209982 5.820003 0.960001
v 6.209982 5.960003 0.960001
v 6.209982 5.820003 0.980002
v 6.209982 5.960003 0.980002
v 6.219982 5.820003 0.980002
v 6.219982 5.960003 0.980002
v 6.319977 5.820003 0.980002
v 6.319977 5.820003 0.960005
v 6.329977 5.820003 0.960005
v 6.329977 5.820003 0.980002
v 6.329977 5.960003 0.960005
v 6.329977 5.960003 0.980002
v 6.319977 5.960003 0.980002
v 6.319977 5.960003 0.960005
v 6.246983 5.868003 1.038002
v 6.246983 5.812003 1.038002
v 6.249983 5.810002 1.040003
v 6.249983 5.870003 1.040003
v 6.289976 5.870003 1.040003
v 6.289976 5.810002 1.040003
v 6.292976 5.812003 1.038002
v 6.292976 5.868003 1.038002
v 6.246983 5.868003 0.862001
v 6.249983 5.870003 0.860000
v 6.292976 5.868003 0.862004
v 6.289976 5.870003 0.860004
v 6.289976 5.810002 0.860004
v 6.292976 5.812003 0.862004
v 6.246983 5.812003 0.862001
v 6.249983 5.810002 0.860000
v 6.219982 5.846003 0.976002
v 6.219982 5.834003 0.976002
v 6.246983 5.834003 0.976002
v 6.246983 5.846003 0.976002
v 6.219982 5.834003 0.964002
v 6.246983 5.834003 0.964002
v 6.319977 5.846003 0.964002
v 6.319977 5.834003 0.964002
v 6.292976 5.834003 0.964002
v 6.292976 5.846003 0.964002
v 6.246983 5.846003 0.964002
v 6.219982 5.846003 0.964002
v 6.292976 5.846003 0.976002
v 6.292976 5.834003 0.976002
v 6.319977 5.834003 0.976002
v 6.319977 5.846003 0.976002
v 6.249971 5.790004 2.110002
v 6.249972 6.690004 2.110002
v 6.249993 6.690003 0.010000
v 6.249991 5.790003 0.010000
v 6.289967 5.790004 2.110006
v 6.289986 5.790003 0.010005
v 6.289986 6.690003 0.010000
v 6.289967 6.690004 2.110002
v 1.154980 3.449991 1.020002
v 1.154980 4.149991 1.020002
v 1.154980 4.149991 0.920002
v 1.154980 3.449991 0.920002
v 1.184980 3.449991 0.920006
v 1.184980 4.149991 0.920002
v 1.184980 4.149991 1.020002
v 1.184980 3.449991 1.020006
v 1.119983 3.519990 0.960001
v 1.119982 3.379990 0.960001
v 1.109982 3.379990 0.960001
v 1.109983 3.519990 0.960001
v 1.109982 3.379990 0.980002
v 1.109983 3.519990 0.980002
v 1.119982 3.379990 0.980002
v 1.119983 3.519990 0.980002
v 1.219977 3.379990 0.980002
v 1.219977 3.379990 0.960005
v 1.229977 3.379990 0.960005
v 1.229977 3.379990 0.980002
v 1.229977 3.519990 0.960005
v 1.229977 3.519990 0.980002
v 1.219977 3.519990 0.980002
v 1.219977 3.519990 0.960005
v 1.146983 3.427990 1.038002
v 1.146983 3.371991 1.038002
v 1.149982 3.369990 1.040003
v 1.149983 3.429990 1.040003
v 1.189977 3.429990 1.040003
v 1.189977 3.369990 1.040003
v 1.192976 3.371991 1.038002
v 1.192977 3.427990 1.038002
v 1.146983 3.427990 0.862001
v 1.149983 3.429990 0.860000
v 1.192977 3.427990 0.862004
v 1.189977 3.429990 0.860004
v 1.189977 3.369990 0.860004
v 1.192976 3.371991 0.862004
v 1.146983 3.371991 0.862001
v 1.149982 3.369990 0.860000
v 1.119983 3.405990 0.976002
v 1.119982 3.393991 0.976002
v 1.146983 3.393991 0.976002
v 1.146983 3.405990 0.976002
v 1.119982 3.393991 0.964002
v 1.146983 3.393991 0.964002
v 1.219977 3.405990 0.964002
v 1.219977 3.393991 0.964002
v 1.192977 3.393991 0.964002
v 1.192977 3.405990 0.964002
v 1.146983 3.405990 0.964002
v 1.119983 3.405990 0.964002
v 1.192977 3.405990 0.976002
v 1.192977 3.393991 0.976002
v 1.219977 3.393991 0.976002
v 1.219977 3.405990 0.976002
v 1.189967 3.349991 2.110005
v 1.189967 4.249991 2.110002
v 1.149972 4.249991 2.110002
v 1.149971 3.349991 2.110002
v 1.149972 4.149991 1.910003
v 1.149972 3.449991 1.910003
v 1.149992 3.349990 0.010000
v 1.189986 3.349990 0.010005
v 1.189967 3.449991 1.910007
v 1.189967 4.149991 1.910003
v 1.189986 4.249990 0.010000
v 1.189986 4.149991 0.210002
v 1.189986 3.449990 0.210006
v 1.149993 4.249990 0.010000
v 1.149993 4.149991 0.210002
v 1.149992 3.449990 0.210002
vt 0.814114 0.724214
vt 0.814114 0.573287
vt 0.824894 0.573288
vt 0.824894 0.724213
vt 0.846459 0.573291
vt 0.846458 0.724213
vt 0.824893 0.562500
vt 0.846461 0.562507
vt 0.857239 0.573288
vt 0.857237 0.724208
vt 0.824653 0.565847
vt 0.846210 0.565846
vt 0.846211 0.576626
vt 0.824654 0.576625
vt 0.846210 0.727553
vt 0.824653 0.727556
vt 0.813872 0.727556
vt 0.813873 0.576625
vt 0.856992 0.576624
vt 0.856992 0.727549
vt 0.806002 0.743052
vt 0.866374 0.743052
vt 0.868531 0.746940
vt 0.803846 0.746940
vt 0.868710 0.746422
vt 0.804025 0.746423
vt 0.806182 0.742535
vt 0.866554 0.742534
vt 0.806002 0.553310
vt 0.802115 0.745210
vt 0.802115 0.551153
vt 0.866555 0.552796
vt 0.870441 0.550640
vt 0.870441 0.744691
vt 0.802295 0.744692
vt 0.802295 0.550640
vt 0.806183 0.552796
vt 0.866374 0.553311
vt 0.870261 0.551153
vt 0.870261 0.745209
vt 0.835550 0.727371
vt 0.813991 0.727371
vt 0.813991 0.576440
vt 0.835549 0.576440
vt 0.821779 0.647130
vt 0.821779 0.634195
vt 0.850886 0.634195
vt 0.850887 0.647130
vt 0.804026 0.548909
vt 0.868710 0.548909
vt 0.821778 0.621258
vt 0.850886 0.621258
vt 0.850886 0.612536
vt 0.850886 0.625472
vt 0.821778 0.625473
vt 0.821778 0.612536
vt 0.846213 0.738334
vt 0.824654 0.738338
vt 0.803846 0.549423
vt 0.868531 0.549423
vt 0.858774 0.732551
vt 0.837211 0.732551
vt 0.837211 0.581620
vt 0.858774 0.581620
vt 0.850887 0.660067
vt 0.821779 0.660067
vt 0.850886 0.608322
vt 0.821778 0.608322
vt 0.821779 0.651345
vt 0.821779 0.638409
vt 0.850886 0.638409
vt 0.850886 0.651345
vt 0.821779 0.664282
vt 0.850886 0.664282
vt 0.846460 0.734994
vt 0.824896 0.734998
vt 0.397847 0.991895
vt 0.007987 0.991895
vt 0.007987 0.082223
vt 0.397847 0.082223
vt 0.397851 0.991896
vt 0.380527 0.991894
vt 0.380527 0.082232
vt 0.397852 0.082234
vt 0.007986 0.974567
vt 0.397847 0.974567
vt 0.362432 0.082221
vt 0.379756 0.082221
vt 0.379755 0.991926
vt 0.362432 0.991926
vt 0.397846 0.973829
vt 0.007984 0.973830
vt 0.007985 0.956504
vt 0.397846 0.956504
vt 0.807924 0.723564
vt 0.807924 0.572636
vt 0.818705 0.572638
vt 0.818704 0.723568
vt 0.840268 0.572639
vt 0.840266 0.723569
vt 0.818706 0.561857
vt 0.840269 0.561857
vt 0.851048 0.572640
vt 0.851047 0.723568
vt 0.825668 0.565198
vt 0.847225 0.565198
vt 0.847226 0.575976
vt 0.825668 0.575978
vt 0.847225 0.726905
vt 0.825667 0.726909
vt 0.814886 0.726908
vt 0.814888 0.575976
vt 0.858007 0.575973
vt 0.858007 0.726898
vt 0.806092 0.742538
vt 0.866464 0.742538
vt 0.868621 0.746426
vt 0.803936 0.746426
vt 0.868257 0.747260
vt 0.803572 0.747260
vt 0.805729 0.743372
vt 0.866101 0.743372
vt 0.806092 0.552796
vt 0.802206 0.744696
vt 0.802206 0.550639
vt 0.866101 0.553633
vt 0.869988 0.551477
vt 0.869988 0.745530
vt 0.801842 0.745529
vt 0.801842 0.551477
vt 0.805730 0.553633
vt 0.866464 0.552796
vt 0.858946 0.727371
vt 0.837388 0.727371
vt 0.837388 0.576440
vt 0.858946 0.576440
vt 0.821779 0.704928
vt 0.821779 0.691992
vt 0.850886 0.691992
vt 0.850886 0.704928
vt 0.803572 0.549746
vt 0.868257 0.549746
vt 0.821778 0.679056
vt 0.850886 0.679055
vt 0.850885 0.661905
vt 0.850885 0.674841
vt 0.821778 0.674841
vt 0.821778 0.661905
vt 0.847227 0.737687
vt 0.825669 0.737691
vt 0.803936 0.548909
vt 0.868621 0.548909
vt 0.835374 0.732551
vt 0.813811 0.732550
vt 0.813811 0.581619
vt 0.835374 0.581619
vt 0.850886 0.717865
vt 0.821779 0.717865
vt 0.850885 0.666120
vt 0.821778 0.666120
vt 0.821778 0.700714
vt 0.821778 0.687778
vt 0.850886 0.687778
vt 0.850886 0.700714
vt 0.821779 0.713651
vt 0.850887 0.713651
vt 0.840265 0.734351
vt 0.818702 0.734350
vt 0.793560 0.991813
vt 0.403700 0.991813
vt 0.403700 0.082141
vt 0.793560 0.082141
vt 0.775500 0.991813
vt 0.758175 0.991811
vt 0.758175 0.082149
vt 0.775500 0.082151
vt 0.403702 0.973750
vt 0.403702 0.956426
vt 0.793563 0.956426
vt 0.793564 0.973750
vt 0.776211 0.082142
vt 0.793536 0.082143
vt 0.793534 0.991848
vt 0.776211 0.991848
vt 0.403696 0.974485
vt 0.793556 0.974485
vt 0.932378 0.044977
vt 0.932379 0.320677
vt 0.892993 0.320677
vt 0.892992 0.044977
vt 0.983579 0.044977
vt 0.983581 0.320677
vt 0.944195 0.320677
vt 0.944194 0.044977
vt 0.881178 0.320677
vt 0.881176 0.044977
vt 0.854981 0.579505
vt 0.854980 0.730259
vt 0.844212 0.730259
vt 0.844212 0.579505
vt 0.822675 0.730259
vt 0.822675 0.579504
vt 0.844212 0.741027
vt 0.822675 0.741027
vt 0.811907 0.730259
vt 0.811907 0.579503
vt 0.845705 0.733256
vt 0.824172 0.733255
vt 0.824172 0.722487
vt 0.845705 0.722488
vt 0.824171 0.571734
vt 0.845703 0.571733
vt 0.856473 0.571731
vt 0.856473 0.722489
vt 0.813404 0.722488
vt 0.813402 0.571734
vt 0.805566 0.743219
vt 0.865868 0.743221
vt 0.868022 0.747104
vt 0.803412 0.747102
vt 0.867325 0.746739
vt 0.802714 0.746738
vt 0.804870 0.742855
vt 0.865171 0.742856
vt 0.805568 0.553697
vt 0.801684 0.745374
vt 0.801686 0.551543
vt 0.865171 0.553338
vt 0.869053 0.551185
vt 0.869053 0.745011
vt 0.800988 0.745009
vt 0.800988 0.551184
vt 0.804871 0.553338
vt 0.865868 0.553697
vt 0.869750 0.551540
vt 0.869750 0.745375
vt 0.838206 0.579248
vt 0.859739 0.579248
vt 0.859741 0.730002
vt 0.838208 0.730002
vt 0.854603 0.645275
vt 0.854604 0.658196
vt 0.825529 0.658196
vt 0.825530 0.645275
vt 0.802716 0.549456
vt 0.867325 0.549456
vt 0.854604 0.671118
vt 0.825529 0.671118
vt 0.854059 0.599383
vt 0.854059 0.612304
vt 0.824986 0.612305
vt 0.824986 0.599384
vt 0.824170 0.560967
vt 0.845703 0.560965
vt 0.803415 0.549815
vt 0.868023 0.549815
vt 0.815201 0.579248
vt 0.836738 0.579248
vt 0.836738 0.730002
vt 0.815201 0.730002
vt 0.825530 0.632354
vt 0.854603 0.632354
vt 0.825529 0.684039
vt 0.854603 0.684039
vt 0.824986 0.638147
vt 0.824986 0.625226
vt 0.854060 0.625226
vt 0.854061 0.638146
vt 0.824986 0.651069
vt 0.854061 0.651068
vt 0.822676 0.568736
vt 0.844213 0.568737
vt 0.991735 0.005866
vt 0.991735 0.360337
vt 0.975983 0.360337
vt 0.975982 0.005866
vt 0.897212 0.320951
vt 0.897211 0.045252
vt 0.991575 0.832956
vt 0.975823 0.832954
vt 0.975824 0.005862
vt 0.991577 0.005864
vt 0.881459 0.045251
vt 0.881460 0.320951
vt 0.802689 0.360337
vt 0.802688 0.005864
vt 0.802192 0.360858
vt 0.802190 0.006387
vt 0.880962 0.045772
vt 0.880964 0.321473
vt 0.936575 0.754187
vt 0.975961 0.832957
vt 0.936571 0.084632
vt 0.896716 0.321473
vt 0.896714 0.045772
vt 0.975486 0.006386
vt 0.975488 0.360858
vt 0.920820 0.084632
vt 0.920819 0.754186
vt 0.991237 0.006386
vt 0.991240 0.360858
vt 0.881434 0.005860
vt 0.881433 0.832958
vt 0.991711 0.832957
vt 0.936437 0.754183
vt 0.936440 0.084630
vt 0.920685 0.754185
vt 0.920685 0.084631
vt 0.881299 0.005860
vt 0.881299 0.832955
usemtl Door_Mat
s off
f 599/895 600/896 601/897 602/898
f 603/899 604/900 602/898 601/897
f 603/899 601/897 600/901 605/902
f 604/900 603/899 605/903 606/904
f 607/905 608/906 609/907 610/908
f 609/907 611/909 612/910 610/908
f 613/911 607/912 610/908 612/910
f 611/909 609/907 608/913 614/914
f 615/915 616/916 617/917 618/918
f 619/919 620/920 621/921 622/922
f 623/923 615/915 618/924 624/925
f 622/922 625/926 626/927 619/928
f 620/929 627/930 628/931 621/921
f 616/916 629/932 630/933 617/934
f 622/922 621/921 628/931 625/926
f 613/935 614/936 608/937 607/938
f 631/939 632/940 633/941 634/942
f 625/926 628/931 627/943 626/944
f 632/940 635/945 636/946 633/941
f 637/947 638/948 639/949 640/950
f 614/951 613/952 612/910 611/909
f 623/923 629/932 616/916 615/915
f 624/953 630/954 629/932 623/923
f 599/955 606/956 605/957 600/958
f 634/942 641/959 642/960 631/939
f 641/961 636/946 635/945 642/962
f 643/963 644/964 645/965 646/966
f 644/964 639/949 638/948 645/965
f 640/967 643/963 646/966 637/968
f 606/969 599/970 602/898 604/900
f 647/971 648/972 649/973 650/974
f 651/975 647/976 650/977 652/978
f 652/971 653/972 654/973 651/974
f 649/972 653/979 652/980 650/971
f 653/981 649/982 648/983 654/984
f 651/985 654/986 648/987 647/988
f 655/989 656/990 657/991 658/992
f 659/993 660/994 658/992 657/991
f 659/993 657/991 656/995 661/996
f 660/994 659/993 661/997 662/998
f 663/999 664/1000 665/1001 666/1002
f 665/1001 667/1003 668/1004 666/1002
f 669/1005 663/1006 666/1002 668/1004
f 667/1003 665/1001 664/1007 670/1008
f 671/1009 672/1010 673/1011 674/1012
f 675/1013 676/1014 677/1015 678/1016
f 679/1017 671/1009 674/1018 680/1019
f 678/1016 681/1020 682/1021 675/1022
f 676/1023 683/1024 684/1025 677/1015
f 672/1010 685/1026 686/927 673/928
f 678/1016 677/1015 684/1025 681/1020
f 669/1027 670/1028 664/1029 663/1030
f 687/1031 688/1032 689/1033 690/1034
f 681/1020 684/1025 683/1035 682/1036
f 688/1032 691/1037 692/1038 689/1033
f 693/1039 694/1040 695/1041 696/1042
f 670/1043 669/1044 668/1004 667/1003
f 679/1017 685/1026 672/1010 671/1009
f 680/1045 686/1046 685/1026 679/1017
f 655/1047 662/1048 661/1049 656/1050
f 690/1034 697/1051 698/1052 687/1031
f 697/1053 692/1038 691/1037 698/1054
f 699/1055 700/1056 701/1057 702/1058
f 700/1056 695/1041 694/1040 701/1057
f 696/1059 699/1055 702/1058 693/1060
f 662/1061 655/1062 658/992 660/994
f 703/1063 704/1064 705/1065 706/1066
f 707/1067 703/1068 706/1069 708/1070
f 708/1063 709/1064 710/1065 707/1066
f 705/1071 709/1072 708/1073 706/1074
f 709/1075 705/1076 704/1077 710/1078
f 707/1063 710/1064 704/1079 703/1080
f 711/895 712/896 713/897 714/898
f 715/899 716/900 714/898 713/897
f 715/899 713/897 712/901 717/902
f 716/900 715/899 717/903 718/904
f 719/905 720/906 721/907 722/908
f 721/907 723/909 724/910 722/908
f 725/911 719/912 722/908 724/910
f 723/909 721/907 720/913 726/914
f 727/915 728/916 729/917 730/918
f 731/919 732/920 733/921 734/922
f 735/923 727/915 730/924 736/925
f 734/922 737/926 738/927 731/928
f 732/929 739/930 740/931 733/921
f 728/916 741/932 742/933 729/934
f 734/922 733/921 740/931 737/926
f 725/935 726/936 720/937 719/938
f 743/939 744/940 745/941 746/942
f 737/926 740/931 739/943 738/944
f 744/940 747/945 748/946 745/941
f 749/947 750/948 751/949 752/950
f 726/951 725/952 724/910 723/909
f 735/923 741/932 728/916 727/915
f 736/953 742/954 741/932 735/923
f 711/955 718/956 717/957 712/958
f 746/942 753/959 754/960 743/939
f 753/961 748/946 747/945 754/962
f 755/963 756/964 757/965 758/966
f 756/964 751/949 750/948 757/965
f 752/967 755/963 758/966 749/968
f 718/969 711/970 714/898 716/900
f 759/971 760/972 761/973 762/974
f 763/975 759/976 762/977 764/978
f 764/971 765/972 766/973 763/974
f 761/972 765/979 764/980 762/971
f 765/981 761/982 760/983 766/984
f 763/985 766/986 760/987 759/988
f 767/1081 768/1082 769/1083 770/1084
f 771/1085 772/1086 773/1087 774/1088
f 768/1082 767/1081 774/1088 773/1087
f 770/1084 769/1083 772/1089 771/1090
f 775/1091 776/1092 777/1093 778/1094
f 779/1095 780/1096 778/1094 777/1093
f 779/1095 777/1093 776/1097 781/1098
f 780/1096 779/1095 781/1099 782/1100
f 783/1101 784/1102 785/1103 786/1104
f 785/1103 787/1105 788/1106 786/1104
f 789/1107 783/1108 786/1104 788/1106
f 787/1105 785/1103 784/1109 790/1110
f 791/1111 792/1112 793/1113 794/1114
f 795/1115 796/1116 797/1117 798/1118
f 799/1119 791/1111 794/1120 800/1121
f 798/1118 801/1122 802/1123 795/1124
f 796/1125 803/1126 804/1127 797/1117
f 792/1112 805/1128 806/1129 793/1130
f 798/1118 797/1117 804/1127 801/1122
f 789/1131 790/1132 784/1133 783/1134
f 807/1135 808/1136 809/1137 810/1138
f 801/1122 804/1127 803/1139 802/1140
f 808/1136 811/1141 812/1142 809/1137
f 813/1143 814/1144 815/1145 816/1146
f 790/1147 789/1148 788/1106 787/1105
f 799/1119 805/1128 792/1112 791/1111
f 800/1149 806/1150 805/1128 799/1119
f 775/1151 782/1152 781/1153 776/1154
f 810/1138 817/1155 818/1156 807/1135
f 817/1157 812/1142 811/1141 818/1158
f 819/1159 820/1160 821/1161 822/1162
f 820/1160 815/1145 814/1144 821/1161
f 816/1163 819/1159 822/1162 813/1164
f 782/1165 775/1166 778/1094 780/1096
f 823/1167 824/1168 825/1169 826/1170
f 826/1170 825/1169 827/1171 828/1172
f 823/1173 826/1174 829/1175 830/1176
f 831/1177 832/1178 824/1179 823/1180
f 830/1181 833/1182 834/1183 835/1184
f 827/1185 825/1186 836/1170 837/1187
f 838/1188 837/1189 836/1190 829/1191
f 827/1185 837/1187 834/1192 832/1193
f 836/1190 833/1194 830/1195 829/1191
f 828/1172 827/1171 832/1178 831/1177
f 837/1189 838/1188 835/1184 834/1183
f 834/1192 833/1196 824/1197 832/1193
f 833/1167 836/1170 825/1186 824/1198
f 826/1174 828/1199 838/1200 829/1175
f 838/1200 828/1199 831/1201 835/1202
f 830/1203 835/1202 831/1201 823/1204
o Exterior_Walls02
v 1.150000 4.250001 0.010000
v 1.150000 4.250001 2.109999
v 1.150000 3.350000 0.009996
v 1.150000 3.350000 2.109999
v 1.150000 4.240001 0.020002
v 1.150000 3.360000 0.020000
v 1.150000 3.360000 2.099999
v 1.100000 3.360000 2.099999
v 1.099999 4.240001 2.099999
v 1.150000 4.240001 2.099999
v 1.099999 4.260000 -0.050000
v 1.100000 3.339999 -0.050000
v 1.100000 3.360000 0.020000
v 1.099999 4.240001 0.020000
v 1.100000 3.339999 2.120001
v 1.099999 4.260000 2.120001
v 0.125000 7.000000 2.200000
v 0.125000 5.000000 0.500000
v 0.125000 7.000000 0.500000
v 0.125000 5.000000 2.200000
v 0.175000 5.000000 0.500000
v 0.175000 7.000000 0.500000
v 0.175000 7.000000 2.200000
v 0.175000 5.000000 2.200000
v 0.125000 5.020000 0.520000
v 0.125000 6.980000 0.520000
v 0.175000 5.020000 0.520000
v 0.175000 6.980000 0.520000
v 0.125000 6.980000 2.180000
v 0.125000 5.020000 2.180000
v 0.175000 6.980000 2.180000
v 0.175000 5.020000 2.180000
v 0.300000 4.875000 0.500000
v 0.900000 4.875000 2.200000
v 0.900000 4.875000 0.500000
v 0.300000 4.875000 2.200000
v 0.900000 4.825000 0.500000
v 0.300000 4.825000 2.200000
v 0.900000 4.825000 2.200000
v 0.300000 4.825000 0.500000
v 0.300000 2.725000 2.200000
v 0.900000 2.725000 2.200000
v 0.900000 2.725000 0.500000
v 0.300000 2.725000 0.500000
v 0.880000 4.875000 2.180000
v 0.880000 4.875000 0.520000
v 0.880000 4.825000 0.520000
v 0.880000 4.825000 2.180000
v 0.320000 2.725000 2.180000
v 0.880000 2.725000 2.180000
v 0.320000 2.775000 2.180000
v 0.880000 2.775000 2.180000
v 0.320000 4.825000 2.180000
v 0.320000 4.875000 2.180000
v 0.320000 4.825000 0.520000
v 0.880000 2.725000 0.520000
v 0.880000 2.775000 0.520000
v 0.320000 2.725000 0.520000
v 0.320000 4.875000 0.520000
v 0.300000 2.775000 2.200000
v 0.300000 2.775000 0.500000
v 0.900000 2.775000 0.500000
v 0.900000 2.775000 2.200000
v 0.320000 2.775000 0.520000
v 0.175000 0.600000 2.200000
v 0.175000 2.600000 0.500000
v 0.175000 2.600000 2.200000
v 0.175000 0.600000 0.500000
v 0.125000 2.600000 0.500000
v 0.125000 0.600000 2.200000
v 0.125000 0.600000 0.500000
v 0.125000 2.600000 2.200000
v 0.175000 2.580000 0.520000
v 0.175000 0.620000 0.520000
v 0.125000 2.580000 0.520000
v 0.125000 0.620000 0.520000
v 0.125000 2.580000 2.180000
v 0.125000 0.620000 2.180000
v 0.175000 2.580000 2.180000
v 0.175000 0.620000 2.180000
v 0.300000 4.800000 0.450000
v 0.900000 4.800000 0.450000
v 1.100000 4.650001 0.450000
v 0.100000 5.000000 0.400000
v 0.100000 7.000000 0.400000
v 1.100000 4.360000 0.400000
v 0.300000 4.800000 0.400000
v 0.100000 2.600000 0.400000
v 1.100000 2.950000 0.400000
v 0.900000 2.800000 0.050000
v 0.100000 2.600000 0.100000
v 1.100000 2.950000 0.050000
v 0.070000 2.600000 2.260001
v 0.900000 2.800000 0.100000
v 0.300000 2.800000 0.100000
v 0.900000 4.800000 0.100000
v 1.100000 3.240000 0.050000
v 0.900000 2.820000 0.400000
v 0.300000 4.780001 2.250002
v 1.100000 2.950000 0.100000
v 0.300000 2.820000 2.300001
v 0.900000 2.820000 2.300001
v 0.900000 2.820000 2.260001
v 1.100000 4.360000 0.050000
v 0.900000 2.820000 0.050000
v 0.300000 2.820000 0.410000
v 0.900000 2.820000 0.410000
v 0.300000 4.770000 2.260001
v 0.300000 4.770000 2.289999
v 0.900000 4.770000 2.260001
v 0.900000 4.780001 2.300001
v 0.900000 4.780001 2.250002
v 0.900000 4.780001 2.260001
v 0.900000 2.820000 0.100000
v 0.900000 4.770000 0.090000
v 0.300000 4.770000 0.090000
v 0.900000 4.770000 0.060000
v 1.100000 4.360000 0.100000
v 0.900000 4.800000 0.050000
v 0.100000 5.000000 0.100000
v 0.100000 7.000000 0.050000
v 0.070000 0.600000 2.260001
v 0.070000 2.600000 2.289999
v 0.070000 0.600000 2.289999
v 0.070000 5.000000 0.090000
v 0.070000 5.000000 0.060000
v 0.070000 7.000000 0.090000
v 0.070000 7.000000 0.060000
v 1.100000 4.650001 0.100000
v 0.300000 2.820000 2.260001
v 0.300000 2.820000 0.400000
v 0.900000 2.820000 0.450000
v 0.300000 2.820000 0.450000
v 0.070000 2.600000 0.090000
v 0.300000 4.780000 0.050000
v 0.900000 4.770000 2.289999
v 0.070000 0.600000 0.440000
v 0.070000 0.600000 0.410000
v 0.070000 2.600000 0.060000
v 0.300000 4.770000 0.060000
v 0.900000 4.780000 0.050000
v 0.300000 4.780000 0.100000
v 0.900000 4.780000 0.060000
v 1.080000 4.650001 2.300001
v 1.080000 2.950000 2.289999
v 1.080000 4.360000 2.250001
v 1.080000 2.950000 2.300001
v 1.080000 4.650001 2.260001
v 1.080000 2.950000 2.260001
v 1.080000 4.360000 2.260001
v 1.080000 3.240000 2.300001
v 0.080000 5.000000 0.450000
v 0.080000 7.000000 0.450000
v 0.080000 7.000000 0.410000
v 0.080000 7.000000 0.440000
v 0.080000 0.600000 2.250002
v 0.080000 2.600000 2.250002
v 0.080000 0.600000 2.289999
v 0.080000 2.600000 2.289999
v 0.080000 5.000000 0.400000
v 0.080000 7.000000 0.400000
v 0.080000 5.000000 0.440000
v 0.080000 5.000000 0.410000
v 0.900000 2.830000 2.260001
v 0.300000 2.830000 2.260001
v 0.900000 2.830000 2.289999
v 0.300000 2.830000 2.289999
v 0.900000 4.780000 0.100000
v 0.300000 4.780000 0.090000
v 0.900000 4.780000 0.090000
v 0.300000 4.780000 0.060000
v 0.080000 7.000000 2.300001
v 0.080000 5.000000 2.250002
v 0.080000 7.000000 2.250002
v 0.080000 7.000000 2.289999
v 0.900000 2.820000 0.440000
v 0.300000 2.820000 0.090000
v 0.300000 2.820000 0.100000
v 0.900000 2.820000 0.090000
v 0.070000 0.600000 0.060000
v 0.070000 2.600000 0.410000
v 0.070000 0.600000 0.090000
v 0.070000 2.600000 0.440000
v 0.900000 2.820000 0.060000
v 0.300000 2.820000 0.440000
v 0.300000 2.820000 0.060000
v 0.300000 2.820000 0.050000
v 1.080000 3.240000 2.250001
v 1.080000 3.240000 2.260001
v 1.080000 2.950000 2.250001
v 1.080000 4.650001 2.250001
v 0.070000 7.000000 2.289999
v 0.070000 5.000000 2.260001
v 0.070000 7.000000 2.260001
v 0.070000 5.000000 2.289999
v 0.900000 4.770000 0.410000
v 0.300000 4.770000 0.410000
v 0.300000 4.770000 0.440000
v 0.900000 4.770000 0.440000
v 0.080000 5.000000 0.050000
v 0.080000 7.000000 0.060000
v 0.080000 7.000000 0.090000
v 0.080000 5.000000 0.100000
v 0.080000 2.600000 0.050000
v 0.080000 2.600000 0.100000
v 0.080000 0.600000 0.060000
v 0.080000 2.600000 0.410000
v 0.080000 0.600000 2.260001
v 0.080000 0.600000 2.300001
v 0.080000 2.600000 2.260001
v 0.080000 2.600000 2.300001
v 0.900000 4.780000 0.410000
v 0.900000 4.780000 0.400000
v 0.900000 4.780000 0.450000
v 0.300000 4.780000 0.450000
v 0.080000 0.600000 0.090000
v 0.080000 2.600000 0.440000
v 0.080000 0.600000 0.440000
v 0.080000 0.600000 0.410000
v 0.080000 2.600000 0.400000
v 0.080000 0.600000 0.400000
v 0.080000 0.600000 0.450000
v 0.080000 2.600000 0.450000
v 0.300000 4.780000 0.410000
v 0.300000 4.780000 0.400000
v 0.300000 4.780000 0.440000
v 0.900000 4.780000 0.440000
v 0.080000 5.000000 2.260001
v 0.080000 7.000000 2.260001
v 0.080000 5.000000 2.300001
v 0.080000 5.000000 2.289999
v 0.080000 0.600000 0.050000
v 0.080000 0.600000 0.100000
v 0.080000 2.600000 0.060000
v 0.080000 2.600000 0.090000
v 0.900000 2.820000 2.250002
v 0.300000 2.820000 2.250002
v 0.900000 2.820000 2.289999
v 0.300000 2.820000 2.289999
v 1.080000 4.360000 2.300001
v 1.080000 3.240000 2.289999
v 1.080000 4.650001 2.289999
v 1.080000 4.360000 2.289999
v 0.300000 4.780001 2.300001
v 0.300000 4.780001 2.289999
v 0.300000 4.780001 2.260001
v 0.900000 4.780001 2.289999
v 0.300000 2.830000 0.090000
v 0.900000 2.830000 0.440000
v 0.900000 2.830000 0.410000
v 0.300000 2.830000 0.410000
v 0.070000 5.000000 0.410000
v 0.070000 5.000000 0.440000
v 0.070000 7.000000 0.440000
v 0.070000 7.000000 0.410000
v 0.080000 5.000000 0.060000
v 0.080000 5.000000 0.090000
v 0.080000 7.000000 0.100000
v 0.080000 7.000000 0.050000
v 0.300000 2.830000 0.060000
v 0.300000 2.830000 0.440000
v 0.900000 2.830000 0.060000
v 0.900000 2.830000 0.090000
v 1.070000 2.950000 2.289999
v 1.070000 4.650001 2.260001
v 1.070000 2.950000 2.260001
v 1.070000 4.360000 2.260001
v 1.070000 3.240000 2.260001
v 1.070000 3.240000 2.289999
v 1.070000 4.650001 2.289999
v 1.070000 4.360000 2.289999
v 1.080000 3.240000 0.450000
v 1.080000 2.950000 0.450000
v 1.080000 3.240000 0.400000
v 1.080000 2.950000 0.400000
v 1.080000 3.240000 0.440000
v 1.080000 3.240000 0.100000
v 1.080000 3.240000 0.410000
v 1.080000 2.950000 0.050000
v 1.080000 3.240000 0.090000
v 1.080000 2.950000 0.410000
v 1.080000 3.240000 0.050000
v 1.080000 2.950000 0.440000
v 1.080000 2.950000 0.100000
v 1.080000 2.950000 0.060000
v 1.080000 3.240000 0.060000
v 1.080000 2.950000 0.090000
v 1.070000 3.240000 0.440000
v 1.070000 3.240000 0.410000
v 1.070000 3.240000 0.090000
v 1.070000 2.950000 0.410000
v 1.070000 2.950000 0.440000
v 1.070000 2.950000 0.060000
v 1.070000 3.240000 0.060000
v 1.070000 2.950000 0.090000
v 1.080000 4.360000 0.450000
v 1.080000 4.650001 0.450000
v 1.080000 4.650001 0.400000
v 1.080000 4.360000 0.440000
v 1.080000 4.360000 0.400000
v 1.080000 4.650001 0.440000
v 1.080000 4.650001 0.410000
v 1.080000 4.360000 0.410000
v 1.080000 4.360000 0.090000
v 1.080000 4.360000 0.050000
v 1.080000 4.360000 0.100000
v 1.080000 4.650001 0.060000
v 1.080000 4.360000 0.060000
v 1.080000 4.650001 0.100000
v 1.080000 4.650001 0.050000
v 1.080000 4.650001 0.090000
v 1.070000 4.360000 0.440000
v 1.070000 4.650001 0.440000
v 1.070000 4.650001 0.410000
v 1.070000 4.360000 0.410000
v 1.070000 4.360000 0.090000
v 1.070000 4.650001 0.060000
v 1.070000 4.360000 0.060000
v 1.070000 4.650001 0.090000
v 0.100000 0.600000 2.500000
v 0.100000 2.600000 2.500000
v 0.100000 5.000000 2.500000
v 0.100000 7.000000 2.500000
v 0.100000 0.600000 -0.050000
v 0.100000 2.600000 -0.050000
v 0.100000 5.000000 -0.050000
v 0.100000 7.000000 -0.050000
v 0.100000 2.600000 0.500000
v 0.100000 5.000000 0.500000
v 0.100000 0.600000 0.500000
v 0.100000 7.000000 0.500000
v 0.100000 2.600000 2.200000
v 0.100000 7.000000 2.200000
v 0.100000 0.600000 2.200000
v 0.100000 5.000000 2.200000
v 0.300000 4.800000 2.400000
v 0.300000 2.800000 2.400000
v 0.300000 2.800000 -0.050000
v 0.300000 4.800000 -0.050000
v 0.300000 2.800000 0.500000
v 0.300000 4.800000 0.500000
v 0.300000 2.800000 2.200000
v 0.300000 4.800000 2.200000
v 0.900000 4.800000 2.400000
v 0.900000 2.800000 2.400000
v 0.900000 2.800000 -0.050000
v 0.900000 4.800000 -0.050000
v 0.900000 2.800000 0.500000
v 0.900000 4.800000 0.500000
v 0.900000 2.800000 2.200000
v 0.900000 4.800000 2.200000
v 1.100000 3.240000 2.400000
v 1.100000 3.240000 -0.050000
v 1.100000 3.240000 2.250000
v 1.100000 3.240000 0.450000
v 1.100000 4.360000 0.450000
v 1.100000 4.360000 -0.050000
v 1.100000 4.360000 2.250000
v 1.100000 4.360000 2.400000
v 1.100000 2.950000 2.400000
v 1.100000 2.950000 -0.050000
v 1.100000 2.950000 0.450000
v 1.100000 2.950000 2.250000
v 1.100000 4.650001 2.250000
v 1.100000 4.650001 2.400000
v 1.100000 4.650001 -0.050000
v 0.125000 7.000000 2.200000
v 0.125000 5.000000 0.500000
v 0.125000 7.000000 0.500000
v 0.125000 5.000000 2.200000
v 0.900000 4.825000 0.500000
v 0.300000 4.825000 2.200000
v 0.900000 4.825000 2.200000
v 0.300000 4.825000 0.500000
v 0.300000 2.775000 2.200000
v 0.300000 2.775000 0.500000
v 0.900000 2.775000 0.500000
v 0.900000 2.775000 2.200000
v 0.125000 2.600000 0.500000
v 0.125000 0.600000 2.200000
v 0.125000 0.600000 0.500000
v 0.125000 2.600000 2.200000
v 1.100000 3.240000 2.300000
v 1.100000 2.950000 2.300000
v 1.100000 3.240000 0.400000
v 1.100000 3.240000 0.100000
v 1.100000 4.650001 0.400000
v 1.100000 4.650001 0.050000
v 1.100000 4.360000 2.300000
v 1.100000 4.650001 2.300000
v 0.100000 2.600000 0.450000
v 0.100000 0.600000 0.450000
v 0.100000 0.600000 0.400000
v 0.100000 2.600000 0.050000
v 0.100000 0.600000 0.050000
v 0.100000 0.600000 0.100000
v 0.100000 2.600000 2.250000
v 0.100000 0.600000 2.250000
v 0.100000 2.600000 2.300000
v 0.100000 0.600000 2.300000
v 0.900000 2.800000 2.250000
v 0.300000 2.800000 2.250000
v 0.900000 2.800000 2.300000
v 0.300000 2.800000 2.300000
v 0.900000 2.800000 0.450000
v 0.300000 2.800000 0.450000
v 0.900000 2.800000 0.400000
v 0.300000 2.800000 0.400000
v 0.300000 2.800000 0.050000
v 0.300000 4.800000 0.050000
v 0.300000 4.800000 0.100000
v 0.900000 4.800000 0.400000
v 0.900000 4.800000 2.300000
v 0.300000 4.800000 2.300000
v 0.900000 4.800000 2.250000
v 0.300000 4.800000 2.250000
v 0.100000 5.000000 2.250000
v 0.100000 7.000000 2.250000
v 0.100000 5.000000 2.300000
v 0.100000 7.000000 2.300000
v 0.100000 5.000000 0.450000
v 0.100000 7.000000 0.450000
v 0.100000 7.000000 0.100000
v 0.100000 5.000000 0.050000
v 0.150000 2.800000 2.400000
v 0.150000 2.800000 2.500000
v 0.150000 4.800000 2.400000
v 1.100000 4.800000 2.400000
v 1.100000 2.800000 2.400000
v 0.150000 4.800000 2.500000
v 0.030000 2.650000 -0.050000
v 0.100000 0.600000 2.500000
v 0.100000 2.600000 2.500000
v 0.100000 5.000000 2.500000
v 0.050000 7.050000 2.500000
v 0.050000 7.050000 -0.050000
v 0.100000 0.600000 -0.050000
v 0.100000 5.000000 -0.050000
v 0.100000 2.600000 -0.050000
v 0.100000 2.850000 2.500000
v 0.050000 0.550000 -0.050000
v 0.100000 7.000000 -0.050000
v 0.100000 7.000000 2.500001
v 0.050000 0.550000 2.500000
v 0.300000 4.800000 2.500000
v 0.300000 2.800000 2.500000
v 0.300000 2.800000 -0.050000
v 0.300000 4.800000 -0.050000
v 0.900000 2.800000 -0.050000
v 0.900000 4.800000 -0.050000
v 0.900000 2.800000 2.400000
v 0.900000 4.800000 2.400000
v 1.050000 4.280000 2.400000
v 1.050000 4.360000 2.400000
v 1.100000 4.260000 -0.050000
v 1.100000 3.340000 -0.050000
v 1.100000 3.340000 2.119999
v 1.100000 4.260000 2.119999
v 0.050000 0.600000 2.500000
v 0.050000 2.600000 2.500000
v 0.050000 2.800000 2.500000
v 0.050000 4.800000 2.500000
v 0.050000 5.000000 2.500000
v 0.050000 7.000000 2.500000
v 1.030000 4.280000 2.400000
v 0.050000 0.600000 -0.050000
v 0.050000 2.800000 -0.050000
v 0.050000 5.000000 -0.050000
v 0.050000 2.600000 -0.050000
v 0.050000 4.800000 -0.050000
v 0.050000 7.000000 -0.050000
v 1.100000 3.240000 2.400000
v 1.100000 3.240000 -0.050000
v 1.100000 4.360000 -0.050000
v 0.100000 4.749999 2.500000
v 1.050000 3.240000 2.400000
v 1.050000 3.340000 2.119999
v 1.050000 4.260000 -0.050000
v 1.050000 4.260000 2.119999
v 1.050000 3.240000 -0.050000
v 1.100000 4.360000 2.400000
v 1.050000 3.340000 -0.050000
v 1.050000 3.320000 2.400000
v 1.050000 4.360000 -0.050000
v 1.100000 2.950000 -0.050000
v 1.100000 2.950000 2.400000
v 1.050000 4.650001 2.400000
v 1.050000 4.650001 -0.050000
v 0.300000 4.749999 2.500000
v 1.050000 2.950000 -0.050000
v 0.250000 4.730000 2.500000
v 0.050000 2.850000 2.500000
v 0.900000 2.850000 -0.050000
v 0.900000 4.749999 2.400000
v 0.900000 2.850000 2.400000
v 0.900000 4.749999 -0.050000
v 0.300000 2.850000 2.500000
v 1.100000 4.650001 2.400000
v 0.100000 2.850000 -0.050000
v 1.050000 2.950000 2.400000
v 0.300000 2.850000 -0.050000
v 0.050000 4.749999 2.500000
v 0.300000 4.749999 -0.050000
v 1.100000 4.650001 -0.050000
v 0.050000 4.749999 -0.050000
v 0.100000 4.749999 -0.050000
v 0.050000 2.850000 -0.050000
v 0.030000 7.200000 -0.050000
v 0.030000 0.400000 -0.050000
v 0.250000 2.850000 2.500000
v 0.950000 2.850000 2.400000
v 0.050000 4.950000 2.500000
v 0.030000 2.650000 2.500000
v 0.250000 4.749999 -0.050000
v 0.050000 4.950000 -0.050000
v 0.050000 2.650000 -0.050000
v 0.050000 2.650000 2.500000
v 0.030000 4.950000 2.500000
v 0.250000 2.850000 -0.050000
v 0.250000 4.749999 2.500000
v 0.030000 4.800000 -0.050000
v 0.030000 2.800000 -0.050000
v 1.050000 4.340000 2.400000
v 1.050000 4.280000 -0.050000
v 1.050000 2.930000 2.400000
v 1.050000 2.930000 -0.050000
v 0.030000 4.800000 2.500000
v 0.030000 2.800000 2.500000
v 0.030000 0.400000 2.500000
v 0.030000 0.550000 2.500000
v 0.030000 0.550000 -0.050000
v 1.050000 4.670000 -0.050000
v 1.050000 3.320000 -0.050000
v 0.950000 2.850000 -0.050000
v 0.030000 7.050000 2.500000
v 0.030000 4.950000 -0.050000
v 1.050000 4.670000 2.400000
v 1.050000 3.260000 -0.050000
v 1.050000 3.260000 2.400000
v 0.030000 7.050000 -0.050000
v 0.030000 7.200000 2.500000
v 1.050000 4.340000 -0.050000
v 0.950000 4.749999 2.400000
v 0.950000 4.749999 -0.050000
v 1.030000 4.730000 2.400000
v 1.030000 2.870000 2.400000
v 1.030000 2.870000 -0.050000
v 1.030000 4.730000 -0.050000
v 1.030000 4.340000 2.400000
v 1.030000 4.280000 -0.050000
v 1.030000 2.930000 2.400000
v 1.030000 2.930000 -0.050000
v 1.030000 4.670000 -0.050000
v 1.030000 3.320000 -0.050000
v 1.030000 4.670000 2.400000
v 1.030000 3.320000 2.400000
v 1.030000 3.260000 -0.050000
v 1.030000 3.260000 2.400000
v 1.030000 4.340000 -0.050000
v 0.950000 2.870000 2.400000
v 0.100000 2.870000 2.500000
v 0.950000 2.870000 -0.050000
v 0.950000 4.729999 2.400000
v 0.100000 4.730000 2.500000
v 0.950000 4.729999 -0.050000
v 0.100000 4.730000 -0.050000
v 0.250000 4.730000 -0.050000
v 0.250000 2.870000 2.500000
v 0.100000 2.870000 -0.050000
v 0.250000 2.870000 -0.050000
v 0.125000 7.000000 2.500001
v 0.125000 5.000000 -0.050000
v 0.125000 7.000000 -0.050000
v 0.125000 5.000000 2.500001
v 0.900000 4.825000 -0.050000
v 0.300000 4.825000 2.500001
v 0.900000 4.825000 2.400000
v 0.300000 4.825000 -0.050000
v 0.300000 2.775000 2.500001
v 0.300000 2.775000 -0.050000
v 0.900000 2.775000 -0.050000
v 0.900000 2.775000 2.400000
v 0.125000 2.600000 -0.050000
v 0.125000 0.600000 2.500001
v 0.125000 0.600000 -0.050000
v 0.125000 2.600000 2.500001
vt 0.261714 0.501550
vt 0.148875 0.501538
vt 0.150111 0.499603
vt 0.259767 0.499602
vt 0.259128 0.487146
vt 0.259129 0.493296
vt 0.150888 0.493296
vt 0.150888 0.487146
vt 0.148966 0.485223
vt 0.260349 0.485235
vt 0.147619 0.484650
vt 0.262260 0.484649
vt 0.259767 0.493372
vt 0.150111 0.493372
vt 0.046168 0.493815
vt 0.046168 0.488712
vt 0.258441 0.488683
vt 0.258442 0.493785
vt 0.049331 0.493728
vt 0.049331 0.488645
vt 0.260786 0.488643
vt 0.260786 0.493726
vt 0.042398 0.484942
vt 0.259431 0.484960
vt 0.035922 0.484806
vt 0.262797 0.484917
vt 0.261589 0.495756
vt 0.148428 0.495756
vt 0.262183 0.497586
vt 0.038938 0.497586
vt 0.264493 0.497530
vt 0.048267 0.497483
vt 0.262811 0.487679
vt 0.260521 0.491597
vt 0.039984 0.491626
vt 0.036096 0.487680
vt 0.037695 0.501169
vt 0.039985 0.497252
vt 0.260522 0.497223
vt 0.264411 0.501169
vt 0.037813 0.501324
vt 0.040103 0.497406
vt 0.260640 0.497377
vt 0.264529 0.501323
vt 0.262929 0.487834
vt 0.260639 0.491751
vt 0.040102 0.491781
vt 0.036214 0.487834
vt 0.238257 0.488049
vt 0.235868 0.491528
vt 0.040020 0.491547
vt 0.036560 0.488049
vt 0.238225 0.488187
vt 0.235836 0.491666
vt 0.039987 0.491686
vt 0.036527 0.488187
vt 0.037598 0.501064
vt 0.039988 0.497584
vt 0.235836 0.497565
vt 0.239296 0.501063
vt 0.037631 0.500925
vt 0.040020 0.497446
vt 0.235868 0.497427
vt 0.239328 0.500925
vt 0.037546 0.501046
vt 0.039935 0.497567
vt 0.235786 0.497547
vt 0.239245 0.501046
vt 0.238227 0.488073
vt 0.235838 0.491552
vt 0.036528 0.488073
vt 0.103660 0.500322
vt 0.106262 0.497720
vt 0.179117 0.497720
vt 0.181719 0.500322
vt 0.181719 0.488549
vt 0.179117 0.491152
vt 0.106262 0.491152
vt 0.103660 0.488550
vt 0.103918 0.499947
vt 0.106520 0.497345
vt 0.179374 0.497345
vt 0.181976 0.499947
vt 0.181976 0.488238
vt 0.179374 0.490840
vt 0.106520 0.490840
vt 0.103917 0.488238
vt 0.074978 0.500026
vt 0.077580 0.497424
vt 0.150435 0.497423
vt 0.153037 0.500026
vt 0.153037 0.488317
vt 0.150435 0.490919
vt 0.077580 0.490919
vt 0.074977 0.488317
vt 0.238359 0.488179
vt 0.235968 0.491657
vt 0.040118 0.491609
vt 0.036660 0.488110
vt 0.039934 0.491668
vt 0.037726 0.500986
vt 0.040117 0.497508
vt 0.235967 0.497556
vt 0.239425 0.501055
vt 0.181719 0.488613
vt 0.103660 0.488613
vt 0.037599 0.500993
vt 0.039988 0.497514
vt 0.239299 0.500993
vt 0.260639 0.491728
vt 0.037697 0.501145
vt 0.039986 0.497228
vt 0.264411 0.501145
vt 0.039931 0.497518
vt 0.039933 0.491619
vt 0.239240 0.501065
vt 0.826679 0.699440
vt 0.826679 0.697435
vt 0.886813 0.697432
vt 0.886814 0.699436
vt 0.619238 0.504829
vt 0.647360 0.504833
vt 0.647360 0.506773
vt 0.619237 0.506769
vt 0.886816 0.736614
vt 0.826681 0.736618
vt 0.826681 0.733611
vt 0.886815 0.733608
vt 0.898626 0.740300
vt 0.838492 0.740283
vt 0.838491 0.739233
vt 0.898626 0.739251
vt 0.729077 0.691160
vt 0.729114 0.688197
vt 0.898936 0.688196
vt 0.898899 0.691160
vt 0.898859 0.740343
vt 0.729038 0.740343
vt 0.729014 0.737379
vt 0.898835 0.737379
vt 0.898643 0.665867
vt 0.898642 0.666916
vt 0.838543 0.666916
vt 0.838543 0.665867
vt 0.726127 0.700049
vt 0.726134 0.697056
vt 0.897567 0.697056
vt 0.897560 0.700048
vt 0.898641 0.692863
vt 0.898640 0.693913
vt 0.838505 0.693895
vt 0.838506 0.692846
vt 0.838503 0.697951
vt 0.838504 0.696902
vt 0.898639 0.696919
vt 0.898638 0.697969
vt 0.838506 0.691796
vt 0.898641 0.691813
vt 0.726172 0.694065
vt 0.726209 0.691073
vt 0.897641 0.691073
vt 0.897604 0.694064
vt 0.726171 0.694011
vt 0.726208 0.691019
vt 0.897641 0.691019
vt 0.897603 0.694010
vt 0.898966 0.682269
vt 0.898929 0.685232
vt 0.729107 0.685232
vt 0.729144 0.682269
vt 0.898902 0.728488
vt 0.729081 0.728489
vt 0.729057 0.725525
vt 0.898878 0.725524
vt 0.728654 0.737273
vt 0.898476 0.737273
vt 0.898499 0.740237
vt 0.728677 0.740237
vt 0.898642 0.672019
vt 0.838543 0.672018
vt 0.838542 0.670969
vt 0.898642 0.670969
vt 0.728717 0.691054
vt 0.728754 0.688091
vt 0.898575 0.688090
vt 0.898539 0.691053
vt 0.886816 0.732558
vt 0.826682 0.732561
vt 0.826681 0.731512
vt 0.886815 0.731508
vt 0.898543 0.728382
vt 0.898506 0.731345
vt 0.728684 0.731346
vt 0.728721 0.728382
vt 0.898605 0.682162
vt 0.898568 0.685126
vt 0.728747 0.685126
vt 0.728784 0.682163
vt 0.897566 0.697002
vt 0.726134 0.697002
vt 0.728691 0.734310
vt 0.898512 0.734310
vt 0.726052 0.705977
vt 0.726089 0.702986
vt 0.897522 0.702986
vt 0.897484 0.705977
vt 0.729121 0.679305
vt 0.898942 0.679305
vt 0.898629 0.734145
vt 0.898628 0.735194
vt 0.838493 0.735177
vt 0.838494 0.734127
vt 0.898627 0.738201
vt 0.838493 0.738183
vt 0.898641 0.689809
vt 0.838506 0.689791
vt 0.728698 0.725418
vt 0.898519 0.725418
vt 0.838543 0.669920
vt 0.898642 0.669920
vt 0.886816 0.738714
vt 0.826681 0.738717
vt 0.826680 0.737667
vt 0.886815 0.737664
vt 0.898865 0.731451
vt 0.729044 0.731452
vt 0.898923 0.694123
vt 0.729101 0.694124
vt 0.729051 0.734416
vt 0.898872 0.734416
vt 0.838543 0.664818
vt 0.898642 0.664818
vt 0.826678 0.696386
vt 0.886813 0.696382
vt 0.826679 0.695336
vt 0.886813 0.695332
vt 0.886814 0.691276
vt 0.826680 0.691280
vt 0.826679 0.690230
vt 0.886813 0.690226
vt 0.898541 0.722454
vt 0.728719 0.722455
vt 0.826679 0.692329
vt 0.886813 0.692326
vt 0.815519 0.725217
vt 0.755420 0.725217
vt 0.755419 0.724168
vt 0.815518 0.724168
vt 0.815518 0.726266
vt 0.755419 0.726266
vt 0.898638 0.699019
vt 0.838504 0.699001
vt 0.838494 0.733078
vt 0.898628 0.733095
vt 0.898563 0.694017
vt 0.728741 0.694018
vt 0.728760 0.679199
vt 0.898581 0.679199
vt 0.815518 0.731369
vt 0.755419 0.731369
vt 0.755418 0.730320
vt 0.815517 0.730319
vt 0.815518 0.729271
vt 0.755419 0.729271
vt 0.647361 0.732715
vt 0.619239 0.732716
vt 0.619239 0.731746
vt 0.647361 0.731745
vt 0.647269 0.732715
vt 0.619147 0.732716
vt 0.619147 0.731746
vt 0.647269 0.731745
vt 0.647268 0.738533
vt 0.619147 0.738534
vt 0.619147 0.737564
vt 0.647268 0.737563
vt 0.647361 0.733685
vt 0.619239 0.733686
vt 0.647361 0.738533
vt 0.619239 0.738534
vt 0.619239 0.737564
vt 0.647361 0.737563
vt 0.647361 0.736594
vt 0.619239 0.736595
vt 0.647269 0.736594
vt 0.619147 0.736594
vt 0.619147 0.733685
vt 0.647269 0.733685
vt 0.619233 0.552348
vt 0.647355 0.552348
vt 0.647355 0.553317
vt 0.619233 0.553318
vt 0.619233 0.551378
vt 0.647355 0.551379
vt 0.619237 0.512587
vt 0.647359 0.512590
vt 0.647359 0.513560
vt 0.619236 0.513557
vt 0.619233 0.546529
vt 0.647356 0.546530
vt 0.647355 0.547500
vt 0.619233 0.547498
vt 0.647360 0.507742
vt 0.619237 0.507738
vt 0.647355 0.548469
vt 0.619233 0.548468
vt 0.619237 0.508708
vt 0.647359 0.508712
vt 0.647359 0.511621
vt 0.619237 0.511618
vt 0.647264 0.552346
vt 0.647264 0.553316
vt 0.619142 0.553316
vt 0.619142 0.552346
vt 0.619142 0.551377
vt 0.647264 0.551376
vt 0.647264 0.546528
vt 0.647264 0.547498
vt 0.619142 0.547498
vt 0.619142 0.546528
vt 0.647264 0.512587
vt 0.647264 0.513557
vt 0.619142 0.513557
vt 0.619142 0.512587
vt 0.647264 0.506769
vt 0.647264 0.507739
vt 0.619142 0.507738
vt 0.619142 0.506768
vt 0.619142 0.515496
vt 0.647264 0.515496
vt 0.647264 0.548467
vt 0.619142 0.548467
vt 0.647264 0.508708
vt 0.647264 0.511618
vt 0.619142 0.511617
vt 0.619142 0.508708
vt 0.728655 0.743201
vt 0.898477 0.743201
vt 0.898477 0.747446
vt 0.728655 0.747446
vt 0.898964 0.676341
vt 0.729143 0.676341
vt 0.729143 0.667850
vt 0.898964 0.667850
vt 0.898642 0.662814
vt 0.838543 0.662815
vt 0.838543 0.652798
vt 0.898642 0.652798
vt 0.726231 0.688027
vt 0.726231 0.683741
vt 0.897663 0.683741
vt 0.897663 0.688027
vt 0.726231 0.688081
vt 0.726232 0.683796
vt 0.897663 0.683795
vt 0.897663 0.688081
vt 0.815518 0.722164
vt 0.755419 0.722165
vt 0.755419 0.717156
vt 0.815518 0.717156
vt 0.619233 0.555257
vt 0.647355 0.555257
vt 0.647360 0.729806
vt 0.619239 0.729807
vt 0.726246 0.680804
vt 0.897678 0.680803
vt 0.898462 0.750410
vt 0.728641 0.750410
vt 0.838508 0.684780
vt 0.838508 0.682275
vt 0.898643 0.682292
vt 0.898643 0.684797
vt 0.898642 0.679030
vt 0.898642 0.681534
vt 0.838543 0.681534
vt 0.838543 0.679030
vt 0.755419 0.714652
vt 0.815518 0.714652
vt 0.886816 0.745729
vt 0.886816 0.748235
vt 0.826682 0.748238
vt 0.826681 0.745733
vt 0.726245 0.680749
vt 0.897678 0.680749
vt 0.898837 0.747552
vt 0.898822 0.750516
vt 0.729001 0.750516
vt 0.729016 0.747553
vt 0.647362 0.750170
vt 0.619240 0.750171
vt 0.619239 0.740474
vt 0.647361 0.740473
vt 0.647269 0.750169
vt 0.619148 0.750170
vt 0.619147 0.740473
vt 0.647268 0.740472
vt 0.729016 0.743307
vt 0.898837 0.743307
vt 0.726030 0.726112
vt 0.726030 0.708969
vt 0.897462 0.708969
vt 0.897462 0.726112
vt 0.815518 0.743388
vt 0.755419 0.743389
vt 0.755419 0.733372
vt 0.815518 0.733372
vt 0.826681 0.740722
vt 0.886816 0.740718
vt 0.838543 0.674022
vt 0.898642 0.674022
vt 0.726030 0.726167
vt 0.897463 0.726166
vt 0.728719 0.696981
vt 0.898541 0.696981
vt 0.898603 0.676235
vt 0.728782 0.676235
vt 0.647264 0.504830
vt 0.619143 0.504829
vt 0.619233 0.544589
vt 0.647356 0.544591
vt 0.619142 0.555256
vt 0.647264 0.555255
vt 0.886813 0.688222
vt 0.826678 0.688226
vt 0.886815 0.729504
vt 0.826681 0.729507
vt 0.838491 0.742287
vt 0.898626 0.742305
vt 0.729079 0.697088
vt 0.898900 0.697087
vt 0.838503 0.701006
vt 0.898638 0.701023
vt 0.898900 0.722560
vt 0.729079 0.722561
vt 0.898629 0.731090
vt 0.838494 0.731073
vt 0.647269 0.729806
vt 0.619147 0.729806
vt 0.647358 0.515499
vt 0.619236 0.515497
vt 0.647264 0.544588
vt 0.619141 0.544588
vt 0.826678 0.678203
vt 0.886812 0.678199
vt 0.619239 0.495132
vt 0.647362 0.495136
vt 0.647265 0.495133
vt 0.619143 0.495132
vt 0.898623 0.752327
vt 0.838488 0.752310
vt 0.728782 0.667744
vt 0.898603 0.667744
vt 0.900923 0.648240
vt 0.900923 0.743712
vt 0.699930 0.743712
vt 0.699929 0.648240
vt 0.699930 0.753762
vt 0.900923 0.753762
vt 0.662359 0.523384
vt 0.666318 0.523422
vt 0.666319 0.750322
vt 0.662359 0.750284
vt 0.626197 0.749290
vt 0.626197 0.518618
vt 0.639766 0.518618
vt 0.639766 0.749290
vt 0.857444 0.696651
vt 0.764987 0.696651
vt 0.764987 0.691626
vt 0.857444 0.691626
vt 0.679665 0.523422
vt 0.679665 0.750322
vt 0.635981 0.750247
vt 0.635980 0.523346
vt 0.649327 0.523346
vt 0.649328 0.750246
vt 0.683452 0.750360
vt 0.679492 0.750322
vt 0.679492 0.523422
vt 0.683452 0.523460
vt 0.643791 0.749329
vt 0.643791 0.518656
vt 0.627572 0.750209
vt 0.627571 0.523308
vt 0.632020 0.523308
vt 0.632021 0.750209
vt 0.657910 0.750284
vt 0.657909 0.523384
vt 0.653460 0.523384
vt 0.653460 0.750284
vt 0.624308 0.535448
vt 0.628681 0.535448
vt 0.628681 0.749720
vt 0.624308 0.749720
vt 0.662186 0.750284
vt 0.657737 0.750284
vt 0.657736 0.523384
vt 0.662185 0.523384
vt 0.687901 0.523460
vt 0.687901 0.750360
vt 0.649037 0.535483
vt 0.649037 0.749755
vt 0.643790 0.749755
vt 0.643790 0.535483
vt 0.631827 0.518967
vt 0.636350 0.518967
vt 0.636349 0.749639
vt 0.631826 0.749639
vt 0.623122 0.523308
vt 0.623122 0.750209
vt 0.640873 0.518967
vt 0.640873 0.749639
vt 0.652777 0.749789
vt 0.652777 0.535518
vt 0.648314 0.518656
vt 0.648315 0.749329
vt 0.683625 0.750360
vt 0.683625 0.523460
vt 0.656516 0.535492
vt 0.656516 0.749764
vt 0.623295 0.523308
vt 0.627744 0.523308
vt 0.627745 0.750208
vt 0.623295 0.750208
vt 0.653287 0.523384
vt 0.653287 0.750285
vt 0.692351 0.750359
vt 0.692351 0.523460
vt 0.637018 0.549368
vt 0.637018 0.750044
vt 0.633515 0.750068
vt 0.633515 0.549392
vt 0.629420 0.549392
vt 0.629420 0.750068
vt 0.657651 0.534959
vt 0.661390 0.534986
vt 0.661390 0.749258
vt 0.657650 0.749231
vt 0.633054 0.535448
vt 0.633054 0.749720
vt 0.636794 0.535483
vt 0.636793 0.749755
vt 0.632921 0.534924
vt 0.638169 0.534924
vt 0.638168 0.749196
vt 0.632921 0.749196
vt 0.625442 0.534915
vt 0.629181 0.534950
vt 0.629181 0.749221
vt 0.625442 0.749186
vt 0.653278 0.534959
vt 0.653277 0.749230
vt 0.648904 0.749230
vt 0.648905 0.534959
vt 0.627800 0.749608
vt 0.627801 0.518936
vt 0.619335 0.750177
vt 0.619335 0.523278
vt 0.619162 0.523278
vt 0.649500 0.750246
vt 0.649500 0.523346
vt 0.632287 0.518345
vt 0.635550 0.518371
vt 0.635550 0.729453
vt 0.632287 0.705302
vt 0.626832 0.749594
vt 0.626832 0.548916
vt 0.630335 0.548892
vt 0.630335 0.749570
vt 0.636153 0.750246
vt 0.636153 0.523346
vt 0.645434 0.549400
vt 0.645434 0.750077
vt 0.640520 0.750077
vt 0.640520 0.549400
vt 0.635249 0.548892
vt 0.635249 0.749570
vt 0.666145 0.523422
vt 0.666145 0.750322
vt 0.645165 0.534924
vt 0.645165 0.749196
vt 0.646349 0.548901
vt 0.646349 0.749578
vt 0.642253 0.749578
vt 0.642254 0.548901
vt 0.648937 0.750110
vt 0.648937 0.549433
vt 0.639951 0.518345
vt 0.639950 0.699450
vt 0.636264 0.749456
vt 0.636790 0.518364
vt 0.638752 0.548868
vt 0.638751 0.749546
vt 0.627979 0.705302
vt 0.627980 0.518345
vt 0.660889 0.749764
vt 0.660889 0.535492
vt 0.621069 0.749186
vt 0.621069 0.534915
vt 0.644123 0.699450
vt 0.644124 0.518345
vt 0.652838 0.518656
vt 0.656864 0.518687
vt 0.656863 0.749360
vt 0.652837 0.749329
vt 0.620568 0.749693
vt 0.620569 0.535421
vt 0.762977 0.663487
vt 0.859453 0.663487
vt 0.692524 0.750360
vt 0.688075 0.750360
vt 0.688074 0.523460
vt 0.692524 0.523460
vt 0.632194 0.750208
vt 0.632194 0.523308
vt 0.644898 0.749677
vt 0.644898 0.519006
vt 0.658467 0.519006
vt 0.658467 0.749677
vt 0.696310 0.523490
vt 0.696310 0.750389
vt 0.696484 0.523490
vt 0.696484 0.750390
usemtl Exterior_Mat
s off
f 841/1205 839/1206 843/1207 844/1208
f 845/1209 846/1210 847/1211 848/1212
f 845/1209 848/1212 840/1213 842/1214
f 849/1215 850/1216 851/1217 852/1218
f 852/1219 843/1220 848/1221 847/1222
f 844/1223 851/1224 846/1225 845/1226
f 852/1218 851/1217 844/1208 843/1207
f 839/1227 840/1228 848/1221 843/1220
f 850/1229 853/1230 846/1225 851/1224
f 853/1231 854/1232 847/1211 846/1210
f 854/1233 849/1234 852/1219 847/1222
f 844/1223 845/1226 842/1235 841/1236
f 856/1237 863/1238 864/1239 857/1240
f 860/1241 866/1242 865/1243 859/1244
f 855/1245 867/1246 868/1247 858/1248
f 862/1249 870/1250 869/1251 861/1252
f 861/1253 869/1254 866/1255 860/1256
f 858/1257 868/1258 863/1259 856/1260
f 859/1261 865/1262 870/1263 862/1264
f 857/1265 864/1266 867/1267 855/1268
f 864/1266 866/1255 869/1254 867/1267
f 863/1238 865/1243 866/1242 864/1239
f 868/1258 870/1263 865/1262 863/1259
f 900/1269 895/1270 890/1271 901/1272
f 898/1273 889/1274 902/1239 899/1275
f 875/1276 885/1277 893/1278 878/1279
f 876/1280 891/1281 886/1282 877/1283
f 881/1284 894/1285 896/1286 882/1287
f 899/1288 902/1289 895/1290 900/1291
f 885/1277 884/1282 897/1281 893/1278
f 901/1292 890/1293 889/1294 898/1295
f 879/1296 887/1297 888/1298 880/1299
f 872/1276 883/1277 892/1278 874/1279
f 877/1300 886/1301 885/1302 875/1303
f 880/1257 888/1274 894/1304 881/1260
f 873/1305 884/1306 883/1307 872/1308
f 874/1273 892/1274 897/1239 871/1275
f 871/1309 897/1281 884/1282 873/1310
f 878/1311 893/1312 891/1271 876/1313
f 893/1312 897/1239 892/1274 891/1271
f 882/1265 896/1312 887/1271 879/1268
f 891/1281 892/1278 883/1277 886/1282
f 902/1289 896/1286 894/1285 895/1290
f 895/1270 894/1304 888/1274 890/1271
f 889/1274 887/1271 896/1312 902/1239
f 890/1293 888/1298 887/1297 889/1294
f 906/1261 912/1262 918/1263 903/1264
f 909/1249 914/1314 913/1251 907/1252
f 910/1315 915/1316 916/1243 908/1317
f 903/1237 918/1238 917/1239 905/1240
f 913/1318 911/1319 917/1258 915/1263
f 904/1245 911/1246 912/1247 906/1248
f 905/1257 917/1258 911/1319 904/1275
f 907/1269 913/1318 915/1263 910/1320
f 908/1257 916/1258 914/1259 909/1260
f 916/1258 918/1263 912/1262 914/1259
f 914/1314 912/1247 911/1246 913/1251
f 867/1246 869/1251 870/1250 868/1247
f 915/1316 917/1239 918/1238 916/1243
f 886/1301 883/1307 884/1306 885/1302
f 932/1321 952/1322 1016/1323 933/1324
f 935/1325 930/1326 1117/1327 1120/1328
f 1099/1329 1087/1330 1088/1331 1089/1332
f 973/1333 979/1334 981/1335 1009/1336
f 1073/1337 972/1338 1020/1339 1054/1340
f 1060/1341 1061/1342 1055/1343 1056/1344
f 1083/1345 947/1346 974/1347 1085/1348
f 1030/1349 1032/1350 1031/1351 1033/1352
f 1064/1353 1036/1354 1037/1355 1065/1356
f 1050/1357 1034/1358 1035/1359 1062/1360
f 1064/1353 1065/1356 1052/1361 1053/1362
f 1067/1363 1012/1364 1011/1365 1066/1366
f 1035/1359 1034/1358 1037/1355 1036/1354
f 1048/1367 995/1368 994/1369 1046/1370
f 1044/1371 1018/1372 977/1373 1072/1374
f 1057/1375 1045/1376 1058/1377 1059/1378
f 993/1379 1000/1380 990/1381 991/1382
f 937/1383 950/1384 951/1385 1084/1386
f 1040/1387 965/1388 963/1389 1095/1390
f 944/1391 945/1392 936/1393 969/1394
f 1001/1395 1090/1396 1093/1397 992/1398
f 1094/1399 964/1400 966/1401 1039/1402
f 1046/1370 960/1403 931/1404 1048/1367
f 993/1379 1092/1405 1091/1406 1000/1380
f 1049/1407 997/1408 996/1409 1047/1410
f 1044/1371 1072/1374 1042/1411 1070/1412
f 1007/1413 954/1414 953/1415 1008/1416
f 978/1417 955/1418 953/1415 954/1414
f 919/1419 1053/1362 1052/1361 920/1420
f 961/1349 931/1404 960/1403 962/1352
f 999/1421 998/1422 1001/1395 992/1398
f 1010/1407 1013/1408 1069/1409 1068/1410
f 951/1385 948/1423 946/1424 1084/1386
f 1020/1339 972/1338 977/1373 1018/1372
f 944/1391 1089/1332 1088/1331 945/1392
f 981/1335 955/1418 978/1417 1009/1336
f 971/1425 970/1426 1014/1427 1023/1428
f 1057/1375 976/1429 1019/1430 1045/1376
f 1013/1408 1030/1349 1033/1352 1069/1409
f 1071/1431 1043/1432 1073/1337 1054/1340
f 1055/1343 1021/1433 975/1434 1056/1344
f 1083/1345 1085/1348 949/1435 1082/1436
f 975/1434 1021/1433 1019/1430 976/1429
f 1016/1323 952/1322 1017/1437 1015/1438
f 1017/1437 1101/1439 1086/1440 1015/1438
f 1014/1427 1087/1330 1099/1329 1023/1428
f 1024/1441 1022/1442 943/1443 1025/1444
f 946/1424 948/1423 974/1347 947/1346
f 922/1445 998/1422 999/1421 923/1446
f 1086/1440 1101/1439 1100/1447 1098/1448
f 966/1401 964/1400 963/1389 965/1388
f 968/1449 941/1450 1074/1451 1075/1452
f 1093/1397 1090/1396 1091/1406 1092/1405
f 997/1408 961/1349 962/1352 996/1409
f 1024/1441 1098/1448 1100/1447 1022/1442
f 968/1449 1003/1453 1002/1454 941/1450
f 1066/1366 1031/1351 1032/1350 1067/1363
f 1063/1455 1051/1456 1050/1357 1062/1360
f 1007/1413 1008/1416 1006/1457 980/1458
f 1040/1387 1095/1390 1041/1459 1096/1460
f 1097/1461 1038/1462 1094/1399 1039/1402
f 939/1463 940/1464 1076/1465 1077/1466
f 1005/1467 1004/1468 1002/1454 1003/1453
f 1076/1465 1004/1468 1005/1467 1077/1466
f 987/1469 1027/1470 1026/1471 1028/1472
f 988/1473 986/1474 1029/1475 984/1476
f 1078/1477 982/1478 1080/1479 1081/1480
f 987/1469 1104/1481 1106/1482 1027/1470
f 985/1483 989/1484 1079/1485 983/1486
f 1102/1487 1107/1488 1106/1482 1104/1481
f 1109/1489 1108/1490 1103/1491 1105/1492
f 1080/1479 1108/1490 1109/1489 1081/1480
f 1079/1485 1107/1488 1102/1487 983/1486
f 988/1473 1105/1492 1103/1491 986/1474
f 1114/1493 1121/1494 1111/1495 1110/1496
f 1121/1494 1114/1493 1126/1497 1130/1498
f 1118/1499 1125/1500 1122/1501 1115/1502
f 1112/1503 1113/1504 1119/1505 1116/1506
f 1120/1328 1117/1327 1123/1507 1124/1508
f 1116/1506 1119/1505 1129/1509 1127/1510
f 1127/1510 1129/1509 1130/1498 1126/1497
f 1132/1511 1131/1512 1133/1513 1128/1514
f 1125/1500 1118/1499 1128/1514 1133/1513
f 1124/1508 1123/1507 1131/1512 1132/1511
f 1137/1515 1134/1516 1135/1517 1139/1518
f 1139/1518 1151/1519 1150/1520 1137/1515
f 1138/1521 1141/1522 1140/1523 1136/1524
f 1142/1525 1144/1526 1147/1527 1149/1528
f 1143/1529 1146/1530 1145/1531 1148/1532
f 967/1533 1147/1527 1144/1526 956/1534
f 1153/1535 1150/1520 1151/1519 1152/1536
f 1156/1537 1154/1538 1157/1539 1155/1540
f 1141/1522 1153/1535 1152/1536 1140/1523
f 1149/1528 1157/1539 1154/1538 1142/1525
f 1146/1530 1156/1537 1155/1540 1145/1531
f 1260/1541 1259/1542 1167/1543 1169/1544
f 1233/1545 1232/1546 1163/1547 1162/1548
f 1252/1549 1251/1550 1182/1551 1174/1552
f 1235/1553 1170/1554 1172/1555 1236/1556
f 1256/1557 1171/1558 1173/1559 1255/1560
f 1240/1561 1239/1562 1188/1563 1180/1564
f 1193/1565 1200/1566 1201/1567 1192/1568
f 1171/1558 1205/1569 1208/1570 1173/1559
f 1167/1543 1206/1571 1207/1572 1169/1544
f 1187/1573 1209/1574 1212/1575 1179/1576
f 1181/1577 1210/1578 1211/1579 1189/1580
f 1188/1563 1216/1581 1213/1582 1180/1564
f 1178/1583 1214/1584 1215/1585 1186/1586
f 1170/1554 1220/1587 1218/1588 1172/1555
f 1168/1589 1219/1590 1217/1591 1166/1592
f 1198/1593 1190/1594 1221/1595 1222/1596
f 1197/1597 1203/1598 1228/1599 1227/1600
f 1168/1589 1166/1592 1229/1601 1230/1602
f 1159/1603 1237/1604 1238/1605 1158/1606
f 1175/1607 1183/1608 1241/1609 1242/1610
f 1178/1583 1186/1586 1243/1611 1244/1612
f 1181/1577 1189/1580 1253/1613 1254/1614
f 1161/1615 1258/1604 1257/1605 1160/1616
f 1261/1617 1096/1460 1041/1459 958/1618
f 1262/1619 1038/1462 1097/1461 959/1620
f 942/1621 1143/1529 1148/1532 1226/1622
f 1229/1601 1061/1342 1060/1341 1230/1602
f 1223/1623 927/1624 1113/1504 1112/1503
f 921/1625 1135/1517 1134/1516 1194/1626
f 1258/1604 1010/1407 1068/1410 1257/1605
f 1253/1613 950/1384 937/1383 1254/1614
f 1228/1599 982/1478 1078/1477 1227/1600
f 1255/1560 1011/1365 1012/1364 1256/1557
f 1260/1541 991/1382 990/1381 1259/1542
f 1252/1549 1082/1436 949/1435 1251/1550
f 1236/1556 994/1369 995/1368 1235/1553
f 1247/1627 1025/1444 943/1443 928/1628
f 1237/1604 1049/1407 1047/1410 1238/1605
f 1246/1629 969/1394 936/1393 1245/1630
f 1243/1611 970/1426 971/1425 1244/1612
f 957/1631 979/1334 973/1333 1248/1632
f 929/1633 1043/1432 1071/1431 1234/1634
f 1250/1635 1051/1456 1063/1455 925/1636
f 1231/1637 1059/1378 1058/1377 926/1638
f 1249/1639 980/1458 1006/1457 934/1640
f 1233/1545 1070/1412 1042/1411 1232/1546
f 1241/1609 940/1464 939/1463 1242/1610
f 1240/1561 1075/1452 1074/1451 1239/1562
f 1196/1641 984/1476 1029/1475 1202/1642
f 1221/1595 989/1484 985/1483 1222/1596
f 1201/1567 1028/1472 1026/1471 1192/1568
f 938/1643 1224/1644 1115/1502 1122/1501
f 1200/1566 1193/1565 1110/1496 1111/1495
f 924/1645 1138/1521 1136/1524 1225/1646
f 1194/1626 1196/1641 1202/1642 921/1625
f 919/1419 920/1420 1187/1573 1179/1576
f 1247/1627 928/1628 1184/1647 1176/1648
f 1224/1644 938/1643 927/1624 1223/1623
f 1191/1649 1199/1650 930/1326 935/1325
f 956/1534 924/1645 1225/1646 967/1533
f 1195/1651 942/1621 1226/1622 1204/1652
f 1231/1637 926/1638 929/1633 1234/1634
f 1246/1629 1245/1630 932/1321 933/1324
f 1177/1653 1185/1654 957/1631 1248/1632
f 1249/1639 934/1640 1250/1635 925/1636
f 1261/1617 958/1618 922/1445 923/1446
f 1165/1655 1164/1656 1262/1619 959/1620
f 1267/1657 1263/1658 1265/1659 1266/1660
f 1268/1661 1265/1659 1263/1658 1264/1662
f 1305/1663 1360/1664 1366/1665 1299/1666
f 1379/1667 1346/1668 1378/1669 1373/1670
f 1296/1671 1295/1672 1315/1673 1317/1674
f 1366/1665 1360/1664 1269/1675 1351/1676
f 1356/1677 1374/1678 1359/1679 1365/1680
f 1358/1681 1329/1682 1405/1683 1352/1684
f 1273/1685 1373/1670 1378/1669 1274/1686
f 1301/1687 1306/1688 1353/1689 1350/1690
f 1299/1666 1330/1691 1345/1692 1305/1663
f 1337/1693 1345/1692 1330/1691 1278/1694
f 1288/1695 1334/1696 1332/1697 1290/1698
f 1313/1699 1340/1700 1343/1701 1344/1702
f 1352/1684 1341/1703 1327/1704 1358/1681
f 1391/1705 1393/1706 1383/1707 1386/1708
f 1275/1709 1304/1710 1297/1711 1270/1712
f 1276/1713 1306/1688 1301/1687 1272/1714
f 1297/1711 1304/1710 1279/1715 1282/1716
f 1375/1717 1393/1706 1391/1705 1370/1718
f 1273/1685 1274/1686 1309/1719 1302/1720
f 1355/1721 1351/1676 1269/1675 1354/1722
f 1353/1689 1374/1678 1356/1677 1350/1690
f 1326/1723 1325/1724 1375/1717 1370/1718
f 1285/1725 1339/1726 1335/1727 1284/1728
f 1308/1729 1343/1701 1340/1700 1300/1730
f 1283/1731 1327/1704 1341/1703 1286/1732
f 1380/1733 1361/1734 1292/1735 1322/1736
f 1312/1737 1322/1736 1292/1735 1319/1738
f 1287/1739 1419/1740 1420/1741 1289/1742
f 1382/1743 1381/1744 1332/1697 1334/1696
f 1382/1743 1403/1745 1401/1746 1381/1744
f 1390/1747 1385/1748 1384/1749 1389/1750
f 1328/1751 1364/1752 1363/1753 1338/1754
f 1331/1755 1333/1756 1349/1757 1372/1758
f 1386/1708 1383/1707 1401/1746 1403/1745
f 1270/1712 1422/1759 1423/1760 1275/1709
f 1284/1728 1417/1761 1418/1762 1285/1725
f 1272/1714 1412/1594 1410/1763 1276/1713
f 1278/1694 1399/1764 1407/1765 1337/1693
f 1289/1742 1333/1756 1331/1755 1287/1739
f 1320/1766 1371/1767 1321/1768 1315/1769
f 1321/1770 1371/1771 1392/1772 1394/1773
f 1399/1764 1406/1774 1408/1775 1407/1765
f 1388/1776 1303/1777 1387/1778 1397/1779
f 1392/1772 1395/1780 1396/1781 1394/1773
f 1344/1702 1404/1782 1402/1783 1313/1699
f 1400/1784 1398/1785 1384/1749 1385/1748
f 1404/1782 1405/1683 1329/1682 1402/1783
f 1380/1733 1397/1779 1387/1778 1361/1734
f 1311/1786 1310/1787 1314/1788 1318/1789
f 1291/1790 1303/1777 1388/1776 1362/1791
f 1316/1792 1317/1793 1291/1794 1362/1795
f 1376/1796 1377/1797 1396/1781 1395/1780
f 1295/1798 1294/1799 1320/1766 1315/1769
f 1376/1796 1318/1789 1314/1788 1377/1797
f 1336/1800 1325/1724 1326/1723 1342/1801
f 1349/1757 1398/1785 1400/1784 1372/1758
f 1324/1802 1323/1803 1328/1751 1338/1754
f 1296/1804 1317/1793 1316/1792 1293/1805
f 1363/1753 1364/1752 1390/1747 1389/1750
f 1280/1806 1411/1807 1409/1808 1281/1809
f 1290/1698 1415/1810 1413/1811 1288/1695
f 1315/1673 1321/1812 1291/1813 1317/1674
f 1281/1809 1302/1720 1309/1719 1280/1806
f 1271/1814 1298/1815 1307/1816 1277/1817
f 1355/1721 1354/1722 1307/1816 1298/1815
f 1348/1818 1335/1727 1339/1726 1357/1819
f 1368/1820 1369/1821 1347/1822 1367/1823
f 1300/1730 1365/1680 1359/1679 1308/1729
f 1279/1715 1369/1821 1368/1820 1282/1716
f 1357/1819 1408/1775 1406/1774 1348/1818
f 1286/1732 1416/1824 1414/1825 1283/1731
f 1277/1817 1421/1826 1424/1827 1271/1814
o Interior_DoorFrames
v 1.200000 3.339999 0.000000
v 1.200000 4.259999 0.000000
v 1.200000 4.250000 0.009996
v 1.200000 3.350000 0.009996
v 1.150000 4.250001 0.010000
v 1.200000 4.250000 2.109999
v 1.150000 4.250001 2.109999
v 1.150000 3.350000 0.009996
v 1.150000 3.350000 2.109999
v 1.200000 3.350000 2.109999
v 1.200000 4.259999 2.120001
v 1.200000 3.339999 2.120001
v 8.350000 6.690000 0.010000
v 8.350000 6.690000 2.109999
v 8.349999 5.789998 0.009996
v 8.349999 5.789998 2.109999
v 8.350000 6.679999 0.020002
v 8.349999 5.799998 0.020000
v 8.349999 5.799998 2.099999
v 8.299999 5.799998 2.099999
v 8.299999 6.679999 2.099999
v 8.350000 6.679999 2.099999
v 8.299999 6.699998 0.000000
v 8.299999 5.779998 0.000000
v 8.299999 5.799998 0.020000
v 8.299999 6.679999 0.020000
v 8.299999 5.779998 2.120001
v 8.299999 6.699998 2.120001
v 6.840000 2.600001 0.000000
v 7.760000 2.599999 0.000000
v 7.750001 2.599999 0.009996
v 6.850000 2.600001 0.009996
v 7.750001 2.650001 0.010000
v 7.750001 2.599999 2.109999
v 7.750001 2.650001 2.109999
v 6.850000 2.650001 0.009996
v 6.850000 2.650001 2.109999
v 6.850000 2.600001 2.109999
v 7.740001 2.650001 0.020002
v 6.860000 2.650001 0.020000
v 6.860000 2.650001 2.099999
v 6.860000 2.700002 2.099999
v 7.740001 2.700002 2.099999
v 7.740001 2.650001 2.099999
v 7.760000 2.700002 0.000000
v 6.840000 2.700002 0.000000
v 6.860000 2.700002 0.020000
v 7.740001 2.700002 0.020000
v 6.840000 2.700002 2.120001
v 7.760000 2.599999 2.120001
v 7.760000 2.700002 2.120001
v 6.840000 2.600001 2.120001
v 6.299999 5.779999 0.000000
v 6.300001 6.699999 0.000000
v 6.300001 6.690001 0.009996
v 6.299999 5.789999 0.009996
v 6.250000 6.690001 0.010000
v 6.300001 6.690001 2.109999
v 6.250000 6.690001 2.109999
v 6.250000 5.789999 0.009996
v 6.250000 5.789999 2.109999
v 6.299999 5.789999 2.109999
v 6.250000 6.680001 0.020002
v 6.250000 5.800000 0.020000
v 6.250000 5.800000 2.099999
v 6.199998 5.800000 2.099999
v 6.199998 6.680001 2.099999
v 6.250000 6.680001 2.099999
v 6.199998 6.699999 0.000000
v 6.199998 5.779999 0.000000
v 6.199998 5.800000 0.020000
v 6.199998 6.680001 0.020000
v 6.199998 5.779999 2.120001
v 6.300001 6.699999 2.120001
v 6.199998 6.699999 2.120001
v 6.299999 5.779999 2.120001
vt 0.965737 0.624524
vt 0.965737 0.386938
vt 0.969812 0.389481
vt 0.969838 0.620421
vt 0.944088 0.281610
vt 0.955210 0.281606
vt 0.955315 0.748731
vt 0.944193 0.748733
vt 0.972160 0.275580
vt 0.983313 0.275577
vt 0.983416 0.743992
vt 0.972264 0.743995
vt 0.961303 0.621922
vt 0.948483 0.621924
vt 0.948456 0.391158
vt 0.961277 0.391157
vt 0.982642 0.389480
vt 0.982668 0.620419
vt 0.963611 0.273418
vt 0.963611 0.751055
vt 0.965402 0.387086
vt 0.965402 0.624524
vt 0.963946 0.752314
vt 0.963946 0.273418
vt 0.945101 0.621842
vt 0.945208 0.386236
vt 0.949249 0.388819
vt 0.949170 0.617779
vt 0.986011 0.617786
vt 0.973002 0.617786
vt 0.973002 0.388828
vt 0.986011 0.388828
vt 0.990078 0.384762
vt 0.990053 0.620368
vt 0.967464 0.383622
vt 0.967381 0.622990
vt 0.962179 0.617784
vt 0.962258 0.388823
vt 0.971515 0.294837
vt 0.982326 0.294836
vt 0.982387 0.744525
vt 0.971577 0.744526
vt 0.971586 0.296254
vt 0.982363 0.296252
vt 0.971649 0.744550
vt 0.990312 0.286849
vt 0.990273 0.746622
vt 0.990388 0.288353
vt 0.990388 0.748941
vt 0.967798 0.622990
vt 0.967798 0.383625
vt 0.963591 0.752514
vt 0.963591 0.290563
vt 0.963586 0.752410
vt 0.963624 0.294000
vt 0.947817 0.604569
vt 0.947952 0.364295
vt 0.952072 0.366870
vt 0.951967 0.600421
vt 0.971245 0.282934
vt 0.982267 0.282934
vt 0.982226 0.745833
vt 0.971206 0.745832
vt 0.952591 0.289842
vt 0.963606 0.289842
vt 0.952554 0.752479
vt 0.982560 0.603008
vt 0.969589 0.603010
vt 0.969562 0.369536
vt 0.982533 0.369535
vt 0.964942 0.600427
vt 0.965048 0.366875
vt 0.969053 0.369435
vt 0.968975 0.596399
vt 0.965583 0.600451
vt 0.952692 0.600454
vt 0.952641 0.373568
vt 0.965532 0.373565
vt 0.987110 0.364284
vt 0.987028 0.601564
vt 0.981871 0.596403
vt 0.981949 0.369440
vt 0.952321 0.290976
vt 0.963204 0.290975
vt 0.963266 0.743720
vt 0.952383 0.743722
vt 0.971641 0.292117
vt 0.982518 0.292116
vt 0.982581 0.744546
vt 0.971706 0.744547
vt 0.990618 0.284143
vt 0.990618 0.748978
vt 0.990595 0.274822
vt 0.990447 0.748139
vt 0.947536 0.605612
vt 0.947483 0.368412
vt 0.944343 0.751764
vt 0.944343 0.286673
vt 0.986706 0.365416
vt 0.986707 0.605643
vt 0.944336 0.760694
vt 0.944479 0.287704
vt 0.947949 0.604688
vt 0.948083 0.364414
vt 0.952203 0.366988
vt 0.952099 0.600541
vt 0.971563 0.282630
vt 0.982584 0.282632
vt 0.982462 0.745529
vt 0.971441 0.745526
vt 0.952543 0.752479
vt 0.982622 0.603127
vt 0.969652 0.603129
vt 0.969624 0.369656
vt 0.982595 0.369655
vt 0.965074 0.600546
vt 0.965179 0.366994
vt 0.969185 0.369554
vt 0.969106 0.596518
vt 0.965646 0.600571
vt 0.952754 0.600574
vt 0.952703 0.373688
vt 0.965595 0.373685
vt 0.987241 0.364403
vt 0.987159 0.601681
vt 0.982002 0.596522
vt 0.982081 0.369558
vt 0.952637 0.290669
vt 0.963521 0.290670
vt 0.963501 0.743413
vt 0.952618 0.743412
vt 0.990913 0.274522
vt 0.990682 0.747836
vt 0.947598 0.605732
vt 0.947545 0.368532
vt 0.944576 0.751453
vt 0.944660 0.286364
vt 0.986769 0.365537
vt 0.986769 0.605762
usemtl Interior_Mat
s off
f 1425/1828 1426/1829 1427/1830 1428/1831
f 1429/1832 1427/1833 1430/1834 1431/1835
f 1428/1836 1432/1837 1433/1838 1434/1839
f 1434/1840 1433/1841 1431/1842 1430/1843
f 1429/1844 1432/1845 1428/1831 1427/1830
f 1430/1834 1427/1833 1426/1846 1435/1847
f 1434/1840 1430/1843 1435/1848 1436/1849
f 1436/1850 1425/1851 1428/1836 1434/1839
f 1439/1852 1437/1853 1441/1854 1442/1855
f 1443/1856 1444/1857 1445/1858 1446/1859
f 1443/1856 1446/1859 1438/1860 1440/1861
f 1447/1862 1448/1863 1449/1864 1450/1865
f 1450/1866 1441/1867 1446/1868 1445/1869
f 1442/1870 1449/1871 1444/1868 1443/1872
f 1450/1865 1449/1864 1442/1855 1441/1854
f 1437/1873 1438/1874 1446/1868 1441/1867
f 1448/1875 1451/1876 1444/1868 1449/1871
f 1451/1877 1452/1878 1445/1858 1444/1857
f 1452/1879 1447/1880 1450/1866 1445/1869
f 1442/1870 1443/1872 1440/1881 1439/1882
f 1453/1883 1454/1884 1455/1885 1456/1886
f 1457/1887 1455/1888 1458/1889 1459/1890
f 1456/1891 1460/1892 1461/1879 1462/1893
f 1462/1894 1461/1895 1459/1896 1458/1897
f 1460/1898 1457/1899 1463/1900 1464/1901
f 1465/1902 1466/1903 1467/1904 1468/1905
f 1465/1902 1468/1905 1459/1896 1461/1895
f 1469/1906 1470/1907 1471/1908 1472/1909
f 1472/1910 1463/1911 1468/1912 1467/1913
f 1464/1914 1471/1915 1466/1916 1465/1917
f 1472/1909 1471/1908 1464/1901 1463/1900
f 1457/1899 1460/1898 1456/1886 1455/1885
f 1457/1887 1459/1890 1468/1912 1463/1911
f 1470/1918 1473/1919 1466/1916 1471/1915
f 1458/1889 1455/1888 1454/1920 1474/1921
f 1473/1922 1475/1923 1467/1904 1466/1903
f 1475/1924 1469/1925 1472/1910 1467/1913
f 1462/1894 1458/1897 1474/1926 1476/1927
f 1476/1928 1453/1929 1456/1891 1462/1893
f 1464/1914 1465/1917 1461/1879 1460/1892
f 1477/1930 1478/1931 1479/1932 1480/1933
f 1481/1934 1479/1935 1482/1936 1483/1937
f 1480/1891 1484/1892 1485/1879 1486/1938
f 1486/1939 1485/1940 1483/1941 1482/1942
f 1484/1943 1481/1944 1487/1945 1488/1946
f 1489/1947 1490/1948 1491/1949 1492/1950
f 1489/1947 1492/1950 1483/1941 1485/1940
f 1493/1951 1494/1952 1495/1953 1496/1954
f 1496/1955 1487/1956 1492/1957 1491/1958
f 1488/1914 1495/1915 1490/1916 1489/1917
f 1496/1954 1495/1953 1488/1946 1487/1945
f 1481/1944 1484/1943 1480/1933 1479/1932
f 1481/1934 1483/1937 1492/1957 1487/1956
f 1494/1918 1497/1919 1490/1916 1495/1915
f 1482/1936 1479/1935 1478/1959 1498/1960
f 1497/1961 1499/1962 1491/1949 1490/1948
f 1499/1963 1493/1964 1496/1955 1491/1958
f 1486/1939 1482/1942 1498/1965 1500/1966
f 1500/1928 1477/1929 1480/1891 1486/1938
f 1488/1914 1489/1917 1485/1879 1484/1892
