# Blender v2.71 (sub 0) OBJ File: 'Design42.blend'
# www.blender.org
mtllib Design42.mtl
o Clock_Surface
v -2.225000 1.353600 16.870001
v -2.225000 1.327591 17.134075
v -2.225000 1.250563 17.388000
v -2.224999 1.125477 17.622021
v -2.224999 0.957140 17.827141
v -2.224999 0.752020 17.995478
v -2.224999 0.518000 18.120564
v -2.224999 0.264074 18.197592
v -2.224999 0.000000 18.223600
v -2.224999 -0.264074 18.197592
v -2.224999 -0.518000 18.120564
v -2.224999 -0.752020 17.995478
v -2.224999 -0.957140 17.827141
v -2.224999 -1.125477 17.622021
v -2.225000 -1.250564 17.388000
v -2.225000 -1.327591 17.134075
v -2.225000 -1.353600 16.870001
v -2.225000 -1.327591 16.605927
v -2.225000 -1.250563 16.351999
v -2.225000 -1.125477 16.117981
v -2.225001 -0.957139 15.912861
v -2.225001 -0.752019 15.744523
v -2.225001 -0.517999 15.619437
v -2.225001 -0.264073 15.542410
v -2.225001 0.000001 15.516401
v -2.225001 0.264076 15.542410
v -2.225001 0.518002 15.619438
v -2.225001 0.752021 15.744524
v -2.225001 0.957141 15.912863
v -2.225000 1.125478 16.117983
v -2.225000 1.250564 16.352003
v -2.225000 1.327591 16.605928
v -2.225000 0.000000 16.870003
v 2.225000 0.000002 16.870003
v 2.225002 -1.327588 16.605928
v 2.225002 -1.250561 16.352003
v 2.225002 -1.125475 16.117983
v 2.225002 -0.957138 15.912863
v 2.225002 -0.752018 15.744524
v 2.225001 -0.517999 15.619438
v 2.225001 -0.264073 15.542410
v 2.225001 0.000002 15.516401
v 2.225001 0.264076 15.542410
v 2.225000 0.518002 15.619437
v 2.225000 0.752022 15.744523
v 2.224999 0.957142 15.912861
v 2.224999 1.125480 16.117981
v 2.224999 1.250566 16.351999
v 2.224999 1.327594 16.605927
v 2.224998 1.353603 16.870001
v 2.224998 1.327594 17.134075
v 2.224998 1.250566 17.388000
v 2.224998 1.125480 17.622021
v 2.224998 0.957143 17.827141
v 2.224998 0.752023 17.995478
v 2.224999 0.518003 18.120564
v 2.224999 0.264077 18.197592
v 2.224999 0.000003 18.223600
v 2.224999 -0.264071 18.197592
v 2.225000 -0.517997 18.120564
v 2.225000 -0.752017 17.995478
v 2.225001 -0.957137 17.827141
v 2.225001 -1.125474 17.622021
v 2.225001 -1.250560 17.388000
v 2.225001 -1.327588 17.134075
v 2.225002 -1.353597 16.870001
vt 0.828279 0.843285
vt 0.809671 0.830852
vt 0.882094 0.742603
vt 0.995703 0.753793
vt 0.991337 0.775742
vt 0.828280 0.641923
vt 0.848956 0.633359
vt 0.982774 0.796417
vt 0.793846 0.815027
vt 0.781413 0.796418
vt 0.870905 0.628994
vt 0.893284 0.628994
vt 0.970341 0.815025
vt 0.954516 0.830849
vt 0.772848 0.775742
vt 0.768483 0.753792
vt 0.915233 0.633360
vt 0.935909 0.641925
vt 0.935909 0.843283
vt 0.915233 0.851847
vt 0.768483 0.731412
vt 0.772850 0.709463
vt 0.954516 0.654358
vt 0.970340 0.670183
vt 0.893284 0.856214
vt 0.870905 0.856214
vt 0.982774 0.688790
vt 0.991337 0.709466
vt 0.781414 0.688788
vt 0.793847 0.670180
vt 0.848955 0.851848
vt 0.995703 0.731415
vt 0.809672 0.654356
usemtl Exterior_Mat
s off
f 24/1 23/2 33/3
f 2/4 1/5 33/3
f 13/6 12/7 33/3
f 1/5 32/8 33/3
f 22/9 21/10 33/3
f 11/11 10/12 33/3
f 31/13 30/14 33/3
f 20/15 19/16 33/3
f 9/17 8/18 33/3
f 29/19 28/20 33/3
f 18/21 17/22 33/3
f 7/23 6/24 33/3
f 27/25 26/26 33/3
f 5/27 4/28 33/3
f 16/29 15/30 33/3
f 25/31 24/1 33/3
f 3/32 2/4 33/3
f 14/33 13/6 33/3
f 23/2 22/9 33/3
f 12/7 11/11 33/3
f 32/8 31/13 33/3
f 21/10 20/15 33/3
f 10/12 9/17 33/3
f 30/14 29/19 33/3
f 19/16 18/21 33/3
f 8/18 7/23 33/3
f 28/20 27/25 33/3
f 6/24 5/27 33/3
f 17/22 16/29 33/3
f 26/26 25/31 33/3
f 4/28 3/32 33/3
f 15/30 14/33 33/3
f 63/28 64/32 34/3
f 41/26 42/31 34/3
f 50/22 51/29 34/3
f 52/30 53/33 34/3
f 39/20 40/25 34/3
f 59/18 60/23 34/3
f 48/16 49/21 34/3
f 61/24 62/27 34/3
f 57/12 58/17 34/3
f 35/8 36/13 34/3
f 37/14 38/19 34/3
f 46/10 47/15 34/3
f 44/2 45/9 34/3
f 53/33 54/6 34/3
f 64/32 65/4 34/3
f 55/7 56/11 34/3
f 62/27 63/28 34/3
f 49/21 50/22 34/3
f 40/25 41/26 34/3
f 58/17 59/18 34/3
f 42/31 43/1 34/3
f 51/29 52/30 34/3
f 38/19 39/20 34/3
f 56/11 57/12 34/3
f 47/15 48/16 34/3
f 54/6 55/7 34/3
f 60/23 61/24 34/3
f 66/5 35/8 34/3
f 43/1 44/2 34/3
f 36/13 37/14 34/3
f 65/4 66/5 34/3
f 45/9 46/10 34/3
o WindowFrames
v -2.150000 0.210004 3.949991
v -2.150000 0.210004 4.969980
v -2.150000 -0.210003 4.969980
v -2.150000 -0.210003 3.949982
v -2.050000 -0.200003 3.959991
v -2.050000 0.200003 3.959991
v -2.150000 0.200003 3.959991
v -2.150000 -0.200002 3.959991
v -2.150000 -0.200002 4.959988
v -2.050000 0.200003 4.959988
v -2.050000 -0.200003 4.959988
v -2.150000 0.200003 4.959988
v -2.150000 0.210004 9.549994
v -2.150000 0.210004 10.569983
v -2.150000 -0.210003 10.569983
v -2.150000 -0.210003 9.549985
v -2.050000 -0.200003 9.559994
v -2.050000 0.200003 9.559994
v -2.150000 0.200003 9.559994
v -2.150000 -0.200002 9.559994
v -2.150000 -0.200002 10.559992
v -2.050000 0.200003 10.559992
v -2.050000 -0.200003 10.559992
v -2.150000 0.200003 10.559992
vt 0.678013 0.944974
vt 0.575421 0.944974
vt 0.575421 0.919326
vt 0.678013 0.919326
vt 0.572856 0.916762
vt 0.680578 0.916759
vt 0.430751 0.915528
vt 0.688716 0.915594
vt 0.686233 0.920018
vt 0.435212 0.919987
vt 0.470619 0.960668
vt 0.573212 0.960668
vt 0.573211 0.986316
vt 0.470619 0.986316
vt 0.437073 0.959610
vt 0.688038 0.959644
vt 0.688034 0.984741
vt 0.437069 0.984707
vt 0.692453 0.989233
vt 0.434513 0.989164
vt 0.575776 0.988878
vt 0.468054 0.988878
vt 0.686230 0.945121
vt 0.435208 0.945089
vt 0.544449 0.944975
vt 0.441857 0.944974
vt 0.441857 0.919326
vt 0.544449 0.919327
vt 0.439292 0.916761
vt 0.547014 0.916760
vt 0.430489 0.915264
vt 0.688455 0.915457
vt 0.685971 0.919880
vt 0.434947 0.919725
vt 0.568140 0.961654
vt 0.670733 0.961655
vt 0.670732 0.987302
vt 0.568140 0.987302
vt 0.437078 0.959791
vt 0.688043 0.959823
vt 0.688039 0.984920
vt 0.437075 0.984888
vt 0.692458 0.989412
vt 0.434519 0.989345
vt 0.673297 0.989865
vt 0.565575 0.989865
vt 0.685955 0.944982
vt 0.434933 0.944828
usemtl Exterior_Mat
s off
f 71/34 72/35 73/36 74/37
f 67/38 70/39 74/37 73/36
f 70/40 69/41 75/42 74/43
f 76/44 77/45 75/46 78/47
f 72/48 76/49 78/50 73/51
f 68/52 67/53 73/51 78/50
f 78/47 75/46 69/54 68/55
f 74/43 75/42 77/56 71/57
f 83/58 84/59 85/60 86/61
f 79/62 82/63 86/61 85/60
f 82/64 81/65 87/66 86/67
f 88/68 89/69 87/70 90/71
f 84/72 88/73 90/74 85/75
f 80/76 79/77 85/75 90/74
f 90/71 87/70 81/78 80/79
f 86/67 87/66 89/80 83/81
o Windows
v -2.054995 0.015001 4.909993
v -2.054993 0.150005 4.909993
v -2.090001 -0.009999 4.914993
v -2.084996 -0.014998 4.909993
v -2.084996 -0.149997 4.909993
v -2.090001 -0.154996 4.914993
v -2.089999 0.200007 3.960000
v -2.090001 0.000000 3.960002
v -2.054998 0.150002 4.009995
v -2.054995 0.014999 4.009995
v -2.090001 -0.199999 4.960001
v -2.090001 0.000000 4.960001
v -2.089999 0.155003 4.636649
v -2.090001 0.010000 4.636649
v -2.084996 0.015002 4.641649
v -2.084994 0.150006 4.641646
v -2.054995 -0.149998 4.611646
v -2.054995 -0.014999 4.611650
v -2.089999 0.200007 4.293324
v -2.089999 0.155003 4.004994
v -2.084997 0.150004 4.009995
v -2.084994 0.150004 4.278318
v -2.089999 0.155003 4.283321
v -2.054995 0.150004 4.611646
v -2.054995 0.150004 4.308318
v -2.090001 0.009999 4.914993
v -2.084996 0.015002 4.909993
v -2.054995 -0.014999 4.641649
v -2.054995 -0.149998 4.641646
v -2.090001 -0.199999 4.626652
v -2.090001 -0.199999 4.293324
v -2.054995 -0.149998 4.278318
v -2.054995 -0.014999 4.278321
v -2.054997 0.015001 4.611650
v -2.054995 0.015000 4.278321
v -2.054995 0.150002 4.278318
v -2.090001 -0.009999 4.636649
v -2.090001 -0.154997 4.636649
v -2.084996 -0.149998 4.641649
v -2.084996 -0.014998 4.641652
v -2.054993 0.150005 4.641646
v -2.054995 0.015001 4.641649
v -2.054995 -0.149998 4.308318
v -2.084994 0.150005 4.611646
v -2.084996 0.015002 4.611650
v -2.090001 0.010000 4.616649
v -2.089999 0.155003 4.616649
v -2.084996 -0.014998 4.611652
v -2.084996 -0.149998 4.611649
v -2.090001 -0.154997 4.616649
v -2.090001 -0.009999 4.616649
v -2.054997 0.015001 4.308321
v -2.090001 0.009999 4.004994
v -2.090001 0.010000 4.283324
v -2.084996 0.015001 4.278323
v -2.084996 0.015000 4.009995
v -2.084996 -0.014998 4.278322
v -2.084996 -0.149998 4.278318
v -2.090001 -0.154997 4.283321
v -2.090001 -0.009999 4.283322
v -2.084996 -0.149998 4.308319
v -2.090001 -0.154997 4.303321
v -2.089999 0.200007 4.626652
v -2.090001 0.000001 4.626649
v -2.089999 0.155003 4.303321
v -2.090001 0.010000 4.303321
v -2.084996 0.015002 4.308321
v -2.084994 0.150005 4.308318
v -2.084996 -0.014998 4.009995
v -2.090001 -0.009999 4.004994
v -2.054995 -0.014998 4.909993
v -2.054995 -0.149997 4.909993
v -2.084996 -0.149998 4.009995
v -2.090001 -0.154998 4.004994
v -2.054995 -0.014999 4.308321
v -2.084996 -0.014998 4.308322
v -2.090001 -0.009999 4.303321
v -2.054995 -0.014999 4.009995
v -2.054995 -0.149998 4.009995
v -2.090001 -0.200000 3.960002
v -2.084994 0.150006 4.909993
v -2.089999 0.155003 4.914993
v -2.090001 0.000001 4.293322
v -2.089999 0.200007 4.960001
v -2.069997 0.014999 4.009995
v -2.069997 0.014999 4.278320
v -2.069997 0.150000 4.278320
v -2.069997 0.150000 4.009995
v -2.069997 0.014999 4.308321
v -2.069997 0.014999 4.611650
v -2.069997 0.150000 4.611650
v -2.069997 0.150000 4.308321
v -2.069997 0.014999 4.641651
v -2.069997 0.014999 4.909990
v -2.069997 0.150000 4.909990
v -2.069997 0.150000 4.641651
v -2.069997 -0.014997 4.009995
v -2.069997 -0.150000 4.009995
v -2.069997 -0.150000 4.278320
v -2.069997 -0.014997 4.278320
v -2.069997 -0.014997 4.308321
v -2.069997 -0.150000 4.308318
v -2.069997 -0.150000 4.611648
v -2.069997 -0.014997 4.611651
v -2.069997 -0.014997 4.641651
v -2.069997 -0.150000 4.641648
v -2.069997 -0.150000 4.909989
v -2.069997 -0.014997 4.909992
v -2.054995 0.015001 10.509996
v -2.054993 0.150005 10.509996
v -2.090001 -0.009999 10.514997
v -2.084996 -0.014998 10.509996
v -2.084996 -0.149997 10.509996
v -2.090001 -0.154996 10.514997
v -2.089999 0.200007 9.560003
v -2.090001 0.000000 9.560005
v -2.054998 0.150002 9.609998
v -2.054995 0.014999 9.609998
v -2.090001 -0.199999 10.560004
v -2.090001 0.000000 10.560004
v -2.089999 0.155003 10.236652
v -2.090001 0.010000 10.236652
v -2.084996 0.015002 10.241652
v -2.084994 0.150006 10.241650
v -2.054995 -0.149998 10.211649
v -2.054995 -0.014999 10.211653
v -2.089999 0.200007 9.893328
v -2.089999 0.155003 9.604998
v -2.084997 0.150004 9.609998
v -2.084994 0.150004 9.878321
v -2.089999 0.155003 9.883324
v -2.054995 0.150004 10.211649
v -2.054995 0.150004 9.908321
v -2.090001 0.009999 10.514997
v -2.084996 0.015002 10.509996
v -2.054995 -0.014999 10.241652
v -2.054995 -0.149998 10.241650
v -2.090001 -0.199999 10.226656
v -2.090001 -0.199999 9.893328
v -2.054995 -0.149998 9.878321
v -2.054995 -0.014999 9.878325
v -2.054997 0.015001 10.211653
v -2.054995 0.015000 9.878325
v -2.054995 0.150002 9.878321
v -2.090001 -0.009999 10.236652
v -2.090001 -0.154997 10.236652
v -2.084996 -0.149998 10.241652
v -2.084996 -0.014998 10.241655
v -2.054993 0.150005 10.241650
v -2.054995 0.015001 10.241652
v -2.054995 -0.149998 9.908321
v -2.084994 0.150005 10.211649
v -2.084996 0.015002 10.211653
v -2.090001 0.010000 10.216652
v -2.089999 0.155003 10.216652
v -2.084996 -0.014998 10.211655
v -2.084996 -0.149998 10.211652
v -2.090001 -0.154997 10.216652
v -2.090001 -0.009999 10.216652
v -2.054997 0.015001 9.908324
v -2.090001 0.009999 9.604998
v -2.090001 0.010000 9.883327
v -2.084996 0.015001 9.878326
v -2.084996 0.015000 9.609998
v -2.084996 -0.014998 9.878325
v -2.084996 -0.149998 9.878321
v -2.090001 -0.154997 9.883324
v -2.090001 -0.009999 9.883326
v -2.084996 -0.149998 9.908321
v -2.090001 -0.154997 9.903324
v -2.089999 0.200007 10.226656
v -2.090001 0.000001 10.226652
v -2.089999 0.155003 9.903324
v -2.090001 0.010000 9.903324
v -2.084996 0.015002 9.908324
v -2.084994 0.150005 9.908321
v -2.084996 -0.014998 9.609998
v -2.090001 -0.009999 9.604998
v -2.054995 -0.014998 10.509996
v -2.054995 -0.149997 10.509996
v -2.084996 -0.149998 9.609998
v -2.090001 -0.154998 9.604998
v -2.054995 -0.014999 9.908324
v -2.084996 -0.014998 9.908325
v -2.090001 -0.009999 9.903324
v -2.054995 -0.014999 9.609998
v -2.054995 -0.149998 9.609998
v -2.090001 -0.200000 9.560005
v -2.084994 0.150006 10.509996
v -2.089999 0.155003 10.514997
v -2.090001 0.000001 9.893326
v -2.089999 0.200007 10.560004
v -2.069997 0.014999 9.609998
v -2.069997 0.014999 9.878323
v -2.069997 0.150000 9.878323
v -2.069997 0.150000 9.609998
v -2.069997 0.014999 9.908324
v -2.069997 0.014999 10.211653
v -2.069997 0.150000 10.211653
v -2.069997 0.150000 9.908324
v -2.069997 0.014999 10.241654
v -2.069997 0.014999 10.509993
v -2.069997 0.150000 10.509993
v -2.069997 0.150000 10.241654
v -2.069997 -0.014997 9.609998
v -2.069997 -0.150000 9.609998
v -2.069997 -0.150000 9.878323
v -2.069997 -0.014997 9.878323
v -2.069997 -0.014997 9.908324
v -2.069997 -0.150000 9.908321
v -2.069997 -0.150000 10.211651
v -2.069997 -0.014997 10.211655
v -2.069997 -0.014997 10.241654
v -2.069997 -0.150000 10.241652
v -2.069997 -0.150000 10.509993
v -2.069997 -0.014997 10.509995
vt 0.707706 0.910789
vt 0.709095 0.912754
vt 0.746606 0.912756
vt 0.747995 0.910790
vt 0.706185 0.918083
vt 0.746474 0.918082
vt 0.745084 0.920048
vt 0.707574 0.920048
vt 0.662013 0.911697
vt 0.663402 0.909732
vt 0.737956 0.909732
vt 0.739346 0.911697
vt 0.656422 0.914104
vt 0.733760 0.914103
vt 0.732371 0.916069
vt 0.657811 0.916069
vt 0.712815 0.902998
vt 0.672527 0.902997
vt 0.673916 0.901031
vt 0.711426 0.901031
vt 0.707574 0.910560
vt 0.745084 0.910560
vt 0.746474 0.912526
vt 0.706185 0.912526
vt 0.711426 0.910520
vt 0.673916 0.910520
vt 0.672527 0.908554
vt 0.712815 0.908555
vt 0.680875 0.910846
vt 0.758209 0.910846
vt 0.756819 0.912812
vt 0.682265 0.912812
vt 0.747109 0.909880
vt 0.709599 0.909880
vt 0.708210 0.907913
vt 0.748498 0.907914
vt 0.739392 0.910710
vt 0.738002 0.912675
vt 0.653721 0.912677
vt 0.652332 0.910711
vt 0.705072 0.898303
vt 0.702294 0.910803
vt 0.662006 0.910803
vt 0.649503 0.898302
vt 0.693681 0.915306
vt 0.749252 0.915304
vt 0.663714 0.914671
vt 0.704003 0.914670
vt 0.702613 0.916636
vt 0.665103 0.916636
vt 0.682265 0.903324
vt 0.756821 0.903324
vt 0.758209 0.905289
vt 0.680876 0.905290
vt 0.748294 0.910563
vt 0.746904 0.912528
vt 0.672344 0.912528
vt 0.670956 0.910563
vt 0.665103 0.907147
vt 0.702613 0.907148
vt 0.704003 0.909114
vt 0.663714 0.909114
vt 0.666001 0.905966
vt 0.753059 0.905967
vt 0.751670 0.907932
vt 0.667390 0.907932
vt 0.739527 0.910622
vt 0.738136 0.912587
vt 0.663582 0.912588
vt 0.662193 0.910622
vt 0.704928 0.898283
vt 0.760500 0.898285
vt 0.653644 0.911326
vt 0.746264 0.911325
vt 0.667391 0.898444
vt 0.751670 0.898445
vt 0.753058 0.900410
vt 0.666001 0.900409
vt 0.700905 0.912769
vt 0.663395 0.912768
vt 0.657812 0.906582
vt 0.732369 0.906581
vt 0.733759 0.908546
vt 0.656422 0.908547
vt 0.748140 0.910805
vt 0.746751 0.912771
vt 0.709239 0.912771
vt 0.707850 0.910805
vt 0.671154 0.912030
vt 0.672542 0.910065
vt 0.747103 0.910065
vt 0.748492 0.912030
vt 0.670866 0.911550
vt 0.672254 0.909585
vt 0.756535 0.909584
vt 0.757925 0.911550
vt 0.742171 0.898206
vt 0.649554 0.898207
vt 0.649511 0.924201
vt 0.742126 0.924202
vt 0.715593 0.905776
vt 0.660023 0.905775
vt 0.748498 0.902357
vt 0.708210 0.902356
vt 0.709599 0.900391
vt 0.747109 0.900392
vt 0.663396 0.921103
vt 0.700905 0.921104
vt 0.746605 0.921093
vt 0.709094 0.921090
vt 0.667390 0.890108
vt 0.751670 0.890109
vt 0.709599 0.892055
vt 0.747109 0.892056
vt 0.751670 0.916268
vt 0.667389 0.916268
vt 0.707574 0.902225
vt 0.745085 0.902225
vt 0.657812 0.898246
vt 0.732369 0.898245
vt 0.745085 0.928384
vt 0.707574 0.928384
vt 0.747103 0.901729
vt 0.672542 0.901729
vt 0.672343 0.920864
vt 0.746904 0.920864
vt 0.673916 0.892696
vt 0.711426 0.892696
vt 0.756535 0.901249
vt 0.672255 0.901250
vt 0.702613 0.924971
vt 0.665103 0.924971
vt 0.653721 0.921013
vt 0.738001 0.921011
vt 0.756819 0.921148
vt 0.682265 0.921148
vt 0.682265 0.894988
vt 0.756820 0.894988
vt 0.665103 0.898812
vt 0.702613 0.898812
vt 0.747108 0.918216
vt 0.709599 0.918216
vt 0.711425 0.918856
vt 0.673916 0.918856
vt 0.709239 0.921107
vt 0.746751 0.921107
vt 0.663582 0.920923
vt 0.738136 0.920923
vt 0.737957 0.901397
vt 0.663402 0.901397
vt 0.661864 0.910794
vt 0.663252 0.912759
vt 0.700762 0.912754
vt 0.702152 0.910788
vt 0.732372 0.924405
vt 0.657811 0.924405
vt 0.700763 0.921089
vt 0.663254 0.921095
vt 0.695706 0.905133
vt 0.751276 0.905136
vt 0.663223 0.903188
vt 0.755837 0.903188
vt 0.742306 0.898118
vt 0.649692 0.898118
vt 0.651210 0.911893
vt 0.706781 0.911892
vt 0.668374 0.908068
vt 0.760988 0.908068
vt 0.668376 0.924535
vt 0.760997 0.924534
vt 0.649358 0.898291
vt 0.760645 0.898303
vt 0.760799 0.898059
vt 0.668178 0.898059
vt 0.668088 0.924055
vt 0.760703 0.924054
vt 0.422621 0.805809
vt 0.422621 0.665390
vt 0.493270 0.665390
vt 0.493270 0.805809
vt 0.423169 0.824412
vt 0.423169 0.665675
vt 0.493818 0.665674
vt 0.493818 0.824412
vt 0.422712 0.823633
vt 0.422712 0.683207
vt 0.493360 0.683207
vt 0.493360 0.823633
vt 0.493339 0.805736
vt 0.422689 0.805736
vt 0.422689 0.665316
vt 0.493339 0.665316
vt 0.493805 0.824041
vt 0.423156 0.824043
vt 0.423156 0.665305
vt 0.493805 0.665303
vt 0.493148 0.805477
vt 0.422498 0.805479
vt 0.422498 0.665052
vt 0.493147 0.665050
vt 0.697681 0.911561
vt 0.699070 0.909595
vt 0.736579 0.909595
vt 0.737968 0.911561
vt 0.668626 0.916491
vt 0.708915 0.916492
vt 0.707525 0.918457
vt 0.670014 0.918456
vt 0.661826 0.911992
vt 0.663215 0.910028
vt 0.737769 0.910027
vt 0.739159 0.911992
vt 0.653029 0.904640
vt 0.730367 0.904638
vt 0.728979 0.906605
vt 0.654420 0.906606
vt 0.671688 0.922058
vt 0.711977 0.922057
vt 0.710588 0.924023
vt 0.673077 0.924024
vt 0.670015 0.908968
vt 0.707525 0.908969
vt 0.708915 0.910934
vt 0.668626 0.910934
vt 0.673077 0.914536
vt 0.710588 0.914534
vt 0.711977 0.916500
vt 0.671688 0.916501
vt 0.678405 0.913870
vt 0.755742 0.913870
vt 0.754352 0.915837
vt 0.679795 0.915836
vt 0.653424 0.911718
vt 0.690934 0.911716
vt 0.692323 0.913682
vt 0.652035 0.913684
vt 0.758065 0.910751
vt 0.756675 0.912717
vt 0.672395 0.912718
vt 0.671006 0.910752
vt 0.705257 0.898340
vt 0.702479 0.910842
vt 0.662190 0.910843
vt 0.649684 0.898342
vt 0.656122 0.913713
vt 0.711693 0.913713
vt 0.715215 0.914943
vt 0.755504 0.914943
vt 0.754115 0.916909
vt 0.716604 0.916909
vt 0.679795 0.906348
vt 0.754351 0.906348
vt 0.755741 0.908314
vt 0.678406 0.908314
vt 0.748108 0.910600
vt 0.746718 0.912565
vt 0.672159 0.912565
vt 0.670770 0.910600
vt 0.716604 0.907420
vt 0.754115 0.907421
vt 0.755504 0.909386
vt 0.715215 0.909386
vt 0.670862 0.909619
vt 0.757919 0.909619
vt 0.756531 0.911585
vt 0.672251 0.911585
vt 0.757783 0.910839
vt 0.756393 0.912805
vt 0.681840 0.912807
vt 0.680451 0.910841
vt 0.694902 0.924066
vt 0.750473 0.924066
vt 0.650250 0.901862
vt 0.742871 0.901860
vt 0.672251 0.902096
vt 0.756530 0.902097
vt 0.757918 0.904062
vt 0.670861 0.904062
vt 0.701090 0.912807
vt 0.663579 0.912809
vt 0.654417 0.897117
vt 0.728976 0.897116
vt 0.730365 0.899082
vt 0.653027 0.899083
vt 0.692328 0.910647
vt 0.690939 0.912612
vt 0.653429 0.912611
vt 0.652040 0.910646
vt 0.670954 0.911602
vt 0.746904 0.909638
vt 0.748293 0.911603
vt 0.671012 0.912013
vt 0.672399 0.910047
vt 0.756680 0.910045
vt 0.758070 0.912010
vt 0.760844 0.898247
vt 0.668229 0.898248
vt 0.649324 0.924497
vt 0.741939 0.924496
vt 0.668910 0.919279
vt 0.724481 0.919279
vt 0.652035 0.919240
vt 0.692323 0.919240
vt 0.690934 0.921206
vt 0.653424 0.921206
vt 0.663580 0.921144
vt 0.701090 0.921143
vt 0.736579 0.901259
vt 0.699070 0.901259
vt 0.672251 0.893761
vt 0.756529 0.893761
vt 0.690934 0.929542
vt 0.653424 0.929541
vt 0.756531 0.919920
vt 0.672252 0.919920
vt 0.670015 0.900632
vt 0.707526 0.900634
vt 0.654417 0.888782
vt 0.728976 0.888780
vt 0.707525 0.926793
vt 0.670014 0.926792
vt 0.746904 0.901302
vt 0.672344 0.901301
vt 0.672158 0.920901
vt 0.746719 0.920901
vt 0.710589 0.932359
vt 0.673078 0.932359
vt 0.756678 0.901710
vt 0.672399 0.901712
vt 0.754115 0.925244
vt 0.716604 0.925244
vt 0.672395 0.921054
vt 0.756675 0.921053
vt 0.754351 0.924173
vt 0.679795 0.924172
vt 0.679795 0.898012
vt 0.754350 0.898012
vt 0.716605 0.899084
vt 0.754115 0.899085
vt 0.653424 0.903383
vt 0.690933 0.903380
vt 0.673077 0.906200
vt 0.710587 0.906197
vt 0.653429 0.920947
vt 0.690939 0.920948
vt 0.681840 0.921142
vt 0.756394 0.921141
vt 0.737769 0.901691
vt 0.663214 0.901692
vt 0.661759 0.911942
vt 0.663148 0.909976
vt 0.700659 0.909976
vt 0.702049 0.911942
vt 0.728979 0.914941
vt 0.654421 0.914942
vt 0.700659 0.901640
vt 0.663148 0.901640
vt 0.704828 0.916462
vt 0.649256 0.916462
vt 0.668084 0.906841
vt 0.760697 0.906841
vt 0.667949 0.898338
vt 0.702711 0.912166
vt 0.758283 0.912165
vt 0.665905 0.911092
vt 0.758520 0.911092
vt 0.668176 0.924107
vt 0.760799 0.924108
vt 0.649255 0.924447
vt 0.704827 0.924447
vt 0.704832 0.898146
vt 0.649262 0.898144
vt 0.760612 0.898096
vt 0.667992 0.898096
vt 0.668235 0.924517
vt 0.760851 0.924515
vt 0.423087 0.812494
vt 0.423087 0.672075
vt 0.493735 0.672075
vt 0.493735 0.812494
vt 0.422692 0.823696
vt 0.422692 0.664959
vt 0.493340 0.664959
vt 0.493341 0.823696
vt 0.422705 0.824066
vt 0.422704 0.683640
vt 0.493353 0.683639
vt 0.493353 0.824065
vt 0.493309 0.806000
vt 0.422659 0.806000
vt 0.422659 0.665581
vt 0.493308 0.665580
vt 0.423176 0.665242
vt 0.493825 0.665240
vt 0.493612 0.805824
vt 0.422962 0.805825
vt 0.422961 0.665398
vt 0.493611 0.665397
usemtl Exterior_Mat
s off
f 93/82 94/83 95/84 96/85
f 103/86 104/87 105/88 106/89
f 110/90 111/91 112/92 113/93
f 104/94 116/95 117/96 105/97
f 127/98 128/99 129/100 130/101
f 134/102 135/103 136/104 137/105
f 138/106 139/107 140/108 141/109
f 143/110 144/111 145/112 146/113
f 147/114 148/115 149/116 150/117
f 140/118 139/119 151/120 152/121
f 98/122 143/123 110/124 97/125
f 153/126 154/127 104/87 103/86
f 155/128 156/129 157/130 158/131
f 159/132 147/133 150/134 160/135
f 96/136 95/137 129/138 128/139
f 112/140 145/141 144/142 113/143
f 156/144 136/145 135/146 157/147
f 149/148 148/149 163/150 164/151
f 102/152 93/82 96/85 101/153
f 154/154 102/155 116/95 104/94
f 166/156 138/157 141/158 167/159
f 143/123 146/160 111/161 110/124
f 130/162 94/163 93/164 127/165
f 164/166 163/167 159/168 160/169
f 103/170 106/171 171/172 172/173
f 155/174 158/175 134/176 137/177
f 120/178 140/118 152/121 121/179
f 97/180 110/90 113/93 109/181
f 154/182 120/183 128/99 127/98
f 167/184 152/185 151/186 166/187
f 99/188 111/161 146/160 100/189
f 162/190 95/84 94/83 161/191
f 165/192 108/193 138/157 166/156
f 166/187 151/186 133/194 165/195
f 157/147 135/146 124/196 142/197
f 114/198 124/199 135/103 134/102
f 118/200 161/201 94/163 130/162
f 106/89 105/88 132/202 131/203
f 92/204 171/172 106/171 131/205
f 119/206 129/138 95/137 162/207
f 130/101 129/100 119/208 118/209
f 114/210 134/176 158/175 115/211
f 158/131 157/130 142/212 115/213
f 133/214 151/120 139/119 107/215
f 146/113 145/112 125/216 100/217
f 168/218 123/219 147/133 159/132
f 126/220 125/221 145/141 112/140
f 123/222 122/223 148/115 147/114
f 108/224 107/225 139/107 138/106
f 168/226 159/168 163/167 169/227
f 169/228 163/150 148/149 122/229
f 126/230 112/92 111/91 99/231
f 172/232 171/233 117/234 116/235
f 105/97 117/96 91/236 132/237
f 91/238 117/234 171/233 92/239
f 150/117 149/116 121/240 173/241
f 173/241 121/240 152/185 167/184
f 173/242 154/243 136/145 156/144
f 121/244 149/148 164/151 170/245
f 109/246 173/247 156/129 155/128
f 113/143 144/142 173/247 109/246
f 98/248 173/249 144/111 143/110
f 153/250 103/170 172/173 174/251
f 141/109 140/108 120/183 154/182
f 174/252 172/232 116/235 102/152
f 137/105 136/104 154/127 153/126
f 170/253 164/166 160/169 98/122
f 160/135 150/134 173/249 98/248
f 167/159 141/158 154/243 173/242
f 101/254 96/136 128/139 120/255
f 127/165 93/164 102/155 154/154
f 109/256 155/174 137/177 153/257
f 175/258 176/259 177/260 178/261
f 179/262 180/263 181/264 182/265
f 183/266 184/267 185/268 186/269
f 187/270 188/271 189/272 190/273
f 191/274 192/275 193/276 194/277
f 195/278 196/279 197/280 198/281
f 201/282 202/283 203/284 204/285
f 211/286 212/287 213/288 214/289
f 218/290 219/291 220/292 221/293
f 212/294 224/295 225/296 213/297
f 235/298 236/299 237/300 238/301
f 242/302 243/303 244/304 245/305
f 246/306 247/307 248/308 249/309
f 251/310 252/311 253/312 254/313
f 255/314 256/315 257/316 258/317
f 248/318 247/319 259/320 260/321
f 206/322 251/323 218/324 205/325
f 261/326 262/327 212/287 211/286
f 263/328 264/329 265/330 266/331
f 267/332 255/333 258/334 268/335
f 204/336 203/337 237/338 236/339
f 220/340 253/341 252/342 221/343
f 264/344 244/345 243/346 265/347
f 257/348 256/349 271/350 272/351
f 210/352 201/282 204/285 209/353
f 262/354 210/355 224/295 212/294
f 274/356 246/357 249/358 275/359
f 251/323 254/360 219/361 218/324
f 238/362 202/363 201/364 235/365
f 272/366 271/367 267/368 268/369
f 211/370 214/175 279/371 280/372
f 263/373 266/374 242/375 245/376
f 228/377 248/318 260/321 229/378
f 205/379 218/290 221/293 217/380
f 262/381 228/382 236/299 235/298
f 275/383 260/384 259/385 274/386
f 207/387 219/361 254/360 208/388
f 270/389 203/284 202/283 269/390
f 273/391 216/392 246/357 274/356
f 274/386 259/385 241/393 273/394
f 265/347 243/346 232/395 250/396
f 222/397 232/398 243/303 242/302
f 226/399 269/400 202/363 238/362
f 214/289 213/288 240/401 239/402
f 200/403 279/371 214/175 239/404
f 227/405 237/338 203/337 270/406
f 238/301 237/300 227/407 226/408
f 222/409 242/375 266/374 223/410
f 266/331 265/330 250/411 223/412
f 241/413 259/320 247/319 215/414
f 254/313 253/312 233/415 208/416
f 276/417 231/418 255/333 267/332
f 234/419 233/420 253/341 220/340
f 231/421 230/422 256/315 255/314
f 216/423 215/424 247/307 246/306
f 276/425 267/368 271/367 277/426
f 277/427 271/350 256/349 230/428
f 234/429 220/292 219/291 207/430
f 280/431 279/432 225/433 224/434
f 213/297 225/296 199/435 240/436
f 199/437 225/433 279/432 200/438
f 258/317 257/316 229/439 281/440
f 281/440 229/439 260/384 275/383
f 281/441 262/442 244/345 264/344
f 229/253 257/348 272/351 278/443
f 217/444 281/445 264/329 263/328
f 221/343 252/342 281/445 217/444
f 206/446 281/447 252/311 251/310
f 261/448 211/370 280/372 282/449
f 249/309 248/308 228/382 262/381
f 282/450 280/431 224/434 210/451
f 245/305 244/304 262/327 261/326
f 278/452 272/366 268/369 206/453
f 268/335 258/334 281/447 206/446
f 275/359 249/358 262/442 281/441
f 209/454 204/336 236/339 228/455
f 235/365 201/364 210/355 262/354
f 217/456 263/373 245/376 261/457
f 283/458 284/459 285/460 286/461
f 287/462 288/463 289/464 290/465
f 291/466 292/467 293/468 294/469
f 295/470 296/471 297/472 298/473
f 299/274 300/275 301/474 302/475
f 303/476 304/477 305/478 306/479
o DoorFrame
v -2.100001 -0.399997 0.020003
v -2.200001 -0.399996 0.019999
v -2.200001 -0.399996 2.020000
v -2.100001 -0.399997 2.020000
v -2.200001 0.400003 0.019999
v -2.100000 0.400003 0.019999
v -2.100000 0.400003 2.020000
v -2.200001 0.400003 2.020000
v -2.199998 -0.429997 0.000000
v -2.199998 -0.429996 2.040000
v -2.200001 0.430004 2.040000
v -2.200001 0.430002 0.000000
vt 0.427955 0.879721
vt 0.427963 0.861299
vt 0.796413 0.861467
vt 0.796404 0.879890
vt 0.426665 0.904845
vt 0.426669 0.886423
vt 0.795114 0.886501
vt 0.795110 0.904923
vt 0.610909 0.975715
vt 0.610909 0.954175
vt 0.783223 0.954175
vt 0.783223 0.975715
vt 0.423629 0.854790
vt 0.800085 0.854973
vt 0.789685 0.980023
vt 0.604446 0.980023
vt 0.799446 0.911430
vt 0.422995 0.911340
vt 0.603852 0.923194
vt 0.789101 0.923193
vt 0.782639 0.927501
vt 0.610314 0.927501
vt 0.782639 0.949042
vt 0.610314 0.949042
usemtl Exterior_Mat
s off
f 307/480 308/481 309/482 310/483
f 311/484 312/485 313/486 314/487
f 314/488 313/489 310/490 309/491
f 309/482 308/481 315/492 316/493
f 314/488 309/491 316/494 317/495
f 317/496 318/497 311/484 314/487
f 318/498 315/499 308/500 311/501
f 311/501 308/500 307/502 312/503
o Door
v -2.170012 -0.344001 0.986000
v -2.170012 -0.356000 0.986000
v -2.143011 -0.356000 0.986000
v -2.143011 -0.344001 0.986000
v -2.170012 -0.230001 0.969998
v -2.170012 -0.370001 0.969998
v -2.180012 -0.370001 0.969998
v -2.180012 -0.230001 0.969998
v -2.180012 -0.230001 0.989999
v -2.180012 -0.370001 0.989999
v -2.170012 -0.370001 0.989999
v -2.170012 -0.230001 0.989999
v -2.143011 -0.322001 0.871998
v -2.143011 -0.322001 1.047999
v -2.140012 -0.320001 1.050001
v -2.140012 -0.320001 0.869998
v -2.143011 -0.378000 1.047999
v -2.143011 -0.378000 0.871998
v -2.140012 -0.380001 0.869998
v -2.140012 -0.380001 1.050001
v -2.170012 -0.356000 0.974000
v -2.143011 -0.356000 0.974000
v -2.143011 -0.344001 0.974000
v -2.170012 -0.344001 0.974000
v -2.140002 -0.050001 0.200000
v -2.140002 0.049999 0.199999
v -2.140002 0.049999 0.019998
v -2.140002 -0.050001 0.019998
v -2.140022 -0.050000 2.019998
v -2.140022 0.050000 2.020000
v -2.140022 0.050000 1.919999
v -2.140022 -0.050000 1.919999
v -2.135012 0.289999 0.919999
v -2.140012 0.299999 0.929998
v -2.140002 0.299999 0.199999
v -2.135002 0.289999 0.209999
v -2.140022 -0.400000 2.019998
v -2.140022 -0.300000 1.919999
v -2.140012 -0.300001 1.029999
v -2.140012 -0.400000 1.029999
v -2.140012 -0.050000 1.030000
v -2.140012 0.050000 1.029999
v -2.140012 0.050000 0.929998
v -2.140012 -0.050000 0.929999
v -2.135012 -0.290001 0.919999
v -2.135012 -0.060001 0.920000
v -2.135012 -0.100001 0.879999
v -2.135012 -0.250000 0.879998
v -2.135002 -0.060001 0.210000
v -2.135002 -0.100001 0.250000
v -2.135012 0.059999 0.919999
v -2.140012 -0.300001 0.929998
v -2.135002 0.059999 0.209999
v -2.135012 0.250000 0.879998
v -2.135002 0.249999 0.249999
v -2.140012 0.239999 0.869999
v -2.140002 0.239999 0.259999
v -2.135022 0.060000 1.910000
v -2.135012 0.059999 1.039998
v -2.135022 -0.290000 1.910000
v -2.135022 -0.060000 1.910000
v -2.135022 -0.100000 1.869998
v -2.135022 -0.250000 1.869998
v -2.140022 0.300000 1.919999
v -2.135022 0.290000 1.910000
v -2.140012 -0.240001 0.869999
v -2.140012 -0.110001 0.870000
v -2.140002 -0.110001 0.260000
v -2.140003 -0.240001 0.259999
v -2.135003 -0.250001 0.249999
v -2.135003 -0.290001 0.209999
v -2.135012 -0.060001 1.039999
v -2.135012 -0.100001 1.080000
v -2.135002 0.099999 0.249999
v -2.140003 -0.300001 0.199999
v -2.140003 -0.400001 0.019998
v -2.140012 -0.400000 0.929998
v -2.140022 -0.110000 1.860001
v -2.140022 -0.240000 1.860001
v -2.140012 -0.110001 1.089999
v -2.140012 -0.240001 1.089998
v -2.135012 -0.250000 1.079999
v -2.135012 -0.290001 1.039998
v -2.140002 0.109999 0.259999
v -2.135012 0.099999 0.879998
v -2.135022 0.250000 1.869998
v -2.135022 0.100000 1.869998
v -2.135012 0.289999 1.039998
v -2.140012 0.299999 1.029999
v -2.140012 0.109999 0.869999
v -2.135012 0.250000 1.079999
v -2.135012 0.099999 1.079999
v -2.140022 0.110000 1.860001
v -2.140012 0.109999 1.089998
v -2.140012 0.400001 1.029999
v -2.140012 0.400001 0.929998
v -2.140022 0.240000 1.860001
v -2.140012 0.239999 1.089998
v -2.140002 0.399999 0.019998
v -2.140022 0.400001 2.020000
vt 0.868803 0.096955
vt 0.868803 0.089160
vt 0.886345 0.089160
vt 0.886345 0.096956
vt 0.895308 0.031072
vt 0.895308 0.122029
vt 0.888811 0.122029
vt 0.888811 0.031072
vt 0.875816 0.031072
vt 0.875816 0.122029
vt 0.869319 0.122029
vt 0.869319 0.031072
vt 0.864871 0.018505
vt 0.864872 0.132852
vt 0.862530 0.134153
vt 0.862530 0.017206
vt 0.888811 0.128526
vt 0.875816 0.128526
vt 0.901254 0.132852
vt 0.901254 0.018505
vt 0.903596 0.017205
vt 0.903596 0.134153
vt 0.868803 0.081363
vt 0.886345 0.081363
vt 0.863572 0.016163
vt 0.902554 0.016163
vt 0.902554 0.135195
vt 0.863572 0.135195
vt 0.886345 0.073567
vt 0.868802 0.073568
vt 0.884017 0.127386
vt 0.871022 0.127386
vt 0.871022 0.036429
vt 0.884017 0.036429
vt 0.886345 0.104752
vt 0.868802 0.104751
vt 0.875816 0.024575
vt 0.888811 0.024575
vt 0.457853 0.900539
vt 0.457920 0.919765
vt 0.423029 0.919678
vt 0.423015 0.900578
vt 0.803341 0.901978
vt 0.803150 0.921406
vt 0.783409 0.921108
vt 0.783562 0.902039
vt 0.595966 0.967731
vt 0.598212 0.970120
vt 0.457668 0.968937
vt 0.459887 0.966665
vt 0.803909 0.831285
vt 0.783913 0.850462
vt 0.618039 0.850190
vt 0.617789 0.831296
vt 0.617987 0.900967
vt 0.617996 0.919858
vt 0.598572 0.919809
vt 0.598515 0.900753
vt 0.596284 0.852739
vt 0.596252 0.898378
vt 0.588419 0.890554
vt 0.588323 0.860691
vt 0.460052 0.898248
vt 0.467682 0.890634
vt 0.596231 0.922204
vt 0.598621 0.850320
vt 0.460175 0.922084
vt 0.588181 0.959858
vt 0.467689 0.959049
vt 0.586025 0.957672
vt 0.469812 0.956957
vt 0.781009 0.923666
vt 0.620405 0.922539
vt 0.781516 0.853041
vt 0.781116 0.899339
vt 0.773355 0.891611
vt 0.773484 0.860789
vt 0.782861 0.972546
vt 0.780432 0.969838
vt 0.586103 0.862896
vt 0.586246 0.888381
vt 0.469804 0.888522
vt 0.469859 0.863378
vt 0.467681 0.861259
vt 0.459893 0.853620
vt 0.620341 0.898417
vt 0.628026 0.890956
vt 0.467772 0.929707
vt 0.457613 0.851314
vt 0.422382 0.832122
vt 0.598605 0.831284
vt 0.770991 0.889136
vt 0.771170 0.863218
vt 0.630314 0.888601
vt 0.630576 0.862855
vt 0.628259 0.860460
vt 0.620470 0.852865
vt 0.469944 0.931840
vt 0.588258 0.930070
vt 0.772723 0.962086
vt 0.772964 0.931349
vt 0.619980 0.967999
vt 0.617611 0.970529
vt 0.586032 0.932254
vt 0.627709 0.960589
vt 0.628116 0.930154
vt 0.770645 0.933759
vt 0.630414 0.932556
vt 0.617251 0.989245
vt 0.598216 0.989170
vt 0.770375 0.959605
vt 0.630008 0.958253
vt 0.422451 0.988047
vt 0.802498 0.991955
usemtl Exterior_Mat
s off
f 319/504 320/505 321/506 322/507
f 323/508 324/509 325/510 326/511
f 327/512 328/513 329/514 330/515
f 331/516 332/517 333/518 334/519
f 328/513 325/510 324/520 329/521
f 335/522 336/523 337/524 338/525
f 331/516 336/523 335/522 332/517
f 320/505 339/526 340/527 321/506
f 328/513 327/512 326/511 325/510
f 334/528 337/529 336/523 331/516
f 332/517 335/522 338/530 333/531
f 341/532 340/527 339/526 342/533
f 329/534 324/535 323/536 330/537
f 322/507 341/538 342/539 319/504
f 330/540 323/541 326/511 327/512
f 343/542 344/543 345/544 346/545
f 347/546 348/547 349/548 350/549
f 351/550 352/551 353/552 354/553
f 355/554 356/555 357/556 358/557
f 359/558 360/559 361/560 362/561
f 363/562 364/563 365/564 366/565
f 365/564 364/563 367/566 368/567
f 361/560 352/551 351/550 369/568
f 370/569 362/561 364/563 363/562
f 361/560 369/568 371/570 344/543
f 372/571 351/550 354/553 373/572
f 374/573 372/571 373/572 375/574
f 349/548 376/575 377/576 360/559
f 378/577 379/578 380/579 381/580
f 349/548 382/581 383/582 376/575
f 384/583 385/584 386/585 387/586
f 363/562 366/565 388/587 389/588
f 356/555 350/549 379/578 378/577
f 380/579 379/578 390/589 391/590
f 392/591 373/572 354/553 371/570
f 364/563 362/561 343/542 367/566
f 393/592 343/542 346/545 394/593
f 358/557 357/556 370/569 395/594
f 379/578 350/549 359/558 390/589
f 381/580 380/579 396/595 397/596
f 370/569 363/562 389/588 393/592
f 388/587 368/567 367/566 389/588
f 397/596 396/595 398/597 399/598
f 400/599 391/590 390/589 401/600
f 355/554 347/546 350/549 356/555
f 402/601 375/574 373/572 392/591
f 395/594 370/569 393/592 394/593
f 369/568 351/550 372/571 403/602
f 376/575 383/582 404/603 405/604
f 377/576 406/605 407/606 360/559
f 403/602 408/607 402/601 392/591
f 385/584 365/564 368/567 386/585
f 399/598 398/597 391/590 400/599
f 366/565 365/564 385/584 384/583
f 404/603 383/582 406/605 409/608
f 401/600 390/589 359/558 357/556
f 376/575 405/604 410/609 377/576
f 405/604 411/610 412/611 410/609
f 410/609 409/608 406/605 377/576
f 407/606 413/612 414/613 352/551
f 362/561 361/560 344/543 343/542
f 405/604 404/603 415/614 411/610
f 396/595 380/579 391/590 398/597
f 357/556 359/558 362/561 370/569
f 360/559 407/606 352/551 361/560
f 412/611 416/615 409/608 410/609
f 383/582 382/581 407/606 406/605
f 378/577 381/580 400/599 401/600
f 381/580 397/596 399/598 400/599
f 403/602 372/571 374/573 408/607
f 352/551 414/613 417/616 353/552
f 408/607 374/573 375/574 402/601
f 350/549 349/548 360/559 359/558
f 411/610 415/614 416/615 412/611
f 366/565 384/583 387/586 388/587
f 387/586 386/585 368/567 388/587
f 389/588 367/566 343/542 393/592
f 415/614 404/603 409/608 416/615
f 356/555 378/577 401/600 357/556
f 369/568 403/602 392/591 371/570
f 371/570 354/553 353/552 344/543
f 344/543 353/552 417/616 345/544
f 382/581 418/617 413/612 407/606
f 348/547 418/617 382/581 349/548
o ExteriorWalls
v 2.250000 0.000003 15.430000
v 2.250002 -1.412328 16.589073
v 2.250002 -1.330384 16.318939
v 2.250002 -1.197314 16.069983
v 2.250002 -1.018232 15.851768
v 2.250002 -0.800020 15.672686
v 2.250002 -0.551063 15.539616
v 2.250001 -0.280929 15.457670
v 2.250000 0.280932 15.457670
v 2.250000 0.551066 15.539615
v 2.250000 0.800023 15.672685
v 2.249999 1.018236 15.851767
v 2.249999 1.197319 16.069979
v 2.249999 1.330389 16.318935
v 2.249998 1.412333 16.589069
v 2.249998 1.440003 16.870001
v 2.249998 1.412334 17.150930
v 2.249998 1.330389 17.421064
v 2.249998 1.197319 17.670021
v 2.249998 1.018237 17.888233
v 2.249998 0.800024 18.067316
v 2.249999 0.551067 18.200386
v 2.249999 0.280933 18.282331
v 2.249999 0.000003 18.310001
v 2.250000 -0.280927 18.282331
v 2.250000 -0.551061 18.200386
v 2.250000 -0.800018 18.067316
v 2.250001 -1.018231 17.888233
v 2.250001 -1.197313 17.670021
v 2.250001 -1.330384 17.421066
v 2.250002 -1.412328 17.150930
v 2.250002 -1.439997 16.870001
v -2.250000 1.440000 16.870001
v -2.250000 1.412331 17.150930
v -2.250000 1.330386 17.421066
v -2.250000 1.197316 17.670021
v -2.249999 1.018234 17.888233
v -2.249999 0.800021 18.067316
v -2.249999 0.551064 18.200386
v -2.249999 0.280930 18.282331
v -2.249999 0.000000 18.310001
v -2.249999 -0.280930 18.282331
v -2.249999 -0.551064 18.200386
v -2.249999 -0.800021 18.067316
v -2.249999 -1.018234 17.888233
v -2.250000 -1.197316 17.670021
v -2.250000 -1.330387 17.421064
v -2.250000 -1.412331 17.150930
v -2.250000 -1.440000 16.870001
v -2.250000 -1.412331 16.589069
v -2.250000 -1.330386 16.318935
v -2.250000 -1.197316 16.069979
v -2.250001 -1.018233 15.851767
v -2.250001 -0.800020 15.672685
v -2.250001 -0.551063 15.539615
v -2.250001 -0.280929 15.457670
v -2.250001 0.280932 15.457670
v -2.250001 0.551066 15.539616
v -2.250001 0.800023 15.672686
v -2.250001 1.018235 15.851768
v -2.250000 1.197317 16.069983
v -2.250000 1.330387 16.318939
v -2.250000 1.412331 16.589073
v -2.250000 0.000000 15.430000
v -2.150000 0.210004 3.949991
v -2.150000 0.210004 4.969980
v -2.150000 -0.210003 4.969980
v -2.150000 -0.210003 3.949982
v -2.150000 0.210004 9.549994
v -2.150000 0.210004 10.569983
v -2.150000 -0.210003 10.569983
v -2.150000 -0.210003 9.549985
v -2.300000 0.210004 3.949991
v -2.300000 0.210004 4.969980
v -2.300000 -0.210003 4.969980
v -2.300000 -0.210003 3.949982
v -2.300000 0.210004 9.549994
v -2.300000 0.210004 10.569983
v -2.300000 -0.210003 10.569983
v -2.300000 -0.210003 9.549985
v -2.290000 -2.290000 2.799998
v -2.290000 -2.290000 7.149998
v -2.290000 2.290000 2.800001
v -2.290000 2.290000 11.500000
v 2.290000 2.290000 2.800001
v 2.290000 2.290000 11.500000
v 2.290000 -2.290000 2.800001
v -2.290000 -2.289999 11.500000
v 2.290000 -2.290000 11.500000
v 2.290000 -2.290000 7.150000
v -2.290000 2.290000 7.150000
v 2.290000 2.290000 7.150000
v -2.290000 -2.290000 11.999998
v -2.290000 2.290000 12.000001
v 2.290000 2.290000 12.000001
v 2.290000 -2.290000 12.000001
v -2.290000 -2.290000 13.499998
v -2.290000 2.290000 13.500001
v 2.290000 2.290000 13.500001
v 2.290000 -2.290000 13.500001
v -2.290000 -2.290000 13.999998
v -2.290000 2.290000 14.000001
v 2.290000 2.290000 14.000001
v 2.290000 -2.290000 14.000001
v -2.300000 1.440000 16.870001
v -2.300000 1.412331 17.150930
v -2.300000 1.330386 17.421066
v -2.299999 1.197316 17.670021
v -2.299999 1.018234 17.888233
v -2.299999 0.800021 18.067316
v -2.299999 0.551064 18.200386
v -2.299999 0.280930 18.282331
v -2.299999 0.000000 18.310001
v -2.299999 -0.280930 18.282331
v -2.299999 -0.551064 18.200386
v -2.299999 -0.800021 18.067316
v -2.299999 -1.018234 17.888233
v -2.299999 -1.197316 17.670021
v -2.300000 -1.330387 17.421064
v -2.300000 -1.412331 17.150930
v -2.300000 -1.440000 16.870001
v -2.300000 -1.412331 16.589069
v -2.300000 -1.330386 16.318935
v -2.300000 -1.197316 16.069979
v -2.300001 -1.018233 15.851767
v -2.300001 -0.800020 15.672685
v -2.300001 -0.551063 15.539615
v -2.300001 -0.280929 15.457670
v -2.300001 0.280932 15.457670
v -2.300001 0.551066 15.539616
v -2.300001 0.800023 15.672686
v -2.300001 1.018235 15.851768
v -2.300000 1.197317 16.069983
v -2.300000 1.330387 16.318939
v -2.300000 1.412331 16.589073
v -2.300000 0.000000 15.430000
v 2.300000 0.000003 15.430000
v 2.300002 -1.412328 16.589073
v 2.300002 -1.330384 16.318939
v 2.300002 -1.197314 16.069983
v 2.300002 -1.018232 15.851768
v 2.300002 -0.800020 15.672686
v 2.300002 -0.551063 15.539616
v 2.300001 -0.280929 15.457670
v 2.300000 0.280932 15.457670
v 2.300000 0.551066 15.539615
v 2.300000 0.800023 15.672685
v 2.299999 1.018236 15.851767
v 2.299999 1.197319 16.069979
v 2.299999 1.330389 16.318935
v 2.299998 1.412333 16.589069
v 2.299998 1.440003 16.870001
v 2.299998 1.412334 17.150930
v 2.299998 1.330389 17.421064
v 2.299998 1.197319 17.670021
v 2.299998 1.018237 17.888233
v 2.299998 0.800024 18.067316
v 2.299999 0.551067 18.200386
v 2.299999 0.280933 18.282331
v 2.299999 0.000003 18.310001
v 2.299999 -0.280927 18.282331
v 2.300000 -0.551061 18.200386
v 2.300000 -0.800018 18.067316
v 2.300001 -1.018231 17.888233
v 2.300001 -1.197313 17.670021
v 2.300001 -1.330384 17.421066
v 2.300002 -1.412328 17.150930
v 2.300002 -1.439997 16.870001
v -2.290000 -2.290000 19.399996
v -2.290000 2.290000 19.400000
v 2.290000 2.290000 19.400000
v 2.290000 -2.290000 19.400000
v -2.300000 -2.250000 2.799999
v -2.300000 -2.250000 7.149999
v -2.250000 -2.299999 7.149998
v -2.300000 -2.250000 11.500000
v -2.250000 -2.299998 11.500000
v -2.250000 -2.300000 2.799998
v 2.250000 -2.299999 7.150000
v 2.250000 -2.299999 2.800001
v 2.250000 -2.299999 11.500000
v 2.300000 -2.250000 2.800001
v 2.300000 -2.250000 11.500000
v 2.300000 -2.250000 7.150000
v 2.299998 2.250000 2.800003
v 2.299998 2.250000 11.500002
v 2.299998 2.250000 7.150002
v 2.250000 2.299999 2.800001
v 2.250000 2.299999 11.500000
v 2.250000 2.299999 7.150000
v -2.250000 2.300002 2.800001
v -2.250000 2.300002 11.500000
v -2.250000 2.300002 7.150000
v -2.300000 2.250000 2.800000
v -2.300000 2.250000 11.500000
v -2.300000 2.250000 7.149999
v -2.300000 -2.250000 11.999998
v -2.300000 -2.250000 13.499998
v -2.300000 2.250000 12.000001
v -2.300000 2.250000 13.500001
v -2.250000 2.300002 12.000001
v -2.250000 2.300002 13.500001
v 2.250000 2.299999 13.500001
v 2.250000 2.299999 12.000001
v -2.250000 -2.299999 11.999998
v -2.250000 -2.299999 13.499998
v 2.250000 -2.299999 12.000001
v 2.250000 -2.299999 13.500001
v 2.299998 2.250000 12.000001
v 2.299998 2.250000 13.500001
v 2.300000 -2.250000 12.000001
v 2.300000 -2.250000 13.500001
v -2.250000 2.300002 14.000001
v -2.250000 2.300002 19.400000
v 2.250000 2.299998 14.000001
v 2.250000 2.299998 19.400000
v 2.250000 -2.300000 14.000001
v 2.250000 -2.300000 19.400000
v -2.250000 -2.300000 13.999998
v -2.250000 -2.300000 19.399996
v -2.300000 -2.250000 14.000000
v -2.300000 -2.250000 19.399998
v -2.300000 2.250000 19.399998
v 2.300000 2.250000 14.000001
v 2.300001 -2.250000 19.400000
v 2.300000 2.250000 19.400000
v -2.300000 2.250000 14.000000
v 2.300001 -2.250000 14.000001
v -2.199998 -0.429997 0.000000
v -2.199998 -0.429996 2.040000
v -2.200001 0.430004 2.040000
v -2.200001 0.430002 0.000000
v -2.399999 -0.429998 0.000000
v -2.499998 -0.429996 2.040000
v -2.500001 0.430004 2.040000
v -2.400002 0.430002 0.000000
v -2.200001 2.200002 2.800000
v -2.199999 -2.200000 2.800000
v 2.199999 2.199998 2.800000
v 2.200001 -2.200001 2.800000
v -2.400001 0.430002 -0.200000
v -2.400000 -0.429998 -0.200000
v -2.500000 0.430002 -0.200000
v -2.500000 -0.429998 -0.200000
v -2.200001 2.200002 14.000000
v -2.199999 -2.200000 14.000000
v 2.199999 2.199998 14.000000
v 2.200001 -2.200001 14.000000
v -2.200001 2.200002 13.500000
v -2.199999 -2.200000 13.500000
v 2.199999 2.199998 13.500000
v 2.200001 -2.200001 13.500000
v -2.200001 2.200002 12.000000
v -2.199999 -2.200000 12.000000
v 2.199999 2.199998 12.000000
v 2.200001 -2.200001 12.000000
v -2.200001 2.200002 11.500000
v -2.199999 -2.200000 11.500000
v 2.199999 2.199998 11.500000
v 2.200001 -2.200001 11.500000
v -2.469999 -2.470000 2.800000
v -2.499999 -2.463857 2.786730
v -2.469999 -2.500000 2.770000
v -2.491441 -2.466022 2.795961
v -2.488939 -2.487630 2.791891
v -2.491120 -2.489488 2.777685
v -2.469999 -2.491213 2.791213
v -2.500001 2.463859 2.786730
v -2.470001 2.470002 2.800000
v -2.470001 2.500002 2.770000
v -2.491444 2.466024 2.795962
v -2.488942 2.487633 2.791891
v -2.470002 2.491216 2.791213
v -2.491122 2.489491 2.777686
v -2.500001 2.463857 -0.200000
v -2.470001 2.500000 -0.200000
v -2.491215 2.489414 -0.200000
v -2.469999 -2.500000 -0.200000
v -2.499999 -2.463857 -0.200000
v -2.491212 -2.489414 -0.200000
v 2.469999 2.500000 -0.200000
v 2.499999 2.470000 -0.200000
v 2.491212 2.491214 -0.200000
v 2.499999 2.469998 2.770000
v 2.469999 2.499998 2.770000
v 2.469999 2.469998 2.800000
v 2.491212 2.491211 2.770000
v 2.488939 2.488938 2.788940
v 2.469999 2.491211 2.791213
v 2.491212 2.469998 2.791213
v 2.500001 -2.470000 -0.200000
v 2.470001 -2.500000 -0.200000
v 2.491215 -2.491214 -0.200000
v 2.470001 -2.470001 2.800000
v 2.470001 -2.500000 2.770000
v 2.500001 -2.470001 2.770000
v 2.470001 -2.491214 2.791213
v 2.488942 -2.488941 2.788940
v 2.491215 -2.491214 2.770000
v 2.491215 -2.470001 2.791213
v -2.469999 -2.470000 14.000000
v -2.499999 -2.470000 13.970000
v -2.469999 -2.500000 13.970000
v -2.491212 -2.470000 13.991214
v -2.488939 -2.488940 13.988941
v -2.491212 -2.491213 13.970000
v -2.469999 -2.491213 13.991214
v -2.470001 2.500002 13.970000
v -2.500001 2.470002 13.970000
v -2.470002 2.470003 14.000000
v -2.491215 2.491216 13.970000
v -2.488942 2.488943 13.988942
v -2.491215 2.470003 13.991214
v -2.470002 2.491216 13.991214
v 2.469999 2.469998 14.000000
v 2.499999 2.469998 13.970000
v 2.469999 2.499998 13.970000
v 2.491212 2.469998 13.991214
v 2.488939 2.488938 13.988941
v 2.491212 2.491211 13.970000
v 2.469999 2.491211 13.991214
v 2.470001 -2.500000 13.970000
v 2.500001 -2.470001 13.970000
v 2.470001 -2.470001 14.000000
v 2.491215 -2.491214 13.970000
v 2.488942 -2.488941 13.988942
v 2.491215 -2.470001 13.991214
v 2.470001 -2.491214 13.991214
v 2.470001 -2.470001 12.000000
v 2.470001 -2.500000 11.970000
v 2.500001 -2.470001 11.970000
v 2.470001 -2.491214 11.991214
v 2.488942 -2.488941 11.988941
v 2.491215 -2.491214 11.970000
v 2.491215 -2.470001 11.991214
v 2.469999 2.469998 12.000000
v 2.499999 2.469998 11.970000
v 2.469999 2.499998 11.970000
v 2.491212 2.469998 11.991214
v 2.488939 2.488938 11.988941
v 2.491212 2.491211 11.970000
v 2.469999 2.491211 11.991214
v 2.469999 2.469998 13.500000
v 2.469999 2.499998 13.530000
v 2.499999 2.469998 13.530000
v 2.469999 2.491211 13.508786
v 2.488939 2.488938 13.511060
v 2.491212 2.491211 13.530000
v 2.491212 2.469998 13.508786
v -2.470001 2.500002 11.970000
v -2.500001 2.470002 11.970000
v -2.470002 2.470003 12.000000
v -2.491215 2.491216 11.970000
v -2.488942 2.488943 11.988942
v -2.491215 2.470003 11.991214
v -2.470002 2.491216 11.991214
v -2.469999 -2.500000 13.530000
v -2.499999 -2.470000 13.530000
v -2.469999 -2.470000 13.500000
v -2.491212 -2.491213 13.530000
v -2.488939 -2.488940 13.511060
v -2.491212 -2.470000 13.508786
v -2.469999 -2.491213 13.508786
v -2.470001 2.470002 13.500000
v -2.500001 2.470002 13.530000
v -2.470001 2.500002 13.530000
v -2.491215 2.470002 13.508786
v -2.488942 2.488943 13.511060
v -2.491215 2.491216 13.530000
v -2.470001 2.491216 13.508786
v -2.499999 -2.470000 11.970000
v -2.469999 -2.500000 11.970000
v -2.469999 -2.470000 12.000000
v -2.491212 -2.491213 11.970000
v -2.488939 -2.488940 11.988942
v -2.469999 -2.491213 11.991214
v -2.491212 -2.470000 11.991214
v 2.500001 -2.470001 13.530000
v 2.470001 -2.500000 13.530000
v 2.470002 -2.470001 13.500000
v 2.491215 -2.491214 13.530000
v 2.488942 -2.488941 13.511060
v 2.470001 -2.491214 13.508786
v 2.491215 -2.470001 13.508786
v 2.469999 2.469998 11.500000
v 2.469999 2.499998 11.530000
v 2.499999 2.469998 11.530000
v 2.469999 2.491211 11.508786
v 2.488939 2.488938 11.511060
v 2.491212 2.491211 11.530000
v 2.491212 2.469998 11.508786
v -2.469999 -2.500000 11.530000
v -2.499999 -2.470000 11.530000
v -2.469999 -2.470000 11.500000
v -2.491212 -2.491213 11.530000
v -2.488939 -2.488940 11.511060
v -2.491212 -2.470000 11.508786
v -2.469999 -2.491213 11.508786
v -2.470001 2.470002 11.500000
v -2.500001 2.470002 11.530000
v -2.470001 2.500002 11.530000
v -2.491215 2.470002 11.508786
v -2.488942 2.488943 11.511060
v -2.491215 2.491216 11.530000
v -2.470001 2.491216 11.508786
v 2.500001 -2.470001 11.530000
v 2.470001 -2.500000 11.530000
v 2.470002 -2.470001 11.500000
v 2.491215 -2.491214 11.530000
v 2.488942 -2.488941 11.511060
v 2.470001 -2.491214 11.508786
v 2.491215 -2.470001 11.508786
vt 0.240104 0.113127
vt 0.240104 0.198652
vt 0.227527 0.198652
vt 0.227527 0.113127
vt 0.179685 0.198566
vt 0.179685 0.113214
vt 0.192237 0.113214
vt 0.192237 0.198566
vt 0.227647 0.211304
vt 0.192156 0.211292
vt 0.227652 0.198629
vt 0.192119 0.100551
vt 0.227610 0.100551
vt 0.227610 0.113226
vt 0.192119 0.113226
vt 0.192240 0.217869
vt 0.192241 0.303396
vt 0.179663 0.303396
vt 0.179663 0.217869
vt 0.227503 0.303723
vt 0.227503 0.217996
vt 0.240110 0.217996
vt 0.240110 0.303723
vt 0.192156 0.316056
vt 0.227647 0.316056
vt 0.227647 0.303380
vt 0.227610 0.205303
vt 0.192119 0.205303
vt 0.192119 0.217978
vt 0.227610 0.217978
vt 0.021211 0.381569
vt 0.021212 0.016735
vt 0.014844 0.016709
vt 0.014843 0.381544
vt 0.398627 0.016735
vt 0.398626 0.381570
vt 0.404994 0.381595
vt 0.404994 0.016761
vt 0.398638 0.016773
vt 0.405005 0.381659
vt 0.021222 0.016780
vt 0.014854 0.381653
vt 0.014854 0.016819
vt 0.021264 0.016753
vt 0.021264 0.381588
vt 0.014897 0.381627
vt 0.404989 0.016716
vt 0.398622 0.381500
vt 0.021192 0.381519
vt 0.014824 0.381558
vt 0.014855 0.016732
vt 0.020536 0.396853
vt 0.020536 0.523607
vt 0.017052 0.523607
vt 0.017052 0.396853
vt 0.400858 0.396944
vt 0.404342 0.396944
vt 0.404342 0.523698
vt 0.400858 0.523698
vt 0.020596 0.396856
vt 0.020596 0.523610
vt 0.017053 0.523696
vt 0.020536 0.523696
vt 0.164091 0.666976
vt 0.162624 0.663113
vt 0.185426 0.656980
vt 0.186101 0.660957
vt 0.099817 0.818976
vt 0.095915 0.820540
vt 0.089143 0.797504
vt 0.093268 0.796733
vt 0.308322 0.839868
vt 0.311812 0.842214
vt 0.296570 0.860777
vt 0.293613 0.857784
vt 0.255134 0.667164
vt 0.256661 0.663271
vt 0.277873 0.674081
vt 0.275611 0.677571
vt 0.275616 0.872435
vt 0.277924 0.875960
vt 0.256605 0.887170
vt 0.255034 0.883252
vt 0.209281 0.659463
vt 0.209282 0.655095
vt 0.233541 0.656864
vt 0.232810 0.661026
vt 0.293508 0.691807
vt 0.296415 0.688851
vt 0.311594 0.706990
vt 0.308159 0.709302
vt 0.232671 0.889834
vt 0.233449 0.893991
vt 0.209382 0.896195
vt 0.209405 0.891968
vt 0.093507 0.750792
vt 0.089440 0.749949
vt 0.096424 0.727310
vt 0.100233 0.728932
vt 0.319016 0.729371
vt 0.322845 0.727789
vt 0.329769 0.750456
vt 0.325691 0.751256
vt 0.186136 0.889752
vt 0.185311 0.893900
vt 0.162171 0.886990
vt 0.163787 0.883088
vt 0.111128 0.708900
vt 0.107721 0.706556
vt 0.122930 0.688478
vt 0.125800 0.691458
vt 0.143233 0.872193
vt 0.140883 0.875693
vt 0.122283 0.860433
vt 0.125277 0.857472
vt 0.327968 0.774144
vt 0.332142 0.774148
vt 0.329914 0.798005
vt 0.325799 0.797188
vt 0.143693 0.677290
vt 0.141475 0.673791
vt 0.110618 0.839495
vt 0.107099 0.841801
vt 0.319183 0.819397
vt 0.323065 0.821006
vt 0.086994 0.773635
vt 0.091171 0.773674
vt 0.308504 0.709480
vt 0.311934 0.707162
vt 0.323225 0.727939
vt 0.319399 0.729529
vt 0.143974 0.677782
vt 0.141749 0.674287
vt 0.162878 0.663569
vt 0.164353 0.667430
vt 0.308914 0.840045
vt 0.312408 0.842383
vt 0.297201 0.860976
vt 0.294238 0.857988
vt 0.186822 0.890161
vt 0.186004 0.894311
vt 0.162850 0.887445
vt 0.164459 0.883540
vt 0.326310 0.797333
vt 0.330427 0.798142
vt 0.323620 0.821155
vt 0.319736 0.819554
vt 0.185670 0.657393
vt 0.186352 0.661368
vt 0.100367 0.819550
vt 0.096468 0.821122
vt 0.089651 0.798099
vt 0.093776 0.797320
vt 0.255708 0.883529
vt 0.257286 0.887444
vt 0.234143 0.894309
vt 0.233357 0.890154
vt 0.126107 0.691984
vt 0.123231 0.689009
vt 0.125899 0.857997
vt 0.122911 0.860963
vt 0.107692 0.842361
vt 0.111206 0.840049
vt 0.328435 0.774284
vt 0.332610 0.774280
vt 0.093928 0.751379
vt 0.089859 0.750544
vt 0.096799 0.727891
vt 0.100612 0.729505
vt 0.141540 0.876189
vt 0.143884 0.872685
vt 0.233063 0.661349
vt 0.233785 0.657186
vt 0.256917 0.663549
vt 0.255398 0.667444
vt 0.293820 0.692013
vt 0.296720 0.689051
vt 0.087459 0.774235
vt 0.091634 0.774266
vt 0.275895 0.677811
vt 0.278150 0.674317
vt 0.278584 0.876193
vt 0.276270 0.872672
vt 0.209529 0.659831
vt 0.209522 0.655463
vt 0.111468 0.709454
vt 0.108057 0.707116
vt 0.326115 0.751400
vt 0.330191 0.750593
vt 0.210095 0.892332
vt 0.210080 0.896559
vt 0.398064 0.533276
vt 0.400733 0.988727
vt 0.408699 0.988553
vt 0.405937 0.533332
vt 0.017654 0.987839
vt 0.400744 0.988767
vt 0.406030 0.533192
vt 0.022124 0.533269
vt 0.400739 0.988650
vt 0.192306 0.198731
vt 0.192306 0.113184
vt 0.227526 0.303491
vt 0.227526 0.217943
vt 0.404988 0.016631
vt 0.404988 0.381465
vt 0.192300 0.217944
vt 0.192300 0.303490
vt 0.400798 0.396942
vt 0.400798 0.523696
vt 0.014839 0.016615
vt 0.014839 0.381449
vt 0.398679 0.016752
vt 0.398679 0.381587
vt 0.227532 0.113185
vt 0.400858 0.523609
vt 0.404342 0.523609
vt 0.400798 0.523606
vt 0.020596 0.523698
vt 0.022158 0.533302
vt 0.017647 0.987833
vt 0.405968 0.533380
vt 0.408744 0.988523
vt 0.014253 0.533222
vt 0.009614 0.987941
vt 0.017604 0.987881
vt 0.009660 0.987880
vt 0.014223 0.533194
vt 0.022159 0.533235
vt 0.009682 0.987849
vt 0.599100 0.017069
vt 0.672785 0.017069
vt 0.672785 0.034205
vt 0.599100 0.034205
vt 0.599153 0.208700
vt 0.672782 0.208700
vt 0.672782 0.183015
vt 0.599153 0.183015
vt 0.847264 0.275298
vt 0.424321 0.275299
vt 0.447437 0.298416
vt 0.824147 0.298415
vt 0.573475 0.034206
vt 0.573476 0.208862
vt 0.599160 0.208862
vt 0.590599 0.034206
vt 0.424231 0.275310
vt 0.847174 0.275310
vt 0.447347 0.298426
vt 0.672785 0.051341
vt 0.599100 0.051341
vt 0.672769 0.017022
vt 0.846899 0.017022
vt 0.846899 0.272732
vt 0.672769 0.208800
vt 0.590599 0.017083
vt 0.599160 0.017083
vt 0.424336 0.271299
vt 0.424336 0.017021
vt 0.847276 0.017020
vt 0.847276 0.271298
vt 0.847258 0.017051
vt 0.424317 0.017051
vt 0.824123 0.298453
vt 0.447413 0.298453
vt 0.847019 0.376232
vt 0.424079 0.376232
vt 0.424079 0.338561
vt 0.847019 0.338561
vt 0.599140 0.208800
vt 0.425010 0.272732
vt 0.425010 0.017022
vt 0.599140 0.017022
vt 0.847003 0.334936
vt 0.424059 0.334935
vt 0.447175 0.311819
vt 0.823887 0.311820
vt 0.424044 0.334929
vt 0.846995 0.376299
vt 0.424054 0.376299
vt 0.424030 0.334955
vt 0.846973 0.334955
vt 0.447146 0.311839
vt 0.846833 0.273474
vt 0.848683 0.273688
vt 0.848990 0.275310
vt 0.849093 0.271958
vt 0.848934 0.273174
vt 0.847084 0.273522
vt 0.424336 0.273115
vt 0.422715 0.273173
vt 0.422528 0.271957
vt 0.424825 0.273522
vt 0.422975 0.273174
vt 0.422816 0.271957
vt 0.422415 0.275310
vt 0.422721 0.273688
vt 0.424571 0.273474
vt 0.847258 0.273145
vt 0.849075 0.271329
vt 0.848880 0.272950
vt 0.422696 0.272951
vt 0.422501 0.271329
vt 0.424321 0.273483
vt 0.422504 0.275299
vt 0.849080 0.275298
vt 0.848885 0.273677
vt 0.847264 0.273482
vt 0.848898 0.272920
vt 0.422249 0.334939
vt 0.422443 0.336561
vt 0.424065 0.336756
vt 0.848835 0.376232
vt 0.848641 0.377853
vt 0.847019 0.378048
vt 0.424074 0.378053
vt 0.422453 0.377858
vt 0.422258 0.376236
vt 0.848650 0.377857
vt 0.847029 0.378052
vt 0.424079 0.378048
vt 0.424041 0.336757
vt 0.848800 0.334941
vt 0.848606 0.336562
vt 0.846984 0.336757
vt 0.848853 0.376232
vt 0.846988 0.336746
vt 0.848807 0.376300
vt 0.422280 0.376282
vt 0.848600 0.336541
vt 0.848853 0.376281
vt 0.422433 0.377921
vt 0.422238 0.376299
vt 0.422272 0.338565
vt 0.422466 0.336943
vt 0.424088 0.336749
vt 0.848658 0.336939
vt 0.848853 0.338561
vt 0.424035 0.336736
vt 0.422413 0.336541
vt 0.848640 0.336940
vt 0.848835 0.338561
vt 0.422238 0.338628
vt 0.422433 0.337007
vt 0.848658 0.336989
vt 0.848640 0.336989
vt 0.422253 0.334942
vt 0.422458 0.336555
vt 0.422457 0.336989
vt 0.849075 0.017051
vt 0.422501 0.017051
vt 0.849092 0.017020
vt 0.422520 0.017021
vt 0.422823 0.017022
vt 0.847239 0.273520
usemtl Exterior_Mat
s off
f 483/618 484/619 492/620 491/621
f 485/622 486/623 494/624 493/625
f 484/626 485/627 493/625 492/628
f 486/629 483/630 491/631 494/632
f 487/633 488/634 496/635 495/636
f 489/637 490/638 498/639 497/640
f 488/641 489/642 497/643 496/634
f 490/644 487/645 495/646 498/647
f 592/648 591/649 499/650 500/651
f 612/652 614/653 509/654 501/655
f 597/656 508/655 507/657 599/653
f 602/658 601/648 507/659 508/660
f 608/661 607/662 504/663 510/660
f 598/652 505/664 508/654 597/665
f 606/649 608/666 510/667 503/650
f 600/649 602/666 508/663 505/668
f 623/669 624/670 515/671 511/672
f 627/673 513/674 517/675 628/676
f 619/677 512/672 516/671 620/678
f 615/669 511/672 515/679 616/680
f 476/681 548/682 547/683 475/684
f 453/685 525/686 524/687 452/688
f 464/689 536/690 535/691 463/692
f 473/693 545/694 544/695 472/696
f 462/697 534/698 533/699 461/700
f 482/701 554/702 546/703 474/704
f 471/705 543/706 542/707 470/708
f 460/709 532/710 531/711 459/712
f 481/713 553/714 552/715 480/716
f 469/717 541/718 540/719 468/720
f 458/721 530/722 529/723 457/724
f 479/725 551/726 550/727 478/728
f 456/729 528/730 527/731 455/732
f 467/733 539/734 538/735 466/736
f 477/737 549/738 548/682 476/681
f 454/739 526/740 525/686 453/685
f 465/741 537/742 536/690 464/689
f 474/704 546/703 545/694 473/693
f 452/688 524/687 523/743 451/744
f 463/692 535/691 534/698 462/697
f 475/684 547/683 554/702 482/701
f 472/696 544/695 543/706 471/705
f 461/700 533/699 532/710 460/709
f 451/744 523/743 553/714 481/713
f 470/708 542/707 541/718 469/717
f 459/712 531/711 530/722 458/721
f 480/716 552/715 551/726 479/725
f 468/720 540/719 539/734 467/733
f 457/724 529/723 528/730 456/729
f 478/728 550/727 549/738 477/737
f 455/732 527/731 526/740 454/739
f 466/736 538/735 537/742 465/741
f 431/745 567/746 568/747 432/748
f 424/749 560/750 561/751 425/752
f 437/753 573/754 574/755 438/756
f 443/757 579/758 580/759 444/760
f 435/761 571/762 572/763 436/764
f 425/752 561/751 562/765 426/766
f 448/767 584/768 585/769 449/770
f 440/771 576/772 577/773 441/774
f 423/775 559/776 560/750 424/749
f 446/777 582/778 583/779 447/780
f 434/781 570/782 571/762 435/761
f 420/783 556/784 557/785 421/786
f 444/760 580/759 581/787 445/788
f 427/789 563/790 564/791 428/792
f 430/793 566/794 567/746 431/745
f 449/770 585/769 586/795 450/796
f 450/796 586/795 556/784 420/783
f 429/797 565/798 566/794 430/793
f 438/756 574/755 575/799 439/800
f 419/801 555/802 563/790 427/789
f 447/780 583/779 584/768 448/767
f 436/764 572/763 573/754 437/753
f 422/803 558/804 559/776 423/775
f 445/788 581/787 582/778 446/777
f 433/805 569/806 570/782 434/781
f 428/792 564/791 565/798 429/797
f 442/807 578/808 579/758 443/757
f 421/786 557/785 558/804 422/803
f 439/800 575/799 576/772 440/771
f 441/774 577/773 578/808 442/807
f 426/766 562/765 555/802 419/801
f 432/748 568/747 569/806 433/805
f 637/809 638/810 587/811 519/812
f 581/787 643/813 582/778
f 584/768 643/813 585/769
f 583/779 643/813 584/768
f 579/758 643/813 580/759
f 585/769 643/813 586/795
f 644/814 643/813 578/808
f 521/815 589/811 644/814 642/809
f 573/754 644/814 574/755
f 561/751 646/816 562/765
f 558/804 646/816 559/776
f 559/776 646/816 560/750
f 556/784 646/816 557/785
f 557/785 646/816 558/804
f 562/765 646/816 555/802
f 586/795 646/816 556/784
f 560/750 646/816 561/751
f 563/790 642/809 564/791
f 564/791 642/809 565/798
f 555/802 642/809 563/790
f 565/798 642/809 566/794
f 568/747 642/809 569/806
f 566/794 642/809 567/746
f 569/806 642/809 570/782
f 567/746 642/809 568/747
f 539/734 640/817 538/735
f 575/799 644/814 576/772
f 570/782 644/814 571/762
f 576/772 644/814 577/773
f 572/763 644/814 573/754
f 571/762 644/814 572/763
f 574/755 644/814 575/799
f 577/773 644/814 578/808
f 493/818 494/819 591/649 592/648
f 497/820 498/821 592/652 594/665
f 594/665 592/652 500/822 506/823
f 495/824 496/825 613/666 614/649
f 617/826 615/669 616/680 618/827
f 499/828 596/649 593/666 500/829
f 500/668 593/658 595/648 506/663
f 593/658 597/656 599/653 595/648
f 596/649 598/652 597/665 593/666
f 605/656 604/653 601/648 602/658
f 603/652 605/665 602/666 600/649
f 510/664 504/654 604/653 605/656
f 503/664 510/823 605/665 603/652
f 611/830 610/831 607/662 608/661
f 609/652 611/665 608/666 606/649
f 509/664 502/823 610/831 611/830
f 501/822 509/823 611/665 609/652
f 491/832 492/620 614/653 612/652
f 614/649 613/666 502/651 509/650
f 512/674 617/826 618/827 516/675
f 622/673 619/677 620/678 621/833
f 494/819 491/832 612/652 591/649
f 496/825 497/820 594/665 613/666
f 592/652 498/821 495/824 614/649
f 493/818 592/648 614/653 492/620
f 513/674 622/673 621/833 517/834
f 625/826 626/835 624/670 623/669
f 514/674 518/834 626/835 625/826
f 629/677 627/673 628/676 630/836
f 514/672 629/677 630/836 518/679
f 633/837 631/809 632/810 634/838
f 631/809 520/839 588/840 632/810
f 522/841 590/842 636/843 635/816
f 635/816 636/843 638/810 637/809
f 538/735 640/817 537/742
f 537/742 640/817 536/690
f 588/844 520/845 645/846 641/843
f 536/690 640/817 535/691
f 535/691 640/817 534/698
f 534/698 640/817 533/699
f 533/699 640/817 532/710
f 532/710 640/817 531/711
f 519/815 587/811 640/817 639/809
f 555/802 646/816 642/809
f 527/731 641/843 526/740
f 528/730 641/843 527/731
f 529/723 641/843 528/730
f 530/722 641/843 529/723
f 531/711 641/843 530/722
f 526/740 641/843 525/686
f 525/686 641/843 524/687
f 524/687 641/843 523/743
f 640/817 641/843 531/711
f 643/813 590/844 522/845 646/816
f 586/795 643/813 646/816
f 540/719 639/809 539/734
f 541/718 639/809 540/719
f 542/707 639/809 541/718
f 543/706 639/809 542/707
f 544/695 639/809 543/706
f 545/694 639/809 544/695
f 546/703 639/809 545/694
f 554/702 639/809 546/703
f 641/843 645/846 523/743
f 548/682 645/846 547/683
f 549/738 645/846 548/682
f 550/727 645/846 549/738
f 551/726 645/846 550/727
f 552/715 645/846 551/726
f 547/683 645/846 554/702
f 523/743 645/846 553/714
f 553/714 645/846 552/715
f 645/846 639/809 554/702
f 582/778 643/813 583/779
f 578/808 643/813 579/758
f 580/759 643/813 581/787
f 642/809 644/814 570/782
f 639/809 640/817 539/734
f 521/841 633/837 634/838 589/847
f 647/848 650/849 654/850 651/851
f 649/852 648/853 652/854 653/855
f 712/856 704/857 657/858 658/859
f 650/860 649/861 653/862 654/863
f 687/864 679/865 656/859 655/866
f 648/861 647/860 651/863 652/862
f 651/851 654/850 659/867 660/868
f 662/869 697/870 680/871 652/872
f 679/856 712/857 658/858 656/859
f 659/873 654/863 653/862 661/874
f 681/875 696/876 710/877 713/878
f 651/863 660/873 662/874 652/862
f 694/879 688/878 703/875 699/880
f 702/878 714/875 709/880 700/879
f 655/881 657/882 704/857 687/865
f 720/883 727/884 783/885 776/886
f 653/887 686/888 693/889 661/890
f 728/891 719/892 664/893 663/894
f 740/883 721/884 775/885 797/886
f 791/895 747/891 674/894 672/893
f 726/883 735/884 762/885 784/886
f 812/892 676/893 678/894 826/891
f 768/896 756/897 804/885 819/886
f 755/896 749/897 824/885 805/886
f 826/895 678/893 677/894 803/891
f 777/892 668/893 670/894 798/891
f 789/896 769/897 818/885 811/886
f 748/896 790/897 810/885 825/886
f 734/883 741/884 796/885 763/886
f 663/893 665/894 733/891 728/895
f 742/898 733/899 665/894 666/900
f 719/892 742/891 666/894 664/893
f 667/893 782/895 761/891 669/894
f 770/891 791/892 672/893 671/894
f 798/898 670/900 669/894 761/899
f 747/892 754/891 673/894 674/893
f 671/893 673/894 754/891 770/895
f 782/891 667/894 668/893 777/892
f 675/893 817/892 803/891 677/894
f 817/891 675/894 676/893 812/892
f 679/865 682/901 683/902 685/903
f 680/871 684/904 683/905 682/906
f 681/875 685/907 683/908 684/909
f 686/888 689/910 690/911 692/912
f 687/864 691/913 690/914 689/915
f 688/878 692/904 690/905 691/916
f 702/878 705/917 706/918 708/916
f 703/875 707/907 706/919 705/920
f 704/857 708/921 706/914 707/922
f 712/856 715/923 716/924 718/925
f 713/878 717/917 716/926 715/916
f 714/875 718/907 716/919 717/920
f 719/892 722/927 723/928 725/929
f 720/883 724/930 723/931 722/932
f 721/884 725/933 723/934 724/935
f 726/883 729/930 730/936 732/937
f 727/884 731/938 730/934 729/935
f 728/895 732/939 730/928 731/927
f 733/891 736/940 737/941 739/942
f 734/883 738/943 737/936 736/932
f 735/884 739/933 737/934 738/935
f 740/883 743/930 744/931 746/937
f 741/884 745/938 744/934 743/935
f 742/891 746/942 744/941 745/940
f 747/891 750/944 751/941 753/940
f 748/896 752/945 751/931 750/937
f 749/897 753/933 751/934 752/946
f 754/891 757/940 758/947 760/944
f 755/896 759/948 758/936 757/937
f 756/897 760/933 758/949 759/950
f 761/891 764/942 765/941 767/940
f 762/885 766/951 765/952 764/953
f 763/886 767/944 765/954 766/955
f 768/896 771/945 772/931 774/937
f 769/897 773/933 772/934 771/946
f 770/895 774/956 772/957 773/927
f 775/885 778/951 779/952 781/953
f 776/886 780/944 779/958 778/959
f 777/892 781/929 779/928 780/927
f 782/895 785/927 786/928 788/939
f 783/885 787/951 786/952 785/953
f 784/886 788/944 786/954 787/959
f 789/896 792/945 793/931 795/937
f 790/897 794/933 793/949 792/950
f 791/895 795/927 793/928 794/956
f 796/885 799/951 800/952 802/953
f 797/886 801/944 800/958 799/959
f 798/891 802/940 800/941 801/942
f 803/891 806/942 807/941 809/940
f 804/885 808/960 807/961 806/929
f 805/886 809/942 807/962 808/955
f 810/885 813/960 814/961 816/929
f 811/886 815/942 814/963 813/959
f 812/892 816/929 814/928 815/964
f 817/892 820/964 821/965 823/953
f 818/885 822/951 821/966 820/929
f 819/886 823/942 821/963 822/959
f 824/885 827/951 828/966 830/929
f 825/886 829/942 828/963 827/959
f 826/891 830/940 828/941 829/942
f 679/865 687/864 689/915 682/901
f 682/906 689/910 686/888 680/871
f 702/878 700/879 701/967 705/917
f 705/920 701/968 699/880 703/875
f 713/878 710/877 711/969 717/917
f 717/920 711/968 709/880 714/875
f 714/875 702/878 708/916 718/907
f 718/925 708/921 704/857 712/856
f 712/857 679/856 685/925 715/921
f 715/916 685/907 681/875 713/878
f 680/871 697/870 698/969 684/904
f 684/909 698/970 696/876 681/875
f 688/878 694/879 695/967 692/904
f 692/912 695/971 693/889 686/888
f 703/875 688/878 691/916 707/907
f 707/921 691/972 687/865 704/857
f 719/892 728/891 731/942 722/929
f 722/932 731/938 727/884 720/883
f 741/884 734/883 736/932 745/938
f 745/939 736/942 733/899 742/898
f 742/891 719/892 725/929 746/942
f 746/937 725/933 721/884 740/883
f 735/884 726/883 732/937 739/933
f 739/942 732/939 728/895 733/891
f 734/883 763/886 766/955 738/943
f 738/935 766/951 762/885 735/884
f 747/891 791/895 794/956 750/944
f 750/937 794/933 790/897 748/896
f 776/886 783/885 785/953 780/944
f 780/929 785/942 782/891 777/892
f 749/897 755/896 757/937 753/933
f 753/953 757/944 754/891 747/892
f 797/886 775/885 781/953 801/944
f 801/942 781/929 777/892 798/891
f 791/892 770/891 773/944 795/953
f 795/937 773/933 769/897 789/896
f 798/898 761/899 767/942 802/939
f 802/953 767/944 763/886 796/885
f 761/891 782/895 788/939 764/942
f 764/953 788/944 784/886 762/885
f 783/885 727/884 729/935 787/951
f 787/959 729/930 726/883 784/886
f 796/885 741/884 743/935 799/951
f 799/959 743/930 740/883 797/886
f 720/883 776/886 778/959 724/930
f 724/935 778/951 775/885 721/884
f 756/897 768/896 774/937 760/933
f 760/944 774/956 770/895 754/891
f 755/896 805/886 808/955 759/948
f 759/950 808/960 804/885 756/897
f 811/886 818/885 820/929 815/942
f 815/953 820/944 817/891 812/892
f 825/886 810/885 816/929 829/942
f 829/942 816/929 812/892 826/891
f 826/895 803/891 809/944 830/956
f 830/929 809/942 805/886 824/885
f 803/891 817/892 823/953 806/942
f 806/929 823/942 819/886 804/885
f 818/885 769/897 771/946 822/951
f 822/959 771/945 768/896 819/886
f 824/885 749/897 752/946 827/951
f 827/959 752/945 748/896 825/886
f 789/896 811/886 813/959 792/945
f 792/950 813/960 810/885 790/897
f 653/887 652/872 680/871 686/888
o Clock_MinuteArm
v -2.285000 -0.049999 16.932478
v -2.285000 -0.005000 18.070002
v -2.255000 -0.005000 18.070002
v -2.255000 -0.049999 16.932478
v -2.285000 -0.056403 17.401239
v -2.255000 -0.056403 17.401239
v -2.255000 -0.091644 17.166859
v -2.285000 -0.091644 17.166859
v -2.255000 -0.088106 17.049667
v -2.285000 -0.088106 17.049667
v -2.255000 -0.070515 17.284048
v -2.285000 -0.070515 17.284048
v -2.285000 -0.072743 17.870001
v -2.255000 -0.072743 17.870001
v -2.285000 -0.039450 17.635620
v -2.285000 -0.065397 16.991072
v -2.255000 -0.065397 16.991072
v -2.255000 -0.039450 17.635620
v -2.285000 -0.046368 17.518429
v -2.255000 -0.046368 17.518429
v -2.285000 -0.042141 17.752810
v -2.285000 -0.097098 17.108263
v -2.255000 -0.097098 17.108263
v -2.255000 -0.042141 17.752810
v -2.285000 -0.061988 17.811405
v -2.255000 -0.061988 17.811405
v -2.285000 -0.047766 17.970001
v -2.255000 -0.047766 17.970001
v -2.285000 -0.065926 17.920000
v -2.255000 -0.065926 17.920000
v -2.285000 -0.027291 18.020000
v -2.255000 -0.027291 18.020000
v -2.285000 -0.037066 17.694216
v -2.255000 -0.037066 17.694216
v -2.285000 0.049999 16.932478
v -2.285000 0.004998 18.070002
v -2.255000 0.004998 18.070002
v -2.255000 0.049999 16.932478
v -2.285000 0.056402 17.401239
v -2.255000 0.056402 17.401239
v -2.255000 0.091644 17.166859
v -2.285000 0.091644 17.166859
v -2.255000 0.088106 17.049667
v -2.285000 0.088106 17.049667
v -2.255000 0.070514 17.284048
v -2.285000 0.070514 17.284048
v -2.285000 0.072742 17.870001
v -2.295000 -0.000000 16.991072
v -2.255000 -0.000000 16.991072
v -2.255000 0.072742 17.870001
v -2.285000 0.039449 17.635620
v -2.285000 0.065397 16.991074
v -2.255000 0.065397 16.991074
v -2.255000 0.039449 17.635620
v -2.285000 0.046367 17.518429
v -2.255000 -0.000000 17.108263
v -2.295000 -0.000000 17.108263
v -2.255000 0.046367 17.518429
v -2.285000 0.042140 17.752810
v -2.285000 0.097097 17.108263
v -2.255000 0.097097 17.108263
v -2.255000 0.042140 17.752810
v -2.295000 -0.000000 16.932478
v -2.295000 -0.000001 18.074997
v -2.255000 -0.000001 18.074997
v -2.255000 -0.000000 16.932478
v -2.295000 -0.000000 17.401239
v -2.255000 -0.000000 17.401239
v -2.255000 -0.000000 17.166859
v -2.295000 -0.000000 17.166859
v -2.255000 -0.000000 17.049667
v -2.295000 -0.000000 17.049667
v -2.295000 -0.000000 17.284048
v -2.255000 -0.000000 17.284048
v -2.295000 -0.000001 17.870001
v -2.255000 -0.000001 17.870001
v -2.255000 -0.000000 17.635620
v -2.295000 -0.000000 17.635620
v -2.255000 -0.000000 17.518429
v -2.295000 -0.000000 17.518429
v -2.295000 -0.000001 17.752810
v -2.255000 -0.000001 17.752810
v -2.285000 0.061986 17.811405
v -2.255000 0.061986 17.811405
v -2.295000 -0.000001 17.811405
v -2.255000 -0.000001 17.811405
v -2.285000 0.047765 17.970001
v -2.255000 0.047765 17.970001
v -2.295000 -0.000001 17.970001
v -2.255000 -0.000001 17.970001
v -2.295000 -0.000001 17.920000
v -2.285000 0.065925 17.920000
v -2.255000 0.065925 17.920000
v -2.255000 -0.000001 17.920000
v -2.285000 0.027290 18.020000
v -2.255000 0.027290 18.020000
v -2.255000 -0.000001 18.020000
v -2.295000 -0.000001 18.020000
v -2.285000 0.037065 17.694216
v -2.255000 0.037065 17.694216
v -2.255000 -0.000001 17.694216
v -2.295000 -0.000001 17.694216
v -2.250000 -0.000000 16.915001
v -2.250000 -0.017221 16.911575
v -2.250000 -0.031820 16.901821
v -2.250000 -0.041574 16.887222
v -2.250000 -0.045000 16.870001
v -2.250000 -0.041574 16.852779
v -2.250000 -0.031820 16.838181
v -2.250000 -0.017221 16.828426
v -2.250000 0.000000 16.825001
v -2.250000 0.017221 16.828426
v -2.250000 0.031820 16.838181
v -2.250000 0.041574 16.852779
v -2.250000 0.045000 16.870001
v -2.250000 0.041574 16.887222
v -2.250000 0.031820 16.901821
v -2.250000 0.017221 16.911575
v -2.250000 -0.000000 16.960001
v -2.250000 -0.034441 16.953150
v -2.250000 -0.063639 16.933640
v -2.250000 -0.083147 16.904442
v -2.250000 -0.089998 16.870001
v -2.250000 -0.083147 16.835560
v -2.250000 -0.063639 16.806360
v -2.250000 -0.034441 16.786852
v -2.250000 0.000002 16.780001
v -2.250000 0.034445 16.786852
v -2.250000 0.063643 16.806362
v -2.250000 0.083151 16.835560
v -2.250000 0.090002 16.870001
v -2.250000 0.083151 16.904442
v -2.250000 0.063642 16.933641
v -2.250000 0.034445 16.953150
v -2.300000 -0.000000 16.915001
v -2.300000 -0.017221 16.911575
v -2.300000 -0.031820 16.901821
v -2.300000 -0.041574 16.887222
v -2.300000 -0.045000 16.870001
v -2.300000 -0.041574 16.852779
v -2.300000 -0.031820 16.838181
v -2.300000 -0.017221 16.828426
v -2.300000 0.000000 16.825001
v -2.300000 0.017221 16.828426
v -2.300000 0.031820 16.838181
v -2.300000 0.041574 16.852779
v -2.300000 0.045000 16.870001
v -2.300000 0.041574 16.887222
v -2.300000 0.031820 16.901821
v -2.300000 0.017221 16.911575
v -2.300000 -0.000002 16.960001
v -2.300000 -0.034443 16.953150
v -2.300000 -0.063641 16.933640
v -2.300000 -0.083149 16.904442
v -2.300000 -0.090000 16.870001
v -2.300000 -0.083149 16.835560
v -2.300000 -0.063641 16.806360
v -2.300000 -0.034443 16.786852
v -2.300000 0.000000 16.780001
v -2.300000 0.034443 16.786852
v -2.300000 0.063641 16.806362
v -2.300000 0.083149 16.835560
v -2.300000 0.090000 16.870001
v -2.300000 0.083149 16.904442
v -2.300000 0.063641 16.933641
v -2.300000 0.034443 16.953150
v 2.285000 0.049996 16.932478
v 2.285000 0.004997 18.070002
v 2.255000 0.004997 18.070002
v 2.255000 0.049996 16.932478
v 2.285000 0.056400 17.401239
v 2.255000 0.056400 17.401239
v 2.255000 0.091642 17.166859
v 2.285000 0.091642 17.166859
v 2.255000 0.088103 17.049667
v 2.285000 0.088103 17.049667
v 2.255000 0.070512 17.284048
v 2.285000 0.070512 17.284048
v 2.285000 0.072740 17.870001
v 2.255000 0.072740 17.870001
v 2.285000 0.039447 17.635620
v 2.285000 0.065394 16.991072
v 2.255000 0.065394 16.991072
v 2.255000 0.039447 17.635620
v 2.285000 0.046365 17.518429
v 2.255000 0.046365 17.518429
v 2.285000 0.042139 17.752810
v 2.285001 0.097095 17.108263
v 2.255000 0.097095 17.108263
v 2.255000 0.042139 17.752810
v 2.285000 0.061985 17.811405
v 2.255000 0.061985 17.811405
v 2.285000 0.047764 17.970001
v 2.255000 0.047764 17.970001
v 2.285000 0.065923 17.920000
v 2.255000 0.065923 17.920000
v 2.285000 0.027288 18.020000
v 2.255000 0.027288 18.020000
v 2.285000 0.037063 17.694216
v 2.255000 0.037063 17.694216
v 2.285000 -0.050002 16.932478
v 2.285000 -0.005001 18.070002
v 2.255000 -0.005001 18.070002
v 2.255000 -0.050002 16.932478
v 2.285000 -0.056405 17.401239
v 2.255000 -0.056405 17.401239
v 2.255000 -0.091647 17.166859
v 2.285000 -0.091647 17.166859
v 2.255000 -0.088109 17.049667
v 2.285000 -0.088109 17.049667
v 2.255000 -0.070517 17.284048
v 2.285000 -0.070517 17.284048
v 2.285000 -0.072745 17.870001
v 2.295000 -0.000003 16.991072
v 2.255000 -0.000003 16.991072
v 2.255000 -0.072745 17.870001
v 2.285000 -0.039452 17.635620
v 2.285000 -0.065400 16.991074
v 2.255000 -0.065400 16.991074
v 2.255000 -0.039452 17.635620
v 2.285000 -0.046370 17.518429
v 2.255000 -0.000003 17.108263
v 2.295000 -0.000003 17.108263
v 2.255000 -0.046370 17.518429
v 2.285000 -0.042143 17.752810
v 2.285000 -0.097100 17.108263
v 2.255000 -0.097100 17.108263
v 2.255000 -0.042143 17.752810
v 2.295000 -0.000003 16.932478
v 2.295000 -0.000002 18.074997
v 2.255000 -0.000002 18.074997
v 2.255000 -0.000003 16.932478
v 2.295000 -0.000003 17.401239
v 2.255000 -0.000003 17.401239
v 2.255000 -0.000003 17.166859
v 2.295000 -0.000003 17.166859
v 2.255000 -0.000003 17.049667
v 2.295000 -0.000003 17.049667
v 2.295000 -0.000003 17.284048
v 2.255000 -0.000003 17.284048
v 2.295000 -0.000002 17.870001
v 2.255000 -0.000002 17.870001
v 2.255000 -0.000002 17.635620
v 2.295000 -0.000002 17.635620
v 2.255000 -0.000002 17.518429
v 2.295000 -0.000003 17.518429
v 2.295000 -0.000002 17.752810
v 2.255000 -0.000002 17.752810
v 2.285000 -0.061989 17.811405
v 2.255000 -0.061989 17.811405
v 2.295000 -0.000002 17.811405
v 2.255000 -0.000002 17.811405
v 2.285000 -0.047768 17.970001
v 2.255000 -0.047768 17.970001
v 2.295000 -0.000002 17.970001
v 2.255000 -0.000002 17.970001
v 2.295000 -0.000002 17.920000
v 2.285000 -0.065928 17.920000
v 2.255000 -0.065928 17.920000
v 2.255000 -0.000002 17.920000
v 2.285000 -0.027293 18.020000
v 2.255000 -0.027293 18.020000
v 2.255000 -0.000002 18.020000
v 2.295000 -0.000002 18.020000
v 2.285000 -0.037068 17.694216
v 2.255000 -0.037068 17.694216
v 2.255000 -0.000002 17.694216
v 2.295000 -0.000002 17.694216
v 2.250000 -0.000003 16.915001
v 2.250000 0.017219 16.911575
v 2.250000 0.031817 16.901821
v 2.250000 0.041572 16.887222
v 2.250000 0.044997 16.870001
v 2.250000 0.041572 16.852779
v 2.250000 0.031817 16.838181
v 2.250000 0.017219 16.828426
v 2.250000 -0.000003 16.825001
v 2.250000 -0.017224 16.828426
v 2.250000 -0.031823 16.838181
v 2.250000 -0.041577 16.852779
v 2.250000 -0.045003 16.870001
v 2.250000 -0.041577 16.887222
v 2.250000 -0.031823 16.901821
v 2.250000 -0.017224 16.911575
v 2.250000 -0.000003 16.960001
v 2.250000 0.034438 16.953150
v 2.250000 0.063636 16.933640
v 2.250000 0.083144 16.904442
v 2.250000 0.089995 16.870001
v 2.250000 0.083144 16.835560
v 2.250000 0.063636 16.806360
v 2.250000 0.034438 16.786852
v 2.250000 -0.000005 16.780001
v 2.250000 -0.034448 16.786852
v 2.250000 -0.063645 16.806362
v 2.250000 -0.083154 16.835560
v 2.250000 -0.090005 16.870001
v 2.250000 -0.083154 16.904442
v 2.250000 -0.063645 16.933641
v 2.250000 -0.034448 16.953150
v 2.300000 -0.000003 16.915001
v 2.300000 0.017219 16.911575
v 2.300000 0.031817 16.901821
v 2.300000 0.041572 16.887222
v 2.300000 0.044997 16.870001
v 2.300000 0.041572 16.852779
v 2.300000 0.031817 16.838181
v 2.300000 0.017218 16.828426
v 2.300000 -0.000003 16.825001
v 2.300000 -0.017224 16.828426
v 2.300000 -0.031823 16.838181
v 2.300000 -0.041577 16.852779
v 2.300000 -0.045003 16.870001
v 2.300000 -0.041577 16.887222
v 2.300000 -0.031823 16.901821
v 2.300000 -0.017224 16.911575
v 2.300000 -0.000001 16.960001
v 2.300000 0.034440 16.953150
v 2.300000 0.063638 16.933640
v 2.300000 0.083146 16.904442
v 2.300000 0.089997 16.870001
v 2.300000 0.083146 16.835560
v 2.300000 0.063638 16.806360
v 2.300000 0.034440 16.786852
v 2.300000 -0.000003 16.780001
v 2.300000 -0.034446 16.786852
v 2.300000 -0.063644 16.806362
v 2.300000 -0.083152 16.835560
v 2.300000 -0.090003 16.870001
v 2.300000 -0.083152 16.904442
v 2.300000 -0.063643 16.933641
v 2.300000 -0.034446 16.953150
vt 0.950981 0.364631
vt 0.950590 0.381980
vt 0.941082 0.381764
vt 0.941479 0.364420
vt 0.967867 0.014833
vt 0.972650 0.033293
vt 0.951818 0.033291
vt 0.951817 0.014837
vt 0.951601 0.128235
vt 0.952012 0.165422
vt 0.942568 0.165513
vt 0.942151 0.128351
vt 0.949807 0.014403
vt 0.950160 0.033563
vt 0.940676 0.033734
vt 0.940321 0.014579
vt 0.950817 0.072146
vt 0.951097 0.090708
vt 0.941642 0.090844
vt 0.941353 0.072297
vt 0.950510 0.053427
vt 0.941035 0.053591
vt 0.924038 0.052366
vt 0.931215 0.033815
vt 0.951914 0.033810
vt 0.951920 0.052352
vt 0.922949 0.089448
vt 0.921208 0.070911
vt 0.951927 0.070891
vt 0.951936 0.089427
vt 0.952195 0.295912
vt 0.951946 0.314725
vt 0.942475 0.314581
vt 0.942736 0.295804
vt 0.952307 0.202450
vt 0.952461 0.239396
vt 0.943024 0.239416
vt 0.942869 0.202507
vt 0.979743 0.051759
vt 0.982556 0.070209
vt 0.951818 0.070204
vt 0.951818 0.051749
vt 0.952459 0.257866
vt 0.952373 0.276402
vt 0.942925 0.276334
vt 0.943018 0.257842
vt 0.960508 0.357992
vt 0.954653 0.374158
vt 0.951160 0.375689
vt 0.951253 0.358183
vt 0.950540 0.384220
vt 0.937857 0.383933
vt 0.936085 0.015264
vt 0.951912 0.015264
vt 0.974237 0.125566
vt 0.969838 0.162481
vt 0.951790 0.162474
vt 0.951807 0.125563
vt 0.937399 0.200535
vt 0.934170 0.163541
vt 0.951984 0.163520
vt 0.952026 0.200510
vt 0.929665 0.126505
vt 0.951957 0.126486
vt 0.980847 0.088659
vt 0.951816 0.088656
vt 0.971413 0.292009
vt 0.974701 0.310555
vt 0.951478 0.310461
vt 0.951555 0.291921
vt 0.931752 0.326834
vt 0.929536 0.311158
vt 0.952358 0.311049
vt 0.952432 0.326731
vt 0.940480 0.255914
vt 0.939664 0.237473
vt 0.952088 0.237442
vt 0.952135 0.255873
vt 0.966716 0.199423
vt 0.964556 0.236396
vt 0.951711 0.236378
vt 0.951759 0.199410
vt 0.963801 0.254902
vt 0.965311 0.273431
vt 0.951622 0.273388
vt 0.951675 0.254876
vt 0.932821 0.292754
vt 0.938965 0.274333
vt 0.952198 0.274279
vt 0.952275 0.292666
vt 0.951680 0.330682
vt 0.951350 0.347518
vt 0.941856 0.347320
vt 0.942197 0.330507
vt 0.972502 0.326356
vt 0.966788 0.342157
vt 0.951332 0.342146
vt 0.951406 0.326286
vt 0.944036 0.358138
vt 0.937530 0.342489
vt 0.952513 0.342410
vt 0.952595 0.358091
vt 0.951121 0.373778
vt 0.952699 0.375334
vt 0.952271 0.365544
vt 0.961397 0.365795
vt 0.960925 0.382436
vt 0.951806 0.382177
vt 0.935765 0.014833
vt 0.930985 0.033294
vt 0.954216 0.131032
vt 0.963812 0.130992
vt 0.963903 0.168683
vt 0.954347 0.168699
vt 0.953250 0.014930
vt 0.962962 0.014833
vt 0.963153 0.034447
vt 0.953450 0.034543
vt 0.953837 0.073966
vt 0.963498 0.073888
vt 0.963620 0.092822
vt 0.953990 0.092882
vt 0.963342 0.054761
vt 0.953656 0.054851
vt 0.979796 0.052345
vt 0.972608 0.033807
vt 0.980920 0.089417
vt 0.982642 0.070882
vt 0.953736 0.299061
vt 0.963009 0.299220
vt 0.962635 0.317594
vt 0.953411 0.317404
vt 0.954375 0.206066
vt 0.963884 0.206081
vt 0.963734 0.243208
vt 0.954280 0.243159
vt 0.923895 0.051758
vt 0.921083 0.070205
vt 0.954177 0.261562
vt 0.963571 0.261650
vt 0.963333 0.280025
vt 0.954001 0.279900
vt 0.942004 0.357899
vt 0.947686 0.374120
vt 0.963903 0.384671
vt 0.951742 0.384321
vt 0.967734 0.015264
vt 0.929382 0.125550
vt 0.933746 0.162456
vt 0.966648 0.200494
vt 0.969796 0.163509
vt 0.974248 0.126477
vt 0.922789 0.088650
vt 0.931706 0.291854
vt 0.928263 0.310357
vt 0.973104 0.326631
vt 0.975170 0.310945
vt 0.963783 0.255845
vt 0.964507 0.237420
vt 0.936805 0.199390
vt 0.938870 0.236354
vt 0.939556 0.254844
vt 0.937943 0.273341
vt 0.971718 0.292585
vt 0.965425 0.274233
vt 0.953089 0.332867
vt 0.962271 0.333083
vt 0.961850 0.349340
vt 0.952702 0.349104
vt 0.930319 0.326165
vt 0.935882 0.342009
vt 0.961151 0.358043
vt 0.967488 0.342334
vt 0.954256 0.373758
vt 0.963302 0.063650
vt 0.959388 0.059733
vt 0.967278 0.047935
vt 0.975106 0.055771
vt 0.954272 0.057613
vt 0.948734 0.057612
vt 0.945967 0.043689
vt 0.957045 0.043691
vt 0.943617 0.059731
vt 0.939700 0.063648
vt 0.927898 0.055763
vt 0.935731 0.047929
vt 0.943613 0.083336
vt 0.948728 0.085455
vt 0.945961 0.099373
vt 0.935729 0.095136
vt 0.937580 0.068765
vt 0.937579 0.074303
vt 0.923659 0.077073
vt 0.923659 0.065997
vt 0.954265 0.085455
vt 0.959381 0.083336
vt 0.967264 0.095134
vt 0.957035 0.099373
vt 0.939698 0.079420
vt 0.927898 0.087305
vt 0.963298 0.079419
vt 0.965418 0.074303
vt 0.979334 0.077076
vt 0.975094 0.087304
vt 0.965420 0.068766
vt 0.979338 0.066004
vt 0.967581 0.023061
vt 0.967579 0.034138
vt 0.951809 0.034134
vt 0.951811 0.023056
vt 0.967567 0.144892
vt 0.967569 0.155966
vt 0.951800 0.155969
vt 0.951798 0.144894
vt 0.967576 0.045214
vt 0.967574 0.056289
vt 0.951803 0.056286
vt 0.951806 0.045209
vt 0.967571 0.167040
vt 0.967574 0.178114
vt 0.951806 0.178118
vt 0.951803 0.167044
vt 0.967571 0.067365
vt 0.967569 0.078440
vt 0.951799 0.078438
vt 0.951801 0.067362
vt 0.967578 0.189188
vt 0.967581 0.200262
vt 0.951814 0.200266
vt 0.951810 0.189192
vt 0.967567 0.089515
vt 0.967566 0.100591
vt 0.951796 0.100590
vt 0.951797 0.089514
vt 0.967565 0.111667
vt 0.967565 0.122742
vt 0.951795 0.122743
vt 0.951795 0.111666
vt 0.967566 0.133817
vt 0.951796 0.133819
vt 0.954268 0.057845
vt 0.957037 0.043925
vt 0.967270 0.048164
vt 0.959384 0.059966
vt 0.975100 0.055995
vt 0.963300 0.063881
vt 0.979338 0.066227
vt 0.965419 0.068995
vt 0.979338 0.077301
vt 0.965419 0.074533
vt 0.975101 0.087532
vt 0.963300 0.079650
vt 0.967271 0.095365
vt 0.959385 0.083565
vt 0.957040 0.099604
vt 0.954269 0.085684
vt 0.945964 0.099605
vt 0.948732 0.085685
vt 0.935730 0.095368
vt 0.943615 0.083566
vt 0.927897 0.087535
vt 0.939699 0.079648
vt 0.923659 0.077300
vt 0.937580 0.074532
vt 0.923660 0.066226
vt 0.937580 0.068993
vt 0.927899 0.055992
vt 0.939699 0.063877
vt 0.935730 0.048161
vt 0.943615 0.059961
vt 0.945962 0.043924
vt 0.948730 0.057844
vt 0.951379 0.365085
vt 0.951488 0.382257
vt 0.942078 0.382318
vt 0.941966 0.365144
vt 0.972659 0.033246
vt 0.951876 0.033246
vt 0.951875 0.014838
vt 0.951173 0.129193
vt 0.951075 0.166462
vt 0.941609 0.166444
vt 0.941691 0.129167
vt 0.951502 0.014852
vt 0.951460 0.034110
vt 0.941929 0.034089
vt 0.941967 0.014833
vt 0.951353 0.072879
vt 0.951291 0.091523
vt 0.941794 0.091495
vt 0.941842 0.072853
vt 0.951409 0.054071
vt 0.941886 0.054048
vt 0.924128 0.051706
vt 0.931276 0.033269
vt 0.951854 0.033271
vt 0.951853 0.051708
vt 0.923008 0.088582
vt 0.921296 0.070143
vt 0.951851 0.070147
vt 0.951849 0.088587
vt 0.951050 0.296898
vt 0.951115 0.315606
vt 0.941695 0.315646
vt 0.941622 0.296927
vt 0.951012 0.203546
vt 0.950983 0.240511
vt 0.941539 0.240509
vt 0.941559 0.203536
vt 0.979741 0.051666
vt 0.982554 0.070073
vt 0.950985 0.258961
vt 0.951005 0.277454
vt 0.941572 0.277472
vt 0.941547 0.258967
vt 0.961667 0.357952
vt 0.955930 0.374301
vt 0.952425 0.375883
vt 0.952348 0.358232
vt 0.951502 0.384474
vt 0.938956 0.384555
vt 0.936122 0.014834
vt 0.974288 0.125312
vt 0.969939 0.162153
vt 0.951928 0.162172
vt 0.951905 0.125328
vt 0.937213 0.199264
vt 0.934074 0.162357
vt 0.951833 0.162365
vt 0.951819 0.199275
vt 0.929647 0.125464
vt 0.951842 0.125469
vt 0.980858 0.088481
vt 0.951890 0.088495
vt 0.972067 0.291542
vt 0.975517 0.310137
vt 0.952187 0.310222
vt 0.952135 0.291598
vt 0.930611 0.326103
vt 0.928520 0.310246
vt 0.951573 0.310339
vt 0.951513 0.326190
vt 0.940052 0.254661
vt 0.939350 0.236181
vt 0.951788 0.236201
vt 0.951756 0.254693
vt 0.966890 0.199016
vt 0.964841 0.235930
vt 0.952010 0.235959
vt 0.951961 0.199038
vt 0.964175 0.254421
vt 0.965807 0.272954
vt 0.952089 0.272999
vt 0.952044 0.254457
vt 0.932011 0.291694
vt 0.938376 0.273170
vt 0.951707 0.273220
vt 0.951642 0.291774
vt 0.951186 0.331442
vt 0.951277 0.348131
vt 0.941863 0.348185
vt 0.941771 0.331489
vt 0.973441 0.326028
vt 0.967836 0.341960
vt 0.952288 0.342086
vt 0.952236 0.326131
vt 0.942732 0.357879
vt 0.936300 0.341986
vt 0.951453 0.342046
vt 0.951397 0.357912
vt 0.949755 0.373790
vt 0.951339 0.375383
vt 0.952757 0.364429
vt 0.962293 0.364458
vt 0.962245 0.381865
vt 0.952707 0.381838
vt 0.935863 0.014833
vt 0.931090 0.033251
vt 0.954586 0.127796
vt 0.964005 0.127902
vt 0.963607 0.164953
vt 0.954186 0.164857
vt 0.955968 0.014403
vt 0.965418 0.014523
vt 0.965170 0.033608
vt 0.955724 0.033487
vt 0.955241 0.071909
vt 0.964671 0.072028
vt 0.964440 0.090515
vt 0.955017 0.090403
vt 0.964912 0.053385
vt 0.955473 0.053264
vt 0.979578 0.051711
vt 0.972432 0.033272
vt 0.980691 0.088590
vt 0.982407 0.070150
vt 0.953053 0.295428
vt 0.962561 0.295480
vt 0.962469 0.314377
vt 0.952949 0.314331
vt 0.953816 0.201807
vt 0.963247 0.201897
vt 0.962923 0.238828
vt 0.953474 0.238748
vt 0.924014 0.051677
vt 0.921209 0.070090
vt 0.953318 0.257244
vt 0.962788 0.257313
vt 0.962671 0.275895
vt 0.953181 0.275834
vt 0.943025 0.358026
vt 0.948904 0.374332
vt 0.965418 0.384120
vt 0.952701 0.384085
vt 0.967587 0.014833
vt 0.929519 0.125336
vt 0.933914 0.162180
vt 0.966426 0.199280
vt 0.969594 0.162368
vt 0.974039 0.125471
vt 0.922917 0.088503
vt 0.932197 0.291649
vt 0.928850 0.310273
vt 0.972413 0.326260
vt 0.974626 0.310419
vt 0.963469 0.254712
vt 0.964230 0.236211
vt 0.937028 0.199050
vt 0.939175 0.235972
vt 0.939910 0.254472
vt 0.938364 0.273020
vt 0.971279 0.291837
vt 0.965046 0.273255
vt 0.952877 0.330354
vt 0.962404 0.330393
vt 0.962346 0.347288
vt 0.952814 0.347255
vt 0.931021 0.326160
vt 0.936732 0.342069
vt 0.960060 0.357939
vt 0.966604 0.342096
vt 0.952933 0.373798
vt 0.943615 0.083200
vt 0.948732 0.085320
vt 0.945962 0.099241
vt 0.935728 0.095002
vt 0.954270 0.085319
vt 0.959386 0.083200
vt 0.967272 0.094999
vt 0.957040 0.099241
vt 0.963301 0.079283
vt 0.965420 0.074167
vt 0.979338 0.076934
vt 0.975102 0.087166
vt 0.954271 0.057478
vt 0.948734 0.057478
vt 0.945964 0.043560
vt 0.957039 0.043560
vt 0.965420 0.068628
vt 0.963302 0.063512
vt 0.975101 0.055628
vt 0.979338 0.065860
vt 0.943618 0.059597
vt 0.939702 0.063513
vt 0.927903 0.055628
vt 0.935733 0.047797
vt 0.959386 0.059597
vt 0.967270 0.047797
vt 0.937582 0.068630
vt 0.937581 0.074168
vt 0.923659 0.076933
vt 0.923663 0.065857
vt 0.939699 0.079284
vt 0.927896 0.087169
vt 0.935785 0.200266
vt 0.935781 0.189190
vt 0.951551 0.189184
vt 0.951555 0.200261
vt 0.935770 0.078431
vt 0.935774 0.067356
vt 0.951543 0.067360
vt 0.951540 0.078435
vt 0.935777 0.178115
vt 0.935773 0.167039
vt 0.951542 0.167034
vt 0.951547 0.178109
vt 0.935777 0.056280
vt 0.935780 0.045206
vt 0.951549 0.045210
vt 0.951546 0.056285
vt 0.935769 0.155963
vt 0.935767 0.144888
vt 0.951536 0.144884
vt 0.951539 0.155959
vt 0.935783 0.034130
vt 0.935786 0.023056
vt 0.951555 0.023060
vt 0.951552 0.034135
vt 0.935765 0.133812
vt 0.935764 0.122736
vt 0.951534 0.122735
vt 0.951535 0.133810
vt 0.935765 0.111659
vt 0.935766 0.100583
vt 0.951536 0.100584
vt 0.951535 0.111660
vt 0.935768 0.089507
vt 0.951537 0.089510
vt 0.943183 0.083266
vt 0.935297 0.095067
vt 0.927466 0.087234
vt 0.939268 0.079350
vt 0.923229 0.077003
vt 0.937149 0.074234
vt 0.923231 0.065927
vt 0.937149 0.068697
vt 0.927469 0.055698
vt 0.939269 0.063580
vt 0.935299 0.047866
vt 0.943184 0.059664
vt 0.945529 0.043626
vt 0.948300 0.057545
vt 0.956605 0.043625
vt 0.953837 0.057545
vt 0.966837 0.047864
vt 0.958953 0.059663
vt 0.974669 0.055694
vt 0.962869 0.063580
vt 0.978908 0.065926
vt 0.964988 0.068696
vt 0.978908 0.077002
vt 0.964988 0.074234
vt 0.974669 0.087235
vt 0.962868 0.079351
vt 0.966838 0.095068
vt 0.958952 0.083267
vt 0.956605 0.099307
vt 0.953836 0.085387
vt 0.945528 0.099307
vt 0.948299 0.085387
usemtl Exterior_Mat
s off
f 862/973 833/974 832/975 861/976
f 831/977 846/978 878/979 893/980
f 841/981 836/982 835/983 842/984
f 834/985 847/986 846/987 831/988
f 853/989 837/990 838/991 852/992
f 847/986 839/993 840/994 846/987
f 839/995 847/996 879/997 901/998
f 837/990 841/981 842/984 838/991
f 837/999 853/1000 886/1001 899/1002
f 856/1003 844/1004 843/1005 855/1006
f 839/993 853/989 852/992 840/994
f 850/1007 848/1008 845/1009 849/1010
f 836/982 850/1007 849/1010 835/983
f 840/1011 852/1012 887/1013 902/1014
f 864/1015 854/1016 851/1017 863/1018
f 861/1019 832/1020 894/1021 928/1022
f 832/975 833/974 895/1023 894/1024
f 847/996 834/1025 896/1026 879/997
f 842/1027 835/1028 897/1029 903/1030
f 850/1031 836/1032 898/1033 909/1034
f 841/1035 837/999 899/1002 904/1036
f 852/1012 838/1037 900/1038 887/1013
f 853/1000 839/995 901/998 886/1001
f 846/978 840/1011 902/1014 878/979
f 838/1037 842/1027 903/1030 900/1038
f 836/1032 841/1035 904/1036 898/1033
f 855/1039 843/1040 905/1041 915/1042
f 860/1043 844/1044 906/1045 924/1046
f 864/1047 848/1048 907/1049 931/1050
f 849/1051 845/1052 908/1053 910/1054
f 848/1048 850/1031 909/1034 907/1049
f 835/1028 849/1051 910/1054 897/1029
f 863/1055 851/1056 911/1057 932/1058
f 856/1059 854/1060 912/1061 916/1062
f 854/1016 856/1003 855/1006 851/1017
f 851/1056 855/1039 915/1042 911/1057
f 844/1044 856/1059 916/1062 906/1045
f 860/1063 858/1064 857/1065 859/1066
f 859/1067 857/1068 919/1069 921/1070
f 862/1071 858/1072 920/1073 927/1074
f 858/1072 860/1043 924/1046 920/1073
f 844/1004 860/1063 859/1066 843/1005
f 843/1040 859/1067 921/1070 905/1041
f 858/1064 862/973 861/976 857/1065
f 857/1068 861/1019 928/1022 919/1069
f 833/1075 862/1071 927/1074 895/1076
f 848/1008 864/1015 863/1018 845/1009
f 854/1060 864/1047 931/1050 912/1061
f 845/1052 863/1055 932/1058 908/1053
f 926/1077 925/1078 866/1079 867/1080
f 865/1081 893/980 878/979 882/1082
f 875/1083 876/1084 869/1085 870/1086
f 868/1087 865/1088 882/1089 883/1090
f 891/1091 890/1092 872/1093 871/1094
f 883/1090 882/1089 874/1095 873/1096
f 873/1097 901/998 879/997 883/1098
f 871/1094 872/1093 876/1084 875/1083
f 871/1099 899/1002 886/1001 891/1100
f 914/1101 913/1102 877/1103 880/1104
f 873/1096 874/1095 890/1092 891/1091
f 888/1105 885/1106 881/1107 884/1108
f 870/1086 869/1085 885/1106 888/1105
f 874/1109 902/1014 887/1013 890/1110
f 930/1111 929/1112 889/1113 892/1114
f 925/1115 928/1022 894/1021 866/1116
f 866/1079 894/1117 895/1118 867/1080
f 883/1098 879/997 896/1026 868/1119
f 876/1120 903/1030 897/1029 869/1121
f 888/1122 909/1034 898/1033 870/1123
f 875/1124 904/1036 899/1002 871/1099
f 890/1110 887/1013 900/1038 872/1125
f 891/1100 886/1001 901/998 873/1097
f 882/1082 878/979 902/1014 874/1109
f 872/1125 900/1038 903/1030 876/1120
f 870/1123 898/1033 904/1036 875/1124
f 913/1126 915/1042 905/1041 877/1127
f 923/1128 924/1046 906/1045 880/1129
f 930/1130 931/1050 907/1049 884/1131
f 885/1132 910/1054 908/1053 881/1133
f 884/1131 907/1049 909/1034 888/1122
f 869/1121 897/1029 910/1054 885/1132
f 929/1134 932/1058 911/1057 889/1135
f 914/1136 916/1062 912/1061 892/1137
f 892/1114 889/1113 913/1102 914/1101
f 889/1135 911/1057 915/1042 913/1126
f 880/1129 906/1045 916/1062 914/1136
f 923/1138 922/1139 917/1140 918/1141
f 922/1142 921/1070 919/1069 917/1143
f 926/1144 927/1074 920/1073 918/1145
f 918/1145 920/1073 924/1046 923/1128
f 880/1104 877/1103 922/1139 923/1138
f 877/1127 905/1041 921/1070 922/1142
f 918/1141 917/1140 925/1078 926/1077
f 917/1143 919/1069 928/1022 925/1115
f 867/1146 895/1076 927/1074 926/1144
f 884/1108 881/1107 929/1112 930/1111
f 892/1137 912/1061 931/1050 930/1130
f 881/1133 908/1053 932/1058 929/1134
f 942/1147 941/1148 957/1149 958/1150
f 940/1151 939/1152 955/1153 956/1154
f 938/1155 937/1156 953/1157 954/1158
f 933/1159 948/1160 964/1161 949/1162
f 936/1163 935/1164 951/1165 952/1166
f 947/1167 946/1168 962/1169 963/1170
f 934/1171 933/1159 949/1162 950/1172
f 945/1173 944/1174 960/1175 961/1176
f 943/1177 942/1147 958/1150 959/1178
f 941/1148 940/1151 956/1154 957/1149
f 939/1152 938/1155 954/1158 955/1153
f 937/1156 936/1163 952/1166 953/1157
f 948/1160 947/1167 963/1170 964/1161
f 935/1164 934/1171 950/1172 951/1165
f 946/1168 945/1173 961/1176 962/1169
f 944/1174 943/1177 959/1178 960/1175
f 949/1179 964/1180 996/1181 981/1182
f 954/1183 953/1184 985/1185 986/1186
f 963/1187 962/1188 994/1189 995/1190
f 952/1191 951/1192 983/1193 984/1194
f 961/1195 960/1196 992/1197 993/1198
f 950/1199 949/1200 981/1201 982/1202
f 959/1203 958/1204 990/1205 991/1206
f 957/1207 956/1208 988/1209 989/1210
f 955/1211 954/1183 986/1186 987/1212
f 964/1180 963/1187 995/1190 996/1181
f 953/1184 952/1191 984/1194 985/1185
f 962/1188 961/1195 993/1198 994/1189
f 951/1192 950/1199 982/1202 983/1193
f 960/1196 959/1203 991/1206 992/1197
f 958/1204 957/1207 989/1210 990/1205
f 956/1208 955/1211 987/1212 988/1209
f 965/1213 981/1214 996/1215 980/1216
f 980/1216 996/1215 995/1217 979/1218
f 979/1218 995/1217 994/1219 978/1220
f 978/1220 994/1219 993/1221 977/1222
f 977/1222 993/1221 992/1223 976/1224
f 976/1224 992/1223 991/1225 975/1226
f 975/1226 991/1225 990/1227 974/1228
f 974/1228 990/1227 989/1229 973/1230
f 973/1230 989/1229 988/1231 972/1232
f 972/1232 988/1231 987/1233 971/1234
f 971/1234 987/1233 986/1235 970/1236
f 970/1236 986/1235 985/1237 969/1238
f 969/1238 985/1237 984/1239 968/1240
f 968/1240 984/1239 983/1241 967/1242
f 967/1242 983/1241 982/1243 966/1244
f 966/1244 982/1243 981/1214 965/1213
f 1028/1245 999/1246 998/1247 1027/1248
f 997/977 1012/1249 1044/1250 1059/1251
f 1007/1252 1002/1253 1001/1254 1008/1255
f 1000/1256 1013/1257 1012/1258 997/1259
f 1019/1260 1003/1261 1004/1262 1018/1263
f 1013/1257 1005/1264 1006/1265 1012/1258
f 1005/1266 1013/1267 1045/1268 1067/1269
f 1003/1261 1007/1252 1008/1255 1004/1262
f 1003/1270 1019/1271 1052/1272 1065/1273
f 1022/1274 1010/1275 1009/1276 1021/1277
f 1005/1264 1019/1260 1018/1263 1006/1265
f 1016/1278 1014/1279 1011/1280 1015/1281
f 1002/1253 1016/1278 1015/1281 1001/1254
f 1006/1282 1018/1283 1053/1272 1068/1269
f 1030/1284 1020/1285 1017/1286 1029/1287
f 1027/1288 998/1289 1060/1290 1094/1291
f 998/1247 999/1246 1061/1292 1060/1293
f 1013/1267 1000/1294 1062/1251 1045/1268
f 1008/1295 1001/1296 1063/1297 1069/1298
f 1016/1299 1002/1300 1064/1301 1075/1302
f 1007/1303 1003/1270 1065/1273 1070/1304
f 1018/1283 1004/1305 1066/1306 1053/1272
f 1019/1271 1005/1266 1067/1269 1052/1272
f 1012/1249 1006/1282 1068/1269 1044/1250
f 1004/1305 1008/1295 1069/1298 1066/1306
f 1002/1300 1007/1303 1070/1304 1064/1301
f 1021/1307 1009/1308 1071/1309 1081/1310
f 1026/1311 1010/1312 1072/1313 1090/1314
f 1030/1315 1014/1316 1073/1317 1097/1318
f 1015/1319 1011/1320 1074/1321 1076/1322
f 1014/1316 1016/1299 1075/1302 1073/1317
f 1001/1296 1015/1319 1076/1322 1063/1297
f 1029/1323 1017/1324 1077/1325 1098/1326
f 1022/1327 1020/1328 1078/1329 1082/1330
f 1020/1285 1022/1274 1021/1277 1017/1286
f 1017/1324 1021/1307 1081/1310 1077/1325
f 1010/1312 1022/1327 1082/1330 1072/1313
f 1026/1331 1024/1332 1023/1333 1025/1334
f 1025/1335 1023/1336 1085/1337 1087/1338
f 1028/1339 1024/1340 1086/1341 1093/1342
f 1024/1340 1026/1311 1090/1314 1086/1341
f 1010/1275 1026/1331 1025/1334 1009/1276
f 1009/1308 1025/1335 1087/1338 1071/1309
f 1024/1332 1028/1245 1027/1248 1023/1333
f 1023/1336 1027/1288 1094/1291 1085/1337
f 999/1343 1028/1339 1093/1342 1061/1344
f 1014/1279 1030/1284 1029/1287 1011/1280
f 1020/1328 1030/1315 1097/1318 1078/1329
f 1011/1320 1029/1323 1098/1326 1074/1321
f 1092/1345 1091/1346 1032/1347 1033/1348
f 1031/1349 1059/1251 1044/1250 1048/1350
f 1041/1351 1042/1352 1035/1353 1036/1354
f 1034/1355 1031/1356 1048/1357 1049/1358
f 1057/1359 1056/1360 1038/1361 1037/1362
f 1049/1358 1048/1357 1040/1363 1039/1364
f 1039/1365 1067/1269 1045/1268 1049/1366
f 1037/1362 1038/1361 1042/1352 1041/1351
f 1037/1367 1065/1273 1052/1272 1057/1368
f 1080/1369 1079/1370 1043/1371 1046/1372
f 1039/1364 1040/1363 1056/1360 1057/1359
f 1054/1373 1051/1374 1047/1375 1050/1376
f 1036/1354 1035/1353 1051/1374 1054/1373
f 1040/1377 1068/1269 1053/1272 1056/1378
f 1096/1379 1095/1380 1055/1381 1058/1382
f 1091/1383 1094/1291 1060/1290 1032/1384
f 1032/1347 1060/1385 1061/1386 1033/1348
f 1049/1366 1045/1268 1062/1251 1034/1387
f 1042/1388 1069/1298 1063/1297 1035/1389
f 1054/1390 1075/1302 1064/1301 1036/1391
f 1041/1392 1070/1304 1065/1273 1037/1367
f 1056/1378 1053/1272 1066/1306 1038/1393
f 1057/1368 1052/1272 1067/1269 1039/1365
f 1048/1350 1044/1250 1068/1269 1040/1377
f 1038/1393 1066/1306 1069/1298 1042/1388
f 1036/1391 1064/1301 1070/1304 1041/1392
f 1079/1394 1081/1310 1071/1309 1043/1395
f 1089/1396 1090/1314 1072/1313 1046/1397
f 1096/1398 1097/1318 1073/1317 1050/1399
f 1051/1400 1076/1322 1074/1321 1047/1401
f 1050/1399 1073/1317 1075/1302 1054/1390
f 1035/1389 1063/1297 1076/1322 1051/1400
f 1095/1402 1098/1326 1077/1325 1055/1403
f 1080/1404 1082/1330 1078/1329 1058/1405
f 1058/1382 1055/1381 1079/1370 1080/1369
f 1055/1403 1077/1325 1081/1310 1079/1394
f 1046/1397 1072/1313 1082/1330 1080/1404
f 1089/1406 1088/1407 1083/1408 1084/1409
f 1088/1410 1087/1338 1085/1337 1083/1411
f 1092/1412 1093/1342 1086/1341 1084/1413
f 1084/1413 1086/1341 1090/1314 1089/1396
f 1046/1372 1043/1371 1088/1407 1089/1406
f 1043/1395 1071/1309 1087/1338 1088/1410
f 1084/1409 1083/1408 1091/1346 1092/1345
f 1083/1411 1085/1337 1094/1291 1091/1383
f 1033/1414 1061/1344 1093/1342 1092/1412
f 1050/1376 1047/1375 1095/1380 1096/1379
f 1058/1405 1078/1329 1097/1318 1096/1398
f 1047/1401 1074/1321 1098/1326 1095/1402
f 1108/1415 1107/1416 1123/1417 1124/1418
f 1106/1419 1105/1420 1121/1421 1122/1422
f 1104/1423 1103/1424 1119/1425 1120/1426
f 1099/1427 1114/1428 1130/1429 1115/1430
f 1102/1431 1101/1432 1117/1433 1118/1434
f 1113/1435 1112/1436 1128/1437 1129/1438
f 1100/1439 1099/1427 1115/1430 1116/1440
f 1111/1441 1110/1442 1126/1443 1127/1444
f 1109/1445 1108/1415 1124/1418 1125/1446
f 1107/1416 1106/1419 1122/1422 1123/1417
f 1105/1420 1104/1423 1120/1426 1121/1421
f 1103/1424 1102/1431 1118/1434 1119/1425
f 1114/1428 1113/1435 1129/1438 1130/1429
f 1101/1432 1100/1439 1116/1440 1117/1433
f 1112/1436 1111/1441 1127/1444 1128/1437
f 1110/1442 1109/1445 1125/1446 1126/1443
f 1115/1447 1130/1448 1162/1449 1147/1450
f 1120/1451 1119/1452 1151/1453 1152/1454
f 1129/1455 1128/1456 1160/1457 1161/1458
f 1118/1459 1117/1460 1149/1461 1150/1462
f 1127/1463 1126/1464 1158/1465 1159/1466
f 1116/1467 1115/1468 1147/1469 1148/1470
f 1125/1471 1124/1472 1156/1473 1157/1474
f 1123/1475 1122/1476 1154/1477 1155/1478
f 1121/1479 1120/1451 1152/1454 1153/1480
f 1130/1448 1129/1455 1161/1458 1162/1449
f 1119/1452 1118/1459 1150/1462 1151/1453
f 1128/1456 1127/1463 1159/1466 1160/1457
f 1117/1460 1116/1467 1148/1470 1149/1461
f 1126/1464 1125/1471 1157/1474 1158/1465
f 1124/1472 1123/1475 1155/1478 1156/1473
f 1122/1476 1121/1479 1153/1480 1154/1477
f 1131/1481 1147/1482 1162/1483 1146/1484
f 1146/1484 1162/1483 1161/1485 1145/1486
f 1145/1486 1161/1485 1160/1487 1144/1488
f 1144/1488 1160/1487 1159/1489 1143/1490
f 1143/1490 1159/1489 1158/1491 1142/1492
f 1142/1492 1158/1491 1157/1493 1141/1494
f 1141/1494 1157/1493 1156/1495 1140/1496
f 1140/1496 1156/1495 1155/1497 1139/1498
f 1139/1498 1155/1497 1154/1499 1138/1500
f 1138/1500 1154/1499 1153/1501 1137/1502
f 1137/1502 1153/1501 1152/1503 1136/1504
f 1136/1504 1152/1503 1151/1505 1135/1506
f 1135/1506 1151/1505 1150/1507 1134/1508
f 1134/1508 1150/1507 1149/1509 1133/1510
f 1133/1510 1149/1509 1148/1511 1132/1512
f 1132/1512 1148/1511 1147/1482 1131/1481
o Clock_HourArm
v -2.335000 0.062477 16.920000
v -2.335000 0.891526 16.875000
v -2.305000 0.891526 16.875000
v -2.305000 0.062477 16.920000
v -2.335000 0.394824 16.926403
v -2.305000 0.394824 16.926403
v -2.305000 0.296857 16.961645
v -2.335000 0.296857 16.961645
v -2.305000 0.179667 16.958107
v -2.335000 0.179667 16.958107
v -2.305000 0.349460 16.940516
v -2.335000 0.349460 16.940516
v -2.335000 0.691526 16.942743
v -2.305000 0.691526 16.942743
v -2.335000 0.475890 16.909451
v -2.335000 0.121072 16.935398
v -2.305000 0.121072 16.935398
v -2.305000 0.475890 16.909451
v -2.335000 0.437991 16.916368
v -2.305000 0.437991 16.916368
v -2.335000 0.574336 16.912142
v -2.335000 0.238262 16.967098
v -2.305000 0.238262 16.967098
v -2.305000 0.574336 16.912142
v -2.335000 0.632931 16.931988
v -2.305000 0.632931 16.931988
v -2.335000 0.791526 16.917767
v -2.305000 0.791526 16.917767
v -2.335000 0.741526 16.935926
v -2.305000 0.741526 16.935926
v -2.335000 0.841526 16.897291
v -2.305000 0.841526 16.897291
v -2.335000 0.515741 16.907066
v -2.305000 0.515741 16.907066
v -2.335000 0.062477 16.820002
v -2.335000 0.891526 16.865002
v -2.305000 0.891526 16.865002
v -2.305000 0.062477 16.820002
v -2.335000 0.394824 16.813599
v -2.305000 0.394824 16.813599
v -2.305000 0.296857 16.778357
v -2.335000 0.296857 16.778357
v -2.305000 0.179667 16.781895
v -2.335000 0.179667 16.781895
v -2.305000 0.349460 16.799486
v -2.335000 0.349460 16.799486
v -2.335000 0.691526 16.797258
v -2.345000 0.121072 16.870001
v -2.305000 0.121072 16.870001
v -2.305000 0.691526 16.797258
v -2.335000 0.475890 16.830551
v -2.335000 0.121072 16.804604
v -2.305000 0.121072 16.804604
v -2.305000 0.475890 16.830551
v -2.335000 0.437991 16.823633
v -2.305000 0.238262 16.870001
v -2.345000 0.238262 16.870001
v -2.305000 0.437991 16.823633
v -2.335000 0.574336 16.827860
v -2.335000 0.238262 16.772903
v -2.305000 0.238262 16.772903
v -2.305000 0.574336 16.827860
v -2.345000 0.062477 16.870001
v -2.340000 0.896523 16.870001
v -2.305000 0.896523 16.870001
v -2.305000 0.062477 16.870001
v -2.345000 0.394824 16.870001
v -2.305000 0.394824 16.870001
v -2.305000 0.296857 16.870001
v -2.345000 0.296857 16.870001
v -2.305000 0.179667 16.870001
v -2.345000 0.179667 16.870001
v -2.345000 0.349460 16.870001
v -2.305000 0.349460 16.870001
v -2.345000 0.691526 16.870001
v -2.305000 0.691526 16.870001
v -2.305000 0.475890 16.870001
v -2.345000 0.475890 16.870001
v -2.305000 0.437991 16.870001
v -2.345000 0.437991 16.870001
v -2.345000 0.574336 16.870001
v -2.305000 0.574336 16.870001
v -2.335000 0.632931 16.808014
v -2.305000 0.632931 16.808014
v -2.345000 0.632931 16.870001
v -2.305000 0.632931 16.870001
v -2.335000 0.791526 16.822235
v -2.305000 0.791526 16.822235
v -2.345000 0.791526 16.870001
v -2.305000 0.791526 16.870001
v -2.345000 0.741526 16.870001
v -2.335000 0.741526 16.804075
v -2.305000 0.741526 16.804075
v -2.305000 0.741526 16.870001
v -2.335000 0.841526 16.842710
v -2.305000 0.841526 16.842710
v -2.305000 0.841526 16.870001
v -2.345000 0.841526 16.870001
v -2.335000 0.515741 16.832935
v -2.305000 0.515741 16.832935
v -2.305000 0.515741 16.870001
v -2.345000 0.515741 16.870001
v -2.300000 0.045000 16.870001
v -2.300000 0.041575 16.887222
v -2.300000 0.031820 16.901821
v -2.300000 0.017221 16.911575
v -2.300000 -0.000000 16.915001
v -2.300000 -0.017221 16.911575
v -2.300000 -0.031820 16.901821
v -2.300000 -0.041575 16.887222
v -2.300000 -0.045000 16.870001
v -2.300000 -0.041575 16.852779
v -2.300000 -0.031820 16.838181
v -2.300000 -0.017221 16.828426
v -2.300000 0.000000 16.825001
v -2.300000 0.017221 16.828426
v -2.300000 0.031820 16.838181
v -2.300000 0.041575 16.852779
v -2.300000 0.090000 16.870001
v -2.300000 0.083149 16.904442
v -2.300000 0.063640 16.933640
v -2.300000 0.034442 16.953148
v -2.300000 -0.000000 16.959999
v -2.300000 -0.034442 16.953148
v -2.300000 -0.063640 16.933640
v -2.300000 -0.083149 16.904442
v -2.300000 -0.090000 16.869999
v -2.300000 -0.083149 16.835556
v -2.300000 -0.063640 16.806358
v -2.300000 -0.034442 16.786850
v -2.300000 0.000000 16.779999
v -2.300000 0.034442 16.786850
v -2.300000 0.063640 16.806358
v -2.300000 0.083149 16.835556
v -2.350000 0.045000 16.870001
v -2.350000 0.041575 16.887222
v -2.350000 0.031820 16.901821
v -2.350000 0.017221 16.911575
v -2.350000 -0.000000 16.915001
v -2.350000 -0.017221 16.911575
v -2.350000 -0.031820 16.901821
v -2.350000 -0.041575 16.887222
v -2.350000 -0.045000 16.870001
v -2.350000 -0.041575 16.852779
v -2.350000 -0.031820 16.838181
v -2.350000 -0.017221 16.828426
v -2.350000 0.000000 16.825001
v -2.350000 0.017221 16.828426
v -2.350000 0.031820 16.838181
v -2.350000 0.041575 16.852779
v -2.350000 0.090000 16.870003
v -2.350000 0.083149 16.904444
v -2.350000 0.063640 16.933641
v -2.350000 0.034442 16.953150
v -2.350000 -0.000000 16.960001
v -2.350000 -0.034442 16.953150
v -2.350000 -0.063640 16.933641
v -2.350000 -0.083149 16.904444
v -2.350000 -0.090000 16.870001
v -2.350000 -0.083149 16.835558
v -2.350000 -0.063640 16.806360
v -2.350000 -0.034442 16.786852
v -2.350000 0.000000 16.780001
v -2.350000 0.034442 16.786852
v -2.350000 0.063640 16.806360
v -2.350000 0.083149 16.835558
v 2.350000 -0.083152 16.835558
v 2.350000 -0.063643 16.806360
v 2.350000 -0.034445 16.786852
v 2.350000 -0.000003 16.780001
v 2.350000 0.034439 16.786852
v 2.350000 0.063637 16.806360
v 2.350000 0.083146 16.835558
v 2.350000 0.089997 16.870001
v 2.350000 0.083146 16.904444
v 2.350000 0.063637 16.933641
v 2.350000 0.034439 16.953150
v 2.350000 -0.000003 16.960001
v 2.350000 -0.034445 16.953150
v 2.350000 -0.063643 16.933641
v 2.350000 -0.083152 16.904444
v 2.350000 -0.090003 16.870003
v 2.350000 -0.041578 16.852779
v 2.350000 -0.031823 16.838181
v 2.350000 -0.017224 16.828426
v 2.350000 -0.000003 16.825001
v 2.350000 0.017218 16.828426
v 2.350000 0.031817 16.838181
v 2.350000 0.041572 16.852779
v 2.350000 0.044997 16.870001
v 2.350000 0.041572 16.887222
v 2.350000 0.031817 16.901821
v 2.350000 0.017218 16.911575
v 2.350000 -0.000003 16.915001
v 2.350000 -0.017224 16.911575
v 2.350000 -0.031823 16.901821
v 2.350000 -0.041578 16.887222
v 2.350000 -0.045003 16.870001
v 2.300000 -0.083152 16.835556
v 2.300000 -0.063643 16.806358
v 2.300000 -0.034444 16.786850
v 2.300000 -0.000003 16.779999
v 2.300000 0.034439 16.786850
v 2.300000 0.063637 16.806358
v 2.300000 0.083146 16.835556
v 2.300000 0.089997 16.869999
v 2.300000 0.083146 16.904442
v 2.300000 0.063637 16.933640
v 2.300000 0.034439 16.953148
v 2.300000 -0.000003 16.959999
v 2.300000 -0.034444 16.953148
v 2.300000 -0.063643 16.933640
v 2.300000 -0.083152 16.904442
v 2.300000 -0.090003 16.870001
v 2.300000 -0.041578 16.852779
v 2.300000 -0.031823 16.838181
v 2.300000 -0.017224 16.828426
v 2.300000 -0.000003 16.825001
v 2.300000 0.017218 16.828426
v 2.300000 0.031817 16.838181
v 2.300000 0.041572 16.852779
v 2.300000 0.044997 16.870001
v 2.300000 0.041572 16.887222
v 2.300000 0.031817 16.901821
v 2.300000 0.017218 16.911575
v 2.300000 -0.000003 16.915001
v 2.300000 -0.017224 16.911575
v 2.300000 -0.031823 16.901821
v 2.300000 -0.041578 16.887222
v 2.300000 -0.045003 16.870001
v 2.344999 -0.515744 16.870001
v 2.304999 -0.515744 16.870001
v 2.304999 -0.515744 16.832935
v 2.334999 -0.515744 16.832935
v 2.344999 -0.841529 16.870001
v 2.304999 -0.841529 16.870001
v 2.304999 -0.841529 16.842710
v 2.334998 -0.841529 16.842710
v 2.304999 -0.741529 16.870001
v 2.304999 -0.741529 16.804075
v 2.334999 -0.741529 16.804075
v 2.344999 -0.741529 16.870001
v 2.304999 -0.791529 16.870001
v 2.344999 -0.791529 16.870001
v 2.304999 -0.791529 16.822235
v 2.334999 -0.791529 16.822235
v 2.304999 -0.632934 16.870001
v 2.344999 -0.632934 16.870001
v 2.304999 -0.632934 16.808014
v 2.334999 -0.632934 16.808014
v 2.304999 -0.574339 16.870001
v 2.344999 -0.574339 16.870001
v 2.344999 -0.437994 16.870001
v 2.304999 -0.437994 16.870001
v 2.344999 -0.475893 16.870001
v 2.304999 -0.475893 16.870001
v 2.304999 -0.691529 16.870001
v 2.344999 -0.691529 16.870001
v 2.304999 -0.349463 16.870001
v 2.344999 -0.349463 16.870001
v 2.345000 -0.179670 16.870001
v 2.305000 -0.179670 16.870001
v 2.344999 -0.296860 16.870001
v 2.304999 -0.296860 16.870001
v 2.304999 -0.394827 16.870001
v 2.344999 -0.394827 16.870001
v 2.305000 -0.062480 16.870001
v 2.304999 -0.896526 16.870001
v 2.339998 -0.896526 16.870001
v 2.345000 -0.062480 16.870001
v 2.304999 -0.574339 16.827860
v 2.305000 -0.238265 16.772903
v 2.334999 -0.238265 16.772903
v 2.334999 -0.574339 16.827860
v 2.304999 -0.437994 16.823633
v 2.345000 -0.238265 16.870001
v 2.305000 -0.238265 16.870001
v 2.334999 -0.437994 16.823633
v 2.304999 -0.475893 16.830551
v 2.305000 -0.121075 16.804604
v 2.334999 -0.121075 16.804604
v 2.334999 -0.475893 16.830551
v 2.304999 -0.691529 16.797258
v 2.305000 -0.121075 16.870001
v 2.345000 -0.121075 16.870001
v 2.334999 -0.691529 16.797258
v 2.334999 -0.349463 16.799486
v 2.304999 -0.349463 16.799486
v 2.334999 -0.179670 16.781895
v 2.305000 -0.179670 16.781895
v 2.334999 -0.296860 16.778357
v 2.304999 -0.296860 16.778357
v 2.304999 -0.394827 16.813599
v 2.334999 -0.394827 16.813599
v 2.305000 -0.062480 16.820002
v 2.304999 -0.891529 16.865002
v 2.334998 -0.891529 16.865002
v 2.335000 -0.062480 16.820002
v 2.304999 -0.515744 16.907066
v 2.334999 -0.515744 16.907066
v 2.304999 -0.841529 16.897291
v 2.334998 -0.841529 16.897291
v 2.304999 -0.741529 16.935926
v 2.334999 -0.741529 16.935926
v 2.304999 -0.791529 16.917767
v 2.334999 -0.791529 16.917767
v 2.304999 -0.632934 16.931988
v 2.334999 -0.632934 16.931988
v 2.304999 -0.574339 16.912142
v 2.305000 -0.238265 16.967098
v 2.334999 -0.238265 16.967098
v 2.334999 -0.574339 16.912142
v 2.304999 -0.437994 16.916368
v 2.334999 -0.437994 16.916368
v 2.304999 -0.475893 16.909451
v 2.305000 -0.121075 16.935398
v 2.334999 -0.121075 16.935398
v 2.334999 -0.475893 16.909451
v 2.304999 -0.691529 16.942743
v 2.334999 -0.691529 16.942743
v 2.334999 -0.349463 16.940516
v 2.304999 -0.349463 16.940516
v 2.334999 -0.179670 16.958107
v 2.305000 -0.179670 16.958107
v 2.334999 -0.296860 16.961645
v 2.304999 -0.296860 16.961645
v 2.304999 -0.394827 16.926403
v 2.334999 -0.394827 16.926403
v 2.305000 -0.062480 16.920000
v 2.304999 -0.891529 16.875000
v 2.334998 -0.891529 16.875000
v 2.335000 -0.062480 16.920000
vt 0.939398 0.038282
vt 0.938870 0.018797
vt 0.949549 0.018507
vt 0.950077 0.037997
vt 0.933935 0.027662
vt 0.928578 0.048354
vt 0.951926 0.048344
vt 0.951925 0.027665
vt 0.942104 0.218137
vt 0.942156 0.201466
vt 0.952708 0.201483
vt 0.952636 0.218199
vt 0.940669 0.322515
vt 0.941050 0.301323
vt 0.951547 0.301505
vt 0.951165 0.322704
vt 0.941714 0.258602
vt 0.941950 0.237999
vt 0.952467 0.238103
vt 0.952221 0.258739
vt 0.941416 0.279344
vt 0.951916 0.279508
vt 0.983473 0.069034
vt 0.975453 0.048353
vt 0.952362 0.048357
vt 0.952370 0.069047
vt 0.984745 0.110395
vt 0.986656 0.089713
vt 0.952383 0.089734
vt 0.952398 0.110421
vt 0.941264 0.115491
vt 0.940817 0.094348
vt 0.951477 0.094112
vt 0.951914 0.115290
vt 0.942137 0.185887
vt 0.942059 0.172319
vt 0.952653 0.172246
vt 0.952708 0.185858
vt 0.920636 0.069053
vt 0.917497 0.089735
vt 0.951943 0.089709
vt 0.951932 0.069029
vt 0.941922 0.158229
vt 0.941642 0.137418
vt 0.952277 0.137259
vt 0.952537 0.158113
vt 0.943212 0.302997
vt 0.951065 0.320684
vt 0.953700 0.322253
vt 0.953452 0.302796
vt 0.938802 0.016281
vt 0.951259 0.015941
vt 0.970016 0.027662
vt 0.952357 0.027665
vt 0.926847 0.128985
vt 0.931796 0.145005
vt 0.952013 0.144964
vt 0.951985 0.128954
vt 0.968826 0.160215
vt 0.972342 0.144979
vt 0.952437 0.145008
vt 0.952464 0.160247
vt 0.977305 0.128966
vt 0.952415 0.128992
vt 0.919426 0.110412
vt 0.951961 0.110387
vt 0.930384 0.229281
vt 0.926847 0.250050
vt 0.952819 0.249762
vt 0.952591 0.229036
vt 0.976215 0.267250
vt 0.978516 0.249593
vt 0.952845 0.249742
vt 0.952949 0.267392
vt 0.965616 0.187645
vt 0.966414 0.173588
vt 0.952494 0.173626
vt 0.952539 0.187692
vt 0.935310 0.160251
vt 0.937744 0.173642
vt 0.952115 0.173569
vt 0.952057 0.160197
vt 0.938642 0.187727
vt 0.937074 0.208459
vt 0.952381 0.208319
vt 0.952203 0.187629
vt 0.974604 0.228941
vt 0.967493 0.208305
vt 0.952625 0.208375
vt 0.952731 0.229058
vt 0.940389 0.076423
vt 0.939909 0.057507
vt 0.950583 0.057232
vt 0.951056 0.076162
vt 0.929433 0.267709
vt 0.935967 0.285342
vt 0.953235 0.285157
vt 0.953022 0.267452
vt 0.962812 0.302618
vt 0.969916 0.284930
vt 0.953061 0.285041
vt 0.953183 0.302690
vt 0.955093 0.320324
vt 0.953345 0.322104
vt 0.959454 0.037906
vt 0.948773 0.038338
vt 0.947960 0.018855
vt 0.958637 0.018408
vt 0.969914 0.027662
vt 0.975267 0.048345
vt 0.961773 0.218284
vt 0.951239 0.218056
vt 0.951550 0.201390
vt 0.962101 0.201561
vt 0.958507 0.322704
vt 0.948031 0.322331
vt 0.948783 0.301176
vt 0.959264 0.301542
vt 0.960689 0.258822
vt 0.950189 0.258506
vt 0.950769 0.237916
vt 0.961283 0.238193
vt 0.949536 0.279226
vt 0.960025 0.279572
vt 0.921260 0.069063
vt 0.929268 0.048367
vt 0.920039 0.110448
vt 0.918097 0.089758
vt 0.961913 0.115309
vt 0.951265 0.115523
vt 0.950753 0.094395
vt 0.961417 0.094107
vt 0.962322 0.185926
vt 0.951750 0.185819
vt 0.951835 0.172268
vt 0.962426 0.172300
vt 0.983215 0.069027
vt 0.986374 0.089688
vt 0.962429 0.158155
vt 0.951819 0.158202
vt 0.951635 0.137423
vt 0.962265 0.137291
vt 0.963688 0.302741
vt 0.956294 0.320616
vt 0.946076 0.016415
vt 0.958526 0.015891
vt 0.934698 0.027671
vt 0.977098 0.128913
vt 0.972206 0.144916
vt 0.936088 0.160281
vt 0.932518 0.145037
vt 0.927515 0.129019
vt 0.984476 0.110347
vt 0.974776 0.228810
vt 0.978770 0.249465
vt 0.929672 0.267534
vt 0.927160 0.249889
vt 0.939450 0.187741
vt 0.938562 0.173665
vt 0.968772 0.160134
vt 0.966456 0.173491
vt 0.965739 0.187526
vt 0.967666 0.208170
vt 0.930842 0.229174
vt 0.937745 0.208443
vt 0.960879 0.076124
vt 0.950203 0.076473
vt 0.949529 0.057560
vt 0.960210 0.057162
vt 0.976597 0.267156
vt 0.970493 0.284923
vt 0.943548 0.302763
vt 0.936194 0.285153
vt 0.951563 0.320355
vt 0.949038 0.106021
vt 0.955236 0.106022
vt 0.958334 0.121604
vt 0.945936 0.121604
vt 0.960963 0.103650
vt 0.965346 0.099267
vt 0.978555 0.108092
vt 0.969790 0.116859
vt 0.967717 0.093541
vt 0.967716 0.087343
vt 0.983294 0.084245
vt 0.983297 0.096639
vt 0.949041 0.074857
vt 0.943314 0.077227
vt 0.934493 0.064014
vt 0.945950 0.059275
vt 0.965344 0.081616
vt 0.960964 0.077233
vt 0.969792 0.064030
vt 0.978552 0.072795
vt 0.938931 0.081610
vt 0.936557 0.087337
vt 0.920971 0.084232
vt 0.925721 0.072778
vt 0.955240 0.074859
vt 0.958344 0.059282
vt 0.936556 0.093536
vt 0.938928 0.099264
vt 0.925716 0.108092
vt 0.920968 0.096634
vt 0.943310 0.103649
vt 0.934481 0.116859
vt 0.932981 0.214224
vt 0.932991 0.201830
vt 0.950638 0.201845
vt 0.950628 0.214239
vt 0.933039 0.077865
vt 0.933031 0.065464
vt 0.950687 0.065447
vt 0.950697 0.077852
vt 0.933002 0.189434
vt 0.933012 0.177043
vt 0.950659 0.177057
vt 0.950648 0.189452
vt 0.933021 0.053067
vt 0.933008 0.040674
vt 0.950656 0.040655
vt 0.950671 0.053049
vt 0.933021 0.164648
vt 0.933030 0.152254
vt 0.950679 0.152266
vt 0.950669 0.164662
vt 0.932994 0.028279
vt 0.932980 0.015884
vt 0.950629 0.015865
vt 0.950642 0.028262
vt 0.933038 0.139860
vt 0.933043 0.127465
vt 0.950697 0.127470
vt 0.950689 0.139871
vt 0.933046 0.115066
vt 0.933047 0.102666
vt 0.950706 0.102666
vt 0.950702 0.115070
vt 0.933045 0.090265
vt 0.950704 0.090258
vt 0.954793 0.106066
vt 0.957885 0.121651
vt 0.945486 0.121641
vt 0.948596 0.106063
vt 0.934038 0.116888
vt 0.942871 0.103688
vt 0.925282 0.108118
vt 0.938490 0.099304
vt 0.920550 0.096670
vt 0.936119 0.093578
vt 0.920549 0.084281
vt 0.936122 0.087381
vt 0.925291 0.072832
vt 0.938495 0.081656
vt 0.934053 0.064066
vt 0.942879 0.077273
vt 0.945506 0.059321
vt 0.948605 0.074902
vt 0.957904 0.059319
vt 0.954805 0.074902
vt 0.969360 0.064063
vt 0.960533 0.077275
vt 0.978130 0.072832
vt 0.964916 0.081660
vt 0.982877 0.084291
vt 0.967287 0.087388
vt 0.982871 0.096695
vt 0.967285 0.093588
vt 0.978118 0.108150
vt 0.964909 0.099315
vt 0.969343 0.116914
vt 0.960522 0.103697
vt 0.965284 0.081744
vt 0.978490 0.072916
vt 0.983237 0.084370
vt 0.967654 0.087472
vt 0.965283 0.099400
vt 0.978494 0.108227
vt 0.969726 0.116993
vt 0.960900 0.103784
vt 0.938871 0.081745
vt 0.925661 0.072918
vt 0.934429 0.064152
vt 0.943254 0.077361
vt 0.967654 0.093672
vt 0.983239 0.096771
vt 0.955174 0.106157
vt 0.958272 0.121737
vt 0.945877 0.121737
vt 0.948976 0.106158
vt 0.951086 0.177164
vt 0.951029 0.164788
vt 0.968658 0.164728
vt 0.968698 0.177096
vt 0.950971 0.065539
vt 0.950985 0.053117
vt 0.968671 0.053140
vt 0.968652 0.065560
vt 0.934426 0.116994
vt 0.943250 0.103785
vt 0.951016 0.028268
vt 0.951033 0.015841
vt 0.968727 0.015864
vt 0.968710 0.028292
vt 0.951001 0.040693
vt 0.968691 0.040719
vt 0.936399 0.093629
vt 0.938772 0.099356
vt 0.925560 0.108183
vt 0.920815 0.096728
vt 0.945883 0.059410
vt 0.948980 0.074989
vt 0.950945 0.115179
vt 0.950945 0.102774
vt 0.968605 0.102780
vt 0.968600 0.115177
vt 0.948883 0.106111
vt 0.955082 0.106111
vt 0.958182 0.121691
vt 0.945785 0.121693
vt 0.960903 0.077361
vt 0.969725 0.064154
vt 0.958276 0.059411
vt 0.955178 0.074989
vt 0.936500 0.087472
vt 0.920915 0.084373
vt 0.925660 0.108230
vt 0.938869 0.099401
vt 0.950951 0.090366
vt 0.968617 0.090381
vt 0.950951 0.127584
vt 0.968603 0.127571
vt 0.951196 0.201883
vt 0.951144 0.189526
vt 0.968744 0.189455
vt 0.968791 0.201813
vt 0.950960 0.077956
vt 0.968633 0.077975
vt 0.950989 0.152392
vt 0.950963 0.139988
vt 0.968611 0.139962
vt 0.968630 0.152347
vt 0.920915 0.096773
vt 0.936498 0.093673
vt 0.967562 0.093630
vt 0.967562 0.087431
vt 0.983142 0.084330
vt 0.983142 0.096728
vt 0.938771 0.081704
vt 0.936398 0.087430
vt 0.920816 0.084330
vt 0.925561 0.072876
vt 0.948879 0.074949
vt 0.943152 0.077321
vt 0.934328 0.064112
vt 0.945780 0.059368
vt 0.960809 0.103739
vt 0.965191 0.099356
vt 0.978398 0.108181
vt 0.969634 0.116947
vt 0.943155 0.103739
vt 0.934329 0.116950
vt 0.955078 0.074949
vt 0.958178 0.059369
vt 0.937598 0.173437
vt 0.951956 0.173478
vt 0.951912 0.187548
vt 0.938360 0.187497
vt 0.965188 0.081704
vt 0.978397 0.072877
vt 0.951246 0.214239
vt 0.968840 0.214171
vt 0.960805 0.077321
vt 0.969629 0.064112
vt 0.934213 0.285031
vt 0.951482 0.285139
vt 0.951393 0.302788
vt 0.941151 0.302808
vt 0.967791 0.207882
vt 0.952940 0.208198
vt 0.952550 0.187515
vt 0.965606 0.187304
vt 0.965053 0.302196
vt 0.955433 0.302496
vt 0.954909 0.284851
vt 0.971749 0.284366
vt 0.931379 0.166153
vt 0.941973 0.166167
vt 0.941962 0.180269
vt 0.931353 0.180261
vt 0.975271 0.228349
vt 0.953421 0.228879
vt 0.977658 0.266571
vt 0.954413 0.267206
vt 0.953941 0.249560
vt 0.979589 0.248893
vt 0.929534 0.228894
vt 0.951743 0.228983
vt 0.951649 0.249724
vt 0.925673 0.249601
vt 0.931337 0.201079
vt 0.941961 0.201080
vt 0.941973 0.223003
vt 0.931333 0.223006
vt 0.951832 0.208251
vt 0.936530 0.208183
vt 0.917633 0.089599
vt 0.952051 0.089615
vt 0.952042 0.110286
vt 0.919532 0.110254
vt 0.952360 0.173449
vt 0.966253 0.173294
vt 0.951283 0.322253
vt 0.948679 0.320635
vt 0.928742 0.048278
vt 0.952060 0.048280
vt 0.952057 0.068947
vt 0.920794 0.068945
vt 0.941993 0.244148
vt 0.931337 0.244154
vt 0.957778 0.320073
vt 0.956082 0.321896
vt 0.931346 0.281006
vt 0.942022 0.281002
vt 0.942031 0.300236
vt 0.931349 0.300239
vt 0.942009 0.262080
vt 0.931343 0.262086
vt 0.927973 0.267294
vt 0.951566 0.267424
vt 0.931809 0.144829
vt 0.952012 0.144862
vt 0.951986 0.160099
vt 0.935256 0.160062
vt 0.952241 0.160070
vt 0.968577 0.159955
vt 0.972039 0.144746
vt 0.952157 0.144830
vt 0.952100 0.128814
vt 0.976970 0.128749
vt 0.952029 0.128850
vt 0.926912 0.128819
vt 0.952060 0.110243
vt 0.984394 0.110189
vt 0.975082 0.048178
vt 0.952004 0.048186
vt 0.952002 0.027505
vt 0.969645 0.027502
vt 0.931407 0.152558
vt 0.941987 0.152574
vt 0.931438 0.136941
vt 0.942004 0.136955
vt 0.931487 0.100310
vt 0.942018 0.100315
vt 0.942014 0.120233
vt 0.931466 0.120224
vt 0.931513 0.036919
vt 0.942006 0.036923
vt 0.942006 0.058908
vt 0.931505 0.058907
vt 0.942014 0.079672
vt 0.931499 0.079671
vt 0.952032 0.089557
vt 0.986294 0.089519
vt 0.931528 0.015733
vt 0.942018 0.015738
vt 0.934098 0.027618
vt 0.952060 0.027625
vt 0.966325 0.173514
vt 0.965473 0.187591
vt 0.942040 0.319734
vt 0.931354 0.319736
vt 0.952013 0.068871
vt 0.983106 0.068849
vt 0.943822 0.322253
vt 0.931354 0.322253
vt 0.975165 0.267517
vt 0.968757 0.285201
vt 0.938034 0.285339
vt 0.931122 0.267842
vt 0.977629 0.249839
vt 0.967987 0.165898
vt 0.968019 0.179997
vt 0.957404 0.180023
vt 0.957393 0.165901
vt 0.961636 0.302916
vt 0.931514 0.229411
vt 0.938042 0.208514
vt 0.939439 0.187727
vt 0.967143 0.208310
vt 0.973958 0.229092
vt 0.968543 0.261892
vt 0.968718 0.280836
vt 0.958030 0.280937
vt 0.957862 0.261985
vt 0.945796 0.302797
vt 0.968386 0.243938
vt 0.957715 0.244020
vt 0.968910 0.300089
vt 0.958218 0.300198
vt 0.954251 0.320196
vt 0.968102 0.200819
vt 0.968228 0.222768
vt 0.957573 0.222834
vt 0.957465 0.200866
vt 0.928242 0.250228
vt 0.938403 0.173603
vt 0.935840 0.160186
vt 0.928915 0.048191
vt 0.934355 0.027502
vt 0.932216 0.144915
vt 0.968732 0.160126
vt 0.986480 0.089623
vt 0.984567 0.110290
vt 0.975381 0.048280
vt 0.983329 0.068957
vt 0.927182 0.128879
vt 0.958422 0.319714
vt 0.969115 0.319601
vt 0.969141 0.322119
vt 0.956670 0.322253
vt 0.977162 0.128862
vt 0.919684 0.110296
vt 0.917737 0.089592
vt 0.920900 0.068889
vt 0.970022 0.027618
vt 0.968113 0.120041
vt 0.968032 0.136729
vt 0.957479 0.136684
vt 0.957577 0.119975
vt 0.969140 0.015730
vt 0.968879 0.036882
vt 0.958402 0.036755
vt 0.958666 0.015600
vt 0.968414 0.079553
vt 0.968244 0.100159
vt 0.957727 0.100076
vt 0.957914 0.079453
vt 0.968621 0.058829
vt 0.958136 0.058713
vt 0.967989 0.152321
vt 0.957417 0.152299
vt 0.953908 0.320665
usemtl Exterior_Mat
s off
f 1194/1513 1165/1514 1164/1515 1193/1516
f 1163/1517 1178/1518 1210/1519 1225/1520
f 1173/1521 1168/1522 1167/1523 1174/1524
f 1166/1525 1179/1526 1178/1527 1163/1528
f 1185/1529 1169/1530 1170/1531 1184/1532
f 1179/1526 1171/1533 1172/1534 1178/1527
f 1171/1535 1179/1536 1211/1537 1233/1538
f 1169/1530 1173/1521 1174/1524 1170/1531
f 1169/1539 1185/1540 1218/1541 1231/1542
f 1188/1543 1176/1544 1175/1545 1187/1546
f 1171/1533 1185/1529 1184/1532 1172/1534
f 1182/1547 1180/1548 1177/1549 1181/1550
f 1168/1522 1182/1547 1181/1550 1167/1523
f 1172/1551 1184/1552 1219/1553 1234/1554
f 1196/1555 1186/1556 1183/1557 1195/1558
f 1193/1559 1164/1560 1226/1561 1260/1562
f 1164/1515 1165/1514 1227/1563 1226/1564
f 1179/1536 1166/1565 1228/1566 1211/1537
f 1174/1567 1167/1568 1229/1569 1235/1570
f 1182/1571 1168/1572 1230/1573 1241/1574
f 1173/1575 1169/1539 1231/1542 1236/1576
f 1184/1552 1170/1577 1232/1578 1219/1553
f 1185/1540 1171/1535 1233/1538 1218/1541
f 1178/1518 1172/1551 1234/1554 1210/1519
f 1170/1577 1174/1567 1235/1570 1232/1578
f 1168/1572 1173/1575 1236/1576 1230/1573
f 1187/1579 1175/1580 1237/1581 1247/1582
f 1192/1583 1176/1584 1238/1585 1256/1586
f 1196/1587 1180/1588 1239/1589 1263/1590
f 1181/1591 1177/1592 1240/1593 1242/1594
f 1180/1588 1182/1571 1241/1574 1239/1589
f 1167/1568 1181/1591 1242/1594 1229/1569
f 1195/1595 1183/1596 1243/1597 1264/1598
f 1188/1599 1186/1600 1244/1601 1248/1602
f 1186/1556 1188/1543 1187/1546 1183/1557
f 1183/1596 1187/1579 1247/1582 1243/1597
f 1176/1584 1188/1599 1248/1602 1238/1585
f 1192/1603 1190/1604 1189/1605 1191/1606
f 1191/1607 1189/1608 1251/1609 1253/1610
f 1194/1611 1190/1612 1252/1613 1259/1614
f 1190/1612 1192/1583 1256/1586 1252/1613
f 1176/1544 1192/1603 1191/1606 1175/1545
f 1175/1580 1191/1607 1253/1610 1237/1581
f 1190/1604 1194/1513 1193/1516 1189/1605
f 1189/1608 1193/1559 1260/1562 1251/1609
f 1165/1615 1194/1611 1259/1614 1227/1616
f 1180/1548 1196/1555 1195/1558 1177/1549
f 1186/1600 1196/1587 1263/1590 1244/1601
f 1177/1592 1195/1595 1264/1598 1240/1593
f 1258/1617 1257/1618 1198/1619 1199/1620
f 1197/1621 1225/1520 1210/1519 1214/1622
f 1207/1623 1208/1624 1201/1625 1202/1626
f 1200/1627 1197/1628 1214/1629 1215/1630
f 1223/1631 1222/1632 1204/1633 1203/1634
f 1215/1630 1214/1629 1206/1635 1205/1636
f 1205/1637 1233/1538 1211/1537 1215/1638
f 1203/1634 1204/1633 1208/1624 1207/1623
f 1203/1639 1231/1542 1218/1541 1223/1640
f 1246/1641 1245/1642 1209/1643 1212/1644
f 1205/1636 1206/1635 1222/1632 1223/1631
f 1220/1645 1217/1646 1213/1647 1216/1648
f 1202/1626 1201/1625 1217/1646 1220/1645
f 1206/1649 1234/1554 1219/1553 1222/1650
f 1262/1651 1261/1652 1221/1653 1224/1654
f 1257/1655 1260/1562 1226/1561 1198/1656
f 1198/1619 1226/1657 1227/1658 1199/1620
f 1215/1638 1211/1537 1228/1566 1200/1659
f 1208/1660 1235/1570 1229/1569 1201/1661
f 1220/1662 1241/1574 1230/1573 1202/1663
f 1207/1664 1236/1576 1231/1542 1203/1639
f 1222/1650 1219/1553 1232/1578 1204/1665
f 1223/1640 1218/1541 1233/1538 1205/1637
f 1214/1622 1210/1519 1234/1554 1206/1649
f 1204/1665 1232/1578 1235/1570 1208/1660
f 1202/1663 1230/1573 1236/1576 1207/1664
f 1245/1666 1247/1582 1237/1581 1209/1667
f 1255/1668 1256/1586 1238/1585 1212/1669
f 1262/1670 1263/1590 1239/1589 1216/1671
f 1217/1672 1242/1594 1240/1593 1213/1673
f 1216/1671 1239/1589 1241/1574 1220/1662
f 1201/1661 1229/1569 1242/1594 1217/1672
f 1261/1674 1264/1598 1243/1597 1221/1675
f 1246/1676 1248/1602 1244/1601 1224/1677
f 1224/1654 1221/1653 1245/1642 1246/1641
f 1221/1675 1243/1597 1247/1582 1245/1666
f 1212/1669 1238/1585 1248/1602 1246/1676
f 1255/1678 1254/1679 1249/1680 1250/1681
f 1254/1682 1253/1610 1251/1609 1249/1683
f 1258/1684 1259/1614 1252/1613 1250/1685
f 1250/1685 1252/1613 1256/1586 1255/1668
f 1212/1644 1209/1643 1254/1679 1255/1678
f 1209/1667 1237/1581 1253/1610 1254/1682
f 1250/1681 1249/1680 1257/1618 1258/1617
f 1249/1683 1251/1609 1260/1562 1257/1655
f 1199/1686 1227/1616 1259/1614 1258/1684
f 1216/1648 1213/1647 1261/1652 1262/1651
f 1224/1677 1244/1601 1263/1590 1262/1670
f 1213/1673 1240/1593 1264/1598 1261/1674
f 1274/1687 1273/1688 1289/1689 1290/1690
f 1272/1691 1271/1692 1287/1693 1288/1694
f 1270/1695 1269/1696 1285/1697 1286/1698
f 1265/1699 1280/1700 1296/1701 1281/1702
f 1268/1703 1267/1704 1283/1705 1284/1706
f 1279/1707 1278/1708 1294/1709 1295/1710
f 1266/1711 1265/1699 1281/1702 1282/1712
f 1277/1713 1276/1714 1292/1715 1293/1716
f 1275/1717 1274/1687 1290/1690 1291/1718
f 1273/1688 1272/1691 1288/1694 1289/1689
f 1271/1692 1270/1695 1286/1698 1287/1693
f 1269/1696 1268/1703 1284/1706 1285/1697
f 1280/1700 1279/1707 1295/1710 1296/1701
f 1267/1704 1266/1711 1282/1712 1283/1705
f 1278/1708 1277/1713 1293/1716 1294/1709
f 1276/1714 1275/1717 1291/1718 1292/1715
f 1281/1719 1296/1720 1328/1721 1313/1722
f 1286/1723 1285/1724 1317/1725 1318/1726
f 1295/1727 1294/1728 1326/1729 1327/1730
f 1284/1731 1283/1732 1315/1733 1316/1734
f 1293/1735 1292/1736 1324/1737 1325/1738
f 1282/1739 1281/1740 1313/1741 1314/1742
f 1291/1743 1290/1744 1322/1745 1323/1746
f 1289/1747 1288/1748 1320/1749 1321/1750
f 1287/1751 1286/1723 1318/1726 1319/1752
f 1296/1720 1295/1727 1327/1730 1328/1721
f 1285/1724 1284/1731 1316/1734 1317/1725
f 1294/1728 1293/1735 1325/1738 1326/1729
f 1283/1732 1282/1739 1314/1742 1315/1733
f 1292/1736 1291/1743 1323/1746 1324/1737
f 1290/1744 1289/1747 1321/1750 1322/1745
f 1288/1748 1287/1751 1319/1752 1320/1749
f 1297/1753 1313/1754 1328/1755 1312/1756
f 1312/1756 1328/1755 1327/1757 1311/1758
f 1311/1758 1327/1757 1326/1759 1310/1760
f 1310/1760 1326/1759 1325/1761 1309/1762
f 1309/1762 1325/1761 1324/1763 1308/1764
f 1308/1764 1324/1763 1323/1765 1307/1766
f 1307/1766 1323/1765 1322/1767 1306/1768
f 1306/1768 1322/1767 1321/1769 1305/1770
f 1305/1770 1321/1769 1320/1771 1304/1772
f 1304/1772 1320/1771 1319/1773 1303/1774
f 1303/1774 1319/1773 1318/1775 1302/1776
f 1302/1776 1318/1775 1317/1777 1301/1778
f 1301/1778 1317/1777 1316/1779 1300/1780
f 1300/1780 1316/1779 1315/1781 1299/1782
f 1299/1782 1315/1781 1314/1783 1298/1784
f 1298/1784 1314/1783 1313/1754 1297/1753
f 1356/1785 1340/1786 1341/1787 1357/1788
f 1359/1789 1343/1790 1344/1791 1360/1792
f 1351/1793 1335/1794 1336/1795 1352/1796
f 1358/1797 1342/1798 1343/1790 1359/1789
f 1345/1799 1329/1800 1330/1801 1346/1802
f 1363/1803 1364/1804 1332/1805 1331/1806
f 1372/1807 1373/1808 1341/1809 1340/1810
f 1346/1802 1330/1801 1331/1811 1347/1812
f 1360/1792 1344/1791 1329/1800 1345/1799
f 1375/1813 1376/1814 1344/1815 1343/1816
f 1374/1817 1375/1813 1343/1816 1342/1818
f 1381/1819 1382/1820 1366/1821 1365/1822
f 1352/1796 1336/1795 1337/1823 1353/1824
f 1368/1825 1369/1826 1337/1827 1336/1828
f 1384/1829 1385/1830 1369/1831 1368/1832
f 1357/1788 1341/1787 1342/1798 1358/1797
f 1355/1833 1339/1834 1340/1786 1356/1785
f 1353/1824 1337/1823 1338/1835 1354/1836
f 1350/1837 1334/1838 1335/1794 1351/1793
f 1347/1812 1331/1811 1332/1839 1348/1840
f 1369/1826 1370/1841 1338/1842 1337/1827
f 1367/1843 1368/1825 1336/1828 1335/1844
f 1361/1845 1362/1846 1330/1847 1329/1848
f 1370/1841 1371/1849 1339/1850 1338/1842
f 1365/1851 1366/1852 1334/1853 1333/1854
f 1348/1840 1332/1839 1333/1855 1349/1856
f 1364/1804 1365/1851 1333/1854 1332/1805
f 1371/1849 1372/1807 1340/1810 1339/1850
f 1388/1857 1389/1858 1373/1859 1372/1860
f 1379/1861 1380/1862 1364/1863 1363/1864
f 1377/1865 1378/1866 1362/1867 1361/1868
f 1349/1856 1333/1855 1334/1838 1350/1837
f 1380/1862 1381/1819 1365/1822 1364/1863
f 1378/1866 1379/1861 1363/1864 1362/1867
f 1386/1869 1387/1870 1371/1871 1370/1872
f 1382/1820 1383/1873 1367/1874 1366/1821
f 1362/1846 1363/1803 1331/1806 1330/1847
f 1392/1875 1377/1865 1361/1868 1376/1876
f 1385/1830 1386/1869 1370/1872 1369/1831
f 1444/1877 1417/1878 1393/1879 1396/1880
f 1383/1873 1384/1829 1368/1832 1367/1874
f 1366/1852 1367/1843 1335/1844 1334/1853
f 1373/1808 1374/1817 1342/1818 1341/1809
f 1389/1858 1390/1881 1374/1882 1373/1859
f 1387/1870 1388/1857 1372/1860 1371/1871
f 1354/1836 1338/1835 1339/1834 1355/1833
f 1376/1883 1361/1845 1329/1848 1344/1884
f 1391/1885 1392/1875 1376/1876 1375/1886
f 1390/1881 1391/1885 1375/1886 1374/1882
f 1408/1887 1406/1888 1397/1889 1400/1890
f 1433/1891 1413/1892 1394/1893 1395/1894
f 1399/1895 1398/1896 1405/1897 1407/1898
f 1441/1899 1444/1900 1396/1901 1395/1902
f 1411/1903 1409/1904 1413/1892 1433/1891
f 1402/1905 1401/1906 1419/1907 1445/1908
f 1412/1909 1410/1910 1420/1911 1448/1912
f 1433/1913 1436/1914 1412/1915 1411/1916
f 1396/1880 1393/1879 1414/1917 1436/1918
f 1435/1919 1438/1920 1425/1921 1453/1922
f 1395/1894 1394/1893 1418/1923 1441/1924
f 1400/1890 1397/1889 1431/1925 1459/1926
f 1407/1898 1405/1897 1401/1906 1402/1905
f 1443/1927 1447/1928 1423/1929 1451/1930
f 1411/1916 1412/1915 1448/1931 1445/1932
f 1458/1933 1430/1934 1398/1896 1399/1895
f 1407/1935 1408/1936 1400/1937 1399/1938
f 1445/1932 1448/1931 1403/1939 1402/1940
f 1403/1941 1404/1942 1406/1888 1408/1887
f 1436/1918 1414/1917 1410/1910 1412/1909
f 1456/1943 1428/1944 1415/1945 1440/1946
f 1441/1924 1418/1923 1416/1947 1437/1948
f 1455/1949 1427/1950 1421/1951 1450/1952
f 1453/1922 1425/1921 1422/1953 1449/1954
f 1440/1946 1415/1945 1417/1878 1444/1877
f 1445/1908 1419/1907 1409/1904 1411/1903
f 1450/1952 1421/1951 1426/1955 1454/1956
f 1442/1957 1446/1958 1429/1959 1457/1960
f 1437/1961 1440/1962 1444/1900 1441/1899
f 1395/1902 1396/1901 1436/1914 1433/1913
f 1455/1963 1456/1964 1440/1962 1437/1961
f 1402/1940 1403/1939 1408/1936 1407/1935
f 1454/1965 1453/1966 1449/1967 1450/1968
f 1442/1969 1443/1970 1451/1971 1452/1972
f 1452/1972 1451/1971 1435/1973 1434/1974
f 1454/1956 1426/1955 1439/1975 1434/1976
f 1449/1954 1422/1953 1428/1944 1456/1943
f 1457/1977 1460/1978 1443/1970 1442/1969
f 1460/1979 1432/1980 1447/1928 1443/1927
f 1480/1981 1462/1982 1393/1879 1417/1878
f 1399/1938 1400/1937 1459/1983 1458/1984
f 1434/1976 1439/1975 1424/1985 1452/1986
f 1437/1948 1416/1947 1427/1950 1455/1949
f 1434/1974 1435/1973 1453/1966 1454/1965
f 1450/1968 1449/1967 1456/1964 1455/1963
f 1448/1912 1420/1911 1404/1942 1403/1941
f 1459/1983 1431/1987 1430/1988 1458/1984
f 1452/1986 1424/1985 1446/1958 1442/1957
f 1451/1930 1423/1929 1438/1920 1435/1919
f 1466/1989 1468/1990 1406/1888 1404/1942
f 1467/1991 1465/1992 1401/1906 1405/1897
f 1482/1993 1466/1989 1404/1942 1420/1911
f 1477/1994 1461/1995 1462/1996 1480/1997
f 1468/1990 1464/1998 1397/1889 1406/1888
f 1469/1999 1471/2000 1413/1892 1409/1904
f 1471/2000 1461/2001 1394/1893 1413/1892
f 1474/2002 1470/2003 1410/1910 1414/1917
f 1465/2004 1467/2005 1468/2006 1466/2007
f 1463/2008 1467/1991 1405/1897 1398/1896
f 1481/2009 1465/2004 1466/2007 1482/2010
f 1467/2005 1463/2011 1464/2012 1468/2006
f 1462/1982 1474/2002 1414/1917 1393/1879
f 1492/2013 1463/2008 1398/1896 1430/1934
f 1471/2014 1469/2015 1470/2016 1474/2017
f 1481/2018 1469/1999 1409/1904 1419/1907
f 1477/2019 1475/2020 1416/1947 1418/1923
f 1470/2003 1482/1993 1420/1911 1410/1910
f 1478/2021 1491/2022 1429/1959 1446/1958
f 1461/2001 1477/2019 1418/1923 1394/1893
f 1475/2020 1489/2023 1427/1950 1416/1947
f 1490/1661 1476/2024 1415/1945 1428/1944
f 1473/2025 1487/2026 1425/1921 1438/1920
f 1479/2027 1485/2028 1423/1929 1447/1928
f 1489/2023 1484/2029 1421/1951 1427/1950
f 1493/2030 1492/2031 1430/2032 1431/2033
f 1465/1992 1481/2018 1419/1907 1401/1906
f 1483/2034 1490/1661 1428/1944 1422/1953
f 1476/2024 1480/1981 1417/1878 1415/1945
f 1484/2029 1488/2035 1426/1955 1421/1951
f 1472/2036 1486/2037 1424/1985 1439/1975
f 1487/2026 1483/2034 1422/1953 1425/1921
f 1461/1995 1471/2014 1474/2017 1462/1996
f 1463/2011 1492/2031 1493/2030 1464/2012
f 1494/2038 1479/2027 1447/1928 1432/1980
f 1484/2039 1489/2040 1490/2041 1483/2042
f 1491/2043 1478/2044 1479/2045 1494/2046
f 1472/2047 1488/2048 1487/2049 1473/2050
f 1478/2044 1486/2051 1485/2052 1479/2045
f 1486/2037 1478/2021 1446/1958 1424/1985
f 1488/2048 1484/2039 1483/2042 1487/2049
f 1488/2035 1472/2036 1439/1975 1426/1955
f 1469/2015 1481/2009 1482/2010 1470/2016
f 1486/2051 1472/2047 1473/2050 1485/2052
f 1475/2053 1477/1994 1480/1997 1476/2054
f 1489/2040 1475/2053 1476/2054 1490/2041
f 1485/2028 1473/2025 1438/1920 1423/1929
f 1464/1998 1493/2055 1431/1925 1397/1889
o Roof
v -2.200000 -2.200000 19.399996
v -2.200000 2.200002 19.400000
v 2.199999 2.199998 19.400000
v 2.200001 -2.200000 19.400000
v -2.350000 2.350002 19.400000
v 2.350001 -2.350000 19.400000
v 2.349998 2.349998 19.400000
v -2.350000 -2.350000 19.399996
v -2.820000 -2.820000 19.999996
v 2.820001 -2.820000 20.000000
v -2.820000 2.820002 20.000000
v 2.819998 2.819998 20.000000
v -2.820000 -2.820000 20.199997
v 2.820001 -2.820000 20.200001
v -2.820000 2.820002 20.200001
v 2.819998 2.819998 20.200001
v -2.468554 -2.468555 19.699997
v 2.468555 -2.468554 19.700001
v -2.468555 2.468557 19.700001
v 2.468553 2.468553 19.700001
v -2.596158 -2.596159 19.849997
v -2.596159 2.596160 19.850000
v 2.596157 2.596156 19.850000
v 2.596159 -2.596158 19.850000
v 2.391560 -2.391559 19.549999
v -2.391559 -2.391559 19.549995
v -2.391559 2.391561 19.549999
v 2.391557 2.391557 19.549999
v -2.840001 -2.840000 20.199997
v -2.840000 2.840001 20.200001
v -2.840000 2.840001 20.250000
v 2.839999 2.839997 20.200001
v 2.840001 -2.840000 20.250000
v 2.840001 -2.840000 20.200001
v 2.839999 2.839997 20.250000
v 0.000000 0.000001 21.000000
v -2.840001 -2.840000 20.249996
vt 0.473701 0.389246
vt 0.880192 0.389245
vt 0.894049 0.403103
vt 0.459844 0.403104
vt 0.437103 0.451252
vt 0.916791 0.451252
vt 0.937470 0.476145
vt 0.416423 0.476145
vt 0.473708 0.389077
vt 0.880188 0.389081
vt 0.894045 0.402939
vt 0.459851 0.402934
vt 0.474243 0.389268
vt 0.880730 0.389265
vt 0.894588 0.403123
vt 0.460386 0.403126
vt 0.437108 0.451086
vt 0.916786 0.451087
vt 0.937465 0.475979
vt 0.416429 0.475979
vt 0.437646 0.451274
vt 0.917329 0.451272
vt 0.938009 0.476165
vt 0.416967 0.476167
vt 0.474245 0.389434
vt 0.880728 0.389435
vt 0.894585 0.403293
vt 0.460387 0.403293
vt 0.437646 0.451441
vt 0.917326 0.451442
vt 0.938005 0.476335
vt 0.416967 0.476334
vt 0.937470 0.494621
vt 0.416423 0.494621
vt 0.937465 0.494456
vt 0.416429 0.494457
vt 0.938008 0.494642
vt 0.416967 0.494643
vt 0.938005 0.494811
vt 0.416967 0.494811
vt 0.456004 0.417483
vt 0.897889 0.417482
vt 0.905002 0.433059
vt 0.448891 0.433059
vt 0.456011 0.417315
vt 0.897884 0.417318
vt 0.904997 0.432894
vt 0.448897 0.432892
vt 0.456546 0.417505
vt 0.898427 0.417502
vt 0.905541 0.433079
vt 0.449433 0.433082
vt 0.456547 0.417672
vt 0.898424 0.417672
vt 0.905537 0.433249
vt 0.449434 0.433248
vt 0.427545 0.503656
vt 0.921534 0.503532
vt 0.930307 0.512304
vt 0.425866 0.512309
vt 0.426086 0.512586
vt 0.930526 0.512570
vt 0.930583 0.521374
vt 0.426143 0.521390
vt 0.427765 0.503933
vt 0.921753 0.503798
vt 0.678146 0.781978
vt 0.425924 0.521113
vt 0.930364 0.521108
vt 0.928734 0.503550
vt 0.434755 0.503424
vt 0.425982 0.512197
vt 0.930422 0.512202
vt 0.678371 0.782249
vt 0.928392 0.503976
vt 0.434404 0.503869
vt 0.425631 0.512642
vt 0.930071 0.512628
vt 0.930014 0.521432
vt 0.425574 0.521446
vt 0.677802 0.782306
vt 0.425924 0.521001
vt 0.678142 0.781870
vt 0.930365 0.521006
usemtl Exterior_Mat
s off
f 1495/2056 1498/2057 1500/2058 1502/2059
f 1515/2060 1518/2061 1504/2062 1503/2063
f 1496/2064 1495/2065 1502/2066 1499/2067
f 1497/2068 1496/2069 1499/2070 1501/2071
f 1516/2072 1515/2073 1503/2074 1505/2075
f 1517/2076 1516/2077 1505/2078 1506/2079
f 1498/2080 1497/2081 1501/2082 1500/2083
f 1518/2084 1517/2085 1506/2086 1504/2087
f 1503/2063 1504/2062 1508/2088 1507/2089
f 1505/2075 1503/2074 1507/2090 1509/2091
f 1506/2079 1505/2078 1509/2092 1510/2093
f 1504/2087 1506/2086 1510/2094 1508/2095
f 1520/2096 1519/2097 1512/2098 1511/2099
f 1521/2100 1520/2101 1511/2102 1513/2103
f 1522/2104 1521/2105 1513/2106 1514/2107
f 1519/2108 1522/2109 1514/2110 1512/2111
f 1511/2099 1512/2098 1518/2061 1515/2060
f 1513/2103 1511/2102 1515/2073 1516/2072
f 1514/2107 1513/2106 1516/2077 1517/2076
f 1512/2111 1514/2110 1517/2085 1518/2084
f 1502/2059 1500/2058 1519/2097 1520/2096
f 1499/2067 1502/2066 1520/2101 1521/2100
f 1501/2071 1499/2070 1521/2105 1522/2104
f 1500/2083 1501/2082 1522/2109 1519/2108
f 1509/2112 1507/2113 1523/2114 1524/2115
f 1528/2116 1526/2117 1529/2118 1527/2119
f 1508/2120 1510/2121 1526/2117 1528/2116
f 1530/2122 1525/2123 1531/2124
f 1507/2125 1508/2126 1528/2127 1523/2128
f 1529/2118 1530/2129 1527/2119
f 1510/2130 1509/2131 1524/2132 1526/2133
f 1529/2134 1525/2135 1530/2136
f 1527/2137 1530/2138 1531/2139
f 1526/2133 1524/2132 1525/2135 1529/2134
f 1524/2115 1523/2114 1531/2124 1525/2123
f 1523/2128 1528/2127 1527/2137 1531/2139
o Clock_Main
v -2.250000 0.100000 16.870001
v -2.250000 0.092388 16.908270
v -2.250000 0.070711 16.940712
v -2.250000 0.038268 16.962389
v -2.250000 -0.000000 16.970001
v -2.250000 -0.038268 16.962389
v -2.250000 -0.070711 16.940712
v -2.250000 -0.092388 16.908270
v -2.250000 -0.100000 16.870001
v -2.250000 -0.092388 16.831732
v -2.250000 -0.070711 16.799290
v -2.250000 -0.038268 16.777613
v -2.250000 0.000000 16.770000
v -2.250000 0.038268 16.777613
v -2.250000 0.070711 16.799290
v -2.250000 0.092388 16.831732
v -2.200000 0.100000 16.870001
v -2.200000 0.092388 16.908270
v -2.200000 0.070711 16.940712
v -2.200000 0.038268 16.962389
v -2.200000 -0.000000 16.970001
v -2.200000 -0.038268 16.962389
v -2.200000 -0.070711 16.940712
v -2.200000 -0.092388 16.908270
v -2.200000 -0.100000 16.870001
v -2.200000 -0.092388 16.831732
v -2.200000 -0.070711 16.799290
v -2.200000 -0.038268 16.777613
v -2.200000 0.000000 16.770000
v -2.200000 0.038268 16.777613
v -2.200000 0.070711 16.799290
v -2.200000 0.092388 16.831732
v -2.250000 0.045000 16.870001
v -2.250000 0.041575 16.887222
v -2.250000 0.031820 16.901821
v -2.250000 0.017221 16.911575
v -2.250000 -0.000000 16.915001
v -2.250000 -0.017221 16.911575
v -2.250000 -0.031820 16.901821
v -2.250000 -0.041575 16.887222
v -2.250000 -0.045000 16.870001
v -2.250000 -0.041575 16.852779
v -2.250000 -0.031820 16.838181
v -2.250000 -0.017221 16.828426
v -2.250000 0.000000 16.825001
v -2.250000 0.017221 16.828426
v -2.250000 0.031820 16.838181
v -2.250000 0.041575 16.852779
v -2.350000 0.045000 16.870001
v -2.350000 0.041575 16.887222
v -2.350000 0.031820 16.901821
v -2.350000 0.017221 16.911575
v -2.350000 -0.000000 16.915001
v -2.350000 -0.017221 16.911575
v -2.350000 -0.031820 16.901821
v -2.350000 -0.041575 16.887222
v -2.350000 -0.045000 16.870001
v -2.350000 -0.041575 16.852779
v -2.350000 -0.031820 16.838181
v -2.350000 -0.017221 16.828426
v -2.350000 0.000000 16.825001
v -2.350000 0.017221 16.828426
v -2.350000 0.031820 16.838181
v -2.350000 0.041575 16.852779
v -2.350000 0.067500 16.870001
v -2.350000 0.062362 16.895832
v -2.350000 0.047730 16.917732
v -2.350000 0.025831 16.932362
v -2.350000 -0.000000 16.937500
v -2.350000 -0.025831 16.932362
v -2.350000 -0.047730 16.917732
v -2.350000 -0.062362 16.895832
v -2.350000 -0.067500 16.870001
v -2.350000 -0.062362 16.844170
v -2.350000 -0.047730 16.822269
v -2.350000 -0.025831 16.807640
v -2.350000 0.000000 16.802502
v -2.350000 0.025831 16.807640
v -2.350000 0.047730 16.822269
v -2.350000 0.062362 16.844170
v -2.370000 0.067500 16.870001
v -2.370000 0.062362 16.895832
v -2.370000 0.047730 16.917732
v -2.370000 0.025831 16.932362
v -2.370000 -0.000000 16.937500
v -2.370000 -0.025831 16.932362
v -2.370000 -0.047730 16.917732
v -2.370000 -0.062362 16.895832
v -2.370000 -0.067500 16.870001
v -2.370000 -0.062362 16.844170
v -2.370000 -0.047730 16.822269
v -2.370000 -0.025831 16.807640
v -2.370000 0.000000 16.802502
v -2.370000 0.025831 16.807640
v -2.370000 0.047730 16.822269
v -2.370000 0.062362 16.844170
v -2.380000 0.026433 16.870001
v -2.380000 0.024421 16.880116
v -2.380000 0.018691 16.888693
v -2.380000 0.010115 16.894421
v -2.380000 -0.000000 16.896433
v -2.380000 -0.010115 16.894421
v -2.380000 -0.018691 16.888693
v -2.380000 -0.024421 16.880116
v -2.380000 -0.026433 16.870001
v -2.380000 -0.024421 16.859886
v -2.380000 -0.018691 16.851309
v -2.380000 -0.010115 16.845581
v -2.380000 0.000000 16.843569
v -2.380000 0.010115 16.845581
v -2.380000 0.018691 16.851309
v -2.380000 0.024421 16.859886
v -2.380001 0.000000 16.870001
v -2.376836 0.017973 16.913391
v -2.376836 0.046967 16.870001
v -2.376836 0.043391 16.852028
v -2.376836 -0.017973 16.913391
v -2.376836 -0.000000 16.916965
v -2.376836 -0.043391 16.887974
v -2.376836 -0.033210 16.903214
v -2.376836 -0.043391 16.852028
v -2.376836 -0.046967 16.870001
v -2.376836 -0.017973 16.826611
v -2.376836 -0.033210 16.836788
v -2.376836 0.017973 16.826611
v -2.376836 0.000000 16.823036
v -2.376836 0.033210 16.903214
v -2.376836 0.043391 16.887974
v -2.376836 0.033210 16.836788
v -2.374032 0.052877 16.891903
v -2.374032 0.000000 16.812769
v -2.374032 -0.040470 16.829529
v -2.374032 -0.057233 16.870001
v -2.374032 -0.040470 16.910473
v -2.374032 -0.000000 16.927233
v -2.374032 0.052877 16.848099
v -2.374032 0.040470 16.829529
v -2.374032 0.021902 16.922876
v -2.374032 0.057233 16.870001
v -2.374032 -0.021902 16.922876
v -2.374032 -0.052877 16.891903
v -2.374032 -0.052877 16.848099
v -2.374032 -0.021902 16.817125
v -2.374032 0.021902 16.817125
v -2.374032 0.040470 16.910473
v 2.250000 0.100000 16.870001
v 2.250000 0.092388 16.908270
v 2.250000 0.070711 16.940712
v 2.250000 0.038268 16.962389
v 2.250000 -0.000000 16.970001
v 2.250000 -0.038268 16.962389
v 2.250000 -0.070711 16.940712
v 2.250000 -0.092388 16.908270
v 2.250000 -0.100000 16.870001
v 2.250000 -0.092388 16.831732
v 2.250000 -0.070711 16.799290
v 2.250000 -0.038268 16.777613
v 2.250000 0.000000 16.770000
v 2.250000 0.038268 16.777613
v 2.250000 0.070711 16.799290
v 2.250000 0.092388 16.831732
v 2.200000 0.100000 16.870001
v 2.200000 0.092388 16.908270
v 2.200000 0.070711 16.940712
v 2.200000 0.038268 16.962389
v 2.200000 -0.000000 16.970001
v 2.200000 -0.038268 16.962389
v 2.200000 -0.070711 16.940712
v 2.200000 -0.092388 16.908270
v 2.200000 -0.100000 16.870001
v 2.200000 -0.092388 16.831732
v 2.200000 -0.070711 16.799290
v 2.200000 -0.038268 16.777613
v 2.200000 0.000000 16.770000
v 2.200000 0.038268 16.777613
v 2.200000 0.070711 16.799290
v 2.200000 0.092388 16.831732
v 2.250000 0.045000 16.870001
v 2.250000 0.041575 16.887222
v 2.250000 0.031820 16.901821
v 2.250000 0.017221 16.911575
v 2.250000 -0.000000 16.915001
v 2.250000 -0.017221 16.911575
v 2.250000 -0.031820 16.901821
v 2.250000 -0.041575 16.887222
v 2.250000 -0.045000 16.870001
v 2.250000 -0.041575 16.852779
v 2.250000 -0.031820 16.838181
v 2.250000 -0.017221 16.828426
v 2.250000 0.000000 16.825001
v 2.250000 0.017221 16.828426
v 2.250000 0.031820 16.838181
v 2.250000 0.041575 16.852779
v 2.350000 0.045000 16.870001
v 2.350000 0.041575 16.887222
v 2.350000 0.031820 16.901821
v 2.350000 0.017221 16.911575
v 2.350000 -0.000000 16.915001
v 2.350000 -0.017221 16.911575
v 2.350000 -0.031820 16.901821
v 2.350000 -0.041575 16.887222
v 2.350000 -0.045000 16.870001
v 2.350000 -0.041575 16.852779
v 2.350000 -0.031820 16.838181
v 2.350000 -0.017221 16.828426
v 2.350000 0.000000 16.825001
v 2.350000 0.017221 16.828426
v 2.350000 0.031820 16.838181
v 2.350000 0.041575 16.852779
v 2.350000 0.067500 16.870001
v 2.350000 0.062362 16.895832
v 2.350000 0.047730 16.917732
v 2.350000 0.025831 16.932362
v 2.350000 -0.000000 16.937500
v 2.350000 -0.025831 16.932362
v 2.350000 -0.047730 16.917732
v 2.350000 -0.062362 16.895832
v 2.350000 -0.067500 16.870001
v 2.350000 -0.062362 16.844170
v 2.350000 -0.047730 16.822269
v 2.350000 -0.025831 16.807640
v 2.350000 0.000000 16.802502
v 2.350000 0.025831 16.807640
v 2.350000 0.047730 16.822269
v 2.350000 0.062362 16.844170
v 2.370000 0.067500 16.870001
v 2.370000 0.062362 16.895832
v 2.370000 0.047730 16.917732
v 2.370000 0.025831 16.932362
v 2.370000 -0.000000 16.937500
v 2.370000 -0.025831 16.932362
v 2.370000 -0.047730 16.917732
v 2.370000 -0.062362 16.895832
v 2.370000 -0.067500 16.870001
v 2.370000 -0.062362 16.844170
v 2.370000 -0.047730 16.822269
v 2.370000 -0.025831 16.807640
v 2.370000 0.000000 16.802502
v 2.370000 0.025831 16.807640
v 2.370000 0.047730 16.822269
v 2.370000 0.062362 16.844170
v 2.380000 0.026433 16.870001
v 2.380000 0.024421 16.880116
v 2.380000 0.018691 16.888693
v 2.380000 0.010115 16.894421
v 2.380000 -0.000000 16.896433
v 2.380000 -0.010115 16.894421
v 2.380000 -0.018691 16.888693
v 2.380000 -0.024421 16.880116
v 2.380000 -0.026433 16.870001
v 2.380000 -0.024421 16.859886
v 2.380000 -0.018691 16.851309
v 2.380000 -0.010115 16.845581
v 2.380000 0.000000 16.843569
v 2.380000 0.010115 16.845581
v 2.380000 0.018691 16.851309
v 2.380000 0.024421 16.859886
v 2.380001 0.000000 16.870001
v 2.376836 0.017973 16.913391
v 2.376836 0.046967 16.870001
v 2.376836 0.043391 16.852028
v 2.376836 -0.017973 16.913391
v 2.376836 -0.000000 16.916965
v 2.376836 -0.043391 16.887974
v 2.376836 -0.033210 16.903214
v 2.376836 -0.043391 16.852028
v 2.376836 -0.046967 16.870001
v 2.376836 -0.017973 16.826611
v 2.376836 -0.033210 16.836788
v 2.376836 0.017973 16.826611
v 2.376836 0.000000 16.823036
v 2.376836 0.033210 16.903214
v 2.376836 0.043391 16.887974
v 2.376836 0.033210 16.836788
v 2.374032 0.052877 16.891903
v 2.374032 0.000000 16.812769
v 2.374032 -0.040470 16.829529
v 2.374032 -0.057233 16.870001
v 2.374032 -0.040470 16.910473
v 2.374032 -0.000000 16.927233
v 2.374032 0.052877 16.848099
v 2.374032 0.040470 16.829529
v 2.374032 0.021902 16.922876
v 2.374032 0.057233 16.870001
v 2.374032 -0.021902 16.922876
v 2.374032 -0.052877 16.891903
v 2.374032 -0.052877 16.848099
v 2.374032 -0.021902 16.817125
v 2.374032 0.021902 16.817125
v 2.374032 0.040470 16.910473
v 2.205000 0.025002 16.945002
v 2.245000 -0.024999 16.945002
v 2.205000 -0.024999 16.945002
v 2.245000 0.025003 16.945002
v 2.205000 -0.024999 16.795000
v 2.205000 0.025002 16.795000
v 2.245000 -0.024999 16.795000
v 2.245000 0.025002 16.795000
v 2.205000 0.025002 16.000000
v 2.205000 0.025003 17.740002
v 2.245000 0.025003 17.740002
v 2.245000 0.025002 16.000000
v 2.245000 -0.024999 16.000000
v 2.245000 -0.024998 17.740002
v 2.205000 -0.024998 17.740002
v 2.205000 -0.024999 16.000000
v 2.205000 -0.074997 16.895000
v 2.245000 -0.074997 16.844999
v 2.205000 -0.074997 16.844999
v 2.245000 -0.074997 16.895000
v 2.205000 0.075003 16.844999
v 2.205000 0.075003 16.895000
v 2.245000 0.075003 16.844999
v 2.245000 0.075003 16.895000
v 2.204999 0.870003 16.895000
v 2.205001 -0.869997 16.895000
v 2.245001 -0.869997 16.895000
v 2.244999 0.870003 16.895000
v 2.204999 0.870003 16.844999
v 2.205001 -0.869997 16.844999
v 2.245001 -0.869997 16.844999
v 2.244999 0.870003 16.844999
v 2.205000 -0.584779 18.106983
v -2.200000 1.353600 16.869999
v -2.200000 1.327591 17.134073
v -2.200000 1.250563 17.388000
v -2.200000 1.125477 17.622019
v -2.200000 0.957139 17.827137
v -2.200000 0.752019 17.995476
v -2.200000 0.518000 18.120562
v -2.199999 0.264074 18.197590
v -2.199999 -0.000000 18.223600
v -2.199999 -0.264075 18.197590
v -2.200000 -0.518000 18.120562
v -2.200000 -0.752020 17.995476
v -2.200000 -0.957140 17.827137
v -2.200000 -1.125478 17.622019
v -2.200000 -1.250564 17.387999
v -2.200000 -1.327591 17.134073
v -2.200000 -1.353600 16.869999
v -2.200001 -1.327591 16.605923
v -2.200001 -1.250563 16.351997
v -2.200001 -1.125477 16.117979
v -2.200001 -0.957139 15.912859
v -2.200001 -0.752019 15.744522
v -2.200001 -0.518000 15.619436
v -2.200001 -0.264073 15.542408
v -2.200001 0.264075 15.542408
v -2.200001 0.518001 15.619437
v -2.200001 0.752021 15.744523
v -2.200001 0.957141 15.912861
v -2.200001 1.125478 16.117981
v -2.200001 1.250564 16.352001
v -2.200001 1.327591 16.605927
v -2.200000 -0.000000 15.516398
v -2.250000 1.353600 16.870001
v -2.250000 1.327591 17.134075
v -2.250000 1.250563 17.388002
v -2.250000 1.125477 17.622021
v -2.250000 0.957140 17.827139
v -2.250000 0.752020 17.995478
v -2.250000 0.518000 18.120564
v -2.249999 0.264074 18.197592
v -2.249999 0.000000 18.223602
v -2.249999 -0.264074 18.197592
v -2.250000 -0.518000 18.120564
v -2.250000 -0.752020 17.995478
v -2.250000 -0.957140 17.827139
v -2.250000 -1.125477 17.622021
v -2.250000 -1.250563 17.388000
v -2.250000 -1.327591 17.134075
v -2.250000 -1.353600 16.870001
v -2.250000 -1.327591 16.605925
v -2.250001 -1.250563 16.351999
v -2.250001 -1.125477 16.117981
v -2.250001 -0.957139 15.912861
v -2.250001 -0.752019 15.744524
v -2.250001 -0.517999 15.619438
v -2.250001 -0.264073 15.542410
v -2.250001 0.264076 15.542410
v -2.250001 0.518002 15.619439
v -2.250001 0.752021 15.744525
v -2.250001 0.957141 15.912863
v -2.250001 1.125478 16.117983
v -2.250001 1.250564 16.352003
v -2.250000 1.327591 16.605928
v -2.250000 0.000000 15.516400
v -2.250000 1.440000 16.870001
v -2.250000 1.412331 17.150930
v -2.250000 1.330386 17.421066
v -2.250000 1.197316 17.670021
v -2.249999 1.018234 17.888233
v -2.249999 0.800021 18.067316
v -2.249999 0.551064 18.200386
v -2.249999 0.280930 18.282331
v -2.249999 0.000000 18.310001
v -2.249999 -0.280930 18.282331
v -2.249999 -0.551064 18.200386
v -2.249999 -0.800021 18.067316
v -2.249999 -1.018234 17.888233
v -2.250000 -1.197316 17.670021
v -2.250000 -1.330387 17.421064
v -2.250000 -1.412331 17.150930
v -2.250000 -1.440000 16.870001
v -2.250000 -1.412331 16.589069
v -2.250000 -1.330386 16.318935
v -2.250000 -1.197316 16.069979
v -2.250001 -1.018233 15.851767
v -2.250001 -0.800020 15.672685
v -2.250001 -0.551063 15.539615
v -2.250001 -0.280929 15.457670
v -2.250001 0.280932 15.457670
v -2.250001 0.551066 15.539616
v -2.250001 0.800023 15.672686
v -2.250001 1.018235 15.851768
v -2.250000 1.197317 16.069983
v -2.250000 1.330387 16.318939
v -2.250000 1.412331 16.589073
v -2.250000 0.000000 15.430000
v -2.200000 0.900000 16.870001
v -2.200000 0.882707 17.045582
v -2.200000 0.831492 17.214417
v -2.200000 0.748323 17.370014
v -2.200000 0.636396 17.506397
v -2.200000 0.500013 17.618324
v -2.200000 0.344415 17.701492
v -2.200000 0.175581 17.752708
v -2.200000 0.000000 17.770000
v -2.200000 -0.175581 17.752708
v -2.200000 -0.344415 17.701492
v -2.200000 -0.500013 17.618324
v -2.200000 -0.636396 17.506397
v -2.200000 -0.748323 17.370014
v -2.200000 -0.831492 17.214417
v -2.200000 -0.882707 17.045582
v -2.200000 -0.900000 16.870001
v -2.200000 -0.882707 16.694420
v -2.200000 -0.831491 16.525585
v -2.200000 -0.748322 16.369987
v -2.200001 -0.636396 16.233604
v -2.200001 -0.500013 16.121677
v -2.200001 -0.344414 16.038509
v -2.200001 -0.175581 15.987294
v -2.200001 0.000001 15.970001
v -2.200001 0.175582 15.987294
v -2.200001 0.344416 16.038509
v -2.200001 0.500014 16.121679
v -2.200001 0.636397 16.233606
v -2.200000 0.748323 16.369989
v -2.200000 0.831492 16.525587
v -2.200000 0.882707 16.694422
v -2.250000 0.900000 16.870001
v -2.250000 0.882707 17.045582
v -2.250000 0.831492 17.214417
v -2.250000 0.748323 17.370014
v -2.250000 0.636396 17.506397
v -2.250000 0.500013 17.618324
v -2.250000 0.344415 17.701492
v -2.250000 0.175581 17.752708
v -2.250000 0.000000 17.770000
v -2.250000 -0.175581 17.752708
v -2.250000 -0.344415 17.701492
v -2.250000 -0.500013 17.618324
v -2.250000 -0.636396 17.506397
v -2.250000 -0.748323 17.370014
v -2.250000 -0.831492 17.214417
v -2.250000 -0.882707 17.045582
v -2.250000 -0.900000 16.870001
v -2.250000 -0.882707 16.694420
v -2.250000 -0.831491 16.525585
v -2.250000 -0.748322 16.369987
v -2.250001 -0.636396 16.233604
v -2.250001 -0.500013 16.121677
v -2.250001 -0.344414 16.038509
v -2.250001 -0.175581 15.987294
v -2.250001 0.000001 15.970001
v -2.250001 0.175582 15.987294
v -2.250001 0.344416 16.038509
v -2.250001 0.500014 16.121679
v -2.250001 0.636397 16.233606
v -2.250000 0.748323 16.369989
v -2.250000 0.831492 16.525587
v -2.250000 0.882707 16.694422
v -2.200000 0.837000 16.870001
v -2.200000 0.820917 17.033291
v -2.200000 0.773287 17.190308
v -2.200000 0.695940 17.335014
v -2.200000 0.591848 17.461849
v -2.200000 0.465012 17.565941
v -2.200000 0.320306 17.643288
v -2.200000 0.163291 17.690920
v -2.200000 0.000000 17.707001
v -2.200000 -0.163290 17.690920
v -2.200000 -0.320306 17.643288
v -2.200000 -0.465012 17.565941
v -2.200000 -0.591848 17.461849
v -2.200000 -0.695940 17.335014
v -2.200000 -0.773287 17.190308
v -2.200000 -0.820917 17.033291
v -2.200000 -0.837000 16.870001
v -2.200000 -0.820917 16.706711
v -2.200000 -0.773287 16.549694
v -2.200000 -0.695940 16.404989
v -2.200001 -0.591848 16.278152
v -2.200001 -0.465012 16.174061
v -2.200001 -0.320305 16.096714
v -2.200001 -0.163290 16.049084
v -2.200001 0.000001 16.033001
v -2.200001 0.163291 16.049084
v -2.200000 0.320307 16.096714
v -2.200000 0.465013 16.174063
v -2.200001 0.591849 16.278154
v -2.200000 0.695941 16.404991
v -2.200000 0.773288 16.549696
v -2.200000 0.820918 16.706713
v -2.250000 0.837000 16.869999
v -2.250000 0.820917 17.033289
v -2.250000 0.773287 17.190306
v -2.250000 0.695940 17.335012
v -2.250000 0.591848 17.461847
v -2.250000 0.465012 17.565939
v -2.250000 0.320306 17.643286
v -2.250000 0.163291 17.690918
v -2.250000 0.000000 17.706999
v -2.250000 -0.163290 17.690918
v -2.250000 -0.320306 17.643286
v -2.250000 -0.465012 17.565939
v -2.250000 -0.591848 17.461847
v -2.250000 -0.695940 17.335012
v -2.250000 -0.773287 17.190306
v -2.250000 -0.820917 17.033289
v -2.250000 -0.837000 16.869999
v -2.250000 -0.820917 16.706709
v -2.250000 -0.773287 16.549692
v -2.250000 -0.695940 16.404987
v -2.250001 -0.591848 16.278151
v -2.250001 -0.465012 16.174059
v -2.250001 -0.320305 16.096712
v -2.250001 -0.163290 16.049082
v -2.250001 0.000001 16.032999
v -2.250001 0.163291 16.049082
v -2.250001 0.320307 16.096712
v -2.250001 0.465013 16.174061
v -2.250001 0.591849 16.278152
v -2.250000 0.695941 16.404989
v -2.250000 0.773288 16.549694
v -2.250000 0.820918 16.706711
v -2.204998 -0.713251 15.698317
v -2.204998 -0.755072 15.722471
v -2.245002 -0.755069 15.722468
v -2.245002 -0.713247 15.698315
v -2.204998 -0.405940 16.113947
v -2.204998 -0.451785 16.140415
v -2.245002 -0.451781 16.140413
v -2.245002 -0.405937 16.113943
v -2.204998 -0.560276 15.621105
v -2.204998 -0.602103 15.645254
v -2.245002 -0.602101 15.645248
v -2.245002 -0.560273 15.621103
v -2.204998 -0.479669 16.039259
v -2.245002 -0.479667 16.039255
v -2.245002 -0.464729 17.624929
v -2.245002 -0.421427 17.649929
v -2.204998 -0.421423 17.649931
v -2.204998 -0.464725 17.624931
v -2.245002 -0.701493 18.035017
v -2.245002 -0.658191 18.060015
v -2.204998 -0.658187 18.060019
v -2.204998 -0.701489 18.035019
v -2.245000 0.785629 17.239069
v -2.245000 0.808287 17.199823
v -2.205000 0.808287 17.199823
v -2.205000 0.785629 17.239069
v -2.245000 1.121460 17.645687
v -2.245000 1.144118 17.606441
v -2.205000 1.144118 17.606441
v -2.205000 1.121460 17.645687
v -2.210000 1.207999 17.479670
v -2.210000 1.230657 17.440426
v -2.240000 1.230657 17.440426
v -2.240000 1.207999 17.479670
v -2.210000 0.689779 17.405085
v -2.210000 0.712432 17.365839
v -2.240000 0.712432 17.365839
v -2.240000 0.689779 17.405085
v -2.245002 -0.750802 17.332342
v -2.245002 -0.725801 17.375641
v -2.204998 -0.725798 17.375645
v -2.204998 -0.750800 17.332344
v -2.245002 -1.162520 17.570045
v -2.245002 -1.137518 17.613346
v -2.204998 -1.137516 17.613350
v -2.204998 -1.162518 17.570049
v -2.245002 -0.800802 17.245739
v -2.245002 -0.775800 17.289040
v -2.204998 -0.775798 17.289043
v -2.204998 -0.800800 17.245743
v -2.245002 -1.212520 17.483444
v -2.245002 -1.187518 17.526745
v -2.204998 -1.187516 17.526749
v -2.204998 -1.212518 17.483448
v -2.245000 -0.878184 16.944998
v -2.245000 -0.878182 16.994999
v -2.204998 -0.878182 16.995003
v -2.204998 -0.878184 16.945002
v -2.245000 -1.356794 16.944998
v -2.245000 -1.356793 16.994997
v -2.204998 -1.356793 16.995003
v -2.204998 -1.356794 16.945002
v -2.245002 -0.890484 16.844995
v -2.245002 -0.890482 16.894999
v -2.204998 -0.890482 16.895002
v -2.204998 -0.890484 16.845001
v -2.245002 -1.356794 16.844995
v -2.245002 -1.356792 16.894999
v -2.204998 -1.356792 16.895002
v -2.204998 -1.356794 16.844999
v -2.245002 -0.878184 16.744999
v -2.245002 -0.878182 16.794998
v -2.204998 -0.878182 16.795002
v -2.204998 -0.878184 16.745003
v -2.245002 -1.356794 16.744997
v -2.245002 -1.356792 16.794998
v -2.204998 -1.356792 16.795002
v -2.204998 -1.356794 16.745003
v -2.245002 -0.799336 16.552837
v -2.245002 -0.824334 16.596140
v -2.204998 -0.824336 16.596144
v -2.204998 -0.799338 16.552841
v -2.245002 -1.237517 16.299854
v -2.245002 -1.262515 16.343157
v -2.204998 -1.262517 16.343161
v -2.204998 -1.237519 16.299858
v -2.245002 -0.767122 16.455967
v -2.245002 -0.792121 16.499269
v -2.205000 -0.792123 16.499273
v -2.204998 -0.767125 16.455971
v -2.245002 -1.196356 16.208149
v -2.245002 -1.221354 16.251450
v -2.205000 -1.221356 16.251453
v -2.204998 -1.196358 16.208153
v -2.245002 -0.717122 16.369364
v -2.245002 -0.742121 16.412666
v -2.204998 -0.742123 16.412670
v -2.204998 -0.717125 16.369368
v -2.245002 -1.146356 16.121546
v -2.245002 -1.171354 16.164848
v -2.204998 -1.171356 16.164852
v -2.204998 -1.146358 16.121550
v -2.245002 -0.649336 16.293032
v -2.245002 -0.674334 16.336332
v -2.204998 -0.674336 16.336336
v -2.204998 -0.649338 16.293036
v -2.245002 -1.087517 16.040047
v -2.245002 -1.112515 16.083349
v -2.204998 -1.112517 16.083353
v -2.204998 -1.087519 16.040051
v -2.204998 -0.106846 15.504408
v -2.204998 -0.155142 15.504416
v -2.245002 -0.155138 15.504416
v -2.245002 -0.106842 15.504408
v -2.204998 -0.046351 16.012268
v -2.204998 -0.099288 16.012268
v -2.245002 -0.099284 16.012268
v -2.245002 -0.046347 16.012268
v -2.204998 0.066410 15.504414
v -2.204998 0.018113 15.504414
v -2.245002 0.018118 15.504410
v -2.245002 0.066415 15.504414
v -2.204998 -0.072859 15.910723
v -2.245002 -0.072854 15.910721
v -2.245002 0.076130 16.002613
v -2.245002 0.026130 16.002613
v -2.204998 0.026126 16.002613
v -2.204998 0.076126 16.002613
v -2.245002 0.152444 15.503147
v -2.245002 0.102444 15.503149
v -2.204998 0.102440 15.503149
v -2.204998 0.152440 15.503147
v -2.204998 0.536830 15.587218
v -2.204998 0.495001 15.563077
v -2.245002 0.495004 15.563080
v -2.245002 0.536833 15.587220
v -2.204998 0.336199 16.073685
v -2.204998 0.290354 16.047216
v -2.245002 0.290358 16.047218
v -2.245002 0.336202 16.073687
v -2.204998 0.695134 15.677514
v -2.204998 0.653308 15.653365
v -2.245002 0.653313 15.653364
v -2.245002 0.695138 15.677516
v -2.204998 0.364015 15.972490
v -2.245002 0.364020 15.972490
v -2.245002 0.408293 16.115030
v -2.245002 0.364990 16.090031
v -2.204998 0.364987 16.090029
v -2.204998 0.408289 16.115028
v -2.245002 0.768978 15.721679
v -2.245002 0.725676 15.696680
v -2.204998 0.725672 15.696678
v -2.204998 0.768975 15.721677
v -2.245002 0.494895 16.165030
v -2.245002 0.451593 16.140032
v -2.204998 0.451589 16.140030
v -2.204998 0.494891 16.165028
v -2.245002 0.850572 15.780354
v -2.245002 0.807270 15.755356
v -2.204998 0.807266 15.755354
v -2.204998 0.850568 15.780352
v -2.204998 1.030128 15.951285
v -2.204998 1.005974 15.909464
v -2.245002 1.005976 15.909468
v -2.245002 1.030131 15.951289
v -2.204998 0.661232 16.299829
v -2.204998 0.634763 16.253984
v -2.245002 0.634765 16.253988
v -2.245002 0.661234 16.299833
v -2.204998 1.116712 16.077490
v -2.204998 1.092563 16.035664
v -2.245002 1.092569 16.035666
v -2.245002 1.116714 16.077494
v -2.204998 0.735919 16.226101
v -2.245002 0.735923 16.226103
v -2.245002 0.725457 16.372990
v -2.245002 0.700455 16.329689
v -2.204998 0.700453 16.329685
v -2.204998 0.725455 16.372986
v -2.245002 1.161099 16.151207
v -2.245002 1.136098 16.107906
v -2.204998 1.136096 16.107903
v -2.204998 1.161097 16.151203
v -2.245002 0.775457 16.459593
v -2.245002 0.750455 16.416292
v -2.204998 0.750453 16.416288
v -2.204998 0.775455 16.459589
v -2.245002 1.211099 16.237810
v -2.245002 1.186098 16.194510
v -2.204998 1.186095 16.194506
v -2.204998 1.211097 16.237806
v -2.245002 0.825457 16.546196
v -2.245002 0.800455 16.502895
v -2.204998 0.800453 16.502892
v -2.204998 0.825455 16.546192
v -2.245002 1.261099 16.324411
v -2.245002 1.236098 16.281113
v -2.204998 1.236095 16.281109
v -2.204998 1.261097 16.324409
v -2.245832 0.868482 16.863329
v -2.245832 0.868482 16.818012
v -2.205832 0.868482 16.818012
v -2.205832 0.868482 16.863329
v -2.245832 1.346115 17.055029
v -2.245832 1.346115 17.009712
v -2.205832 1.346115 17.009712
v -2.205832 1.346115 17.055029
v -2.210832 1.361100 16.863329
v -2.210832 1.361100 16.818014
v -2.240832 1.361100 16.818014
v -2.240832 1.361100 16.863329
v -2.210832 0.868481 17.055029
v -2.210832 0.868476 17.009714
v -2.240832 0.868476 17.009714
v -2.240832 0.868481 17.055029
v -2.245838 0.861362 16.798559
v -2.245838 0.861361 16.748560
v -2.205000 0.861361 16.748560
v -2.205000 0.861362 16.798559
v -2.245838 1.360366 16.798559
v -2.245838 1.360364 16.748560
v -2.205000 1.360364 16.748560
v -2.205000 1.360366 16.798559
v -2.244999 0.136554 17.738174
v -2.244999 0.181870 17.738174
v -2.204999 0.181870 17.738174
v -2.204999 0.136554 17.738174
v -2.244999 0.002079 18.241385
v -2.244999 0.047395 18.241385
v -2.204999 0.047395 18.241385
v -2.204999 0.002079 18.241385
v -2.210000 0.193779 18.216118
v -2.210000 0.239094 18.216118
v -2.240000 0.239094 18.216118
v -2.240000 0.193779 18.216118
v -2.210000 0.002079 17.749140
v -2.210000 0.047394 17.749134
v -2.240000 0.047394 17.749134
v -2.240000 0.002079 17.749140
v -2.245006 -0.095586 17.741211
v -2.245006 -0.045586 17.741209
v -2.204999 -0.045586 17.741209
v -2.204999 -0.095586 17.741211
v -2.245006 -0.095586 18.226803
v -2.245006 -0.045586 18.226801
v -2.204999 -0.045586 18.226801
v -2.204999 -0.095586 18.226803
v -2.245006 -0.195590 17.727804
v -2.245006 -0.145589 17.727802
v -2.204999 -0.145589 17.727802
v -2.204999 -0.195590 17.727804
v -2.245006 -0.195590 18.226803
v -2.245006 -0.145589 18.226801
v -2.204999 -0.145589 18.226801
v -2.204999 -0.195590 18.226803
v -2.244999 0.551781 17.551882
v -2.244999 0.591026 17.529224
v -2.204999 0.591026 17.529224
v -2.204999 0.551781 17.551882
v -2.244999 0.637341 18.083475
v -2.244999 0.676586 18.060816
v -2.204999 0.676586 18.060816
v -2.204999 0.637341 18.083475
v -2.210000 0.795196 17.973486
v -2.210000 0.834440 17.950829
v -2.240000 0.834440 17.950829
v -2.240000 0.795196 17.973486
v -2.210000 0.393299 17.660782
v -2.210000 0.432541 17.638121
v -2.240000 0.432541 17.638121
v -2.240000 0.393299 17.660782
v -2.245006 0.340138 17.683247
v -2.245006 0.383438 17.658245
v -2.204999 0.383438 17.658245
v -2.204999 0.340138 17.683247
v -2.245006 0.584782 18.106983
v -2.245006 0.628083 18.081982
v -2.204999 0.628083 18.081982
v -2.204999 0.584782 18.106983
v -2.245000 -0.870000 16.844999
v -2.245000 0.870000 16.844999
v -2.205000 0.870000 16.844999
v -2.205000 -0.870000 16.844999
v -2.245000 -0.870000 16.895000
v -2.245000 0.870000 16.895000
v -2.205000 0.870000 16.895000
v -2.205000 -0.870000 16.895000
v -2.245000 -0.075000 16.895000
v -2.245000 -0.075000 16.844999
v -2.205000 -0.075000 16.895000
v -2.205000 -0.075000 16.844999
v -2.245000 0.075000 16.895000
v -2.205000 0.075000 16.844999
v -2.245000 0.075000 16.844999
v -2.205000 0.075000 16.895000
v -2.205000 0.025002 16.000000
v -2.205000 0.025001 17.740002
v -2.245000 0.025001 17.740002
v -2.245000 0.025002 16.000000
v -2.245000 -0.024999 16.000000
v -2.245000 -0.025000 17.740002
v -2.205000 -0.025000 17.740002
v -2.205000 -0.024999 16.000000
v -2.245000 -0.025000 16.795000
v -2.245000 0.025002 16.795000
v -2.205000 -0.025000 16.795000
v -2.205000 0.025002 16.795000
v -2.245000 -0.025000 16.945002
v -2.205000 0.025001 16.945002
v -2.245000 0.025001 16.945002
v -2.205000 -0.025000 16.945002
v 2.205000 -0.628080 18.081982
v 2.245007 -0.628080 18.081982
v 2.245007 -0.584779 18.106983
v 2.205000 -0.340135 17.683247
v 2.205000 -0.383435 17.658245
v 2.245006 -0.383435 17.658245
v 2.245006 -0.340135 17.683247
v 2.240000 -0.393297 17.660782
v 2.240000 -0.432538 17.638121
v 2.210000 -0.432538 17.638121
v 2.210000 -0.393297 17.660782
v 2.240000 -0.795193 17.973486
v 2.240000 -0.834437 17.950829
v 2.210001 -0.834437 17.950829
v 2.210001 -0.795194 17.973486
v 2.205000 -0.637338 18.083475
v 2.205000 -0.676583 18.060816
v 2.245000 -0.676583 18.060816
v 2.245000 -0.637338 18.083475
v 2.205000 -0.551778 17.551882
v 2.205000 -0.591023 17.529224
v 2.245000 -0.591023 17.529224
v 2.245000 -0.551778 17.551882
v 2.204999 0.195592 18.226803
v 2.204999 0.145592 18.226801
v 2.245006 0.145592 18.226801
v 2.245006 0.195592 18.226803
v 2.204999 0.195592 17.727804
v 2.204999 0.145592 17.727802
v 2.245006 0.145592 17.727802
v 2.245006 0.195592 17.727804
v 2.204999 0.095589 18.226803
v 2.204999 0.045589 18.226801
v 2.245006 0.045589 18.226801
v 2.245006 0.095589 18.226803
v 2.204999 0.095589 17.741211
v 2.204999 0.045589 17.741209
v 2.245006 0.045589 17.741209
v 2.245006 0.095589 17.741211
v 2.240000 -0.002076 17.749140
v 2.240000 -0.047391 17.749134
v 2.210000 -0.047391 17.749134
v 2.210000 -0.002076 17.749140
v 2.240000 -0.193777 18.216118
v 2.240000 -0.239091 18.216118
v 2.210000 -0.239091 18.216118
v 2.210000 -0.193777 18.216118
v 2.204999 -0.002076 18.241385
v 2.204999 -0.047392 18.241385
v 2.244999 -0.047392 18.241385
v 2.244999 -0.002076 18.241385
v 2.205000 -0.136551 17.738174
v 2.205000 -0.181867 17.738174
v 2.245000 -0.181867 17.738174
v 2.245000 -0.136551 17.738174
v 2.205002 -1.360363 16.798559
v 2.205002 -1.360361 16.748560
v 2.245840 -1.360361 16.748560
v 2.245840 -1.360363 16.798559
v 2.205001 -0.861360 16.798559
v 2.205001 -0.861358 16.748560
v 2.245840 -0.861358 16.748560
v 2.245840 -0.861360 16.798559
v 2.240833 -0.868479 17.055029
v 2.240833 -0.868473 17.009714
v 2.210834 -0.868473 17.009714
v 2.210834 -0.868479 17.055029
v 2.240834 -1.361097 16.863329
v 2.240834 -1.361097 16.818014
v 2.210834 -1.361097 16.818014
v 2.210834 -1.361097 16.863329
v 2.205834 -1.346112 17.055029
v 2.205834 -1.346112 17.009712
v 2.245834 -1.346112 17.009712
v 2.245834 -1.346112 17.055029
v 2.205833 -0.868479 16.863329
v 2.205833 -0.868479 16.818012
v 2.245833 -0.868479 16.818012
v 2.245833 -0.868479 16.863329
v 2.205000 -1.261094 16.324409
v 2.205000 -1.236093 16.281109
v 2.245004 -1.236095 16.281113
v 2.245004 -1.261096 16.324411
v 2.204999 -0.825452 16.546192
v 2.204999 -0.800450 16.502892
v 2.245003 -0.800452 16.502895
v 2.245003 -0.825454 16.546196
v 2.204999 -1.211094 16.237806
v 2.204999 -1.186093 16.194506
v 2.245003 -1.186095 16.194510
v 2.245003 -1.211096 16.237810
v 2.204999 -0.775452 16.459589
v 2.204999 -0.750450 16.416288
v 2.245003 -0.750452 16.416292
v 2.245003 -0.775454 16.459593
v 2.204999 -1.161094 16.151203
v 2.204999 -1.136093 16.107903
v 2.245003 -1.136095 16.107906
v 2.245003 -1.161097 16.151207
v 2.204999 -0.725452 16.372986
v 2.204999 -0.700450 16.329685
v 2.245003 -0.700453 16.329689
v 2.245003 -0.725454 16.372990
v 2.245003 -0.735920 16.226103
v 2.204999 -0.735916 16.226101
v 2.245003 -1.116711 16.077494
v 2.245003 -1.092566 16.035666
v 2.204999 -1.092560 16.035664
v 2.204999 -1.116709 16.077490
v 2.245003 -0.661231 16.299833
v 2.245003 -0.634763 16.253988
v 2.204999 -0.634761 16.253984
v 2.204999 -0.661229 16.299829
v 2.245003 -1.030128 15.951289
v 2.245003 -1.005974 15.909468
v 2.204999 -1.005971 15.909464
v 2.204999 -1.030126 15.951285
v 2.204999 -0.850566 15.780352
v 2.204999 -0.807263 15.755354
v 2.245003 -0.807267 15.755356
v 2.245003 -0.850569 15.780354
v 2.204998 -0.494888 16.165028
v 2.204998 -0.451586 16.140030
v 2.245002 -0.451590 16.140032
v 2.245002 -0.494892 16.165030
v 2.204999 -0.768972 15.721677
v 2.204999 -0.725670 15.696678
v 2.245003 -0.725673 15.696680
v 2.245003 -0.768976 15.721679
v 2.204998 -0.408286 16.115028
v 2.204998 -0.364984 16.090029
v 2.245002 -0.364987 16.090031
v 2.245002 -0.408290 16.115030
v 2.245002 -0.364017 15.972490
v 2.204998 -0.364012 15.972490
v 2.245003 -0.695135 15.677516
v 2.245003 -0.653310 15.653364
v 2.204999 -0.653305 15.653365
v 2.204999 -0.695131 15.677514
v 2.245002 -0.336200 16.073687
v 2.245002 -0.290355 16.047218
v 2.204998 -0.290351 16.047216
v 2.204998 -0.336196 16.073685
v 2.245002 -0.536831 15.587220
v 2.245002 -0.495002 15.563080
v 2.204998 -0.494998 15.563077
v 2.204998 -0.536827 15.587218
v 2.204998 -0.152437 15.503147
v 2.204998 -0.102437 15.503149
v 2.245002 -0.102441 15.503149
v 2.245002 -0.152441 15.503147
v 2.204998 -0.076123 16.002613
v 2.204998 -0.026123 16.002613
v 2.245002 -0.026128 16.002613
v 2.245002 -0.076128 16.002613
v 2.245002 0.072857 15.910721
v 2.204998 0.072862 15.910723
v 2.245002 -0.066412 15.504414
v 2.245002 -0.018115 15.504410
v 2.204998 -0.018111 15.504414
v 2.204998 -0.066408 15.504414
v 2.245002 0.046350 16.012268
v 2.245002 0.099286 16.012268
v 2.204998 0.099291 16.012268
v 2.204998 0.046354 16.012268
v 2.245002 0.106845 15.504408
v 2.245002 0.155140 15.504416
v 2.204998 0.155145 15.504416
v 2.204998 0.106849 15.504408
v 2.204997 1.087522 16.040051
v 2.204997 1.112520 16.083353
v 2.245001 1.112518 16.083349
v 2.245001 1.087520 16.040047
v 2.204998 0.649341 16.293036
v 2.204998 0.674339 16.336336
v 2.245001 0.674337 16.336332
v 2.245001 0.649338 16.293032
v 2.204997 1.146361 16.121550
v 2.204997 1.171359 16.164852
v 2.245001 1.171357 16.164848
v 2.245001 1.146358 16.121546
v 2.204998 0.717127 16.369368
v 2.204998 0.742126 16.412670
v 2.245001 0.742124 16.412666
v 2.245001 0.717125 16.369364
v 2.204997 1.196361 16.208153
v 2.204998 1.221359 16.251453
v 2.245000 1.221357 16.251450
v 2.245001 1.196358 16.208149
v 2.204998 0.767127 16.455971
v 2.204999 0.792126 16.499273
v 2.245001 0.792124 16.499269
v 2.245001 0.767125 16.455967
v 2.204997 1.237522 16.299858
v 2.204997 1.262520 16.343161
v 2.245000 1.262518 16.343157
v 2.245000 1.237520 16.299854
v 2.204998 0.799341 16.552841
v 2.204998 0.824339 16.596144
v 2.245001 0.824337 16.596140
v 2.245001 0.799339 16.552837
v 2.204997 1.356797 16.745003
v 2.204997 1.356795 16.795002
v 2.245000 1.356795 16.794998
v 2.245000 1.356797 16.744997
v 2.204998 0.878187 16.745003
v 2.204998 0.878185 16.795002
v 2.245001 0.878185 16.794998
v 2.245001 0.878187 16.744999
v 2.204997 1.356797 16.844999
v 2.204997 1.356795 16.895002
v 2.245000 1.356795 16.894999
v 2.245000 1.356797 16.844995
v 2.204998 0.890487 16.845001
v 2.204998 0.890485 16.895002
v 2.245001 0.890485 16.894999
v 2.245001 0.890487 16.844995
v 2.204997 1.356797 16.945002
v 2.204997 1.356795 16.995003
v 2.244998 1.356795 16.994997
v 2.244998 1.356797 16.944998
v 2.204998 0.878187 16.945002
v 2.204998 0.878185 16.995003
v 2.244999 0.878185 16.994999
v 2.244999 0.878187 16.944998
v 2.204997 1.212521 17.483448
v 2.204997 1.187519 17.526749
v 2.245001 1.187521 17.526745
v 2.245000 1.212523 17.483444
v 2.204998 0.800803 17.245743
v 2.204998 0.775801 17.289043
v 2.245001 0.775803 17.289040
v 2.245001 0.800805 17.245739
v 2.204997 1.162521 17.570049
v 2.204997 1.137519 17.613350
v 2.245001 1.137521 17.613346
v 2.245001 1.162523 17.570045
v 2.204998 0.750803 17.332344
v 2.204998 0.725801 17.375645
v 2.245001 0.725803 17.375641
v 2.245001 0.750805 17.332342
v 2.240001 -0.689776 17.405085
v 2.240001 -0.712429 17.365839
v 2.210001 -0.712429 17.365839
v 2.210001 -0.689776 17.405085
v 2.240001 -1.207997 17.479670
v 2.240001 -1.230654 17.440426
v 2.210002 -1.230654 17.440426
v 2.210001 -1.207997 17.479670
v 2.205001 -1.121457 17.645687
v 2.205001 -1.144115 17.606441
v 2.245001 -1.144115 17.606441
v 2.245001 -1.121457 17.645687
v 2.205001 -0.785626 17.239069
v 2.205001 -0.808284 17.199823
v 2.245001 -0.808284 17.199823
v 2.245001 -0.785626 17.239069
v 2.204998 0.701492 18.035019
v 2.204998 0.658190 18.060019
v 2.245001 0.658194 18.060015
v 2.245001 0.701496 18.035017
v 2.204998 0.464728 17.624931
v 2.204998 0.421426 17.649931
v 2.245002 0.421429 17.649929
v 2.245002 0.464732 17.624929
v 2.245002 0.479670 16.039255
v 2.204998 0.479672 16.039259
v 2.245002 0.560275 15.621103
v 2.245002 0.602104 15.645248
v 2.204998 0.602106 15.645254
v 2.204998 0.560279 15.621105
v 2.245002 0.405940 16.113943
v 2.245002 0.451784 16.140413
v 2.204998 0.451788 16.140415
v 2.204998 0.405943 16.113947
v 2.245001 0.713250 15.698315
v 2.245001 0.755072 15.722468
v 2.204997 0.755075 15.722471
v 2.204997 0.713254 15.698317
v 2.250001 -0.820915 16.706711
v 2.250001 -0.773285 16.549694
v 2.250001 -0.695938 16.404989
v 2.250001 -0.591846 16.278152
v 2.250001 -0.465010 16.174061
v 2.250001 -0.320304 16.096712
v 2.250001 -0.163289 16.049082
v 2.250001 0.000002 16.032999
v 2.250000 0.163293 16.049082
v 2.250000 0.320308 16.096712
v 2.250000 0.465015 16.174059
v 2.250000 0.591851 16.278151
v 2.250000 0.695943 16.404987
v 2.250000 0.773290 16.549692
v 2.249999 0.820920 16.706709
v 2.249999 0.837003 16.869999
v 2.249999 0.820920 17.033289
v 2.249999 0.773290 17.190306
v 2.249999 0.695943 17.335012
v 2.249999 0.591851 17.461847
v 2.249999 0.465015 17.565939
v 2.249999 0.320309 17.643286
v 2.249999 0.163293 17.690918
v 2.250000 0.000003 17.706999
v 2.250000 -0.163288 17.690918
v 2.250000 -0.320303 17.643286
v 2.250000 -0.465009 17.565939
v 2.250000 -0.591846 17.461847
v 2.250001 -0.695937 17.335012
v 2.250001 -0.773284 17.190306
v 2.250001 -0.820914 17.033289
v 2.250001 -0.836997 16.869999
v 2.200001 -0.820915 16.706713
v 2.200001 -0.773285 16.549696
v 2.200001 -0.695938 16.404991
v 2.200001 -0.591846 16.278154
v 2.200001 -0.465010 16.174063
v 2.200001 -0.320304 16.096714
v 2.200001 -0.163289 16.049084
v 2.200001 0.000002 16.033001
v 2.200000 0.163293 16.049084
v 2.200000 0.320308 16.096714
v 2.200000 0.465015 16.174061
v 2.200000 0.591851 16.278152
v 2.199999 0.695943 16.404989
v 2.199999 0.773290 16.549694
v 2.199999 0.820920 16.706711
v 2.199999 0.837003 16.870001
v 2.199999 0.820920 17.033291
v 2.199999 0.773290 17.190308
v 2.199999 0.695943 17.335014
v 2.199999 0.591851 17.461849
v 2.199999 0.465015 17.565941
v 2.199999 0.320309 17.643288
v 2.199999 0.163293 17.690920
v 2.200000 0.000003 17.707001
v 2.200000 -0.163288 17.690920
v 2.200000 -0.320303 17.643288
v 2.200000 -0.465009 17.565941
v 2.200000 -0.591846 17.461849
v 2.200001 -0.695937 17.335014
v 2.200001 -0.773284 17.190308
v 2.200001 -0.820914 17.033291
v 2.200001 -0.836997 16.870001
v 2.250002 -0.882704 16.694422
v 2.250001 -0.831489 16.525587
v 2.250001 -0.748320 16.369989
v 2.250001 -0.636394 16.233606
v 2.250001 -0.500011 16.121679
v 2.250001 -0.344413 16.038509
v 2.250001 -0.175579 15.987294
v 2.250001 0.000002 15.970001
v 2.250000 0.175583 15.987294
v 2.250000 0.344417 16.038509
v 2.250000 0.500016 16.121677
v 2.250000 0.636399 16.233604
v 2.250000 0.748325 16.369987
v 2.250000 0.831494 16.525585
v 2.249999 0.882710 16.694420
v 2.249999 0.900003 16.870001
v 2.249999 0.882710 17.045582
v 2.249999 0.831495 17.214417
v 2.249999 0.748326 17.370014
v 2.249999 0.636399 17.506397
v 2.249999 0.500016 17.618324
v 2.249999 0.344418 17.701492
v 2.249999 0.175584 17.752708
v 2.250000 0.000003 17.770000
v 2.250000 -0.175578 17.752708
v 2.250000 -0.344412 17.701492
v 2.250000 -0.500010 17.618324
v 2.250000 -0.636393 17.506397
v 2.250001 -0.748320 17.370014
v 2.250001 -0.831489 17.214417
v 2.250002 -0.882704 17.045582
v 2.250002 -0.899997 16.870001
v 2.200001 -0.882704 16.694422
v 2.200001 -0.831489 16.525587
v 2.200001 -0.748320 16.369989
v 2.200001 -0.636394 16.233606
v 2.200001 -0.500011 16.121679
v 2.200001 -0.344413 16.038509
v 2.200001 -0.175579 15.987294
v 2.200001 0.000002 15.970001
v 2.200000 0.175583 15.987294
v 2.200000 0.344417 16.038509
v 2.200000 0.500015 16.121677
v 2.200000 0.636399 16.233604
v 2.199999 0.748325 16.369987
v 2.199999 0.831494 16.525585
v 2.199999 0.882710 16.694420
v 2.199999 0.900003 16.870001
v 2.199999 0.882710 17.045582
v 2.199999 0.831494 17.214417
v 2.199999 0.748325 17.370014
v 2.199999 0.636399 17.506397
v 2.199999 0.500016 17.618324
v 2.199999 0.344418 17.701492
v 2.199999 0.175584 17.752708
v 2.200000 0.000003 17.770000
v 2.200000 -0.175579 17.752708
v 2.200000 -0.344412 17.701492
v 2.200000 -0.500010 17.618324
v 2.200000 -0.636393 17.506397
v 2.200001 -0.748320 17.370014
v 2.200001 -0.831489 17.214417
v 2.200001 -0.882704 17.045582
v 2.200001 -0.899997 16.870001
v 2.250000 0.000003 15.430000
v 2.250002 -1.412328 16.589073
v 2.250002 -1.330384 16.318939
v 2.250002 -1.197314 16.069983
v 2.250002 -1.018232 15.851768
v 2.250002 -0.800020 15.672686
v 2.250002 -0.551063 15.539616
v 2.250001 -0.280929 15.457670
v 2.250000 0.280932 15.457670
v 2.250000 0.551066 15.539615
v 2.250000 0.800023 15.672685
v 2.249999 1.018236 15.851767
v 2.249999 1.197319 16.069979
v 2.249999 1.330389 16.318935
v 2.249998 1.412333 16.589069
v 2.249998 1.440003 16.870001
v 2.249998 1.412334 17.150930
v 2.249998 1.330389 17.421064
v 2.249998 1.197319 17.670021
v 2.249998 1.018237 17.888233
v 2.249998 0.800024 18.067316
v 2.249999 0.551067 18.200386
v 2.249999 0.280933 18.282331
v 2.249999 0.000003 18.310001
v 2.250000 -0.280927 18.282331
v 2.250000 -0.551061 18.200386
v 2.250000 -0.800018 18.067316
v 2.250001 -1.018231 17.888233
v 2.250001 -1.197313 17.670021
v 2.250001 -1.330384 17.421066
v 2.250002 -1.412328 17.150930
v 2.250002 -1.439997 16.870001
v 2.250000 0.000003 15.516400
v 2.250002 -1.327588 16.605928
v 2.250002 -1.250561 16.352003
v 2.250002 -1.125475 16.117983
v 2.250002 -0.957138 15.912863
v 2.250002 -0.752018 15.744525
v 2.250002 -0.517999 15.619439
v 2.250002 -0.264073 15.542410
v 2.250001 0.264076 15.542410
v 2.250001 0.518002 15.619438
v 2.250000 0.752022 15.744524
v 2.250000 0.957142 15.912861
v 2.249999 1.125480 16.117981
v 2.249999 1.250566 16.351999
v 2.249999 1.327594 16.605925
v 2.249999 1.353603 16.870001
v 2.249998 1.327594 17.134075
v 2.249998 1.250566 17.388000
v 2.249998 1.125480 17.622021
v 2.249999 0.957142 17.827139
v 2.249999 0.752023 17.995478
v 2.249999 0.518003 18.120564
v 2.249999 0.264077 18.197592
v 2.249999 0.000003 18.223602
v 2.250000 -0.264071 18.197592
v 2.250000 -0.517997 18.120564
v 2.250000 -0.752017 17.995478
v 2.250000 -0.957137 17.827139
v 2.250001 -1.125474 17.622021
v 2.250002 -1.250560 17.388002
v 2.250002 -1.327588 17.134075
v 2.250002 -1.353597 16.870001
v 2.200000 0.000003 15.516398
v 2.200002 -1.327588 16.605927
v 2.200003 -1.250561 16.352001
v 2.200002 -1.125475 16.117981
v 2.200002 -0.957138 15.912861
v 2.200002 -0.752018 15.744523
v 2.200002 -0.517998 15.619437
v 2.200001 -0.264072 15.542408
v 2.200001 0.264076 15.542408
v 2.200000 0.518003 15.619436
v 2.200000 0.752022 15.744522
v 2.200000 0.957142 15.912859
v 2.199999 1.125480 16.117979
v 2.199999 1.250566 16.351997
v 2.199999 1.327594 16.605923
v 2.199998 1.353603 16.869999
v 2.199999 1.327594 17.134073
v 2.199999 1.250567 17.387999
v 2.199998 1.125481 17.622019
v 2.199998 0.957143 17.827137
v 2.199999 0.752023 17.995476
v 2.199999 0.518003 18.120562
v 2.199999 0.264077 18.197590
v 2.199999 0.000003 18.223600
v 2.199999 -0.264071 18.197590
v 2.200000 -0.517997 18.120562
v 2.200001 -0.752017 17.995476
v 2.200001 -0.957137 17.827137
v 2.200001 -1.125474 17.622019
v 2.200001 -1.250560 17.388000
v 2.200001 -1.327588 17.134073
v 2.200002 -1.353597 16.869999
vt 0.961440 0.178569
vt 0.951954 0.178575
vt 0.951959 0.185979
vt 0.961446 0.185972
vt 0.961452 0.074749
vt 0.951915 0.074746
vt 0.951913 0.082187
vt 0.961448 0.082192
vt 0.961425 0.111929
vt 0.951914 0.111930
vt 0.951922 0.119349
vt 0.961424 0.119345
vt 0.961443 0.089632
vt 0.951910 0.089627
vt 0.951907 0.097066
vt 0.961436 0.097070
vt 0.961426 0.126755
vt 0.951930 0.126761
vt 0.951939 0.134168
vt 0.961428 0.134162
vt 0.961429 0.141567
vt 0.951943 0.141570
vt 0.951946 0.148970
vt 0.961431 0.148968
vt 0.961431 0.156369
vt 0.951948 0.156370
vt 0.951950 0.163771
vt 0.961433 0.163768
vt 0.961436 0.171168
vt 0.951951 0.171172
vt 0.951965 0.193382
vt 0.961452 0.193375
vt 0.961431 0.104502
vt 0.951910 0.104502
vt 0.963580 0.072607
vt 0.954891 0.066803
vt 0.952532 0.069162
vt 0.958339 0.077850
vt 0.966415 0.058348
vt 0.956166 0.060385
vt 0.956166 0.063721
vt 0.966415 0.065760
vt 0.937223 0.046250
vt 0.943030 0.054942
vt 0.946112 0.053665
vt 0.944075 0.043414
vt 0.958339 0.046255
vt 0.952530 0.054943
vt 0.954889 0.057303
vt 0.963580 0.051498
vt 0.929140 0.058342
vt 0.939393 0.060383
vt 0.940670 0.057300
vt 0.931980 0.051492
vt 0.949448 0.053666
vt 0.951489 0.043416
vt 0.931978 0.072610
vt 0.940671 0.066802
vt 0.939393 0.063719
vt 0.929140 0.065758
vt 0.944075 0.080691
vt 0.946112 0.070439
vt 0.943030 0.069162
vt 0.937223 0.077855
vt 0.949449 0.070439
vt 0.951491 0.080689
vt 0.938668 0.023527
vt 0.938672 0.042529
vt 0.942007 0.042529
vt 0.942005 0.023527
vt 0.931994 0.023529
vt 0.932000 0.042531
vt 0.935336 0.042530
vt 0.935331 0.023528
vt 0.925321 0.023531
vt 0.925328 0.042534
vt 0.928664 0.042532
vt 0.928657 0.023530
vt 0.972043 0.023533
vt 0.972028 0.042535
vt 0.975363 0.042538
vt 0.975381 0.023535
vt 0.955354 0.023525
vt 0.955351 0.042529
vt 0.958687 0.042530
vt 0.958693 0.023526
vt 0.965369 0.023529
vt 0.965359 0.042531
vt 0.968694 0.042533
vt 0.968705 0.023531
vt 0.948679 0.023525
vt 0.948680 0.042529
vt 0.952016 0.042530
vt 0.952016 0.023525
vt 0.945343 0.042529
vt 0.945341 0.023526
vt 0.921985 0.023532
vt 0.921991 0.042535
vt 0.962022 0.042531
vt 0.962031 0.023527
vt 0.952746 0.069385
vt 0.955123 0.072937
vt 0.958658 0.069398
vt 0.955104 0.067025
vt 0.946328 0.070664
vt 0.945498 0.074860
vt 0.950503 0.074855
vt 0.949665 0.070663
vt 0.940884 0.067028
vt 0.937327 0.069405
vt 0.940870 0.072946
vt 0.943244 0.069388
vt 0.939608 0.060606
vt 0.935414 0.059771
vt 0.935413 0.064778
vt 0.939607 0.063944
vt 0.952749 0.055166
vt 0.955125 0.051614
vt 0.950504 0.049696
vt 0.949667 0.053888
vt 0.943247 0.055164
vt 0.940872 0.051607
vt 0.937331 0.055146
vt 0.940887 0.057523
vt 0.956380 0.060608
vt 0.960572 0.059775
vt 0.958659 0.055153
vt 0.955105 0.057525
vt 0.945499 0.049693
vt 0.946331 0.053888
vt 0.960572 0.064776
vt 0.956379 0.063943
vt 0.947032 0.116267
vt 0.950829 0.116264
vt 0.950825 0.111263
vt 0.947028 0.111267
vt 0.947033 0.141286
vt 0.950836 0.141286
vt 0.950836 0.136279
vt 0.947035 0.136279
vt 0.947031 0.151301
vt 0.950834 0.151302
vt 0.950835 0.146293
vt 0.947032 0.146293
vt 0.947026 0.161317
vt 0.950830 0.161319
vt 0.950831 0.156311
vt 0.947028 0.156309
vt 0.947024 0.171334
vt 0.950827 0.171335
vt 0.950828 0.166327
vt 0.947025 0.166326
vt 0.947017 0.101268
vt 0.950813 0.101264
vt 0.950807 0.096264
vt 0.947011 0.096268
vt 0.947034 0.126270
vt 0.950834 0.126270
vt 0.950832 0.121266
vt 0.947033 0.121268
vt 0.950819 0.106263
vt 0.947022 0.106267
vt 0.950835 0.131273
vt 0.947035 0.131274
vt 0.947022 0.176342
vt 0.950825 0.176343
vt 0.952754 0.054077
vt 0.950579 0.057344
vt 0.951959 0.058716
vt 0.955222 0.056529
vt 0.939105 0.059760
vt 0.942939 0.060520
vt 0.943678 0.058726
vt 0.940423 0.056558
vt 0.940421 0.066425
vt 0.943678 0.064253
vt 0.942939 0.062459
vt 0.939105 0.063223
vt 0.946075 0.070204
vt 0.946846 0.066366
vt 0.945052 0.065624
vt 0.942871 0.068876
vt 0.952762 0.068897
vt 0.950584 0.065629
vt 0.948787 0.066370
vt 0.949547 0.070216
vt 0.956551 0.063223
vt 0.952701 0.062457
vt 0.951959 0.064253
vt 0.955220 0.066437
vt 0.946066 0.052766
vt 0.946842 0.056607
vt 0.948782 0.056606
vt 0.949537 0.052761
vt 0.952702 0.060513
vt 0.956552 0.059744
vt 0.945047 0.057350
vt 0.942864 0.054098
vt 0.941734 0.052419
vt 0.945662 0.050782
vt 0.958542 0.059344
vt 0.958548 0.063621
vt 0.956904 0.067568
vt 0.953886 0.070586
vt 0.949939 0.072206
vt 0.945676 0.072191
vt 0.941742 0.070556
vt 0.938739 0.067546
vt 0.937125 0.063618
vt 0.937117 0.059367
vt 0.949924 0.050770
vt 0.953879 0.052386
vt 0.938743 0.055437
vt 0.956909 0.055397
vt 0.947818 0.061487
vt 0.940556 0.050666
vt 0.945236 0.048704
vt 0.960635 0.058927
vt 0.960634 0.064036
vt 0.958677 0.068755
vt 0.955061 0.072352
vt 0.950352 0.074290
vt 0.945253 0.074279
vt 0.940556 0.072313
vt 0.936981 0.068716
vt 0.935044 0.064031
vt 0.935044 0.058958
vt 0.950329 0.048675
vt 0.955059 0.050614
vt 0.936974 0.054263
vt 0.958672 0.054214
vt 0.963504 0.178511
vt 0.963512 0.185946
vt 0.973039 0.185937
vt 0.973032 0.178502
vt 0.963564 0.074735
vt 0.963549 0.082130
vt 0.973024 0.082148
vt 0.973040 0.074756
vt 0.963500 0.111712
vt 0.963492 0.119112
vt 0.972976 0.119117
vt 0.972979 0.111720
vt 0.963535 0.089523
vt 0.963521 0.096918
vt 0.972997 0.096933
vt 0.973009 0.089541
vt 0.963486 0.126517
vt 0.963483 0.133927
vt 0.972982 0.133924
vt 0.972977 0.126517
vt 0.963482 0.141346
vt 0.963483 0.148772
vt 0.973001 0.148765
vt 0.972992 0.141340
vt 0.963486 0.156204
vt 0.963491 0.163640
vt 0.973018 0.163631
vt 0.973010 0.156196
vt 0.963497 0.171076
vt 0.973025 0.171067
vt 0.963518 0.193382
vt 0.973046 0.193372
vt 0.963509 0.104314
vt 0.972986 0.104326
vt 0.963441 0.051347
vt 0.958199 0.046106
vt 0.952393 0.054796
vt 0.954753 0.057155
vt 0.966282 0.065610
vt 0.966280 0.058196
vt 0.956030 0.060237
vt 0.956030 0.063573
vt 0.937084 0.077707
vt 0.943936 0.080545
vt 0.945975 0.070293
vt 0.942893 0.069016
vt 0.958203 0.077707
vt 0.963446 0.072462
vt 0.954754 0.066656
vt 0.952394 0.069015
vt 0.929005 0.065613
vt 0.931842 0.072464
vt 0.940533 0.066657
vt 0.939257 0.063575
vt 0.951351 0.080545
vt 0.949311 0.070293
vt 0.931844 0.051349
vt 0.929006 0.058199
vt 0.939257 0.060238
vt 0.940533 0.057155
vt 0.943936 0.043270
vt 0.937087 0.046107
vt 0.942892 0.054796
vt 0.945975 0.053520
vt 0.951349 0.043270
vt 0.949311 0.053520
vt 0.937944 0.207177
vt 0.941275 0.207177
vt 0.941267 0.188192
vt 0.937935 0.188194
vt 0.931280 0.207179
vt 0.934612 0.207178
vt 0.934603 0.188196
vt 0.931271 0.188198
vt 0.924616 0.207182
vt 0.927948 0.207180
vt 0.927939 0.188200
vt 0.924606 0.188202
vt 0.971304 0.207211
vt 0.974651 0.207219
vt 0.974651 0.188138
vt 0.971304 0.188146
vt 0.954607 0.207184
vt 0.957942 0.207187
vt 0.957940 0.188172
vt 0.954603 0.188176
vt 0.964618 0.207198
vt 0.967960 0.207204
vt 0.967959 0.188153
vt 0.964618 0.188160
vt 0.947940 0.207179
vt 0.951272 0.207181
vt 0.951268 0.188180
vt 0.947933 0.188185
vt 0.944607 0.207177
vt 0.944600 0.188189
vt 0.921284 0.207184
vt 0.921274 0.188204
vt 0.961279 0.207192
vt 0.961277 0.188166
vt 0.939081 0.062981
vt 0.939081 0.059645
vt 0.934888 0.058811
vt 0.934888 0.063816
vt 0.942717 0.068423
vt 0.940358 0.066064
vt 0.936803 0.068439
vt 0.940342 0.071977
vt 0.949136 0.069701
vt 0.945799 0.069700
vt 0.944964 0.073892
vt 0.949968 0.073894
vt 0.954578 0.066066
vt 0.952218 0.068424
vt 0.954592 0.071980
vt 0.958132 0.068442
vt 0.949136 0.052926
vt 0.952219 0.054204
vt 0.954594 0.050648
vt 0.949969 0.048733
vt 0.955856 0.059647
vt 0.955856 0.062983
vt 0.960048 0.063818
vt 0.960050 0.058813
vt 0.942717 0.054204
vt 0.945799 0.052926
vt 0.944965 0.048733
vt 0.940342 0.050649
vt 0.954579 0.056564
vt 0.958135 0.054188
vt 0.936803 0.054188
vt 0.944922 0.116291
vt 0.944917 0.111282
vt 0.941112 0.111286
vt 0.941118 0.116296
vt 0.944963 0.141352
vt 0.944949 0.136339
vt 0.941141 0.136347
vt 0.941156 0.141362
vt 0.944981 0.151384
vt 0.944977 0.146367
vt 0.941170 0.146374
vt 0.941177 0.151383
vt 0.944952 0.161391
vt 0.944972 0.156394
vt 0.941175 0.156385
vt 0.941162 0.161375
vt 0.944893 0.171361
vt 0.944925 0.166379
vt 0.941141 0.166358
vt 0.941110 0.171337
vt 0.944902 0.101261
vt 0.944894 0.096252
vt 0.941090 0.096258
vt 0.941097 0.101267
vt 0.944932 0.126316
vt 0.944929 0.121304
vt 0.941125 0.121307
vt 0.941126 0.126320
vt 0.944911 0.106271
vt 0.941107 0.106277
vt 0.944939 0.131327
vt 0.941133 0.131333
vt 0.944862 0.176343
vt 0.941079 0.176319
vt 0.945431 0.052986
vt 0.942225 0.054317
vt 0.944411 0.057573
vt 0.946205 0.056829
vt 0.955910 0.063450
vt 0.955913 0.059973
vt 0.952065 0.060739
vt 0.952062 0.062682
vt 0.952121 0.069119
vt 0.954578 0.066661
vt 0.951319 0.064478
vt 0.949945 0.065853
vt 0.945438 0.070427
vt 0.948907 0.070438
vt 0.948148 0.066593
vt 0.946207 0.066589
vt 0.939783 0.066650
vt 0.942234 0.069100
vt 0.944414 0.065847
vt 0.943040 0.064476
vt 0.938465 0.059983
vt 0.938465 0.063446
vt 0.942300 0.062682
vt 0.942301 0.060742
vt 0.952121 0.054304
vt 0.948905 0.052984
vt 0.948147 0.056829
vt 0.949945 0.057569
vt 0.939784 0.056779
vt 0.943040 0.058949
vt 0.954586 0.056757
vt 0.951323 0.058942
vt 0.956274 0.055628
vt 0.953248 0.052615
vt 0.938103 0.055658
vt 0.936478 0.059590
vt 0.936484 0.063842
vt 0.938100 0.067771
vt 0.941105 0.070780
vt 0.945038 0.072413
vt 0.949300 0.072427
vt 0.953245 0.070807
vt 0.956262 0.067792
vt 0.957906 0.063848
vt 0.949297 0.050992
vt 0.945028 0.050999
vt 0.957903 0.059575
vt 0.941095 0.052637
vt 0.947180 0.061711
vt 0.958038 0.054447
vt 0.954431 0.050846
vt 0.936333 0.054483
vt 0.934403 0.059180
vt 0.934403 0.064255
vt 0.936342 0.068942
vt 0.939920 0.072537
vt 0.944616 0.074499
vt 0.949713 0.074510
vt 0.954419 0.072572
vt 0.958032 0.068978
vt 0.959989 0.064265
vt 0.949707 0.048898
vt 0.944603 0.048917
vt 0.959995 0.059159
vt 0.939915 0.050882
vt 0.919118 0.285437
vt 0.926719 0.285437
vt 0.926720 0.378332
vt 0.919118 0.378332
vt 0.934948 0.319263
vt 0.942939 0.322471
vt 0.942938 0.420272
vt 0.934947 0.417064
vt 0.947434 0.121288
vt 0.955030 0.121564
vt 0.952241 0.198341
vt 0.944645 0.198065
vt 0.923159 0.215826
vt 0.930761 0.215826
vt 0.930760 0.308719
vt 0.923158 0.308719
vt 0.916711 0.324868
vt 0.924313 0.324821
vt 0.924791 0.401323
vt 0.917189 0.401371
vt 0.940249 0.216327
vt 0.947851 0.216327
vt 0.947851 0.309220
vt 0.940249 0.309220
vt 0.936208 0.285938
vt 0.936208 0.378832
vt 0.922144 0.118968
vt 0.929746 0.118968
vt 0.929747 0.211864
vt 0.922146 0.211864
vt 0.939234 0.119468
vt 0.946836 0.119469
vt 0.946836 0.212364
vt 0.939235 0.212364
vt 0.933241 0.322695
vt 0.934149 0.418929
vt 0.930676 0.120651
vt 0.938278 0.120651
vt 0.938280 0.216965
vt 0.930678 0.216965
vt 0.950540 0.322471
vt 0.950540 0.420272
vt 0.943809 0.285938
vt 0.943809 0.378832
vt 0.924364 0.421261
vt 0.940843 0.322623
vt 0.941751 0.418857
vt 0.937481 0.415411
vt 0.931780 0.415411
vt 0.931780 0.319484
vt 0.937481 0.319485
vt 0.948010 0.126947
vt 0.939963 0.123880
vt 0.939963 0.021563
vt 0.948010 0.024629
vt 0.938932 0.189431
vt 0.931331 0.189431
vt 0.931331 0.090451
vt 0.938932 0.090451
vt 0.949722 0.307649
vt 0.940221 0.307649
vt 0.940220 0.212825
vt 0.949722 0.212827
vt 0.921622 0.329249
vt 0.929382 0.329249
vt 0.929382 0.424073
vt 0.921622 0.424073
vt 0.948438 0.410911
vt 0.938937 0.410911
vt 0.938937 0.318635
vt 0.948438 0.318636
vt 0.935163 0.129817
vt 0.943140 0.126576
vt 0.943138 0.223342
vt 0.935161 0.226582
vt 0.951147 0.412141
vt 0.945447 0.412140
vt 0.945447 0.316216
vt 0.951147 0.316216
vt 0.957324 0.307649
vt 0.957324 0.212827
vt 0.956041 0.410911
vt 0.956041 0.318636
vt 0.947251 0.191653
vt 0.947252 0.092674
vt 0.932362 0.123880
vt 0.932363 0.021563
vt 0.931336 0.410911
vt 0.931336 0.318635
vt 0.955611 0.126948
vt 0.955612 0.024629
vt 0.942395 0.383421
vt 0.933349 0.383425
vt 0.933258 0.430573
vt 0.941775 0.430624
vt 0.945109 0.169074
vt 0.935591 0.169051
vt 0.935745 0.220970
vt 0.945297 0.220992
vt 0.944288 0.325020
vt 0.934583 0.324920
vt 0.934345 0.378141
vt 0.944212 0.378255
vt 0.943385 0.016855
vt 0.933599 0.016845
vt 0.933370 0.071154
vt 0.943645 0.071095
vt 0.945398 0.273006
vt 0.935845 0.272962
vt 0.935663 0.325069
vt 0.945318 0.325136
vt 0.944887 0.016988
vt 0.935359 0.016924
vt 0.934732 0.069707
vt 0.944746 0.069782
vt 0.943530 0.126475
vt 0.933516 0.126533
vt 0.933660 0.180260
vt 0.943359 0.180210
vt 0.945416 0.378026
vt 0.935617 0.377946
vt 0.935690 0.429704
vt 0.945015 0.429726
vt 0.944596 0.124036
vt 0.934685 0.124011
vt 0.934791 0.177501
vt 0.944492 0.177506
vt 0.943035 0.232290
vt 0.933559 0.232323
vt 0.933743 0.283460
vt 0.943037 0.283448
vt 0.943811 0.230044
vt 0.934225 0.230038
vt 0.934036 0.281623
vt 0.943469 0.281650
vt 0.945124 0.065712
vt 0.935644 0.065588
vt 0.935376 0.117246
vt 0.944864 0.117329
vt 0.942484 0.333865
vt 0.933284 0.333871
vt 0.943141 0.332887
vt 0.933831 0.332864
vt 0.933302 0.383258
vt 0.942504 0.383248
vt 0.944739 0.169021
vt 0.935252 0.168951
vt 0.935161 0.220656
vt 0.944647 0.220725
vt 0.935434 0.117259
vt 0.944552 0.272678
vt 0.934989 0.272592
vt 0.944525 0.015577
vt 0.935530 0.015595
vt 0.935417 0.065519
vt 0.944957 0.065561
vt 0.934229 0.430276
vt 0.943624 0.430333
vt 0.945356 0.016165
vt 0.936424 0.016052
vt 0.933631 0.430927
vt 0.942217 0.430926
vt 0.917637 0.332813
vt 0.917957 0.383331
vt 0.918011 0.281343
vt 0.918388 0.229987
vt 0.917962 0.177478
vt 0.918276 0.124008
vt 0.917638 0.069783
vt 0.918691 0.014958
vt 0.917527 0.377896
vt 0.917765 0.431972
vt 0.918562 0.324785
vt 0.918784 0.272660
vt 0.919050 0.220744
vt 0.919145 0.169048
vt 0.919250 0.117330
vt 0.919439 0.065518
vt 0.920801 0.014093
vt 0.918913 0.377770
vt 0.919353 0.431449
vt 0.919726 0.325003
vt 0.919666 0.273120
vt 0.919545 0.221145
vt 0.919435 0.169228
vt 0.919288 0.117438
vt 0.919137 0.065607
vt 0.919783 0.013846
vt 0.917776 0.383494
vt 0.918727 0.432167
vt 0.918040 0.333839
vt 0.917622 0.283452
vt 0.917890 0.232327
vt 0.917229 0.180528
vt 0.916508 0.126821
vt 0.915817 0.071301
vt 0.916457 0.014959
vt 0.918639 0.432616
vt 0.948427 0.359505
vt 0.948132 0.390783
vt 0.939086 0.390796
vt 0.939334 0.359528
vt 0.928492 0.298271
vt 0.928455 0.266770
vt 0.937536 0.266627
vt 0.937765 0.298150
vt 0.946213 0.045675
vt 0.946654 0.075912
vt 0.937822 0.076076
vt 0.937543 0.045871
vt 0.949656 0.014942
vt 0.949353 0.046600
vt 0.940487 0.046668
vt 0.940238 0.014971
vt 0.928431 0.235638
vt 0.928523 0.205097
vt 0.937288 0.205033
vt 0.937350 0.235545
vt 0.946971 0.106753
vt 0.947272 0.137973
vt 0.938076 0.138107
vt 0.937967 0.106862
vt 0.949530 0.077409
vt 0.949461 0.108820
vt 0.940267 0.108865
vt 0.940495 0.077479
vt 0.947602 0.169974
vt 0.948058 0.203159
vt 0.938263 0.203321
vt 0.938149 0.170143
vt 0.950025 0.198681
vt 0.949480 0.231591
vt 0.939990 0.231584
vt 0.940448 0.198579
vt 0.949343 0.140921
vt 0.949026 0.173352
vt 0.939564 0.173320
vt 0.939980 0.140904
vt 0.948407 0.237555
vt 0.948929 0.273911
vt 0.938120 0.273911
vt 0.938420 0.237714
vt 0.949171 0.264094
vt 0.948915 0.296238
vt 0.939633 0.296261
vt 0.939786 0.264111
vt 0.948694 0.206113
vt 0.948525 0.239248
vt 0.938886 0.239317
vt 0.939132 0.206093
vt 0.928663 0.397382
vt 0.928598 0.363561
vt 0.938314 0.363429
vt 0.938481 0.397288
vt 0.948672 0.328034
vt 0.939489 0.328058
vt 0.928647 0.330521
vt 0.938100 0.330389
vt 0.945998 0.014942
vt 0.936855 0.015084
vt 0.948036 0.423334
vt 0.938386 0.423116
vt 0.928343 0.173932
vt 0.937593 0.173994
vt 0.951238 0.164204
vt 0.940944 0.163875
vt 0.928327 0.432967
vt 0.938944 0.432967
vt 0.948949 0.274061
vt 0.938603 0.274119
vt 0.948342 0.205090
vt 0.948689 0.235497
vt 0.949102 0.266529
vt 0.949574 0.298055
vt 0.950157 0.330278
vt 0.950718 0.363305
vt 0.951386 0.397170
vt 0.951789 0.431460
vt 0.925086 0.272444
vt 0.925328 0.237662
vt 0.925758 0.203319
vt 0.926087 0.170166
vt 0.926354 0.138131
vt 0.926508 0.106883
vt 0.926594 0.076154
vt 0.926591 0.046053
vt 0.925882 0.016516
vt 0.925538 0.272668
vt 0.926366 0.239177
vt 0.926928 0.205944
vt 0.927510 0.173175
vt 0.928071 0.140777
vt 0.928562 0.108788
vt 0.929011 0.077444
vt 0.929282 0.046706
vt 0.928926 0.016314
vt 0.926881 0.421573
vt 0.927688 0.390618
vt 0.927770 0.359443
vt 0.927794 0.327983
vt 0.927808 0.296185
vt 0.927824 0.264031
vt 0.927866 0.231488
vt 0.927986 0.198445
vt 0.927886 0.165045
vt 0.948676 0.175290
vt 0.917707 0.165091
vt 0.917860 0.198493
vt 0.917980 0.231539
vt 0.918075 0.264084
vt 0.918173 0.296239
vt 0.918266 0.328034
vt 0.918347 0.359478
vt 0.918335 0.390551
vt 0.917707 0.421353
vt 0.919915 0.016395
vt 0.920081 0.046645
vt 0.919670 0.077275
vt 0.919031 0.108583
vt 0.918375 0.140553
vt 0.917695 0.172941
vt 0.916983 0.205698
vt 0.916198 0.238914
vt 0.915333 0.272404
vt 0.917124 0.016693
vt 0.917613 0.046089
vt 0.917450 0.076081
vt 0.917177 0.106773
vt 0.916821 0.137990
vt 0.916274 0.169990
vt 0.915589 0.203109
vt 0.914801 0.237492
vt 0.914466 0.272342
vt 0.962260 0.431310
vt 0.961767 0.396948
vt 0.960806 0.363032
vt 0.959980 0.330027
vt 0.959177 0.297825
vt 0.958522 0.266324
vt 0.957926 0.235321
vt 0.957406 0.205016
vt 0.957515 0.175354
vt 0.920427 0.130402
vt 0.928029 0.130402
vt 0.928028 0.208936
vt 0.920427 0.208935
vt 0.945880 0.329086
vt 0.953482 0.329071
vt 0.953648 0.407474
vt 0.946047 0.407489
vt 0.929322 0.327082
vt 0.936923 0.327083
vt 0.936916 0.425220
vt 0.929314 0.425220
vt 0.937179 0.129696
vt 0.934520 0.227788
vt 0.944778 0.129901
vt 0.942120 0.227993
vt 0.924491 0.228562
vt 0.945029 0.267071
vt 0.935527 0.267070
vt 0.935527 0.177088
vt 0.945029 0.177089
vt 0.927925 0.267071
vt 0.927925 0.177088
vt 0.952630 0.267071
vt 0.952630 0.177089
vt 0.948584 0.149051
vt 0.940516 0.146042
vt 0.940517 0.045825
vt 0.948585 0.048834
vt 0.932915 0.146041
vt 0.932916 0.045825
vt 0.956186 0.149051
vt 0.956187 0.048834
vt 0.931138 0.148208
vt 0.939132 0.145009
vt 0.939132 0.244500
vt 0.931137 0.247698
vt 0.925436 0.148208
vt 0.925436 0.247698
vt 0.944833 0.145009
vt 0.944833 0.244500
vt 0.948307 0.414693
vt 0.938806 0.414693
vt 0.938807 0.324353
vt 0.948309 0.324353
vt 0.931205 0.414693
vt 0.931204 0.324353
vt 0.955909 0.414693
vt 0.955910 0.324353
vt 0.948439 0.372368
vt 0.938940 0.372368
vt 0.938943 0.282026
vt 0.948444 0.282027
vt 0.931339 0.372368
vt 0.931340 0.282025
vt 0.956041 0.372368
vt 0.956046 0.282027
vt 0.948443 0.279995
vt 0.938940 0.279995
vt 0.938940 0.189047
vt 0.948442 0.189047
vt 0.931340 0.279995
vt 0.931340 0.189047
vt 0.956044 0.279995
vt 0.956044 0.189047
vt 0.952777 0.381791
vt 0.943275 0.381791
vt 0.943274 0.293178
vt 0.952777 0.293179
vt 0.935674 0.381791
vt 0.935673 0.293178
vt 0.960378 0.381791
vt 0.960379 0.293179
vt 0.948408 0.121407
vt 0.938906 0.121407
vt 0.938905 0.030459
vt 0.948407 0.030459
vt 0.931304 0.121407
vt 0.931304 0.030459
vt 0.956010 0.121406
vt 0.956008 0.030459
vt 0.944804 0.128556
vt 0.935303 0.128556
vt 0.935303 0.032409
vt 0.944805 0.032410
vt 0.927702 0.128556
vt 0.927702 0.032409
vt 0.952406 0.128557
vt 0.952407 0.032409
vt 0.947795 0.374682
vt 0.938295 0.374682
vt 0.938296 0.280498
vt 0.947796 0.280498
vt 0.930693 0.374682
vt 0.930694 0.280498
vt 0.955398 0.374682
vt 0.955397 0.280498
vt 0.947320 0.422311
vt 0.937818 0.422311
vt 0.937817 0.328127
vt 0.947319 0.328127
vt 0.930216 0.422311
vt 0.930216 0.328127
vt 0.954922 0.422311
vt 0.954920 0.328127
vt 0.948886 0.420152
vt 0.939384 0.420152
vt 0.939384 0.324005
vt 0.948884 0.324005
vt 0.931782 0.420152
vt 0.931782 0.324005
vt 0.956487 0.420152
vt 0.956487 0.324005
vt 0.919821 0.278916
vt 0.927423 0.278916
vt 0.927423 0.356397
vt 0.919821 0.356397
vt 0.949977 0.091949
vt 0.957579 0.091937
vt 0.957715 0.171058
vt 0.950113 0.171070
vt 0.933416 0.089959
vt 0.941018 0.089959
vt 0.941012 0.188815
vt 0.933411 0.188814
vt 0.936569 0.278153
vt 0.934036 0.375209
vt 0.944167 0.278351
vt 0.941635 0.375407
vt 0.924012 0.376046
vt 0.930450 0.057125
vt 0.939842 0.058560
vt 0.939845 0.154573
vt 0.930453 0.153138
vt 0.947444 0.058560
vt 0.947447 0.154573
vt 0.922848 0.057125
vt 0.922851 0.153139
vt 0.921215 0.055150
vt 0.928817 0.055150
vt 0.928817 0.135389
vt 0.921215 0.135390
vt 0.946355 0.036507
vt 0.953956 0.036506
vt 0.953976 0.118357
vt 0.946374 0.118359
vt 0.929782 0.034572
vt 0.937384 0.034572
vt 0.937379 0.136159
vt 0.929777 0.136158
vt 0.937947 0.054217
vt 0.935777 0.154074
vt 0.945548 0.054382
vt 0.943377 0.154239
vt 0.925771 0.155098
vt 0.930867 0.305456
vt 0.940142 0.307517
vt 0.940142 0.408930
vt 0.930867 0.406871
vt 0.947744 0.307517
vt 0.947744 0.408930
vt 0.923265 0.305457
vt 0.923265 0.406871
vt 0.925241 0.255211
vt 0.934507 0.257309
vt 0.934507 0.356866
vt 0.925241 0.354768
vt 0.942109 0.257310
vt 0.942109 0.356866
vt 0.917639 0.255211
vt 0.917639 0.354768
vt 0.927347 0.319263
vt 0.927345 0.417064
vt 0.925643 0.324025
vt 0.933668 0.320903
vt 0.933668 0.421352
vt 0.925643 0.424474
vt 0.919942 0.324025
vt 0.919942 0.424474
vt 0.939369 0.320903
vt 0.939368 0.421352
vt 0.938883 0.329249
vt 0.938883 0.424074
vt 0.946644 0.329249
vt 0.946643 0.424075
vt 0.954852 0.191653
vt 0.954853 0.092673
vt 0.932618 0.307648
vt 0.932618 0.212826
vt 0.929462 0.129818
vt 0.929460 0.226582
vt 0.948840 0.126576
vt 0.948839 0.223341
vt 0.947628 0.163072
vt 0.938127 0.163071
vt 0.938127 0.070094
vt 0.947628 0.070094
vt 0.930525 0.163071
vt 0.930525 0.070093
vt 0.955231 0.163072
vt 0.955231 0.070094
vt 0.930185 0.310643
vt 0.930185 0.159569
vt 0.939686 0.159569
vt 0.939686 0.310643
vt 0.947287 0.159569
vt 0.947287 0.310643
vt 0.922584 0.310643
vt 0.922584 0.159569
vt 0.929722 0.427425
vt 0.929720 0.276350
vt 0.939222 0.276349
vt 0.939223 0.427425
vt 0.946823 0.276349
vt 0.946823 0.427425
vt 0.922120 0.427425
vt 0.922119 0.276350
vt 0.938712 0.019358
vt 0.938712 0.170429
vt 0.931111 0.170428
vt 0.931112 0.019358
vt 0.949011 0.115350
vt 0.949013 0.266421
vt 0.939512 0.266421
vt 0.939510 0.115350
vt 0.948214 0.019358
vt 0.948214 0.170430
vt 0.955815 0.019358
vt 0.955814 0.170430
vt 0.931911 0.266421
vt 0.931909 0.115351
vt 0.956612 0.115350
vt 0.956614 0.266421
usemtl Exterior_Mat
s off
f 1538/2140 1554/2141 1553/2142 1537/2143
f 1536/2144 1552/2145 1551/2146 1535/2147
f 1547/2148 1563/2149 1562/2150 1546/2151
f 1534/2152 1550/2153 1549/2154 1533/2155
f 1545/2156 1561/2157 1560/2158 1544/2159
f 1543/2160 1559/2161 1558/2162 1542/2163
f 1541/2164 1557/2165 1556/2166 1540/2167
f 1539/2168 1555/2169 1554/2141 1538/2140
f 1537/2143 1553/2142 1552/2170 1536/2171
f 1532/2172 1548/2173 1563/2149 1547/2148
f 1535/2147 1551/2146 1550/2153 1534/2152
f 1546/2151 1562/2150 1561/2157 1545/2156
f 1533/2155 1549/2154 1548/2173 1532/2172
f 1544/2159 1560/2158 1559/2161 1543/2160
f 1542/2163 1558/2162 1557/2165 1541/2164
f 1540/2167 1556/2166 1555/2169 1539/2168
f 1538/2174 1570/2175 1571/2176 1539/2177
f 1536/2178 1568/2179 1569/2180 1537/2181
f 1547/2182 1579/2183 1564/2184 1532/2185
f 1534/2186 1566/2187 1567/2188 1535/2189
f 1545/2190 1577/2191 1578/2192 1546/2193
f 1532/2185 1564/2184 1565/2194 1533/2195
f 1543/2196 1575/2197 1576/2198 1544/2199
f 1541/2200 1573/2201 1574/2202 1542/2203
f 1539/2177 1571/2176 1572/2204 1540/2205
f 1537/2181 1569/2180 1570/2175 1538/2174
f 1535/2189 1567/2188 1568/2179 1536/2178
f 1546/2193 1578/2192 1579/2183 1547/2182
f 1533/2195 1565/2194 1566/2187 1534/2186
f 1544/2199 1576/2198 1577/2191 1545/2190
f 1542/2203 1574/2202 1575/2197 1543/2196
f 1540/2205 1572/2204 1573/2201 1541/2200
f 1573/2206 1589/2207 1590/2208 1574/2209
f 1571/2210 1587/2211 1588/2212 1572/2213
f 1569/2214 1585/2215 1586/2216 1570/2217
f 1567/2218 1583/2219 1584/2220 1568/2221
f 1578/2222 1594/2223 1595/2224 1579/2225
f 1565/2226 1581/2227 1582/2228 1566/2229
f 1576/2230 1592/2231 1593/2232 1577/2233
f 1574/2209 1590/2208 1591/2234 1575/2235
f 1572/2213 1588/2212 1589/2207 1573/2206
f 1570/2217 1586/2216 1587/2211 1571/2210
f 1568/2236 1584/2237 1585/2215 1569/2214
f 1579/2225 1595/2224 1580/2238 1564/2239
f 1566/2229 1582/2228 1583/2219 1567/2218
f 1577/2233 1593/2232 1594/2223 1578/2222
f 1564/2239 1580/2238 1581/2227 1565/2226
f 1575/2235 1591/2234 1592/2231 1576/2230
f 1590/2240 1606/2241 1607/2242 1591/2243
f 1588/2244 1604/2245 1605/2246 1589/2247
f 1586/2248 1602/2249 1603/2250 1587/2251
f 1584/2252 1600/2253 1601/2254 1585/2255
f 1595/2256 1611/2257 1596/2258 1580/2259
f 1582/2260 1598/2261 1599/2262 1583/2263
f 1593/2264 1609/2265 1610/2266 1594/2267
f 1580/2259 1596/2258 1597/2268 1581/2269
f 1591/2243 1607/2242 1608/2270 1592/2271
f 1589/2247 1605/2246 1606/2241 1590/2240
f 1587/2251 1603/2250 1604/2245 1588/2244
f 1585/2255 1601/2254 1602/2249 1586/2248
f 1583/2263 1599/2262 1600/2253 1584/2252
f 1594/2267 1610/2266 1611/2257 1595/2256
f 1581/2269 1597/2268 1598/2261 1582/2260
f 1592/2271 1608/2270 1609/2265 1593/2264
f 1596/2272 1612/2273 1613/2274 1597/2275
f 1607/2276 1623/2277 1624/2278 1608/2279
f 1605/2280 1621/2281 1622/2282 1606/2283
f 1603/2284 1619/2285 1620/2286 1604/2287
f 1601/2288 1617/2289 1618/2290 1602/2291
f 1599/2292 1615/2293 1616/2294 1600/2295
f 1610/2296 1626/2297 1627/2298 1611/2299
f 1597/2275 1613/2274 1614/2300 1598/2301
f 1608/2279 1624/2278 1625/2302 1609/2303
f 1606/2283 1622/2282 1623/2277 1607/2276
f 1604/2287 1620/2286 1621/2281 1605/2280
f 1602/2291 1618/2290 1619/2285 1603/2284
f 1600/2304 1616/2305 1617/2289 1601/2288
f 1611/2299 1627/2298 1612/2273 1596/2272
f 1598/2301 1614/2300 1615/2293 1599/2292
f 1609/2303 1625/2302 1626/2297 1610/2296
f 1659/2306 1629/2307 1630/2308 1658/2309
f 1657/2310 1640/2311 1641/2312 1656/2313
f 1655/2314 1638/2315 1639/2316 1654/2317
f 1653/2318 1636/2319 1637/2320 1652/2321
f 1651/2322 1634/2323 1635/2324 1650/2325
f 1649/2326 1632/2327 1633/2328 1648/2329
f 1647/2330 1643/2331 1628/2332 1646/2333
f 1658/2309 1630/2308 1631/2334 1645/2335
f 1656/2313 1641/2312 1642/2336 1660/2337
f 1646/2333 1628/2332 1629/2307 1659/2306
f 1654/2317 1639/2316 1640/2311 1657/2310
f 1652/2321 1637/2320 1638/2315 1655/2314
f 1650/2325 1635/2324 1636/2319 1653/2318
f 1648/2329 1633/2328 1634/2323 1651/2322
f 1645/2335 1631/2334 1632/2327 1649/2326
f 1660/2337 1642/2336 1643/2331 1647/2330
f 1668/2338 1660/2337 1647/2330 1667/2339
f 1669/2340 1645/2335 1649/2326 1666/2341
f 1671/2342 1648/2329 1651/2322 1665/2343
f 1672/2344 1650/2325 1653/2318 1664/2345
f 1673/2346 1652/2321 1655/2314 1663/2347
f 1674/2348 1654/2317 1657/2310 1662/2349
f 1670/2350 1646/2333 1659/2306 1661/2351
f 1675/2352 1656/2313 1660/2337 1668/2338
f 1676/2353 1658/2309 1645/2335 1669/2340
f 1667/2339 1647/2330 1646/2333 1670/2350
f 1666/2341 1649/2326 1648/2329 1671/2342
f 1665/2343 1651/2322 1650/2325 1672/2344
f 1664/2345 1653/2318 1652/2321 1673/2346
f 1663/2347 1655/2314 1654/2317 1674/2348
f 1662/2349 1657/2310 1656/2313 1675/2352
f 1661/2351 1659/2306 1658/2309 1676/2353
f 1630/2308 1644/2354 1631/2334
f 1641/2312 1644/2354 1642/2336
f 1628/2332 1644/2354 1629/2307
f 1639/2316 1644/2354 1640/2311
f 1637/2320 1644/2354 1638/2315
f 1635/2324 1644/2354 1636/2319
f 1633/2328 1644/2354 1634/2323
f 1631/2334 1644/2354 1632/2327
f 1642/2336 1644/2354 1643/2331
f 1629/2307 1644/2354 1630/2308
f 1640/2311 1644/2354 1641/2312
f 1638/2315 1644/2354 1639/2316
f 1636/2319 1644/2354 1637/2320
f 1634/2323 1644/2354 1635/2324
f 1632/2327 1644/2354 1633/2328
f 1643/2331 1644/2354 1628/2332
f 1626/2355 1668/2338 1667/2339 1627/2356
f 1615/2357 1669/2340 1666/2341 1616/2358
f 1617/2359 1671/2342 1665/2343 1618/2360
f 1619/2361 1672/2344 1664/2345 1620/2362
f 1621/2363 1673/2346 1663/2347 1622/2364
f 1623/2365 1674/2348 1662/2349 1624/2366
f 1612/2367 1670/2350 1661/2351 1613/2368
f 1625/2369 1675/2352 1668/2338 1626/2355
f 1614/2370 1676/2353 1669/2340 1615/2357
f 1627/2356 1667/2339 1670/2350 1612/2367
f 1616/2358 1666/2341 1671/2342 1617/2359
f 1618/2360 1665/2343 1672/2344 1619/2361
f 1620/2362 1664/2345 1673/2346 1621/2363
f 1622/2364 1663/2347 1674/2348 1623/2365
f 1624/2366 1662/2349 1675/2352 1625/2369
f 1613/2368 1661/2351 1676/2353 1614/2370
f 1683/2371 1682/2372 1698/2373 1699/2374
f 1681/2375 1680/2376 1696/2377 1697/2378
f 1692/2379 1691/2380 1707/2381 1708/2382
f 1679/2383 1678/2384 1694/2385 1695/2386
f 1690/2387 1689/2388 1705/2389 1706/2390
f 1688/2391 1687/2392 1703/2393 1704/2394
f 1686/2395 1685/2396 1701/2397 1702/2398
f 1684/2399 1683/2371 1699/2374 1700/2400
f 1682/2372 1681/2401 1697/2402 1698/2373
f 1677/2403 1692/2379 1708/2382 1693/2404
f 1680/2376 1679/2383 1695/2386 1696/2377
f 1691/2380 1690/2387 1706/2390 1707/2381
f 1678/2384 1677/2403 1693/2404 1694/2385
f 1689/2388 1688/2391 1704/2394 1705/2389
f 1687/2392 1686/2395 1702/2398 1703/2393
f 1685/2396 1684/2399 1700/2400 1701/2397
f 1683/2405 1684/2406 1716/2407 1715/2408
f 1681/2409 1682/2410 1714/2411 1713/2412
f 1692/2413 1677/2414 1709/2415 1724/2416
f 1679/2417 1680/2418 1712/2419 1711/2420
f 1690/2421 1691/2422 1723/2423 1722/2424
f 1677/2414 1678/2425 1710/2426 1709/2415
f 1688/2427 1689/2428 1721/2429 1720/2430
f 1686/2431 1687/2432 1719/2433 1718/2434
f 1684/2406 1685/2435 1717/2436 1716/2407
f 1682/2410 1683/2405 1715/2408 1714/2411
f 1680/2418 1681/2409 1713/2412 1712/2419
f 1691/2422 1692/2413 1724/2416 1723/2423
f 1678/2425 1679/2417 1711/2420 1710/2426
f 1689/2428 1690/2421 1722/2424 1721/2429
f 1687/2432 1688/2427 1720/2430 1719/2433
f 1685/2435 1686/2431 1718/2434 1717/2436
f 1718/2437 1719/2438 1735/2439 1734/2440
f 1716/2441 1717/2442 1733/2443 1732/2444
f 1714/2445 1715/2446 1731/2447 1730/2448
f 1712/2449 1713/2450 1729/2451 1728/2452
f 1723/2453 1724/2454 1740/2455 1739/2456
f 1710/2457 1711/2458 1727/2459 1726/2460
f 1721/2461 1722/2462 1738/2463 1737/2464
f 1719/2438 1720/2465 1736/2466 1735/2439
f 1717/2442 1718/2437 1734/2440 1733/2443
f 1715/2446 1716/2441 1732/2444 1731/2447
f 1713/2467 1714/2445 1730/2448 1729/2468
f 1724/2454 1709/2469 1725/2470 1740/2455
f 1711/2458 1712/2449 1728/2452 1727/2459
f 1722/2462 1723/2453 1739/2456 1738/2463
f 1709/2469 1710/2457 1726/2460 1725/2470
f 1720/2465 1721/2461 1737/2464 1736/2466
f 1735/2471 1736/2472 1752/2473 1751/2474
f 1733/2475 1734/2476 1750/2477 1749/2478
f 1731/2479 1732/2480 1748/2481 1747/2482
f 1729/2483 1730/2484 1746/2485 1745/2486
f 1740/2487 1725/2488 1741/2489 1756/2490
f 1727/2491 1728/2492 1744/2493 1743/2494
f 1738/2495 1739/2496 1755/2497 1754/2498
f 1725/2488 1726/2499 1742/2500 1741/2489
f 1736/2472 1737/2313 1753/2501 1752/2473
f 1734/2476 1735/2471 1751/2474 1750/2477
f 1732/2480 1733/2475 1749/2478 1748/2481
f 1730/2484 1731/2479 1747/2482 1746/2485
f 1728/2492 1729/2483 1745/2486 1744/2493
f 1739/2496 1740/2487 1756/2490 1755/2497
f 1726/2499 1727/2491 1743/2494 1742/2500
f 1737/2313 1738/2495 1754/2498 1753/2501
f 1741/2502 1742/2503 1758/2504 1757/2505
f 1752/2506 1753/2507 1769/2508 1768/2509
f 1750/2510 1751/2511 1767/2512 1766/2513
f 1748/2514 1749/2515 1765/2516 1764/2517
f 1746/2518 1747/2519 1763/2520 1762/2521
f 1744/2522 1745/2523 1761/2524 1760/2525
f 1755/2526 1756/2527 1772/2528 1771/2529
f 1742/2503 1743/2530 1759/2531 1758/2504
f 1753/2507 1754/2532 1770/2533 1769/2508
f 1751/2511 1752/2506 1768/2509 1767/2512
f 1749/2515 1750/2510 1766/2513 1765/2516
f 1747/2519 1748/2514 1764/2517 1763/2520
f 1745/2534 1746/2518 1762/2521 1761/2535
f 1756/2527 1741/2502 1757/2505 1772/2528
f 1743/2530 1744/2522 1760/2525 1759/2531
f 1754/2532 1755/2526 1771/2529 1770/2533
f 1804/2536 1803/2537 1775/2538 1774/2539
f 1802/2540 1801/2541 1786/2542 1785/2543
f 1800/2544 1799/2545 1784/2546 1783/2547
f 1798/2548 1797/2549 1782/2550 1781/2551
f 1796/2552 1795/2553 1780/2554 1779/2555
f 1794/2556 1793/2557 1778/2558 1777/2559
f 1792/2560 1791/2561 1773/2562 1788/2563
f 1803/2537 1790/2564 1776/2565 1775/2538
f 1801/2541 1805/2566 1787/2567 1786/2542
f 1791/2561 1804/2536 1774/2539 1773/2562
f 1799/2545 1802/2540 1785/2543 1784/2546
f 1797/2549 1800/2544 1783/2547 1782/2550
f 1795/2553 1798/2548 1781/2551 1780/2554
f 1793/2557 1796/2552 1779/2555 1778/2558
f 1790/2564 1794/2556 1777/2559 1776/2565
f 1805/2566 1792/2560 1788/2563 1787/2567
f 1813/2568 1812/2569 1792/2560 1805/2566
f 1814/2570 1811/2571 1794/2556 1790/2564
f 1816/2572 1810/2573 1796/2552 1793/2557
f 1817/2574 1809/2575 1798/2548 1795/2553
f 1818/2576 1808/2577 1800/2544 1797/2549
f 1819/2578 1807/2579 1802/2540 1799/2545
f 1815/2580 1806/2581 1804/2536 1791/2561
f 1820/2582 1813/2568 1805/2566 1801/2541
f 1821/2583 1814/2570 1790/2564 1803/2537
f 1812/2569 1815/2580 1791/2561 1792/2560
f 1811/2571 1816/2572 1793/2557 1794/2556
f 1810/2573 1817/2574 1795/2553 1796/2552
f 1809/2575 1818/2576 1797/2549 1798/2548
f 1808/2577 1819/2578 1799/2545 1800/2544
f 1807/2579 1820/2582 1801/2541 1802/2540
f 1806/2581 1821/2583 1803/2537 1804/2536
f 1775/2538 1776/2565 1789/2584
f 1786/2542 1787/2567 1789/2584
f 1773/2562 1774/2539 1789/2584
f 1784/2546 1785/2543 1789/2584
f 1782/2550 1783/2547 1789/2584
f 1780/2554 1781/2551 1789/2584
f 1778/2558 1779/2555 1789/2584
f 1776/2565 1777/2559 1789/2584
f 1787/2567 1788/2563 1789/2584
f 1774/2539 1775/2538 1789/2584
f 1785/2543 1786/2542 1789/2584
f 1783/2547 1784/2546 1789/2584
f 1781/2551 1782/2550 1789/2584
f 1779/2555 1780/2554 1789/2584
f 1777/2559 1778/2558 1789/2584
f 1788/2563 1773/2562 1789/2584
f 1771/2585 1772/2586 1812/2569 1813/2568
f 1760/2587 1761/2588 1811/2571 1814/2570
f 1762/2589 1763/2590 1810/2573 1816/2572
f 1764/2591 1765/2592 1809/2575 1817/2574
f 1766/2593 1767/2594 1808/2577 1818/2576
f 1768/2595 1769/2596 1807/2579 1819/2578
f 1757/2597 1758/2598 1806/2581 1815/2580
f 1770/2599 1771/2585 1813/2568 1820/2582
f 1759/2600 1760/2587 1814/2570 1821/2583
f 1772/2586 1757/2597 1815/2580 1812/2569
f 1761/2588 1762/2589 1816/2572 1811/2571
f 1763/2590 1764/2591 1817/2574 1810/2573
f 1765/2592 1766/2593 1818/2576 1809/2575
f 1767/2594 1768/2595 1819/2578 1808/2577
f 1769/2596 1770/2599 1820/2582 1807/2579
f 1758/2598 1759/2600 1821/2583 1806/2581
f 2486/2601 2489/2602 2493/2603 2490/2604
f 2465/2605 2464/2606 2468/2607 2469/2608
f 2497/2609 2498/2610 2495/2611 2494/2612
f 2470/2613 2473/2614 2477/2615 2474/2616
f 2507/2617 2504/2618 2494/2619 2495/2620
f 2472/2621 2471/2622 2475/2623 2476/2624
f 2489/2602 2488/2625 2492/2626 2493/2603
f 2478/2627 2481/2628 2485/2629 2482/2630
f 2480/2631 2479/2632 2483/2633 2484/2634
f 2504/2618 2505/2635 2501/2636 2494/2619
f 2481/2628 2480/2631 2484/2634 2485/2629
f 2499/2637 2496/2638 2500/2639 2503/2640
f 2464/2606 2463/2641 2467/2642 2468/2607
f 2473/2614 2472/2621 2476/2624 2477/2615
f 2488/2625 2487/2643 2491/2644 2492/2626
f 2494/2619 2501/2636 2500/2645
f 2505/2635 2506/2646 2502/2647 2501/2636
f 2496/2638 2497/2609 2494/2612 2500/2639
f 2435/2648 2436/2649 2432/2650 2431/2651
f 2409/2652 2408/2653 2412/2654 2413/2655
f 2440/2656 2439/2657 2443/2658 2444/2659
f 2417/2660 2416/2661 2420/2662 2421/2663
f 2446/2664 2449/2665 2453/2666 2450/2667
f 2425/2668 2424/2669 2428/2670 2429/2671
f 2402/2672 2403/2673 2399/2674 2398/2675
f 2437/2676 2434/2677 2430/2678 2433/2679
f 2414/2680 2417/2660 2421/2663 2418/2681
f 2422/2682 2425/2668 2429/2671 2426/2683
f 2441/2684 2440/2656 2444/2659 2445/2685
f 2408/2653 2407/2686 2411/2687 2412/2654
f 2424/2669 2423/2688 2427/2689 2428/2670
f 2406/2690 2409/2652 2413/2655 2410/2691
f 1879/2692 1911/2693 1918/2694 1886/2695
f 1876/2696 1908/2697 1907/2698 1875/2699
f 1865/2700 1897/2701 1896/2702 1864/2703
f 1855/2704 1887/2705 1917/2706 1885/2707
f 1874/2708 1906/2709 1905/2710 1873/2711
f 1863/2712 1895/2713 1894/2714 1862/2715
f 1884/2716 1916/2717 1915/2718 1883/2719
f 1872/2720 1904/2721 1903/2722 1871/2723
f 1861/2724 1893/2725 1892/2726 1860/2727
f 1882/2728 1914/2729 1913/2730 1881/2731
f 1859/2732 1891/2733 1890/2734 1858/2735
f 1870/2736 1902/2737 1901/2738 1869/2739
f 1880/2740 1912/2741 1911/2693 1879/2692
f 1857/2742 1889/2743 1888/2744 1856/2745
f 1868/2746 1900/2747 1899/2748 1867/2749
f 1877/2739 1909/2750 1908/2697 1876/2696
f 1866/2751 1898/2752 1897/2701 1865/2700
f 1886/2753 1918/2754 1910/2755 1878/2756
f 1875/2699 1907/2698 1906/2709 1874/2708
f 1864/2703 1896/2702 1895/2757 1863/2758
f 1885/2707 1917/2706 1916/2717 1884/2716
f 1873/2711 1905/2710 1904/2721 1872/2720
f 1862/2715 1894/2714 1893/2725 1861/2724
f 1883/2719 1915/2718 1914/2729 1882/2728
f 1860/2727 1892/2726 1891/2733 1859/2732
f 1871/2759 1903/2760 1902/2737 1870/2736
f 1881/2731 1913/2730 1912/2741 1880/2740
f 1858/2735 1890/2734 1889/2743 1857/2742
f 1869/2739 1901/2738 1900/2747 1868/2746
f 1878/2756 1910/2755 1909/2750 1877/2739
f 1856/2745 1888/2744 1887/2761 1855/2762
f 1867/2749 1899/2748 1898/2752 1866/2751
f 1888/2744 1889/2743 1921/2763 1920/2764
f 1889/2743 1890/2734 1922/2765 1921/2763
f 1890/2734 1891/2733 1923/2766 1922/2765
f 1891/2733 1892/2726 1924/2767 1923/2766
f 1892/2726 1893/2725 1925/2768 1924/2767
f 1893/2725 1894/2714 1926/2769 1925/2768
f 1894/2714 1895/2713 1927/2770 1926/2769
f 1895/2757 1896/2702 1928/2771 1927/2772
f 1896/2702 1897/2701 1929/2773 1928/2771
f 1897/2701 1898/2752 1930/2774 1929/2773
f 1898/2752 1899/2748 1931/2775 1930/2774
f 1899/2748 1900/2747 1932/2776 1931/2775
f 1900/2747 1901/2738 1933/2777 1932/2776
f 1901/2738 1902/2737 1934/2778 1933/2777
f 1902/2737 1903/2760 1935/2779 1934/2778
f 1903/2722 1904/2721 1936/2780 1935/2781
f 1904/2721 1905/2710 1937/2782 1936/2780
f 1905/2710 1906/2709 1938/2783 1937/2782
f 1906/2709 1907/2698 1939/2784 1938/2783
f 1907/2698 1908/2697 1940/2785 1939/2784
f 1908/2697 1909/2750 1941/2786 1940/2785
f 1909/2750 1910/2755 1942/2787 1941/2786
f 1910/2755 1918/2754 1950/2788 1942/2787
f 1918/2694 1911/2693 1943/2789 1950/2790
f 1911/2693 1912/2741 1944/2791 1943/2789
f 1912/2741 1913/2730 1945/2792 1944/2791
f 1913/2730 1914/2729 1946/2793 1945/2792
f 1914/2729 1915/2718 1947/2794 1946/2793
f 1915/2718 1916/2717 1948/2795 1947/2794
f 1916/2717 1917/2706 1949/2796 1948/2795
f 1917/2706 1887/2705 1919/2797 1949/2796
f 1887/2761 1888/2744 1920/2764 1919/2798
f 1977/2799 1976/2800 2008/2801 2009/2802
f 1955/2803 1954/2804 1986/2805 1987/2806
f 1966/2807 1965/2808 1997/2809 1998/2810
f 1975/2811 1974/2812 2006/2813 2007/2814
f 1953/2815 1952/2816 1984/2817 1985/2818
f 1964/2819 1963/2820 1995/2821 1996/2822
f 1973/2823 1972/2824 2004/2825 2005/2826
f 1962/2827 1961/2828 1993/2829 1994/2830
f 1982/2831 1981/2832 2013/2833 2014/2834
f 1971/2835 1970/2836 2002/2837 2003/2838
f 1960/2839 1959/2840 1991/2841 1992/2842
f 1980/2843 1979/2844 2011/2845 2012/2846
f 1969/2847 1968/2848 2000/2849 2001/2850
f 1958/2851 1957/2852 1989/2853 1990/2854
f 1978/2855 1977/2799 2009/2802 2010/2856
f 1956/2857 1955/2803 1987/2806 1988/2858
f 1967/2859 1966/2807 1998/2810 1999/2860
f 1976/2800 1975/2861 2007/2862 2008/2801
f 1954/2804 1953/2815 1985/2818 1986/2805
f 1965/2808 1964/2819 1996/2822 1997/2809
f 1974/2812 1973/2823 2005/2826 2006/2813
f 1952/2816 1951/2863 1983/2864 1984/2817
f 1963/2820 1962/2827 1994/2830 1995/2821
f 1951/2865 1982/2831 2014/2834 1983/2866
f 1972/2824 1971/2835 2003/2838 2004/2825
f 1961/2828 1960/2839 1992/2842 1993/2829
f 1981/2832 1980/2843 2012/2846 2013/2833
f 1970/2836 1969/2847 2001/2850 2002/2837
f 1959/2867 1958/2851 1990/2854 1991/2868
f 1979/2844 1978/2855 2010/2856 2011/2845
f 1968/2848 1967/2869 1999/2870 2000/2849
f 1957/2852 1956/2857 1988/2858 1989/2853
f 1984/2817 2048/2871 2049/2872 1985/2818
f 1985/2818 2049/2872 2050/2873 1986/2805
f 1986/2805 2050/2873 2051/2874 1987/2806
f 1987/2806 2051/2874 2052/2875 1988/2858
f 1988/2858 2052/2875 2053/2876 1989/2853
f 1989/2853 2053/2876 2054/2877 1990/2854
f 1990/2854 2054/2877 2055/2878 1991/2868
f 1991/2841 2055/2879 2056/2880 1992/2842
f 1992/2842 2056/2880 2057/2881 1993/2829
f 1993/2829 2057/2881 2058/2882 1994/2830
f 1994/2830 2058/2882 2059/2883 1995/2821
f 1995/2821 2059/2883 2060/2884 1996/2822
f 1996/2822 2060/2884 2061/2885 1997/2809
f 1997/2809 2061/2885 2062/2886 1998/2810
f 1998/2810 2062/2886 2063/2887 1999/2860
f 1999/2870 2063/2888 2064/2889 2000/2849
f 2000/2849 2064/2889 2065/2890 2001/2850
f 2001/2850 2065/2890 2066/2891 2002/2837
f 2002/2837 2066/2891 2067/2892 2003/2838
f 2003/2838 2067/2892 2068/2893 2004/2825
f 2004/2825 2068/2893 2069/2894 2005/2826
f 2005/2826 2069/2894 2070/2895 2006/2813
f 2006/2813 2070/2895 2071/2896 2007/2814
f 2007/2862 2071/2897 2072/2898 2008/2801
f 2008/2801 2072/2898 2073/2899 2009/2802
f 2009/2802 2073/2899 2074/2900 2010/2856
f 2010/2856 2074/2900 2075/2901 2011/2845
f 2011/2845 2075/2901 2076/2902 2012/2846
f 2012/2846 2076/2902 2077/2903 2013/2833
f 2013/2833 2077/2903 2078/2904 2014/2834
f 2014/2834 2078/2904 2047/2905 1983/2866
f 1983/2864 2047/2906 2048/2871 1984/2817
f 2015/2907 2047/2905 2078/2904 2046/2908
f 2046/2908 2078/2904 2077/2903 2045/2909
f 2045/2909 2077/2903 2076/2902 2044/2910
f 2044/2910 2076/2902 2075/2901 2043/2911
f 2043/2911 2075/2901 2074/2900 2042/2912
f 2042/2912 2074/2900 2073/2899 2041/2913
f 2041/2913 2073/2899 2072/2898 2040/2914
f 2040/2914 2072/2898 2071/2897 2039/2915
f 2039/2916 2071/2896 2070/2895 2038/2917
f 2038/2917 2070/2895 2069/2894 2037/2918
f 2037/2918 2069/2894 2068/2893 2036/2919
f 2036/2919 2068/2893 2067/2892 2035/2920
f 2035/2920 2067/2892 2066/2891 2034/2921
f 2034/2921 2066/2891 2065/2890 2033/2922
f 2033/2922 2065/2890 2064/2889 2032/2923
f 2032/2923 2064/2889 2063/2888 2031/2924
f 2031/2925 2063/2887 2062/2886 2030/2926
f 2030/2926 2062/2886 2061/2885 2029/2927
f 2029/2927 2061/2885 2060/2884 2028/2928
f 2028/2928 2060/2884 2059/2883 2027/2929
f 2027/2929 2059/2883 2058/2882 2026/2930
f 2026/2930 2058/2882 2057/2881 2025/2931
f 2025/2931 2057/2881 2056/2880 2024/2932
f 2024/2932 2056/2880 2055/2879 2023/2933
f 2023/2934 2055/2878 2054/2877 2022/2935
f 2022/2935 2054/2877 2053/2876 2021/2936
f 2021/2936 2053/2876 2052/2875 2020/2937
f 2020/2937 2052/2875 2051/2874 2019/2938
f 2019/2938 2051/2874 2050/2873 2018/2939
f 2018/2939 2050/2873 2049/2872 2017/2940
f 2017/2940 2049/2872 2048/2871 2016/2941
f 2016/2941 2048/2871 2047/2906 2015/2942
f 2079/2943 2082/2944 2092/2945 2091/2946
f 2089/2947 2088/2948 2091/2949 2092/2950
f 2087/2951 2090/2952 2086/2953 2083/2954
f 2090/2952 2089/2947 2092/2950 2086/2953
f 2082/2944 2081/2955 2085/2956 2092/2945
f 2081/2955 2080/2957 2084/2958 2085/2956
f 2092/2945 2085/2956 2086/2959
f 2097/2960 2098/2961 2094/2962 2093/2963
f 2098/2961 2099/2964 2095/2965 2094/2962
f 2100/2966 2097/2960 2093/2963 2096/2967
f 2105/2968 2106/2969 2102/2970 2101/2971
f 2106/2969 2107/2972 2103/2973 2102/2970
f 2108/2974 2105/2968 2101/2971 2104/2975
f 2112/2976 2111/2977 2115/2978 2116/2979
f 2109/2980 2112/2976 2116/2979 2113/2981
f 2111/2977 2110/2982 2114/2983 2115/2978
f 2121/2984 2122/2985 2118/2986 2117/2987
f 2122/2985 2123/2988 2119/2989 2118/2986
f 2124/2990 2121/2984 2117/2987 2120/2991
f 2129/2992 2130/2993 2126/2994 2125/2995
f 2130/2993 2131/2996 2127/2997 2126/2994
f 2132/2998 2129/2992 2125/2995 2128/2999
f 2137/3000 2138/3001 2134/3002 2133/3003
f 2138/3001 2139/3004 2135/3005 2134/3002
f 2140/3006 2137/3000 2133/3003 2136/3007
f 2145/3008 2146/3009 2142/3010 2141/3011
f 2146/3009 2147/3012 2143/3013 2142/3010
f 2148/3014 2145/3008 2141/3011 2144/3015
f 2153/3016 2154/3017 2150/3018 2149/3019
f 2154/3017 2155/3020 2151/3021 2150/3018
f 2156/3022 2153/3016 2149/3019 2152/3023
f 2161/3024 2162/3025 2158/3026 2157/3027
f 2162/3025 2163/3028 2159/3029 2158/3026
f 2164/3030 2161/3024 2157/3027 2160/3031
f 2169/3032 2170/3033 2166/3034 2165/3035
f 2170/3033 2171/3036 2167/3037 2166/3034
f 2172/3038 2169/3032 2165/3035 2168/3039
f 2177/3040 2178/3041 2174/3042 2173/3043
f 2178/3041 2179/3044 2175/3045 2174/3042
f 2180/3046 2177/3040 2173/3043 2176/3047
f 2185/3048 2186/3049 2182/3050 2181/3051
f 2186/3049 2187/3052 2183/3053 2182/3050
f 2188/3054 2185/3048 2181/3051 2184/3055
f 2189/3056 2192/3057 2202/3058 2201/3059
f 2199/3060 2198/3061 2201/3062 2202/3063
f 2197/3064 2200/3065 2196/3066 2193/3067
f 2200/3065 2199/3060 2202/3063 2196/3066
f 2192/3057 2191/3068 2195/3069 2202/3058
f 2191/3068 2190/3070 2194/3071 2195/3069
f 2202/3058 2195/3069 2196/3072
f 2207/3073 2208/3074 2204/3075 2203/3076
f 2208/3074 2209/3077 2205/3078 2204/3075
f 2210/3079 2207/3073 2203/3076 2206/3080
f 2211/3081 2214/3082 2224/3083 2223/3084
f 2221/3085 2220/3086 2223/3087 2224/3088
f 2219/3089 2222/3090 2218/3091 2215/3092
f 2222/3090 2221/3085 2224/3088 2218/3091
f 2214/3082 2213/3093 2217/3094 2224/3083
f 2213/3093 2212/3095 2216/3096 2217/3094
f 2224/3083 2217/3094 2218/3097
f 2229/3098 2230/3099 2226/3100 2225/3101
f 2230/3099 2231/3102 2227/3103 2226/3100
f 2232/3104 2229/3098 2225/3101 2228/3105
f 2237/3106 2238/3107 2234/3108 2233/3109
f 2238/3107 2239/3110 2235/3111 2234/3108
f 2240/3112 2237/3106 2233/3109 2236/3113
f 2241/2617 2244/2618 2254/2619 2253/2620
f 2251/2609 2250/2610 2253/2611 2254/2612
f 2249/2637 2252/2638 2248/2639 2245/2640
f 2252/2638 2251/2609 2254/2612 2248/2639
f 2244/2618 2243/2635 2247/2636 2254/2619
f 2243/2635 2242/2646 2246/2647 2247/2636
f 2254/2619 2247/2636 2248/2645
f 2259/2602 2260/2625 2256/2626 2255/2603
f 2260/2625 2261/2643 2257/2644 2256/2626
f 2262/2601 2259/2602 2255/2603 2258/2604
f 2267/2628 2268/2631 2264/2634 2263/2629
f 2268/2631 2269/2632 2265/2633 2264/2634
f 2270/2627 2267/2628 2263/2629 2266/2630
f 2275/2614 2276/2621 2272/2624 2271/2615
f 2276/2621 2277/2622 2273/2623 2272/2624
f 2278/2613 2275/2614 2271/2615 2274/2616
f 2283/2605 2284/2606 2280/2607 2279/2608
f 2284/2606 2285/2641 2281/2642 2280/2607
f 2286/3114 2283/2605 2279/2608 2282/3115
f 2290/3116 2289/3117 2293/3118 2294/3119
f 2287/3120 2290/3116 2294/3119 2291/3121
f 2289/3117 2288/3122 2292/3123 2293/3118
f 2299/2665 2300/3124 2296/3125 2295/2666
f 2300/3124 2301/3126 2297/3127 2296/3125
f 2302/2664 2299/2665 2295/2666 2298/2667
f 2307/2684 2308/2656 2304/2659 2303/2685
f 2308/2656 2309/2657 2305/2658 2304/2659
f 2310/3128 2307/2684 2303/2685 2306/3129
f 2314/2677 2313/2648 2317/2651 2318/2678
f 2311/2676 2314/2677 2318/2678 2315/2679
f 2313/2648 2312/2649 2316/2650 2317/2651
f 2323/2668 2324/2669 2320/2670 2319/2671
f 2324/2669 2325/2688 2321/2689 2320/2670
f 2326/2682 2323/2668 2319/2671 2322/2683
f 2331/2660 2332/2661 2328/2662 2327/2663
f 2332/2661 2333/3130 2329/3131 2328/2662
f 2334/2680 2331/2660 2327/2663 2330/2681
f 2339/2652 2340/2653 2336/2654 2335/2655
f 2340/2653 2341/2686 2337/2687 2336/2654
f 2342/2690 2339/2652 2335/2655 2338/2691
f 2346/2672 2345/2673 2349/2674 2350/2675
f 2343/3132 2346/2672 2350/2675 2347/3133
f 2345/2673 2344/3134 2348/3135 2349/2674
f 2355/3136 2356/3137 2352/3138 2351/3139
f 2356/3137 2357/3140 2353/3141 2352/3138
f 2358/3142 2355/3136 2351/3139 2354/3143
f 2371/3144 2364/3145 2360/3146 2373/3147
f 2373/3147 2360/3146 2361/3148 2372/3149
f 2374/3150 2365/3151 2364/3145 2371/3144
f 2363/3152 2367/3153 2368/3154 2359/3155
f 2359/3155 2368/3154 2370/3156 2362/3157
f 2366/3158 2369/3159 2367/3153 2363/3152
f 2389/3160 2377/3161 2376/3162 2388/3163
f 2379/3164 2383/3165 2384/3166 2378/3167
f 2387/3168 2380/3169 2377/3161 2389/3160
f 2390/3170 2381/3171 2380/3169 2387/3168
f 2378/3167 2384/3166 2386/3172 2375/3173
f 2382/3174 2385/3175 2383/3165 2379/3164
f 1822/3170 1831/3171 1832/3169 1825/3168
f 1838/3150 1847/3151 1848/3145 1841/3144
f 1830/3174 1827/3175 1829/3165 1833/3164
f 2405/3132 2402/2672 2398/2675 2401/3133
f 1853/3155 1844/3154 1842/3156 1850/3157
f 2393/3136 2392/3137 2396/3138 2397/3139
f 1823/3160 1835/3161 1836/3162 1824/3163
f 1833/3164 1829/3165 1828/3166 1834/3167
f 1841/3144 1848/3145 1852/3146 1839/3147
f 1825/3168 1832/3169 1835/3161 1823/3160
f 1839/3147 1852/3146 1851/3148 1840/3149
f 1834/3167 1828/3166 1826/3172 1837/3173
f 1849/3152 1845/3153 1844/3154 1853/3155
f 2403/2673 2404/3134 2400/3135 2399/2674
f 1846/3158 1843/3159 1845/3153 1849/3152
f 2392/3137 2391/3140 2395/3141 2396/3138
f 1854/3142 2393/3136 2397/3139 2394/3143
f 2462/3114 2465/2605 2469/2608 2466/3115
f 2416/2661 2415/3130 2419/3131 2420/2662
f 2458/3116 2459/3117 2455/3118 2454/3119
f 2459/3117 2460/3122 2456/3123 2455/3118
f 2448/3124 2447/3126 2451/3127 2452/3125
f 2438/3128 2441/2684 2445/2685 2442/3129
f 2461/3120 2458/3116 2454/3119 2457/3121
f 2434/2677 2435/2648 2431/2651 2430/2678
f 2449/2665 2448/3124 2452/3125 2453/2666
f 2510/3107 2509/3110 2513/3111 2514/3108
f 2511/3106 2510/3107 2514/3108 2515/3109
f 2519/3098 2518/3099 2522/3100 2523/3101
f 2516/3104 2519/3098 2523/3101 2520/3105
f 2508/3112 2511/3106 2515/3109 2512/3113
f 2518/3099 2517/3102 2521/3103 2522/3100
f 2626/2985 2625/2988 2629/2989 2630/2986
f 2594/3017 2593/3020 2597/3021 2598/3018
f 2611/3000 2610/3001 2614/3002 2615/3003
f 2592/3022 2595/3016 2599/3019 2596/3023
f 2636/2976 2637/2977 2633/2978 2632/2979
f 2586/3025 2585/3028 2589/3029 2590/3026
f 2637/2977 2638/2982 2634/2983 2633/2978
f 2584/3030 2587/3024 2591/3027 2588/3031
f 2603/3008 2602/3009 2606/3010 2607/3011
f 2578/3033 2577/3036 2581/3037 2582/3034
f 2618/2993 2617/2996 2621/2997 2622/2994
f 2595/3016 2594/3017 2598/3018 2599/3019
f 2624/2990 2627/2984 2631/2987 2628/2991
f 2616/2998 2619/2992 2623/2995 2620/2999
f 2610/3001 2609/3004 2613/3005 2614/3002
f 2587/3024 2586/3025 2590/3026 2591/3027
f 2639/2980 2636/2976 2632/2979 2635/2981
f 2608/3006 2611/3000 2615/3003 2612/3007
f 2627/2984 2626/2985 2630/2986 2631/2987
f 2579/3032 2578/3033 2582/3034 2583/3035
f 2602/3009 2601/3012 2605/3013 2606/3010
f 2619/2992 2618/2993 2622/2994 2623/2995
f 2576/3038 2579/3032 2583/3035 2580/3039
f 2600/3014 2603/3008 2607/3011 2604/3015
f 2529/3089 2526/3090 2530/3091 2533/3092
f 2527/3085 2528/3086 2525/3087 2524/3088
f 2537/3081 2534/3082 2524/3083 2525/3084
f 2538/3079 2541/3073 2545/3076 2542/3080
f 2535/3093 2536/3095 2532/3096 2531/3094
f 2540/3074 2539/3077 2543/3078 2544/3075
f 2541/3073 2540/3074 2544/3075 2545/3076
f 2546/3058 2553/3069 2552/3072
f 2557/3068 2558/3070 2554/3071 2553/3069
f 2556/3057 2557/3068 2553/3069 2546/3058
f 2548/3065 2549/3060 2546/3063 2552/3066
f 2551/3064 2548/3065 2552/3066 2555/3067
f 2549/3060 2550/3061 2547/3062 2546/3063
f 2559/3056 2556/3057 2546/3058 2547/3059
f 2560/3054 2563/3048 2567/3051 2564/3055
f 2524/3083 2531/3094 2530/3097
f 2562/3049 2561/3052 2565/3053 2566/3050
f 2563/3048 2562/3049 2566/3050 2567/3051
f 2568/3046 2571/3040 2575/3043 2572/3047
f 2570/3041 2569/3044 2573/3045 2574/3042
f 2571/3040 2570/3041 2574/3042 2575/3043
f 2526/3090 2527/3085 2524/3088 2530/3091
f 2534/3082 2535/3093 2531/3094 2524/3083
f 2642/2969 2641/2972 2645/2973 2646/2970
f 2643/2968 2642/2969 2646/2970 2647/2971
f 2648/2966 2651/2960 2655/2963 2652/2967
f 2650/2961 2649/2964 2653/2965 2654/2962
f 2651/2960 2650/2961 2654/2962 2655/2963
f 2656/2945 2663/2956 2662/2959
f 2667/2955 2668/2957 2664/2958 2663/2956
f 2666/2944 2667/2955 2663/2956 2656/2945
f 2658/2952 2659/2947 2656/2950 2662/2953
f 2661/2951 2658/2952 2662/2953 2665/2954
f 2659/2947 2660/2948 2657/2949 2656/2950
f 2669/2943 2666/2944 2656/2945 2657/2946
f 2732/2941 2700/2871 2701/2906 2733/2942
f 2731/2940 2699/2872 2700/2871 2732/2941
f 2730/2939 2698/2873 2699/2872 2731/2940
f 2729/2938 2697/2874 2698/2873 2730/2939
f 2728/2937 2696/2875 2697/2874 2729/2938
f 2727/2936 2695/2876 2696/2875 2728/2937
f 2726/2935 2694/2877 2695/2876 2727/2936
f 2724/2932 2692/2880 2693/2879 2725/2933
f 2725/2934 2693/2878 2694/2877 2726/2935
f 2723/2931 2691/2881 2692/2880 2724/2932
f 2722/2930 2690/2882 2691/2881 2723/2931
f 2721/2929 2689/2883 2690/2882 2722/2930
f 2720/2928 2688/2884 2689/2883 2721/2929
f 2719/2927 2687/2885 2688/2884 2720/2928
f 2640/2974 2643/2968 2647/2971 2644/2975
f 2709/2916 2677/2896 2678/2895 2710/2917
f 2746/2837 2682/2891 2681/2892 2745/2838
f 2764/2817 2700/2871 2699/2872 2763/2818
f 2713/2920 2681/2892 2682/2891 2714/2921
f 2742/2813 2678/2895 2677/2896 2741/2814
f 2760/2858 2696/2875 2695/2876 2759/2853
f 2738/2856 2674/2900 2673/2901 2737/2845
f 2756/2842 2692/2880 2691/2881 2755/2829
f 2734/2834 2670/2904 2701/2905 2765/2866
f 2752/2822 2688/2884 2687/2885 2751/2809
f 2703/2909 2671/2903 2672/2902 2704/2910
f 2707/2913 2675/2899 2676/2898 2708/2914
f 2748/2849 2684/2889 2683/2890 2747/2850
f 2711/2918 2679/2894 2680/2893 2712/2919
f 2744/2825 2680/2893 2679/2894 2743/2826
f 2762/2805 2698/2873 2697/2874 2761/2806
f 2717/2925 2685/2887 2686/2886 2718/2926
f 2740/2801 2676/2898 2675/2899 2739/2802
f 2715/2922 2683/2890 2684/2889 2716/2923
f 2758/2854 2694/2877 2693/2878 2757/2868
f 2736/2846 2672/2902 2671/2903 2735/2833
f 2754/2830 2690/2882 2689/2883 2753/2821
f 2733/2907 2701/2905 2670/2904 2702/2908
f 2750/2810 2686/2886 2685/2887 2749/2860
f 2705/2911 2673/2901 2674/2900 2706/2912
f 2710/2917 2678/2895 2679/2894 2711/2918
f 2745/2838 2681/2892 2680/2893 2744/2825
f 2763/2818 2699/2872 2698/2873 2762/2805
f 2714/2921 2682/2891 2683/2890 2715/2922
f 2741/2862 2677/2897 2676/2898 2740/2801
f 2759/2853 2695/2876 2694/2877 2758/2854
f 2737/2845 2673/2901 2672/2902 2736/2846
f 2755/2829 2691/2881 2690/2882 2754/2830
f 2765/2864 2701/2906 2700/2871 2764/2817
f 2751/2809 2687/2885 2686/2886 2750/2810
f 2704/2910 2672/2902 2673/2901 2705/2911
f 2708/2914 2676/2898 2677/2897 2709/2915
f 2747/2850 2683/2890 2682/2891 2746/2837
f 2712/2919 2680/2893 2681/2892 2713/2920
f 2743/2826 2679/2894 2678/2895 2742/2813
f 2761/2806 2697/2874 2696/2875 2760/2858
f 2718/2926 2686/2886 2687/2885 2719/2927
f 2739/2802 2675/2899 2674/2900 2738/2856
f 2716/2923 2684/2889 2685/2888 2717/2924
f 2757/2841 2693/2879 2692/2880 2756/2842
f 2735/2833 2671/2903 2670/2904 2734/2834
f 2753/2821 2689/2883 2688/2884 2752/2822
f 2702/2908 2670/2904 2671/2903 2703/2909
f 2749/2870 2685/2888 2684/2889 2748/2849
f 2706/2912 2674/2900 2675/2899 2707/2913
f 2791/2852 2792/2857 2760/2858 2759/2853
f 2780/2848 2781/2869 2749/2870 2748/2849
f 2769/2844 2770/2855 2738/2856 2737/2845
f 2789/2867 2790/2851 2758/2854 2757/2868
f 2778/2836 2779/2847 2747/2850 2746/2837
f 2767/2832 2768/2843 2736/2846 2735/2833
f 2787/2828 2788/2839 2756/2842 2755/2829
f 2776/2824 2777/2835 2745/2838 2744/2825
f 2797/2865 2766/2831 2734/2834 2765/2866
f 2785/2820 2786/2827 2754/2830 2753/2821
f 2796/2816 2797/2863 2765/2864 2764/2817
f 2774/2812 2775/2823 2743/2826 2742/2813
f 2783/2808 2784/2819 2752/2822 2751/2809
f 2794/2804 2795/2815 2763/2818 2762/2805
f 2781/2859 2782/2807 2750/2810 2749/2860
f 2842/2709 2841/2698 2809/2784 2810/2783
f 2841/2698 2840/2697 2808/2785 2809/2784
f 2840/2697 2839/2750 2807/2786 2808/2785
f 2839/2750 2838/2755 2806/2787 2807/2786
f 2838/2755 2830/2754 2798/2788 2806/2787
f 2830/2694 2837/2693 2805/2789 2798/2790
f 2837/2693 2836/2741 2804/2791 2805/2789
f 2836/2741 2835/2730 2803/2792 2804/2791
f 2835/2730 2834/2729 2802/2793 2803/2792
f 2834/2729 2833/2718 2801/2794 2802/2793
f 2833/2718 2832/2717 2800/2795 2801/2794
f 2832/2717 2831/2706 2799/2796 2800/2795
f 2831/2706 2861/2705 2829/2797 2799/2796
f 2861/2761 2860/2744 2828/2764 2829/2798
f 2771/2799 2772/2800 2740/2801 2739/2802
f 2793/2803 2794/2804 2762/2805 2761/2806
f 2782/2807 2783/2808 2751/2809 2750/2810
f 2773/2811 2774/2812 2742/2813 2741/2814
f 2795/2815 2796/2816 2764/2817 2763/2818
f 2784/2819 2785/2820 2753/2821 2752/2822
f 2775/2823 2776/2824 2744/2825 2743/2826
f 2786/2827 2787/2828 2755/2829 2754/2830
f 2766/2831 2767/2832 2735/2833 2734/2834
f 2777/2835 2778/2836 2746/2837 2745/2838
f 2788/2839 2789/2840 2757/2841 2756/2842
f 2768/2843 2769/2844 2737/2845 2736/2846
f 2779/2847 2780/2848 2748/2849 2747/2850
f 2790/2851 2791/2852 2759/2853 2758/2854
f 2770/2855 2771/2799 2739/2802 2738/2856
f 2792/2857 2793/2803 2761/2806 2760/2858
f 2772/2800 2773/2861 2741/2862 2740/2801
f 2843/2710 2842/2709 2810/2783 2811/2782
f 2848/2747 2847/2738 2815/2777 2816/2776
f 2852/2702 2851/2701 2819/2773 2820/2771
f 2847/2738 2846/2737 2814/2778 2815/2777
f 2851/2701 2850/2752 2818/2774 2819/2773
f 2846/2737 2845/2760 2813/2779 2814/2778
f 2845/2722 2844/2721 2812/2780 2813/2781
f 2844/2721 2843/2710 2811/2782 2812/2780
f 2850/2752 2849/2748 2817/2775 2818/2774
f 2849/2748 2848/2747 2816/2776 2817/2775
f 2854/2714 2853/2713 2821/2770 2822/2769
f 2855/2725 2854/2714 2822/2769 2823/2768
f 2856/2726 2855/2725 2823/2768 2824/2767
f 2853/2757 2852/2702 2820/2771 2821/2772
f 2858/2734 2857/2733 2825/2766 2826/2765
f 2859/2743 2858/2734 2826/2765 2827/2763
f 2860/2744 2859/2743 2827/2763 2828/2764
f 2857/2733 2856/2726 2824/2767 2825/2766
f 2892/2745 2860/2744 2861/2761 2893/2762
f 2870/2756 2838/2755 2839/2750 2871/2739
f 2879/2739 2847/2738 2848/2747 2880/2746
f 2881/2749 2849/2748 2850/2752 2882/2751
f 2867/2731 2835/2730 2836/2741 2868/2740
f 2877/2759 2845/2760 2846/2737 2878/2736
f 2888/2727 2856/2726 2857/2733 2889/2732
f 2890/2735 2858/2734 2859/2743 2891/2742
f 2865/2719 2833/2718 2834/2729 2866/2728
f 2873/2699 2841/2698 2842/2709 2874/2708
f 2880/2746 2848/2747 2849/2748 2881/2749
f 2884/2703 2852/2702 2853/2757 2885/2758
f 2871/2739 2839/2750 2840/2697 2872/2696
f 2863/2707 2831/2706 2832/2717 2864/2716
f 2875/2711 2843/2710 2844/2721 2876/2720
f 2886/2715 2854/2714 2855/2725 2887/2724
f 2882/2751 2850/2752 2851/2701 2883/2700
f 2862/2753 2830/2754 2838/2755 2870/2756
f 2868/2740 2836/2741 2837/2693 2869/2692
f 2878/2736 2846/2737 2847/2738 2879/2739
f 2889/2732 2857/2733 2858/2734 2890/2735
f 2891/2742 2859/2743 2860/2744 2892/2745
f 2866/2728 2834/2729 2835/2730 2867/2731
f 2874/2708 2842/2709 2843/2710 2875/2711
f 2869/2692 2837/2693 2830/2694 2862/2695
f 2885/2712 2853/2713 2854/2714 2886/2715
f 2872/2696 2840/2697 2841/2698 2873/2699
f 2864/2716 2832/2717 2833/2718 2865/2719
f 2876/2720 2844/2721 2845/2722 2877/2723
f 2887/2724 2855/2725 2856/2726 2888/2727
f 2883/2700 2851/2701 2852/2702 2884/2703
f 2893/2704 2861/2705 2831/2706 2863/2707
