# Blender v2.71 (sub 0) OBJ File: 'Design43.blend'
# www.blender.org
mtllib Design43.mtl
o Door
v -2.170012 -0.344001 0.986000
v -2.170012 -0.356000 0.986000
v -2.143011 -0.356000 0.986000
v -2.143011 -0.344001 0.986000
v -2.170012 -0.230001 0.969998
v -2.170012 -0.370001 0.969998
v -2.180012 -0.370001 0.969998
v -2.180012 -0.230001 0.969998
v -2.180012 -0.230001 0.989999
v -2.180012 -0.370001 0.989999
v -2.170012 -0.370001 0.989999
v -2.170012 -0.230001 0.989999
v -2.143011 -0.322001 0.871998
v -2.143011 -0.322001 1.047999
v -2.140012 -0.320001 1.050001
v -2.140012 -0.320001 0.869998
v -2.143011 -0.378000 1.047999
v -2.143011 -0.378000 0.871998
v -2.140012 -0.380001 0.869998
v -2.140012 -0.380001 1.050001
v -2.170012 -0.356000 0.974000
v -2.143011 -0.356000 0.974000
v -2.143011 -0.344001 0.974000
v -2.170012 -0.344001 0.974000
v -2.140002 -0.050001 0.200000
v -2.140002 0.049999 0.199999
v -2.140002 0.049999 0.019998
v -2.140002 -0.050001 0.019998
v -2.140022 -0.050000 2.019998
v -2.140022 0.050000 2.020000
v -2.140022 0.050000 1.919999
v -2.140022 -0.050000 1.919999
v -2.135012 0.289999 0.919999
v -2.140012 0.299999 0.929998
v -2.140002 0.299999 0.199999
v -2.135002 0.289999 0.209999
v -2.140022 -0.400000 2.019998
v -2.140022 -0.300000 1.919999
v -2.140012 -0.300001 1.029999
v -2.140012 -0.400000 1.029999
v -2.140012 -0.050000 1.030000
v -2.140012 0.050000 1.029999
v -2.140012 0.050000 0.929998
v -2.140012 -0.050000 0.929999
v -2.135012 -0.290001 0.919999
v -2.135012 -0.060001 0.920000
v -2.135012 -0.100001 0.879999
v -2.135012 -0.250000 0.879998
v -2.135002 -0.060001 0.210000
v -2.135002 -0.100001 0.250000
v -2.135012 0.059999 0.919999
v -2.140012 -0.300001 0.929998
v -2.135002 0.059999 0.209999
v -2.135012 0.250000 0.879998
v -2.135002 0.249999 0.249999
v -2.140012 0.239999 0.869999
v -2.140002 0.239999 0.259999
v -2.135022 0.060000 1.910000
v -2.135012 0.059999 1.039998
v -2.135022 -0.290000 1.910000
v -2.135022 -0.060000 1.910000
v -2.135022 -0.100000 1.869998
v -2.135022 -0.250000 1.869998
v -2.140022 0.300000 1.919999
v -2.135022 0.290000 1.910000
v -2.140012 -0.240001 0.869999
v -2.140012 -0.110001 0.870000
v -2.140002 -0.110001 0.260000
v -2.140003 -0.240001 0.259999
v -2.135003 -0.250001 0.249999
v -2.135003 -0.290001 0.209999
v -2.135012 -0.060001 1.039999
v -2.135012 -0.100001 1.080000
v -2.135002 0.099999 0.249999
v -2.140003 -0.300001 0.199999
v -2.140003 -0.400001 0.019998
v -2.140012 -0.400000 0.929998
v -2.140022 -0.110000 1.860001
v -2.140022 -0.240000 1.860001
v -2.140012 -0.110001 1.089999
v -2.140012 -0.240001 1.089998
v -2.135012 -0.250000 1.079999
v -2.135012 -0.290001 1.039998
v -2.140002 0.109999 0.259999
v -2.135012 0.099999 0.879998
v -2.135022 0.250000 1.869998
v -2.135022 0.100000 1.869998
v -2.135012 0.289999 1.039998
v -2.140012 0.299999 1.029999
v -2.140012 0.109999 0.869999
v -2.135012 0.250000 1.079999
v -2.135012 0.099999 1.079999
v -2.140022 0.110000 1.860001
v -2.140012 0.109999 1.089998
v -2.140012 0.400001 1.029999
v -2.140012 0.400001 0.929998
v -2.140022 0.240000 1.860001
v -2.140012 0.239999 1.089998
v -2.140002 0.399999 0.019998
v -2.140022 0.400001 2.020000
vt 0.428821 0.295190
vt 0.428822 0.288905
vt 0.442965 0.288905
vt 0.442964 0.295190
vt 0.450191 0.242072
vt 0.450191 0.315405
vt 0.444953 0.315405
vt 0.444953 0.242072
vt 0.434476 0.242072
vt 0.434476 0.315405
vt 0.429238 0.315405
vt 0.429238 0.242072
vt 0.425652 0.231940
vt 0.425652 0.324131
vt 0.423764 0.325180
vt 0.423764 0.230893
vt 0.444953 0.320643
vt 0.434476 0.320643
vt 0.454985 0.324131
vt 0.454985 0.231940
vt 0.456873 0.230892
vt 0.456873 0.325180
vt 0.428821 0.282619
vt 0.442965 0.282619
vt 0.424604 0.230052
vt 0.456033 0.230052
vt 0.456033 0.326020
vt 0.424604 0.326020
vt 0.442965 0.276333
vt 0.428821 0.276334
vt 0.441087 0.319724
vt 0.430611 0.319724
vt 0.430611 0.246391
vt 0.441087 0.246391
vt 0.442964 0.301476
vt 0.428821 0.301475
vt 0.434476 0.236834
vt 0.444952 0.236834
vt 0.040671 0.907388
vt 0.040739 0.926614
vt 0.005847 0.926527
vt 0.005834 0.907427
vt 0.386160 0.908827
vt 0.385968 0.928255
vt 0.366228 0.927957
vt 0.366380 0.908889
vt 0.178784 0.974580
vt 0.181031 0.976969
vt 0.040487 0.975786
vt 0.042705 0.973514
vt 0.386728 0.838134
vt 0.366731 0.857311
vt 0.200858 0.857039
vt 0.200608 0.838145
vt 0.200805 0.907816
vt 0.200815 0.926707
vt 0.181390 0.926658
vt 0.181333 0.907602
vt 0.179103 0.859588
vt 0.179070 0.905227
vt 0.171238 0.897403
vt 0.171142 0.867541
vt 0.042871 0.905097
vt 0.050501 0.897483
vt 0.179049 0.929053
vt 0.181439 0.857169
vt 0.042994 0.928933
vt 0.171000 0.966707
vt 0.050508 0.965898
vt 0.168844 0.964521
vt 0.052631 0.963806
vt 0.363828 0.930515
vt 0.203223 0.929388
vt 0.364335 0.859890
vt 0.363934 0.906189
vt 0.356174 0.898460
vt 0.356303 0.867638
vt 0.365680 0.979395
vt 0.363251 0.976687
vt 0.168922 0.869745
vt 0.169065 0.895230
vt 0.052622 0.895371
vt 0.052678 0.870227
vt 0.050499 0.868109
vt 0.042712 0.860469
vt 0.203160 0.905266
vt 0.210845 0.897805
vt 0.050591 0.936556
vt 0.040432 0.858163
vt 0.005201 0.838971
vt 0.181424 0.838133
vt 0.353810 0.895986
vt 0.353988 0.870067
vt 0.213132 0.895450
vt 0.213394 0.869704
vt 0.211078 0.867309
vt 0.203289 0.859714
vt 0.052763 0.938689
vt 0.171077 0.936920
vt 0.355542 0.968935
vt 0.355783 0.938198
vt 0.202799 0.974848
vt 0.200430 0.977378
vt 0.168851 0.939103
vt 0.210528 0.967438
vt 0.210935 0.937003
vt 0.353464 0.940608
vt 0.213233 0.939405
vt 0.200070 0.996094
vt 0.181035 0.996019
vt 0.353194 0.966454
vt 0.212826 0.965102
vt 0.005270 0.994896
vt 0.385317 0.998804
usemtl Exterior_Mat
s off
f 1/1 2/2 3/3 4/4
f 5/5 6/6 7/7 8/8
f 9/9 10/10 11/11 12/12
f 13/13 14/14 15/15 16/16
f 10/10 7/7 6/17 11/18
f 17/19 18/20 19/21 20/22
f 13/13 18/20 17/19 14/14
f 2/2 21/23 22/24 3/3
f 10/10 9/9 8/8 7/7
f 16/25 19/26 18/20 13/13
f 14/14 17/19 20/27 15/28
f 23/29 22/24 21/23 24/30
f 11/31 6/32 5/33 12/34
f 4/4 23/35 24/36 1/1
f 12/37 5/38 8/8 9/9
f 25/39 26/40 27/41 28/42
f 29/43 30/44 31/45 32/46
f 33/47 34/48 35/49 36/50
f 37/51 38/52 39/53 40/54
f 41/55 42/56 43/57 44/58
f 45/59 46/60 47/61 48/62
f 47/61 46/60 49/63 50/64
f 43/57 34/48 33/47 51/65
f 52/66 44/58 46/60 45/59
f 43/57 51/65 53/67 26/40
f 54/68 33/47 36/50 55/69
f 56/70 54/68 55/69 57/71
f 31/45 58/72 59/73 42/56
f 60/74 61/75 62/76 63/77
f 31/45 64/78 65/79 58/72
f 66/80 67/81 68/82 69/83
f 45/59 48/62 70/84 71/85
f 38/52 32/46 61/75 60/74
f 62/76 61/75 72/86 73/87
f 74/88 55/69 36/50 53/67
f 46/60 44/58 25/39 49/63
f 75/89 25/39 28/42 76/90
f 40/54 39/53 52/66 77/91
f 61/75 32/46 41/55 72/86
f 63/77 62/76 78/92 79/93
f 52/66 45/59 71/85 75/89
f 70/84 50/64 49/63 71/85
f 79/93 78/92 80/94 81/95
f 82/96 73/87 72/86 83/97
f 37/51 29/43 32/46 38/52
f 84/98 57/71 55/69 74/88
f 77/91 52/66 75/89 76/90
f 51/65 33/47 54/68 85/99
f 58/72 65/79 86/100 87/101
f 59/73 88/102 89/103 42/56
f 85/99 90/104 84/98 74/88
f 67/81 47/61 50/64 68/82
f 81/95 80/94 73/87 82/96
f 48/62 47/61 67/81 66/80
f 86/100 65/79 88/102 91/105
f 83/97 72/86 41/55 39/53
f 58/72 87/101 92/106 59/73
f 87/101 93/107 94/108 92/106
f 92/106 91/105 88/102 59/73
f 89/103 95/109 96/110 34/48
f 44/58 43/57 26/40 25/39
f 87/101 86/100 97/111 93/107
f 78/92 62/76 73/87 80/94
f 39/53 41/55 44/58 52/66
f 42/56 89/103 34/48 43/57
f 94/108 98/112 91/105 92/106
f 65/79 64/78 89/103 88/102
f 60/74 63/77 82/96 83/97
f 63/77 79/93 81/95 82/96
f 85/99 54/68 56/70 90/104
f 34/48 96/110 99/113 35/49
f 90/104 56/70 57/71 84/98
f 32/46 31/45 42/56 41/55
f 93/107 97/111 98/112 94/108
f 48/62 66/80 69/83 70/84
f 69/83 68/82 50/64 70/84
f 71/85 49/63 25/39 75/89
f 97/111 86/100 91/105 98/112
f 38/52 60/74 83/97 39/53
f 51/65 85/99 74/88 53/67
f 53/67 36/50 35/49 26/40
f 26/40 35/49 99/113 27/41
f 64/78 100/114 95/109 89/103
f 30/44 100/114 64/78 31/45
o DoorFrame
v -2.100001 -0.399997 0.020003
v -2.200001 -0.399996 0.019999
v -2.200001 -0.399996 2.020000
v -2.100001 -0.399997 2.020000
v -2.200001 0.400003 0.019999
v -2.100000 0.400003 0.019999
v -2.100000 0.400003 2.020000
v -2.200001 0.400003 2.020000
v -2.199998 -0.429997 0.000000
v -2.199998 -0.429996 2.040000
v -2.200001 0.430004 2.040000
v -2.200001 0.430002 0.000000
vt 0.010774 0.886570
vt 0.010782 0.868148
vt 0.379232 0.868316
vt 0.379223 0.886739
vt 0.009484 0.911694
vt 0.009487 0.893272
vt 0.377933 0.893350
vt 0.377929 0.911772
vt 0.193727 0.982564
vt 0.193727 0.961024
vt 0.366042 0.961024
vt 0.366042 0.982564
vt 0.006448 0.861639
vt 0.382903 0.861823
vt 0.372504 0.986872
vt 0.187265 0.986872
vt 0.382265 0.918279
vt 0.005814 0.918189
vt 0.186670 0.930043
vt 0.371920 0.930042
vt 0.365457 0.934350
vt 0.193132 0.934351
vt 0.365457 0.955891
vt 0.193132 0.955891
usemtl Exterior_Mat
s off
f 101/115 102/116 103/117 104/118
f 105/119 106/120 107/121 108/122
f 108/123 107/124 104/125 103/126
f 103/117 102/116 109/127 110/128
f 108/123 103/126 110/129 111/130
f 111/131 112/132 105/119 108/122
f 112/133 109/134 102/135 105/136
f 105/136 102/135 101/137 106/138
o ExteriorWalls
v -2.560001 2.560000 13.450003
v -2.560000 -2.560000 13.450003
v 2.560000 2.560000 13.450003
v -2.199998 -0.429997 0.000000
v -2.199998 -0.429996 2.040000
v -2.200001 0.430004 2.040000
v -2.200001 0.430002 0.000000
v -2.399999 -0.429998 0.000000
v -2.449999 -0.429996 2.040000
v -2.450001 0.430004 2.040000
v -2.400002 0.430002 0.000000
v -2.449999 -0.579996 2.190000
v -2.450001 0.580004 2.190000
v -2.400002 0.580002 0.700000
v -2.399999 -0.579997 0.700000
v -2.400002 2.400000 -0.200000
v -2.400002 2.400000 0.700000
v -2.399999 -2.400001 -0.200000
v -2.399999 -2.400000 0.700000
v 2.399999 2.400000 -0.200000
v 2.399999 2.400000 0.700000
v 2.400002 -2.400001 -0.200000
v 2.400002 -2.400000 0.700000
v -2.359999 -0.639997 2.300000
v -2.380001 2.380005 2.300000
v -2.300001 0.580002 0.800000
v -2.299999 -0.579997 0.800000
v -2.300001 2.300000 0.800000
v -2.299999 -2.300000 0.800000
v 2.299999 2.300000 0.800000
v 2.300001 -2.300000 0.800000
v -2.300001 0.580002 2.190000
v -2.299999 -0.579997 2.190000
v -2.300001 2.300000 2.190000
v -2.299999 -2.300000 2.190000
v 2.299999 2.300000 2.190000
v 2.300001 -2.300000 2.190000
v -2.360002 2.360000 2.300000
v -2.359999 -2.360000 2.300000
v 2.359998 2.360000 2.300000
v 2.360001 -2.360000 2.300000
v -2.509999 -0.639996 2.300000
v -2.510001 0.640004 2.300000
v -2.360002 0.640002 2.300000
v -2.379998 -2.379999 2.300000
v -2.629995 -0.900000 2.500000
v 2.379999 2.380000 2.300000
v 2.380002 -2.380000 2.300000
v -2.380001 2.380005 2.500000
v -2.589998 0.860007 2.300000
v -2.379998 -2.379999 2.500000
v 2.380002 -2.380000 2.400000
v -2.380001 2.380005 2.400000
v 2.379999 2.380000 2.400000
v -2.629998 0.900000 2.500000
v -2.589995 -0.859996 2.300000
v 2.379999 2.380000 2.500000
v 2.380002 -2.380000 2.500000
v -2.380001 0.860007 2.300000
v -2.380001 0.900000 2.500000
v -2.379998 -0.859996 2.300000
v 2.330001 -2.330000 3.200000
v -2.589998 0.860007 2.400000
v -2.379998 -2.379999 2.400000
v -2.589995 -0.859996 2.400000
v -2.380001 0.860007 2.400000
v -2.379998 -0.859996 2.400000
v -2.330001 2.330002 2.500000
v -2.329998 -2.329999 2.500000
v 2.329998 2.329998 2.500000
v 2.330001 -2.330000 2.500000
v 2.329998 2.329998 3.200000
v -2.329998 -2.030000 3.200000
v -2.379998 -0.900000 2.500000
v -2.330001 2.030000 3.200000
v -2.329998 -2.329999 3.200000
v -2.330001 2.330002 3.200000
v -2.030000 -2.329999 3.200000
v -2.030000 2.330002 3.200000
v 2.030000 2.329998 3.200000
v 2.329998 2.029998 3.200000
v 2.330001 -2.030000 3.200000
v 2.030000 -2.330000 3.200000
v 2.330001 -2.330000 12.399999
v 2.329998 2.329998 12.399999
v -2.329998 -2.329999 12.399999
v -2.330001 2.330002 12.399999
v -2.329998 -2.030000 12.399999
v -2.030000 -2.329999 12.399999
v -2.030000 2.330002 12.399999
v -2.330001 2.030001 12.399999
v 2.030000 2.329998 12.399999
v 2.329998 2.029998 12.399999
v 2.330001 -2.030000 12.399999
v 2.030000 -2.330000 12.399999
v 2.330001 -2.330000 12.700000
v 2.329998 2.329998 12.700000
v -2.329998 -2.329999 12.700000
v -2.330001 2.330002 12.700000
v -2.730002 -2.730001 13.100000
v -2.730005 2.730005 13.100000
v 2.730003 -2.730002 13.100000
v 2.730000 2.730000 13.100000
v -2.830001 -2.830001 13.100000
v -2.830004 2.830004 13.100000
v 2.830003 -2.830002 13.100000
v 2.830000 2.830000 13.100000
v -2.830001 -2.830001 13.399999
v -2.830004 2.830004 13.399999
v 2.830003 -2.830002 13.399999
v 2.830000 2.830000 13.399999
v -2.860002 -2.860001 13.399999
v -2.860004 2.860005 13.399999
v 2.860000 2.860000 13.399999
v 2.860003 -2.860002 13.399999
v -2.860002 -2.860001 13.450003
v -2.860004 2.860005 13.450003
v 2.860000 2.860000 13.450003
v 2.860003 -2.860002 13.450003
v 2.559999 -2.560000 13.450003
v -2.329998 -2.030000 11.999999
v -2.329998 -2.030000 11.599999
v -2.329998 -2.030000 11.200000
v -2.329998 -2.030000 10.800000
v -2.329998 -2.030000 10.400001
v -2.329998 -2.030000 10.000001
v -2.329998 -2.030000 9.600001
v -2.329998 -2.030000 9.200001
v -2.329998 -2.030000 8.800001
v -2.329998 -2.030000 8.400001
v -2.329998 -2.030000 8.000001
v -2.329998 -2.030000 7.600001
v -2.329998 -2.030000 7.200001
v -2.329998 -2.030000 6.800001
v -2.329998 -2.030000 6.400001
v -2.329998 -2.030000 6.000000
v -2.329998 -2.030000 5.600000
v -2.329998 -2.030000 5.200000
v -2.329998 -2.030000 4.800000
v -2.329998 -2.030000 4.400000
v -2.329998 -2.030000 4.000000
v -2.329998 -2.030000 3.600000
v -2.329998 -2.329999 3.600000
v -2.329998 -2.329999 4.000000
v -2.329998 -2.329999 4.400000
v -2.329998 -2.329999 4.800000
v -2.329998 -2.329999 5.200000
v -2.329998 -2.329999 5.600000
v -2.329998 -2.329999 6.000000
v -2.329998 -2.329999 6.400001
v -2.329998 -2.329999 6.800001
v -2.329998 -2.329999 7.200001
v -2.329998 -2.329999 7.600000
v -2.329998 -2.329999 8.000000
v -2.329998 -2.329999 8.400000
v -2.329998 -2.329999 8.799999
v -2.329998 -2.329999 9.199999
v -2.329998 -2.329999 9.599998
v -2.329998 -2.329999 9.999998
v -2.329998 -2.329999 10.399998
v -2.329998 -2.329999 10.799998
v -2.329998 -2.329999 11.199999
v -2.329998 -2.329999 11.599998
v -2.329998 -2.329999 11.999998
v -2.030000 -2.329999 3.600000
v -2.030000 -2.329999 4.000000
v -2.030000 -2.329999 4.400000
v -2.030000 -2.329999 4.800000
v -2.030000 -2.329999 5.200000
v -2.030000 -2.329999 5.600000
v -2.030000 -2.329999 6.000000
v -2.030000 -2.329999 6.400001
v -2.030000 -2.329999 6.800001
v -2.030000 -2.329999 7.200001
v -2.030000 -2.329999 7.600000
v -2.030000 -2.329999 8.000000
v -2.030000 -2.329999 8.400000
v -2.030000 -2.329999 8.799999
v -2.030000 -2.329999 9.199999
v -2.030000 -2.329999 9.599998
v -2.030000 -2.329999 9.999998
v -2.030000 -2.329999 10.399998
v -2.030000 -2.329999 10.799998
v -2.030000 -2.329999 11.199999
v -2.030000 -2.329999 11.599998
v -2.030000 -2.329999 11.999998
v -2.030000 2.330002 11.999999
v -2.030000 2.330002 11.599999
v -2.030000 2.330002 11.200000
v -2.030000 2.330002 10.800000
v -2.030000 2.330002 10.400001
v -2.030000 2.330002 10.000001
v -2.030000 2.330002 9.600001
v -2.030000 2.330002 9.200001
v -2.030000 2.330002 8.800001
v -2.030000 2.330002 8.400001
v -2.030000 2.330002 8.000001
v -2.030000 2.330002 7.600001
v -2.030000 2.330002 7.200001
v -2.030000 2.330002 6.800001
v -2.030000 2.330002 6.400001
v -2.030000 2.330002 6.000000
v -2.030000 2.330002 5.600000
v -2.030000 2.330002 5.200000
v -2.030000 2.330002 4.800000
v -2.030000 2.330002 4.400000
v -2.030000 2.330002 4.000000
v -2.030000 2.330002 3.600000
v -2.330001 2.330002 3.600000
v -2.330001 2.330002 4.000000
v -2.330001 2.330002 4.400000
v -2.330001 2.330002 4.800000
v -2.330001 2.330002 5.200000
v -2.330001 2.330002 5.600000
v -2.330001 2.330002 6.000000
v -2.330001 2.330002 6.400001
v -2.330001 2.330002 6.800001
v -2.330001 2.330002 7.200001
v -2.330001 2.330002 7.600000
v -2.330001 2.330002 8.000000
v -2.330001 2.330002 8.400000
v -2.330001 2.330002 8.799999
v -2.330001 2.330002 9.199999
v -2.330001 2.330002 9.599998
v -2.330001 2.330002 9.999998
v -2.330001 2.330002 10.399998
v -2.330001 2.330002 10.799998
v -2.330001 2.330002 11.199999
v -2.330001 2.330002 11.599998
v -2.330001 2.330002 11.999998
v -2.330001 2.030000 3.600000
v -2.330001 2.030001 4.000000
v -2.330001 2.030001 4.400000
v -2.330001 2.030001 4.800000
v -2.330001 2.030001 5.200000
v -2.330001 2.030001 5.600000
v -2.330001 2.030001 6.000000
v -2.330001 2.030001 6.400001
v -2.330001 2.030001 6.800001
v -2.330001 2.030001 7.200001
v -2.330001 2.030001 7.600000
v -2.330001 2.030001 8.000000
v -2.330001 2.030001 8.400000
v -2.330001 2.030001 8.799999
v -2.330001 2.030001 9.199999
v -2.330001 2.030001 9.599998
v -2.330001 2.030001 9.999998
v -2.330001 2.030001 10.399998
v -2.330001 2.030001 10.799998
v -2.330001 2.030001 11.199999
v -2.330001 2.030001 11.599998
v -2.330001 2.030001 11.999998
v 2.329998 2.029998 11.999999
v 2.329998 2.029998 11.599999
v 2.329998 2.029998 11.200000
v 2.329998 2.029998 10.800000
v 2.329998 2.029998 10.400001
v 2.329998 2.029998 10.000001
v 2.329998 2.029998 9.600001
v 2.329998 2.029998 9.200001
v 2.329998 2.029998 8.800001
v 2.329998 2.029998 8.400001
v 2.329998 2.029998 8.000001
v 2.329998 2.029998 7.600001
v 2.329998 2.029998 7.200001
v 2.329998 2.029998 6.800001
v 2.329998 2.029998 6.400001
v 2.329998 2.029998 6.000000
v 2.329998 2.029998 5.600000
v 2.329998 2.029998 5.200000
v 2.329998 2.029998 4.800000
v 2.329998 2.029998 4.400000
v 2.329998 2.029998 4.000000
v 2.329998 2.029998 3.600000
v 2.329998 2.329998 3.600000
v 2.329998 2.329998 4.000000
v 2.329998 2.329998 4.400000
v 2.329998 2.329998 4.800000
v 2.329998 2.329998 5.200000
v 2.329998 2.329998 5.600000
v 2.329998 2.329998 6.000000
v 2.329998 2.329998 6.400001
v 2.329998 2.329998 6.800001
v 2.329998 2.329998 7.200001
v 2.329998 2.329998 7.600000
v 2.329998 2.329998 8.000000
v 2.329998 2.329998 8.400000
v 2.329998 2.329998 8.799999
v 2.329998 2.329998 9.199999
v 2.329998 2.329998 9.599998
v 2.329998 2.329998 9.999998
v 2.329998 2.329998 10.399998
v 2.329998 2.329998 10.799998
v 2.329998 2.329998 11.199999
v 2.329998 2.329998 11.599998
v 2.329998 2.329998 11.999998
v 2.030000 2.329998 3.600000
v 2.030000 2.329998 4.000000
v 2.030000 2.329998 4.400000
v 2.030000 2.329998 4.800000
v 2.030000 2.329998 5.200000
v 2.030000 2.329998 5.600000
v 2.030000 2.329998 6.000000
v 2.030000 2.329998 6.400001
v 2.030000 2.329998 6.800001
v 2.030000 2.329998 7.200001
v 2.030000 2.329998 7.600000
v 2.030000 2.329998 8.000000
v 2.030000 2.329998 8.400000
v 2.030000 2.329998 8.799999
v 2.030000 2.329998 9.199999
v 2.030000 2.329998 9.599998
v 2.030000 2.329998 9.999998
v 2.030000 2.329998 10.399998
v 2.030000 2.329998 10.799998
v 2.030000 2.329998 11.199999
v 2.030000 2.329998 11.599998
v 2.030000 2.329998 11.999998
v 2.030000 -2.330000 11.999999
v 2.030000 -2.330000 11.599999
v 2.030000 -2.330000 11.200000
v 2.030000 -2.330000 10.800000
v 2.030000 -2.330000 10.400001
v 2.030000 -2.330000 10.000001
v 2.030000 -2.330000 9.600001
v 2.030000 -2.330000 9.200001
v 2.030000 -2.330000 8.800001
v 2.030000 -2.330000 8.400001
v 2.030000 -2.330000 8.000001
v 2.030000 -2.330000 7.600001
v 2.030000 -2.330000 7.200001
v 2.030000 -2.330000 6.800001
v 2.030000 -2.330000 6.400001
v 2.030000 -2.330000 6.000000
v 2.030000 -2.330000 5.600000
v 2.030000 -2.330000 5.200000
v 2.030000 -2.330000 4.800000
v 2.030000 -2.330000 4.400000
v 2.030000 -2.330000 4.000000
v 2.030000 -2.330000 3.600000
v 2.330001 -2.330000 3.600000
v 2.330001 -2.330000 4.000000
v 2.330001 -2.330000 4.400000
v 2.330001 -2.330000 4.800000
v 2.330001 -2.330000 5.200000
v 2.330001 -2.330000 5.600000
v 2.330001 -2.330000 6.000000
v 2.330001 -2.330000 6.400001
v 2.330001 -2.330000 6.800001
v 2.330001 -2.330000 7.200001
v 2.330001 -2.330000 7.600000
v 2.330001 -2.330000 8.000000
v 2.330001 -2.330000 8.400000
v 2.330001 -2.330000 8.799999
v 2.330001 -2.330000 9.199999
v 2.330001 -2.330000 9.599998
v 2.330001 -2.330000 9.999998
v 2.330001 -2.330000 10.399998
v 2.330001 -2.330000 10.799998
v 2.330001 -2.330000 11.199999
v 2.330001 -2.330000 11.599998
v 2.330001 -2.330000 11.999998
v 2.330001 -2.030000 3.600000
v 2.330001 -2.030000 4.000000
v 2.330001 -2.030000 4.400000
v 2.330001 -2.030000 4.800000
v 2.330001 -2.030000 5.200000
v 2.330001 -2.030000 5.600000
v 2.330001 -2.030000 6.000000
v 2.330001 -2.030000 6.400001
v 2.330001 -2.030000 6.800001
v 2.330001 -2.030000 7.200001
v 2.330001 -2.030000 7.600000
v 2.330001 -2.030000 8.000000
v 2.330001 -2.030000 8.400000
v 2.330001 -2.030000 8.799999
v 2.330001 -2.030000 9.199999
v 2.330001 -2.030000 9.599998
v 2.330001 -2.030000 9.999998
v 2.330001 -2.030000 10.399998
v 2.330001 -2.030000 10.799998
v 2.330001 -2.030000 11.199999
v 2.330001 -2.030000 11.599998
v 2.330001 -2.030000 11.999998
v -2.329998 -1.830001 11.999999
v -2.329998 -1.830001 11.599999
v -2.329998 -1.830001 11.200000
v -2.329998 -1.830001 10.800000
v -2.329998 -1.830001 10.400001
v -2.329998 -1.830001 10.000001
v -2.329998 -1.830001 9.600001
v -2.329998 -1.830001 9.200001
v -2.329998 -1.830001 8.800001
v -2.329998 -1.830001 8.400001
v -2.329998 -1.830001 8.000001
v -2.329998 -1.830001 7.600001
v -2.329998 -1.830001 7.200001
v -2.329998 -1.830001 6.800001
v -2.329998 -1.830001 6.400001
v -2.329998 -1.830001 6.000000
v -2.329998 -1.830001 5.600000
v -2.329998 -1.830001 5.200000
v -2.329998 -1.830001 4.800000
v -2.329998 -1.830001 4.400000
v -2.329998 -1.830001 4.000000
v -2.329998 -1.830001 3.600000
v -2.330001 1.830000 3.600000
v -2.330001 1.830000 4.000000
v -2.330001 1.830000 4.400000
v -2.330001 1.830000 4.800000
v -2.330001 1.830000 5.200000
v -2.330001 1.830000 5.600000
v -2.330001 1.830000 6.000000
v -2.330001 1.830000 6.400001
v -2.330001 1.830000 6.800001
v -2.330001 1.830000 7.200001
v -2.330001 1.830000 7.600000
v -2.330001 1.830000 8.000000
v -2.330001 1.830000 8.400000
v -2.330001 1.830000 8.799999
v -2.330001 1.830000 9.199999
v -2.330001 1.830000 9.599998
v -2.330001 1.830000 9.999998
v -2.330001 1.830000 10.399998
v -2.330001 1.830000 10.799998
v -2.330001 1.830000 11.199999
v -2.330001 1.830000 11.599998
v -2.330001 1.830000 11.999998
v -1.830001 -2.329999 3.600000
v -1.830001 -2.329999 4.000000
v -1.830001 -2.329999 4.400000
v -1.830001 -2.329999 4.800000
v -1.830001 -2.329999 5.200000
v -1.830001 -2.329999 5.600000
v -1.830001 -2.329999 6.000000
v -1.830001 -2.329999 6.400001
v -1.830001 -2.329999 6.800001
v -1.830001 -2.329999 7.200001
v -1.830001 -2.329999 7.600000
v -1.830001 -2.329999 8.000000
v -1.830001 -2.329999 8.400000
v -1.830001 -2.329999 8.799999
v -1.830001 -2.329999 9.199999
v -1.830001 -2.329999 9.599998
v -1.830001 -2.329999 9.999998
v -1.830001 -2.329999 10.399998
v -1.830001 -2.329999 10.799998
v -1.830001 -2.329999 11.199999
v -1.830001 -2.329999 11.599998
v -1.830001 -2.329999 11.999998
v -1.830001 2.330002 11.999999
v -1.830001 2.330002 11.599999
v -1.830001 2.330002 11.200000
v -1.830001 2.330002 10.800000
v -1.830001 2.330002 10.400001
v -1.830001 2.330002 10.000001
v -1.830001 2.330002 9.600001
v -1.830001 2.330002 9.200001
v -1.830001 2.330002 8.800001
v -1.830001 2.330002 8.400001
v -1.830001 2.330002 8.000001
v -1.830001 2.330002 7.600001
v -1.830001 2.330002 7.200001
v -1.830001 2.330002 6.800001
v -1.830001 2.330002 6.400001
v -1.830001 2.330002 6.000000
v -1.830001 2.330002 5.600000
v -1.830001 2.330002 5.200000
v -1.830001 2.330002 4.800000
v -1.830001 2.330002 4.400000
v -1.830001 2.330002 4.000000
v -1.830001 2.330002 3.600000
v 1.830001 2.329998 3.600000
v 1.830001 2.329998 4.000000
v 1.830001 2.329998 4.400000
v 1.830001 2.329998 4.800000
v 1.830001 2.329998 5.200000
v 1.830001 2.329998 5.600000
v 1.830001 2.329998 6.000000
v 1.830001 2.329998 6.400001
v 1.830001 2.329998 6.800001
v 1.830001 2.329998 7.200001
v 1.830001 2.329998 7.600000
v 1.830001 2.329998 8.000000
v 1.830001 2.329998 8.400000
v 1.830001 2.329998 8.799999
v 1.830001 2.329998 9.199999
v 1.830001 2.329998 9.599998
v 1.830001 2.329998 9.999998
v 1.830001 2.329998 10.399998
v 1.830001 2.329998 10.799998
v 1.830001 2.329998 11.199999
v 1.830001 2.329998 11.599998
v 1.830001 2.329998 11.999998
v 1.830001 -2.330000 11.999999
v 1.830001 -2.330000 11.599999
v 1.830001 -2.330000 11.200000
v 1.830001 -2.330000 10.800000
v 1.830001 -2.330000 10.400001
v 1.830001 -2.330000 10.000001
v 1.830001 -2.330000 9.600001
v 1.830001 -2.330000 9.200001
v 1.830001 -2.330000 8.800001
v 1.830001 -2.330000 8.400001
v 1.830001 -2.330000 8.000001
v 1.830001 -2.330000 7.600001
v 1.830001 -2.330000 7.200001
v 1.830001 -2.330000 6.800001
v 1.830001 -2.330000 6.400001
v 1.830001 -2.330000 6.000000
v 1.830001 -2.330000 5.600000
v 1.830001 -2.330000 5.200000
v 1.830001 -2.330000 4.800000
v 1.830001 -2.330000 4.400000
v 1.830001 -2.330000 4.000000
v 1.830001 -2.330000 3.600000
v 2.330001 -1.830000 3.600000
v 2.330001 -1.830000 4.000000
v 2.330001 -1.830000 4.400000
v 2.330001 -1.830000 4.800000
v 2.330001 -1.830000 5.200000
v 2.330001 -1.830000 5.600000
v 2.330001 -1.830000 6.000000
v 2.330001 -1.830000 6.400001
v 2.330001 -1.830000 6.800001
v 2.330001 -1.830000 7.200001
v 2.330001 -1.830000 7.600000
v 2.330001 -1.830000 8.000000
v 2.330001 -1.830000 8.400000
v 2.330001 -1.830000 8.799999
v 2.330001 -1.830000 9.199999
v 2.330001 -1.830000 9.599998
v 2.330001 -1.830000 9.999998
v 2.330001 -1.830000 10.399998
v 2.330001 -1.830000 10.799998
v 2.330001 -1.830000 11.199999
v 2.330001 -1.830000 11.599998
v 2.330001 -1.830000 11.999998
v 2.329998 1.830000 11.999999
v 2.329998 1.830000 11.599999
v 2.329998 1.830000 11.200000
v 2.329998 1.830000 10.800000
v 2.329998 1.830000 10.400001
v 2.329998 1.830000 10.000001
v 2.329998 1.830000 9.600001
v 2.329998 1.830000 9.200001
v 2.329998 1.830000 8.800001
v 2.329998 1.830000 8.400001
v 2.329998 1.830000 8.000001
v 2.329998 1.830000 7.600001
v 2.329998 1.830000 7.200001
v 2.329998 1.830000 6.800001
v 2.329998 1.830000 6.400001
v 2.329998 1.830000 6.000000
v 2.329998 1.830000 5.600000
v 2.329998 1.830000 5.200000
v 2.329998 1.830000 4.800000
v 2.329998 1.830000 4.400000
v 2.329998 1.830000 4.000000
v 2.329998 1.830000 3.600000
v -2.299997 -2.030000 3.200000
v -2.300000 2.030001 3.200000
v -2.299997 -2.030000 12.399999
v -2.300000 2.030001 12.399999
v -2.299997 -2.030000 11.999999
v -2.299997 -2.030000 11.599999
v -2.299997 -2.030000 11.200000
v -2.299997 -2.030000 10.800000
v -2.299997 -2.030000 10.400001
v -2.299997 -2.030000 10.000001
v -2.299997 -2.030000 9.600001
v -2.299997 -2.030000 9.200001
v -2.299997 -2.030000 8.800001
v -2.299997 -2.030000 8.400001
v -2.299997 -2.030000 8.000001
v -2.299997 -2.030000 7.600001
v -2.299997 -2.030000 7.200001
v -2.299997 -2.030000 6.800001
v -2.299997 -2.030000 6.400001
v -2.299997 -2.030000 6.000000
v -2.299997 -2.030000 5.600000
v -2.299997 -2.030000 5.200000
v -2.299997 -2.030000 4.800000
v -2.299997 -2.030000 4.400000
v -2.299997 -2.030000 4.000000
v -2.299997 -2.030000 3.600000
v -2.300000 2.030001 3.600000
v -2.300000 2.030001 4.000000
v -2.300000 2.030001 4.400000
v -2.300000 2.030001 4.800000
v -2.300000 2.030001 5.200000
v -2.300000 2.030001 5.600000
v -2.300000 2.030001 6.000000
v -2.300000 2.030001 6.400001
v -2.300000 2.030001 6.800001
v -2.300000 2.030001 7.200001
v -2.300000 2.030001 7.600000
v -2.300000 2.030001 8.000000
v -2.300000 2.030001 8.400000
v -2.300000 2.030001 8.799999
v -2.300000 2.030001 9.199999
v -2.300000 2.030001 9.599998
v -2.300000 2.030001 9.999998
v -2.300000 2.030001 10.399998
v -2.300000 2.030001 10.799998
v -2.300000 2.030001 11.199999
v -2.300000 2.030001 11.599998
v -2.300000 2.030001 11.999998
v -2.299997 -1.830001 11.999999
v -2.299997 -1.830001 11.599999
v -2.299997 -1.830001 11.200000
v -2.299997 -1.830001 10.800000
v -2.299997 -1.830001 10.400001
v -2.299997 -1.830001 10.000001
v -2.299997 -1.830001 9.600001
v -2.299997 -1.830001 9.200001
v -2.299997 -1.830001 8.800001
v -2.299997 -1.830001 8.400001
v -2.299997 -1.830001 8.000001
v -2.299997 -1.830001 7.600001
v -2.299997 -1.830001 7.200001
v -2.299997 -1.830001 6.800001
v -2.299997 -1.830001 6.400001
v -2.299997 -1.830001 6.000000
v -2.299997 -1.830001 5.600000
v -2.299997 -1.830001 5.200000
v -2.299997 -1.830001 4.800000
v -2.299997 -1.830001 4.400000
v -2.299997 -1.830001 4.000000
v -2.299997 -1.830001 3.600000
v -2.300000 1.830000 3.600000
v -2.300000 1.830000 4.000000
v -2.300000 1.830000 4.400000
v -2.300000 1.830000 4.800000
v -2.300000 1.830000 5.200000
v -2.300000 1.830000 5.600000
v -2.300000 1.830000 6.000000
v -2.300000 1.830000 6.400001
v -2.300000 1.830000 6.800001
v -2.300000 1.830000 7.200001
v -2.300000 1.830000 7.600000
v -2.300000 1.830000 8.000000
v -2.300000 1.830000 8.400000
v -2.300000 1.830000 8.799999
v -2.300000 1.830000 9.199999
v -2.300000 1.830000 9.599998
v -2.300000 1.830000 9.999998
v -2.300000 1.830000 10.399998
v -2.300000 1.830000 10.799998
v -2.300000 1.830000 11.199999
v -2.300000 1.830000 11.599998
v -2.300000 1.830000 11.999998
v -2.030000 2.300002 3.200000
v 2.030000 2.299997 3.200000
v -2.030000 2.300002 12.399999
v 2.030000 2.299997 12.399999
v -2.030000 2.300002 11.999999
v -2.030000 2.300002 11.599999
v -2.030000 2.300002 11.200000
v -2.030000 2.300002 10.800000
v -2.030000 2.300002 10.400001
v -2.030000 2.300002 10.000001
v -2.030000 2.300002 9.600001
v -2.030000 2.300002 9.200001
v -2.030000 2.300002 8.800001
v -2.030000 2.300002 8.400001
v -2.030000 2.300002 8.000001
v -2.030000 2.300002 7.600001
v -2.030000 2.300002 7.200001
v -2.030000 2.300002 6.800001
v -2.030000 2.300002 6.400001
v -2.030000 2.300002 6.000000
v -2.030000 2.300002 5.600000
v -2.030000 2.300002 5.200000
v -2.030000 2.300002 4.800000
v -2.030000 2.300002 4.400000
v -2.030000 2.300002 4.000000
v -2.030000 2.300002 3.600000
v 2.030000 2.299997 3.600000
v 2.030000 2.299997 4.000000
v 2.030000 2.299997 4.400000
v 2.030000 2.299997 4.800000
v 2.030000 2.299997 5.200000
v 2.030000 2.299997 5.600000
v 2.030000 2.299997 6.000000
v 2.030000 2.299997 6.400001
v 2.030000 2.299997 6.800001
v 2.030000 2.299997 7.200001
v 2.030000 2.299997 7.600000
v 2.030000 2.299997 8.000000
v 2.030000 2.299997 8.400000
v 2.030000 2.299997 8.799999
v 2.030000 2.299997 9.199999
v 2.030000 2.299997 9.599998
v 2.030000 2.299997 9.999998
v 2.030000 2.299997 10.399998
v 2.030000 2.299997 10.799998
v 2.030000 2.299997 11.199999
v 2.030000 2.299997 11.599998
v 2.030000 2.299997 11.999998
v -1.830001 2.300002 11.999999
v -1.830001 2.300002 11.599999
v -1.830001 2.300002 11.200000
v -1.830001 2.300002 10.800000
v -1.830001 2.300002 10.400001
v -1.830001 2.300002 10.000001
v -1.830001 2.300002 9.600001
v -1.830001 2.300002 9.200001
v -1.830001 2.300002 8.800001
v -1.830001 2.300002 8.400001
v -1.830001 2.300002 8.000001
v -1.830001 2.300002 7.600001
v -1.830001 2.300002 7.200001
v -1.830001 2.300002 6.800001
v -1.830001 2.300002 6.400001
v -1.830001 2.300002 6.000000
v -1.830001 2.300002 5.600000
v -1.830001 2.300002 5.200000
v -1.830001 2.300002 4.800000
v -1.830001 2.300002 4.400000
v -1.830001 2.300002 4.000000
v -1.830001 2.300002 3.600000
v 1.830001 2.299997 3.600000
v 1.830001 2.299997 4.000000
v 1.830001 2.299997 4.400000
v 1.830001 2.299997 4.800000
v 1.830001 2.299997 5.200000
v 1.830001 2.299997 5.600000
v 1.830001 2.299997 6.000000
v 1.830001 2.299997 6.400001
v 1.830001 2.299997 6.800001
v 1.830001 2.299997 7.200001
v 1.830001 2.299997 7.600000
v 1.830001 2.299997 8.000000
v 1.830001 2.299997 8.400000
v 1.830001 2.299997 8.799999
v 1.830001 2.299997 9.199999
v 1.830001 2.299997 9.599998
v 1.830001 2.299997 9.999998
v 1.830001 2.299997 10.399998
v 1.830001 2.299997 10.799998
v 1.830001 2.299997 11.199999
v 1.830001 2.299997 11.599998
v 1.830001 2.299997 11.999998
v 2.299998 2.029998 3.200000
v 2.300000 -2.030000 3.200000
v 2.299998 2.029998 12.399999
v 2.300000 -2.030000 12.399999
v 2.299998 2.029998 11.999999
v 2.299998 2.029998 11.599999
v 2.299998 2.029998 11.200000
v 2.299998 2.029998 10.800000
v 2.299998 2.029998 10.400001
v 2.299998 2.029998 10.000001
v 2.299998 2.029998 9.600001
v 2.299998 2.029998 9.200001
v 2.299998 2.029998 8.800001
v 2.299998 2.029998 8.400001
v 2.299998 2.029998 8.000001
v 2.299998 2.029998 7.600001
v 2.299998 2.029998 7.200001
v 2.299998 2.029998 6.800001
v 2.299998 2.029998 6.400001
v 2.299998 2.029998 6.000000
v 2.299998 2.029998 5.600000
v 2.299998 2.029998 5.200000
v 2.299998 2.029998 4.800000
v 2.299998 2.029998 4.400000
v 2.299998 2.029998 4.000000
v 2.299998 2.029998 3.600000
v 2.300000 -2.030000 3.600000
v 2.300000 -2.030000 4.000000
v 2.300000 -2.030000 4.400000
v 2.300000 -2.030000 4.800000
v 2.300000 -2.030000 5.200000
v 2.300000 -2.030000 5.600000
v 2.300000 -2.030000 6.000000
v 2.300000 -2.030000 6.400001
v 2.300000 -2.030000 6.800001
v 2.300000 -2.030000 7.200001
v 2.300000 -2.030000 7.600000
v 2.300000 -2.030000 8.000000
v 2.300000 -2.030000 8.400000
v 2.300000 -2.030000 8.799999
v 2.300000 -2.030000 9.199999
v 2.300000 -2.030000 9.599998
v 2.300000 -2.030000 9.999998
v 2.300000 -2.030000 10.399998
v 2.300000 -2.030000 10.799998
v 2.300000 -2.030000 11.199999
v 2.300000 -2.030000 11.599998
v 2.300000 -2.030000 11.999998
v 2.300000 -1.830000 3.600000
v 2.300000 -1.830000 4.000000
v 2.300000 -1.830000 4.400000
v 2.300000 -1.830000 4.800000
v 2.300000 -1.830000 5.200000
v 2.300000 -1.830000 5.600000
v 2.300000 -1.830000 6.000000
v 2.300000 -1.830000 6.400001
v 2.300000 -1.830000 6.800001
v 2.300000 -1.830000 7.200001
v 2.300000 -1.830000 7.600000
v 2.300000 -1.830000 8.000000
v 2.300000 -1.830000 8.400000
v 2.300000 -1.830000 8.799999
v 2.300000 -1.830000 9.199999
v 2.300000 -1.830000 9.599998
v 2.300000 -1.830000 9.999998
v 2.300000 -1.830000 10.399998
v 2.300000 -1.830000 10.799998
v 2.300000 -1.830000 11.199999
v 2.300000 -1.830000 11.599998
v 2.300000 -1.830000 11.999998
v 2.299998 1.830000 11.999999
v 2.299998 1.830000 11.599999
v 2.299998 1.830000 11.200000
v 2.299998 1.830000 10.800000
v 2.299998 1.830000 10.400001
v 2.299998 1.830000 10.000001
v 2.299998 1.830000 9.600001
v 2.299998 1.830000 9.200001
v 2.299998 1.830000 8.800001
v 2.299998 1.830000 8.400001
v 2.299998 1.830000 8.000001
v 2.299998 1.830000 7.600001
v 2.299998 1.830000 7.200001
v 2.299998 1.830000 6.800001
v 2.299998 1.830000 6.400001
v 2.299998 1.830000 6.000000
v 2.299998 1.830000 5.600000
v 2.299998 1.830000 5.200000
v 2.299998 1.830000 4.800000
v 2.299998 1.830000 4.400000
v 2.299998 1.830000 4.000000
v 2.299998 1.830000 3.600000
v -2.030000 -2.299998 3.200000
v 2.030000 -2.299999 3.200000
v -2.030000 -2.299998 12.399999
v 2.030000 -2.299999 12.399999
v -2.030000 -2.299998 3.600000
v -2.030000 -2.299998 4.000000
v -2.030000 -2.299998 4.400000
v -2.030000 -2.299998 4.800000
v -2.030000 -2.299998 5.200000
v -2.030000 -2.299998 5.600000
v -2.030000 -2.299998 6.000000
v -2.030000 -2.299998 6.400001
v -2.030000 -2.299998 6.800001
v -2.030000 -2.299998 7.200001
v -2.030000 -2.299998 7.600000
v -2.030000 -2.299998 8.000000
v -2.030000 -2.299998 8.400000
v -2.030000 -2.299998 8.799999
v -2.030000 -2.299998 9.199999
v -2.030000 -2.299998 9.599998
v -2.030000 -2.299998 9.999998
v -2.030000 -2.299998 10.399998
v -2.030000 -2.299998 10.799998
v -2.030000 -2.299998 11.199999
v -2.030000 -2.299998 11.599998
v -2.030000 -2.299998 11.999998
v 2.030000 -2.299999 11.999999
v 2.030000 -2.299999 11.599999
v 2.030000 -2.299999 11.200000
v 2.030000 -2.299999 10.800000
v 2.030000 -2.299999 10.400001
v 2.030000 -2.299999 10.000001
v 2.030000 -2.299999 9.600001
v 2.030000 -2.299999 9.200001
v 2.030000 -2.299999 8.800001
v 2.030000 -2.299999 8.400001
v 2.030000 -2.299999 8.000001
v 2.030000 -2.299999 7.600001
v 2.030000 -2.299999 7.200001
v 2.030000 -2.299999 6.800001
v 2.030000 -2.299999 6.400001
v 2.030000 -2.299999 6.000000
v 2.030000 -2.299999 5.600000
v 2.030000 -2.299999 5.200000
v 2.030000 -2.299999 4.800000
v 2.030000 -2.299999 4.400000
v 2.030000 -2.299999 4.000000
v 2.030000 -2.299999 3.600000
v -1.830001 -2.299998 3.600000
v -1.830001 -2.299998 4.000000
v -1.830001 -2.299998 4.400000
v -1.830001 -2.299998 4.800000
v -1.830001 -2.299998 5.200000
v -1.830001 -2.299998 5.600000
v -1.830001 -2.299998 6.000000
v -1.830001 -2.299998 6.400001
v -1.830001 -2.299998 6.800001
v -1.830001 -2.299998 7.200001
v -1.830001 -2.299998 7.600000
v -1.830001 -2.299998 8.000000
v -1.830001 -2.299998 8.400000
v -1.830001 -2.299998 8.799999
v -1.830001 -2.299998 9.199999
v -1.830001 -2.299998 9.599998
v -1.830001 -2.299998 9.999998
v -1.830001 -2.299998 10.399998
v -1.830001 -2.299998 10.799998
v -1.830001 -2.299998 11.199999
v -1.830001 -2.299998 11.599998
v -1.830001 -2.299998 11.999998
v 1.830001 -2.299999 11.999999
v 1.830001 -2.299999 11.599999
v 1.830001 -2.299999 11.200000
v 1.830001 -2.299999 10.800000
v 1.830001 -2.299999 10.400001
v 1.830001 -2.299999 10.000001
v 1.830001 -2.299999 9.600001
v 1.830001 -2.299999 9.200001
v 1.830001 -2.299999 8.800001
v 1.830001 -2.299999 8.400001
v 1.830001 -2.299999 8.000001
v 1.830001 -2.299999 7.600001
v 1.830001 -2.299999 7.200001
v 1.830001 -2.299999 6.800001
v 1.830001 -2.299999 6.400001
v 1.830001 -2.299999 6.000000
v 1.830001 -2.299999 5.600000
v 1.830001 -2.299999 5.200000
v 1.830001 -2.299999 4.800000
v 1.830001 -2.299999 4.400000
v 1.830001 -2.299999 4.000000
v 1.830001 -2.299999 3.600000
v -2.400000 -0.579997 -0.200000
v -2.400001 0.580002 -0.200000
v -2.400001 0.430002 -0.200000
v -2.400000 -0.429998 -0.200000
v -2.450000 -0.579997 -0.200000
v -2.450001 0.580002 -0.200000
v -2.450001 0.430002 -0.200000
v -2.450000 -0.429998 -0.200000
vt 0.422483 0.195524
vt 0.422483 0.121833
vt 0.439621 0.121833
vt 0.439621 0.195524
vt 0.465573 0.210407
vt 0.465573 0.132818
vt 0.443018 0.132818
vt 0.443018 0.210407
vt 0.007882 0.085953
vt 0.419179 0.085952
vt 0.410610 0.098070
vt 0.016450 0.098071
vt 0.311366 0.228665
vt 0.306225 0.239402
vt 0.415904 0.239402
vt 0.410763 0.228665
vt 0.023758 0.275710
vt 0.404211 0.275710
vt 0.379719 0.332859
vt 0.048251 0.332859
vt 0.410225 0.255011
vt 0.284939 0.255011
vt 0.288235 0.263254
vt 0.410225 0.263254
vt 0.416383 0.239293
vt 0.269001 0.239293
vt 0.263860 0.228557
vt 0.411242 0.228557
vt 0.160813 0.246427
vt 0.160813 0.254670
vt 0.143504 0.254670
vt 0.143504 0.246427
vt 0.160813 0.263547
vt 0.140207 0.263547
vt 0.284995 0.254796
vt 0.143222 0.254795
vt 0.139924 0.263673
vt 0.288291 0.263673
vt 0.284995 0.246554
vt 0.143222 0.246553
vt 0.400231 0.228599
vt 0.405280 0.239351
vt 0.416281 0.239433
vt 0.411231 0.228682
vt 0.023699 0.275669
vt 0.023699 0.332818
vt 0.048192 0.332818
vt 0.292119 0.239752
vt 0.271501 0.246726
vt 0.271501 0.232396
vt 0.291557 0.225104
vt 0.154816 0.246726
vt 0.134573 0.239846
vt 0.134761 0.225104
vt 0.154816 0.232396
vt 0.148074 0.263724
vt 0.018231 0.263724
vt 0.023236 0.269861
vt 0.263933 0.104261
vt 0.411315 0.104260
vt 0.411315 0.223365
vt 0.263933 0.223365
vt 0.284784 0.246721
vt 0.410072 0.246721
vt 0.410072 0.254963
vt 0.284784 0.254963
vt 0.411232 0.104230
vt 0.263850 0.104230
vt 0.263850 0.223335
vt 0.411232 0.223335
vt 0.411003 0.246473
vt 0.271564 0.246730
vt 0.292061 0.239891
vt 0.417569 0.239891
vt 0.267439 0.254799
vt 0.267439 0.246556
vt 0.284748 0.246556
vt 0.284748 0.254799
vt 0.267439 0.263676
vt 0.288045 0.263676
vt 0.419196 0.085936
vt 0.007898 0.085936
vt 0.023682 0.275650
vt 0.404474 0.332572
vt 0.429560 0.332572
vt 0.429560 0.366020
vt 0.404474 0.366020
vt 0.410593 0.255161
vt 0.018258 0.255160
vt 0.018258 0.263402
vt 0.410593 0.263404
vt 0.404135 0.275650
vt 0.379642 0.332800
vt 0.404135 0.332800
vt 0.429501 0.223940
vt 0.424990 0.089511
vt 0.415968 0.098533
vt 0.415968 0.223940
vt 0.023901 0.269781
vt 0.405902 0.269827
vt 0.411178 0.263797
vt 0.017953 0.263419
vt 0.288239 0.245849
vt 0.148176 0.245849
vt 0.147799 0.263793
vt 0.287862 0.263793
vt 0.017185 0.104297
vt 0.017185 0.223401
vt 0.018210 0.246766
vt 0.410621 0.246857
vt 0.016602 0.239888
vt 0.017126 0.104315
vt 0.017126 0.223420
vt 0.018057 0.255033
vt 0.410392 0.255035
vt 0.410393 0.246792
vt 0.018057 0.246790
vt 0.048204 0.332893
vt 0.023712 0.332893
vt 0.411554 0.263438
vt 0.023987 0.269414
vt 0.405532 0.269460
vt 0.018057 0.263277
vt 0.410392 0.263277
vt 0.411145 0.264010
vt 0.017877 0.263255
vt 0.024194 0.269605
vt 0.405504 0.269651
vt 0.410714 0.246648
vt 0.018276 0.246739
vt 0.011309 0.239770
vt 0.412317 0.239769
vt 0.016448 0.098070
vt 0.018207 0.246723
vt 0.410613 0.246814
vt 0.417582 0.239845
vt 0.011729 0.239751
vt 0.268745 0.239325
vt 0.416127 0.239325
vt 0.410986 0.228588
vt 0.263604 0.228588
vt 0.404212 0.332859
vt 0.379225 0.332709
vt 0.404311 0.332708
vt 0.404311 0.366156
vt 0.379226 0.366157
vt 0.379231 0.332614
vt 0.404317 0.332614
vt 0.404318 0.366062
vt 0.379231 0.366062
vt 0.379321 0.332742
vt 0.404407 0.332742
vt 0.404406 0.366190
vt 0.379321 0.366190
vt 0.379326 0.332619
vt 0.404412 0.332618
vt 0.404413 0.366066
vt 0.379327 0.366067
vt 0.429403 0.332614
vt 0.429404 0.366062
vt 0.429492 0.332742
vt 0.429492 0.366190
vt 0.429397 0.332709
vt 0.429397 0.366157
vt 0.429498 0.332617
vt 0.429499 0.366066
vt 0.461656 0.758735
vt 0.024451 0.758733
vt 0.016444 0.766741
vt 0.469662 0.766741
vt 0.024534 0.758306
vt 0.461733 0.758306
vt 0.469741 0.766313
vt 0.016527 0.766313
vt 0.018119 0.791117
vt 0.469927 0.790243
vt 0.478048 0.798371
vt 0.010059 0.798209
vt 0.476802 0.807702
vt 0.008812 0.807702
vt 0.033357 0.832247
vt 0.452257 0.832247
vt 0.047954 0.332775
vt 0.047913 0.338564
vt 0.379607 0.338564
vt 0.023445 0.332775
vt 0.023445 0.308266
vt 0.379543 0.332779
vt 0.404053 0.308269
vt 0.429605 0.399707
vt 0.404519 0.399707
vt 0.404519 0.366259
vt 0.429605 0.366259
vt 0.379356 0.332734
vt 0.379356 0.366182
vt 0.429421 0.399657
vt 0.404335 0.399657
vt 0.404328 0.399545
vt 0.379243 0.399545
vt 0.404469 0.332709
vt 0.404469 0.366156
vt 0.429650 0.399612
vt 0.404564 0.399612
vt 0.404564 0.366164
vt 0.429650 0.366164
vt 0.379210 0.332760
vt 0.404296 0.332760
vt 0.429542 0.399563
vt 0.404456 0.399563
vt 0.404456 0.366115
vt 0.404437 0.399563
vt 0.429425 0.399636
vt 0.404340 0.399636
vt 0.429560 0.366234
vt 0.404474 0.332786
vt 0.429560 0.332786
vt 0.429542 0.399652
vt 0.429412 0.366032
vt 0.404326 0.366032
vt 0.429373 0.399512
vt 0.429516 0.366036
vt 0.404430 0.366036
vt 0.429340 0.332760
vt 0.429341 0.366208
vt 0.379433 0.399707
vt 0.379433 0.366259
vt 0.379250 0.399657
vt 0.429555 0.332708
vt 0.379479 0.399612
vt 0.379479 0.366164
vt 0.429382 0.332760
vt 0.379370 0.399563
vt 0.379370 0.366115
vt 0.379254 0.399636
vt 0.379389 0.332786
vt 0.379240 0.366032
vt 0.379344 0.366036
vt 0.379388 0.332572
vt 0.379388 0.366020
vt 0.429590 0.399575
vt 0.429591 0.366127
vt 0.404378 0.399458
vt 0.379292 0.399457
vt 0.379273 0.332825
vt 0.404359 0.332825
vt 0.404359 0.366273
vt 0.379273 0.366273
vt 0.404375 0.399673
vt 0.379289 0.399674
vt 0.404562 0.366127
vt 0.379222 0.399584
vt 0.404558 0.399707
vt 0.404558 0.366259
vt 0.429465 0.399458
vt 0.429445 0.366273
vt 0.379451 0.366129
vt 0.379472 0.399707
vt 0.379472 0.366260
vt 0.404250 0.332750
vt 0.429513 0.332760
vt 0.429336 0.332749
vt 0.404335 0.399420
vt 0.379249 0.399420
vt 0.429421 0.399420
vt 0.446328 0.366259
vt 0.446329 0.399707
vt 0.446145 0.366209
vt 0.446145 0.399657
vt 0.362519 0.399545
vt 0.362519 0.366097
vt 0.446374 0.366164
vt 0.446374 0.399611
vt 0.446266 0.366115
vt 0.446265 0.399563
vt 0.446247 0.366115
vt 0.446247 0.399563
vt 0.446149 0.399636
vt 0.446266 0.366204
vt 0.446097 0.366064
vt 0.446097 0.399512
vt 0.362748 0.399707
vt 0.362748 0.366260
vt 0.362697 0.399612
vt 0.362697 0.366164
vt 0.362752 0.399575
vt 0.362752 0.366127
vt 0.362727 0.366129
vt 0.446185 0.366226
vt 0.446185 0.399673
vt 0.446189 0.366010
vt 0.446189 0.399458
vt 0.362526 0.399658
vt 0.362526 0.366210
vt 0.446368 0.366259
vt 0.446368 0.399707
vt 0.362569 0.399457
vt 0.362569 0.366010
vt 0.362646 0.399653
vt 0.362646 0.366205
vt 0.362530 0.399636
vt 0.362628 0.399564
vt 0.362627 0.366116
vt 0.446372 0.366127
vt 0.362755 0.366163
vt 0.362524 0.399424
vt 0.362534 0.365976
vt 0.446145 0.365974
vt 0.446144 0.399421
vt 0.429395 0.363628
vt 0.446120 0.363626
vt 0.431991 0.332654
vt 0.431991 0.366102
vt 0.429605 0.363751
vt 0.446328 0.363751
vt 0.432111 0.332605
vt 0.432111 0.366053
vt 0.362694 0.363619
vt 0.379418 0.363618
vt 0.446266 0.402161
vt 0.429542 0.402161
vt 0.360188 0.399612
vt 0.360188 0.366164
vt 0.448775 0.366115
vt 0.448774 0.399563
vt 0.429461 0.363717
vt 0.446185 0.363717
vt 0.429383 0.363701
vt 0.446107 0.363700
vt 0.376731 0.366097
vt 0.376731 0.332649
vt 0.376874 0.366157
vt 0.376874 0.332709
vt 0.448697 0.366009
vt 0.448698 0.399458
vt 0.446145 0.402166
vt 0.429421 0.402166
vt 0.379418 0.402084
vt 0.362694 0.402084
vt 0.446266 0.363696
vt 0.410072 0.263206
vt 0.288081 0.263206
vt 0.376767 0.366120
vt 0.376767 0.332671
vt 0.360239 0.399707
vt 0.360240 0.366260
vt 0.448615 0.366209
vt 0.448615 0.399657
vt 0.432025 0.332588
vt 0.432025 0.366036
vt 0.362507 0.363555
vt 0.379231 0.363555
vt 0.446265 0.402072
vt 0.429542 0.402072
vt 0.359998 0.399512
vt 0.359998 0.366064
vt 0.431991 0.366179
vt 0.446097 0.402021
vt 0.429373 0.402021
vt 0.362748 0.363751
vt 0.379472 0.363751
vt 0.448883 0.366164
vt 0.448883 0.399611
vt 0.379231 0.402020
vt 0.362507 0.402020
vt 0.429542 0.363607
vt 0.446266 0.363607
vt 0.376811 0.366183
vt 0.379660 0.332819
vt 0.048151 0.338604
vt 0.376928 0.366044
vt 0.376928 0.332596
vt 0.448693 0.366226
vt 0.448693 0.399673
vt 0.154796 0.246801
vt 0.018414 0.246275
vt 0.011318 0.239741
vt 0.362752 0.363618
vt 0.379476 0.363618
vt 0.379472 0.402216
vt 0.362748 0.402216
vt 0.431920 0.332584
vt 0.431921 0.366032
vt 0.446189 0.401966
vt 0.429465 0.401967
vt 0.446247 0.402072
vt 0.360218 0.366129
vt 0.448606 0.366064
vt 0.448606 0.399512
vt 0.379476 0.402084
vt 0.362752 0.402084
vt 0.379243 0.402053
vt 0.362519 0.402053
vt 0.362697 0.363656
vt 0.379421 0.363656
vt 0.431912 0.366062
vt 0.429465 0.363501
vt 0.446189 0.363501
vt 0.446247 0.363607
vt 0.448775 0.366204
vt 0.448774 0.399652
vt 0.446374 0.402120
vt 0.429650 0.402120
vt 0.448837 0.366259
vt 0.432069 0.332786
vt 0.432069 0.366234
vt 0.379461 0.363655
vt 0.446149 0.402145
vt 0.429425 0.402145
vt 0.448658 0.399636
vt 0.429650 0.363655
vt 0.446374 0.363655
vt 0.376701 0.366208
vt 0.376702 0.332760
vt 0.431954 0.332825
vt 0.431954 0.366273
vt 0.429605 0.402216
vt 0.448629 0.399586
vt 0.376817 0.332620
vt 0.163808 0.085975
vt 0.163808 0.008857
vt 0.007857 0.008857
vt 0.446185 0.402182
vt 0.404153 0.332819
vt 0.376765 0.366273
vt 0.376765 0.332825
vt 0.429593 0.363655
vt 0.431844 0.332749
vt 0.431845 0.366197
vt 0.379265 0.363622
vt 0.448877 0.366259
vt 0.448877 0.399707
vt 0.379253 0.402087
vt 0.429648 0.402084
vt 0.360060 0.399457
vt 0.360061 0.366010
vt 0.048133 0.338584
vt 0.429648 0.363618
vt 0.446372 0.363618
vt 0.360021 0.399572
vt 0.362627 0.363696
vt 0.379289 0.363717
vt 0.446368 0.402216
vt 0.432117 0.366044
vt 0.432068 0.332704
vt 0.362566 0.363601
vt 0.360057 0.399558
vt 0.360057 0.366110
vt 0.379352 0.402161
vt 0.362628 0.402161
vt 0.360128 0.399668
vt 0.360128 0.366221
vt 0.379289 0.402183
vt 0.446368 0.363751
vt 0.431877 0.332704
vt 0.431876 0.366152
vt 0.362565 0.402066
vt 0.448746 0.366076
vt 0.448881 0.366127
vt 0.362569 0.363501
vt 0.379293 0.363501
vt 0.376921 0.366054
vt 0.362771 0.363660
vt 0.360263 0.399616
vt 0.360262 0.366168
vt 0.379292 0.401966
vt 0.362569 0.401966
vt 0.446144 0.401930
vt 0.429420 0.401929
vt 0.429430 0.363488
vt 0.360015 0.366152
vt 0.446145 0.363465
vt 0.448653 0.399421
vt 0.376688 0.332704
vt 0.379714 0.338678
vt 0.048246 0.338679
vt 0.376952 0.366207
vt 0.376951 0.332760
vt 0.360015 0.399423
vt 0.360026 0.365976
vt 0.379211 0.402166
vt 0.362487 0.402166
vt 0.362524 0.363464
vt 0.379249 0.363463
vt 0.379433 0.363751
vt 0.359978 0.399658
vt 0.376874 0.332759
vt 0.431849 0.332760
vt 0.379249 0.401929
vt 0.362526 0.401930
vt 0.431890 0.332760
vt 0.362530 0.363680
vt 0.379250 0.363701
vt 0.376731 0.366032
vt 0.379760 0.338645
vt 0.048292 0.338645
vt 0.376835 0.366036
vt 0.047847 0.332779
vt 0.047806 0.338568
vt 0.379502 0.338568
vt 0.403994 0.332861
vt 0.379484 0.332861
vt 0.403994 0.308352
vt 0.047789 0.332862
vt 0.379526 0.338650
vt 0.047830 0.338650
vt 0.023279 0.332762
vt 0.023279 0.308252
vt 0.056307 0.713017
vt 0.429447 0.713016
vt 0.461477 0.758312
vt 0.024277 0.758313
vt 0.056114 0.713104
vt 0.429255 0.713104
vt 0.461285 0.758400
vt 0.024085 0.758401
vt 0.403994 0.308252
vt 0.009452 0.807163
vt 0.477443 0.807325
vt 0.452889 0.831862
vt 0.033988 0.831716
vt 0.404159 0.308266
vt 0.056118 0.712973
vt 0.429260 0.712972
vt 0.461289 0.758268
vt 0.024089 0.758269
vt 0.023279 0.308352
vt 0.016444 0.790763
vt 0.469662 0.790763
vt 0.469229 0.766619
vt 0.016020 0.766619
vt 0.016020 0.790641
vt 0.469229 0.790641
vt 0.477861 0.807318
vt 0.009871 0.807422
vt 0.034422 0.831961
vt 0.453321 0.831869
vt 0.469276 0.790968
vt 0.016990 0.791409
vt 0.008865 0.799534
vt 0.476855 0.799535
vt 0.469837 0.790224
vt 0.018046 0.791127
vt 0.009923 0.799254
vt 0.477913 0.799151
vt 0.403994 0.332762
vt 0.009401 0.798996
vt 0.477393 0.799157
vt 0.469741 0.790335
vt 0.016527 0.790335
vt 0.016444 0.766835
vt 0.469652 0.766835
vt 0.469652 0.790857
vt 0.016444 0.790857
vt 0.017065 0.791365
vt 0.461220 0.758611
vt 0.024028 0.758612
vt 0.010109 0.806377
vt 0.478099 0.806539
vt 0.453546 0.831075
vt 0.034646 0.830931
vt 0.023279 0.332862
vt 0.024452 0.758826
vt 0.461645 0.758828
vt 0.018320 0.263484
vt 0.410656 0.263484
vt 0.410656 0.255242
vt 0.023758 0.332859
vt 0.007882 0.008834
vt 0.419179 0.008834
vt 0.410656 0.247000
vt 0.018320 0.246998
vt 0.018258 0.246917
vt 0.410225 0.246769
vt 0.284939 0.246768
vt 0.017317 0.228781
vt 0.411474 0.228781
vt 0.416615 0.239517
vt 0.012176 0.239517
vt 0.416613 0.239572
vt 0.012183 0.239572
vt 0.465571 0.026360
vt 0.447527 0.026360
vt 0.411048 0.228725
vt 0.416203 0.239527
vt 0.405118 0.239513
vt 0.399963 0.228711
vt 0.410848 0.264500
vt 0.287517 0.263869
vt 0.405821 0.269861
vt 0.456758 0.121833
vt 0.456758 0.195524
vt 0.263213 0.085917
vt 0.410594 0.098035
vt 0.263213 0.098035
vt 0.163853 0.085948
vt 0.163853 0.098066
vt 0.163853 0.008829
vt 0.443034 0.008311
vt 0.429502 0.008311
vt 0.442936 0.210401
vt 0.442936 0.132812
vt 0.429403 0.119279
vt 0.429403 0.223934
vt 0.424990 0.008317
vt 0.447527 0.008318
usemtl Exterior_Mat
s off
f 116/139 119/140 123/141 120/142
f 118/143 117/144 121/145 122/146
f 135/147 133/148 142/149 143/150
f 124/151 154/152 155/153 125/154
f 181/155 183/156 195/157 190/158
f 165/159 178/160 172/161 161/162
f 145/163 147/164 151/165 136/166
f 173/167 179/168 177/169 168/170
f 179/168 186/171 158/172 177/169
f 175/173 177/174 158/175 167/176
f 162/177 168/178 177/174 175/173
f 144/179 125/180 155/181 156/182
f 181/183 188/184 185/185
f 171/186 156/187 155/188 162/189
f 136/190 173/191 168/192 154/193
f 186/194 163/195 181/196
f 139/197 141/198 147/199 145/200
f 173/201 157/202 176/203 179/204
f 140/205 138/206 144/207 146/208
f 150/209 156/210 171/211 137/212
f 178/213 171/214 162/215 175/216
f 172/217 178/213 175/216 167/218
f 140/150 142/149 133/219 129/220
f 180/221 189/184 191/185
f 189/222 187/223 343/224 321/225
f 166/226 165/227 161/228 169/229
f 182/230 192/231 184/232
f 124/233 127/234 139/235 145/236
f 180/237 182/238 169/239 161/240
f 167/241 158/242 186/243 172/244
f 182/230 180/221 191/185 192/231
f 142/198 140/245 146/246 148/199
f 153/247 152/248 159/212 160/249
f 141/250 143/198 149/199 147/251
f 164/252 166/253 169/254 170/255
f 143/250 142/198 148/199 149/251
f 183/183 194/256 174/257
f 183/183 182/156 193/157 194/256
f 163/258 170/240 183/259 181/260
f 160/261 159/262 166/253 164/252
f 170/263 169/264 182/265 183/266
f 152/267 150/268 137/269 159/270
f 131/147 135/148 143/149 141/271
f 151/272 153/273 160/274 157/275
f 146/276 144/277 156/278 150/279
f 183/156 174/280 195/157
f 365/281 408/282 197/283 205/284
f 299/285 342/286 199/287 202/288
f 431/289 474/290 196/291 207/292
f 233/293 276/294 198/295 200/296
f 342/286 364/297 203/298 199/287
f 474/290 496/299 206/300 196/291
f 408/282 430/301 204/302 197/283
f 276/294 298/303 201/304 198/295
f 215/305 213/306 217/307 219/308
f 214/309 215/310 219/311 218/312
f 222/313 223/314 226/315 227/316
f 230/317 229/318 113/319 115/320
f 205/231 206/321 860/322 859/323
f 196/324 206/321 208/325
f 207/326 196/232 208/327
f 254/328 255/329 256/330 253/331
f 253/332 256/290 257/291 252/333
f 252/334 257/335 258/283 251/302
f 251/289 258/290 259/291 250/292
f 250/288 259/287 260/336 249/337
f 249/332 260/338 261/339 248/333
f 248/340 261/341 262/342 247/343
f 247/344 262/345 263/283 246/284
f 246/334 263/335 264/283 245/302
f 245/304 264/295 265/294 244/303
f 244/346 265/347 266/348 243/304
f 243/304 266/295 267/290 242/299
f 242/346 267/349 268/295 241/304
f 241/304 268/295 269/290 240/299
f 240/350 269/351 270/283 239/302
f 239/352 270/339 271/353 238/354
f 238/355 271/329 272/339 237/300
f 237/356 272/357 273/286 236/297
f 236/358 273/336 274/287 235/298
f 235/359 274/360 275/294 234/303
f 234/288 275/287 276/336 233/337
f 188/345 190/361 277/362 255/283
f 255/329 277/363 278/364 256/330
f 256/290 278/299 279/300 257/291
f 257/335 279/365 280/284 258/283
f 258/290 280/299 281/300 259/291
f 259/287 281/298 282/358 260/336
f 260/338 282/366 283/352 261/339
f 261/341 283/367 284/368 262/342
f 262/345 284/369 285/302 263/283
f 263/335 285/365 286/284 264/283
f 264/295 286/296 287/293 265/294
f 265/347 287/370 288/371 266/348
f 266/295 288/296 289/289 267/290
f 267/349 289/370 290/371 268/295
f 268/295 290/296 291/289 269/290
f 269/351 291/372 292/292 270/283
f 270/339 292/333 293/373 271/353
f 271/329 293/363 294/333 272/339
f 272/357 294/374 295/285 273/286
f 273/336 295/337 296/288 274/287
f 274/360 296/375 297/293 275/294
f 275/287 297/298 298/358 276/336
f 191/376 189/222 321/225 320/377
f 320/378 321/347 322/348 319/379
f 319/376 322/222 323/348 318/371
f 318/378 323/347 324/339 317/352
f 317/289 324/290 325/291 316/292
f 316/375 325/360 326/380 315/381
f 315/289 326/290 327/291 314/292
f 314/358 327/336 328/287 313/298
f 313/382 328/383 329/384 312/385
f 312/292 329/291 330/386 311/387
f 311/298 330/287 331/286 310/297
f 310/378 331/347 332/348 309/379
f 309/224 332/225 333/222 308/223
f 308/378 333/341 334/388 307/379
f 307/300 334/291 335/290 306/299
f 306/333 335/291 336/386 305/363
f 305/304 336/295 337/290 304/299
f 304/288 337/287 338/351 303/389
f 303/298 338/295 339/290 302/301
f 302/378 339/347 340/339 301/352
f 301/300 340/291 341/290 300/299
f 300/328 341/390 342/391 299/331
f 321/347 343/370 344/371 322/348
f 322/222 344/223 345/379 323/348
f 323/347 345/367 346/368 324/339
f 324/290 346/299 347/300 325/291
f 325/360 347/359 348/392 326/380
f 326/290 348/299 349/300 327/291
f 327/336 349/337 350/288 328/287
f 328/383 350/369 351/393 329/384
f 329/291 351/300 352/355 330/386
f 330/287 352/288 353/285 331/286
f 331/347 353/367 354/394 332/348
f 332/225 354/377 355/376 333/222
f 333/341 355/367 356/394 334/388
f 334/291 356/292 357/289 335/290
f 335/291 357/300 358/355 336/386
f 336/295 358/296 359/289 337/290
f 337/287 359/298 360/350 338/351
f 338/295 360/296 361/289 339/290
f 339/347 361/370 362/333 340/339
f 340/291 362/292 363/289 341/290
f 341/390 363/395 364/396 342/391
f 193/289 184/290 387/291 386/292
f 386/378 387/347 388/339 385/352
f 385/382 388/383 389/291 384/292
f 384/284 389/283 390/351 383/389
f 383/332 390/338 391/339 382/333
f 382/378 391/347 392/348 381/379
f 381/382 392/383 393/291 380/292
f 380/355 393/386 394/291 379/300
f 379/344 394/397 395/283 378/284
f 378/378 395/347 396/339 377/352
f 377/326 396/353 397/339 376/368
f 376/378 397/347 398/348 375/379
f 375/281 398/282 399/283 374/284
f 374/350 399/351 400/295 373/298
f 373/332 400/338 401/348 372/371
f 372/346 401/349 402/295 371/304
f 371/289 402/290 403/291 370/292
f 370/296 403/295 404/380 369/381
f 369/289 404/290 405/295 368/296
f 368/355 405/386 406/291 367/300
f 367/382 406/383 407/291 366/292
f 366/340 407/341 408/342 365/343
f 184/290 192/299 409/300 387/291
f 387/347 409/370 410/333 388/339
f 388/383 410/369 411/302 389/291
f 389/283 411/302 412/350 390/351
f 390/338 412/366 413/352 391/339
f 391/347 413/367 414/394 392/348
f 392/383 414/398 415/300 393/291
f 393/386 415/363 416/333 394/291
f 394/397 416/399 417/362 395/283
f 395/347 417/367 418/368 396/339
f 396/353 418/354 419/352 397/339
f 397/347 419/370 420/371 398/348
f 398/282 420/301 421/302 399/283
f 399/351 421/372 422/296 400/295
f 400/338 422/366 423/379 401/348
f 401/349 423/372 424/296 402/295
f 402/290 424/299 425/300 403/291
f 403/295 425/304 426/392 404/380
f 404/290 426/299 427/304 405/295
f 405/386 427/387 428/292 406/291
f 406/383 428/398 429/300 407/291
f 407/341 429/367 430/368 408/342
f 195/289 174/290 453/291 452/292
f 452/355 453/386 454/339 451/300
f 451/332 454/338 455/339 450/333
f 450/368 455/342 456/341 449/367
f 449/289 456/290 457/291 448/292
f 448/371 457/348 458/347 447/370
f 447/281 458/282 459/287 446/288
f 446/288 459/287 460/336 445/337
f 445/376 460/222 461/348 444/371
f 444/394 461/388 462/341 443/367
f 443/289 462/290 463/295 442/296
f 442/355 463/386 464/291 441/300
f 441/373 464/353 465/339 440/333
f 440/374 465/357 466/400 439/401
f 439/289 466/290 467/295 438/296
f 438/355 467/386 468/291 437/300
f 437/289 468/290 469/295 436/296
f 436/355 469/386 470/291 435/300
f 435/289 470/290 471/291 434/292
f 434/288 471/287 472/336 433/337
f 433/332 472/338 473/348 432/371
f 432/375 473/357 474/400 431/401
f 174/290 194/299 475/300 453/291
f 453/386 475/363 476/333 454/339
f 454/338 476/366 477/352 455/339
f 455/342 477/343 478/340 456/341
f 456/290 478/299 479/300 457/291
f 457/348 479/379 480/378 458/347
f 458/282 480/301 481/298 459/287
f 459/287 481/298 482/358 460/336
f 460/222 482/223 483/379 461/348
f 461/388 483/379 484/378 462/341
f 462/290 484/299 485/304 463/295
f 463/386 485/387 486/292 464/291
f 464/353 486/354 487/352 465/339
f 465/357 487/356 488/402 466/400
f 466/290 488/299 489/304 467/295
f 467/386 489/387 490/292 468/291
f 468/290 490/299 491/304 469/295
f 469/386 491/387 492/292 470/291
f 470/290 492/299 493/300 471/291
f 471/287 493/298 494/358 472/336
f 472/338 494/366 495/379 473/348
f 473/357 495/356 496/402 474/400
f 254/328 253/331 517/403 518/404
f 252/334 251/302 515/405 516/406
f 250/288 249/337 513/407 514/408
f 248/340 247/343 511/409 512/410
f 246/334 245/302 509/405 510/406
f 244/346 243/304 507/411 508/412
f 242/346 241/304 505/413 506/414
f 240/350 239/302 503/405 504/415
f 238/355 237/300 501/416 502/404
f 236/358 235/298 499/417 500/418
f 234/288 233/337 497/407 498/408
f 364/396 363/395 539/419 540/420
f 362/333 361/370 537/421 538/422
f 360/350 359/298 535/417 536/415
f 358/355 357/300 533/416 534/404
f 356/394 355/367 531/423 532/424
f 354/394 353/367 529/421 530/425
f 352/355 351/300 527/426 528/427
f 350/288 349/337 525/407 526/408
f 348/392 347/359 523/428 524/429
f 346/368 345/367 521/421 522/422
f 344/371 343/370 519/421 520/425
f 280/284 279/365 543/430 544/431
f 302/378 301/352 565/416 566/412
f 278/364 277/363 541/419 542/420
f 300/328 299/331 563/432 564/433
f 320/378 319/379 583/411 584/412
f 298/358 297/298 561/417 562/418
f 318/378 317/352 581/409 582/410
f 296/288 295/337 559/407 560/408
f 316/375 315/381 579/434 580/435
f 294/333 293/363 557/436 558/437
f 314/358 313/298 577/417 578/418
f 292/292 291/372 555/438 556/431
f 312/292 311/387 575/436 576/437
f 290/371 289/370 553/439 554/440
f 310/378 309/379 573/411 574/412
f 288/371 287/370 551/439 552/440
f 286/284 285/365 549/430 550/431
f 308/378 307/379 571/441 572/410
f 284/368 283/367 547/423 548/442
f 306/333 305/363 569/436 570/437
f 282/358 281/298 545/417 546/418
f 304/288 303/389 567/438 568/408
f 412/350 411/302 587/405 588/415
f 434/288 433/337 609/407 610/408
f 410/333 409/370 585/421 586/422
f 432/375 431/401 607/443 608/444
f 452/355 451/300 627/416 628/404
f 430/368 429/367 605/423 606/442
f 450/368 449/367 625/423 626/442
f 428/292 427/387 603/436 604/437
f 448/371 447/370 623/421 624/425
f 426/392 425/304 601/413 602/429
f 446/288 445/337 621/407 622/408
f 424/296 423/372 599/439 600/440
f 444/394 443/367 619/423 620/424
f 422/296 421/372 597/438 598/408
f 442/355 441/300 617/426 618/427
f 420/371 419/370 595/421 596/425
f 418/368 417/367 593/421 594/422
f 440/374 439/401 615/443 616/444
f 416/333 415/363 591/436 592/437
f 438/355 437/300 613/426 614/427
f 414/394 413/367 589/421 590/425
f 436/355 435/300 611/426 612/427
f 496/402 495/356 649/428 650/418
f 494/358 493/298 647/417 648/418
f 492/292 491/387 645/436 646/437
f 490/292 489/387 643/436 644/437
f 488/402 487/356 641/445 642/446
f 486/292 485/387 639/436 640/437
f 484/378 483/379 637/441 638/410
f 482/358 481/298 635/417 636/418
f 480/378 479/379 633/411 634/412
f 478/340 477/343 631/409 632/410
f 476/333 475/363 629/439 630/437
f 386/378 385/352 671/416 672/412
f 384/284 383/389 669/438 670/431
f 382/378 381/379 667/411 668/412
f 380/355 379/300 665/426 666/427
f 378/378 377/352 663/409 664/410
f 376/378 375/379 661/411 662/412
f 374/350 373/298 659/426 660/415
f 372/346 371/304 657/413 658/414
f 370/296 369/381 655/434 656/440
f 368/355 367/300 653/426 654/427
f 366/340 365/343 651/409 652/410
f 535/417 359/298 715/447 759/448
f 241/304 240/299 684/449 685/450
f 517/403 253/331 697/451 741/452
f 345/379 344/223 700/453 701/454
f 344/371 520/425 744/455 700/456
f 238/355 502/404 726/457 682/458
f 538/422 537/421 761/459 762/460
f 508/412 507/411 731/461 732/462
f 527/426 351/300 707/463 751/464
f 509/405 245/302 689/465 733/466
f 353/285 352/288 708/467 709/468
f 249/332 248/333 692/469 693/470
f 524/429 523/428 747/471 748/472
f 358/355 534/404 758/457 714/458
f 252/334 516/406 740/473 696/474
f 519/421 343/370 699/475 743/476
f 501/416 237/300 681/463 725/477
f 179/204 176/203 163/478 186/479
f 361/289 360/296 716/480 717/481
f 540/420 539/419 763/482 764/483
f 510/406 509/405 733/484 734/485
f 235/359 234/303 678/486 679/487
f 350/288 526/408 750/488 706/489
f 244/346 508/412 732/490 688/491
f 526/408 525/407 749/492 750/493
f 533/416 357/300 713/463 757/477
f 243/304 242/299 686/449 687/450
f 515/405 251/302 695/465 739/466
f 347/300 346/299 702/449 703/494
f 236/358 500/418 724/495 680/496
f 364/396 540/420 764/497 720/498
f 512/410 511/409 735/499 736/500
f 525/407 349/337 705/501 749/502
f 507/411 243/304 687/503 731/504
f 251/289 250/292 694/505 695/481
f 187/506 185/185 673/507 674/323
f 355/376 354/377 710/508 711/509
f 528/427 527/426 751/510 752/511
f 136/512 151/513 157/514 173/191
f 498/408 497/407 721/492 722/493
f 356/394 532/424 756/515 712/516
f 250/288 514/408 738/488 694/489
f 499/417 235/298 679/447 723/448
f 363/289 362/292 718/505 719/481
f 539/419 363/395 719/517 763/518
f 237/356 236/297 680/519 681/520
f 514/408 513/407 737/492 738/493
f 348/392 524/429 748/521 704/522
f 242/346 506/414 730/523 686/491
f 530/425 529/421 753/459 754/524
f 500/418 499/417 723/525 724/526
f 531/423 355/367 711/527 755/528
f 513/407 249/337 693/529 737/530
f 349/300 348/299 704/449 705/494
f 245/304 244/303 688/486 689/450
f 234/288 498/408 722/488 678/489
f 362/333 538/422 762/531 718/532
f 516/406 515/405 739/510 740/511
f 203/298 364/297 720/519 676/533
f 523/428 347/359 703/534 747/535
f 505/413 241/304 685/503 729/536
f 253/332 252/333 696/505 697/481
f 357/289 356/292 712/505 713/481
f 532/424 531/423 755/459 756/524
f 502/404 501/416 725/537 726/538
f 354/394 530/425 754/455 710/516
f 248/340 512/410 736/539 692/540
f 497/407 233/337 677/529 721/530
f 537/421 361/370 717/475 761/476
f 518/404 517/403 741/541 742/538
f 239/352 238/354 682/542 683/543
f 346/368 522/422 746/531 702/544
f 240/350 504/415 728/545 684/546
f 534/404 533/416 757/537 758/538
f 504/415 503/405 727/510 728/547
f 529/421 353/367 709/527 753/476
f 511/409 247/343 691/548 735/549
f 247/344 246/284 690/550 691/551
f 351/393 350/369 706/552 707/553
f 520/425 519/421 743/459 744/524
f 360/350 536/415 760/545 716/546
f 254/328 518/404 742/457 698/554
f 521/421 345/367 701/527 745/476
f 503/405 239/302 683/465 727/466
f 359/289 358/296 714/480 715/481
f 536/415 535/417 759/525 760/555
f 233/293 200/296 675/480 677/556
f 127/557 1041/558 130/559 131/147
f 506/414 505/413 729/461 730/462
f 352/355 528/427 752/560 708/458
f 246/334 510/406 734/473 690/474
f 522/422 521/421 745/459 746/460
f 180/156 187/506 189/561
f 605/423 429/367 811/527 855/528
f 313/382 312/385 782/562 783/563
f 565/416 301/352 771/564 815/477
f 417/362 416/399 798/565 799/566
f 422/296 598/408 848/488 804/567
f 589/421 413/367 795/527 839/476
f 410/333 586/422 836/531 792/532
f 578/418 577/417 827/525 828/526
f 601/413 425/304 807/503 851/536
f 594/422 593/421 843/459 844/460
f 425/300 424/299 806/449 807/494
f 299/285 202/288 767/467 769/468
f 564/433 563/432 813/568 814/569
f 597/438 421/372 803/570 847/530
f 585/421 409/370 791/475 835/476
f 308/378 572/410 822/539 778/571
f 580/435 579/434 829/572 830/573
f 411/302 410/369 792/552 793/494
f 307/300 306/299 776/449 777/494
f 596/425 595/421 845/459 846/524
f 318/378 582/410 832/539 788/571
f 192/231 191/185 765/574 766/323
f 566/412 565/416 815/537 816/462
f 304/288 568/408 818/488 774/489
f 419/352 418/354 800/542 801/543
f 315/289 314/292 784/505 785/481
f 314/358 578/418 828/495 784/496
f 571/441 307/379 777/575 821/576
f 582/410 581/409 831/499 832/500
f 598/408 597/438 847/577 848/493
f 581/409 317/352 787/564 831/549
f 427/304 426/299 808/449 809/450
f 416/333 592/437 842/578 798/532
f 310/378 574/412 824/490 780/571
f 301/300 300/299 770/449 771/494
f 568/408 567/438 817/577 818/493
f 428/292 604/437 854/578 810/579
f 567/438 303/389 773/529 817/530
f 300/328 564/433 814/580 770/554
f 577/417 313/298 783/447 827/448
f 309/224 308/223 778/453 779/581
f 584/412 583/411 833/461 834/462
f 413/352 412/366 794/582 795/543
f 424/296 600/440 850/583 806/567
f 600/440 599/439 849/584 850/585
f 591/436 415/363 797/586 841/587
f 412/350 588/415 838/545 794/546
f 573/411 309/379 779/575 823/504
f 570/437 569/436 819/588 820/589
f 603/436 427/387 809/590 853/587
f 586/422 585/421 835/459 836/460
f 563/432 299/331 769/451 813/591
f 421/302 420/301 802/592 803/593
f 317/289 316/292 786/505 787/481
f 420/371 596/425 846/455 802/456
f 599/439 423/372 805/570 849/594
f 602/429 601/413 851/595 852/472
f 429/300 428/398 810/552 811/494
f 587/405 411/302 793/447 837/448
f 303/298 302/301 772/449 773/450
f 572/410 571/441 821/596 822/500
f 588/415 587/405 837/510 838/547
f 320/378 584/412 834/490 790/571
f 595/421 419/370 801/475 845/476
f 306/333 570/437 820/578 776/532
f 415/300 414/398 796/552 797/494
f 311/298 310/297 780/519 781/533
f 604/437 603/436 853/588 854/589
f 316/375 580/435 830/597 786/598
f 574/412 573/411 823/596 824/500
f 191/376 320/377 790/508 765/509
f 590/425 589/421 839/459 840/524
f 319/376 318/371 788/599 789/509
f 583/411 319/379 789/575 833/504
f 423/379 422/366 804/582 805/454
f 418/368 594/422 844/531 800/544
f 312/292 576/437 826/578 782/579
f 430/368 606/442 856/600 812/544
f 569/436 305/363 775/586 819/587
f 204/302 430/301 812/592 768/593
f 302/378 566/412 816/490 772/571
f 606/442 605/423 855/601 856/602
f 579/434 315/381 785/603 829/604
f 414/394 590/425 840/455 796/516
f 305/304 304/299 774/449 775/450
f 576/437 575/436 825/588 826/589
f 409/300 192/299 766/449 791/494
f 426/392 602/429 852/521 808/522
f 592/437 591/436 841/588 842/589
f 593/421 417/367 799/527 843/476
f 575/436 311/387 781/590 825/587
f 668/412 667/411 943/596 944/500
f 638/410 637/441 913/596 914/500
f 370/296 656/440 932/583 866/567
f 374/350 660/415 936/545 870/546
f 488/402 642/446 918/605 896/606
f 654/427 653/426 929/510 930/511
f 477/352 476/366 884/582 885/543
f 373/332 372/371 868/599 869/470
f 667/411 381/379 877/575 943/504
f 649/428 495/356 903/607 925/535
f 480/378 634/412 910/490 888/571
f 670/431 669/438 945/577 946/608
f 381/382 380/292 876/505 877/563
f 640/437 639/436 915/588 916/589
f 485/304 484/299 892/449 893/450
f 655/434 369/381 865/603 931/604
f 659/426 373/298 869/447 935/536
f 641/445 487/356 895/607 917/609
f 656/440 655/434 931/572 932/585
f 380/355 666/427 942/560 876/458
f 494/358 648/418 924/545 902/546
f 493/300 492/299 900/449 901/494
f 633/411 479/379 887/575 909/504
f 367/382 366/292 862/505 863/563
f 672/412 671/416 947/537 948/462
f 642/446 641/445 917/471 918/610
f 368/355 654/427 930/560 864/458
f 372/346 658/414 934/523 868/491
f 486/292 640/437 916/578 894/579
f 658/414 657/413 933/595 934/547
f 479/300 478/299 886/449 887/494
f 375/281 374/284 870/550 871/611
f 665/426 379/300 875/463 941/464
f 647/417 493/298 901/447 923/448
f 478/340 632/410 908/539 886/540
f 386/378 672/412 948/490 882/571
f 487/352 486/354 894/542 895/543
f 383/332 382/333 878/469 879/470
f 644/437 643/436 919/588 920/589
f 653/426 367/300 863/463 929/464
f 657/413 371/304 867/503 933/536
f 639/436 485/387 893/590 915/587
f 194/256 193/157 857/612 858/613
f 660/415 659/426 935/510 936/547
f 630/437 629/439 905/584 906/589
f 378/378 664/410 940/539 874/571
f 492/292 646/437 922/578 900/579
f 495/379 494/366 902/582 903/454
f 631/409 477/343 885/548 907/549
f 193/289 386/292 882/505 857/481
f 369/289 368/296 864/480 865/481
f 671/416 385/352 881/564 947/477
f 646/437 645/436 921/588 922/589
f 366/340 652/410 928/539 862/540
f 484/378 638/410 914/539 892/571
f 662/412 661/411 937/461 938/462
f 377/326 376/368 872/614 873/615
f 632/410 631/409 907/499 908/500
f 481/298 480/301 888/592 889/533
f 663/409 377/352 873/564 939/549
f 645/436 491/387 899/590 921/587
f 476/333 630/437 906/578 884/532
f 384/284 670/431 946/488 880/489
f 385/382 384/292 880/505 881/563
f 648/418 647/417 923/525 924/526
f 489/304 488/299 896/449 897/450
f 651/409 365/343 861/548 927/549
f 637/441 483/379 891/575 913/576
f 664/410 663/409 939/499 940/500
f 634/412 633/411 909/596 910/500
f 206/300 496/299 904/449 860/494
f 376/378 662/412 938/490 872/571
f 490/292 644/437 920/578 898/579
f 629/439 475/363 883/586 905/587
f 371/289 370/292 866/505 867/481
f 475/300 194/299 858/449 883/494
f 669/438 383/389 879/529 945/530
f 650/418 649/428 925/471 926/472
f 482/358 636/418 912/495 890/496
f 666/427 665/426 941/537 942/538
f 636/418 635/417 911/525 912/526
f 483/379 482/223 890/453 891/454
f 379/344 378/284 874/550 875/551
f 661/411 375/379 871/575 937/504
f 643/436 489/387 897/590 919/587
f 652/410 651/409 927/499 928/500
f 382/378 668/412 944/490 878/571
f 496/402 650/418 926/495 904/496
f 491/304 490/299 898/449 899/450
f 635/417 481/298 889/447 911/448
f 365/281 205/284 859/550 861/611
f 282/358 546/418 1002/545 958/546
f 447/281 446/288 990/467 991/611
f 201/304 298/303 974/486 951/450
f 283/352 282/366 958/582 959/543
f 608/444 607/443 1019/616 1020/617
f 294/333 558/437 1014/578 970/532
f 548/442 547/423 1003/459 1004/460
f 549/430 285/365 961/618 1005/619
f 195/289 452/292 996/505 950/481
f 561/417 297/298 973/447 1017/448
f 291/289 290/296 966/480 967/481
f 440/374 616/444 1028/620 984/621
f 624/425 623/421 1035/459 1036/524
f 290/371 554/440 1010/583 966/456
f 433/332 432/371 976/599 977/470
f 450/368 626/442 1038/600 994/544
f 545/417 281/298 957/447 1001/448
f 278/364 542/420 998/497 954/622
f 610/408 609/407 1021/492 1022/493
f 550/431 549/430 1005/623 1006/608
f 557/436 293/363 969/586 1013/587
f 436/355 612/427 1024/560 980/458
f 441/373 440/333 984/469 985/624
f 277/362 190/361 949/625 953/566
f 446/288 622/408 1034/488 990/489
f 615/443 439/401 983/626 1027/627
f 626/442 625/423 1037/459 1038/460
f 553/439 289/370 965/475 1009/594
f 625/423 449/367 993/527 1037/528
f 449/289 448/292 992/505 993/481
f 285/302 284/369 960/628 961/593
f 541/419 277/363 953/586 997/518
f 442/355 618/427 1030/560 986/458
f 612/427 611/426 1023/510 1024/511
f 552/440 551/439 1007/584 1008/585
f 611/426 435/300 979/463 1023/464
f 432/375 608/444 1020/620 976/598
f 621/407 445/337 989/501 1033/502
f 293/373 292/333 968/469 969/624
f 628/404 627/416 1039/537 1040/538
f 435/289 434/292 978/505 979/481
f 617/426 441/300 985/463 1029/464
f 614/427 613/426 1025/510 1026/511
f 554/440 553/439 1009/584 1010/585
f 607/443 431/401 975/626 1019/627
f 284/368 548/442 1004/600 960/544
f 443/289 442/296 986/480 987/481
f 279/300 278/299 954/449 955/494
f 296/288 560/408 1016/488 972/489
f 451/332 450/333 994/469 995/470
f 287/293 286/296 962/480 963/556
f 616/444 615/443 1027/616 1028/617
f 556/431 555/438 1011/577 1012/608
f 292/292 556/431 1012/629 968/579
f 452/355 628/404 1040/457 996/458
f 547/423 283/367 959/527 1003/528
f 280/284 544/431 1000/629 956/630
f 295/285 294/374 970/631 971/468
f 542/420 541/419 997/482 998/483
f 559/407 295/337 971/501 1015/502
f 438/355 614/427 1026/560 982/458
f 288/371 552/440 1008/583 964/456
f 437/289 436/296 980/480 981/481
f 448/371 624/425 1036/455 992/456
f 618/427 617/426 1029/510 1030/511
f 555/438 291/372 967/570 1011/530
f 558/437 557/436 1013/588 1014/589
f 627/416 451/300 995/463 1039/477
f 543/430 279/365 955/618 999/619
f 445/376 444/371 988/599 989/509
f 281/300 280/299 956/449 957/494
f 444/394 620/424 1032/515 988/516
f 544/431 543/430 999/623 1000/608
f 613/426 437/300 981/463 1025/464
f 434/288 610/408 1022/488 978/489
f 551/439 287/370 963/475 1007/594
f 623/421 447/370 991/475 1035/476
f 289/289 288/296 964/480 965/481
f 190/158 195/157 950/632 949/633
f 620/424 619/423 1031/459 1032/524
f 560/408 559/407 1015/492 1016/493
f 431/289 207/292 952/505 975/481
f 619/423 443/367 987/527 1031/528
f 546/418 545/417 1001/525 1002/526
f 297/293 296/375 972/634 973/556
f 609/407 433/337 977/501 1021/502
f 286/284 550/431 1006/629 962/630
f 439/289 438/296 982/480 983/481
f 298/358 562/418 1018/545 974/546
f 622/408 621/407 1033/492 1034/493
f 562/418 561/417 1017/525 1018/526
f 207/326 201/635 951/636 952/637
f 199/638 203/639 211/640
f 200/641 203/639 676/642 675/643
f 202/635 199/644 211/645
f 209/646 211/647 213/648 215/649
f 208/650 209/651 215/652 214/653
f 204/326 202/635 211/645 209/654
f 202/635 204/326 768/637 767/636
f 228/655 231/656 232/657 114/658
f 206/321 205/231 209/659 208/325
f 211/660 210/661 212/662 213/663
f 210/650 208/651 214/652 212/653
f 200/641 210/664 211/640 203/639
f 201/635 207/326 208/327 210/645
f 219/308 217/307 221/665 223/666
f 217/667 216/668 220/669 221/670
f 229/671 228/672 114/673 113/674
f 223/675 221/676 225/677 226/678
f 221/679 220/680 224/681 225/682
f 197/683 204/326 209/654
f 225/682 224/681 228/672 229/671
f 224/684 227/685 231/656 228/655
f 205/231 197/561 209/659
f 226/678 225/677 229/318 230/317
f 218/312 219/311 223/686 222/687
f 216/688 218/689 222/690 220/691
f 220/692 222/675 227/685 224/684
f 198/644 201/635 210/645
f 213/693 212/694 216/668 217/667
f 231/695 230/696 115/697 232/698
f 200/641 198/699 210/664
f 212/700 214/701 218/689 216/688
f 227/316 226/315 230/696 231/695
f 185/344 254/284 698/550 673/551
f 157/702 160/703 164/704 176/227
f 185/344 188/345 255/283 254/284
f 181/155 190/158 188/705
f 133/148 135/147 134/706 132/707
f 176/227 164/704 170/708 163/709
f 159/248 137/710 165/227 166/226
f 137/711 171/712 178/160 165/159
f 182/156 184/280 193/157
f 155/188 154/193 168/192 162/189
f 147/713 149/714 153/715 151/716
f 128/706 129/220 133/219 132/707
f 149/713 148/714 152/717 153/718
f 131/147 130/706 134/707 135/148
f 119/719 118/143 122/146 123/720
f 126/234 125/233 144/236 138/235
f 148/714 146/713 150/716 152/715
f 124/721 145/722 136/723 154/724
f 117/143 116/719 120/720 121/146
f 161/725 172/726 180/727
f 180/156 181/183 185/185 187/506
f 343/224 187/223 674/453 699/581
f 172/726 186/194 181/196 180/727
f 120/142 123/141 1043/728 1044/729
f 127/730 131/219 141/731 139/732
f 129/220 126/733 138/734 140/150
f 1042/735 126/733 129/220 128/706
f 1048/736 1045/737 124/233 121/146
f 122/146 125/233 1046/737 1047/736
f 122/738 121/739 124/740 125/741
f 1041/742 127/234 124/233 1045/737
f 1043/743 123/720 122/146 1047/736
f 126/234 1042/742 1046/737 125/233
f 120/720 1044/743 1048/736 121/146
o Clock_MinuteArm
v -2.285000 -0.049999 16.932478
v -2.285000 -0.005000 18.070002
v -2.255000 -0.005000 18.070002
v -2.255000 -0.049999 16.932478
v -2.285000 -0.056403 17.401239
v -2.255000 -0.056403 17.401239
v -2.255000 -0.091644 17.166859
v -2.285000 -0.091644 17.166859
v -2.255000 -0.088106 17.049667
v -2.285000 -0.088106 17.049667
v -2.255000 -0.070515 17.284048
v -2.285000 -0.070515 17.284048
v -2.285000 -0.072743 17.870001
v -2.255000 -0.072743 17.870001
v -2.285000 -0.039450 17.635620
v -2.285000 -0.065397 16.991072
v -2.255000 -0.065397 16.991072
v -2.255000 -0.039450 17.635620
v -2.285000 -0.046368 17.518429
v -2.255000 -0.046368 17.518429
v -2.285000 -0.042141 17.752810
v -2.285000 -0.097098 17.108263
v -2.255000 -0.097098 17.108263
v -2.255000 -0.042141 17.752810
v -2.285000 -0.061988 17.811405
v -2.255000 -0.061988 17.811405
v -2.285000 -0.047766 17.970001
v -2.255000 -0.047766 17.970001
v -2.285000 -0.065926 17.920000
v -2.255000 -0.065926 17.920000
v -2.285000 -0.027291 18.020000
v -2.255000 -0.027291 18.020000
v -2.285000 -0.037066 17.694216
v -2.255000 -0.037066 17.694216
v -2.285000 0.049999 16.932478
v -2.285000 0.004998 18.070002
v -2.255000 0.004998 18.070002
v -2.255000 0.049999 16.932478
v -2.285000 0.056402 17.401239
v -2.255000 0.056402 17.401239
v -2.255000 0.091644 17.166859
v -2.285000 0.091644 17.166859
v -2.255000 0.088106 17.049667
v -2.285000 0.088106 17.049667
v -2.255000 0.070514 17.284048
v -2.285000 0.070514 17.284048
v -2.285000 0.072742 17.870001
v -2.295000 -0.000000 16.991072
v -2.255000 -0.000000 16.991072
v -2.255000 0.072742 17.870001
v -2.285000 0.039449 17.635620
v -2.285000 0.065397 16.991074
v -2.255000 0.065397 16.991074
v -2.255000 0.039449 17.635620
v -2.285000 0.046367 17.518429
v -2.255000 -0.000000 17.108263
v -2.295000 -0.000000 17.108263
v -2.255000 0.046367 17.518429
v -2.285000 0.042140 17.752810
v -2.285000 0.097097 17.108263
v -2.255000 0.097097 17.108263
v -2.255000 0.042140 17.752810
v -2.295000 -0.000000 16.932478
v -2.295000 -0.000001 18.074997
v -2.255000 -0.000001 18.074997
v -2.255000 -0.000000 16.932478
v -2.295000 -0.000000 17.401239
v -2.255000 -0.000000 17.401239
v -2.255000 -0.000000 17.166859
v -2.295000 -0.000000 17.166859
v -2.255000 -0.000000 17.049667
v -2.295000 -0.000000 17.049667
v -2.295000 -0.000000 17.284048
v -2.255000 -0.000000 17.284048
v -2.295000 -0.000001 17.870001
v -2.255000 -0.000001 17.870001
v -2.255000 -0.000000 17.635620
v -2.295000 -0.000000 17.635620
v -2.255000 -0.000000 17.518429
v -2.295000 -0.000000 17.518429
v -2.295000 -0.000001 17.752810
v -2.255000 -0.000001 17.752810
v -2.285000 0.061986 17.811405
v -2.255000 0.061986 17.811405
v -2.295000 -0.000001 17.811405
v -2.255000 -0.000001 17.811405
v -2.285000 0.047765 17.970001
v -2.255000 0.047765 17.970001
v -2.295000 -0.000001 17.970001
v -2.255000 -0.000001 17.970001
v -2.295000 -0.000001 17.920000
v -2.285000 0.065925 17.920000
v -2.255000 0.065925 17.920000
v -2.255000 -0.000001 17.920000
v -2.285000 0.027290 18.020000
v -2.255000 0.027290 18.020000
v -2.255000 -0.000001 18.020000
v -2.295000 -0.000001 18.020000
v -2.285000 0.037065 17.694216
v -2.255000 0.037065 17.694216
v -2.255000 -0.000001 17.694216
v -2.295000 -0.000001 17.694216
v -2.250000 -0.000000 16.915001
v -2.250000 -0.017221 16.911575
v -2.250000 -0.031820 16.901821
v -2.250000 -0.041574 16.887222
v -2.250000 -0.045000 16.870001
v -2.250000 -0.041574 16.852779
v -2.250000 -0.031820 16.838181
v -2.250000 -0.017221 16.828426
v -2.250000 0.000000 16.825001
v -2.250000 0.017221 16.828426
v -2.250000 0.031820 16.838181
v -2.250000 0.041574 16.852779
v -2.250000 0.045000 16.870001
v -2.250000 0.041574 16.887222
v -2.250000 0.031820 16.901821
v -2.250000 0.017221 16.911575
v -2.250000 -0.000000 16.960001
v -2.250000 -0.034441 16.953150
v -2.250000 -0.063639 16.933640
v -2.250000 -0.083147 16.904442
v -2.250000 -0.089998 16.870001
v -2.250000 -0.083147 16.835560
v -2.250000 -0.063639 16.806360
v -2.250000 -0.034441 16.786852
v -2.250000 0.000002 16.780001
v -2.250000 0.034445 16.786852
v -2.250000 0.063643 16.806362
v -2.250000 0.083151 16.835560
v -2.250000 0.090002 16.870001
v -2.250000 0.083151 16.904442
v -2.250000 0.063642 16.933641
v -2.250000 0.034445 16.953150
v -2.300000 -0.000000 16.915001
v -2.300000 -0.017221 16.911575
v -2.300000 -0.031820 16.901821
v -2.300000 -0.041574 16.887222
v -2.300000 -0.045000 16.870001
v -2.300000 -0.041574 16.852779
v -2.300000 -0.031820 16.838181
v -2.300000 -0.017221 16.828426
v -2.300000 0.000000 16.825001
v -2.300000 0.017221 16.828426
v -2.300000 0.031820 16.838181
v -2.300000 0.041574 16.852779
v -2.300000 0.045000 16.870001
v -2.300000 0.041574 16.887222
v -2.300000 0.031820 16.901821
v -2.300000 0.017221 16.911575
v -2.300000 -0.000002 16.960001
v -2.300000 -0.034443 16.953150
v -2.300000 -0.063641 16.933640
v -2.300000 -0.083149 16.904442
v -2.300000 -0.090000 16.870001
v -2.300000 -0.083149 16.835560
v -2.300000 -0.063641 16.806360
v -2.300000 -0.034443 16.786852
v -2.300000 0.000000 16.780001
v -2.300000 0.034443 16.786852
v -2.300000 0.063641 16.806362
v -2.300000 0.083149 16.835560
v -2.300000 0.090000 16.870001
v -2.300000 0.083149 16.904442
v -2.300000 0.063641 16.933641
v -2.300000 0.034443 16.953150
v 2.285000 0.049996 16.932478
v 2.285000 0.004997 18.070002
v 2.255000 0.004997 18.070002
v 2.255000 0.049996 16.932478
v 2.285000 0.056400 17.401239
v 2.255000 0.056400 17.401239
v 2.255000 0.091642 17.166859
v 2.285000 0.091642 17.166859
v 2.255000 0.088103 17.049667
v 2.285000 0.088103 17.049667
v 2.255000 0.070512 17.284048
v 2.285000 0.070512 17.284048
v 2.285000 0.072740 17.870001
v 2.255000 0.072740 17.870001
v 2.285000 0.039447 17.635620
v 2.285000 0.065394 16.991072
v 2.255000 0.065394 16.991072
v 2.255000 0.039447 17.635620
v 2.285000 0.046365 17.518429
v 2.255000 0.046365 17.518429
v 2.285000 0.042139 17.752810
v 2.285001 0.097095 17.108263
v 2.255000 0.097095 17.108263
v 2.255000 0.042139 17.752810
v 2.285000 0.061985 17.811405
v 2.255000 0.061985 17.811405
v 2.285000 0.047764 17.970001
v 2.255000 0.047764 17.970001
v 2.285000 0.065923 17.920000
v 2.255000 0.065923 17.920000
v 2.285000 0.027288 18.020000
v 2.255000 0.027288 18.020000
v 2.285000 0.037063 17.694216
v 2.255000 0.037063 17.694216
v 2.285000 -0.050002 16.932478
v 2.285000 -0.005001 18.070002
v 2.255000 -0.005001 18.070002
v 2.255000 -0.050002 16.932478
v 2.285000 -0.056405 17.401239
v 2.255000 -0.056405 17.401239
v 2.255000 -0.091647 17.166859
v 2.285000 -0.091647 17.166859
v 2.255000 -0.088109 17.049667
v 2.285000 -0.088109 17.049667
v 2.255000 -0.070517 17.284048
v 2.285000 -0.070517 17.284048
v 2.285000 -0.072745 17.870001
v 2.295000 -0.000003 16.991072
v 2.255000 -0.000003 16.991072
v 2.255000 -0.072745 17.870001
v 2.285000 -0.039452 17.635620
v 2.285000 -0.065400 16.991074
v 2.255000 -0.065400 16.991074
v 2.255000 -0.039452 17.635620
v 2.285000 -0.046370 17.518429
v 2.255000 -0.000003 17.108263
v 2.295000 -0.000003 17.108263
v 2.255000 -0.046370 17.518429
v 2.285000 -0.042143 17.752810
v 2.285000 -0.097100 17.108263
v 2.255000 -0.097100 17.108263
v 2.255000 -0.042143 17.752810
v 2.295000 -0.000003 16.932478
v 2.295000 -0.000002 18.074997
v 2.255000 -0.000002 18.074997
v 2.255000 -0.000003 16.932478
v 2.295000 -0.000003 17.401239
v 2.255000 -0.000003 17.401239
v 2.255000 -0.000003 17.166859
v 2.295000 -0.000003 17.166859
v 2.255000 -0.000003 17.049667
v 2.295000 -0.000003 17.049667
v 2.295000 -0.000003 17.284048
v 2.255000 -0.000003 17.284048
v 2.295000 -0.000002 17.870001
v 2.255000 -0.000002 17.870001
v 2.255000 -0.000002 17.635620
v 2.295000 -0.000002 17.635620
v 2.255000 -0.000002 17.518429
v 2.295000 -0.000003 17.518429
v 2.295000 -0.000002 17.752810
v 2.255000 -0.000002 17.752810
v 2.285000 -0.061989 17.811405
v 2.255000 -0.061989 17.811405
v 2.295000 -0.000002 17.811405
v 2.255000 -0.000002 17.811405
v 2.285000 -0.047768 17.970001
v 2.255000 -0.047768 17.970001
v 2.295000 -0.000002 17.970001
v 2.255000 -0.000002 17.970001
v 2.295000 -0.000002 17.920000
v 2.285000 -0.065928 17.920000
v 2.255000 -0.065928 17.920000
v 2.255000 -0.000002 17.920000
v 2.285000 -0.027293 18.020000
v 2.255000 -0.027293 18.020000
v 2.255000 -0.000002 18.020000
v 2.295000 -0.000002 18.020000
v 2.285000 -0.037068 17.694216
v 2.255000 -0.037068 17.694216
v 2.255000 -0.000002 17.694216
v 2.295000 -0.000002 17.694216
v 2.250000 -0.000003 16.915001
v 2.250000 0.017219 16.911575
v 2.250000 0.031817 16.901821
v 2.250000 0.041572 16.887222
v 2.250000 0.044997 16.870001
v 2.250000 0.041572 16.852779
v 2.250000 0.031817 16.838181
v 2.250000 0.017219 16.828426
v 2.250000 -0.000003 16.825001
v 2.250000 -0.017224 16.828426
v 2.250000 -0.031823 16.838181
v 2.250000 -0.041577 16.852779
v 2.250000 -0.045003 16.870001
v 2.250000 -0.041577 16.887222
v 2.250000 -0.031823 16.901821
v 2.250000 -0.017224 16.911575
v 2.250000 -0.000003 16.960001
v 2.250000 0.034438 16.953150
v 2.250000 0.063636 16.933640
v 2.250000 0.083144 16.904442
v 2.250000 0.089995 16.870001
v 2.250000 0.083144 16.835560
v 2.250000 0.063636 16.806360
v 2.250000 0.034438 16.786852
v 2.250000 -0.000005 16.780001
v 2.250000 -0.034448 16.786852
v 2.250000 -0.063645 16.806362
v 2.250000 -0.083154 16.835560
v 2.250000 -0.090005 16.870001
v 2.250000 -0.083154 16.904442
v 2.250000 -0.063645 16.933641
v 2.250000 -0.034448 16.953150
v 2.300000 -0.000003 16.915001
v 2.300000 0.017219 16.911575
v 2.300000 0.031817 16.901821
v 2.300000 0.041572 16.887222
v 2.300000 0.044997 16.870001
v 2.300000 0.041572 16.852779
v 2.300000 0.031817 16.838181
v 2.300000 0.017218 16.828426
v 2.300000 -0.000003 16.825001
v 2.300000 -0.017224 16.828426
v 2.300000 -0.031823 16.838181
v 2.300000 -0.041577 16.852779
v 2.300000 -0.045003 16.870001
v 2.300000 -0.041577 16.887222
v 2.300000 -0.031823 16.901821
v 2.300000 -0.017224 16.911575
v 2.300000 -0.000001 16.960001
v 2.300000 0.034440 16.953150
v 2.300000 0.063638 16.933640
v 2.300000 0.083146 16.904442
v 2.300000 0.089997 16.870001
v 2.300000 0.083146 16.835560
v 2.300000 0.063638 16.806360
v 2.300000 0.034440 16.786852
v 2.300000 -0.000003 16.780001
v 2.300000 -0.034446 16.786852
v 2.300000 -0.063644 16.806362
v 2.300000 -0.083152 16.835560
v 2.300000 -0.090003 16.870001
v 2.300000 -0.083152 16.904442
v 2.300000 -0.063643 16.933641
v 2.300000 -0.034446 16.953150
vt 0.524250 0.653076
vt 0.523948 0.666495
vt 0.516594 0.666328
vt 0.516901 0.652913
vt 0.537311 0.382518
vt 0.541011 0.396796
vt 0.524897 0.396795
vt 0.524897 0.382521
vt 0.524730 0.470231
vt 0.525048 0.498994
vt 0.517743 0.499065
vt 0.517421 0.470321
vt 0.523342 0.382185
vt 0.523615 0.397005
vt 0.516280 0.397137
vt 0.516005 0.382321
vt 0.524124 0.426848
vt 0.524340 0.441205
vt 0.517027 0.441310
vt 0.516803 0.426965
vt 0.523886 0.412369
vt 0.516557 0.412496
vt 0.503411 0.411549
vt 0.508962 0.397200
vt 0.524972 0.397196
vt 0.524976 0.411538
vt 0.502568 0.440230
vt 0.501221 0.425892
vt 0.524982 0.425878
vt 0.524989 0.440214
vt 0.525189 0.599924
vt 0.524997 0.614476
vt 0.517671 0.614364
vt 0.517873 0.599840
vt 0.525276 0.527634
vt 0.525395 0.556211
vt 0.518095 0.556226
vt 0.517976 0.527678
vt 0.546497 0.411079
vt 0.548672 0.425350
vt 0.524897 0.425346
vt 0.524898 0.411072
vt 0.525393 0.570497
vt 0.525327 0.584834
vt 0.518019 0.584781
vt 0.518091 0.570478
vt 0.531619 0.647941
vt 0.527090 0.660445
vt 0.524389 0.661629
vt 0.524461 0.648089
vt 0.523909 0.668228
vt 0.514099 0.668006
vt 0.512729 0.382851
vt 0.524970 0.382851
vt 0.542238 0.468167
vt 0.538836 0.496719
vt 0.524876 0.496714
vt 0.524889 0.468164
vt 0.513745 0.526153
vt 0.511247 0.497539
vt 0.525026 0.497523
vt 0.525058 0.526133
vt 0.507763 0.468893
vt 0.525005 0.468878
vt 0.547350 0.439620
vt 0.524896 0.439618
vt 0.540054 0.596906
vt 0.542597 0.611250
vt 0.524634 0.611178
vt 0.524694 0.596837
vt 0.509377 0.623841
vt 0.507663 0.611716
vt 0.525315 0.611632
vt 0.525372 0.623762
vt 0.516128 0.568987
vt 0.515497 0.554723
vt 0.525106 0.554699
vt 0.525143 0.568956
vt 0.536421 0.525293
vt 0.534750 0.553890
vt 0.524815 0.553877
vt 0.524852 0.525283
vt 0.534166 0.568204
vt 0.535334 0.582536
vt 0.524746 0.582503
vt 0.524787 0.568184
vt 0.510204 0.597482
vt 0.514956 0.583233
vt 0.525192 0.583191
vt 0.525251 0.597413
vt 0.524791 0.626817
vt 0.524535 0.639840
vt 0.517193 0.639687
vt 0.517456 0.626683
vt 0.540896 0.623472
vt 0.536476 0.635693
vt 0.524521 0.635684
vt 0.524579 0.623417
vt 0.518878 0.648054
vt 0.513846 0.635950
vt 0.525435 0.635889
vt 0.525499 0.648018
vt 0.524358 0.660152
vt 0.525579 0.661355
vt 0.525248 0.653783
vt 0.532307 0.653977
vt 0.531941 0.666848
vt 0.524888 0.666647
vt 0.512481 0.382518
vt 0.508784 0.396797
vt 0.526753 0.472394
vt 0.534174 0.472363
vt 0.534245 0.501517
vt 0.526854 0.501529
vt 0.526005 0.382593
vt 0.533517 0.382518
vt 0.533665 0.397689
vt 0.526159 0.397763
vt 0.526459 0.428255
vt 0.533932 0.428195
vt 0.534026 0.442840
vt 0.526578 0.442887
vt 0.533811 0.413401
vt 0.526319 0.413471
vt 0.546537 0.411533
vt 0.540978 0.397193
vt 0.547407 0.440206
vt 0.548739 0.425870
vt 0.526381 0.602360
vt 0.533554 0.602483
vt 0.533264 0.616695
vt 0.526130 0.616548
vt 0.526875 0.530431
vt 0.534230 0.530442
vt 0.534114 0.559159
vt 0.526802 0.559121
vt 0.503300 0.411078
vt 0.501125 0.425347
vt 0.526722 0.573356
vt 0.533988 0.573423
vt 0.533804 0.587636
vt 0.526586 0.587539
vt 0.517306 0.647869
vt 0.521702 0.660416
vt 0.534245 0.668577
vt 0.524839 0.668306
vt 0.537208 0.382851
vt 0.507544 0.468154
vt 0.510919 0.496700
vt 0.536368 0.526121
vt 0.538803 0.497515
vt 0.542246 0.468871
vt 0.502445 0.439613
vt 0.509342 0.596786
vt 0.506679 0.611097
vt 0.541362 0.623684
vt 0.542960 0.611552
vt 0.534152 0.568934
vt 0.534712 0.554682
vt 0.513286 0.525267
vt 0.514883 0.553858
vt 0.515413 0.568160
vt 0.514165 0.582466
vt 0.540290 0.597351
vt 0.535422 0.583156
vt 0.525880 0.628508
vt 0.532982 0.628675
vt 0.532657 0.641249
vt 0.525581 0.641066
vt 0.508269 0.623324
vt 0.512572 0.635579
vt 0.532117 0.647981
vt 0.537018 0.635830
vt 0.526783 0.660136
vt 0.533780 0.420276
vt 0.530753 0.417247
vt 0.536855 0.408121
vt 0.542910 0.414183
vt 0.526796 0.415607
vt 0.522512 0.415606
vt 0.520372 0.404837
vt 0.528941 0.404839
vt 0.518554 0.417246
vt 0.515525 0.420275
vt 0.506396 0.414176
vt 0.512455 0.408117
vt 0.518551 0.435503
vt 0.522508 0.437142
vt 0.520367 0.447907
vt 0.512453 0.444630
vt 0.513885 0.424233
vt 0.513884 0.428516
vt 0.503118 0.430659
vt 0.503118 0.422092
vt 0.526790 0.437142
vt 0.530747 0.435503
vt 0.536845 0.444629
vt 0.528933 0.447907
vt 0.515523 0.432474
vt 0.506397 0.438573
vt 0.533777 0.432473
vt 0.535417 0.428516
vt 0.546181 0.430661
vt 0.542901 0.438573
vt 0.535418 0.424234
vt 0.546184 0.422097
vt 0.537090 0.388882
vt 0.537088 0.397450
vt 0.524890 0.397446
vt 0.524892 0.388879
vt 0.537079 0.483114
vt 0.537080 0.491680
vt 0.524884 0.491683
vt 0.524882 0.483116
vt 0.537086 0.406016
vt 0.537084 0.414583
vt 0.524886 0.414581
vt 0.524888 0.406013
vt 0.537082 0.500246
vt 0.537085 0.508811
vt 0.524889 0.508814
vt 0.524886 0.500249
vt 0.537082 0.423150
vt 0.537080 0.431716
vt 0.524883 0.431715
vt 0.524884 0.423148
vt 0.537088 0.517376
vt 0.537090 0.525942
vt 0.524894 0.525945
vt 0.524891 0.517380
vt 0.537079 0.440282
vt 0.537078 0.448849
vt 0.524881 0.448848
vt 0.524882 0.440281
vt 0.537077 0.457416
vt 0.537077 0.465982
vt 0.524880 0.465983
vt 0.524880 0.457416
vt 0.537078 0.474548
vt 0.524881 0.474550
vt 0.526792 0.415787
vt 0.528935 0.405020
vt 0.536849 0.408298
vt 0.530750 0.417427
vt 0.542906 0.414356
vt 0.533778 0.420455
vt 0.546183 0.422270
vt 0.535418 0.424411
vt 0.546183 0.430835
vt 0.535418 0.428694
vt 0.542906 0.438749
vt 0.533779 0.432652
vt 0.536850 0.444807
vt 0.530751 0.435680
vt 0.528936 0.448085
vt 0.526794 0.437319
vt 0.520370 0.448087
vt 0.522510 0.437320
vt 0.512454 0.444810
vt 0.518553 0.435681
vt 0.506395 0.438751
vt 0.515524 0.432651
vt 0.503118 0.430834
vt 0.513885 0.428693
vt 0.503118 0.422269
vt 0.513885 0.424410
vt 0.506397 0.414354
vt 0.515524 0.420452
vt 0.512454 0.408297
vt 0.518553 0.417423
vt 0.520368 0.405019
vt 0.522509 0.415786
vt 0.524558 0.653427
vt 0.524642 0.666710
vt 0.517364 0.666757
vt 0.517278 0.653473
vt 0.524399 0.470972
vt 0.524323 0.499798
vt 0.517001 0.499785
vt 0.517065 0.470952
vt 0.524653 0.382533
vt 0.524621 0.397428
vt 0.517248 0.397412
vt 0.517278 0.382518
vt 0.524538 0.427415
vt 0.524490 0.441835
vt 0.517144 0.441814
vt 0.517182 0.427395
vt 0.524581 0.412868
vt 0.517216 0.412849
vt 0.503480 0.411038
vt 0.509009 0.396778
vt 0.524924 0.411040
vt 0.502614 0.439561
vt 0.501290 0.425299
vt 0.524304 0.600687
vt 0.524354 0.615157
vt 0.517068 0.615188
vt 0.517012 0.600709
vt 0.524274 0.528482
vt 0.524252 0.557073
vt 0.516947 0.557071
vt 0.516962 0.528474
vt 0.546495 0.411007
vt 0.548671 0.425244
vt 0.524948 0.425250
vt 0.524253 0.571343
vt 0.524269 0.585648
vt 0.516972 0.585661
vt 0.516953 0.571349
vt 0.532515 0.647910
vt 0.528078 0.660556
vt 0.525367 0.661779
vt 0.525308 0.648127
vt 0.524653 0.668424
vt 0.514949 0.668487
vt 0.512757 0.382519
vt 0.542278 0.467971
vt 0.538913 0.496466
vt 0.524983 0.496480
vt 0.524965 0.467983
vt 0.513601 0.525170
vt 0.511173 0.496623
vt 0.524909 0.496629
vt 0.524898 0.525178
vt 0.507749 0.468088
vt 0.524916 0.468092
vt 0.547359 0.439483
vt 0.524953 0.439494
vt 0.540560 0.596544
vt 0.543228 0.610927
vt 0.525183 0.610993
vt 0.525143 0.596587
vt 0.508494 0.623276
vt 0.506877 0.611011
vt 0.524708 0.611083
vt 0.524661 0.623343
vt 0.515797 0.568018
vt 0.515254 0.553724
vt 0.524874 0.553739
vt 0.524850 0.568042
vt 0.536555 0.524978
vt 0.534971 0.553530
vt 0.525046 0.553553
vt 0.525008 0.524995
vt 0.534455 0.567833
vt 0.535718 0.582167
vt 0.525107 0.582202
vt 0.525073 0.567860
vt 0.509578 0.596662
vt 0.514500 0.582334
vt 0.524812 0.582373
vt 0.524762 0.596724
vt 0.524409 0.627406
vt 0.524479 0.640314
vt 0.517198 0.640356
vt 0.517127 0.627442
vt 0.541622 0.623218
vt 0.537287 0.635541
vt 0.525261 0.635638
vt 0.525221 0.623298
vt 0.517870 0.647854
vt 0.512895 0.635561
vt 0.524616 0.635608
vt 0.524572 0.647879
vt 0.523302 0.660160
vt 0.524527 0.661393
vt 0.525624 0.652920
vt 0.533000 0.652943
vt 0.532963 0.666406
vt 0.525585 0.666385
vt 0.512556 0.382518
vt 0.508865 0.396764
vt 0.527039 0.469892
vt 0.534324 0.469973
vt 0.534016 0.498632
vt 0.526729 0.498557
vt 0.528107 0.382185
vt 0.535416 0.382279
vt 0.535225 0.397040
vt 0.527919 0.396946
vt 0.527545 0.426665
vt 0.534839 0.426756
vt 0.534660 0.441056
vt 0.527372 0.440969
vt 0.535025 0.412337
vt 0.527725 0.412244
vt 0.546369 0.411042
vt 0.540842 0.396780
vt 0.547230 0.439567
vt 0.548557 0.425304
vt 0.525853 0.599550
vt 0.533207 0.599590
vt 0.533136 0.614206
vt 0.525772 0.614171
vt 0.526443 0.527137
vt 0.533738 0.527206
vt 0.533487 0.555772
vt 0.526178 0.555710
vt 0.503392 0.411016
vt 0.501222 0.425258
vt 0.526058 0.570015
vt 0.533382 0.570069
vt 0.533292 0.584442
vt 0.525952 0.584395
vt 0.518096 0.647968
vt 0.522644 0.660580
vt 0.535417 0.668151
vt 0.525581 0.668123
vt 0.537095 0.382518
vt 0.507650 0.467989
vt 0.511049 0.496487
vt 0.536197 0.525182
vt 0.538647 0.496632
vt 0.542085 0.468093
vt 0.502543 0.439499
vt 0.509722 0.596627
vt 0.507133 0.611032
vt 0.540827 0.623398
vt 0.542539 0.611145
vt 0.533909 0.568057
vt 0.534498 0.553747
vt 0.513458 0.525004
vt 0.515119 0.553562
vt 0.515687 0.567872
vt 0.514491 0.582218
vt 0.539950 0.596772
vt 0.535129 0.582400
vt 0.525717 0.626564
vt 0.533085 0.626594
vt 0.533041 0.639662
vt 0.525668 0.639636
vt 0.508812 0.623320
vt 0.513229 0.635625
vt 0.531272 0.647900
vt 0.536334 0.635646
vt 0.525760 0.660167
vt 0.518553 0.435398
vt 0.522510 0.437038
vt 0.520368 0.447805
vt 0.512452 0.444527
vt 0.526794 0.437037
vt 0.530751 0.435398
vt 0.536851 0.444524
vt 0.528937 0.447805
vt 0.533779 0.432368
vt 0.535419 0.428411
vt 0.546184 0.430552
vt 0.542907 0.438465
vt 0.526795 0.415503
vt 0.522512 0.415503
vt 0.520370 0.404737
vt 0.528936 0.404738
vt 0.535419 0.424127
vt 0.533780 0.420170
vt 0.542906 0.414072
vt 0.546184 0.421986
vt 0.518555 0.417141
vt 0.515526 0.420171
vt 0.506400 0.414072
vt 0.512457 0.408015
vt 0.530751 0.417142
vt 0.536849 0.408015
vt 0.513887 0.424129
vt 0.513886 0.428412
vt 0.503118 0.430551
vt 0.503120 0.421984
vt 0.515524 0.432369
vt 0.506394 0.438468
vt 0.512497 0.525945
vt 0.512493 0.517378
vt 0.524691 0.517374
vt 0.524694 0.525941
vt 0.512485 0.431709
vt 0.512488 0.423143
vt 0.524685 0.423146
vt 0.524682 0.431712
vt 0.512491 0.508811
vt 0.512487 0.500245
vt 0.524685 0.500241
vt 0.524688 0.508807
vt 0.512490 0.414576
vt 0.512493 0.406010
vt 0.524690 0.406014
vt 0.524687 0.414580
vt 0.512485 0.491678
vt 0.512483 0.483111
vt 0.524680 0.483109
vt 0.524682 0.491675
vt 0.512495 0.397444
vt 0.512497 0.388878
vt 0.524694 0.388882
vt 0.524692 0.397448
vt 0.512481 0.474545
vt 0.512480 0.465978
vt 0.524678 0.465977
vt 0.524678 0.474543
vt 0.512481 0.457410
vt 0.512482 0.448843
vt 0.524679 0.448844
vt 0.524678 0.457411
vt 0.512484 0.440276
vt 0.524681 0.440278
vt 0.518219 0.435449
vt 0.512119 0.444577
vt 0.506062 0.438518
vt 0.515191 0.432420
vt 0.502785 0.430604
vt 0.513552 0.428463
vt 0.502786 0.422038
vt 0.513552 0.424180
vt 0.506064 0.414126
vt 0.515191 0.420223
vt 0.512120 0.408068
vt 0.518220 0.417194
vt 0.520034 0.404789
vt 0.522177 0.415554
vt 0.528600 0.404788
vt 0.526459 0.415554
vt 0.536514 0.408066
vt 0.530416 0.417193
vt 0.542572 0.414123
vt 0.533445 0.420222
vt 0.545851 0.422037
vt 0.535084 0.424180
vt 0.545851 0.430604
vt 0.535084 0.428463
vt 0.542573 0.438519
vt 0.533444 0.432421
vt 0.536515 0.444577
vt 0.530415 0.435450
vt 0.528600 0.447856
vt 0.526458 0.437089
vt 0.520033 0.447856
vt 0.522176 0.437089
usemtl Exterior_Mat
s off
f 1080/744 1051/745 1050/746 1079/747
f 1049/748 1064/749 1096/750 1111/751
f 1059/752 1054/753 1053/754 1060/755
f 1052/756 1065/757 1064/758 1049/759
f 1071/760 1055/761 1056/762 1070/763
f 1065/757 1057/764 1058/765 1064/758
f 1057/766 1065/767 1097/768 1119/769
f 1055/761 1059/752 1060/755 1056/762
f 1055/770 1071/771 1104/772 1117/773
f 1074/774 1062/775 1061/776 1073/777
f 1057/764 1071/760 1070/763 1058/765
f 1068/778 1066/779 1063/780 1067/781
f 1054/753 1068/778 1067/781 1053/754
f 1058/782 1070/783 1105/784 1120/785
f 1082/786 1072/787 1069/788 1081/789
f 1079/790 1050/791 1112/792 1146/793
f 1050/746 1051/745 1113/794 1112/795
f 1065/767 1052/796 1114/797 1097/768
f 1060/798 1053/799 1115/800 1121/801
f 1068/802 1054/803 1116/804 1127/805
f 1059/806 1055/770 1117/773 1122/807
f 1070/783 1056/808 1118/809 1105/784
f 1071/771 1057/766 1119/769 1104/772
f 1064/749 1058/782 1120/785 1096/750
f 1056/808 1060/798 1121/801 1118/809
f 1054/803 1059/806 1122/807 1116/804
f 1073/810 1061/811 1123/812 1133/813
f 1078/814 1062/815 1124/816 1142/817
f 1082/818 1066/819 1125/820 1149/821
f 1067/822 1063/823 1126/824 1128/825
f 1066/819 1068/802 1127/805 1125/820
f 1053/799 1067/822 1128/825 1115/800
f 1081/826 1069/827 1129/828 1150/829
f 1074/830 1072/831 1130/832 1134/833
f 1072/787 1074/774 1073/777 1069/788
f 1069/827 1073/810 1133/813 1129/828
f 1062/815 1074/830 1134/833 1124/816
f 1078/834 1076/835 1075/836 1077/837
f 1077/838 1075/839 1137/840 1139/841
f 1080/842 1076/843 1138/844 1145/845
f 1076/843 1078/814 1142/817 1138/844
f 1062/775 1078/834 1077/837 1061/776
f 1061/811 1077/838 1139/841 1123/812
f 1076/835 1080/744 1079/747 1075/836
f 1075/839 1079/790 1146/793 1137/840
f 1051/846 1080/842 1145/845 1113/847
f 1066/779 1082/786 1081/789 1063/780
f 1072/831 1082/818 1149/821 1130/832
f 1063/823 1081/826 1150/829 1126/824
f 1144/848 1143/849 1084/850 1085/851
f 1083/852 1111/751 1096/750 1100/853
f 1093/854 1094/855 1087/856 1088/857
f 1086/858 1083/859 1100/860 1101/861
f 1109/862 1108/863 1090/864 1089/865
f 1101/861 1100/860 1092/866 1091/867
f 1091/868 1119/769 1097/768 1101/869
f 1089/865 1090/864 1094/855 1093/854
f 1089/870 1117/773 1104/772 1109/871
f 1132/872 1131/873 1095/874 1098/875
f 1091/867 1092/866 1108/863 1109/862
f 1106/876 1103/877 1099/878 1102/879
f 1088/857 1087/856 1103/877 1106/876
f 1092/880 1120/785 1105/784 1108/881
f 1148/882 1147/883 1107/884 1110/885
f 1143/886 1146/793 1112/792 1084/887
f 1084/850 1112/888 1113/889 1085/851
f 1101/869 1097/768 1114/797 1086/890
f 1094/891 1121/801 1115/800 1087/892
f 1106/893 1127/805 1116/804 1088/894
f 1093/895 1122/807 1117/773 1089/870
f 1108/881 1105/784 1118/809 1090/896
f 1109/871 1104/772 1119/769 1091/868
f 1100/853 1096/750 1120/785 1092/880
f 1090/896 1118/809 1121/801 1094/891
f 1088/894 1116/804 1122/807 1093/895
f 1131/897 1133/813 1123/812 1095/898
f 1141/899 1142/817 1124/816 1098/900
f 1148/901 1149/821 1125/820 1102/902
f 1103/903 1128/825 1126/824 1099/904
f 1102/902 1125/820 1127/805 1106/893
f 1087/892 1115/800 1128/825 1103/903
f 1147/905 1150/829 1129/828 1107/906
f 1132/907 1134/833 1130/832 1110/908
f 1110/885 1107/884 1131/873 1132/872
f 1107/906 1129/828 1133/813 1131/897
f 1098/900 1124/816 1134/833 1132/907
f 1141/909 1140/910 1135/911 1136/912
f 1140/913 1139/841 1137/840 1135/914
f 1144/915 1145/845 1138/844 1136/916
f 1136/916 1138/844 1142/817 1141/899
f 1098/875 1095/874 1140/910 1141/909
f 1095/898 1123/812 1139/841 1140/913
f 1136/912 1135/911 1143/849 1144/848
f 1135/914 1137/840 1146/793 1143/886
f 1085/917 1113/847 1145/845 1144/915
f 1102/879 1099/878 1147/883 1148/882
f 1110/908 1130/832 1149/821 1148/901
f 1099/904 1126/824 1150/829 1147/905
f 1160/918 1159/919 1175/920 1176/921
f 1158/922 1157/923 1173/924 1174/925
f 1156/926 1155/927 1171/928 1172/929
f 1151/930 1166/931 1182/932 1167/933
f 1154/934 1153/935 1169/936 1170/937
f 1165/938 1164/939 1180/940 1181/941
f 1152/942 1151/930 1167/933 1168/943
f 1163/944 1162/945 1178/946 1179/947
f 1161/948 1160/918 1176/921 1177/949
f 1159/919 1158/922 1174/925 1175/920
f 1157/923 1156/926 1172/929 1173/924
f 1155/927 1154/934 1170/937 1171/928
f 1166/931 1165/938 1181/941 1182/932
f 1153/935 1152/942 1168/943 1169/936
f 1164/939 1163/944 1179/947 1180/940
f 1162/945 1161/948 1177/949 1178/946
f 1167/950 1182/951 1214/952 1199/953
f 1172/954 1171/955 1203/956 1204/957
f 1181/958 1180/959 1212/960 1213/961
f 1170/962 1169/963 1201/964 1202/965
f 1179/966 1178/967 1210/968 1211/969
f 1168/970 1167/971 1199/972 1200/973
f 1177/974 1176/975 1208/976 1209/977
f 1175/978 1174/979 1206/980 1207/981
f 1173/982 1172/954 1204/957 1205/983
f 1182/951 1181/958 1213/961 1214/952
f 1171/955 1170/962 1202/965 1203/956
f 1180/959 1179/966 1211/969 1212/960
f 1169/963 1168/970 1200/973 1201/964
f 1178/967 1177/974 1209/977 1210/968
f 1176/975 1175/978 1207/981 1208/976
f 1174/979 1173/982 1205/983 1206/980
f 1183/984 1199/985 1214/986 1198/987
f 1198/987 1214/986 1213/988 1197/989
f 1197/989 1213/988 1212/990 1196/991
f 1196/991 1212/990 1211/992 1195/993
f 1195/993 1211/992 1210/994 1194/995
f 1194/995 1210/994 1209/996 1193/997
f 1193/997 1209/996 1208/998 1192/999
f 1192/999 1208/998 1207/1000 1191/1001
f 1191/1001 1207/1000 1206/1002 1190/1003
f 1190/1003 1206/1002 1205/1004 1189/1005
f 1189/1005 1205/1004 1204/1006 1188/1007
f 1188/1007 1204/1006 1203/1008 1187/1009
f 1187/1009 1203/1008 1202/1010 1186/1011
f 1186/1011 1202/1010 1201/1012 1185/1013
f 1185/1013 1201/1012 1200/1014 1184/1015
f 1184/1015 1200/1014 1199/985 1183/984
f 1246/1016 1217/1017 1216/1018 1245/1019
f 1215/748 1230/749 1262/750 1277/751
f 1225/1020 1220/1021 1219/1022 1226/1023
f 1218/1024 1231/1025 1230/1026 1215/1027
f 1237/1028 1221/1029 1222/1030 1236/1031
f 1231/1025 1223/1032 1224/1033 1230/1026
f 1223/1034 1231/1035 1263/750 1285/1036
f 1221/1029 1225/1020 1226/1023 1222/1030
f 1221/1037 1237/1038 1270/784 1283/809
f 1240/1039 1228/1040 1227/1041 1239/1042
f 1223/1032 1237/1028 1236/1031 1224/1033
f 1234/1043 1232/1044 1229/1045 1233/1046
f 1220/1021 1234/1043 1233/1046 1219/1022
f 1224/1047 1236/1048 1271/1049 1286/1036
f 1248/1050 1238/1051 1235/1052 1247/1053
f 1245/1054 1216/1055 1278/1056 1312/1057
f 1216/1018 1217/1017 1279/1058 1278/1059
f 1231/1035 1218/1060 1280/751 1263/750
f 1226/1061 1219/1062 1281/1063 1287/1064
f 1234/1065 1220/1066 1282/1067 1293/1068
f 1225/1069 1221/1037 1283/809 1288/1070
f 1236/1048 1222/1071 1284/1072 1271/1049
f 1237/1038 1223/1034 1285/1036 1270/784
f 1230/749 1224/1047 1286/1036 1262/750
f 1222/1071 1226/1061 1287/1064 1284/1072
f 1220/1066 1225/1069 1288/1070 1282/1067
f 1239/1073 1227/1074 1289/1075 1299/1076
f 1244/1077 1228/1078 1290/1079 1308/1080
f 1248/1081 1232/1082 1291/1083 1315/1084
f 1233/1085 1229/1086 1292/1087 1294/1088
f 1232/1082 1234/1065 1293/1068 1291/1083
f 1219/1062 1233/1085 1294/1088 1281/1063
f 1247/1089 1235/1090 1295/1091 1316/1092
f 1240/1093 1238/1094 1296/1095 1300/1096
f 1238/1051 1240/1039 1239/1042 1235/1052
f 1235/1090 1239/1073 1299/1076 1295/1091
f 1228/1078 1240/1093 1300/1096 1290/1079
f 1244/1097 1242/1098 1241/1099 1243/1100
f 1243/1101 1241/1102 1303/1103 1305/1104
f 1246/1105 1242/1106 1304/1107 1311/1108
f 1242/1106 1244/1077 1308/1080 1304/1107
f 1228/1040 1244/1097 1243/1100 1227/1041
f 1227/1074 1243/1101 1305/1104 1289/1075
f 1242/1098 1246/1016 1245/1019 1241/1099
f 1241/1102 1245/1054 1312/1057 1303/1103
f 1217/1109 1246/1105 1311/1108 1279/1110
f 1232/1044 1248/1050 1247/1053 1229/1045
f 1238/1094 1248/1081 1315/1084 1296/1095
f 1229/1086 1247/1089 1316/1092 1292/1087
f 1310/1111 1309/1112 1250/1113 1251/1114
f 1249/1115 1277/751 1262/750 1266/1116
f 1259/1117 1260/1118 1253/1119 1254/1120
f 1252/1121 1249/1122 1266/1123 1267/1124
f 1275/1125 1274/1126 1256/1127 1255/1128
f 1267/1124 1266/1123 1258/1129 1257/1130
f 1257/1131 1285/1036 1263/750 1267/1132
f 1255/1128 1256/1127 1260/1118 1259/1117
f 1255/1133 1283/809 1270/784 1275/1134
f 1298/1135 1297/1136 1261/1137 1264/1138
f 1257/1130 1258/1129 1274/1126 1275/1125
f 1272/1139 1269/1140 1265/1141 1268/1142
f 1254/1120 1253/1119 1269/1140 1272/1139
f 1258/1143 1286/1036 1271/1049 1274/1144
f 1314/1145 1313/1146 1273/1147 1276/1148
f 1309/1149 1312/1057 1278/1056 1250/1150
f 1250/1113 1278/1151 1279/1152 1251/1114
f 1267/1132 1263/750 1280/751 1252/1153
f 1260/1154 1287/1064 1281/1063 1253/1155
f 1272/1156 1293/1068 1282/1067 1254/1157
f 1259/1158 1288/1070 1283/809 1255/1133
f 1274/1144 1271/1049 1284/1072 1256/1159
f 1275/1134 1270/784 1285/1036 1257/1131
f 1266/1116 1262/750 1286/1036 1258/1143
f 1256/1159 1284/1072 1287/1064 1260/1154
f 1254/1157 1282/1067 1288/1070 1259/1158
f 1297/1160 1299/1076 1289/1075 1261/1161
f 1307/1162 1308/1080 1290/1079 1264/1163
f 1314/1164 1315/1084 1291/1083 1268/1165
f 1269/1166 1294/1088 1292/1087 1265/1167
f 1268/1165 1291/1083 1293/1068 1272/1156
f 1253/1155 1281/1063 1294/1088 1269/1166
f 1313/1168 1316/1092 1295/1091 1273/1169
f 1298/1170 1300/1096 1296/1095 1276/1171
f 1276/1148 1273/1147 1297/1136 1298/1135
f 1273/1169 1295/1091 1299/1076 1297/1160
f 1264/1163 1290/1079 1300/1096 1298/1170
f 1307/1172 1306/1173 1301/1174 1302/1175
f 1306/1176 1305/1104 1303/1103 1301/1177
f 1310/1178 1311/1108 1304/1107 1302/1179
f 1302/1179 1304/1107 1308/1080 1307/1162
f 1264/1138 1261/1137 1306/1173 1307/1172
f 1261/1161 1289/1075 1305/1104 1306/1176
f 1302/1175 1301/1174 1309/1112 1310/1111
f 1301/1177 1303/1103 1312/1057 1309/1149
f 1251/1180 1279/1110 1311/1108 1310/1178
f 1268/1142 1265/1141 1313/1146 1314/1145
f 1276/1171 1296/1095 1315/1084 1314/1164
f 1265/1167 1292/1087 1316/1092 1313/1168
f 1326/1181 1325/1182 1341/1183 1342/1184
f 1324/1185 1323/1186 1339/1187 1340/1188
f 1322/1189 1321/1190 1337/1191 1338/1192
f 1317/1193 1332/1194 1348/1195 1333/1196
f 1320/1197 1319/1198 1335/1199 1336/1200
f 1331/1201 1330/1202 1346/1203 1347/1204
f 1318/1205 1317/1193 1333/1196 1334/1206
f 1329/1207 1328/1208 1344/1209 1345/1210
f 1327/1211 1326/1181 1342/1184 1343/1212
f 1325/1182 1324/1185 1340/1188 1341/1183
f 1323/1186 1322/1189 1338/1192 1339/1187
f 1321/1190 1320/1197 1336/1200 1337/1191
f 1332/1194 1331/1201 1347/1204 1348/1195
f 1319/1198 1318/1205 1334/1206 1335/1199
f 1330/1202 1329/1207 1345/1210 1346/1203
f 1328/1208 1327/1211 1343/1212 1344/1209
f 1333/1213 1348/1214 1380/1215 1365/1216
f 1338/1217 1337/1218 1369/1219 1370/1220
f 1347/1221 1346/1222 1378/1223 1379/1224
f 1336/1225 1335/1226 1367/1227 1368/1228
f 1345/1229 1344/1230 1376/1231 1377/1232
f 1334/1233 1333/1234 1365/1235 1366/1236
f 1343/1237 1342/1238 1374/1239 1375/1240
f 1341/1241 1340/1242 1372/1243 1373/1244
f 1339/1245 1338/1217 1370/1220 1371/1246
f 1348/1214 1347/1221 1379/1224 1380/1215
f 1337/1218 1336/1225 1368/1228 1369/1219
f 1346/1222 1345/1229 1377/1232 1378/1223
f 1335/1226 1334/1233 1366/1236 1367/1227
f 1344/1230 1343/1237 1375/1240 1376/1231
f 1342/1238 1341/1241 1373/1244 1374/1239
f 1340/1242 1339/1245 1371/1246 1372/1243
f 1349/1247 1365/1248 1380/1249 1364/1250
f 1364/1250 1380/1249 1379/1251 1363/1252
f 1363/1252 1379/1251 1378/1253 1362/1254
f 1362/1254 1378/1253 1377/1255 1361/1256
f 1361/1256 1377/1255 1376/1257 1360/1258
f 1360/1258 1376/1257 1375/1259 1359/1260
f 1359/1260 1375/1259 1374/1261 1358/1262
f 1358/1262 1374/1261 1373/1263 1357/1264
f 1357/1264 1373/1263 1372/1265 1356/1266
f 1356/1266 1372/1265 1371/1267 1355/1268
f 1355/1268 1371/1267 1370/1269 1354/1270
f 1354/1270 1370/1269 1369/1271 1353/1272
f 1353/1272 1369/1271 1368/1273 1352/1274
f 1352/1274 1368/1273 1367/1275 1351/1276
f 1351/1276 1367/1275 1366/1277 1350/1278
f 1350/1278 1366/1277 1365/1248 1349/1247
o Clock_HourArm
v -2.335000 0.062477 16.920000
v -2.335000 0.891526 16.875000
v -2.305000 0.891526 16.875000
v -2.305000 0.062477 16.920000
v -2.335000 0.394824 16.926403
v -2.305000 0.394824 16.926403
v -2.305000 0.296857 16.961645
v -2.335000 0.296857 16.961645
v -2.305000 0.179667 16.958107
v -2.335000 0.179667 16.958107
v -2.305000 0.349460 16.940516
v -2.335000 0.349460 16.940516
v -2.335000 0.691526 16.942743
v -2.305000 0.691526 16.942743
v -2.335000 0.475890 16.909451
v -2.335000 0.121072 16.935398
v -2.305000 0.121072 16.935398
v -2.305000 0.475890 16.909451
v -2.335000 0.437991 16.916368
v -2.305000 0.437991 16.916368
v -2.335000 0.574336 16.912142
v -2.335000 0.238262 16.967098
v -2.305000 0.238262 16.967098
v -2.305000 0.574336 16.912142
v -2.335000 0.632931 16.931988
v -2.305000 0.632931 16.931988
v -2.335000 0.791526 16.917767
v -2.305000 0.791526 16.917767
v -2.335000 0.741526 16.935926
v -2.305000 0.741526 16.935926
v -2.335000 0.841526 16.897291
v -2.305000 0.841526 16.897291
v -2.335000 0.515741 16.907066
v -2.305000 0.515741 16.907066
v -2.335000 0.062477 16.820002
v -2.335000 0.891526 16.865002
v -2.305000 0.891526 16.865002
v -2.305000 0.062477 16.820002
v -2.335000 0.394824 16.813599
v -2.305000 0.394824 16.813599
v -2.305000 0.296857 16.778357
v -2.335000 0.296857 16.778357
v -2.305000 0.179667 16.781895
v -2.335000 0.179667 16.781895
v -2.305000 0.349460 16.799486
v -2.335000 0.349460 16.799486
v -2.335000 0.691526 16.797258
v -2.345000 0.121072 16.870001
v -2.305000 0.121072 16.870001
v -2.305000 0.691526 16.797258
v -2.335000 0.475890 16.830551
v -2.335000 0.121072 16.804604
v -2.305000 0.121072 16.804604
v -2.305000 0.475890 16.830551
v -2.335000 0.437991 16.823633
v -2.305000 0.238262 16.870001
v -2.345000 0.238262 16.870001
v -2.305000 0.437991 16.823633
v -2.335000 0.574336 16.827860
v -2.335000 0.238262 16.772903
v -2.305000 0.238262 16.772903
v -2.305000 0.574336 16.827860
v -2.345000 0.062477 16.870001
v -2.340000 0.896523 16.870001
v -2.305000 0.896523 16.870001
v -2.305000 0.062477 16.870001
v -2.345000 0.394824 16.870001
v -2.305000 0.394824 16.870001
v -2.305000 0.296857 16.870001
v -2.345000 0.296857 16.870001
v -2.305000 0.179667 16.870001
v -2.345000 0.179667 16.870001
v -2.345000 0.349460 16.870001
v -2.305000 0.349460 16.870001
v -2.345000 0.691526 16.870001
v -2.305000 0.691526 16.870001
v -2.305000 0.475890 16.870001
v -2.345000 0.475890 16.870001
v -2.305000 0.437991 16.870001
v -2.345000 0.437991 16.870001
v -2.345000 0.574336 16.870001
v -2.305000 0.574336 16.870001
v -2.335000 0.632931 16.808014
v -2.305000 0.632931 16.808014
v -2.345000 0.632931 16.870001
v -2.305000 0.632931 16.870001
v -2.335000 0.791526 16.822235
v -2.305000 0.791526 16.822235
v -2.345000 0.791526 16.870001
v -2.305000 0.791526 16.870001
v -2.345000 0.741526 16.870001
v -2.335000 0.741526 16.804075
v -2.305000 0.741526 16.804075
v -2.305000 0.741526 16.870001
v -2.335000 0.841526 16.842710
v -2.305000 0.841526 16.842710
v -2.305000 0.841526 16.870001
v -2.345000 0.841526 16.870001
v -2.335000 0.515741 16.832935
v -2.305000 0.515741 16.832935
v -2.305000 0.515741 16.870001
v -2.345000 0.515741 16.870001
v -2.300000 0.045000 16.870001
v -2.300000 0.041575 16.887222
v -2.300000 0.031820 16.901821
v -2.300000 0.017221 16.911575
v -2.300000 -0.000000 16.915001
v -2.300000 -0.017221 16.911575
v -2.300000 -0.031820 16.901821
v -2.300000 -0.041575 16.887222
v -2.300000 -0.045000 16.870001
v -2.300000 -0.041575 16.852779
v -2.300000 -0.031820 16.838181
v -2.300000 -0.017221 16.828426
v -2.300000 0.000000 16.825001
v -2.300000 0.017221 16.828426
v -2.300000 0.031820 16.838181
v -2.300000 0.041575 16.852779
v -2.300000 0.090000 16.870001
v -2.300000 0.083149 16.904442
v -2.300000 0.063640 16.933640
v -2.300000 0.034442 16.953148
v -2.300000 -0.000000 16.959999
v -2.300000 -0.034442 16.953148
v -2.300000 -0.063640 16.933640
v -2.300000 -0.083149 16.904442
v -2.300000 -0.090000 16.869999
v -2.300000 -0.083149 16.835556
v -2.300000 -0.063640 16.806358
v -2.300000 -0.034442 16.786850
v -2.300000 0.000000 16.779999
v -2.300000 0.034442 16.786850
v -2.300000 0.063640 16.806358
v -2.300000 0.083149 16.835556
v -2.350000 0.045000 16.870001
v -2.350000 0.041575 16.887222
v -2.350000 0.031820 16.901821
v -2.350000 0.017221 16.911575
v -2.350000 -0.000000 16.915001
v -2.350000 -0.017221 16.911575
v -2.350000 -0.031820 16.901821
v -2.350000 -0.041575 16.887222
v -2.350000 -0.045000 16.870001
v -2.350000 -0.041575 16.852779
v -2.350000 -0.031820 16.838181
v -2.350000 -0.017221 16.828426
v -2.350000 0.000000 16.825001
v -2.350000 0.017221 16.828426
v -2.350000 0.031820 16.838181
v -2.350000 0.041575 16.852779
v -2.350000 0.090000 16.870003
v -2.350000 0.083149 16.904444
v -2.350000 0.063640 16.933641
v -2.350000 0.034442 16.953150
v -2.350000 -0.000000 16.960001
v -2.350000 -0.034442 16.953150
v -2.350000 -0.063640 16.933641
v -2.350000 -0.083149 16.904444
v -2.350000 -0.090000 16.870001
v -2.350000 -0.083149 16.835558
v -2.350000 -0.063640 16.806360
v -2.350000 -0.034442 16.786852
v -2.350000 0.000000 16.780001
v -2.350000 0.034442 16.786852
v -2.350000 0.063640 16.806360
v -2.350000 0.083149 16.835558
v 2.350000 -0.083152 16.835558
v 2.350000 -0.063643 16.806360
v 2.350000 -0.034445 16.786852
v 2.350000 -0.000003 16.780001
v 2.350000 0.034439 16.786852
v 2.350000 0.063637 16.806360
v 2.350000 0.083146 16.835558
v 2.350000 0.089997 16.870001
v 2.350000 0.083146 16.904444
v 2.350000 0.063637 16.933641
v 2.350000 0.034439 16.953150
v 2.350000 -0.000003 16.960001
v 2.350000 -0.034445 16.953150
v 2.350000 -0.063643 16.933641
v 2.350000 -0.083152 16.904444
v 2.350000 -0.090003 16.870003
v 2.350000 -0.041578 16.852779
v 2.350000 -0.031823 16.838181
v 2.350000 -0.017224 16.828426
v 2.350000 -0.000003 16.825001
v 2.350000 0.017218 16.828426
v 2.350000 0.031817 16.838181
v 2.350000 0.041572 16.852779
v 2.350000 0.044997 16.870001
v 2.350000 0.041572 16.887222
v 2.350000 0.031817 16.901821
v 2.350000 0.017218 16.911575
v 2.350000 -0.000003 16.915001
v 2.350000 -0.017224 16.911575
v 2.350000 -0.031823 16.901821
v 2.350000 -0.041578 16.887222
v 2.350000 -0.045003 16.870001
v 2.300000 -0.083152 16.835556
v 2.300000 -0.063643 16.806358
v 2.300000 -0.034444 16.786850
v 2.300000 -0.000003 16.779999
v 2.300000 0.034439 16.786850
v 2.300000 0.063637 16.806358
v 2.300000 0.083146 16.835556
v 2.300000 0.089997 16.869999
v 2.300000 0.083146 16.904442
v 2.300000 0.063637 16.933640
v 2.300000 0.034439 16.953148
v 2.300000 -0.000003 16.959999
v 2.300000 -0.034444 16.953148
v 2.300000 -0.063643 16.933640
v 2.300000 -0.083152 16.904442
v 2.300000 -0.090003 16.870001
v 2.300000 -0.041578 16.852779
v 2.300000 -0.031823 16.838181
v 2.300000 -0.017224 16.828426
v 2.300000 -0.000003 16.825001
v 2.300000 0.017218 16.828426
v 2.300000 0.031817 16.838181
v 2.300000 0.041572 16.852779
v 2.300000 0.044997 16.870001
v 2.300000 0.041572 16.887222
v 2.300000 0.031817 16.901821
v 2.300000 0.017218 16.911575
v 2.300000 -0.000003 16.915001
v 2.300000 -0.017224 16.911575
v 2.300000 -0.031823 16.901821
v 2.300000 -0.041578 16.887222
v 2.300000 -0.045003 16.870001
v 2.344999 -0.515744 16.870001
v 2.304999 -0.515744 16.870001
v 2.304999 -0.515744 16.832935
v 2.334999 -0.515744 16.832935
v 2.344999 -0.841529 16.870001
v 2.304999 -0.841529 16.870001
v 2.304999 -0.841529 16.842710
v 2.334998 -0.841529 16.842710
v 2.304999 -0.741529 16.870001
v 2.304999 -0.741529 16.804075
v 2.334999 -0.741529 16.804075
v 2.344999 -0.741529 16.870001
v 2.304999 -0.791529 16.870001
v 2.344999 -0.791529 16.870001
v 2.304999 -0.791529 16.822235
v 2.334999 -0.791529 16.822235
v 2.304999 -0.632934 16.870001
v 2.344999 -0.632934 16.870001
v 2.304999 -0.632934 16.808014
v 2.334999 -0.632934 16.808014
v 2.304999 -0.574339 16.870001
v 2.344999 -0.574339 16.870001
v 2.344999 -0.437994 16.870001
v 2.304999 -0.437994 16.870001
v 2.344999 -0.475893 16.870001
v 2.304999 -0.475893 16.870001
v 2.304999 -0.691529 16.870001
v 2.344999 -0.691529 16.870001
v 2.304999 -0.349463 16.870001
v 2.344999 -0.349463 16.870001
v 2.345000 -0.179670 16.870001
v 2.305000 -0.179670 16.870001
v 2.344999 -0.296860 16.870001
v 2.304999 -0.296860 16.870001
v 2.304999 -0.394827 16.870001
v 2.344999 -0.394827 16.870001
v 2.305000 -0.062480 16.870001
v 2.304999 -0.896526 16.870001
v 2.339998 -0.896526 16.870001
v 2.345000 -0.062480 16.870001
v 2.304999 -0.574339 16.827860
v 2.305000 -0.238265 16.772903
v 2.334999 -0.238265 16.772903
v 2.334999 -0.574339 16.827860
v 2.304999 -0.437994 16.823633
v 2.345000 -0.238265 16.870001
v 2.305000 -0.238265 16.870001
v 2.334999 -0.437994 16.823633
v 2.304999 -0.475893 16.830551
v 2.305000 -0.121075 16.804604
v 2.334999 -0.121075 16.804604
v 2.334999 -0.475893 16.830551
v 2.304999 -0.691529 16.797258
v 2.305000 -0.121075 16.870001
v 2.345000 -0.121075 16.870001
v 2.334999 -0.691529 16.797258
v 2.334999 -0.349463 16.799486
v 2.304999 -0.349463 16.799486
v 2.334999 -0.179670 16.781895
v 2.305000 -0.179670 16.781895
v 2.334999 -0.296860 16.778357
v 2.304999 -0.296860 16.778357
v 2.304999 -0.394827 16.813599
v 2.334999 -0.394827 16.813599
v 2.305000 -0.062480 16.820002
v 2.304999 -0.891529 16.865002
v 2.334998 -0.891529 16.865002
v 2.335000 -0.062480 16.820002
v 2.304999 -0.515744 16.907066
v 2.334999 -0.515744 16.907066
v 2.304999 -0.841529 16.897291
v 2.334998 -0.841529 16.897291
v 2.304999 -0.741529 16.935926
v 2.334999 -0.741529 16.935926
v 2.304999 -0.791529 16.917767
v 2.334999 -0.791529 16.917767
v 2.304999 -0.632934 16.931988
v 2.334999 -0.632934 16.931988
v 2.304999 -0.574339 16.912142
v 2.305000 -0.238265 16.967098
v 2.334999 -0.238265 16.967098
v 2.334999 -0.574339 16.912142
v 2.304999 -0.437994 16.916368
v 2.334999 -0.437994 16.916368
v 2.304999 -0.475893 16.909451
v 2.305000 -0.121075 16.935398
v 2.334999 -0.121075 16.935398
v 2.334999 -0.475893 16.909451
v 2.304999 -0.691529 16.942743
v 2.334999 -0.691529 16.942743
v 2.334999 -0.349463 16.940516
v 2.304999 -0.349463 16.940516
v 2.334999 -0.179670 16.958107
v 2.305000 -0.179670 16.958107
v 2.334999 -0.296860 16.961645
v 2.304999 -0.296860 16.961645
v 2.304999 -0.394827 16.926403
v 2.334999 -0.394827 16.926403
v 2.305000 -0.062480 16.920000
v 2.304999 -0.891529 16.875000
v 2.334998 -0.891529 16.875000
v 2.335000 -0.062480 16.920000
vt 0.515291 0.400655
vt 0.514883 0.385584
vt 0.523143 0.385360
vt 0.523551 0.400434
vt 0.511065 0.392441
vt 0.506922 0.408445
vt 0.524981 0.408438
vt 0.524980 0.392443
vt 0.517384 0.539768
vt 0.517424 0.526873
vt 0.525586 0.526886
vt 0.525531 0.539815
vt 0.516274 0.620501
vt 0.516569 0.604110
vt 0.524688 0.604250
vt 0.524393 0.620647
vt 0.517083 0.571066
vt 0.517265 0.555131
vt 0.525400 0.555211
vt 0.525209 0.571172
vt 0.516852 0.587109
vt 0.524974 0.587236
vt 0.549382 0.424441
vt 0.543178 0.408444
vt 0.525318 0.408448
vt 0.525324 0.424451
vt 0.550366 0.456432
vt 0.551844 0.440436
vt 0.525334 0.440452
vt 0.525346 0.456453
vt 0.516734 0.460374
vt 0.516389 0.444021
vt 0.524634 0.443838
vt 0.524972 0.460218
vt 0.517409 0.514823
vt 0.517349 0.504329
vt 0.525544 0.504272
vt 0.525586 0.514801
vt 0.500779 0.424456
vt 0.498351 0.440452
vt 0.524994 0.440432
vt 0.524986 0.424437
vt 0.517243 0.493431
vt 0.517027 0.477334
vt 0.525252 0.477211
vt 0.525454 0.493341
vt 0.518241 0.605404
vt 0.524315 0.619085
vt 0.526354 0.620298
vt 0.526161 0.605249
vt 0.514830 0.383638
vt 0.524465 0.383375
vt 0.538973 0.392441
vt 0.525314 0.392443
vt 0.505583 0.470811
vt 0.509411 0.483202
vt 0.525048 0.483170
vt 0.525027 0.470787
vt 0.538053 0.494967
vt 0.540772 0.483182
vt 0.525376 0.483204
vt 0.525397 0.494992
vt 0.544611 0.470796
vt 0.525360 0.470817
vt 0.499843 0.456445
vt 0.525008 0.456426
vt 0.508319 0.548387
vt 0.505583 0.564452
vt 0.525672 0.564228
vt 0.525495 0.548197
vt 0.543768 0.577755
vt 0.545548 0.564098
vt 0.525773 0.577865
vt 0.535570 0.516183
vt 0.536187 0.505310
vt 0.525421 0.505340
vt 0.525455 0.516219
vt 0.512129 0.494994
vt 0.514012 0.505352
vt 0.525128 0.505295
vt 0.525082 0.494953
vt 0.514706 0.516246
vt 0.513493 0.532282
vt 0.525333 0.532173
vt 0.525195 0.516171
vt 0.542522 0.548124
vt 0.537022 0.532163
vt 0.525522 0.532217
vt 0.525604 0.548215
vt 0.516058 0.430156
vt 0.515686 0.415525
vt 0.523943 0.415312
vt 0.524308 0.429955
vt 0.507583 0.578110
vt 0.512637 0.591748
vt 0.525993 0.591605
vt 0.533401 0.605111
vt 0.538896 0.591430
vt 0.525859 0.591516
vt 0.525953 0.605167
vt 0.527430 0.618806
vt 0.526078 0.620183
vt 0.530804 0.400364
vt 0.522542 0.400698
vt 0.521913 0.385629
vt 0.530172 0.385283
vt 0.538894 0.392441
vt 0.543034 0.408439
vt 0.532597 0.539881
vt 0.524450 0.539705
vt 0.524691 0.526814
vt 0.532851 0.526947
vt 0.530071 0.620647
vt 0.521968 0.620358
vt 0.522550 0.603995
vt 0.530657 0.604279
vt 0.531759 0.571236
vt 0.523637 0.570992
vt 0.524086 0.555066
vt 0.532218 0.555280
vt 0.523133 0.587018
vt 0.531246 0.587286
vt 0.501262 0.424464
vt 0.507456 0.408456
vt 0.500317 0.456474
vt 0.498816 0.440470
vt 0.532706 0.460233
vt 0.524470 0.460399
vt 0.524074 0.444057
vt 0.532322 0.443834
vt 0.533022 0.514853
vt 0.524845 0.514771
vt 0.524911 0.504289
vt 0.533103 0.504314
vt 0.549182 0.424435
vt 0.551626 0.440416
vt 0.533105 0.493373
vt 0.524898 0.493410
vt 0.524756 0.477338
vt 0.532978 0.477236
vt 0.534079 0.605206
vt 0.528359 0.619032
vt 0.520456 0.383742
vt 0.530086 0.383337
vt 0.511656 0.392448
vt 0.544451 0.470755
vt 0.540667 0.483133
vt 0.512731 0.495018
vt 0.509970 0.483227
vt 0.506100 0.470838
vt 0.550158 0.456396
vt 0.542655 0.548023
vt 0.545744 0.563999
vt 0.507768 0.577974
vt 0.505826 0.564327
vt 0.515332 0.516257
vt 0.514645 0.505370
vt 0.538011 0.494904
vt 0.536220 0.505236
vt 0.535665 0.516091
vt 0.537156 0.532058
vt 0.508673 0.548305
vt 0.514012 0.532270
vt 0.531906 0.429924
vt 0.523648 0.430195
vt 0.523127 0.415566
vt 0.531389 0.415258
vt 0.544063 0.577682
vt 0.539342 0.591425
vt 0.518501 0.605223
vt 0.512813 0.591602
vt 0.524700 0.618831
vt 0.522747 0.453049
vt 0.527541 0.453050
vt 0.529938 0.465102
vt 0.520348 0.465102
vt 0.531971 0.451215
vt 0.535361 0.447825
vt 0.545578 0.454651
vt 0.538799 0.461432
vt 0.537195 0.443396
vt 0.537194 0.438602
vt 0.549243 0.436206
vt 0.549246 0.445792
vt 0.522750 0.428944
vt 0.518320 0.430778
vt 0.511497 0.420558
vt 0.520359 0.416893
vt 0.535360 0.434173
vt 0.531972 0.430782
vt 0.538800 0.420570
vt 0.545576 0.427350
vt 0.514930 0.434168
vt 0.513094 0.438598
vt 0.501039 0.436196
vt 0.504712 0.427337
vt 0.527544 0.428946
vt 0.529945 0.416898
vt 0.513093 0.443393
vt 0.514927 0.447823
vt 0.504708 0.454651
vt 0.501036 0.445789
vt 0.518317 0.451214
vt 0.511488 0.461432
vt 0.510328 0.536741
vt 0.510336 0.527155
vt 0.523985 0.527166
vt 0.523977 0.536753
vt 0.510372 0.431271
vt 0.510367 0.421680
vt 0.524022 0.421666
vt 0.524031 0.431261
vt 0.510344 0.517567
vt 0.510352 0.507982
vt 0.524001 0.507993
vt 0.523993 0.517580
vt 0.510359 0.412091
vt 0.510349 0.402505
vt 0.523999 0.402490
vt 0.524011 0.412077
vt 0.510359 0.498396
vt 0.510365 0.488809
vt 0.524016 0.488819
vt 0.524008 0.498406
vt 0.510338 0.392918
vt 0.510327 0.383331
vt 0.523978 0.383317
vt 0.523988 0.392905
vt 0.510371 0.479223
vt 0.510376 0.469635
vt 0.524030 0.469640
vt 0.524024 0.479231
vt 0.510378 0.460046
vt 0.510379 0.450454
vt 0.524037 0.450454
vt 0.524034 0.460048
vt 0.510377 0.440863
vt 0.524036 0.440857
vt 0.527198 0.453084
vt 0.529590 0.465139
vt 0.520000 0.465131
vt 0.522406 0.453082
vt 0.511146 0.461455
vt 0.517977 0.451245
vt 0.504373 0.454671
vt 0.514589 0.447854
vt 0.500712 0.445816
vt 0.512755 0.443425
vt 0.500712 0.436234
vt 0.512757 0.438632
vt 0.504380 0.427378
vt 0.514593 0.434203
vt 0.511157 0.420599
vt 0.517984 0.430814
vt 0.520015 0.416928
vt 0.522413 0.428980
vt 0.529605 0.416927
vt 0.527208 0.428980
vt 0.538466 0.420596
vt 0.531638 0.430815
vt 0.545249 0.427378
vt 0.535028 0.434207
vt 0.548921 0.436242
vt 0.536862 0.438637
vt 0.548916 0.445836
vt 0.536860 0.443432
vt 0.545240 0.454696
vt 0.535023 0.447862
vt 0.538453 0.461474
vt 0.531630 0.451251
vt 0.535313 0.434272
vt 0.545528 0.427443
vt 0.549199 0.436303
vt 0.537147 0.438702
vt 0.535312 0.447928
vt 0.545530 0.454756
vt 0.538749 0.461536
vt 0.531922 0.451319
vt 0.514884 0.434272
vt 0.504666 0.427445
vt 0.511448 0.420665
vt 0.518274 0.430882
vt 0.537147 0.443498
vt 0.549201 0.445895
vt 0.527494 0.453154
vt 0.529890 0.465205
vt 0.520302 0.465205
vt 0.522699 0.453155
vt 0.524332 0.508076
vt 0.524288 0.498504
vt 0.537923 0.498457
vt 0.537953 0.508023
vt 0.524243 0.421737
vt 0.524253 0.412129
vt 0.537933 0.412148
vt 0.537918 0.421754
vt 0.511446 0.461536
vt 0.518271 0.451320
vt 0.524278 0.392909
vt 0.524290 0.383297
vt 0.537976 0.383316
vt 0.537963 0.392928
vt 0.524266 0.402520
vt 0.537949 0.402540
vt 0.512972 0.443464
vt 0.514807 0.447894
vt 0.504588 0.454722
vt 0.500917 0.445861
vt 0.520307 0.416997
vt 0.522703 0.429047
vt 0.524222 0.460133
vt 0.524223 0.450538
vt 0.537882 0.450543
vt 0.537878 0.460131
vt 0.522628 0.453119
vt 0.527422 0.453119
vt 0.529820 0.465170
vt 0.520231 0.465171
vt 0.531924 0.430881
vt 0.538749 0.420666
vt 0.529892 0.416998
vt 0.527496 0.429047
vt 0.513049 0.438702
vt 0.500995 0.436305
vt 0.504665 0.454758
vt 0.514882 0.447929
vt 0.524227 0.440941
vt 0.537891 0.440952
vt 0.524227 0.469728
vt 0.537880 0.469717
vt 0.524417 0.527196
vt 0.524376 0.517638
vt 0.537989 0.517583
vt 0.538026 0.527141
vt 0.524234 0.431342
vt 0.537904 0.431356
vt 0.524256 0.488916
vt 0.524237 0.479322
vt 0.537887 0.479302
vt 0.537901 0.488881
vt 0.500995 0.445896
vt 0.549125 0.436272
vt 0.549125 0.445861
vt 0.514806 0.434240
vt 0.500918 0.436272
vt 0.504589 0.427413
vt 0.522625 0.429016
vt 0.518195 0.430850
vt 0.511369 0.420633
vt 0.520228 0.416965
vt 0.535241 0.447894
vt 0.545457 0.454720
vt 0.518197 0.451284
vt 0.527419 0.429016
vt 0.529817 0.416965
vt 0.513899 0.505194
vt 0.525004 0.505225
vt 0.524970 0.516108
vt 0.514488 0.516069
vt 0.535239 0.434241
vt 0.524455 0.536753
vt 0.538064 0.536700
vt 0.531849 0.430851
vt 0.538674 0.420634
vt 0.511280 0.591508
vt 0.524638 0.591592
vt 0.524569 0.605243
vt 0.516647 0.605258
vt 0.537252 0.531836
vt 0.525766 0.532080
vt 0.525464 0.516083
vt 0.535562 0.515919
vt 0.535135 0.604784
vt 0.527693 0.605016
vt 0.527288 0.591369
vt 0.540313 0.590994
vt 0.509089 0.499559
vt 0.517283 0.499570
vt 0.517274 0.510478
vt 0.509069 0.510472
vt 0.543037 0.547666
vt 0.526137 0.548077
vt 0.544884 0.577230
vt 0.526904 0.577721
vt 0.526539 0.564072
vt 0.546377 0.563556
vt 0.507662 0.548088
vt 0.524840 0.548157
vt 0.524767 0.564199
vt 0.504675 0.564104
vt 0.509056 0.526574
vt 0.517273 0.526575
vt 0.517283 0.543531
vt 0.509053 0.543534
vt 0.524909 0.532121
vt 0.513073 0.532069
vt 0.498457 0.440347
vt 0.525078 0.440360
vt 0.525071 0.456348
vt 0.499925 0.456324
vt 0.525317 0.505203
vt 0.536063 0.505083
vt 0.524484 0.620298
vt 0.522470 0.619047
vt 0.507049 0.408387
vt 0.525084 0.408388
vt 0.525082 0.424374
vt 0.500901 0.424372
vt 0.517298 0.559886
vt 0.509056 0.559891
vt 0.529507 0.618612
vt 0.528195 0.620022
vt 0.509063 0.588395
vt 0.517320 0.588392
vt 0.517328 0.603269
vt 0.509066 0.603271
vt 0.517311 0.573756
vt 0.509061 0.573761
vt 0.506454 0.577789
vt 0.524703 0.577890
vt 0.509421 0.483066
vt 0.525048 0.483092
vt 0.525028 0.494877
vt 0.512088 0.494848
vt 0.525225 0.494854
vt 0.537860 0.494765
vt 0.540538 0.483002
vt 0.525159 0.483067
vt 0.525115 0.470679
vt 0.544352 0.470629
vt 0.505634 0.470683
vt 0.550094 0.456273
vt 0.542892 0.408310
vt 0.525042 0.408316
vt 0.525040 0.392319
vt 0.538686 0.392317
vt 0.509111 0.489044
vt 0.517293 0.489056
vt 0.509134 0.476965
vt 0.517307 0.476975
vt 0.509172 0.448632
vt 0.517318 0.448636
vt 0.517314 0.464042
vt 0.509156 0.464035
vt 0.509192 0.399601
vt 0.517309 0.399604
vt 0.517309 0.416609
vt 0.509186 0.416608
vt 0.517315 0.432669
vt 0.509182 0.432669
vt 0.525063 0.440315
vt 0.551564 0.440285
vt 0.509204 0.383214
vt 0.517317 0.383218
vt 0.511192 0.392407
vt 0.525084 0.392413
vt 0.536118 0.505253
vt 0.535459 0.516141
vt 0.517334 0.618350
vt 0.509070 0.618352
vt 0.525049 0.424315
vt 0.549098 0.424298
vt 0.518713 0.620298
vt 0.509070 0.620298
vt 0.542956 0.577962
vt 0.537999 0.591639
vt 0.514236 0.591746
vt 0.508890 0.578213
vt 0.544862 0.564288
vt 0.537403 0.499363
vt 0.537429 0.510268
vt 0.529218 0.510288
vt 0.529210 0.499364
vt 0.532491 0.605341
vt 0.509193 0.548488
vt 0.514242 0.532325
vt 0.515323 0.516247
vt 0.536751 0.532166
vt 0.542022 0.548241
vt 0.537834 0.573610
vt 0.537969 0.588263
vt 0.529702 0.588342
vt 0.529572 0.573683
vt 0.520240 0.605249
vt 0.537712 0.559724
vt 0.529459 0.559788
vt 0.538118 0.603155
vt 0.529847 0.603239
vt 0.526780 0.618707
vt 0.537493 0.526373
vt 0.537590 0.543349
vt 0.529349 0.543400
vt 0.529265 0.526409
vt 0.506662 0.564589
vt 0.514521 0.505322
vt 0.512539 0.494944
vt 0.507183 0.408319
vt 0.511391 0.392317
vt 0.509736 0.483133
vt 0.551708 0.440366
vt 0.543123 0.408389
vt 0.549270 0.424381
vt 0.505843 0.470730
vt 0.530006 0.618334
vt 0.538276 0.618247
vt 0.538297 0.620195
vt 0.528650 0.620298
vt 0.544500 0.470716
vt 0.500043 0.456356
vt 0.500984 0.424329
vt 0.537501 0.463893
vt 0.537438 0.476801
vt 0.529276 0.476766
vt 0.529352 0.463843
vt 0.538296 0.383212
vt 0.538094 0.399572
vt 0.529990 0.399474
vt 0.530194 0.383111
vt 0.537734 0.432577
vt 0.537603 0.448515
vt 0.529468 0.448451
vt 0.529613 0.432499
vt 0.537894 0.416548
vt 0.529785 0.416458
vt 0.537405 0.488861
vt 0.529228 0.488844
vt 0.526514 0.619070
usemtl Exterior_Mat
s off
f 1412/1279 1383/1280 1382/1281 1411/1282
f 1381/1283 1396/1284 1428/1285 1443/1286
f 1391/1287 1386/1288 1385/1289 1392/1290
f 1384/1291 1397/1292 1396/1293 1381/1294
f 1403/1295 1387/1296 1388/1297 1402/1298
f 1397/1292 1389/1299 1390/1300 1396/1293
f 1389/1301 1397/1302 1429/1303 1451/1304
f 1387/1296 1391/1287 1392/1290 1388/1297
f 1387/1305 1403/1306 1436/1307 1449/1308
f 1406/1309 1394/1310 1393/1311 1405/1312
f 1389/1299 1403/1295 1402/1298 1390/1300
f 1400/1313 1398/1314 1395/1315 1399/1316
f 1386/1288 1400/1313 1399/1316 1385/1289
f 1390/1317 1402/1318 1437/1319 1452/1320
f 1414/1321 1404/1322 1401/1323 1413/1324
f 1411/1325 1382/1326 1444/1327 1478/1328
f 1382/1281 1383/1280 1445/1329 1444/1330
f 1397/1302 1384/1331 1446/1332 1429/1303
f 1392/1333 1385/1334 1447/1335 1453/1336
f 1400/1337 1386/1338 1448/1339 1459/1340
f 1391/1341 1387/1305 1449/1308 1454/1342
f 1402/1318 1388/1343 1450/1344 1437/1319
f 1403/1306 1389/1301 1451/1304 1436/1307
f 1396/1284 1390/1317 1452/1320 1428/1285
f 1388/1343 1392/1333 1453/1336 1450/1344
f 1386/1338 1391/1341 1454/1342 1448/1339
f 1405/1345 1393/1346 1455/1347 1465/1348
f 1410/1349 1394/1350 1456/1347 1474/1351
f 1414/1352 1398/1353 1457/1354 1481/1355
f 1399/1356 1395/1357 1458/1358 1460/1359
f 1398/1353 1400/1337 1459/1340 1457/1354
f 1385/1334 1399/1356 1460/1359 1447/1335
f 1413/1360 1401/1361 1461/1362 1482/1363
f 1406/1364 1404/1365 1462/1366 1466/1367
f 1404/1322 1406/1309 1405/1312 1401/1323
f 1401/1361 1405/1345 1465/1348 1461/1362
f 1394/1350 1406/1364 1466/1367 1456/1347
f 1410/1368 1408/1369 1407/1370 1409/1371
f 1409/1372 1407/1373 1469/1374 1471/1351
f 1412/1375 1408/1376 1470/1377 1477/1378
f 1408/1376 1410/1349 1474/1351 1470/1377
f 1394/1310 1410/1368 1409/1371 1393/1311
f 1393/1346 1409/1372 1471/1351 1455/1347
f 1408/1369 1412/1279 1411/1282 1407/1370
f 1407/1373 1411/1325 1478/1328 1469/1374
f 1383/1379 1412/1375 1477/1378 1445/1380
f 1398/1314 1414/1321 1413/1324 1395/1315
f 1404/1365 1414/1352 1481/1355 1462/1366
f 1395/1357 1413/1360 1482/1363 1458/1358
f 1476/1381 1475/1382 1416/1383 1417/1384
f 1415/1385 1443/1286 1428/1285 1432/1386
f 1425/1387 1426/1388 1419/1389 1420/1390
f 1418/1391 1415/1392 1432/1393 1433/1394
f 1441/1395 1440/1396 1422/1397 1421/1398
f 1433/1394 1432/1393 1424/1399 1423/1400
f 1423/1401 1451/1304 1429/1303 1433/1402
f 1421/1398 1422/1397 1426/1388 1425/1387
f 1421/1403 1449/1308 1436/1307 1441/1404
f 1464/1405 1463/1406 1427/1407 1430/1408
f 1423/1400 1424/1399 1440/1396 1441/1395
f 1438/1409 1435/1410 1431/1411 1434/1412
f 1420/1390 1419/1389 1435/1410 1438/1409
f 1424/1413 1452/1320 1437/1319 1440/1414
f 1480/1415 1479/1416 1439/1417 1442/1418
f 1475/1419 1478/1328 1444/1327 1416/1420
f 1416/1383 1444/1421 1445/1422 1417/1384
f 1433/1402 1429/1303 1446/1332 1418/1423
f 1426/1424 1453/1336 1447/1335 1419/1425
f 1438/1426 1459/1340 1448/1339 1420/1427
f 1425/1428 1454/1342 1449/1308 1421/1403
f 1440/1414 1437/1319 1450/1344 1422/1429
f 1441/1404 1436/1307 1451/1304 1423/1401
f 1432/1386 1428/1285 1452/1320 1424/1413
f 1422/1429 1450/1344 1453/1336 1426/1424
f 1420/1427 1448/1339 1454/1342 1425/1428
f 1463/1430 1465/1348 1455/1347 1427/1431
f 1473/1432 1474/1351 1456/1347 1430/1433
f 1480/1434 1481/1355 1457/1354 1434/1435
f 1435/1436 1460/1359 1458/1358 1431/1437
f 1434/1435 1457/1354 1459/1340 1438/1426
f 1419/1425 1447/1335 1460/1359 1435/1436
f 1479/1438 1482/1363 1461/1362 1439/1439
f 1464/1440 1466/1367 1462/1366 1442/1441
f 1442/1418 1439/1417 1463/1406 1464/1405
f 1439/1439 1461/1362 1465/1348 1463/1430
f 1430/1433 1456/1347 1466/1367 1464/1440
f 1473/1442 1472/1443 1467/1444 1468/1445
f 1472/1446 1471/1351 1469/1374 1467/1447
f 1476/1448 1477/1378 1470/1377 1468/1449
f 1468/1449 1470/1377 1474/1351 1473/1432
f 1430/1408 1427/1407 1472/1443 1473/1442
f 1427/1431 1455/1347 1471/1351 1472/1446
f 1468/1445 1467/1444 1475/1382 1476/1381
f 1467/1447 1469/1374 1478/1328 1475/1419
f 1417/1450 1445/1380 1477/1378 1476/1448
f 1434/1412 1431/1411 1479/1416 1480/1415
f 1442/1441 1462/1366 1481/1355 1480/1434
f 1431/1437 1458/1358 1482/1363 1479/1438
f 1492/1451 1491/1452 1507/1453 1508/1454
f 1490/1455 1489/1456 1505/1457 1506/1458
f 1488/1459 1487/1460 1503/1461 1504/1462
f 1483/1463 1498/1464 1514/1465 1499/1466
f 1486/1467 1485/1468 1501/1469 1502/1470
f 1497/1471 1496/1472 1512/1473 1513/1474
f 1484/1475 1483/1463 1499/1466 1500/1476
f 1495/1477 1494/1478 1510/1479 1511/1480
f 1493/1481 1492/1451 1508/1454 1509/1482
f 1491/1452 1490/1455 1506/1458 1507/1453
f 1489/1456 1488/1459 1504/1462 1505/1457
f 1487/1460 1486/1467 1502/1470 1503/1461
f 1498/1464 1497/1471 1513/1474 1514/1465
f 1485/1468 1484/1475 1500/1476 1501/1469
f 1496/1472 1495/1477 1511/1480 1512/1473
f 1494/1478 1493/1481 1509/1482 1510/1479
f 1499/1483 1514/1484 1546/1485 1531/1486
f 1504/1487 1503/1488 1535/1489 1536/1490
f 1513/1491 1512/1492 1544/1493 1545/1494
f 1502/1495 1501/1496 1533/1497 1534/1498
f 1511/1499 1510/1500 1542/1501 1543/1502
f 1500/1503 1499/1504 1531/1505 1532/1506
f 1509/1507 1508/1508 1540/1509 1541/1510
f 1507/1511 1506/1512 1538/1513 1539/1514
f 1505/1515 1504/1487 1536/1490 1537/1516
f 1514/1484 1513/1491 1545/1494 1546/1485
f 1503/1488 1502/1495 1534/1498 1535/1489
f 1512/1492 1511/1499 1543/1502 1544/1493
f 1501/1496 1500/1503 1532/1506 1533/1497
f 1510/1500 1509/1507 1541/1510 1542/1501
f 1508/1508 1507/1511 1539/1514 1540/1509
f 1506/1512 1505/1515 1537/1516 1538/1513
f 1515/1517 1531/1518 1546/1519 1530/1520
f 1530/1520 1546/1519 1545/1521 1529/1522
f 1529/1522 1545/1521 1544/1523 1528/1524
f 1528/1524 1544/1523 1543/1525 1527/1526
f 1527/1526 1543/1525 1542/1527 1526/1528
f 1526/1528 1542/1527 1541/1529 1525/1530
f 1525/1530 1541/1529 1540/1531 1524/1532
f 1524/1532 1540/1531 1539/1533 1523/1534
f 1523/1534 1539/1533 1538/1535 1522/1536
f 1522/1536 1538/1535 1537/1537 1521/1538
f 1521/1538 1537/1537 1536/1539 1520/1540
f 1520/1540 1536/1539 1535/1541 1519/1542
f 1519/1542 1535/1541 1534/1543 1518/1544
f 1518/1544 1534/1543 1533/1545 1517/1546
f 1517/1546 1533/1545 1532/1547 1516/1548
f 1516/1548 1532/1547 1531/1518 1515/1517
f 1574/1549 1558/1550 1559/1551 1575/1552
f 1577/1553 1561/1554 1562/1555 1578/1556
f 1569/1557 1553/1558 1554/1559 1570/1560
f 1576/1561 1560/1562 1561/1554 1577/1553
f 1563/1563 1547/1564 1548/1565 1564/1566
f 1581/1567 1582/1568 1550/1569 1549/1570
f 1590/1571 1591/1572 1559/1573 1558/1574
f 1564/1566 1548/1565 1549/1575 1565/1576
f 1578/1556 1562/1555 1547/1564 1563/1563
f 1593/1577 1594/1578 1562/1579 1561/1580
f 1592/1581 1593/1577 1561/1580 1560/1582
f 1599/1583 1600/1584 1584/1585 1583/1586
f 1570/1560 1554/1559 1555/1587 1571/1588
f 1586/1589 1587/1590 1555/1591 1554/1592
f 1602/1593 1603/1594 1587/1595 1586/1596
f 1575/1552 1559/1551 1560/1562 1576/1561
f 1573/1597 1557/1598 1558/1550 1574/1549
f 1571/1588 1555/1587 1556/1599 1572/1600
f 1568/1601 1552/1602 1553/1558 1569/1557
f 1565/1576 1549/1575 1550/1603 1566/1604
f 1587/1590 1588/1605 1556/1606 1555/1591
f 1585/1607 1586/1589 1554/1592 1553/1608
f 1579/1609 1580/1610 1548/1611 1547/1612
f 1588/1605 1589/1613 1557/1614 1556/1606
f 1583/1615 1584/1616 1552/1617 1551/1618
f 1566/1604 1550/1603 1551/1619 1567/1583
f 1582/1568 1583/1615 1551/1618 1550/1569
f 1589/1613 1590/1571 1558/1574 1557/1614
f 1606/1561 1607/1552 1591/1620 1590/1621
f 1597/1622 1598/1601 1582/1623 1581/1624
f 1595/1625 1596/1626 1580/1627 1579/1628
f 1567/1583 1551/1619 1552/1602 1568/1601
f 1598/1601 1599/1583 1583/1586 1582/1623
f 1596/1626 1597/1622 1581/1624 1580/1627
f 1604/1556 1605/1629 1589/1630 1588/1555
f 1600/1584 1601/1631 1585/1575 1584/1585
f 1580/1610 1581/1567 1549/1570 1548/1611
f 1610/1632 1595/1625 1579/1628 1594/1633
f 1603/1594 1604/1556 1588/1555 1587/1595
f 1662/1634 1635/1635 1611/1636 1614/1637
f 1601/1631 1602/1593 1586/1596 1585/1575
f 1584/1616 1585/1607 1553/1608 1552/1617
f 1591/1572 1592/1581 1560/1582 1559/1573
f 1607/1552 1608/1638 1592/1550 1591/1620
f 1605/1629 1606/1561 1590/1621 1589/1630
f 1572/1600 1556/1599 1557/1598 1573/1597
f 1594/1639 1579/1609 1547/1612 1562/1640
f 1609/1641 1610/1632 1594/1633 1593/1642
f 1608/1638 1609/1641 1593/1642 1592/1550
f 1626/1643 1624/1644 1615/1645 1618/1646
f 1651/1647 1631/1648 1612/1649 1613/1650
f 1617/1651 1616/1652 1623/1653 1625/1654
f 1659/1655 1662/1656 1614/1657 1613/1658
f 1629/1659 1627/1660 1631/1648 1651/1647
f 1620/1661 1619/1662 1637/1663 1663/1664
f 1630/1665 1628/1666 1638/1667 1666/1668
f 1651/1669 1654/1670 1630/1671 1629/1672
f 1614/1637 1611/1636 1632/1673 1654/1674
f 1653/1675 1656/1676 1643/1677 1671/1678
f 1613/1650 1612/1649 1636/1679 1659/1680
f 1618/1646 1615/1645 1649/1681 1677/1682
f 1625/1654 1623/1653 1619/1662 1620/1661
f 1661/1683 1665/1684 1641/1685 1669/1686
f 1629/1672 1630/1671 1666/1687 1663/1688
f 1676/1689 1648/1690 1616/1652 1617/1651
f 1625/1691 1626/1692 1618/1693 1617/1694
f 1663/1688 1666/1687 1621/1695 1620/1696
f 1621/1697 1622/1698 1624/1644 1626/1643
f 1654/1674 1632/1673 1628/1666 1630/1665
f 1674/1699 1646/1700 1633/1701 1658/1702
f 1659/1680 1636/1679 1634/1703 1655/1704
f 1673/1705 1645/1706 1639/1707 1668/1708
f 1671/1678 1643/1677 1640/1707 1667/1709
f 1658/1702 1633/1701 1635/1635 1662/1634
f 1663/1664 1637/1663 1627/1660 1629/1659
f 1668/1708 1639/1707 1644/1677 1672/1710
f 1660/1711 1664/1712 1647/1713 1675/1714
f 1655/1715 1658/1716 1662/1656 1659/1655
f 1613/1658 1614/1657 1654/1670 1651/1669
f 1673/1717 1674/1718 1658/1716 1655/1715
f 1620/1696 1621/1695 1626/1692 1625/1691
f 1672/1719 1671/1720 1667/1721 1668/1722
f 1660/1723 1661/1724 1669/1725 1670/1726
f 1670/1726 1669/1725 1653/1727 1652/1728
f 1672/1710 1644/1677 1657/1729 1652/1730
f 1667/1709 1640/1707 1646/1700 1674/1699
f 1675/1731 1678/1732 1661/1724 1660/1723
f 1678/1733 1650/1734 1665/1684 1661/1683
f 1698/1735 1680/1736 1611/1636 1635/1635
f 1617/1694 1618/1693 1677/1737 1676/1738
f 1652/1730 1657/1729 1642/1739 1670/1740
f 1655/1704 1634/1703 1645/1706 1673/1705
f 1652/1728 1653/1727 1671/1720 1672/1719
f 1668/1722 1667/1721 1674/1718 1673/1717
f 1666/1668 1638/1667 1622/1698 1621/1697
f 1677/1737 1649/1741 1648/1742 1676/1738
f 1670/1740 1642/1739 1664/1712 1660/1711
f 1669/1686 1641/1685 1656/1676 1653/1675
f 1684/1743 1686/1744 1624/1644 1622/1698
f 1685/1745 1683/1746 1619/1662 1623/1653
f 1700/1747 1684/1743 1622/1698 1638/1667
f 1695/1748 1679/1749 1680/1750 1698/1751
f 1686/1744 1682/1752 1615/1645 1624/1644
f 1687/1753 1689/1754 1631/1648 1627/1660
f 1689/1754 1679/1755 1612/1649 1631/1648
f 1692/1756 1688/1757 1628/1666 1632/1673
f 1683/1758 1685/1759 1686/1760 1684/1761
f 1681/1762 1685/1745 1623/1653 1616/1652
f 1699/1763 1683/1758 1684/1761 1700/1764
f 1685/1759 1681/1765 1682/1766 1686/1760
f 1680/1736 1692/1756 1632/1673 1611/1636
f 1710/1767 1681/1762 1616/1652 1648/1690
f 1689/1768 1687/1769 1688/1770 1692/1771
f 1699/1772 1687/1753 1627/1660 1637/1663
f 1695/1773 1693/1774 1634/1703 1636/1679
f 1688/1757 1700/1747 1638/1667 1628/1666
f 1696/1775 1709/1776 1647/1713 1664/1712
f 1679/1755 1695/1773 1636/1679 1612/1649
f 1693/1774 1707/1777 1645/1706 1634/1703
f 1708/1425 1694/1436 1633/1701 1646/1700
f 1691/1778 1705/1429 1643/1677 1656/1676
f 1697/1779 1703/1780 1641/1685 1665/1684
f 1707/1777 1702/1781 1639/1707 1645/1706
f 1711/1782 1710/1783 1648/1784 1649/1785
f 1683/1746 1699/1772 1637/1663 1619/1662
f 1701/1786 1708/1425 1646/1700 1640/1707
f 1694/1436 1698/1735 1635/1635 1633/1701
f 1702/1781 1706/1787 1644/1677 1639/1707
f 1690/1675 1704/1788 1642/1739 1657/1729
f 1705/1429 1701/1786 1640/1707 1643/1677
f 1679/1749 1689/1768 1692/1771 1680/1750
f 1681/1765 1710/1783 1711/1782 1682/1766
f 1712/1331 1697/1779 1665/1684 1650/1734
f 1702/1789 1707/1790 1708/1791 1701/1792
f 1709/1793 1696/1794 1697/1795 1712/1796
f 1690/1797 1706/1798 1705/1799 1691/1800
f 1696/1794 1704/1801 1703/1802 1697/1795
f 1704/1788 1696/1775 1664/1712 1642/1739
f 1706/1798 1702/1789 1701/1792 1705/1799
f 1706/1787 1690/1675 1657/1729 1644/1677
f 1687/1769 1699/1763 1700/1764 1688/1770
f 1704/1801 1690/1797 1691/1800 1703/1802
f 1693/1803 1695/1748 1698/1751 1694/1804
f 1707/1790 1693/1803 1694/1804 1708/1791
f 1703/1780 1691/1778 1656/1676 1641/1685
f 1682/1752 1711/1805 1649/1681 1615/1645
o Clock_Surface
v -2.225000 1.353600 16.870001
v -2.225000 1.327591 17.134075
v -2.225000 1.250563 17.388000
v -2.224999 1.125477 17.622021
v -2.224999 0.957140 17.827141
v -2.224999 0.752020 17.995478
v -2.224999 0.518000 18.120564
v -2.224999 0.264074 18.197592
v -2.224999 0.000000 18.223600
v -2.224999 -0.264074 18.197592
v -2.224999 -0.518000 18.120564
v -2.224999 -0.752020 17.995478
v -2.224999 -0.957140 17.827141
v -2.224999 -1.125477 17.622021
v -2.225000 -1.250564 17.388000
v -2.225000 -1.327591 17.134075
v -2.225000 -1.353600 16.870001
v -2.225000 -1.327591 16.605927
v -2.225000 -1.250563 16.351999
v -2.225000 -1.125477 16.117981
v -2.225001 -0.957139 15.912861
v -2.225001 -0.752019 15.744523
v -2.225001 -0.517999 15.619437
v -2.225001 -0.264073 15.542410
v -2.225001 0.000001 15.516401
v -2.225001 0.264076 15.542410
v -2.225001 0.518002 15.619438
v -2.225001 0.752021 15.744524
v -2.225001 0.957141 15.912863
v -2.225000 1.125478 16.117983
v -2.225000 1.250564 16.352003
v -2.225000 1.327591 16.605928
v -2.225000 0.000000 16.870003
v 2.225000 0.000002 16.870003
v 2.225002 -1.327588 16.605928
v 2.225002 -1.250561 16.352003
v 2.225002 -1.125475 16.117983
v 2.225002 -0.957138 15.912863
v 2.225002 -0.752018 15.744524
v 2.225001 -0.517999 15.619438
v 2.225001 -0.264073 15.542410
v 2.225001 0.000002 15.516401
v 2.225001 0.264076 15.542410
v 2.225000 0.518002 15.619437
v 2.225000 0.752022 15.744523
v 2.224999 0.957142 15.912861
v 2.224999 1.125480 16.117981
v 2.224999 1.250566 16.351999
v 2.224999 1.327594 16.605927
v 2.224998 1.353603 16.870001
v 2.224998 1.327594 17.134075
v 2.224998 1.250566 17.388000
v 2.224998 1.125480 17.622021
v 2.224998 0.957143 17.827141
v 2.224998 0.752023 17.995478
v 2.224999 0.518003 18.120564
v 2.224999 0.264077 18.197592
v 2.224999 0.000003 18.223600
v 2.224999 -0.264071 18.197592
v 2.225000 -0.517997 18.120564
v 2.225000 -0.752017 17.995478
v 2.225001 -0.957137 17.827141
v 2.225001 -1.125474 17.622021
v 2.225001 -1.250560 17.388000
v 2.225001 -1.327588 17.134075
v 2.225002 -1.353597 16.870001
vt 0.632576 0.688807
vt 0.612047 0.675091
vt 0.691945 0.577734
vt 0.817279 0.590079
vt 0.812463 0.614293
vt 0.632577 0.466663
vt 0.655386 0.457215
vt 0.803016 0.637102
vt 0.594589 0.657633
vt 0.580872 0.637103
vt 0.679601 0.452399
vt 0.704290 0.452399
vt 0.789299 0.657630
vt 0.771842 0.675088
vt 0.571424 0.614293
vt 0.566608 0.590078
vt 0.728505 0.457216
vt 0.751314 0.466665
vt 0.751314 0.688805
vt 0.728505 0.698253
vt 0.566608 0.565388
vt 0.571425 0.541174
vt 0.771842 0.480381
vt 0.789299 0.497839
vt 0.704290 0.703070
vt 0.679601 0.703071
vt 0.803015 0.518367
vt 0.812463 0.541176
vt 0.580873 0.518364
vt 0.594590 0.497836
vt 0.655386 0.698255
vt 0.817279 0.565391
vt 0.612048 0.480379
usemtl Exterior_Mat
s off
f 1736/1806 1735/1807 1745/1808
f 1714/1809 1713/1810 1745/1808
f 1725/1811 1724/1812 1745/1808
f 1713/1810 1744/1813 1745/1808
f 1734/1814 1733/1815 1745/1808
f 1723/1816 1722/1817 1745/1808
f 1743/1818 1742/1819 1745/1808
f 1732/1820 1731/1821 1745/1808
f 1721/1822 1720/1823 1745/1808
f 1741/1824 1740/1825 1745/1808
f 1730/1826 1729/1827 1745/1808
f 1719/1828 1718/1829 1745/1808
f 1739/1830 1738/1831 1745/1808
f 1717/1832 1716/1833 1745/1808
f 1728/1834 1727/1835 1745/1808
f 1737/1836 1736/1806 1745/1808
f 1715/1837 1714/1809 1745/1808
f 1726/1838 1725/1811 1745/1808
f 1735/1807 1734/1814 1745/1808
f 1724/1812 1723/1816 1745/1808
f 1744/1813 1743/1818 1745/1808
f 1733/1815 1732/1820 1745/1808
f 1722/1817 1721/1822 1745/1808
f 1742/1819 1741/1824 1745/1808
f 1731/1821 1730/1826 1745/1808
f 1720/1823 1719/1828 1745/1808
f 1740/1825 1739/1830 1745/1808
f 1718/1829 1717/1832 1745/1808
f 1729/1827 1728/1834 1745/1808
f 1738/1831 1737/1836 1745/1808
f 1716/1833 1715/1837 1745/1808
f 1727/1835 1726/1838 1745/1808
f 1775/1833 1776/1837 1746/1808
f 1753/1831 1754/1836 1746/1808
f 1762/1827 1763/1834 1746/1808
f 1764/1835 1765/1838 1746/1808
f 1751/1825 1752/1830 1746/1808
f 1771/1823 1772/1828 1746/1808
f 1760/1821 1761/1826 1746/1808
f 1773/1829 1774/1832 1746/1808
f 1769/1817 1770/1822 1746/1808
f 1747/1813 1748/1818 1746/1808
f 1749/1819 1750/1824 1746/1808
f 1758/1815 1759/1820 1746/1808
f 1756/1807 1757/1814 1746/1808
f 1765/1838 1766/1811 1746/1808
f 1776/1837 1777/1809 1746/1808
f 1767/1812 1768/1816 1746/1808
f 1774/1832 1775/1833 1746/1808
f 1761/1826 1762/1827 1746/1808
f 1752/1830 1753/1831 1746/1808
f 1770/1822 1771/1823 1746/1808
f 1754/1836 1755/1806 1746/1808
f 1763/1834 1764/1835 1746/1808
f 1750/1824 1751/1825 1746/1808
f 1768/1816 1769/1817 1746/1808
f 1759/1820 1760/1821 1746/1808
f 1766/1811 1767/1812 1746/1808
f 1772/1828 1773/1829 1746/1808
f 1778/1810 1747/1813 1746/1808
f 1755/1806 1756/1807 1746/1808
f 1748/1818 1749/1819 1746/1808
f 1777/1809 1778/1810 1746/1808
f 1757/1814 1758/1815 1746/1808
o WindowFrames
v -2.150000 0.210004 3.949991
v -2.150000 0.210004 4.969980
v -2.150000 -0.210003 4.969980
v -2.150000 -0.210003 3.949982
v -2.050000 -0.200003 3.959991
v -2.050000 0.200003 3.959991
v -2.150000 0.200003 3.959991
v -2.150000 -0.200002 3.959991
v -2.150000 -0.200002 4.959988
v -2.050000 0.200003 4.959988
v -2.050000 -0.200003 4.959988
v -2.150000 0.200003 4.959988
v -2.150000 0.210004 9.549994
v -2.150000 0.210004 10.569983
v -2.150000 -0.210003 10.569983
v -2.150000 -0.210003 9.549985
v -2.050000 -0.200003 9.559994
v -2.050000 0.200003 9.559994
v -2.150000 0.200003 9.559994
v -2.150000 -0.200002 9.559994
v -2.150000 -0.200002 10.559992
v -2.050000 0.200003 10.559992
v -2.050000 -0.200003 10.559992
v -2.150000 0.200003 10.559992
vt 0.260832 0.951823
vt 0.158239 0.951823
vt 0.158239 0.926175
vt 0.260832 0.926175
vt 0.155674 0.923611
vt 0.263397 0.923608
vt 0.013570 0.922377
vt 0.271534 0.922443
vt 0.269052 0.926868
vt 0.018030 0.926836
vt 0.053437 0.967517
vt 0.156030 0.967517
vt 0.156030 0.993165
vt 0.053437 0.993165
vt 0.019891 0.966460
vt 0.270856 0.966493
vt 0.270853 0.991590
vt 0.019888 0.991556
vt 0.275271 0.996082
vt 0.017332 0.996013
vt 0.158595 0.995728
vt 0.050872 0.995728
vt 0.269049 0.951970
vt 0.018027 0.951938
vt 0.127268 0.951824
vt 0.024675 0.951823
vt 0.024675 0.926175
vt 0.127268 0.926176
vt 0.022110 0.923610
vt 0.129833 0.923609
vt 0.013308 0.922113
vt 0.271274 0.922306
vt 0.268789 0.926729
vt 0.017766 0.926575
vt 0.150959 0.968503
vt 0.253551 0.968504
vt 0.253551 0.994151
vt 0.150959 0.994151
vt 0.019897 0.966640
vt 0.270862 0.966672
vt 0.270858 0.991769
vt 0.019894 0.991737
vt 0.275276 0.996261
vt 0.017338 0.996194
vt 0.256116 0.996714
vt 0.148393 0.996714
vt 0.268774 0.951831
vt 0.017751 0.951677
usemtl Exterior_Mat
s off
f 1783/1839 1784/1840 1785/1841 1786/1842
f 1779/1843 1782/1844 1786/1842 1785/1841
f 1782/1845 1781/1846 1787/1847 1786/1848
f 1788/1849 1789/1850 1787/1851 1790/1852
f 1784/1853 1788/1854 1790/1855 1785/1856
f 1780/1857 1779/1858 1785/1856 1790/1855
f 1790/1852 1787/1851 1781/1859 1780/1860
f 1786/1848 1787/1847 1789/1861 1783/1862
f 1795/1863 1796/1864 1797/1865 1798/1866
f 1791/1867 1794/1868 1798/1866 1797/1865
f 1794/1869 1793/1870 1799/1871 1798/1872
f 1800/1873 1801/1874 1799/1875 1802/1876
f 1796/1877 1800/1878 1802/1879 1797/1880
f 1792/1881 1791/1882 1797/1880 1802/1879
f 1802/1876 1799/1875 1793/1883 1792/1884
f 1798/1872 1799/1871 1801/1885 1795/1886
o Windows
v -2.054995 0.015001 4.909993
v -2.054993 0.150005 4.909993
v -2.090001 -0.009999 4.914993
v -2.084996 -0.014998 4.909993
v -2.084996 -0.149997 4.909993
v -2.090001 -0.154996 4.914993
v -2.089999 0.200007 3.960000
v -2.090001 0.000000 3.960002
v -2.054998 0.150002 4.009995
v -2.054995 0.014999 4.009995
v -2.090001 -0.199999 4.960001
v -2.090001 0.000000 4.960001
v -2.089999 0.155003 4.636649
v -2.090001 0.010000 4.636649
v -2.084996 0.015002 4.641649
v -2.084994 0.150006 4.641646
v -2.054995 -0.149998 4.611646
v -2.054995 -0.014999 4.611650
v -2.089999 0.200007 4.293324
v -2.089999 0.155003 4.004994
v -2.084997 0.150004 4.009995
v -2.084994 0.150004 4.278318
v -2.089999 0.155003 4.283321
v -2.054995 0.150004 4.611646
v -2.054995 0.150004 4.308318
v -2.090001 0.009999 4.914993
v -2.084996 0.015002 4.909993
v -2.054995 -0.014999 4.641649
v -2.054995 -0.149998 4.641646
v -2.090001 -0.199999 4.626652
v -2.090001 -0.199999 4.293324
v -2.054995 -0.149998 4.278318
v -2.054995 -0.014999 4.278321
v -2.054997 0.015001 4.611650
v -2.054995 0.015000 4.278321
v -2.054995 0.150002 4.278318
v -2.090001 -0.009999 4.636649
v -2.090001 -0.154997 4.636649
v -2.084996 -0.149998 4.641649
v -2.084996 -0.014998 4.641652
v -2.054993 0.150005 4.641646
v -2.054995 0.015001 4.641649
v -2.054995 -0.149998 4.308318
v -2.084994 0.150005 4.611646
v -2.084996 0.015002 4.611650
v -2.090001 0.010000 4.616649
v -2.089999 0.155003 4.616649
v -2.084996 -0.014998 4.611652
v -2.084996 -0.149998 4.611649
v -2.090001 -0.154997 4.616649
v -2.090001 -0.009999 4.616649
v -2.054997 0.015001 4.308321
v -2.090001 0.009999 4.004994
v -2.090001 0.010000 4.283324
v -2.084996 0.015001 4.278323
v -2.084996 0.015000 4.009995
v -2.084996 -0.014998 4.278322
v -2.084996 -0.149998 4.278318
v -2.090001 -0.154997 4.283321
v -2.090001 -0.009999 4.283322
v -2.084996 -0.149998 4.308319
v -2.090001 -0.154997 4.303321
v -2.089999 0.200007 4.626652
v -2.090001 0.000001 4.626649
v -2.089999 0.155003 4.303321
v -2.090001 0.010000 4.303321
v -2.084996 0.015002 4.308321
v -2.084994 0.150005 4.308318
v -2.084996 -0.014998 4.009995
v -2.090001 -0.009999 4.004994
v -2.054995 -0.014998 4.909993
v -2.054995 -0.149997 4.909993
v -2.084996 -0.149998 4.009995
v -2.090001 -0.154998 4.004994
v -2.054995 -0.014999 4.308321
v -2.084996 -0.014998 4.308322
v -2.090001 -0.009999 4.303321
v -2.054995 -0.014999 4.009995
v -2.054995 -0.149998 4.009995
v -2.090001 -0.200000 3.960002
v -2.084994 0.150006 4.909993
v -2.089999 0.155003 4.914993
v -2.090001 0.000001 4.293322
v -2.089999 0.200007 4.960001
v -2.069997 0.014999 4.009995
v -2.069997 0.014999 4.278320
v -2.069997 0.150000 4.278320
v -2.069997 0.150000 4.009995
v -2.069997 0.014999 4.308321
v -2.069997 0.014999 4.611650
v -2.069997 0.150000 4.611650
v -2.069997 0.150000 4.308321
v -2.069997 0.014999 4.641651
v -2.069997 0.014999 4.909990
v -2.069997 0.150000 4.909990
v -2.069997 0.150000 4.641651
v -2.069997 -0.014997 4.009995
v -2.069997 -0.150000 4.009995
v -2.069997 -0.150000 4.278320
v -2.069997 -0.014997 4.278320
v -2.069997 -0.014997 4.308321
v -2.069997 -0.150000 4.308318
v -2.069997 -0.150000 4.611648
v -2.069997 -0.014997 4.611651
v -2.069997 -0.014997 4.641651
v -2.069997 -0.150000 4.641648
v -2.069997 -0.150000 4.909989
v -2.069997 -0.014997 4.909992
v -2.054995 0.015001 10.509996
v -2.054993 0.150005 10.509996
v -2.090001 -0.009999 10.514997
v -2.084996 -0.014998 10.509996
v -2.084996 -0.149997 10.509996
v -2.090001 -0.154996 10.514997
v -2.089999 0.200007 9.560003
v -2.090001 0.000000 9.560005
v -2.054998 0.150002 9.609998
v -2.054995 0.014999 9.609998
v -2.090001 -0.199999 10.560004
v -2.090001 0.000000 10.560004
v -2.089999 0.155003 10.236652
v -2.090001 0.010000 10.236652
v -2.084996 0.015002 10.241652
v -2.084994 0.150006 10.241650
v -2.054995 -0.149998 10.211649
v -2.054995 -0.014999 10.211653
v -2.089999 0.200007 9.893328
v -2.089999 0.155003 9.604998
v -2.084997 0.150004 9.609998
v -2.084994 0.150004 9.878321
v -2.089999 0.155003 9.883324
v -2.054995 0.150004 10.211649
v -2.054995 0.150004 9.908321
v -2.090001 0.009999 10.514997
v -2.084996 0.015002 10.509996
v -2.054995 -0.014999 10.241652
v -2.054995 -0.149998 10.241650
v -2.090001 -0.199999 10.226656
v -2.090001 -0.199999 9.893328
v -2.054995 -0.149998 9.878321
v -2.054995 -0.014999 9.878325
v -2.054997 0.015001 10.211653
v -2.054995 0.015000 9.878325
v -2.054995 0.150002 9.878321
v -2.090001 -0.009999 10.236652
v -2.090001 -0.154997 10.236652
v -2.084996 -0.149998 10.241652
v -2.084996 -0.014998 10.241655
v -2.054993 0.150005 10.241650
v -2.054995 0.015001 10.241652
v -2.054995 -0.149998 9.908321
v -2.084994 0.150005 10.211649
v -2.084996 0.015002 10.211653
v -2.090001 0.010000 10.216652
v -2.089999 0.155003 10.216652
v -2.084996 -0.014998 10.211655
v -2.084996 -0.149998 10.211652
v -2.090001 -0.154997 10.216652
v -2.090001 -0.009999 10.216652
v -2.054997 0.015001 9.908324
v -2.090001 0.009999 9.604998
v -2.090001 0.010000 9.883327
v -2.084996 0.015001 9.878326
v -2.084996 0.015000 9.609998
v -2.084996 -0.014998 9.878325
v -2.084996 -0.149998 9.878321
v -2.090001 -0.154997 9.883324
v -2.090001 -0.009999 9.883326
v -2.084996 -0.149998 9.908321
v -2.090001 -0.154997 9.903324
v -2.089999 0.200007 10.226656
v -2.090001 0.000001 10.226652
v -2.089999 0.155003 9.903324
v -2.090001 0.010000 9.903324
v -2.084996 0.015002 9.908324
v -2.084994 0.150005 9.908321
v -2.084996 -0.014998 9.609998
v -2.090001 -0.009999 9.604998
v -2.054995 -0.014998 10.509996
v -2.054995 -0.149997 10.509996
v -2.084996 -0.149998 9.609998
v -2.090001 -0.154998 9.604998
v -2.054995 -0.014999 9.908324
v -2.084996 -0.014998 9.908325
v -2.090001 -0.009999 9.903324
v -2.054995 -0.014999 9.609998
v -2.054995 -0.149998 9.609998
v -2.090001 -0.200000 9.560005
v -2.084994 0.150006 10.509996
v -2.089999 0.155003 10.514997
v -2.090001 0.000001 9.893326
v -2.089999 0.200007 10.560004
v -2.069997 0.014999 9.609998
v -2.069997 0.014999 9.878323
v -2.069997 0.150000 9.878323
v -2.069997 0.150000 9.609998
v -2.069997 0.014999 9.908324
v -2.069997 0.014999 10.211653
v -2.069997 0.150000 10.211653
v -2.069997 0.150000 9.908324
v -2.069997 0.014999 10.241654
v -2.069997 0.014999 10.509993
v -2.069997 0.150000 10.509993
v -2.069997 0.150000 10.241654
v -2.069997 -0.014997 9.609998
v -2.069997 -0.150000 9.609998
v -2.069997 -0.150000 9.878323
v -2.069997 -0.014997 9.878323
v -2.069997 -0.014997 9.908324
v -2.069997 -0.150000 9.908321
v -2.069997 -0.150000 10.211651
v -2.069997 -0.014997 10.211655
v -2.069997 -0.014997 10.241654
v -2.069997 -0.150000 10.241652
v -2.069997 -0.150000 10.509993
v -2.069997 -0.014997 10.509995
vt 0.290525 0.917638
vt 0.291913 0.919603
vt 0.329424 0.919605
vt 0.330813 0.917639
vt 0.289004 0.924932
vt 0.329293 0.924932
vt 0.327903 0.926897
vt 0.290392 0.926897
vt 0.244831 0.918546
vt 0.246221 0.916581
vt 0.320775 0.916581
vt 0.322165 0.918546
vt 0.239241 0.920953
vt 0.316578 0.920952
vt 0.315190 0.922918
vt 0.240630 0.922918
vt 0.295633 0.909847
vt 0.255346 0.909846
vt 0.256735 0.907881
vt 0.294245 0.907880
vt 0.290392 0.917409
vt 0.327903 0.917410
vt 0.329293 0.919375
vt 0.289003 0.919376
vt 0.294244 0.917369
vt 0.256734 0.917369
vt 0.255345 0.915403
vt 0.295633 0.915404
vt 0.263694 0.917695
vt 0.341028 0.917695
vt 0.339638 0.919661
vt 0.265083 0.919661
vt 0.329927 0.916729
vt 0.292418 0.916729
vt 0.291029 0.914762
vt 0.331316 0.914763
vt 0.322210 0.917559
vt 0.320820 0.919525
vt 0.236540 0.919526
vt 0.235150 0.917560
vt 0.287891 0.905152
vt 0.285113 0.917652
vt 0.244825 0.917652
vt 0.232321 0.905151
vt 0.276499 0.922155
vt 0.332071 0.922153
vt 0.246533 0.921520
vt 0.286822 0.921519
vt 0.285432 0.923485
vt 0.247922 0.923485
vt 0.265083 0.910173
vt 0.339639 0.910173
vt 0.341028 0.912139
vt 0.263694 0.912139
vt 0.331112 0.917412
vt 0.329723 0.919377
vt 0.255163 0.919377
vt 0.253774 0.917412
vt 0.247921 0.913997
vt 0.285432 0.913997
vt 0.286821 0.915963
vt 0.246533 0.915963
vt 0.248820 0.912815
vt 0.335877 0.912816
vt 0.334489 0.914782
vt 0.250208 0.914781
vt 0.322345 0.917471
vt 0.320955 0.919436
vt 0.246401 0.919437
vt 0.245011 0.917471
vt 0.287747 0.905132
vt 0.343318 0.905134
vt 0.236462 0.918175
vt 0.329083 0.918174
vt 0.250209 0.905293
vt 0.334489 0.905294
vt 0.335877 0.907259
vt 0.248820 0.907258
vt 0.283723 0.919618
vt 0.246214 0.919618
vt 0.240631 0.913431
vt 0.315188 0.913430
vt 0.316577 0.915395
vt 0.239241 0.915396
vt 0.330959 0.917654
vt 0.329570 0.919620
vt 0.292058 0.919620
vt 0.290669 0.917654
vt 0.253973 0.918879
vt 0.255361 0.916914
vt 0.329922 0.916914
vt 0.331311 0.918879
vt 0.253685 0.918399
vt 0.255073 0.916434
vt 0.339354 0.916434
vt 0.340743 0.918399
vt 0.324990 0.905055
vt 0.232373 0.905056
vt 0.232330 0.931051
vt 0.324944 0.931051
vt 0.298412 0.912625
vt 0.242841 0.912624
vt 0.331316 0.909206
vt 0.291029 0.909205
vt 0.292418 0.907240
vt 0.329928 0.907241
vt 0.246215 0.927952
vt 0.283723 0.927953
vt 0.329424 0.927942
vt 0.291913 0.927939
vt 0.250209 0.896957
vt 0.334488 0.896958
vt 0.292418 0.898904
vt 0.329927 0.898905
vt 0.334489 0.923117
vt 0.250208 0.923117
vt 0.290392 0.909074
vt 0.327903 0.909074
vt 0.240630 0.905095
vt 0.315188 0.905094
vt 0.327903 0.935233
vt 0.290392 0.935233
vt 0.329922 0.908578
vt 0.255361 0.908578
vt 0.255162 0.927713
vt 0.329723 0.927713
vt 0.256735 0.899545
vt 0.294244 0.899545
vt 0.339354 0.908098
vt 0.255073 0.908099
vt 0.285432 0.931820
vt 0.247922 0.931820
vt 0.236540 0.927862
vt 0.320820 0.927860
vt 0.339637 0.927997
vt 0.265084 0.927997
vt 0.265083 0.901837
vt 0.339639 0.901837
vt 0.247922 0.905661
vt 0.285432 0.905661
vt 0.329927 0.925065
vt 0.292418 0.925065
vt 0.294244 0.925705
vt 0.256734 0.925705
vt 0.292058 0.927956
vt 0.329570 0.927956
vt 0.246401 0.927773
vt 0.320955 0.927772
vt 0.320775 0.908246
vt 0.246221 0.908246
vt 0.244682 0.917643
vt 0.246071 0.919608
vt 0.283581 0.919603
vt 0.284970 0.917637
vt 0.315191 0.931254
vt 0.240629 0.931254
vt 0.283582 0.927938
vt 0.246072 0.927944
vt 0.278525 0.911983
vt 0.334095 0.911985
vt 0.246042 0.910037
vt 0.338655 0.910037
vt 0.325125 0.904967
vt 0.232510 0.904967
vt 0.234028 0.918743
vt 0.289600 0.918741
vt 0.251193 0.914917
vt 0.343806 0.914917
vt 0.251195 0.931384
vt 0.343816 0.931383
vt 0.232176 0.905140
vt 0.343463 0.905152
vt 0.343617 0.904908
vt 0.250996 0.904908
vt 0.250907 0.930904
vt 0.343522 0.930903
vt 0.390974 0.977796
vt 0.390973 0.837376
vt 0.461622 0.837376
vt 0.461622 0.977796
vt 0.391521 0.996399
vt 0.391521 0.837661
vt 0.462170 0.837661
vt 0.462170 0.996399
vt 0.391065 0.995619
vt 0.391064 0.855193
vt 0.461713 0.855193
vt 0.461713 0.995620
vt 0.461692 0.977722
vt 0.391042 0.977722
vt 0.391042 0.837303
vt 0.461691 0.837303
vt 0.462158 0.996027
vt 0.391508 0.996029
vt 0.391508 0.837291
vt 0.462158 0.837289
vt 0.461500 0.977464
vt 0.390850 0.977465
vt 0.390850 0.837038
vt 0.461500 0.837036
vt 0.280499 0.918410
vt 0.281888 0.916444
vt 0.319398 0.916444
vt 0.320787 0.918410
vt 0.251444 0.923340
vt 0.291734 0.923341
vt 0.290344 0.925306
vt 0.252833 0.925305
vt 0.244644 0.918842
vt 0.246033 0.916877
vt 0.320588 0.916876
vt 0.321977 0.918841
vt 0.235848 0.911489
vt 0.313186 0.911487
vt 0.311797 0.913454
vt 0.237238 0.913455
vt 0.254507 0.928907
vt 0.294796 0.928906
vt 0.293407 0.930872
vt 0.255896 0.930873
vt 0.252833 0.915817
vt 0.290344 0.915818
vt 0.291734 0.917784
vt 0.251445 0.917783
vt 0.255896 0.921385
vt 0.293406 0.921383
vt 0.294796 0.923349
vt 0.254507 0.923350
vt 0.261224 0.920719
vt 0.338561 0.920719
vt 0.337171 0.922686
vt 0.262613 0.922685
vt 0.236242 0.918568
vt 0.273753 0.918565
vt 0.275142 0.920531
vt 0.234854 0.920533
vt 0.340883 0.917600
vt 0.339494 0.919566
vt 0.255213 0.919567
vt 0.253825 0.917601
vt 0.288076 0.905189
vt 0.285298 0.917691
vt 0.245008 0.917693
vt 0.232503 0.905191
vt 0.238940 0.920562
vt 0.294512 0.920562
vt 0.298034 0.921792
vt 0.338323 0.921792
vt 0.336933 0.923758
vt 0.299423 0.923758
vt 0.262614 0.913197
vt 0.337169 0.913197
vt 0.338559 0.915163
vt 0.261225 0.915163
vt 0.330926 0.917449
vt 0.329537 0.919415
vt 0.254977 0.919414
vt 0.253588 0.917449
vt 0.299423 0.914269
vt 0.336933 0.914270
vt 0.338323 0.916236
vt 0.298034 0.916235
vt 0.253680 0.916468
vt 0.340738 0.916468
vt 0.339349 0.918434
vt 0.255070 0.918434
vt 0.340601 0.917688
vt 0.339212 0.919654
vt 0.264659 0.919656
vt 0.263269 0.917690
vt 0.277721 0.930915
vt 0.333291 0.930915
vt 0.233068 0.908711
vt 0.325690 0.908709
vt 0.255070 0.908946
vt 0.339348 0.908946
vt 0.340737 0.910911
vt 0.253680 0.910911
vt 0.283908 0.919656
vt 0.246397 0.919658
vt 0.237236 0.903966
vt 0.311795 0.903965
vt 0.313184 0.905931
vt 0.235846 0.905932
vt 0.275147 0.917496
vt 0.273758 0.919461
vt 0.236248 0.919461
vt 0.234859 0.917495
vt 0.253773 0.918451
vt 0.255162 0.916486
vt 0.329722 0.916487
vt 0.331111 0.918452
vt 0.253831 0.918862
vt 0.255218 0.916896
vt 0.339498 0.916894
vt 0.340889 0.918859
vt 0.343662 0.905097
vt 0.251047 0.905097
vt 0.232143 0.931346
vt 0.324757 0.931346
vt 0.251728 0.926128
vt 0.307300 0.926128
vt 0.234854 0.926089
vt 0.275142 0.926089
vt 0.273753 0.928055
vt 0.236243 0.928055
vt 0.246398 0.927993
vt 0.283909 0.927992
vt 0.319398 0.908108
vt 0.281888 0.908108
vt 0.255070 0.900610
vt 0.339348 0.900610
vt 0.273753 0.936391
vt 0.236243 0.936390
vt 0.339350 0.926769
vt 0.255070 0.926770
vt 0.252834 0.907481
vt 0.290344 0.907483
vt 0.237235 0.895631
vt 0.311795 0.895630
vt 0.290344 0.933642
vt 0.252833 0.933641
vt 0.329723 0.908151
vt 0.255162 0.908150
vt 0.254976 0.927750
vt 0.329537 0.927750
vt 0.293407 0.939208
vt 0.255897 0.939209
vt 0.339497 0.908559
vt 0.255217 0.908561
vt 0.336933 0.932093
vt 0.299423 0.932093
vt 0.255214 0.927903
vt 0.339493 0.927902
vt 0.337169 0.931022
vt 0.262614 0.931021
vt 0.262614 0.904861
vt 0.337169 0.904861
vt 0.299423 0.905933
vt 0.336934 0.905934
vt 0.236242 0.910233
vt 0.273752 0.910229
vt 0.255896 0.913049
vt 0.293406 0.913047
vt 0.236248 0.927796
vt 0.273758 0.927797
vt 0.264659 0.927991
vt 0.339213 0.927990
vt 0.320588 0.908540
vt 0.246033 0.908541
vt 0.245966 0.916825
vt 0.283477 0.916825
vt 0.284868 0.918791
vt 0.311797 0.921790
vt 0.237239 0.921791
vt 0.283478 0.908489
vt 0.287646 0.923311
vt 0.232075 0.923311
vt 0.250902 0.913690
vt 0.343516 0.913690
vt 0.343380 0.905185
vt 0.250768 0.905187
vt 0.285529 0.919015
vt 0.341101 0.919014
vt 0.248723 0.917941
vt 0.341338 0.917941
vt 0.250994 0.930956
vt 0.343617 0.930957
vt 0.287646 0.931296
vt 0.287651 0.904995
vt 0.232081 0.904993
vt 0.343431 0.904945
vt 0.250810 0.904945
vt 0.251054 0.931367
vt 0.343669 0.931364
vt 0.391439 0.984481
vt 0.391439 0.844062
vt 0.462088 0.844061
vt 0.462088 0.984481
vt 0.391044 0.995683
vt 0.391044 0.836946
vt 0.461693 0.836946
vt 0.461693 0.995682
vt 0.391057 0.996052
vt 0.391056 0.855627
vt 0.461705 0.855626
vt 0.461705 0.996052
vt 0.461661 0.977986
vt 0.391012 0.977986
vt 0.391011 0.837567
vt 0.461661 0.837566
vt 0.391529 0.837228
vt 0.462178 0.837226
vt 0.461964 0.977811
vt 0.391314 0.977812
vt 0.391314 0.837385
vt 0.461964 0.837384
usemtl Exterior_Mat
s off
f 1805/1887 1806/1888 1807/1889 1808/1890
f 1815/1891 1816/1892 1817/1893 1818/1894
f 1822/1895 1823/1896 1824/1897 1825/1898
f 1816/1899 1828/1900 1829/1901 1817/1902
f 1839/1903 1840/1904 1841/1905 1842/1906
f 1846/1907 1847/1908 1848/1909 1849/1910
f 1850/1911 1851/1912 1852/1913 1853/1914
f 1855/1915 1856/1916 1857/1917 1858/1918
f 1859/1919 1860/1920 1861/1921 1862/1922
f 1852/1923 1851/1924 1863/1925 1864/1926
f 1810/1927 1855/1928 1822/1929 1809/1930
f 1865/1931 1866/1932 1816/1892 1815/1891
f 1867/1933 1868/1934 1869/1935 1870/1936
f 1871/1937 1859/1938 1862/1939 1872/1940
f 1808/1941 1807/1942 1841/1943 1840/1944
f 1824/1945 1857/1946 1856/1947 1825/1948
f 1868/1949 1848/1950 1847/1951 1869/1952
f 1861/1953 1860/1954 1875/1955 1876/1956
f 1814/1957 1805/1887 1808/1890 1813/1958
f 1866/1959 1814/1960 1828/1900 1816/1899
f 1878/1961 1850/1962 1853/1963 1879/1964
f 1855/1928 1858/1965 1823/1966 1822/1929
f 1842/1967 1806/1968 1805/1969 1839/1970
f 1876/1971 1875/1972 1871/1973 1872/1974
f 1815/1975 1818/1976 1883/1977 1884/1978
f 1867/1979 1870/1980 1846/1981 1849/1982
f 1832/1983 1852/1923 1864/1926 1833/1984
f 1809/1985 1822/1895 1825/1898 1821/1986
f 1866/1987 1832/1988 1840/1904 1839/1903
f 1879/1989 1864/1990 1863/1991 1878/1992
f 1811/1993 1823/1966 1858/1965 1812/1994
f 1874/1995 1807/1889 1806/1888 1873/1996
f 1877/1997 1820/1998 1850/1962 1878/1961
f 1878/1992 1863/1991 1845/1999 1877/2000
f 1869/1952 1847/1951 1836/2001 1854/2002
f 1826/2003 1836/2004 1847/1908 1846/1907
f 1830/2005 1873/2006 1806/1968 1842/1967
f 1818/1894 1817/1893 1844/2007 1843/2008
f 1804/2009 1883/1977 1818/1976 1843/2010
f 1831/2011 1841/1943 1807/1942 1874/2012
f 1842/1906 1841/1905 1831/2013 1830/2014
f 1826/2015 1846/1981 1870/1980 1827/2016
f 1870/1936 1869/1935 1854/2017 1827/2018
f 1845/2019 1863/1925 1851/1924 1819/2020
f 1858/1918 1857/1917 1837/2021 1812/2022
f 1880/2023 1835/2024 1859/1938 1871/1937
f 1838/2025 1837/2026 1857/1946 1824/1945
f 1835/2027 1834/2028 1860/1920 1859/1919
f 1820/2029 1819/2030 1851/1912 1850/1911
f 1880/2031 1871/1973 1875/1972 1881/2032
f 1881/2033 1875/1955 1860/1954 1834/2034
f 1838/2035 1824/1897 1823/1896 1811/2036
f 1884/2037 1883/2038 1829/2039 1828/2040
f 1817/1902 1829/1901 1803/2041 1844/2042
f 1803/2043 1829/2039 1883/2038 1804/2044
f 1862/1922 1861/1921 1833/2045 1885/2046
f 1885/2046 1833/2045 1864/1990 1879/1989
f 1885/2047 1866/2048 1848/1950 1868/1949
f 1833/2049 1861/1953 1876/1956 1882/2050
f 1821/2051 1885/2052 1868/1934 1867/1933
f 1825/1948 1856/1947 1885/2052 1821/2051
f 1810/2053 1885/2054 1856/1916 1855/1915
f 1865/2055 1815/1975 1884/1978 1886/2056
f 1853/1914 1852/1913 1832/1988 1866/1987
f 1886/2057 1884/2037 1828/2040 1814/1957
f 1849/1910 1848/1909 1866/1932 1865/1931
f 1882/2058 1876/1971 1872/1974 1810/1927
f 1872/1940 1862/1939 1885/2054 1810/2053
f 1879/1964 1853/1963 1866/2048 1885/2047
f 1813/2059 1808/1941 1840/1944 1832/2060
f 1839/1970 1805/1969 1814/1960 1866/1959
f 1821/2061 1867/1979 1849/1982 1865/2062
f 1887/2063 1888/2064 1889/2065 1890/2066
f 1891/2067 1892/2068 1893/2069 1894/2070
f 1895/2071 1896/2072 1897/2073 1898/2074
f 1899/2075 1900/2076 1901/2077 1902/2078
f 1903/2079 1904/2080 1905/2081 1906/2082
f 1907/2083 1908/2084 1909/2085 1910/2086
f 1913/2087 1914/2088 1915/2089 1916/2090
f 1923/2091 1924/2092 1925/2093 1926/2094
f 1930/2095 1931/2096 1932/2097 1933/2098
f 1924/2099 1936/2100 1937/2101 1925/2102
f 1947/2103 1948/2104 1949/2105 1950/2106
f 1954/2107 1955/2108 1956/2109 1957/2110
f 1958/2111 1959/2112 1960/2113 1961/2114
f 1963/2115 1964/2116 1965/2117 1966/2118
f 1967/2119 1968/2120 1969/2121 1970/2122
f 1960/2123 1959/2124 1971/2125 1972/2126
f 1918/2127 1963/2128 1930/2129 1917/2130
f 1973/2131 1974/2132 1924/2092 1923/2091
f 1975/2133 1976/2134 1977/2135 1978/2136
f 1979/2137 1967/2138 1970/2139 1980/2140
f 1916/2141 1915/2142 1949/2143 1948/2144
f 1932/2145 1965/2146 1964/2147 1933/2148
f 1976/2149 1956/2150 1955/2151 1977/2152
f 1969/2153 1968/2154 1983/2155 1984/2156
f 1922/2157 1913/2087 1916/2090 1921/2158
f 1974/2159 1922/2160 1936/2100 1924/2099
f 1986/2161 1958/2162 1961/2163 1987/2164
f 1963/2128 1966/2165 1931/2166 1930/2129
f 1950/2167 1914/2168 1913/2169 1947/2170
f 1984/2171 1983/2172 1979/2173 1980/2174
f 1923/2175 1926/2176 1991/2177 1992/2178
f 1975/2179 1978/2180 1954/2181 1957/2182
f 1940/2183 1960/2123 1972/2126 1941/2184
f 1917/2185 1930/2095 1933/2098 1929/2186
f 1974/2187 1940/2188 1948/2104 1947/2103
f 1987/2189 1972/2190 1971/2191 1986/2192
f 1919/2193 1931/2166 1966/2165 1920/2194
f 1982/2195 1915/2089 1914/2088 1981/2196
f 1985/2197 1928/2198 1958/2162 1986/2161
f 1986/2192 1971/2191 1953/2199 1985/2200
f 1977/2152 1955/2151 1944/2201 1962/2202
f 1934/2203 1944/2204 1955/2108 1954/2107
f 1938/2205 1981/2206 1914/2168 1950/2167
f 1926/2094 1925/2093 1952/2207 1951/2208
f 1912/2209 1991/2177 1926/2176 1951/2210
f 1939/2211 1949/2143 1915/2142 1982/2212
f 1950/2106 1949/2105 1939/2213 1938/2214
f 1934/2215 1954/2181 1978/2180 1935/2216
f 1978/2136 1977/2135 1962/2217 1935/2218
f 1953/2219 1971/2125 1959/2124 1927/2220
f 1966/2118 1965/2117 1945/2221 1920/2222
f 1988/2223 1943/2224 1967/2138 1979/2137
f 1946/2225 1945/2226 1965/2146 1932/2145
f 1943/2227 1942/2228 1968/2120 1967/2119
f 1928/2229 1927/2230 1959/2112 1958/2111
f 1988/2231 1979/2173 1983/2172 1989/2232
f 1989/2233 1983/2155 1968/2154 1942/2234
f 1946/2235 1932/2097 1931/2096 1919/2236
f 1992/2095 1991/2237 1937/2238 1936/2239
f 1925/2102 1937/2101 1911/2240 1952/2241
f 1911/2242 1937/2238 1991/2237 1912/2236
f 1970/2122 1969/2121 1941/2243 1993/2244
f 1993/2244 1941/2243 1972/2190 1987/2189
f 1993/2245 1974/2246 1956/2150 1976/2149
f 1941/2247 1969/2153 1984/2156 1990/2248
f 1929/2249 1993/2250 1976/2134 1975/2133
f 1933/2148 1964/2147 1993/2250 1929/2249
f 1918/2251 1993/2252 1964/2116 1963/2115
f 1973/2253 1923/2175 1992/2178 1994/2254
f 1961/2114 1960/2113 1940/2188 1974/2187
f 1994/2185 1992/2095 1936/2239 1922/2255
f 1957/2110 1956/2109 1974/2132 1973/2131
f 1990/2256 1984/2171 1980/2174 1918/2257
f 1980/2140 1970/2139 1993/2252 1918/2251
f 1987/2164 1961/2163 1974/2246 1993/2245
f 1921/2258 1916/2141 1948/2144 1940/2259
f 1947/2170 1913/2169 1922/2160 1974/2159
f 1929/2260 1975/2179 1957/2182 1973/2261
f 1995/2262 1996/2263 1997/2264 1998/2265
f 1999/2266 2000/2267 2001/2268 2002/2269
f 2003/2270 2004/2271 2005/2272 2006/2273
f 2007/2274 2008/2275 2009/2276 2010/2277
f 2011/2079 2012/2080 2013/2278 2014/2279
f 2015/2280 2016/2281 2017/2282 2018/2283
o OrnateWalls
v -2.390850 1.233240 16.045980
v 2.390860 -1.233240 16.045980
v 2.390855 1.233240 16.045980
v -2.390850 -1.233240 16.045979
v -2.390850 -1.483200 16.870001
v -2.390850 1.483200 16.870001
v -2.390850 1.370299 16.302408
v -2.390850 1.454701 16.580645
v -2.390850 1.454701 17.159359
v -2.390850 -1.370298 16.302404
v -2.390850 1.370298 17.437599
v -2.390850 -1.454700 16.580641
v -2.390850 -1.454701 17.159359
v -2.390850 -1.370298 17.437595
v -2.390850 -1.233240 17.694019
v -2.540850 -1.440000 16.870001
v -2.250000 1.440000 16.870001
v -2.250001 0.551066 15.539616
v -2.250001 0.280932 15.457670
v -2.540851 0.280932 15.457670
v -2.540851 0.551066 15.539616
v -2.250001 0.800023 15.672686
v -2.540850 0.800023 15.672686
v -2.250000 0.000000 15.430000
v -2.540849 0.000000 15.430000
v -2.250001 1.018235 15.851768
v -2.540850 1.018235 15.851768
v -2.250001 -0.280929 15.457670
v -2.540851 -0.280929 15.457670
v -2.250000 1.197317 16.069983
v -2.540850 1.197317 16.069983
v -2.250001 -0.551063 15.539615
v -2.540851 -0.551063 15.539615
v -2.540850 1.330387 16.318939
v -2.250000 1.330387 16.318939
v -2.250001 -0.800020 15.672685
v -2.540850 -0.800020 15.672685
v -2.250000 1.412331 16.589073
v -2.540850 1.412331 16.589073
v -2.250001 -1.018233 15.851767
v -2.540850 -1.018233 15.851767
v -2.540850 1.440000 16.870001
v -2.250000 -1.197316 16.069979
v -2.540850 -1.197316 16.069979
v -2.250000 1.412331 17.150930
v -2.540849 1.412331 17.150930
v -2.250000 -1.330386 16.318935
v -2.540850 -1.330386 16.318935
v -2.250000 1.330386 17.421066
v -2.540849 1.330386 17.421066
v -2.250000 -1.412331 16.589069
v -2.540850 -1.412331 16.589069
v -2.250000 1.197316 17.670021
v -2.540849 1.197316 17.670021
v -2.250000 -1.440000 16.870001
v -2.249999 1.018234 17.888233
v -2.540849 1.018234 17.888233
v -2.250000 -1.412331 17.150930
v -2.540849 -1.412331 17.150930
v -2.249999 0.800021 18.067316
v -2.540849 0.800021 18.067316
v -2.250000 -1.330387 17.421064
v -2.540849 -1.330387 17.421064
v -2.249999 0.551064 18.200386
v -2.540849 0.551064 18.200386
v -2.250000 -1.197316 17.670021
v -2.540849 -1.197316 17.670021
v -2.249999 0.280930 18.282331
v -2.540849 0.280930 18.282331
v -2.249999 -1.018234 17.888233
v -2.540849 -1.018234 17.888233
v -2.249999 0.000000 18.310001
v -2.540849 0.000000 18.310001
v -2.249999 -0.800021 18.067316
v -2.540849 -0.800021 18.067316
v -2.249999 -0.280930 18.282331
v -2.540849 -0.280930 18.282331
v -2.249999 -0.551064 18.200386
v -2.540849 -0.551064 18.200386
v -2.540851 0.289359 15.415300
v -2.540851 0.567598 15.499704
v -2.540850 0.824023 15.636766
v -2.540849 0.000000 15.386801
v -2.540850 1.048782 15.821221
v -2.540851 -0.289357 15.415300
v -2.540850 1.233237 16.045982
v -2.540851 -0.567595 15.499703
v -2.540850 1.370299 16.302408
v -2.540850 -0.824021 15.636765
v -2.540850 1.454701 16.580645
v -2.540850 -1.048780 15.821219
v -2.540850 1.483200 16.870001
v -2.540850 -1.233235 16.045979
v -2.540849 1.454701 17.159359
v -2.540850 -1.370298 16.302404
v -2.540849 1.370298 17.437599
v -2.540850 -1.454700 16.580641
v -2.540849 1.233236 17.694021
v -2.540850 -1.483200 16.870001
v -2.540849 1.048781 17.918779
v -2.540849 -1.454701 17.159359
v -2.540849 0.824022 18.103235
v -2.540849 -1.370298 17.437595
v -2.540849 0.567596 18.240297
v -2.540849 -1.233236 17.694021
v -2.540849 0.289358 18.324701
v -2.540849 -1.048781 17.918779
v -2.540849 0.000000 18.353201
v -2.540849 -0.824022 18.103235
v -2.540849 -0.289358 18.324701
v -2.540849 -0.567596 18.240297
v -2.390851 0.289359 15.415300
v -2.390851 0.567598 15.499704
v -2.390850 0.824023 15.636766
v -2.390849 0.000000 15.386801
v -2.390850 1.048782 15.821221
v -2.390851 -0.289357 15.415300
v -2.390851 -0.567595 15.499703
v -2.390850 -0.824021 15.636765
v -2.390850 -1.048780 15.821219
v -2.390850 1.048781 17.918779
v -2.390850 0.824022 18.103235
v -2.390850 0.567596 18.240297
v -2.390850 0.289358 18.324701
v -2.390850 -1.048781 17.918779
v -2.390850 0.000000 18.353201
v -2.390850 -0.824022 18.103235
v -2.390850 -0.289358 18.324701
v -2.390850 -0.567596 18.240297
v 2.390860 1.483200 16.870001
v 2.390860 -1.483199 16.870001
v 2.390860 -1.370299 16.302408
v 2.390860 -1.454700 16.580645
v 2.390860 -1.454700 17.159359
v 2.390861 1.370298 16.302404
v 2.390860 -1.370297 17.437599
v 2.390860 1.454701 16.580641
v 2.390860 -1.233240 17.694019
v 2.390860 1.454701 17.159359
v 2.390860 1.370299 17.437595
v 2.390855 1.233240 17.694019
v 2.540854 1.440001 16.870001
v 2.250008 -1.440000 16.870001
v 2.250008 -0.551065 15.539616
v 2.250008 -0.280931 15.457670
v 2.540858 -0.280931 15.457670
v 2.540858 -0.551065 15.539616
v 2.250008 -0.800022 15.672686
v 2.540858 -0.800022 15.672686
v 2.250006 0.000000 15.430000
v 2.540856 0.000001 15.430000
v 2.250008 -1.018235 15.851768
v 2.540858 -1.018234 15.851768
v 2.250007 0.280929 15.457670
v 2.540857 0.280929 15.457670
v 2.250008 -1.197317 16.069983
v 2.540858 -1.197317 16.069983
v 2.250007 0.551063 15.539615
v 2.540856 0.551064 15.539615
v 2.540858 -1.330387 16.318939
v 2.250009 -1.330387 16.318939
v 2.250006 0.800021 15.672685
v 2.540856 0.800021 15.672685
v 2.250009 -1.412331 16.589073
v 2.540858 -1.412331 16.589073
v 2.250006 1.018233 15.851767
v 2.540856 1.018234 15.851767
v 2.540858 -1.439999 16.870001
v 2.250005 1.197316 16.069979
v 2.540855 1.197316 16.069979
v 2.250008 -1.412331 17.150930
v 2.540858 -1.412330 17.150930
v 2.250005 1.330386 16.318935
v 2.540855 1.330387 16.318935
v 2.250008 -1.330386 17.421066
v 2.540858 -1.330386 17.421066
v 2.250005 1.412331 16.589069
v 2.540854 1.412331 16.589069
v 2.250007 -1.197316 17.670021
v 2.540857 -1.197316 17.670021
v 2.250005 1.440000 16.870001
v 2.250007 -1.018233 17.888233
v 2.540857 -1.018233 17.888233
v 2.250004 1.412331 17.150930
v 2.540854 1.412331 17.150930
v 2.250007 -0.800021 18.067316
v 2.540856 -0.800021 18.067316
v 2.250005 1.330387 17.421064
v 2.540854 1.330387 17.421064
v 2.250006 -0.551064 18.200386
v 2.540856 -0.551064 18.200386
v 2.250005 1.197317 17.670021
v 2.540854 1.197317 17.670021
v 2.250006 -0.280930 18.282331
v 2.540856 -0.280930 18.282331
v 2.250005 1.018234 17.888233
v 2.540854 1.018234 17.888233
v 2.250005 0.000000 18.310001
v 2.540855 0.000000 18.310001
v 2.250005 0.800021 18.067316
v 2.540854 0.800022 18.067316
v 2.250005 0.280930 18.282331
v 2.540855 0.280930 18.282331
v 2.250005 0.551064 18.200386
v 2.540855 0.551064 18.200386
v 2.540858 -0.289359 15.415300
v 2.540858 -0.567597 15.499704
v 2.540858 -0.824023 15.636766
v 2.540856 0.000001 15.386801
v 2.540858 -1.048782 15.821221
v 2.540857 0.289357 15.415300
v 2.540858 -1.233236 16.045982
v 2.540856 0.567596 15.499703
v 2.540858 -1.370298 16.302408
v 2.540856 0.824021 15.636765
v 2.540858 -1.454700 16.580645
v 2.540855 1.048781 15.821219
v 2.540858 -1.483199 16.870001
v 2.540855 1.233236 16.045979
v 2.540858 -1.454700 17.159359
v 2.540855 1.370298 16.302404
v 2.540858 -1.370297 17.437599
v 2.540854 1.454701 16.580641
v 2.540857 -1.233235 17.694021
v 2.540854 1.483201 16.870001
v 2.540857 -1.048780 17.918779
v 2.540854 1.454701 17.159359
v 2.540856 -0.824021 18.103235
v 2.540854 1.370299 17.437595
v 2.540856 -0.567595 18.240297
v 2.540854 1.233236 17.694021
v 2.540856 -0.289357 18.324701
v 2.540854 1.048781 17.918779
v 2.540855 0.000000 18.353201
v 2.540854 0.824022 18.103235
v 2.540855 0.289358 18.324701
v 2.540855 0.567596 18.240297
v 2.390861 -0.289359 15.415300
v 2.390861 -0.567597 15.499704
v 2.390861 -0.824023 15.636766
v 2.390859 0.000001 15.386801
v 2.390862 -1.048782 15.821221
v 2.390860 0.289357 15.415300
v 2.390860 0.567596 15.499703
v 2.390859 0.824021 15.636765
v 2.390860 1.048781 15.821219
v 2.390862 -1.048780 17.918779
v 2.390861 -0.824021 18.103235
v 2.390860 -0.567595 18.240297
v 2.390860 -0.289357 18.324701
v 2.390859 1.048781 17.918779
v 2.390860 0.000000 18.353201
v 2.390859 0.824022 18.103235
v 2.390859 0.289358 18.324701
v 2.390859 0.567596 18.240297
v -2.390850 1.233236 17.694019
v -2.390850 1.733590 18.860001
v -2.390850 -1.733590 18.860001
v -2.390850 1.733590 14.880001
v -2.390850 -1.733590 14.880001
v 2.390859 -1.733590 18.860001
v 2.390854 1.733590 18.860001
v 2.390859 -1.733590 14.880001
v -1.733590 -2.390852 18.860001
v 1.733590 -2.390850 18.860001
v -1.733590 -2.390852 14.880001
v 1.733590 -2.390850 14.880001
v 1.733590 2.390859 18.860001
v -1.733590 2.390852 18.860001
v 1.733590 2.390859 14.880001
v -2.390850 1.933590 18.860001
v -1.933590 2.390852 18.860001
v -2.390850 -1.933590 18.860001
v -2.390850 -1.933590 14.880001
v -1.933590 -2.390852 18.860001
v -1.933590 -2.390852 14.880001
v 1.933590 -2.390850 18.860001
v 1.933590 -2.390850 14.880001
v 2.390859 -1.933590 14.880001
v 2.390859 -1.933590 18.860001
v 2.390854 1.933590 18.860001
v 2.390854 1.933590 14.880001
v 1.933590 2.390859 18.860001
v -2.390850 1.233240 16.045980
v 2.390855 1.233240 14.880001
v 2.390854 1.733590 14.880001
v 2.390858 -1.233240 19.210005
v 2.390855 1.233240 19.210005
v 2.390860 -1.233240 16.045980
v 2.390855 1.233240 16.045980
v 2.390860 -1.233240 17.694019
v 2.390855 1.233240 17.694019
v -1.233237 -2.390852 14.880001
v 1.233243 -2.390850 14.880001
v -1.233237 -2.390852 19.210005
v 1.233243 -2.390850 19.210005
v 1.233240 2.390858 14.880001
v -1.233240 2.390853 14.880001
v -1.733590 2.390852 14.880001
v 1.233240 2.390858 19.210005
v -1.233240 2.390853 19.210005
v -2.390850 1.933590 14.880001
v -1.933590 2.390852 14.880001
v 1.933590 2.390859 14.880001
v 2.390860 -1.233240 14.880000
v 2.390861 -0.289359 15.415300
v 2.390861 -0.567597 15.499704
v 2.390861 -0.824023 15.636766
v 2.390859 0.000001 15.386801
v 2.390862 -1.048782 15.821221
v 2.390860 0.289357 15.415300
v 2.390860 0.567596 15.499703
v 2.390859 0.824021 15.636765
v 2.390859 1.048781 15.821219
v 2.390862 -1.048780 17.918779
v 2.390861 -0.824021 18.103235
v 2.390861 -0.567595 18.240297
v 2.390860 -0.289357 18.324701
v 2.390859 1.048781 17.918779
v 2.390860 0.000000 18.353201
v 2.390859 0.824022 18.103235
v 2.390859 0.289358 18.324701
v 2.390859 0.567596 18.240297
v -2.390850 -1.233240 16.045979
v -2.390851 0.289359 15.415300
v -2.390851 0.567598 15.499704
v -2.390850 0.824023 15.636766
v -2.390849 0.000000 15.386801
v -2.390850 1.048782 15.821221
v -2.390851 -0.289357 15.415300
v -2.390851 -0.567595 15.499703
v -2.390850 -0.824021 15.636765
v -2.390850 -1.048780 15.821219
v -2.390850 1.233240 14.880001
v -2.390850 -1.233240 14.879999
v -2.390850 1.233236 17.694019
v -2.390850 -1.233240 17.694019
v -2.390850 1.048781 17.918779
v -2.390850 0.824022 18.103235
v -2.390850 0.567596 18.240297
v -2.390850 0.289358 18.324701
v -2.390850 -1.048781 17.918779
v -2.390850 0.000000 18.353201
v -2.390850 -0.824022 18.103235
v -2.390850 -0.289358 18.324701
v -2.390850 -0.567596 18.240297
v -2.390850 1.233236 19.210005
v -2.390850 -1.233240 19.210005
v -2.390850 1.733590 16.870001
v -2.390850 1.933590 16.870001
v -1.933590 2.390852 16.870001
v -1.733590 2.390852 16.870001
v 1.733590 2.390859 16.870001
v 2.390854 1.933590 16.870001
v 2.390854 1.733590 16.870001
v 1.933590 2.390859 16.870001
v 2.390859 -1.733590 16.870001
v 1.733590 -2.390850 16.870001
v 1.933590 -2.390850 16.870001
v 2.390859 -1.933590 16.870001
v -2.390850 -1.733590 16.870001
v -1.733590 -2.390852 16.870001
v -2.390850 -1.933590 16.870001
v -1.933590 -2.390852 16.870001
v 1.233243 -2.390850 17.045002
v -1.233237 -2.390852 17.045002
v 1.233240 2.390858 17.045002
v -1.233240 2.390853 17.045002
v -2.490850 1.733590 15.199997
v -2.490850 -1.733590 15.199997
v -2.490850 1.233240 15.199996
v -2.490849 -1.233240 15.199997
v -2.390850 1.733590 15.199997
v -2.390850 -1.733590 15.199997
v -2.490851 1.233240 16.045980
v -2.390850 1.233240 16.045980
v 2.490859 -1.733590 15.199997
v 2.490854 1.733590 15.199997
v 2.490858 -1.233240 15.199997
v 2.490854 1.233240 15.199997
v 2.390855 1.233240 15.199997
v 2.390859 -1.733590 15.199997
v 2.390854 1.733590 15.199997
v 2.390860 -1.233240 16.045980
v 2.490856 1.233240 16.045979
v -1.733590 -2.490852 15.199997
v 1.733590 -2.490849 15.199997
v -1.233237 -2.490852 15.199997
v 1.233243 -2.490850 15.199997
v -1.233237 -2.390852 15.199997
v 1.233243 -2.390850 15.199997
v -1.733590 -2.390852 15.199997
v 1.733590 -2.390850 15.199997
v 1.733590 2.490859 15.199997
v -1.733590 2.490852 15.199997
v 1.233240 2.490858 15.199997
v -1.233240 2.490853 15.199997
v 1.233240 2.390858 15.199997
v -1.233240 2.390853 15.199997
v 1.733590 2.390859 15.199997
v -1.733590 2.390852 15.199997
v 2.390860 -1.233240 15.199996
v -2.390850 -1.233240 16.045979
v -2.390850 1.233240 15.199997
v -2.390850 -1.233240 15.199995
v -2.540850 1.783590 15.199997
v -2.540850 -1.783590 15.199997
v -2.540850 1.183240 15.199996
v -2.540849 -1.183240 15.199997
v 1.783590 2.540864 15.199997
v -1.783590 2.540857 15.199997
v 1.183238 2.540863 15.199997
v -1.183242 2.540857 15.199997
v 2.540863 -1.783590 15.199997
v 2.540858 1.783590 15.199997
v 2.540862 -1.183240 15.199997
v 2.540858 1.183240 15.199997
v -1.783590 -2.540851 15.199997
v 1.783590 -2.540848 15.199997
v -1.183239 -2.540851 15.199997
v 1.183241 -2.540849 15.199997
v 2.490858 1.233240 14.879998
v -2.390850 -1.783590 15.199997
v -2.390850 1.233240 14.879998
v 2.390859 -1.783590 15.199997
v 2.490862 -1.233240 14.879998
v 2.390855 1.233240 14.879998
v 2.490857 1.733590 14.879998
v 2.390854 1.733590 14.879998
v 2.390860 -1.183240 15.199996
v -2.390850 -1.183240 15.199995
v 2.490862 -1.733590 14.879998
v -2.390850 1.733590 14.879998
v -1.233242 2.490857 14.879998
v -1.733590 2.390852 14.879998
v 2.390855 1.183240 15.199997
v -2.390850 1.183240 15.199997
v 1.233238 2.490863 14.879998
v -1.733590 -2.390852 14.879998
v -1.733590 2.490856 14.879998
v -2.390850 1.783590 15.199997
v -1.233242 2.390853 14.879998
v 2.390854 1.783590 15.199997
v 1.733590 2.490863 14.879998
v -1.233238 -2.390852 14.879998
v 1.733590 -2.490849 14.879998
v -1.783590 -2.390852 15.199997
v -2.490850 -1.233240 14.879998
v -1.783590 2.390852 15.199997
v -2.490850 1.233240 14.879997
v -1.733590 -2.490851 14.879998
v 1.233242 -2.490849 14.879998
v -1.183239 -2.390852 15.199997
v -2.490850 -1.733590 14.879998
v -1.183241 2.390853 15.199997
v -2.490850 1.733590 14.879998
v -1.233238 -2.490851 14.879998
v 2.390859 -1.733590 14.879998
v 1.183241 -2.390850 15.199997
v 1.733590 2.390859 14.879998
v 1.183239 2.390858 15.199997
v 1.733590 -2.390850 14.879998
v -2.390850 -1.733590 14.879998
v -2.390850 -1.233240 14.879996
v 1.783590 -2.390850 15.199997
v 1.233239 2.390858 14.879998
v 1.783590 2.390859 15.199997
v 1.233242 -2.390850 14.879998
v 2.390860 -1.233240 14.879997
v -2.390850 -1.183240 15.099998
v -2.540849 -1.183240 15.100000
v -2.540850 -1.783590 15.100000
v -2.390850 -1.783590 15.100000
v -1.183239 -2.540851 15.100000
v -1.183239 -2.390852 15.100000
v -1.783590 -2.390852 15.100000
v -1.783590 -2.540851 15.100000
v -2.540850 1.183240 15.100000
v -2.390850 1.183240 15.100000
v -2.540850 1.783590 15.100000
v -2.390850 1.783590 15.100000
v -1.783590 2.540857 15.100000
v -1.783590 2.390852 15.100000
v -1.183242 2.540857 15.100000
v -1.183241 2.390853 15.100000
v 1.183239 2.390858 15.100000
v 1.783590 2.540864 15.100000
v 1.183238 2.540863 15.100000
v 1.783590 2.390859 15.100000
v 2.540858 1.183240 15.100000
v 2.540858 1.783590 15.100000
v 2.390854 1.783590 15.100000
v 2.390855 1.183240 15.100000
v 2.390859 -1.783590 15.100000
v 2.540862 -1.183240 15.100000
v 2.540863 -1.783590 15.100000
v 2.390860 -1.183240 15.100000
v 1.183241 -2.540849 15.100000
v 1.183241 -2.390850 15.100000
v 1.783590 -2.540848 15.100000
v 1.783590 -2.390850 15.100000
v -2.490850 -1.733590 18.860001
v -2.490850 -1.483200 16.870001
v -2.390850 -1.733590 18.860001
v -2.490850 1.733590 18.860001
v -2.390850 1.733590 18.860001
v -2.490850 1.483200 16.870001
v -2.490851 1.370299 16.302408
v -2.490851 1.454701 16.580645
v -2.490850 1.454701 17.159359
v -2.490851 -1.370298 16.302404
v -2.490851 -1.233240 16.045979
v -2.490850 1.370298 17.437599
v -2.490851 -1.454700 16.580641
v -2.490850 -1.454701 17.159359
v -2.490850 -1.370298 17.437595
v -2.490850 -1.233240 17.694019
v 2.490854 1.733590 18.860001
v 2.490855 1.483200 16.870001
v 2.390854 1.733590 18.860001
v 2.490859 -1.733590 18.860001
v 2.390859 -1.733590 18.860001
v 2.490859 -1.483199 16.870001
v 2.490859 -1.370299 16.302408
v 2.490859 -1.233240 16.045980
v 2.490859 -1.454700 16.580645
v 2.490859 -1.454700 17.159359
v 2.490856 1.370298 16.302404
v 2.390855 1.233240 16.045980
v 2.490858 -1.370297 17.437599
v 2.490855 1.454701 16.580641
v 2.390860 -1.233240 17.694019
v 2.490855 1.454701 17.159359
v 2.490855 1.370299 17.437595
v 2.490855 1.233240 17.694019
v -1.053240 -2.390850 19.209997
v -1.783590 -2.390850 19.209995
v -2.390850 1.233236 17.694019
v -2.490850 1.233240 18.860001
v -2.490849 -1.233240 18.860001
v -2.490850 1.233236 17.694019
v 2.490858 -1.233240 18.860001
v 2.390858 -1.233240 18.860001
v 2.490854 1.233240 18.860001
v 2.390855 1.233240 18.860001
v 2.490858 -1.233235 17.694019
v 2.390855 1.233240 17.694019
v -1.733590 -2.490852 18.860001
v -1.233237 -2.490852 18.860001
v -1.233237 -2.390852 18.860001
v -1.733590 -2.390852 18.860001
v 1.733590 -2.490849 18.860001
v 1.233243 -2.490850 18.860001
v 1.233243 -2.390850 18.860001
v 1.733590 -2.390850 18.860001
v 1.733590 2.490859 18.860001
v 1.233240 2.490858 18.860001
v 1.233240 2.390858 18.860001
v 1.733590 2.390859 18.860001
v -1.733590 2.490852 18.860001
v -1.233241 2.490853 18.860001
v -1.233240 2.390853 18.860001
v -1.733590 2.390852 18.860001
v -2.390850 1.933590 18.860001
v -1.933590 2.390852 18.860001
v -2.390850 -1.933590 18.860001
v -1.933590 -2.390852 18.860001
v 1.933590 -2.390850 18.860001
v 2.390859 -1.933590 18.860001
v 2.390854 1.933590 18.860001
v 1.933590 2.390859 18.860001
v -2.390850 -1.233240 17.694019
v -2.390850 1.233236 18.860001
v -2.390850 -1.233240 18.860001
v -2.520850 1.763593 18.860001
v -2.520850 1.203241 18.860001
v -2.520850 -1.763593 18.860001
v -2.520849 -1.203240 18.860001
v -2.390850 1.203237 18.860001
v -2.390850 -1.203240 18.860001
v -2.420850 1.763593 18.860001
v -2.420850 -1.763593 18.860001
v -2.420850 1.963594 18.860001
v -2.420850 -1.963593 18.860001
v -1.763593 -2.520851 18.860001
v -1.203240 -2.520851 18.860001
v 1.763594 -2.520849 18.860001
v 1.203240 -2.520849 18.860001
v -1.203240 -2.390852 18.860001
v 1.203240 -2.390850 18.860001
v -1.763593 -2.420850 18.860001
v -1.963593 -2.420850 18.860001
v 1.763594 -2.420850 18.860001
v 1.963593 -2.420850 18.860001
v 2.520863 -1.763593 18.860001
v 2.520862 -1.203240 18.860001
v 2.520858 1.763593 18.860001
v 2.520858 1.203240 18.860001
v 2.390855 1.203240 18.860001
v 2.390858 -1.203240 18.860001
v 2.420863 -1.763593 18.860001
v 2.420858 1.763593 18.860001
v 2.420863 -1.963593 18.860001
v 2.420858 1.963593 18.860001
v 1.763593 2.520863 18.860001
v 1.203240 2.520863 18.860001
v -1.763593 2.520856 18.860001
v -1.203240 2.520857 18.860001
v -1.203240 2.390853 18.860001
v -1.763593 2.420850 18.860001
v -1.963594 2.420850 18.860001
v 1.203240 2.390858 18.860001
v 1.763593 2.420860 18.860001
v 1.963593 2.420860 18.860001
v -2.520850 1.763593 18.959995
v -2.520850 1.203241 18.959995
v -2.520850 -1.763593 18.959995
v -2.520849 -1.203240 18.959995
v -2.390850 1.203237 18.959995
v -2.390850 -1.203240 18.959995
v -2.420850 1.763593 18.959995
v -2.420850 -1.763593 18.959995
v -2.420850 1.963594 18.959995
v -2.420850 -1.963593 18.959995
v -1.763593 -2.520851 18.959995
v -1.203240 -2.520851 18.959995
v 1.763594 -2.520849 18.959995
v 1.203240 -2.520849 18.959995
v -1.203240 -2.390852 18.959995
v 1.203240 -2.390850 18.959995
v -1.763593 -2.420850 18.959995
v -1.963593 -2.420850 18.959995
v 1.763594 -2.420850 18.959995
v 1.963593 -2.420850 18.959995
v 2.520863 -1.763593 18.959995
v 2.520862 -1.203240 18.959995
v 2.520858 1.763593 18.959995
v 2.520858 1.203240 18.959995
v 2.390855 1.203240 18.959995
v 2.390858 -1.203240 18.959995
v 2.420863 -1.763593 18.959995
v 2.420858 1.763593 18.959995
v 2.420863 -1.963593 18.959995
v 2.420858 1.963593 18.959995
v 1.763593 2.520863 18.959995
v 1.203240 2.520863 18.959995
v -1.763593 2.520856 18.959995
v -1.203240 2.520857 18.959995
v -1.203240 2.390853 18.959995
v -1.763593 2.420850 18.959995
v -1.963594 2.420850 18.959995
v 1.203240 2.390858 18.959995
v 1.763593 2.420860 18.959995
v 1.963593 2.420860 18.959995
v -2.670850 1.913593 19.160000
v -2.670850 1.053240 19.160000
v -2.670850 -1.913593 19.160000
v -2.670850 -1.053240 19.160000
v -2.570850 1.913593 19.160000
v -2.570850 -1.913593 19.160000
v -2.570850 2.113594 19.160000
v -2.570850 -2.113593 19.160000
v -1.913593 -2.670851 19.160000
v -1.053240 -2.670851 19.160000
v 1.913593 -2.670849 19.160000
v 1.053240 -2.670849 19.160000
v -1.913593 -2.570850 19.160000
v -2.113593 -2.570850 19.160000
v 1.913593 -2.570850 19.160000
v 2.113593 -2.570850 19.160000
v 2.670862 -1.913593 19.160000
v 2.670862 -1.053240 19.160000
v 2.670857 1.913593 19.160000
v 2.670858 1.053240 19.160000
v 2.570863 -1.913593 19.160000
v 2.570858 1.913593 19.160000
v 2.570863 -2.113593 19.160000
v 2.570858 2.113593 19.160000
v 1.913593 2.670866 19.160000
v 1.053240 2.670863 19.160000
v -1.913593 2.670859 19.160000
v -1.053240 2.670857 19.160000
v -1.913593 2.570853 19.160000
v -2.113594 2.570853 19.160000
v 1.913593 2.570863 19.160000
v 2.113593 2.570863 19.160000
v -2.390850 1.053237 19.160002
v -2.390850 -1.053240 19.160002
v -1.053240 -2.390852 19.160002
v 1.053240 -2.390850 19.160002
v 2.390855 1.053240 19.160002
v 2.390858 -1.053240 19.160002
v -1.053240 2.390853 19.160002
v 1.053240 2.390858 19.160002
v -2.670850 1.913593 19.209995
v -2.670850 1.053240 19.209995
v -2.670850 -1.913593 19.209995
v -2.670850 -1.053240 19.209995
v -2.570850 1.913593 19.209995
v -2.570850 -1.913593 19.209995
v -2.570850 2.113594 19.209995
v -2.570850 -2.113593 19.209995
v -1.913593 -2.670851 19.209999
v -1.053240 -2.670851 19.209999
v 1.913593 -2.670849 19.209995
v 1.053240 -2.670849 19.209995
v -1.913593 -2.570850 19.209995
v -2.113593 -2.570850 19.209995
v 1.913593 -2.570850 19.209995
v 2.113593 -2.570850 19.209995
v 2.670862 -1.913593 19.209995
v 2.670862 -1.053240 19.209995
v 2.670857 1.913593 19.209995
v 2.670858 1.053240 19.209995
v 2.570863 -1.913593 19.209995
v 2.570858 1.913593 19.209995
v 2.570863 -2.113593 19.209995
v 2.570858 2.113593 19.209995
v 1.913593 2.670866 19.209995
v 1.053240 2.670863 19.209995
v -1.913593 2.670859 19.209995
v -1.053240 2.670857 19.209995
v -1.913593 2.570853 19.209995
v -2.113594 2.570853 19.209995
v 1.913593 2.570863 19.209995
v 2.113593 2.570863 19.209995
v -2.390850 1.053237 19.209997
v -2.390850 -1.053240 19.209997
v 1.053240 -2.390850 19.209997
v 2.390850 1.053240 19.209997
v 2.390858 -1.053240 19.209997
v -1.053240 2.390850 19.209999
v 1.053240 2.390858 19.209997
v -2.390850 -1.783590 19.209995
v -2.390850 1.783590 19.209995
v -1.783590 2.390850 19.209995
v 1.783590 2.390850 19.209995
v 2.390850 1.783590 19.209995
v 2.390850 -1.783590 19.209995
v 1.783590 -2.390850 19.209995
v -2.760001 1.240000 13.450003
v -2.760001 1.240000 13.850000
v -2.760001 -1.240000 13.450003
v -2.760001 -1.240000 13.850000
v 2.759999 -1.240000 13.450003
v 2.759999 1.240000 13.450003
v 2.759999 1.240000 13.849999
v 2.759999 -1.240000 13.849999
v 2.639999 0.900003 13.949991
v 2.640000 0.000003 15.020001
v -1.239998 -2.760002 13.450003
v -1.239998 -2.760002 13.850000
v 1.240000 -2.759999 13.450003
v 0.900002 -2.640000 13.949991
v 0.000002 -2.640000 15.020001
v 1.240000 -2.759999 13.849999
v 1.239995 2.760003 13.450003
v -1.240005 2.759998 13.450003
v 1.239995 2.760003 13.850000
v -1.240005 2.759998 13.850000
v -0.000005 2.640000 15.020001
v -0.900005 2.639998 13.949991
v 2.560000 2.560000 13.450003
v 2.659999 -1.640000 13.450003
v -1.640000 -2.660000 13.450003
v -2.660001 1.640000 13.450003
v -2.660001 1.240000 13.450003
v -2.660000 -1.240000 13.450003
v -2.660001 1.640000 13.850000
v 2.659998 1.640000 13.450003
v 2.659999 1.240000 13.450003
v 2.659999 -1.240000 13.450003
v 2.659998 1.640000 13.849999
v 2.659999 -1.640000 13.849999
v 1.640000 2.660000 13.450003
v -1.640000 2.660001 13.450003
v 1.240000 2.660000 13.450003
v -1.240000 2.660001 13.450003
v 1.640000 2.660000 13.849999
v 1.240000 2.660000 13.849999
v 1.640000 -2.659999 13.450003
v 1.240000 -2.659999 13.450003
v -1.240000 -2.659999 13.450003
v 1.240000 -2.659999 13.849999
v -1.240000 -2.659999 13.849999
v -2.560001 1.640000 13.450003
v -2.560000 -1.640000 13.450003
v -2.560001 1.640000 13.850000
v -2.560000 -1.640000 13.850000
v 1.640000 -2.559999 13.450003
v 1.640000 -2.559999 13.849999
v 2.560000 1.640000 13.450003
v 1.640000 2.560000 13.450003
v -1.640000 2.560000 13.450003
v 1.640000 2.560000 13.849999
v -1.640000 2.560000 13.849999
v -2.560001 2.560000 13.450003
v -2.560001 2.560000 13.850000
v -2.560000 -2.560000 13.450003
v 2.559999 -2.560000 13.450003
v 2.559999 -2.560000 13.849999
v -2.660000 -1.640000 13.450003
v -1.640000 -2.560000 13.450003
v 2.559999 -1.640000 13.450003
v -2.390850 1.933590 14.880001
v -2.390850 -1.933589 14.880000
v 2.390859 -1.933590 14.880001
v 2.390854 1.933590 14.880001
v -1.933590 -2.390851 14.880000
v 1.933590 -2.390850 14.880001
v 1.933590 2.390859 14.880001
v -1.933590 2.390852 14.880001
v -2.710000 1.190000 13.949991
v -2.710000 -1.190000 13.949991
v -2.690000 1.170000 13.949991
v -2.690000 -1.170000 13.949991
v -2.690000 -1.170000 14.649996
v -2.771238 -1.205334 14.710007
v -2.771238 -1.205334 14.849996
v -2.798950 -1.217390 14.880001
v -2.694900 1.217390 14.880001
v -2.390850 0.900000 14.880001
v -2.390850 -0.900000 14.880001
v -2.690000 0.900000 13.949991
v -2.690000 0.000000 15.020001
v -2.743800 0.000000 15.080012
v -2.771238 0.000000 15.080012
v -2.771238 0.000000 15.220001
v -2.798950 0.000000 15.250007
v -2.390850 0.000000 15.250007
v -2.690000 -0.900000 13.949991
v -2.690000 -0.900000 14.649996
v -2.743800 -0.900000 14.710007
v -2.771238 -0.900000 14.710007
v -2.771238 -0.900000 14.849996
v -2.798950 -0.900000 14.880001
v -2.690000 0.900000 14.649996
v -2.743800 0.900000 14.710007
v -2.771238 0.900000 14.710007
v -2.771238 0.900000 14.849996
v -2.798950 0.900000 14.880001
v -2.640000 -0.900000 13.949991
v -2.640000 0.000000 15.020001
v -2.690000 -0.600000 14.849999
v -2.690000 -0.300000 14.980000
v -2.743800 -0.600000 14.910010
v -2.743800 -0.300000 15.040011
v -2.771238 -0.600000 14.910010
v -2.771238 -0.300000 15.040011
v -2.771238 -0.600000 15.049999
v -2.771238 -0.300000 15.180000
v -2.798950 -0.600000 15.080005
v -2.798950 -0.300000 15.210006
v -2.390850 -0.600000 15.080005
v -2.390850 -0.300000 15.210006
v -2.690000 0.600000 14.849999
v -2.690000 0.300000 14.980000
v -2.743800 0.600000 14.910010
v -2.743800 0.300000 15.040011
v -2.771238 0.600000 14.910010
v -2.771238 0.300000 15.040011
v -2.771238 0.600000 15.049999
v -2.771238 0.300000 15.180000
v -2.798950 0.600000 15.080005
v -2.798950 0.300000 15.210006
v -2.390850 0.600000 15.080005
v -2.390850 0.300000 15.210006
v -2.640000 0.900000 13.949991
v -2.640000 -0.900000 14.649996
v -2.640000 0.900000 14.649996
v -2.640000 -0.600000 14.849999
v -2.640000 -0.300000 14.980000
v -2.640000 0.600000 14.849999
v -2.640000 0.300000 14.980000
v 2.390851 -0.899997 14.880001
v 2.390849 0.900003 14.880001
v 2.710000 -1.190000 13.949990
v 2.690001 -0.899997 13.949991
v 2.690000 0.000003 15.020001
v 2.743800 0.000004 15.080012
v 2.771238 0.000004 15.080012
v 2.771238 0.000004 15.220001
v 2.798950 0.000004 15.250007
v 2.390850 0.000003 15.250007
v 2.710000 1.190000 13.949990
v 2.689999 0.900003 13.949991
v 2.689999 0.900003 14.649996
v 2.743799 0.900003 14.710007
v 2.771237 0.900003 14.710007
v 2.771237 0.900003 14.849996
v 2.798949 0.900003 14.880001
v 2.690001 -0.899997 14.649996
v 2.743801 -0.899996 14.710007
v 2.771239 -0.899996 14.710007
v 2.771239 -0.899996 14.849996
v 2.798951 -0.899996 14.880001
v 2.689999 0.600003 14.849999
v 2.690000 0.300003 14.980000
v 2.743799 0.600003 14.910010
v 2.743800 0.300003 15.040011
v 2.771237 0.600003 14.910010
v 2.771237 0.300004 15.040011
v 2.771237 0.600003 15.049999
v 2.771237 0.300004 15.180000
v 2.798949 0.600003 15.080005
v 2.798950 0.300004 15.210006
v 2.390849 0.600003 15.080005
v 2.390850 0.300003 15.210006
v 2.690001 -0.599997 14.849999
v 2.690001 -0.299997 14.980000
v 2.743801 -0.599997 14.910010
v 2.743801 -0.299996 15.040011
v 2.771239 -0.599997 14.910010
v 2.771238 -0.299996 15.040011
v 2.771239 -0.599997 15.049999
v 2.771238 -0.299996 15.180000
v 2.798951 -0.599996 15.080005
v 2.798951 -0.299996 15.210006
v 2.390851 -0.599997 15.080005
v 2.390851 -0.299997 15.210006
v 2.640002 -0.899997 13.949991
v 2.639999 0.900003 14.649996
v 2.640002 -0.899997 14.649996
v 2.640000 0.600003 14.849999
v 2.640000 0.300003 14.980000
v 2.640001 -0.599997 14.849999
v 2.640001 -0.299997 14.980000
v -1.217388 -2.798951 14.880001
v -1.217388 -2.694901 14.880001
v -0.899998 -2.390851 14.880001
v 0.900002 -2.390850 14.880001
v -1.190000 -2.710000 13.949990
v -0.899998 -2.690001 13.949991
v 0.000002 -2.690000 15.020001
v 0.000002 -2.743800 15.080012
v 0.000002 -2.771238 15.080012
v 0.000002 -2.771238 15.220001
v 0.000002 -2.798950 15.250007
v 0.000001 -2.390850 15.250007
v 1.190000 -2.710000 13.949990
v 0.900002 -2.690000 13.949991
v 0.900002 -2.690000 14.649996
v 0.900002 -2.743800 14.710007
v 0.900002 -2.771237 14.710007
v 0.900002 -2.771237 14.849996
v 0.900002 -2.798950 14.880001
v -0.899998 -2.690001 14.649996
v -0.899998 -2.743801 14.710007
v -0.899998 -2.771238 14.710007
v -0.899998 -2.771238 14.849996
v -0.899998 -2.798951 14.880001
v 0.600002 -2.690000 14.849999
v 0.300002 -2.690000 14.980000
v 0.600002 -2.743800 14.910010
v 0.300002 -2.743800 15.040011
v 0.600002 -2.771237 14.910010
v 0.300002 -2.771238 15.040011
v 0.600002 -2.771237 15.049999
v 0.300002 -2.771238 15.180000
v 0.600002 -2.798950 15.080005
v 0.300002 -2.798950 15.210006
v 0.600001 -2.390850 15.080005
v 0.300001 -2.390850 15.210006
v -0.599998 -2.690001 14.849999
v -0.299998 -2.690000 14.980000
v -0.599998 -2.743801 14.910010
v -0.299998 -2.743800 15.040011
v -0.599998 -2.771238 14.910010
v -0.299998 -2.771238 15.040011
v -0.599998 -2.771238 15.049999
v -0.299998 -2.771238 15.180000
v -0.599998 -2.798951 15.080005
v -0.299998 -2.798950 15.210006
v -0.599998 -2.390851 15.080005
v -0.299999 -2.390850 15.210006
v -0.899998 -2.640000 13.949991
v 0.900002 -2.640000 14.649996
v -0.899998 -2.640000 14.649996
v 0.600002 -2.640000 14.849999
v 0.300002 -2.640000 14.980000
v -0.599998 -2.640001 14.849999
v -0.299998 -2.640000 14.980000
v 1.189995 2.710002 13.949991
v -1.190005 2.709998 13.949991
v 1.169995 2.690002 13.949991
v -1.170005 2.689998 13.949991
v 1.169995 2.690002 14.649996
v -1.170005 2.689998 14.649996
v 1.193395 2.743802 14.710007
v -1.193405 2.743798 14.710007
v 1.205329 2.771240 14.710007
v -1.205339 2.771236 14.710007
v 1.205329 2.771240 14.849996
v -1.205339 2.771236 14.849996
v -1.217395 2.798948 14.880001
v -1.217395 2.694897 14.880001
v -0.900004 2.390849 14.880001
v 0.899995 2.390851 14.880001
v 0.899995 2.690001 13.949991
v -0.000005 2.690000 15.020001
v -0.000005 2.743800 15.080012
v -0.000005 2.771238 15.080012
v -0.000005 2.771238 15.220001
v -0.000005 2.798950 15.250007
v -0.000005 2.390850 15.250007
v -0.900005 2.689999 13.949991
v -0.900005 2.689999 14.649996
v -0.900005 2.743799 14.710007
v -0.900005 2.771236 14.710007
v -0.900005 2.771236 14.849996
v -0.900005 2.798949 14.880001
v 0.899995 2.690001 14.649996
v 0.899995 2.743802 14.710007
v 0.899995 2.771239 14.710007
v 0.899995 2.771239 14.849996
v 0.899995 2.798952 14.880001
v -0.600005 2.689999 14.849999
v -0.300005 2.690000 14.980000
v -0.600005 2.743799 14.910010
v -0.300005 2.743799 15.040011
v -0.600005 2.771236 14.910010
v -0.300005 2.771237 15.040011
v -0.600005 2.771236 15.049999
v -0.300005 2.771237 15.180000
v -0.600005 2.798949 15.080005
v -0.300005 2.798949 15.210006
v -0.600005 2.390849 15.080005
v -0.300004 2.390849 15.210006
v 0.599995 2.690001 14.849999
v 0.299995 2.690001 14.980000
v 0.599995 2.743802 14.910010
v 0.299995 2.743801 15.040011
v 0.599995 2.771239 14.910010
v 0.299995 2.771239 15.040011
v 0.599995 2.771239 15.049999
v 0.299995 2.771239 15.180000
v 0.599995 2.798952 15.080005
v 0.299995 2.798951 15.210006
v 0.599995 2.390851 15.080005
v 0.299995 2.390851 15.210006
v 0.899995 2.640002 13.949991
v -0.900005 2.639998 14.649996
v 0.899995 2.640002 14.649996
v -0.600005 2.639999 14.849999
v -0.300005 2.639999 14.980000
v 0.599995 2.640001 14.849999
v 0.299995 2.640001 14.980000
v -2.660001 1.240000 13.850000
v -2.660000 -1.240000 13.850000
v -2.660000 -1.640000 13.850000
v 2.659999 1.240000 13.849999
v 2.659999 -1.240000 13.849999
v -1.640000 2.660001 13.849999
v -1.240000 2.660001 13.849999
v 1.640000 -2.659999 13.849999
v -1.640000 -2.659999 13.849999
v -1.640000 -2.560000 13.849999
v 2.560000 1.640000 13.849999
v 2.559999 -1.640000 13.849999
v -2.560000 -2.560000 13.850000
v -2.610000 1.190000 13.949991
v -2.610000 -1.190000 13.949991
v -2.610000 1.590000 13.949991
v -2.609999 -1.590000 13.949991
v 2.609999 1.590000 13.949990
v 2.610000 -1.590000 13.949990
v 2.610000 1.190000 13.949990
v 2.610000 -1.190000 13.949990
v 1.590000 2.609999 13.949990
v -1.590000 2.610001 13.949990
v 1.190000 2.610000 13.949990
v -1.190000 2.610000 13.949990
v 1.590000 -2.610000 13.949990
v -1.590000 -2.610000 13.949990
v 1.190000 -2.610000 13.949990
v -1.190000 -2.610000 13.949990
v -2.510000 1.590000 13.949991
v -2.510000 -1.590000 13.949991
v 1.590000 -2.510000 13.949990
v -1.590000 -2.510001 13.949990
v 2.510000 1.590000 13.949990
v 2.510000 -1.590000 13.949990
v 1.590000 2.510000 13.949990
v -1.590000 2.510000 13.949990
v -2.510000 2.510000 13.949991
v -2.510000 -2.510001 13.949991
v 2.510000 -2.510001 13.949990
v 2.560000 2.560000 13.849999
v 2.510001 2.510000 13.949990
v -2.590000 1.170000 13.949991
v -2.590000 -1.170000 13.949991
v -2.590000 1.570000 13.949991
v -2.589999 -1.570000 13.949991
v -2.490000 1.570000 13.949991
v -2.490000 -1.570000 13.949991
v -2.490000 2.490000 13.949991
v -2.490000 -2.490001 13.949991
v 2.690000 1.170000 13.949990
v 2.690000 -1.170000 13.949990
v 2.589999 1.570000 13.949990
v 2.590000 -1.570000 13.949990
v 2.590000 1.170000 13.949990
v 2.590000 -1.170000 13.949990
v 2.490000 1.570000 13.949990
v 2.490000 -1.570000 13.949990
v 1.170000 -2.690000 13.949990
v -1.170000 -2.689999 13.949990
v 1.570000 -2.590000 13.949990
v -1.570000 -2.589999 13.949990
v 1.170000 -2.590000 13.949990
v -1.170000 -2.589999 13.949990
v 1.570000 -2.490000 13.949990
v -1.570000 -2.490000 13.949990
v 2.490000 -2.490001 13.949990
v 1.570000 2.589999 13.949990
v -1.570000 2.590000 13.949990
v 1.170000 2.590000 13.949990
v -1.170000 2.590000 13.949990
v 1.570000 2.489999 13.949990
v -1.570000 2.490000 13.949990
v 2.490001 2.489999 13.949990
v -2.690000 1.170000 14.649996
v -2.590000 1.170000 14.649996
v -2.590000 -1.170000 14.649996
v -2.590000 1.570000 14.649996
v -2.589999 -1.570000 14.649996
v -2.490000 1.570000 14.649996
v -2.490000 -1.570000 14.649996
v -2.490000 2.490000 14.649996
v -2.490000 -2.490001 14.649996
v 2.690000 1.170000 14.649995
v 2.690000 -1.170000 14.649995
v 2.589999 1.570000 14.649995
v 2.590000 -1.570000 14.649995
v 2.590000 1.170000 14.649995
v 2.590000 -1.170000 14.649995
v 2.490000 1.570000 14.649995
v 2.490000 -1.570000 14.649995
v 1.170000 -2.690000 14.649995
v -1.170000 -2.689999 14.649995
v 1.570000 -2.590000 14.649995
v -1.570000 -2.589999 14.649995
v 1.170000 -2.590000 14.649995
v -1.170000 -2.589999 14.649995
v 1.570000 -2.490000 14.649995
v -1.570000 -2.490000 14.649995
v 2.490000 -2.490001 14.649995
v 1.570000 2.589999 14.649995
v -1.570000 2.590000 14.649995
v 1.170000 2.590000 14.649995
v -1.170000 2.590000 14.649995
v 1.570000 2.489999 14.649995
v -1.570000 2.490000 14.649995
v 2.490001 2.489999 14.649995
v -2.743800 1.193400 14.710007
v -2.743800 -1.193400 14.710007
v -2.641800 1.193400 14.710007
v -2.641800 -1.193400 14.710007
v -2.641800 1.601400 14.710007
v -2.641799 -1.601400 14.710007
v -2.539800 1.601400 14.710007
v -2.539799 -1.601400 14.710007
v -2.539800 2.539800 14.710007
v -2.539799 -2.539801 14.710007
v 2.743800 1.193400 14.710006
v 2.743800 -1.193400 14.710006
v 2.641799 1.601400 14.710006
v 2.641800 -1.601400 14.710006
v 2.641800 1.193400 14.710006
v 2.641800 -1.193400 14.710006
v 2.539799 1.601400 14.710006
v 2.539800 -1.601400 14.710006
v 1.193400 -2.743800 14.710006
v -1.193400 -2.743799 14.710006
v 1.601400 -2.641800 14.710006
v -1.601400 -2.641799 14.710006
v 1.193400 -2.641800 14.710006
v -1.193400 -2.641799 14.710006
v 1.601400 -2.539800 14.710006
v -1.601400 -2.539800 14.710006
v 2.539800 -2.539801 14.710006
v 1.601400 2.641799 14.710006
v -1.601400 2.641800 14.710006
v 1.193400 2.641800 14.710006
v -1.193400 2.641800 14.710006
v 1.601400 2.539799 14.710006
v -1.601400 2.539800 14.710006
v 2.539801 2.539799 14.710006
v -2.771238 1.205334 14.710007
v -2.668218 1.205334 14.710007
v -2.668218 -1.205334 14.710007
v -2.668218 1.617414 14.710007
v -2.668217 -1.617414 14.710007
v -2.565198 1.617414 14.710007
v -2.565197 -1.617414 14.710007
v -2.565198 2.565198 14.710007
v -2.565197 -2.565199 14.710007
v 2.771238 1.205334 14.710006
v 2.771238 -1.205334 14.710006
v 2.668217 1.617414 14.710006
v 2.668218 -1.617414 14.710006
v 2.668218 1.205334 14.710006
v 2.668218 -1.205334 14.710006
v 2.565197 1.617414 14.710006
v 2.565198 -1.617414 14.710006
v 1.205334 -2.771238 14.710006
v -1.205334 -2.771237 14.710006
v 1.617414 -2.668218 14.710006
v -1.617414 -2.668217 14.710006
v 1.205334 -2.668218 14.710006
v -1.205334 -2.668217 14.710006
v 1.617414 -2.565198 14.710006
v -1.617414 -2.565198 14.710006
v 2.565198 -2.565199 14.710006
v 1.617414 2.668217 14.710006
v -1.617414 2.668218 14.710006
v 1.205334 2.668218 14.710006
v -1.205334 2.668218 14.710006
v 1.617414 2.565197 14.710006
v -1.617414 2.565198 14.710006
v 2.565199 2.565197 14.710006
v -2.771238 1.205334 14.849996
v -2.668218 1.205334 14.849996
v -2.668218 -1.205334 14.849996
v -2.668218 1.617414 14.849996
v -2.668217 -1.617414 14.849996
v -2.565198 1.617414 14.849996
v -2.565197 -1.617414 14.849996
v -2.565198 2.565198 14.849996
v -2.565197 -2.565199 14.849996
v 2.771238 1.205334 14.849995
v 2.771238 -1.205334 14.849995
v 2.668217 1.617414 14.849995
v 2.668218 -1.617414 14.849995
v 2.668218 1.205334 14.849995
v 2.668218 -1.205334 14.849995
v 2.565197 1.617414 14.849995
v 2.565198 -1.617414 14.849995
v 1.205334 -2.771238 14.849995
v -1.205334 -2.771237 14.849995
v 1.617414 -2.668218 14.849995
v -1.617414 -2.668217 14.849995
v 1.205334 -2.668218 14.849995
v -1.205334 -2.668217 14.849995
v 1.617414 -2.565198 14.849995
v -1.617414 -2.565198 14.849995
v 2.565198 -2.565199 14.849995
v 1.617414 2.668217 14.849995
v -1.617414 2.668218 14.849995
v 1.205334 2.668218 14.849995
v -1.205334 2.668218 14.849995
v 1.617414 2.565197 14.849995
v -1.617414 2.565198 14.849995
v 2.565199 2.565197 14.849995
v -2.798950 1.217390 14.880001
v -2.694900 1.633588 14.880001
v -2.694900 -1.633588 14.880001
v -2.590850 1.633588 14.880001
v -2.590849 -1.633588 14.880001
v -2.590850 2.590850 14.880001
v -2.590849 -2.590851 14.880001
v 2.798950 1.217387 14.880000
v 2.798950 -1.217387 14.880000
v 2.694900 1.633588 14.880000
v 2.694900 -1.633588 14.880000
v 2.694900 1.217387 14.880000
v 2.694900 -1.217387 14.880000
v 2.590849 1.633588 14.880000
v 1.217387 -2.798950 14.880000
v 1.633588 -2.694900 14.880000
v -1.633588 -2.694899 14.880000
v 1.217387 -2.694900 14.880000
v -1.633588 -2.590850 14.880000
v 2.590850 -2.590850 14.880000
v 1.217387 2.798950 14.880000
v 1.633588 2.694899 14.880000
v -1.633588 2.694901 14.880000
v 1.217387 2.694900 14.880000
v 1.633588 2.590849 14.880000
v -1.633588 2.590850 14.880000
v 2.590851 2.590849 14.880000
v -2.694900 -1.217390 14.880001
v 2.590850 -1.633588 14.880000
v 1.633588 -2.590850 14.880000
vt 0.724342 0.896305
vt 0.748877 0.898484
vt 0.745827 0.922501
vt 0.721667 0.919159
vt 0.725819 0.872971
vt 0.750603 0.873972
vt 0.741670 0.946251
vt 0.717830 0.942297
vt 0.726305 0.849243
vt 0.751334 0.849033
vt 0.717804 0.755328
vt 0.741964 0.751456
vt 0.746111 0.775139
vt 0.721563 0.778776
vt 0.725759 0.825583
vt 0.751044 0.824412
vt 0.749030 0.799257
vt 0.724496 0.801925
vt 0.750864 0.823609
vt 0.726322 0.825115
vt 0.724104 0.801962
vt 0.721444 0.778484
vt 0.746029 0.775268
vt 0.748969 0.799803
vt 0.751535 0.848031
vt 0.727022 0.848325
vt 0.750990 0.872542
vt 0.726590 0.871445
vt 0.754703 0.872684
vt 0.753228 0.897507
vt 0.749501 0.897199
vt 0.721735 0.919072
vt 0.724687 0.896146
vt 0.748815 0.898612
vt 0.746039 0.922761
vt 0.746782 0.921950
vt 0.721642 0.918333
vt 0.724691 0.894664
vt 0.727059 0.849702
vt 0.751722 0.849629
vt 0.750920 0.874114
vt 0.726399 0.873004
vt 0.726590 0.826372
vt 0.751334 0.825082
vt 0.746470 0.921518
vt 0.749384 0.896431
vt 0.723871 0.894342
vt 0.721310 0.918368
vt 0.724889 0.803079
vt 0.749862 0.800586
vt 0.721868 0.779476
vt 0.747071 0.775893
vt 0.725462 0.869992
vt 0.751121 0.871109
vt 0.751282 0.845980
vt 0.726185 0.845897
vt 0.717948 0.755189
vt 0.742971 0.751150
vt 0.750350 0.821313
vt 0.725864 0.822448
vt 0.721558 0.777491
vt 0.745012 0.774147
vt 0.740434 0.751227
vt 0.717759 0.755372
vt 0.748286 0.797451
vt 0.724338 0.799748
vt 0.717948 0.942246
vt 0.741826 0.946148
vt 0.741603 0.751363
vt 0.742076 0.945952
vt 0.717759 0.942038
vt 0.750577 0.922469
vt 0.746302 0.947455
vt 0.742742 0.946489
vt 0.717805 0.942536
vt 0.748558 0.773560
vt 0.743935 0.750165
vt 0.749493 0.923038
vt 0.745303 0.947257
vt 0.745058 0.750346
vt 0.749643 0.774707
vt 0.755038 0.845909
vt 0.754011 0.821068
vt 0.755421 0.849650
vt 0.754616 0.874319
vt 0.754450 0.874171
vt 0.752422 0.898838
vt 0.752793 0.799416
vt 0.754649 0.824240
vt 0.754543 0.823408
vt 0.755225 0.848008
vt 0.746558 0.750167
vt 0.750875 0.775370
vt 0.753456 0.800276
vt 0.755031 0.824929
vt 0.753315 0.896796
vt 0.754927 0.871240
vt 0.750164 0.922073
vt 0.752605 0.898999
vt 0.749585 0.923297
vt 0.749673 0.774605
vt 0.752686 0.798885
vt 0.755069 0.849047
vt 0.751731 0.797057
vt 0.745390 0.750486
vt 0.745209 0.947117
vt 0.764042 0.773752
vt 0.766548 0.799286
vt 0.768423 0.849107
vt 0.767567 0.875009
vt 0.768039 0.824532
vt 0.765279 0.900291
vt 0.768430 0.849850
vt 0.767484 0.822821
vt 0.768197 0.848035
vt 0.766918 0.819999
vt 0.764236 0.795433
vt 0.765566 0.797685
vt 0.768505 0.845634
vt 0.762458 0.772723
vt 0.758037 0.748206
vt 0.765457 0.900462
vt 0.762053 0.925300
vt 0.762017 0.924980
vt 0.757893 0.949383
vt 0.757639 0.949394
vt 0.763352 0.923895
vt 0.766499 0.898039
vt 0.758137 0.747905
vt 0.762573 0.772851
vt 0.760682 0.771439
vt 0.745611 0.946971
vt 0.758972 0.949383
vt 0.765799 0.798209
vt 0.756123 0.747814
vt 0.763497 0.924307
vt 0.759348 0.949595
vt 0.760055 0.747969
vt 0.766298 0.898710
vt 0.768317 0.871846
vt 0.724351 0.896066
vt 0.748865 0.898263
vt 0.745799 0.922262
vt 0.721658 0.918901
vt 0.725845 0.872751
vt 0.750608 0.873770
vt 0.741624 0.945994
vt 0.726351 0.849043
vt 0.751355 0.848854
vt 0.717906 0.755331
vt 0.745864 0.774653
vt 0.721735 0.778371
vt 0.725827 0.825406
vt 0.751083 0.824257
vt 0.748897 0.798362
vt 0.724749 0.801127
vt 0.750918 0.822363
vt 0.726653 0.823953
vt 0.724200 0.801819
vt 0.721538 0.778412
vt 0.749029 0.799658
vt 0.751582 0.846684
vt 0.727354 0.846866
vt 0.751444 0.871373
vt 0.726636 0.870074
vt 0.755186 0.871484
vt 0.753760 0.896598
vt 0.749982 0.896295
vt 0.721479 0.919139
vt 0.724352 0.895924
vt 0.748778 0.898297
vt 0.746092 0.922752
vt 0.747280 0.921419
vt 0.721721 0.917822
vt 0.724740 0.893752
vt 0.726580 0.848918
vt 0.751346 0.848745
vt 0.750764 0.873493
vt 0.725975 0.872494
vt 0.726164 0.825495
vt 0.750839 0.824132
vt 0.746471 0.775816
vt 0.749466 0.800674
vt 0.724302 0.802753
vt 0.721485 0.778995
vt 0.724536 0.802404
vt 0.749261 0.799866
vt 0.721560 0.779176
vt 0.746293 0.775649
vt 0.725948 0.826459
vt 0.751081 0.825501
vt 0.751589 0.850236
vt 0.726507 0.850230
vt 0.742309 0.751437
vt 0.750634 0.874791
vt 0.726151 0.873696
vt 0.745790 0.922621
vt 0.741116 0.946051
vt 0.717772 0.941786
vt 0.748722 0.898869
vt 0.724688 0.896469
vt 0.717762 0.942610
vt 0.741944 0.946439
vt 0.717802 0.754916
vt 0.742011 0.751067
vt 0.742134 0.751180
vt 0.717772 0.755207
vt 0.751135 0.921935
vt 0.746870 0.947319
vt 0.743251 0.946350
vt 0.717907 0.942420
vt 0.749411 0.923192
vt 0.744699 0.947134
vt 0.749463 0.922802
vt 0.745253 0.947003
vt 0.745480 0.750095
vt 0.749758 0.774529
vt 0.755304 0.850280
vt 0.754296 0.875020
vt 0.755066 0.848739
vt 0.754505 0.873674
vt 0.754452 0.873972
vt 0.752408 0.898619
vt 0.752855 0.799277
vt 0.754685 0.824088
vt 0.754566 0.822143
vt 0.755279 0.846630
vt 0.745821 0.750481
vt 0.750014 0.775121
vt 0.752809 0.799532
vt 0.754524 0.823956
vt 0.753223 0.800340
vt 0.754821 0.825352
vt 0.750281 0.775256
vt 0.752617 0.898669
vt 0.749683 0.923276
vt 0.749364 0.774105
vt 0.752494 0.797967
vt 0.755087 0.848871
vt 0.752221 0.899227
vt 0.745008 0.750413
vt 0.745372 0.947402
vt 0.762892 0.773358
vt 0.765536 0.798344
vt 0.768427 0.848939
vt 0.767558 0.874817
vt 0.767483 0.823197
vt 0.765256 0.900080
vt 0.768398 0.848720
vt 0.767226 0.821326
vt 0.768468 0.846413
vt 0.767414 0.875845
vt 0.764935 0.900707
vt 0.765128 0.796694
vt 0.768408 0.850317
vt 0.761920 0.772178
vt 0.757431 0.748097
vt 0.765636 0.900086
vt 0.762311 0.925242
vt 0.761978 0.924753
vt 0.757834 0.949140
vt 0.757962 0.949646
vt 0.763448 0.773509
vt 0.766232 0.799178
vt 0.758564 0.747818
vt 0.762708 0.772763
vt 0.761781 0.925103
vt 0.745704 0.750160
vt 0.759165 0.747801
vt 0.765853 0.798098
vt 0.757449 0.949491
vt 0.764255 0.923761
vt 0.760123 0.949451
vt 0.758731 0.748333
vt 0.767018 0.897770
vt 0.767941 0.824706
vt 0.767678 0.874464
vt 0.767598 0.823581
vt 0.767594 0.875173
vt 0.767621 0.823442
vt 0.768373 0.871975
vt 0.767748 0.873281
vt 0.623245 0.726060
vt 0.623246 0.986270
vt 0.597094 0.986270
vt 0.597094 0.726060
vt 0.636519 0.724681
vt 0.662671 0.724681
vt 0.662671 0.984891
vt 0.636520 0.984891
vt 0.733953 0.726061
vt 0.733954 0.986269
vt 0.707802 0.986269
vt 0.707802 0.726061
vt 0.551962 0.724683
vt 0.551962 0.984891
vt 0.525810 0.724683
vt 0.525811 0.984892
vt 0.497776 0.711465
vt 0.820289 0.711465
vt 0.820289 0.994557
vt 0.497776 0.994557
vt 0.498203 0.711966
vt 0.820716 0.711965
vt 0.820716 0.995058
vt 0.498203 0.995058
vt 0.659320 0.778863
vt 0.498064 0.712595
vt 0.820576 0.712595
vt 0.820576 0.865056
vt 0.796457 0.835667
vt 0.733538 0.793626
vt 0.697156 0.782590
vt 0.767067 0.811548
vt 0.659033 0.883169
vt 0.696869 0.879442
vt 0.820290 0.995202
vt 0.621484 0.782590
vt 0.551572 0.811549
vt 0.522183 0.835668
vt 0.498064 0.865057
vt 0.585102 0.793627
vt 0.659320 0.778793
vt 0.820576 0.712526
vt 0.498064 0.712524
vt 0.621484 0.782519
vt 0.522183 0.835598
vt 0.498064 0.864988
vt 0.497776 0.995203
vt 0.660249 0.883036
vt 0.622413 0.879310
vt 0.498994 0.995071
vt 0.821507 0.796845
vt 0.797387 0.826232
vt 0.821505 0.995069
vt 0.698086 0.879309
vt 0.734468 0.868272
vt 0.767998 0.850350
vt 0.552501 0.850352
vt 0.523111 0.826233
vt 0.586031 0.868273
vt 0.498991 0.796845
vt 0.497776 0.796977
vt 0.521895 0.826365
vt 0.621197 0.879442
vt 0.584815 0.868406
vt 0.551285 0.850484
vt 0.766781 0.850484
vt 0.796170 0.826365
vt 0.733251 0.868405
vt 0.820289 0.796976
vt 0.663406 0.724681
vt 0.689558 0.724681
vt 0.689557 0.984890
vt 0.663405 0.984890
vt 0.774114 0.724682
vt 0.774114 0.984891
vt 0.551675 0.724973
vt 0.551676 0.985182
vt 0.525524 0.985183
vt 0.525524 0.724973
vt 0.636233 0.724973
vt 0.636234 0.985182
vt 0.800265 0.724683
vt 0.800266 0.984891
vt 0.662384 0.724973
vt 0.662385 0.985182
vt 0.796454 0.835599
vt 0.820573 0.864989
vt 0.697155 0.782519
vt 0.787079 0.991654
vt 0.760927 0.991654
vt 0.760927 0.731445
vt 0.787079 0.731445
vt 0.676371 0.991653
vt 0.676370 0.731444
vt 0.650219 0.991653
vt 0.650219 0.731444
vt 0.630273 0.981114
vt 0.630272 0.720905
vt 0.656424 0.720904
vt 0.656424 0.981114
vt 0.545715 0.981115
vt 0.545714 0.720906
vt 0.519563 0.981115
vt 0.519563 0.720906
vt 0.538776 0.991654
vt 0.512625 0.991654
vt 0.512625 0.731445
vt 0.538776 0.731445
vt 0.623334 0.991654
vt 0.623334 0.731445
vt 0.649485 0.991653
vt 0.649485 0.731444
vt 0.784943 0.978015
vt 0.784944 0.717806
vt 0.811095 0.717806
vt 0.811095 0.978015
vt 0.674235 0.978014
vt 0.674235 0.717805
vt 0.700386 0.717806
vt 0.700386 0.978015
vt 0.820995 0.994778
vt 0.498482 0.994778
vt 0.498482 0.711687
vt 0.820995 0.711686
vt 0.821061 0.994400
vt 0.498548 0.994401
vt 0.498547 0.711309
vt 0.821060 0.711308
vt 0.485595 0.032776
vt 0.522343 0.094957
vt 0.512264 0.113797
vt 0.522364 0.032788
vt 0.529712 0.032790
vt 0.529691 0.094959
vt 0.522373 0.032578
vt 0.485604 0.032578
vt 0.481930 0.028904
vt 0.526048 0.028904
vt 0.485680 0.032603
vt 0.482006 0.028928
vt 0.526124 0.028928
vt 0.485641 0.032536
vt 0.522410 0.032536
vt 0.522392 0.032655
vt 0.485623 0.032655
vt 0.481949 0.028980
vt 0.526067 0.028980
vt 0.522330 0.032579
vt 0.481924 0.028848
vt 0.526042 0.028848
vt 0.526044 0.021585
vt 0.481927 0.021585
vt 0.485601 0.005006
vt 0.522370 0.005006
vt 0.481995 0.021432
vt 0.470971 0.021432
vt 0.470971 0.004852
vt 0.478320 0.004852
vt 0.537164 0.032336
vt 0.529815 0.032336
vt 0.526141 0.028662
vt 0.537164 0.028662
vt 0.478320 0.032486
vt 0.470971 0.032482
vt 0.470973 0.028808
vt 0.481996 0.028813
vt 0.481878 0.021421
vt 0.470855 0.021421
vt 0.470855 0.004842
vt 0.478203 0.004842
vt 0.526067 0.021632
vt 0.485623 0.005052
vt 0.522392 0.005052
vt 0.529878 0.032323
vt 0.526203 0.028648
vt 0.537226 0.028648
vt 0.482006 0.021580
vt 0.485680 0.005001
vt 0.478356 0.004781
vt 0.471007 0.004781
vt 0.529882 0.032354
vt 0.537230 0.032354
vt 0.526207 0.028680
vt 0.470853 0.032425
vt 0.478201 0.032425
vt 0.470853 0.028751
vt 0.482000 0.021465
vt 0.470977 0.021459
vt 0.537226 0.021300
vt 0.526203 0.021300
vt 0.529877 0.004721
vt 0.537226 0.004721
vt 0.478161 0.032492
vt 0.470813 0.032492
vt 0.470813 0.028818
vt 0.481836 0.028818
vt 0.537105 0.032475
vt 0.529756 0.032475
vt 0.526082 0.028801
vt 0.537105 0.028801
vt 0.537105 0.021452
vt 0.526082 0.021452
vt 0.529757 0.004873
vt 0.537105 0.004873
vt 0.537114 0.032361
vt 0.529765 0.032361
vt 0.537114 0.028686
vt 0.481836 0.021470
vt 0.470813 0.021470
vt 0.470813 0.004890
vt 0.478161 0.004890
vt 0.522330 0.004976
vt 0.537199 0.021452
vt 0.526176 0.021452
vt 0.537198 0.004872
vt 0.526042 0.021500
vt 0.481924 0.021500
vt 0.485598 0.004921
vt 0.522367 0.004921
vt 0.537230 0.032454
vt 0.529882 0.032454
vt 0.526208 0.028780
vt 0.537230 0.028780
vt 0.537230 0.021432
vt 0.526208 0.021432
vt 0.529882 0.004852
vt 0.471007 0.032384
vt 0.478355 0.032384
vt 0.482030 0.028709
vt 0.471007 0.028709
vt 0.526141 0.021313
vt 0.529815 0.004734
vt 0.537230 0.004752
vt 0.529882 0.004752
vt 0.537114 0.021338
vt 0.529765 0.004758
vt 0.537114 0.004758
vt 0.503953 0.155504
vt 0.485504 0.301737
vt 0.506055 0.134242
vt 0.512236 0.197218
vt 0.522302 0.216064
vt 0.485568 0.301770
vt 0.512266 0.197243
vt 0.485554 0.094961
vt 0.522323 0.032793
vt 0.495626 0.113804
vt 0.506064 0.134269
vt 0.485617 0.301698
vt 0.478268 0.301699
vt 0.478268 0.032739
vt 0.529725 0.032733
vt 0.529725 0.301692
vt 0.522376 0.301693
vt 0.485580 0.216031
vt 0.522348 0.301716
vt 0.495652 0.197187
vt 0.495652 0.113769
vt 0.501854 0.134215
vt 0.485580 0.094925
vt 0.503949 0.155479
vt 0.478156 0.301734
vt 0.478246 0.032773
vt 0.501854 0.176741
vt 0.514642 0.301897
vt 0.522599 0.301898
vt 0.524986 0.304285
vt 0.514642 0.304285
vt 0.482503 0.301866
vt 0.490460 0.301866
vt 0.490460 0.304253
vt 0.480116 0.304253
vt 0.522515 0.302050
vt 0.482702 0.302050
vt 0.480315 0.304437
vt 0.524903 0.304437
vt 0.482671 0.301890
vt 0.522485 0.301890
vt 0.524872 0.304277
vt 0.480283 0.304277
vt 0.514779 0.301975
vt 0.522737 0.301975
vt 0.525124 0.304362
vt 0.514779 0.304362
vt 0.482536 0.301798
vt 0.490494 0.301797
vt 0.490494 0.304185
vt 0.480149 0.304185
vt 0.498394 0.301871
vt 0.496018 0.304270
vt 0.525281 0.304373
vt 0.517324 0.304306
vt 0.514958 0.301898
vt 0.522915 0.301966
vt 0.478081 0.301897
vt 0.529537 0.301897
vt 0.529537 0.304336
vt 0.478081 0.304336
vt 0.506572 0.302018
vt 0.508966 0.304400
vt 0.482606 0.301886
vt 0.490563 0.301876
vt 0.488179 0.304266
vt 0.480222 0.304277
vt 0.482630 0.302051
vt 0.490588 0.302050
vt 0.490588 0.304438
vt 0.480243 0.304438
vt 0.501828 0.134251
vt 0.478278 0.301624
vt 0.529734 0.301624
vt 0.529735 0.304063
vt 0.478278 0.304063
vt 0.490625 0.304317
vt 0.506674 0.301979
vt 0.522588 0.302029
vt 0.524968 0.304423
vt 0.509054 0.304373
vt 0.490675 0.301838
vt 0.488296 0.304231
vt 0.480339 0.304249
vt 0.529666 0.304237
vt 0.478210 0.304237
vt 0.478210 0.301798
vt 0.529666 0.301798
vt 0.482430 0.301934
vt 0.498343 0.301919
vt 0.480045 0.304324
vt 0.517014 0.304467
vt 0.514618 0.302089
vt 0.522574 0.302058
vt 0.524993 0.304494
vt 0.514648 0.304494
vt 0.490494 0.312142
vt 0.480150 0.312142
vt 0.490588 0.312395
vt 0.480244 0.312395
vt 0.524900 0.312317
vt 0.508986 0.312356
vt 0.529666 0.312194
vt 0.478211 0.312193
vt 0.516646 0.304433
vt 0.524603 0.304377
vt 0.524659 0.312334
vt 0.516702 0.312389
vt 0.524986 0.312241
vt 0.514641 0.312241
vt 0.509112 0.304338
vt 0.525008 0.312330
vt 0.509094 0.312295
vt 0.524871 0.312214
vt 0.480283 0.312214
vt 0.488017 0.304220
vt 0.488045 0.312177
vt 0.480087 0.312204
vt 0.490624 0.312275
vt 0.480279 0.312274
vt 0.495972 0.304113
vt 0.496033 0.312070
vt 0.480315 0.312393
vt 0.524903 0.312393
vt 0.480194 0.304205
vt 0.488152 0.304180
vt 0.488177 0.312137
vt 0.480220 0.312162
vt 0.524993 0.312451
vt 0.514648 0.312451
vt 0.525123 0.312319
vt 0.514779 0.312319
vt 0.525214 0.312329
vt 0.517257 0.312262
vt 0.525005 0.312436
vt 0.509090 0.312397
vt 0.496057 0.312226
vt 0.480143 0.312304
vt 0.516747 0.304380
vt 0.524703 0.304310
vt 0.524773 0.312267
vt 0.516816 0.312336
vt 0.490460 0.312210
vt 0.488314 0.312187
vt 0.480357 0.312205
vt 0.529537 0.312292
vt 0.478081 0.312292
vt 0.517045 0.312423
vt 0.479924 0.304352
vt 0.495838 0.304255
vt 0.495887 0.312212
vt 0.479973 0.312309
vt 0.509029 0.312330
vt 0.529734 0.312020
vt 0.478278 0.312019
vt 0.495967 0.312265
vt 0.488189 0.312223
vt 0.536899 0.332249
vt 0.520986 0.332215
vt 0.468332 0.332122
vt 0.536791 0.332122
vt 0.536890 0.332359
vt 0.520976 0.332319
vt 0.536921 0.332135
vt 0.514641 0.332135
vt 0.536734 0.332143
vt 0.528777 0.332199
vt 0.490460 0.332103
vt 0.468180 0.332103
vt 0.529734 0.332305
vt 0.478278 0.332304
vt 0.528924 0.332124
vt 0.529537 0.332577
vt 0.478081 0.332577
vt 0.484251 0.332054
vt 0.468337 0.332176
vt 0.536807 0.332228
vt 0.529687 0.332474
vt 0.478231 0.332473
vt 0.490622 0.332168
vt 0.468401 0.332179
vt 0.529734 0.336283
vt 0.478278 0.336282
vt 0.536895 0.336158
vt 0.520981 0.336198
vt 0.536761 0.336121
vt 0.528805 0.336177
vt 0.476177 0.332111
vt 0.476190 0.336090
vt 0.468233 0.336117
vt 0.520903 0.332260
vt 0.536817 0.332309
vt 0.536805 0.336288
vt 0.520891 0.336239
vt 0.468348 0.336105
vt 0.529537 0.336555
vt 0.478081 0.336555
vt 0.514648 0.332344
vt 0.536928 0.332344
vt 0.536928 0.336322
vt 0.514648 0.336322
vt 0.468308 0.332288
vt 0.490588 0.332288
vt 0.490588 0.336266
vt 0.468308 0.336266
vt 0.468401 0.336158
vt 0.529666 0.336456
vt 0.478210 0.336456
vt 0.468136 0.332185
vt 0.484050 0.332170
vt 0.484054 0.336148
vt 0.468140 0.336163
vt 0.536807 0.336192
vt 0.468348 0.336192
vt 0.476279 0.332132
vt 0.476285 0.336109
vt 0.476317 0.336046
vt 0.468360 0.336071
vt 0.536856 0.336109
vt 0.514575 0.336109
vt 0.484281 0.336031
vt 0.490460 0.336082
vt 0.529058 0.332270
vt 0.537016 0.332240
vt 0.537031 0.336218
vt 0.529074 0.336249
vt 0.536916 0.336033
vt 0.528958 0.336103
vt 0.484220 0.332177
vt 0.484239 0.336156
vt 0.514779 0.332212
vt 0.537059 0.332212
vt 0.537059 0.336190
vt 0.514779 0.336190
vt 0.468462 0.332124
vt 0.476420 0.332107
vt 0.476429 0.336086
vt 0.468470 0.336102
vt 0.520966 0.336297
vt 0.529027 0.332254
vt 0.536985 0.332320
vt 0.536952 0.336299
vt 0.528994 0.336232
vt 0.468158 0.332274
vt 0.484097 0.336155
vt 0.468183 0.336253
vt 0.468380 0.332287
vt 0.468380 0.336266
vt 0.490622 0.336146
vt 0.490494 0.332035
vt 0.468215 0.332035
vt 0.506040 0.176768
vt 0.506063 0.176796
vt 0.478206 0.094961
vt 0.485553 0.216068
vt 0.522322 0.301752
vt 0.478231 0.094925
vt 0.482574 0.301810
vt 0.482297 0.301951
vt 0.498211 0.301853
vt 0.514339 0.302013
vt 0.522295 0.301944
vt 0.478231 0.216031
vt 0.529651 0.216067
vt 0.529622 0.301751
vt 0.490395 0.301825
vt 0.478205 0.216068
vt 0.506730 0.301944
vt 0.514242 0.302062
vt 0.522199 0.302007
vt 0.482427 0.301830
vt 0.498342 0.301707
vt 0.501828 0.176776
vt 0.495625 0.197224
vt 0.548429 0.374621
vt 0.456798 0.355450
vt 0.456798 0.344800
vt 0.548429 0.344800
vt 0.470643 0.374621
vt 0.529756 0.032755
vt 0.490494 0.336013
vt 0.468215 0.336013
vt 0.548646 0.374346
vt 0.457014 0.374346
vt 0.457014 0.363696
vt 0.548646 0.344525
vt 0.470860 0.344525
vt 0.548490 0.374698
vt 0.457024 0.374698
vt 0.453259 0.351352
vt 0.552255 0.351352
vt 0.537193 0.336290
vt 0.548601 0.374598
vt 0.456970 0.374598
vt 0.456969 0.344776
vt 0.548601 0.363947
vt 0.548560 0.374722
vt 0.456929 0.374723
vt 0.456929 0.364072
vt 0.548560 0.344900
vt 0.552187 0.351106
vt 0.453191 0.351106
vt 0.468252 0.336044
vt 0.537125 0.336044
vt 0.534755 0.344776
vt 0.548422 0.374452
vt 0.456956 0.374452
vt 0.470774 0.344900
vt 0.548536 0.374416
vt 0.456905 0.374415
vt 0.456905 0.344594
vt 0.548536 0.363765
vt 0.456905 0.374598
vt 0.548536 0.374598
vt 0.548536 0.363948
vt 0.456905 0.344776
vt 0.534690 0.344776
vt 0.468120 0.336486
vt 0.536994 0.336486
vt 0.552056 0.351548
vt 0.453058 0.351548
vt 0.534690 0.344593
vt 0.548289 0.374895
vt 0.456824 0.374895
vt 0.548650 0.374659
vt 0.457019 0.355488
vt 0.548650 0.344837
vt 0.457150 0.344641
vt 0.548782 0.344641
vt 0.548781 0.355291
vt 0.457150 0.374462
vt 0.534935 0.374462
vt 0.548353 0.374751
vt 0.453123 0.351403
vt 0.552120 0.351404
vt 0.470865 0.374660
vt 0.537058 0.336342
vt 0.557199 0.378481
vt 0.557199 0.345007
vt 0.590673 0.345008
vt 0.590672 0.378482
vt 0.557176 0.080023
vt 0.590650 0.080023
vt 0.590650 0.088392
vt 0.557176 0.088392
vt 0.557192 0.079909
vt 0.590666 0.079909
vt 0.590666 0.088277
vt 0.557192 0.088277
vt 0.557105 0.386952
vt 0.590579 0.386969
vt 0.590540 0.463959
vt 0.557066 0.463942
vt 0.557244 0.002959
vt 0.590717 0.002959
vt 0.590706 0.079970
vt 0.557176 0.130241
vt 0.557176 0.121872
vt 0.590650 0.121872
vt 0.590649 0.130241
vt 0.590684 0.088368
vt 0.608351 0.160044
vt 0.608351 0.136791
vt 0.668637 0.136791
vt 0.668637 0.160044
vt 0.700562 0.159342
vt 0.700563 0.134200
vt 0.712090 0.134200
vt 0.712089 0.159342
vt 0.715453 0.133208
vt 0.715453 0.159342
vt 0.691121 0.158801
vt 0.701062 0.186561
vt 0.697186 0.187295
vt 0.687355 0.159656
vt 0.706574 0.265334
vt 0.708808 0.239020
vt 0.715572 0.238977
vt 0.713260 0.264654
vt 0.714447 0.216044
vt 0.716145 0.241730
vt 0.718435 0.241733
vt 0.716751 0.215705
vt 0.730242 0.241805
vt 0.728354 0.217057
vt 0.733561 0.241837
vt 0.731724 0.217191
vt 0.448210 0.545760
vt 0.448210 0.562074
vt 0.426211 0.562075
vt 0.426211 0.545760
vt 0.448210 0.508699
vt 0.448210 0.528135
vt 0.426211 0.528135
vt 0.426211 0.508699
vt 0.707048 0.213368
vt 0.703002 0.213775
vt 0.697221 0.160033
vt 0.707324 0.187641
vt 0.708230 0.293050
vt 0.698627 0.319938
vt 0.700618 0.320653
vt 0.710317 0.293668
vt 0.711065 0.318123
vt 0.721220 0.291437
vt 0.714314 0.317945
vt 0.724479 0.291287
vt 0.590573 0.130119
vt 0.590573 0.336648
vt 0.599883 0.332484
vt 0.599883 0.134283
vt 0.713542 0.213945
vt 0.714379 0.267038
vt 0.716605 0.267375
vt 0.727936 0.266203
vt 0.731229 0.266134
vt 0.448210 0.578388
vt 0.426212 0.578389
vt 0.448210 0.596012
vt 0.426212 0.596012
vt 0.608347 0.164391
vt 0.697356 0.216241
vt 0.686122 0.190316
vt 0.426222 0.632584
vt 0.426222 0.615475
vt 0.448220 0.615475
vt 0.431830 0.632584
vt 0.701160 0.291639
vt 0.691463 0.321604
vt 0.687355 0.320737
vt 0.696996 0.290887
vt 0.702376 0.264923
vt 0.707761 0.290398
vt 0.697961 0.320176
vt 0.698571 0.160119
vt 0.708265 0.188858
vt 0.710513 0.188222
vt 0.700758 0.159382
vt 0.721903 0.190762
vt 0.711822 0.162342
vt 0.725308 0.190992
vt 0.715250 0.162613
vt 0.590667 0.386679
vt 0.590632 0.378311
vt 0.599969 0.374087
vt 0.600005 0.382455
vt 0.668636 0.164350
vt 0.608351 0.164350
vt 0.608330 0.319958
vt 0.700797 0.242183
vt 0.668822 0.319957
vt 0.686106 0.294033
vt 0.601450 0.331091
vt 0.602622 0.311112
vt 0.697340 0.268108
vt 0.697340 0.216258
vt 0.691036 0.321585
vt 0.700758 0.293606
vt 0.696883 0.292870
vt 0.687270 0.320729
vt 0.707173 0.216641
vt 0.708733 0.242730
vt 0.715496 0.242773
vt 0.713860 0.217320
vt 0.714041 0.216074
vt 0.715741 0.241753
vt 0.718030 0.241756
vt 0.716345 0.215735
vt 0.729837 0.241832
vt 0.727946 0.217082
vt 0.733157 0.241865
vt 0.731316 0.217214
vt 0.608324 0.319948
vt 0.668815 0.319948
vt 0.706295 0.268606
vt 0.702250 0.268198
vt 0.697135 0.320355
vt 0.707020 0.292527
vt 0.707774 0.293062
vt 0.698125 0.319941
vt 0.700117 0.320659
vt 0.709861 0.293683
vt 0.710572 0.318146
vt 0.720770 0.291467
vt 0.713821 0.317971
vt 0.724030 0.291321
vt 0.668819 0.164371
vt 0.608344 0.159955
vt 0.608344 0.164261
vt 0.712789 0.268029
vt 0.713957 0.267056
vt 0.716182 0.267396
vt 0.727516 0.266233
vt 0.730810 0.266168
vt 0.668857 0.160022
vt 0.608572 0.160023
vt 0.608571 0.164329
vt 0.668857 0.164329
vt 0.701304 0.188530
vt 0.691379 0.158786
vt 0.687271 0.159654
vt 0.697140 0.189282
vt 0.702975 0.217053
vt 0.707907 0.189770
vt 0.697879 0.160214
vt 0.698125 0.160178
vt 0.707843 0.188900
vt 0.710089 0.188263
vt 0.700311 0.159439
vt 0.721480 0.190793
vt 0.711375 0.162388
vt 0.724883 0.191020
vt 0.714802 0.162655
vt 0.431858 0.632596
vt 0.608344 0.136701
vt 0.668631 0.136702
vt 0.697337 0.216221
vt 0.700794 0.242145
vt 0.599836 0.332572
vt 0.602729 0.311050
vt 0.602874 0.329535
vt 0.704581 0.242728
vt 0.691406 0.321507
vt 0.701113 0.293518
vt 0.697237 0.292784
vt 0.687639 0.320653
vt 0.707512 0.216544
vt 0.709071 0.242633
vt 0.715834 0.242675
vt 0.714197 0.217224
vt 0.714191 0.216046
vt 0.715887 0.241732
vt 0.718177 0.241735
vt 0.716495 0.215708
vt 0.729984 0.241808
vt 0.728096 0.217062
vt 0.733303 0.241840
vt 0.731465 0.217196
vt 0.448227 0.545737
vt 0.426228 0.545737
vt 0.426225 0.491576
vt 0.431834 0.491576
vt 0.706639 0.268511
vt 0.702593 0.268106
vt 0.697506 0.320273
vt 0.707375 0.292435
vt 0.707965 0.293059
vt 0.698356 0.319951
vt 0.700348 0.320666
vt 0.710053 0.293677
vt 0.710798 0.318138
vt 0.720958 0.291447
vt 0.714047 0.317959
vt 0.724218 0.291297
vt 0.713133 0.267932
vt 0.714118 0.267042
vt 0.716344 0.267380
vt 0.727677 0.266208
vt 0.730970 0.266140
vt 0.701654 0.188435
vt 0.691747 0.158695
vt 0.687639 0.159561
vt 0.697490 0.189186
vt 0.703314 0.216955
vt 0.708254 0.189678
vt 0.698244 0.160127
vt 0.698356 0.160117
vt 0.708024 0.188859
vt 0.710272 0.188225
vt 0.700543 0.159382
vt 0.721658 0.190772
vt 0.711603 0.162351
vt 0.725061 0.191004
vt 0.715031 0.162624
vt 0.431834 0.469141
vt 0.437443 0.469141
vt 0.599809 0.332529
vt 0.599808 0.134328
vt 0.602547 0.155699
vt 0.704918 0.242631
vt 0.608358 0.159908
vt 0.608359 0.136655
vt 0.668645 0.159908
vt 0.691577 0.129761
vt 0.691483 0.151994
vt 0.698112 0.153949
vt 0.698213 0.129789
vt 0.698276 0.159316
vt 0.698276 0.135157
vt 0.700535 0.134174
vt 0.700535 0.159316
vt 0.715426 0.133181
vt 0.715426 0.159316
vt 0.691070 0.158606
vt 0.701017 0.186361
vt 0.697142 0.187096
vt 0.687305 0.159461
vt 0.706523 0.265129
vt 0.708761 0.238815
vt 0.715524 0.238773
vt 0.713209 0.264450
vt 0.716652 0.215677
vt 0.728250 0.217012
vt 0.733479 0.241787
vt 0.731620 0.217141
vt 0.707003 0.213165
vt 0.702958 0.213572
vt 0.697170 0.159836
vt 0.707278 0.187440
vt 0.708059 0.292983
vt 0.698351 0.319873
vt 0.700344 0.320595
vt 0.710146 0.293608
vt 0.721067 0.291405
vt 0.714069 0.317928
vt 0.724330 0.291263
vt 0.691630 0.152022
vt 0.698269 0.153941
vt 0.698371 0.135293
vt 0.698371 0.159453
vt 0.700630 0.159453
vt 0.700630 0.134311
vt 0.712157 0.159453
vt 0.712157 0.134311
vt 0.608275 0.159931
vt 0.668562 0.164237
vt 0.608275 0.164237
vt 0.713496 0.213742
vt 0.714279 0.266976
vt 0.716504 0.267318
vt 0.727840 0.266161
vt 0.731135 0.266097
vt 0.426212 0.615426
vt 0.448210 0.615426
vt 0.701107 0.291437
vt 0.691414 0.321408
vt 0.687305 0.320540
vt 0.696943 0.290685
vt 0.702325 0.264718
vt 0.707709 0.290196
vt 0.697913 0.319978
vt 0.698351 0.160187
vt 0.708117 0.188872
vt 0.710361 0.188232
vt 0.721749 0.190742
vt 0.725152 0.190963
vt 0.437466 0.655031
vt 0.448247 0.671202
vt 0.697356 0.268090
vt 0.608358 0.164214
vt 0.590682 0.130232
vt 0.590682 0.121864
vt 0.600037 0.126048
vt 0.600038 0.134416
vt 0.590786 0.121720
vt 0.590787 0.088246
vt 0.600142 0.092430
vt 0.600142 0.125904
vt 0.590705 0.463780
vt 0.590730 0.386790
vt 0.600087 0.382609
vt 0.600062 0.459599
vt 0.590668 0.121723
vt 0.590666 0.088249
vt 0.600022 0.092433
vt 0.600023 0.125906
vt 0.590778 0.080015
vt 0.590778 0.003026
vt 0.600133 0.007210
vt 0.600134 0.084200
vt 0.600062 0.084305
vt 0.600062 0.007315
vt 0.601736 0.008989
vt 0.601736 0.085979
vt 0.599897 0.459779
vt 0.599936 0.382790
vt 0.601611 0.381117
vt 0.601572 0.458106
vt 0.601816 0.094104
vt 0.601815 0.127578
vt 0.600049 0.374325
vt 0.600046 0.340851
vt 0.601719 0.339177
vt 0.601723 0.372651
vt 0.601711 0.127721
vt 0.601712 0.136090
vt 0.600096 0.374252
vt 0.600101 0.340779
vt 0.601775 0.339105
vt 0.601769 0.372579
vt 0.601739 0.330774
vt 0.601738 0.339144
vt 0.600065 0.332448
vt 0.601735 0.008838
vt 0.601735 0.085828
vt 0.601728 0.372591
vt 0.600030 0.092557
vt 0.601704 0.094231
vt 0.600198 0.459574
vt 0.601788 0.380909
vt 0.601870 0.457898
vt 0.590696 0.378441
vt 0.601696 0.094107
vt 0.601697 0.127580
vt 0.600028 0.340824
vt 0.601807 0.008884
vt 0.601807 0.085873
vt 0.600257 0.459554
vt 0.600305 0.382565
vt 0.601979 0.380892
vt 0.601736 0.457926
vt 0.600073 0.084133
vt 0.600073 0.007143
vt 0.600053 0.332478
vt 0.600005 0.084207
vt 0.601678 0.085880
vt 0.601784 0.330978
vt 0.601737 0.339346
vt 0.600054 0.341011
vt 0.600101 0.332642
vt 0.600021 0.092461
vt 0.600021 0.084093
vt 0.601685 0.330650
vt 0.601730 0.339018
vt 0.600066 0.340701
vt 0.600020 0.332332
vt 0.599907 0.134379
vt 0.599906 0.126010
vt 0.601580 0.127684
vt 0.601581 0.136053
vt 0.608321 0.093818
vt 0.608321 0.085206
vt 0.668607 0.085206
vt 0.668607 0.093818
vt 0.608321 0.128267
vt 0.668607 0.128267
vt 0.608121 0.093647
vt 0.608121 0.128095
vt 0.668407 0.128096
vt 0.668407 0.093647
vt 0.608346 0.128069
vt 0.668632 0.128069
vt 0.608241 0.005827
vt 0.608241 0.085059
vt 0.668527 0.085059
vt 0.668527 0.005826
vt 0.608571 0.128157
vt 0.608571 0.136769
vt 0.668857 0.136769
vt 0.668857 0.128157
vt 0.608121 0.085034
vt 0.668407 0.085034
vt 0.608301 0.093653
vt 0.668587 0.093653
vt 0.608154 0.005859
vt 0.668440 0.005859
vt 0.668440 0.085091
vt 0.608114 0.093842
vt 0.608114 0.085229
vt 0.668401 0.085230
vt 0.668400 0.093842
vt 0.608114 0.128291
vt 0.668400 0.128290
vt 0.608380 0.093616
vt 0.608380 0.128065
vt 0.668666 0.128065
vt 0.668666 0.093616
vt 0.608210 0.085036
vt 0.668496 0.085036
vt 0.608380 0.085004
vt 0.668666 0.085004
vt 0.608246 0.127996
vt 0.608246 0.093547
vt 0.668532 0.093547
vt 0.668532 0.127996
vt 0.608234 0.136836
vt 0.608234 0.128224
vt 0.668520 0.128224
vt 0.668520 0.136836
vt 0.608317 0.005853
vt 0.608345 0.085086
vt 0.668631 0.085065
vt 0.668603 0.005832
vt 0.668622 0.005891
vt 0.608214 0.093644
vt 0.668500 0.093644
vt 0.608333 0.084972
vt 0.608333 0.093584
vt 0.668620 0.093585
vt 0.668619 0.084973
vt 0.608157 0.085176
vt 0.608214 0.128093
vt 0.668500 0.128093
vt 0.608246 0.084935
vt 0.668532 0.084935
vt 0.608333 0.128034
vt 0.668619 0.128033
vt 0.668471 0.085176
vt 0.668471 0.005943
vt 0.697983 0.154172
vt 0.697983 0.078416
vt 0.691562 0.074316
vt 0.691562 0.151587
vt 0.691279 0.093469
vt 0.691279 0.126407
vt 0.697807 0.124480
vt 0.697806 0.090884
vt 0.684622 0.156403
vt 0.691454 0.151804
vt 0.698090 0.153731
vt 0.691123 0.158421
vt 0.684377 0.155747
vt 0.691436 0.151508
vt 0.697964 0.154093
vt 0.690763 0.158417
vt 0.697983 0.078332
vt 0.691562 0.074232
vt 0.691562 0.151502
vt 0.691491 0.080561
vt 0.691491 0.156315
vt 0.697913 0.153730
vt 0.697913 0.076460
vt 0.691417 0.151581
vt 0.684357 0.155820
vt 0.690744 0.158491
vt 0.697944 0.154167
vt 0.691544 0.151563
vt 0.691543 0.118626
vt 0.698071 0.120553
vt 0.698071 0.154149
vt 0.691995 0.081259
vt 0.691995 0.089493
vt 0.697572 0.093758
vt 0.697572 0.085360
vt 0.691241 0.151564
vt 0.691241 0.118626
vt 0.697768 0.120553
vt 0.697768 0.154149
vt 0.691436 0.151688
vt 0.684377 0.155927
vt 0.690763 0.158597
vt 0.697964 0.154274
vt 0.684334 0.155858
vt 0.690746 0.158397
vt 0.697947 0.154074
vt 0.691328 0.073817
vt 0.691328 0.149571
vt 0.697749 0.153672
vt 0.697749 0.076402
vt 0.691518 0.074312
vt 0.691518 0.150068
vt 0.697940 0.076898
vt 0.691393 0.118681
vt 0.697921 0.120608
vt 0.697905 0.151985
vt 0.697905 0.076229
vt 0.691484 0.078815
vt 0.691484 0.156085
vt 0.684288 0.156456
vt 0.691113 0.151850
vt 0.697752 0.153768
vt 0.690790 0.158466
vt 0.691436 0.118570
vt 0.697964 0.120497
vt 0.691386 0.152035
vt 0.684566 0.156649
vt 0.691070 0.158652
vt 0.698027 0.153946
vt 0.697947 0.120478
vt 0.691595 0.080327
vt 0.691595 0.156082
vt 0.698016 0.153497
vt 0.698016 0.076226
vt 0.684484 0.155802
vt 0.690871 0.158472
vt 0.697977 0.151976
vt 0.691556 0.078806
vt 0.691277 0.151976
vt 0.684445 0.156573
vt 0.690945 0.158592
vt 0.697913 0.153903
vt 0.691436 0.118751
vt 0.697964 0.120678
vt 0.684181 0.155803
vt 0.690568 0.158473
vt 0.692344 0.100149
vt 0.692344 0.108384
vt 0.697648 0.112814
vt 0.697648 0.104415
vt 0.699516 0.128069
vt 0.699545 0.136469
vt 0.700520 0.134290
vt 0.700492 0.125807
vt 0.698406 0.007245
vt 0.698545 0.084515
vt 0.700634 0.083193
vt 0.700493 0.005150
vt 0.698223 0.126762
vt 0.698224 0.093166
vt 0.700399 0.091847
vt 0.700399 0.125779
vt 0.699266 0.136650
vt 0.699247 0.128250
vt 0.700561 0.126072
vt 0.700580 0.134555
vt 0.698348 0.095158
vt 0.698335 0.086615
vt 0.700325 0.083178
vt 0.700338 0.091807
vt 0.698060 0.126816
vt 0.698072 0.093220
vt 0.700248 0.091902
vt 0.700236 0.125834
vt 0.698225 0.093068
vt 0.698212 0.126664
vt 0.700388 0.125682
vt 0.698506 0.084577
vt 0.698507 0.007308
vt 0.700598 0.005216
vt 0.700598 0.083259
vt 0.699102 0.093729
vt 0.699113 0.085330
vt 0.700434 0.083156
vt 0.700423 0.091639
vt 0.699686 0.136789
vt 0.699614 0.128390
vt 0.698331 0.084729
vt 0.698331 0.007459
vt 0.700422 0.005368
vt 0.700422 0.083411
vt 0.698432 0.007316
vt 0.698415 0.084587
vt 0.700507 0.083269
vt 0.697966 0.092992
vt 0.697966 0.126588
vt 0.700142 0.125605
vt 0.700141 0.091673
vt 0.699235 0.127926
vt 0.699235 0.136323
vt 0.700553 0.125751
vt 0.698419 0.137424
vt 0.698399 0.128853
vt 0.700417 0.125954
vt 0.700436 0.134610
vt 0.698013 0.092931
vt 0.697983 0.126527
vt 0.700159 0.125546
vt 0.700189 0.091614
vt 0.698992 0.127805
vt 0.698973 0.136205
vt 0.700296 0.134116
vt 0.700315 0.125633
vt 0.698116 0.129337
vt 0.698138 0.137736
vt 0.700446 0.134221
vt 0.698434 0.084493
vt 0.700525 0.005130
vt 0.700525 0.083174
vt 0.698415 0.084418
vt 0.698415 0.007146
vt 0.700506 0.083099
vt 0.698241 0.126606
vt 0.698201 0.093009
vt 0.700375 0.091688
vt 0.700414 0.125620
vt 0.698223 0.007408
vt 0.700313 0.005315
vt 0.699611 0.136523
vt 0.699643 0.128125
vt 0.700635 0.125869
vt 0.700602 0.134352
vt 0.698231 0.085636
vt 0.698192 0.094034
vt 0.700463 0.091722
vt 0.697942 0.126521
vt 0.700119 0.125542
vt 0.698359 0.126893
vt 0.698360 0.093297
vt 0.700535 0.091978
vt 0.700534 0.125910
vt 0.698415 0.084723
vt 0.700504 0.083401
vt 0.699060 0.093814
vt 0.699055 0.085415
vt 0.711646 0.125559
vt 0.711697 0.091627
vt 0.711990 0.091776
vt 0.712029 0.083293
vt 0.712031 0.083381
vt 0.711894 0.005337
vt 0.712062 0.091978
vt 0.712062 0.125910
vt 0.711899 0.083232
vt 0.711904 0.091715
vt 0.712161 0.083172
vt 0.712020 0.005130
vt 0.712047 0.134250
vt 0.712018 0.125768
vt 0.712088 0.126046
vt 0.712107 0.134529
vt 0.711926 0.091847
vt 0.711926 0.125779
vt 0.712050 0.083161
vt 0.712063 0.091789
vt 0.711776 0.091906
vt 0.711762 0.125838
vt 0.711915 0.125687
vt 0.712125 0.005216
vt 0.712125 0.083259
vt 0.712177 0.134507
vt 0.711961 0.083171
vt 0.711950 0.091654
vt 0.711949 0.005368
vt 0.711949 0.083411
vt 0.711669 0.125605
vt 0.711669 0.091673
vt 0.712081 0.125751
vt 0.712180 0.125927
vt 0.712199 0.134584
vt 0.711823 0.134142
vt 0.711842 0.125659
vt 0.711972 0.134190
vt 0.711950 0.125707
vt 0.712053 0.005130
vt 0.712033 0.083099
vt 0.711941 0.125607
vt 0.711840 0.005309
vt 0.712129 0.134398
vt 0.715133 0.082019
vt 0.715089 0.003195
vt 0.714954 0.124571
vt 0.715006 0.090300
vt 0.715657 0.089733
vt 0.715697 0.081164
vt 0.715368 0.090646
vt 0.715368 0.124918
vt 0.715279 0.082043
vt 0.714705 0.081033
vt 0.714710 0.089601
vt 0.715410 0.081834
vt 0.715267 0.003011
vt 0.714702 0.132045
vt 0.714674 0.123477
vt 0.715232 0.090516
vt 0.715233 0.124787
vt 0.714890 0.123843
vt 0.714909 0.132410
vt 0.715465 0.080267
vt 0.715478 0.088982
vt 0.715506 0.124695
vt 0.715519 0.090425
vt 0.715376 0.003104
vt 0.715376 0.081927
vt 0.714771 0.080977
vt 0.714760 0.089545
vt 0.715200 0.003256
vt 0.715200 0.082079
vt 0.714887 0.132122
vt 0.714888 0.123553
vt 0.714634 0.132037
vt 0.715484 0.132071
vt 0.715462 0.123503
vt 0.715303 0.081842
vt 0.715207 0.090340
vt 0.715246 0.124611
vt 0.437458 0.469141
vt 0.448238 0.452969
vt 0.715285 0.081940
vt 0.715302 0.003116
vt 0.715509 0.132196
vt 0.448245 0.452948
vt 0.437463 0.417519
vt 0.472892 0.428300
vt 0.489064 0.417519
vt 0.437359 0.417607
vt 0.488959 0.417607
vt 0.472788 0.428387
vt 0.472913 0.695836
vt 0.437498 0.706662
vt 0.715284 0.002943
vt 0.714836 0.132158
vt 0.489098 0.706596
vt 0.691253 0.129821
vt 0.691252 0.152053
vt 0.697889 0.153980
vt 0.697889 0.129821
vt 0.691087 0.129616
vt 0.697724 0.129609
vt 0.698226 0.135156
vt 0.698225 0.159316
vt 0.712011 0.159316
vt 0.600015 0.374239
vt 0.600015 0.382607
vt 0.697967 0.129786
vt 0.698449 0.159729
vt 0.698449 0.135569
vt 0.700709 0.134587
vt 0.700708 0.159729
vt 0.712236 0.159729
vt 0.715600 0.133595
vt 0.715598 0.159729
vt 0.691458 0.084014
vt 0.691458 0.106247
vt 0.698094 0.106247
vt 0.698094 0.082087
vt 0.698198 0.135251
vt 0.698198 0.159411
vt 0.711984 0.159411
vt 0.715347 0.159411
vt 0.715348 0.133276
vt 0.431865 0.655001
vt 0.448254 0.615458
vt 0.608235 0.160089
vt 0.668520 0.160089
vt 0.691277 0.129744
vt 0.697913 0.129744
vt 0.698234 0.159595
vt 0.698234 0.135436
vt 0.700494 0.134453
vt 0.700493 0.159595
vt 0.712021 0.134453
vt 0.712021 0.159595
vt 0.715384 0.133461
vt 0.715384 0.159595
vt 0.691454 0.129572
vt 0.698090 0.129572
vt 0.698087 0.135285
vt 0.698087 0.159445
vt 0.700346 0.134302
vt 0.711873 0.159445
vt 0.711873 0.134302
vt 0.715237 0.159445
vt 0.715237 0.133310
vt 0.715520 0.159453
vt 0.715520 0.133318
vt 0.704609 0.238817
vt 0.601636 0.372406
vt 0.601671 0.380774
vt 0.601717 0.372473
vt 0.600005 0.126056
vt 0.608405 0.128221
vt 0.668691 0.136834
vt 0.668691 0.128221
vt 0.668637 0.128179
vt 0.608359 0.128043
vt 0.684422 0.156651
vt 0.690922 0.158670
vt 0.684804 0.156628
vt 0.691306 0.158639
vt 0.699462 0.085579
vt 0.699421 0.093977
vt 0.699529 0.093961
vt 0.700505 0.091782
vt 0.699420 0.093904
vt 0.699390 0.085505
vt 0.711941 0.091864
vt 0.714688 0.089543
vt 0.714834 0.123643
vt 0.714547 0.080910
vt 0.714576 0.089478
vt 0.715083 0.090576
vt 0.715069 0.124846
vt 0.714747 0.123720
vt 0.714821 0.132288
vt 0.714615 0.089680
vt 0.714657 0.081112
vt 0.437439 0.655019
vt 0.431830 0.655019
vt 0.437358 0.706646
vt 0.448139 0.671216
vt 0.472787 0.695865
vt 0.448254 0.671172
vt 0.437432 0.655062
vt 0.602632 0.155517
vt 0.602921 0.137321
vt 0.608405 0.160087
vt 0.668691 0.160087
vt 0.668691 0.164393
vt 0.599835 0.134372
vt 0.602575 0.155743
vt 0.557215 0.336736
vt 0.590525 0.130208
vt 0.590526 0.336736
vt 0.668520 0.164395
vt 0.608235 0.164395
vt 0.602623 0.155598
vt 0.602912 0.137398
vt 0.557304 0.121730
vt 0.557303 0.088257
vt 0.590777 0.088256
vt 0.557194 0.121724
vt 0.557193 0.088250
vt 0.557305 0.080015
vt 0.557304 0.003026
vt 0.557291 0.386814
vt 0.590765 0.386779
vt 0.590847 0.463768
vt 0.557373 0.463803
vt 0.557203 0.121849
vt 0.590676 0.121847
vt 0.557236 0.336632
vt 0.590709 0.336632
vt 0.590733 0.344936
vt 0.557260 0.345117
vt 0.590675 0.345142
vt 0.590722 0.336774
vt 0.590706 0.080120
vt 0.557233 0.080120
vt 0.557233 0.003131
vt 0.590706 0.003131
vt 0.557262 0.130119
vt 0.557262 0.336648
vt 0.557194 0.386823
vt 0.557215 0.386699
vt 0.557215 0.378331
vt 0.590688 0.378331
vt 0.557314 0.088245
vt 0.557266 0.378430
vt 0.557271 0.344957
vt 0.557225 0.378447
vt 0.590698 0.336662
vt 0.557078 0.121827
vt 0.590550 0.121827
vt 0.557078 0.130195
vt 0.557474 0.386722
vt 0.590947 0.386743
vt 0.590899 0.463733
vt 0.557425 0.463712
vt 0.557231 0.463769
vt 0.704656 0.239022
vt 0.606311 0.311121
vt 0.606321 0.155526
vt 0.606263 0.155734
vt 0.606418 0.311042
vt 0.601402 0.135765
vt 0.606236 0.155691
vt 0.602847 0.329492
vt 0.601726 0.380952
vt 0.599873 0.332560
vt 0.602612 0.311188
vt 0.601375 0.135721
vt 0.600089 0.092482
vt 0.601763 0.085787
vt 0.601763 0.094156
vt 0.601689 0.380933
vt 0.488959 0.706645
vt 0.437359 0.469207
vt 0.448140 0.453036
vt 0.557260 0.079930
vt 0.606301 0.311197
vt 0.606311 0.155606
vt 0.426256 0.615458
vt 0.426256 0.632566
vt 0.601440 0.331167
vt 0.590563 0.336724
vt 0.557252 0.130196
vt 0.557253 0.336724
usemtl Exterior_Mat
s off
f 2036/2284 2039/2285 2038/2286 2037/2287
f 2040/2288 2041/2289 2039/2285 2036/2284
f 2037/2287 2038/2286 2043/2290 2042/2291
f 2044/2292 2045/2293 2041/2289 2040/2288
f 2042/2294 2043/2295 2047/2296 2046/2297
f 2048/2298 2049/2299 2045/2293 2044/2292
f 2046/2297 2047/2296 2051/2300 2050/2301
f 2050/2301 2051/2300 2055/2302 2054/2303
f 2053/2304 2056/2305 2057/2306 2052/2307
f 2054/2303 2055/2302 2059/2308 2058/2309
f 2058/2309 2059/2308 2062/2310 2061/2311
f 2062/2310 2111/2312 2113/2313 2066/2314
f 2063/2315 2067/2316 2068/2317 2064/2318
f 2066/2314 2070/2319 2069/2320 2065/2321
f 2074/2322 2075/2323 2072/2324 2071/2325
f 2078/2326 2079/2327 2075/2323 2074/2322
f 2077/2328 2081/2329 2080/2330 2076/2331
f 2082/2332 2083/2333 2079/2327 2078/2326
f 2071/2325 2072/2324 2068/2317 2067/2316
f 2086/2334 2087/2335 2083/2333 2082/2332
f 2084/2336 2085/2337 2089/2338 2088/2339
f 2090/2340 2091/2341 2087/2335 2086/2334
f 2088/2339 2089/2338 2093/2342 2092/2343
f 2094/2344 2095/2345 2091/2346 2090/2347
f 2092/2343 2093/2342 2097/2348 2096/2349
f 2096/2349 2097/2348 2095/2345 2094/2344
f 2035/2350 2063/2315 2064/2318 2060/2351
f 2056/2305 2035/2294 2060/2352 2057/2306
f 2034/2353 2077/2328 2076/2331 2073/2354
f 2070/2319 2115/2355 2117/2356 2034/2357
f 2070/2319 2034/2357 2073/2358 2069/2320
f 2095/2345 2128/2359 2126/2360 2091/2346
f 2038/2286 2098/2361 2101/2362 2043/2290
f 2060/2352 2110/2363 2108/2364 2057/2306
f 2089/2338 2125/2365 2127/2366 2093/2342
f 2075/2323 2118/2367 2116/2368 2072/2324
f 2041/2289 2100/2369 2099/2370 2039/2285
f 2052/2307 2106/2371 2104/2372 2049/2299
f 2055/2302 2107/2373 2109/2374 2059/2308
f 2091/2341 2126/2375 2124/2376 2087/2335
f 2083/2333 2122/2377 2120/2378 2079/2327
f 2081/2329 2121/2379 2123/2380 2085/2337
f 2039/2285 2099/2370 2098/2361 2038/2286
f 2057/2306 2108/2364 2106/2371 2052/2307
f 2085/2337 2123/2380 2125/2365 2089/2338
f 2077/2328 2119/2381 2121/2379 2081/2329
f 2072/2324 2116/2368 2114/2382 2068/2317
f 2087/2335 2124/2376 2122/2377 2083/2333
f 2068/2317 2114/2382 2112/2383 2064/2318
f 2084/2336 2080/2330 2081/2329 2085/2337
f 2047/2296 2103/2384 2105/2385 2051/2300
f 2049/2299 2104/2372 2102/2386 2045/2293
f 2097/2348 2129/2387 2128/2359 2095/2345
f 2043/2295 2101/2388 2103/2384 2047/2296
f 2051/2300 2105/2385 2107/2373 2055/2302
f 2064/2318 2112/2383 2110/2389 2060/2351
f 2093/2342 2127/2366 2129/2387 2097/2348
f 2079/2327 2120/2378 2118/2367 2075/2323
f 2045/2293 2102/2386 2100/2369 2041/2289
f 2059/2308 2109/2374 2111/2312 2062/2310
f 2124/2376 2142/2390 2141/2391 2122/2377
f 2102/2386 2134/2392 2132/2393 2100/2369
f 2122/2377 2141/2391 2140/2394 2120/2378
f 2100/2369 2132/2393 2131/2395 2099/2370
f 2120/2378 2140/2394 2139/2396 2118/2367
f 2107/2373 2137/2397 2138/2398 2109/2374
f 2127/2366 2145/2399 2147/2400 2129/2387
f 2105/2385 2136/2401 2137/2397 2107/2373
f 2125/2365 2143/2402 2145/2399 2127/2366
f 2103/2384 2135/2403 2136/2401 2105/2385
f 2101/2388 2133/2404 2135/2403 2103/2384
f 2114/2382 2029/2405 2027/2406 2112/2383
f 2098/2361 2130/2407 2133/2408 2101/2362
f 2112/2383 2027/2406 2024/2409 2110/2389
f 2119/2381 2031/2410 2032/2411 2121/2379
f 2099/2370 2131/2395 2130/2407 2098/2361
f 2110/2363 2024/2412 2026/2413 2108/2364
f 2129/2387 2147/2400 2146/2414 2128/2359
f 2117/2415 2023/2416 2031/2410 2119/2381
f 2108/2364 2026/2413 2025/2417 2106/2371
f 2128/2359 2146/2414 2144/2418 2126/2360
f 2115/2355 2030/2419 2023/2420 2117/2356
f 2126/2375 2144/2421 2142/2390 2124/2376
f 2113/2313 2028/2422 2030/2419 2115/2355
f 2048/2298 2053/2304 2052/2307 2049/2299
f 2065/2321 2061/2311 2062/2310 2066/2314
f 2066/2314 2113/2313 2115/2355 2070/2319
f 2034/2353 2117/2415 2119/2381 2077/2328
f 2123/2380 2033/2423 2143/2402 2125/2365
f 2121/2379 2032/2411 2033/2423 2123/2380
f 2162/2424 2165/2425 2164/2426 2163/2427
f 2166/2428 2167/2429 2165/2425 2162/2424
f 2163/2427 2164/2426 2169/2430 2168/2354
f 2170/2431 2171/2432 2167/2429 2166/2428
f 2168/2433 2169/2352 2173/2434 2172/2435
f 2174/2436 2175/2437 2171/2432 2170/2431
f 2172/2435 2173/2434 2177/2438 2176/2439
f 2176/2439 2177/2438 2181/2440 2180/2441
f 2179/2442 2182/2443 2183/2296 2178/2444
f 2180/2441 2181/2440 2185/2445 2184/2446
f 2184/2446 2185/2445 2188/2447 2187/2448
f 2188/2447 2237/2449 2239/2450 2192/2451
f 2189/2452 2193/2453 2194/2454 2190/2455
f 2192/2451 2196/2456 2195/2457 2191/2458
f 2200/2459 2201/2460 2198/2461 2197/2462
f 2204/2463 2205/2464 2201/2460 2200/2459
f 2203/2465 2207/2466 2206/2467 2202/2468
f 2208/2469 2209/2470 2205/2464 2204/2463
f 2197/2462 2198/2461 2194/2454 2193/2453
f 2212/2471 2213/2472 2209/2470 2208/2469
f 2210/2473 2211/2474 2215/2475 2214/2476
f 2216/2347 2217/2477 2213/2472 2212/2471
f 2214/2476 2215/2475 2219/2478 2218/2479
f 2220/2315 2221/2480 2217/2481 2216/2482
f 2218/2479 2219/2478 2223/2483 2222/2484
f 2222/2484 2223/2483 2221/2480 2220/2315
f 2161/2485 2189/2452 2190/2455 2186/2486
f 2182/2443 2161/2487 2186/2488 2183/2296
f 2160/2489 2203/2465 2202/2468 2199/2490
f 2196/2456 2241/2491 2243/2492 2160/2493
f 2196/2456 2160/2493 2199/2494 2195/2457
f 2221/2480 2254/2495 2252/2496 2217/2481
f 2164/2426 2224/2497 2227/2498 2169/2430
f 2186/2488 2236/2499 2234/2500 2183/2296
f 2215/2475 2251/2501 2253/2502 2219/2478
f 2201/2460 2244/2503 2242/2504 2198/2461
f 2167/2429 2226/2505 2225/2506 2165/2425
f 2178/2444 2232/2507 2230/2508 2175/2437
f 2181/2440 2233/2509 2235/2510 2185/2445
f 2217/2477 2252/2511 2250/2512 2213/2472
f 2209/2470 2248/2513 2246/2514 2205/2464
f 2207/2466 2247/2515 2249/2516 2211/2474
f 2165/2425 2225/2506 2224/2497 2164/2426
f 2183/2296 2234/2500 2232/2507 2178/2444
f 2211/2474 2249/2516 2251/2501 2215/2475
f 2203/2465 2245/2517 2247/2515 2207/2466
f 2198/2461 2242/2504 2240/2518 2194/2454
f 2213/2472 2250/2512 2248/2513 2209/2470
f 2194/2454 2240/2518 2238/2519 2190/2455
f 2210/2473 2206/2467 2207/2466 2211/2474
f 2173/2434 2229/2520 2231/2521 2177/2438
f 2175/2437 2230/2508 2228/2522 2171/2432
f 2223/2483 2255/2523 2254/2495 2221/2480
f 2169/2352 2227/2524 2229/2520 2173/2434
f 2177/2438 2231/2521 2233/2509 2181/2440
f 2190/2455 2238/2519 2236/2525 2186/2486
f 2219/2478 2253/2502 2255/2523 2223/2483
f 2205/2464 2246/2514 2244/2503 2201/2460
f 2171/2432 2228/2522 2226/2505 2167/2429
f 2185/2445 2235/2510 2237/2449 2188/2447
f 2250/2512 2268/2526 2267/2527 2248/2513
f 2228/2522 2260/2528 2258/2529 2226/2505
f 2248/2513 2267/2527 2266/2530 2246/2514
f 2226/2505 2258/2529 2257/2531 2225/2506
f 2246/2514 2266/2530 2265/2532 2244/2503
f 2233/2509 2263/2533 2264/2534 2235/2510
f 2253/2502 2271/2535 2273/2536 2255/2523
f 2231/2521 2262/2537 2263/2533 2233/2509
f 2251/2501 2269/2538 2271/2535 2253/2502
f 2229/2520 2261/2539 2262/2537 2231/2521
f 2227/2524 2259/2540 2261/2539 2229/2520
f 2240/2518 2154/2541 2152/2542 2238/2519
f 2224/2497 2256/2543 2259/2544 2227/2498
f 2238/2519 2152/2542 2149/2545 2236/2525
f 2245/2517 2157/2546 2158/2547 2247/2515
f 2225/2506 2257/2531 2256/2543 2224/2497
f 2236/2499 2149/2548 2151/2549 2234/2500
f 2255/2523 2273/2536 2272/2550 2254/2495
f 2243/2551 2148/2552 2157/2546 2245/2517
f 2234/2500 2151/2549 2150/2553 2232/2507
f 2254/2495 2272/2550 2270/2554 2252/2496
f 2241/2491 2155/2555 2148/2556 2243/2492
f 2252/2511 2270/2557 2268/2526 2250/2512
f 2239/2450 2153/2558 2155/2555 2241/2491
f 2174/2436 2179/2442 2178/2444 2175/2437
f 2191/2458 2187/2448 2188/2447 2192/2451
f 2192/2451 2239/2450 2241/2491 2196/2456
f 2160/2489 2243/2551 2245/2517 2203/2465
f 2249/2516 2159/2559 2269/2538 2251/2501
f 2247/2515 2158/2547 2159/2559 2249/2516
f 2242/2504 2156/2560 2154/2541 2240/2518
f 2104/2372 2019/2561 2134/2392 2102/2386
f 2106/2371 2025/2417 2019/2561 2104/2372
f 2116/2368 2274/2562 2029/2405 2114/2382
f 2232/2507 2150/2553 2020/2563 2230/2508
f 2235/2510 2264/2534 2021/2564 2237/2449
f 2237/2449 2021/2564 2153/2558 2239/2450
f 2230/2508 2020/2563 2260/2528 2228/2522
f 2244/2503 2265/2532 2156/2560 2242/2504
f 2111/2312 2022/2565 2028/2422 2113/2313
f 2109/2374 2138/2398 2022/2565 2111/2312
f 2118/2367 2139/2396 2274/2562 2116/2368
f 2382/2566 2294/2567 2284/2568 2380/2569
f 2377/2570 2376/2571 2285/2572 2296/2573
f 2379/2574 2278/2575 2292/2576 2381/2577
f 2381/2577 2292/2576 2294/2567 2382/2566
f 2378/2578 2377/2570 2296/2573 2297/2579
f 2375/2580 2378/2578 2297/2579 2281/2581
f 2384/2582 2383/2583 2314/2584 2313/2585
f 2385/2586 2386/2587 2319/2588 2318/2589
f 2327/2590 2323/2591 2303/2592
f 2308/2593 2332/2594 2303/2592
f 2330/2595 2329/2596 2303/2592
f 2331/2597 2330/2595 2303/2592
f 2332/2594 2331/2597 2303/2592
f 2338/2598 2340/2599 2306/2600
f 2327/2590 2324/2601 2323/2591
f 2326/2602 2328/2603 2323/2591
f 2329/2596 2327/2590 2303/2592
f 2328/2603 2307/2604 2323/2591
f 2325/2605 2326/2602 2323/2591
f 2346/2606 2352/2607 2353/2608
f 2349/2605 2348/2609 2353/2608
f 2350/2602 2349/2605 2353/2608
f 2351/2610 2350/2602 2353/2608
f 2342/2611 2351/2610 2353/2608
f 2338/2598 2306/2600 2305/2612
f 2361/2613 2363/2614 2366/2615
f 2354/2616 2356/2617 2365/2618
f 2361/2613 2366/2615 2365/2618
f 2359/2619 2361/2613 2365/2618
f 2358/2620 2359/2619 2365/2618
f 2357/2621 2358/2620 2365/2618
f 2356/2617 2357/2621 2365/2618
f 2362/2622 2360/2623 2366/2615
f 2364/2624 2362/2622 2366/2615
f 2363/2614 2364/2624 2366/2615
f 2360/2623 2355/2625 2366/2615
f 2309/2626 2333/2627 2305/2612
f 2336/2628 2338/2598 2305/2612
f 2335/2629 2336/2628 2305/2612
f 2334/2630 2335/2629 2305/2612
f 2333/2627 2334/2630 2305/2612
f 2339/2631 2337/2632 2306/2600
f 2341/2633 2339/2631 2306/2600
f 2340/2599 2341/2633 2306/2600
f 2337/2632 2310/2634 2306/2600
f 2367/2635 2368/2636 2320/2637 2277/2638
f 2368/2636 2369/2639 2321/2640 2320/2637
f 2374/2641 2322/2642 2288/2643 2371/2644
f 2372/2645 2300/2646 2322/2642 2374/2641
f 2369/2639 2370/2647 2317/2648 2321/2640
f 2373/2649 2304/2650 2300/2646 2372/2645
f 2324/2601 2325/2605 2323/2591
f 2347/2651 2302/2652 2352/2607
f 2343/2653 2344/2595 2352/2607
f 2344/2595 2345/2597 2352/2607
f 2346/2606 2343/2653 2352/2607
f 2345/2597 2347/2651 2352/2607
f 2348/2609 2346/2606 2353/2608
f 2275/2654 2289/2655 2368/2656 2367/2657
f 2289/2655 2290/2658 2369/2659 2368/2656
f 2290/2658 2287/2660 2370/2661 2369/2659
f 2301/2662 2374/2663 2371/2664 2286/2665
f 2299/2666 2372/2667 2374/2663 2301/2662
f 2280/2668 2373/2669 2372/2667 2299/2666
f 2295/2670 2283/2671 2376/2672 2377/2673
f 2298/2674 2295/2670 2377/2673 2378/2675
f 2279/2676 2298/2674 2378/2675 2375/2677
f 2293/2678 2382/2679 2380/2680 2282/2681
f 2276/2682 2379/2683 2381/2684 2291/2685
f 2291/2685 2381/2684 2382/2679 2293/2678
f 2311/2686 2312/2687 2383/2688 2384/2689
f 2315/2690 2316/2691 2386/2692 2385/2693
f 2387/2694 2393/2695 2526/2696
f 2389/2697 2422/2698 2394/2699 2393/2695
f 2388/2700 2390/2701 2427/2702 2425/2703
f 2389/2700 2387/2704 2424/2705 2426/2706
f 2413/2707 2415/2708 2431/2706 2429/2705
f 2414/2709 2412/2710 2428/2711 2430/2712
f 2396/2700 2398/2701 2435/2702 2433/2703
f 2397/2713 2395/2701 2432/2702 2434/2703
f 2405/2700 2407/2701 2439/2702 2437/2706
f 2406/2708 2404/2707 2436/2714 2438/2715
f 2509/2716 2508/2717 2440/2718 2446/2719
f 2514/2720 2512/2721 2476/2722 2450/2723
f 2411/2724 2405/2725 2437/2726 2483/2727
f 2390/2728 2423/2729 2449/2730 2427/2731
f 2516/2732 2517/2733 2486/2734 2470/2735
f 2506/2736 2505/2717 2462/2737 2456/2738
f 2422/2724 2389/2739 2426/2740 2455/2741
f 2395/2728 2400/2729 2443/2730 2432/2731
f 2496/2736 2498/2742 2474/2743 2468/2719
f 2504/2721 2506/2720 2456/2744 2484/2745
f 2387/2746 2391/2747 2459/2727 2424/2748
f 2420/2749 2397/2750 2434/2714 2448/2751
f 2489/2752 2488/2753 2482/2722 2466/2723
f 2497/2754 2496/2755 2468/2756 2442/2757
f 2398/2758 2399/2759 2454/2760 2435/2761
f 2419/2762 2413/2763 2429/2764 2467/2765
f 2501/2766 2500/2767 2458/2768 2453/2769
f 2518/2736 2516/2717 2470/2718 2464/2719
f 2415/2728 2417/2729 2473/2730 2431/2731
f 2392/2770 2388/2771 2425/2726 2441/2772
f 2508/2773 2511/2774 2445/2775 2440/2776
f 2513/2716 2514/2717 2450/2718 2444/2777
f 2490/2716 2489/2717 2466/2718 2472/2719
f 2404/2728 2410/2729 2465/2730 2436/2731
f 2510/2778 2509/2779 2446/2768 2447/2780
f 2492/2781 2495/2782 2469/2783 2475/2784
f 2412/2758 2418/2759 2485/2760 2428/2761
f 2408/2785 2406/2786 2438/2787 2471/2788
f 2495/2752 2494/2753 2457/2722 2469/2723
f 2500/2752 2502/2767 2452/2784 2458/2783
f 2401/2785 2396/2763 2433/2787 2461/2788
f 2407/2750 2409/2749 2477/2751 2439/2714
f 2493/2789 2492/2790 2475/2791 2463/2780
f 2416/2792 2414/2793 2430/2794 2479/2795
f 2519/2754 2518/2796 2464/2797 2480/2757
f 2498/2755 2499/2754 2451/2798 2474/2799
f 2502/2720 2503/2721 2460/2722 2452/2723
f 2515/2733 2513/2732 2444/2735 2487/2734
f 2505/2773 2507/2774 2478/2775 2462/2776
f 2491/2800 2490/2796 2472/2801 2481/2802
f 2427/2731 2449/2730 2488/2753 2489/2752
f 2425/2703 2427/2702 2489/2717 2490/2716
f 2441/2772 2425/2726 2490/2796 2491/2800
f 2438/2715 2436/2714 2495/2782 2492/2781
f 2436/2731 2465/2730 2494/2753 2495/2752
f 2471/2788 2438/2787 2492/2790 2493/2789
f 2426/2706 2424/2705 2498/2742 2496/2736
f 2455/2741 2426/2740 2496/2755 2497/2754
f 2424/2748 2459/2727 2499/2754 2498/2755
f 2467/2765 2429/2764 2500/2767 2501/2766
f 2429/2705 2431/2706 2502/2767 2500/2752
f 2431/2731 2473/2730 2503/2721 2502/2720
f 2430/2712 2428/2711 2505/2717 2506/2736
f 2479/2795 2430/2794 2506/2720 2504/2721
f 2428/2761 2485/2760 2507/2774 2505/2773
f 2433/2703 2435/2702 2508/2717 2509/2716
f 2435/2761 2454/2760 2511/2774 2508/2773
f 2461/2788 2433/2787 2509/2779 2510/2778
f 2432/2731 2443/2730 2512/2721 2514/2720
f 2434/2703 2432/2702 2514/2717 2513/2716
f 2448/2751 2434/2714 2513/2732 2515/2733
f 2439/2714 2477/2751 2517/2733 2516/2732
f 2437/2706 2439/2702 2516/2717 2518/2736
f 2483/2727 2437/2726 2518/2796 2519/2754
f 2387/2694 2525/2803 2523/2804
f 2387/2694 2527/2805 2525/2803
f 2523/2804 2531/2806 2559/2807
f 2387/2694 2526/2696 2527/2805
f 2539/2808 2548/2809 2564/2807
f 2395/2694 2543/2695 2542/2696
f 2403/2810 2396/2811 2546/2812
f 2395/2694 2544/2813 2541/2803
f 2404/2710 2566/2814 2569/2815 2410/2816
f 2413/2709 2419/2817 2581/2818 2578/2819
f 2412/2710 2574/2814 2577/2815 2418/2816
f 2535/2820 2520/2821 2558/2814
f 2534/2822 2520/2821 2535/2820
f 2529/2823 2388/2811 2532/2824
f 2530/2825 2388/2811 2529/2823
f 2532/2824 2388/2811 2521/2826
f 2521/2826 2388/2811 2520/2821
f 2387/2694 2523/2804 2524/2827 2391/2828
f 2390/2694 2388/2811 2530/2825
f 2533/2829 2520/2821 2534/2822
f 2580/2830 2579/2831 2626/2832 2627/2833
f 2557/2834 2591/2835 2597/2836 2594/2837
f 2523/2838 2557/2839 2594/2840 2593/2841
f 2571/2839 2570/2838 2605/2841 2606/2840
f 2566/2842 2567/2843 2604/2844 2603/2845
f 2592/2846 2558/2847 2596/2848 2598/2849
f 2567/2850 2568/2851 2607/2852 2604/2853
f 2585/2834 2569/2854 2609/2855 2610/2837
f 2603/2856 2609/2857 2569/2858 2566/2859
f 2584/2860 2585/2861 2610/2862 2602/2863
f 2573/2864 2586/2838 2612/2841 2611/2865
f 2570/2866 2573/2867 2611/2868 2605/2869
f 2398/2694 2396/2811 2403/2810
f 2560/2870 2561/2871 2618/2872 2614/2873
f 2546/2812 2396/2811 2549/2874
f 2586/2875 2587/2876 2621/2877 2612/2878
f 2395/2694 2542/2696 2544/2813
f 2579/2838 2578/2839 2625/2840 2626/2841
f 2574/2843 2575/2842 2624/2845 2623/2844
f 2575/2842 2576/2867 2630/2879 2624/2845
f 2581/2880 2583/2881 2629/2882 2628/2883
f 2578/2842 2581/2884 2628/2885 2625/2886
f 2601/2887 2629/2888 2583/2889 2582/2890
f 2563/2830 2562/2843 2616/2844 2617/2833
f 2589/2891 2577/2892 2631/2855 2632/2893
f 2623/2882 2631/2894 2577/2895 2574/2896
f 2588/2889 2589/2890 2632/2887 2622/2888
f 2572/2895 2571/2896 2606/2897 2608/2898
f 2604/2853 2607/2852 2647/2899 2644/2900
f 2614/2873 2618/2872 2658/2901 2654/2902
f 2611/2865 2612/2841 2652/2903 2651/2904
f 2629/2888 2601/2887 2641/2905 2669/2906
f 2599/2907 2593/2908 2633/2909 2639/2910
f 2622/2888 2632/2887 2672/2905 2662/2906
f 2627/2833 2626/2832 2666/2911 2667/2912
f 2620/2913 2622/2882 2662/2914 2660/2915
f 2613/2845 2614/2844 2654/2916 2653/2917
f 2615/2853 2620/2918 2660/2919 2655/2920
f 2624/2845 2630/2879 2670/2921 2664/2922
f 2601/2853 2599/2923 2639/2924 2641/2920
f 2593/2841 2594/2840 2634/2925 2633/2926
f 2617/2833 2616/2844 2656/2916 2657/2912
f 2595/2927 2600/2928 2640/2929 2635/2930
f 2608/2898 2606/2897 2646/2931 2648/2932
f 2598/2849 2596/2848 2636/2933 2638/2934
f 2609/2857 2603/2856 2643/2935 2649/2936
f 2623/2844 2624/2845 2664/2917 2663/2916
f 2616/2840 2615/2841 2655/2903 2656/2922
f 2600/2883 2602/2897 2642/2937 2640/2938
f 2610/2837 2609/2855 2649/2939 2650/2940
f 2603/2845 2604/2844 2644/2916 2643/2917
f 2619/2941 2613/2942 2653/2943 2659/2944
f 2596/2844 2595/2845 2635/2922 2636/2903
f 2594/2837 2597/2836 2637/2945 2634/2920
f 2625/2886 2628/2885 2668/2946 2665/2947
f 2602/2863 2610/2862 2650/2948 2642/2949
f 2631/2894 2623/2882 2663/2937 2671/2950
f 2626/2841 2625/2840 2665/2922 2666/2903
f 2621/2951 2619/2952 2659/2953 2661/2954
f 2628/2883 2629/2882 2669/2926 2668/2955
f 2612/2878 2621/2877 2661/2956 2652/2957
f 2632/2893 2631/2855 2671/2958 2672/2940
f 2606/2840 2605/2841 2645/2903 2646/2922
f 2605/2869 2611/2868 2651/2959 2645/2930
f 2662/2914 2696/2960 2694/2961 2660/2915
f 2664/2917 2698/2962 2697/2963 2663/2916
f 2642/2937 2680/2964 2678/2965 2640/2938
f 2666/2911 2700/2966 2711/2967 2667/2912
f 2633/2909 2673/2968 2677/2969 2639/2910
f 2637/2945 2705/2970 2674/2971 2634/2920
f 2661/2956 2695/2972 2688/2973 2652/2957
f 2653/2943 2689/2966 2693/2974 2659/2944
f 2650/2948 2686/2975 2680/2976 2642/2949
f 2652/2903 2688/2960 2687/2961 2651/2904
f 2639/2924 2677/2977 2679/2978 2641/2920
f 2655/2903 2691/2979 2692/2978 2656/2922
f 2672/2905 2704/2980 2696/2981 2662/2906
f 2670/2921 2712/2982 2698/2978 2664/2922
f 2654/2916 2690/2963 2689/2962 2653/2917
f 2644/2916 2682/2963 2681/2962 2643/2917
f 2635/2922 2675/2983 2676/2960 2636/2903
f 2665/2922 2699/2978 2700/2979 2666/2903
f 2688/2973 2695/2972 2735/2984 2728/2985
f 2687/2961 2688/2960 2728/2986 2727/2987
f 2677/2969 2673/2968 2713/2988 2717/2989
f 2691/2971 2694/2990 2734/2991 2731/2992
f 2701/2993 2702/2994 2742/2995 2741/2996
f 2681/2962 2682/2963 2722/2988 2721/2997
f 2680/2976 2686/2975 2726/2998 2720/2999
f 2708/3000 2684/3001 2724/3002 2747/3003
f 2694/2961 2696/2960 2736/2986 2734/2987
f 2690/3004 2710/3005 2749/3006 2730/3007
f 2676/2960 2675/2983 2715/3008 2716/2986
f 2702/2981 2679/2980 2719/3009 2742/3010
f 2689/2962 2690/2963 2730/2988 2729/2997
f 2704/3011 2703/3012 2743/3013 2744/3014
f 2696/2981 2704/2980 2744/3009 2736/3010
f 2684/2978 2683/2979 2723/3015 2724/3016
f 2683/2962 2687/3017 2727/3018 2723/2997
f 2697/2963 2698/2962 2738/2997 2737/2988
f 2675/2962 2678/3017 2718/3019 2715/3020
f 2709/2967 2692/2966 2732/3021 2748/3022
f 2679/2978 2677/2977 2717/3023 2719/3008
f 2674/2971 2705/2970 2745/3024 2714/2992
f 2692/2978 2691/2979 2731/3015 2732/3016
f 2703/3025 2697/3026 2737/3027 2743/3028
f 2693/2974 2689/2966 2729/3029 2733/3030
f 2686/3004 2685/3031 2725/3032 2726/3016
f 2706/3033 2676/3034 2716/3035 2746/3036
f 2699/3037 2701/3038 2741/3039 2739/3040
f 2700/2979 2699/2978 2739/3016 2740/3015
f 2678/2965 2680/2964 2720/3002 2718/3041
f 2685/3042 2681/3043 2721/3044 2725/3045
f 2711/2967 2700/2966 2740/3021 2750/3022
f 2695/3046 2693/3012 2733/3047 2735/3048
f 2673/2994 2674/3049 2714/3050 2713/2995
f 2698/2978 2712/2982 2751/3051 2738/2997
f 2636/2933 2676/3034 2706/3033 2638/2934
f 2643/2935 2681/3043 2685/3042 2649/2936
f 2641/2905 2679/2980 2702/2981 2669/2906
f 2634/2925 2674/3049 2673/2994 2633/2926
f 2649/2939 2685/3031 2686/3004 2650/2940
f 2669/2926 2702/2994 2701/2993 2668/2955
f 2647/2899 2707/3052 2682/3053 2644/2900
f 2640/2929 2678/3017 2675/2962 2635/2930
f 2668/2946 2701/3038 2699/3037 2665/2947
f 2656/2916 2692/2966 2709/2967 2657/2912
f 2663/2937 2697/3026 2703/3025 2671/2950
f 2651/2959 2687/3017 2683/2962 2645/2930
f 2659/2953 2693/3012 2695/3046 2661/2954
f 2645/2903 2683/2979 2684/2978 2646/2922
f 2660/2919 2694/2990 2691/2971 2655/2920
f 2671/2958 2703/3012 2704/3011 2672/2940
f 2646/2931 2684/3001 2708/3000 2648/2932
f 2658/2901 2710/3005 2690/3004 2654/2902
f 2523/2804 2559/2807 2557/2821
f 2523/2804 2528/3054 2531/2806
f 2539/2842 2560/2843 2614/2844 2613/2845
f 2395/2694 2397/2811 2543/2695
f 2539/2808 2545/3055 2548/2809
f 2399/2828 2398/2694 2403/2810 2547/3056
f 2406/2709 2408/2817 2568/2818 2567/2819
f 2553/3057 2536/3058 2562/2808
f 2397/2811 2420/2698 2402/2699 2543/2695
f 2423/2828 2390/2694 2530/2825 2421/3059
f 2387/2694 2389/2697 2393/2695
f 2523/2804 2525/2803 2528/3054
f 2558/2843 2520/2842 2595/2845 2596/2844
f 2520/3060 2522/2851 2600/2928 2595/2927
f 2539/2808 2564/2807 2560/3058
f 2395/2694 2539/2808 2540/2889 2400/2828
f 2587/3061 2540/3062 2619/2952 2621/2951
f 2613/2942 2619/2941 2540/3063 2539/3064
f 2395/2694 2541/2803 2539/2808
f 2396/2811 2401/2698 2538/2890 2536/3058
f 2539/2808 2541/2803 2545/3055
f 2417/2816 2415/2710 2579/2814 2580/2815
f 2415/2710 2413/2709 2578/2819 2579/2814
f 2414/2709 2416/2817 2576/2818 2575/2819
f 2407/2710 2405/2697 2570/2821 2571/2804
f 2521/2826 2520/2821 2533/2829
f 2388/2811 2392/2698 2522/2818 2520/2821
f 2590/3065 2535/2820 2558/2814 2592/2827
f 2559/2807 2556/3066 2591/3067 2557/2821
f 2522/2880 2584/2896 2602/2897 2600/2883
f 2536/2891 2538/3068 2620/2918 2615/2853
f 2564/2807 2550/3066 2561/2890 2560/3058
f 2565/3069 2553/3057 2562/2808 2563/2889
f 2538/3070 2588/2881 2622/2882 2620/2913
f 2404/2710 2406/2709 2567/2819 2566/2814
f 2409/2816 2407/2710 2571/2804 2572/2827
f 2412/2710 2414/2709 2575/2819 2574/2814
f 2593/2908 2599/2907 2524/3071 2523/3072
f 2582/3073 2524/3074 2599/2923 2601/2853
f 2562/2839 2536/2838 2615/2841 2616/2840
f 2537/2826 2536/3058 2551/3075
f 2552/3076 2536/3058 2553/3057
f 2549/2874 2396/2811 2537/2826
f 2537/2826 2396/2811 2536/3058
f 2551/3075 2536/3058 2552/3076
f 2554/3077 2725/3078 2721/3079 2722/3080
f 2725/3078 2554/3077 2555/3081
f 2405/2697 2411/3082 2573/2818 2570/2821
f 2682/3053 2707/3052 2554/3083 2722/3084
f 2716/3085 2715/3086 2718/3087 2746/3088
f 2746/3088 2718/3087 2752/3089
f 2555/3090 2752/3091 2718/3092 2725/3093
f 2720/3007 2726/3094 2725/3093 2718/3092
f 2713/3095 2714/3096 2745/3097 2717/3098
f 2740/3099 2739/3100 2741/3101 2750/3102
f 2717/3103 2741/3104 2742/3105 2719/3106
f 2717/3098 2745/3097 2753/3107
f 2753/3108 2754/3109 2741/3104 2717/3103
f 2750/3102 2741/3101 2754/3110
f 2737/3111 2738/3112 2751/3113 2743/3114
f 2732/3115 2731/3116 2734/3117 2748/3118
f 2748/3118 2734/3117 2756/3119
f 2736/3120 2744/3121 2743/3122 2734/3123
f 2743/3114 2751/3113 2755/3124
f 2755/3125 2756/3126 2734/3123 2743/3122
f 2749/3127 2733/3128 2729/3097 2730/3129
f 2724/3130 2723/3131 2727/3132 2747/3133
f 2747/3133 2727/3132 2758/3134
f 2757/3135 2758/3100 2727/3136 2733/3137
f 2733/3128 2749/3127 2757/3138
f 2728/3048 2735/3139 2733/3137 2727/3136
f 2793/3140 2795/3141 2798/3142 2797/3143
f 2784/3144 2787/3145 2806/3146 2804/3147
f 2793/3148 2797/3149 2813/3150 2811/3151
f 2804/3152 2806/3153 2816/3154 2815/3155
f 2812/3148 2815/3156 2816/3157 2814/3149
f 2808/3144 2818/3156 2819/3157 2809/3158
f 2795/3159 2775/3160 2777/3161 2798/3162
f 2801/3147 2769/3144 2770/3158 2803/3163
f 2849/3164 2834/3165 2835/3166 2850/3167
f 2852/3168 2836/3169 2837/3170 2853/3171
f 2853/3171 2837/3170 2838/3172 2854/3173
f 2850/3174 2862/3175 2889/3176 2887/3177
f 2875/3178 2843/3179 2844/3180 2877/3181
f 2877/3182 2844/3183 2845/3184 2879/3185
f 2879/3185 2845/3184 2846/3186 2881/3187
f 2881/3187 2846/3186 2847/3188 2883/3189
f 2883/3190 2847/3191 2848/3192 2885/3193
f 2859/3194 2882/3195 2884/3196 2840/3197
f 2862/3175 2863/3198 2890/3199 2889/3176
f 2862/3175 2850/3174 2851/3200 2864/3201
f 2864/3202 2851/3203 2852/3204 2866/3205
f 2866/3205 2852/3204 2853/3206 2868/3207
f 2868/3207 2853/3206 2854/3208 2870/3209
f 2760/3210 2762/3211 2832/3212 2831/3213
f 2843/3179 2863/3198 2865/3214 2844/3180
f 2863/3198 2862/3175 2864/3201 2865/3214
f 2844/3183 2865/3215 2867/3216 2845/3184
f 2865/3215 2864/3202 2866/3205 2867/3216
f 2845/3184 2867/3216 2869/3217 2846/3186
f 2867/3216 2866/3205 2868/3207 2869/3217
f 2846/3186 2869/3217 2871/3218 2847/3188
f 2869/3217 2868/3207 2870/3209 2871/3218
f 2847/3191 2871/3219 2873/3220 2848/3192
f 2871/3219 2870/3221 2872/3222 2873/3220
f 3059/3223 3065/3224 3064/3225
f 3273/3226 2859/3227 2840/3228 2839/3229
f 2874/3230 2855/3231 2888/3232 2891/3233
f 2875/3178 2874/3230 2891/3233 2892/3234
f 2855/3231 2874/3230 2876/3235 2856/3236
f 2874/3230 2875/3178 2877/3181 2876/3235
f 2856/3237 2876/3238 2878/3239 2857/3240
f 2876/3238 2877/3182 2879/3185 2878/3239
f 2857/3240 2878/3239 2880/3241 2858/3242
f 2878/3239 2879/3185 2881/3187 2880/3241
f 2858/3242 2880/3241 2882/3243 2859/3244
f 2880/3241 2881/3187 2883/3189 2882/3243
f 2882/3195 2883/3190 2885/3193 2884/3196
f 3043/3196 3029/3197 3015/3194 3045/3195
f 2762/3245 3067/3246 3080/3247 2832/3248
f 2849/3164 2850/3167 2887/3249 2860/3250
f 2886/3223 2860/3251 2861/3252
f 2860/3251 2887/3253 2889/3254
f 2832/3212 2834/3255 2849/3256
f 2860/3251 2890/3257 2861/3252
f 2886/3223 2861/3252 2892/3258
f 2905/3259 2915/3260 2942/3261 2940/3262
f 2928/3263 2897/3264 2898/3265 2930/3266
f 2930/3267 2898/3268 2899/3269 2932/3270
f 2932/3270 2899/3269 2900/3271 2934/3272
f 2934/3272 2900/3271 2901/3273 2936/3274
f 2936/3220 2901/3192 2902/3191 2938/3219
f 2994/3275 2999/3254 2996/3276
f 2915/3260 2916/3277 2943/3278 2942/3261
f 2915/3260 2905/3259 2906/3279 2917/3280
f 2917/3281 2906/3282 2907/3283 2919/3284
f 2919/3284 2907/3283 2908/3285 2921/3286
f 2921/3286 2908/3285 2909/3287 2923/3288
f 2767/3223 2940/3289 2942/3225
f 2910/3167 2896/3290 2939/3291 2941/3249
f 2897/3264 2916/3277 2918/3292 2898/3265
f 2916/3277 2915/3260 2917/3280 2918/3292
f 2898/3268 2918/3293 2920/3294 2899/3269
f 2918/3293 2917/3281 2919/3284 2920/3294
f 2899/3269 2920/3294 2922/3295 2900/3271
f 2920/3294 2919/3284 2921/3286 2922/3295
f 2900/3271 2922/3295 2924/3296 2901/3273
f 2922/3295 2921/3286 2923/3288 2924/3296
f 2901/3192 2924/3193 2926/3190 2902/3191
f 2924/3193 2923/3196 2925/3195 2926/3190
f 2923/3196 2909/3197 2894/3194 2925/3195
f 2965/3297 2951/3298 2994/3299 2996/3300
f 2927/3301 2910/3302 2941/3303 2944/3304
f 2928/3263 2927/3301 2944/3304 2945/3305
f 2910/3302 2927/3301 2929/3306 2911/3307
f 2927/3301 2928/3263 2930/3266 2929/3306
f 2911/3308 2929/3309 2931/3310 2912/3311
f 2929/3309 2930/3267 2932/3270 2931/3310
f 2912/3311 2931/3310 2933/3312 2913/3313
f 2931/3310 2932/3270 2934/3272 2933/3312
f 2913/3313 2933/3312 2935/3314 2914/3315
f 2933/3312 2934/3272 2936/3274 2935/3314
f 2935/3222 2936/3220 2938/3219 2937/3221
f 2909/3227 3280/3226 3284/3316 2894/3228
f 3117/3317 2896/3290 2910/3167 3150/3318
f 2767/3223 2943/3319 2768/3320
f 2939/3275 2767/3223 2768/3320
f 2895/3321 2896/3322 3117/3323
f 2767/3223 2942/3225 2943/3319
f 2916/3277 2897/3264 2768/3324 2943/3278
f 2960/3325 2970/3326 2997/3327 2995/3328
f 2983/3329 2952/3330 2953/3331 2985/3332
f 2985/3333 2953/3334 2954/3335 2987/3336
f 2987/3336 2954/3335 2955/3337 2989/3338
f 2989/3338 2955/3337 2956/3339 2991/3340
f 2991/3341 2956/3191 2957/3192 2993/3342
f 2946/3343 2969/3197 2948/3194 2947/3344
f 2970/3326 2971/3345 2998/3346 2997/3327
f 2970/3326 2960/3325 2961/3347 2972/3348
f 2972/3349 2961/3350 2962/3351 2974/3352
f 2974/3352 2962/3351 2963/3353 2976/3354
f 2976/3354 2963/3353 2964/3355 2978/3356
f 2952/3330 2971/3345 2973/3357 2953/3331
f 2971/3345 2970/3326 2972/3348 2973/3357
f 2953/3334 2973/3358 2975/3359 2954/3335
f 2973/3358 2972/3349 2974/3352 2975/3359
f 2954/3335 2975/3359 2977/3360 2955/3337
f 2975/3359 2974/3352 2976/3354 2977/3360
f 2955/3337 2977/3360 2979/3361 2956/3339
f 2977/3360 2976/3354 2978/3356 2979/3361
f 2956/3191 2979/3219 2981/3220 2957/3192
f 2979/3219 2978/3221 2980/3222 2981/3220
f 2969/3194 2990/3195 2992/3196 2948/3197
f 2854/3197 2838/3343 3300/3344 2841/3194
f 2982/3362 2965/3363 2996/3364 2999/3365
f 2983/3329 2982/3362 2999/3365 3000/3366
f 2965/3363 2982/3362 2984/3367 2966/3368
f 2982/3362 2983/3329 2985/3332 2984/3367
f 2966/3369 2984/3370 2986/3371 2967/3372
f 2984/3370 2985/3333 2987/3336 2986/3371
f 2967/3372 2986/3371 2988/3373 2968/3374
f 2986/3371 2987/3336 2989/3338 2988/3373
f 2968/3374 2988/3373 2990/3375 2969/3376
f 2988/3373 2989/3338 2991/3340 2990/3375
f 2990/3195 2991/3341 2993/3342 2992/3196
f 3289/3377 2947/3344 2948/3194 3291/3378
f 2950/3379 2958/3380 2959/3381 2951/3322
f 2994/3275 2772/3223 2773/3252
f 2971/3345 2952/3330 2773/3382 2998/3346
f 2952/3330 2983/3329 3000/3366 2773/3382
f 2994/3275 2773/3252 3000/3257
f 2772/3223 2997/3225 2998/3319
f 3024/3383 3004/3384 3006/3318 3025/3385
f 3025/3386 3006/3387 3008/3388 3026/3389
f 3026/3390 3008/3391 3010/3392 3027/3393
f 3027/3393 3010/3392 3012/3170 3028/3171
f 3028/3171 3012/3170 3013/3394 3029/3395
f 3025/3396 3035/3397 3062/3398 3060/3399
f 3048/3400 3018/3401 3019/3402 3050/3403
f 3050/3182 3019/3183 3020/3184 3052/3404
f 3052/3404 3020/3184 3021/3186 3054/3405
f 3054/3405 3021/3186 3022/3406 3056/3407
f 3056/3220 3022/3192 3023/3191 3058/3219
f 3059/3223 3064/3225 3061/3289
f 3035/3397 3036/3408 3063/3409 3062/3398
f 3035/3397 3025/3396 3026/3410 3037/3411
f 3037/3412 3026/3413 3027/3414 3039/3415
f 3039/3415 3027/3414 3028/3353 3041/3416
f 3041/3416 3028/3353 3029/3417 3043/3418
f 3293/3226 3034/3227 3016/3228 3296/3229
f 3005/3419 3030/3386 3031/3389 3007/3420
f 3007/3421 3031/3422 3032/3423 3009/3424
f 3009/3424 3032/3423 3033/3425 3011/3426
f 3030/3427 3017/3385 3059/3428 3061/3429
f 3018/3401 3036/3408 3038/3430 3019/3402
f 3036/3408 3035/3397 3037/3411 3038/3430
f 3019/3183 3038/3431 3040/3432 3020/3184
f 3038/3431 3037/3412 3039/3415 3040/3432
f 3020/3184 3040/3432 3042/3433 3021/3186
f 3040/3432 3039/3415 3041/3416 3042/3433
f 3021/3186 3042/3433 3044/3434 3022/3406
f 3042/3433 3041/3416 3043/3418 3044/3434
f 3022/3192 3044/3342 3046/3341 3023/3191
f 3044/3342 3043/3196 3045/3195 3046/3341
f 3034/3435 3055/3222 3057/3221 3016/3436
f 3047/3437 3030/3438 3061/3439 3064/3440
f 3048/3400 3047/3437 3064/3440 3065/3441
f 3030/3438 3047/3437 3049/3442 3031/3443
f 3047/3437 3048/3400 3050/3403 3049/3442
f 3031/3444 3049/3445 3051/3446 3032/3372
f 3049/3445 3050/3182 3052/3404 3051/3446
f 3032/3372 3051/3446 3053/3447 3033/3374
f 3051/3446 3052/3404 3054/3405 3053/3447
f 3033/3374 3053/3447 3055/3448 3034/3376
f 3053/3447 3054/3405 3056/3407 3055/3448
f 3055/3222 3056/3220 3058/3219 3057/3221
f 2894/3228 3286/3449 2826/3450
f 2886/3223 2892/3258 2891/3225
f 3003/3318 3017/3385 3030/3427 3005/3317
f 2780/3275 3060/3276 3062/3254
f 2886/3223 2891/3225 2888/3289
f 2780/3275 3063/3451 2779/3252
f 2860/3251 2889/3254 2890/3257
f 3024/3383 3025/3385 3060/3428 2780/3452
f 3075/3453 3074/3454 3092/3455 3098/3456
f 3067/3457 3068/3458 3082/3459 3080/3460
f 3078/3461 3075/3462 3098/3463 3104/3464
f 3072/3465 3071/3466 3088/3467 3090/3468
f 3076/3469 3106/3470 3107/3471 3099/3472
f 3096/3473 3104/3474 3115/3475 3113/3476
f 3103/3477 3095/3478 3112/3479 3114/3480
f 3080/3460 3082/3459 3111/3481 3109/3482
f 3081/3483 3079/3484 3108/3485 3110/3486
f 3098/3456 3092/3455 3127/3487 3131/3488
f 3084/3489 3086/3490 3121/3491 3119/3492
f 3085/3460 3083/3459 3118/3481 3120/3482
f 3130/3493 3126/3494 3091/3490 3097/3495
f 3097/3472 3105/3471 3132/3496 3130/3497
f 3092/3489 3094/3490 3129/3494 3127/3498
f 3093/3455 3091/3499 3126/3500 3128/3487
f 3107/3501 3101/3463 3137/3502 3139/3503
f 2774/3462 2802/3504 3093/3489 2958/3463
f 3090/3468 3088/3467 3134/3505 3136/3506
f 3087/3483 3089/3507 3135/3485 3133/3498
f 3099/3472 3107/3471 3139/3508 3122/3509
f 3105/3510 3100/3511 3123/3512 3132/3503
f 3104/3464 3098/3463 3131/3502 3115/3513
f 3102/3514 3103/3515 3114/3496 3138/3497
f 3113/3493 3111/3485 3082/3490 3096/3516
f 3095/3499 3081/3517 3110/3518 3112/3500
f 3138/3519 3134/3520 3088/3521 3102/3522
f 3101/3523 3087/3524 3133/3497 3137/3505
f 3122/3525 3118/3526 3083/3527 3099/3528
f 3100/3529 3084/3530 3119/3531 3123/3532
f 3126/3533 3130/3534 3163/3535 3159/3536
f 3128/3537 3126/3533 3159/3536 3161/3538
f 3110/3539 3108/3540 3141/3541 3143/3542
f 3116/3317 3120/3543 3153/3544 3149/3318
f 3115/3545 3131/3546 3164/3547 3148/3548
f 3129/3549 3125/3550 3158/3551 3162/3552
f 3112/3553 3110/3539 3143/3542 3145/3554
f 3127/3555 3129/3543 3162/3544 3160/3556
f 3139/3546 3137/3557 3170/3558 3172/3559
f 3121/3543 3117/3317 3150/3318 3154/3544
f 3111/3560 3113/3561 3146/3562 3144/3563
f 3109/3564 3111/3560 3144/3563 3142/3565
f 3133/3566 3135/3567 3168/3568 3166/3569
f 3138/3570 3114/3545 3147/3548 3171/3571
f 3137/3572 3133/3566 3166/3569 3170/3573
f 3120/3574 3118/3575 3151/3576 3153/3577
f 3124/3578 3128/3579 3161/3580 3157/3581
f 3132/3582 3123/3583 3156/3584 3165/3585
f 3130/3583 3132/3582 3165/3586 3163/3584
f 3134/3587 3138/3570 3171/3571 3167/3588
f 3123/3589 3119/3590 3152/3591 3156/3592
f 3114/3593 3112/3557 3145/3558 3147/3562
f 3136/3594 3134/3587 3167/3588 3169/3595
f 3118/3575 3122/3596 3155/3597 3151/3576
f 3119/3590 3121/3598 3154/3599 3152/3591
f 3122/3557 3139/3593 3172/3600 3155/3601
f 3131/3589 3127/3555 3160/3556 3164/3592
f 3113/3534 3115/3582 3148/3586 3146/3535
f 3171/3602 3147/3603 3181/3604 3205/3605
f 3152/3606 3154/3607 3188/3608 3186/3609
f 3162/3610 3158/3611 3192/3612 3196/3613
f 3170/3614 3166/3615 3200/3616 3204/3617
f 3146/3616 3148/3618 3182/3619 3180/3620
f 3165/3621 3156/3622 3190/3623 3199/3624
f 3167/3625 3171/3626 3205/3627 3201/3628
f 3160/3629 3162/3630 3196/3631 3194/3632
f 3156/3633 3152/3634 3186/3635 3190/3636
f 3143/3637 3141/3638 3175/3639 3177/3640
f 3159/3641 3163/3642 3197/3643 3193/3644
f 3144/3625 3146/3645 3180/3627 3178/3628
f 3151/3615 3155/3614 3189/3646 3185/3647
f 3155/3648 3172/3649 3206/3650 3189/3651
f 3163/3652 3165/3653 3199/3628 3197/3654
f 3142/3655 3144/3625 3178/3628 3176/3656
f 3172/3657 3170/3658 3204/3659 3206/3660
f 3141/3661 3140/3662 3173/3663 3175/3664
f 3166/3615 3168/3665 3202/3666 3200/3616
f 3149/3667 3153/3668 3187/3669 3183/3670
f 3153/3665 3151/3615 3185/3647 3187/3671
f 3148/3672 3164/3673 3198/3674 3182/3675
f 3164/3676 3160/3629 3194/3632 3198/3677
f 3147/3678 3145/3675 3179/3679 3181/3673
f 3157/3680 3161/3681 3195/3682 3191/3683
f 3161/3684 3159/3641 3193/3644 3195/3685
f 3145/3686 3143/3637 3177/3640 3179/3687
f 3154/3688 3150/3689 3184/3690 3188/3691
f 3169/3665 3167/3625 3201/3628 3203/3656
f 3191/3692 3195/3693 3228/3694 3224/3695
f 3181/3696 3179/3697 3212/3698 3214/3699
f 3195/3700 3193/3701 3226/3702 3228/3703
f 3179/3704 3177/3705 3210/3706 3212/3707
f 3188/3708 3184/3709 3217/3710 3221/3711
f 3203/3712 3201/3713 3234/3714 3236/3715
f 3186/3716 3188/3717 3221/3718 3219/3702
f 3205/3719 3181/3720 3214/3721 3238/3722
f 3204/3723 3200/3724 3233/3725 3237/3726
f 3196/3727 3192/3728 3225/3706 3229/3707
f 3180/3729 3182/3730 3215/3731 3213/3732
f 3199/3733 3190/3734 3223/3735 3232/3699
f 3194/3736 3196/3737 3229/3738 3227/3739
f 3201/3740 3205/3741 3238/3169 3234/3742
f 3190/3743 3186/3744 3219/3745 3223/3746
f 3193/3740 3197/3741 3230/3392 3226/3695
f 3177/3747 3175/3748 3208/3749 3210/3750
f 3178/3751 3180/3752 3213/3753 3211/3754
f 3185/3755 3189/3756 3222/3757 3218/3718
f 3189/3758 3206/3696 3239/3759 3222/3760
f 3197/3761 3199/3762 3232/3759 3230/3763
f 3176/3764 3178/3765 3211/3766 3209/3767
f 3206/3768 3204/3729 3237/3732 3239/3769
f 3175/3770 3173/3771 3207/3772 3208/3773
f 3183/3774 3187/3775 3220/3776 3216/3760
f 3200/3747 3202/3777 3235/3778 3233/3750
f 3187/3779 3185/3780 3218/3781 3220/3782
f 3182/3730 3198/3783 3231/3784 3215/3731
f 3198/3785 3194/3786 3227/3725 3231/3766
f 3233/3750 3235/3778 3268/3787 3266/3788
f 3216/3760 3220/3776 3253/3789 3249/3790
f 3215/3731 3231/3784 3264/3791 3248/3792
f 3220/3782 3218/3781 3251/3793 3253/3794
f 3231/3766 3227/3725 3260/3795 3264/3796
f 3214/3699 3212/3698 3245/3797 3247/3798
f 3224/3695 3228/3694 3261/3799 3257/3800
f 3212/3707 3210/3706 3243/3801 3245/3802
f 3228/3703 3226/3702 3259/3803 3261/3804
f 3221/3711 3217/3710 3250/3805 3254/3806
f 3236/3715 3234/3714 3267/3807 3269/3808
f 3219/3702 3221/3718 3254/3809 3252/3803
f 3238/3722 3214/3721 3247/3810 3271/3811
f 3229/3707 3225/3706 3258/3801 3262/3812
f 3237/3726 3233/3725 3266/3813 3270/3814
f 3213/3732 3215/3731 3248/3815 3246/3816
f 3232/3699 3223/3735 3256/3790 3265/3810
f 3227/3739 3229/3738 3262/3817 3260/3818
f 3234/3742 3238/3169 3271/3170 3267/3819
f 3223/3746 3219/3745 3252/3820 3256/3821
f 3210/3750 3208/3749 3241/3817 3243/3788
f 3226/3695 3230/3392 3263/3799 3259/3800
f 3211/3754 3213/3753 3246/3822 3244/3823
f 3218/3718 3222/3757 3255/3824 3251/3825
f 3222/3760 3239/3759 3272/3826 3255/3805
f 3230/3763 3232/3759 3265/3798 3263/3827
f 3209/3767 3211/3766 3244/3796 3242/3828
f 3239/3769 3237/3732 3270/3816 3272/3829
f 3208/3773 3207/3772 3240/3820 3241/3830
f 3272/3829 3270/3816 3297/3831 3299/3832
f 3266/3788 3268/3787 3296/3833 3294/3834
f 3249/3790 3253/3789 3284/3835 3280/3836
f 3253/3794 3251/3793 3282/3837 3284/3838
f 3248/3792 3264/3791 3291/3839 3279/3832
f 3264/3796 3260/3795 3289/3840 3291/3841
f 3247/3798 3245/3797 3276/3842 3278/3843
f 3257/3800 3261/3799 3290/3844 3287/3845
f 3261/3804 3259/3803 3288/3846 3290/3847
f 3245/3802 3243/3801 3274/3848 3276/3849
f 3254/3806 3250/3805 3281/3850 3285/3851
f 3252/3803 3254/3809 3285/3852 3283/3853
f 3271/3811 3247/3810 3278/3854 3298/3855
f 3270/3814 3266/3813 3294/3856 3297/3857
f 3246/3816 3248/3815 3279/3858 3277/3859
f 3267/3819 3271/3170 3298/3860 3295/3861
f 3244/3823 3246/3822 3277/3862 3275/3845
f 3251/3825 3255/3824 3286/3863 3282/3864
f 3255/3805 3272/3826 3299/3843 3286/3865
f 3242/3828 3244/3796 3275/3866 3300/3867
f 3015/3194 3298/3868 2830/3869
f 3265/3810 3256/3790 3301/3870 3292/3871
f 3256/3821 3252/3820 3283/3864 3301/3872
f 2824/3873 3279/3874 2827/3875
f 3279/3874 3291/3876 2827/3875
f 2904/3427 2905/3385 2940/3428 2767/3429
f 3292/3877 3301/3878 2825/3879
f 2823/3450 2830/3880 3278/3881
f 3263/3827 3265/3798 3292/3882 3302/3865
f 3259/3800 3263/3799 3302/3883 3288/3861
f 3298/3884 3278/3881 2830/3880
f 2850/3885 2835/3886 3174/3887 2851/3888
f 2851/3390 3174/3391 2836/3169 2852/3168
f 3140/3662 2855/3889 2856/3890 3173/3663
f 3173/3891 2856/3892 2857/3393 3207/3392
f 3207/3392 2857/3393 2858/3893 3240/3824
f 3240/3824 2858/3893 2859/3395 3273/3394
f 3029/3197 3013/3343 3014/3344 3015/3194
f 2765/3462 3069/3504 3085/3894 2903/3895
f 2904/3427 3116/3317 3149/3318 2905/3385
f 2905/3885 3149/3667 3183/3670 2906/3896
f 2906/3897 3183/3898 3216/3899 2907/3900
f 2907/3900 3216/3899 3249/3821 2908/3901
f 2908/3901 3249/3821 3280/3902 2909/3903
f 2914/3435 2935/3222 2937/3221 2893/3436
f 3150/3904 2910/3905 2911/3906 3184/3907
f 3184/3908 2911/3909 2912/3372 3217/3694
f 3217/3694 2912/3372 2913/3910 3250/3799
f 3250/3799 2913/3910 2914/3911 3281/3912
f 3290/3316 3288/3913 3302/3449 2949/3914
f 3301/3378 2893/3194 2825/3869
f 3283/3377 3285/3344 2893/3194 3301/3378
f 2959/3915 3124/3578 3157/3581 2960/3916
f 2960/3917 3157/3680 3191/3683 2961/3918
f 2961/3919 3191/3920 3224/3921 2962/3922
f 2962/3922 3224/3921 3257/3923 2963/3924
f 2963/3924 3257/3923 3287/3925 2964/3926
f 3158/3611 2965/3927 2966/3928 3192/3612
f 3192/3929 2966/3930 2967/3311 3225/3931
f 3225/3931 2967/3311 2968/3932 3258/3933
f 3258/3933 2968/3932 2969/3934 2946/3935
f 3011/3426 3033/3425 3034/3936 3293/3937
f 3018/3401 3048/3400 3065/3441 2779/3938
f 2994/3275 3000/3257 2999/3254
f 3109/3939 2834/3940 2832/3248 3080/3247
f 3079/3456 2831/3455 2833/3487 3108/3488
f 3136/3941 3004/3940 3002/3248 3090/3247
f 3089/3456 3001/3942 3003/3487 3135/3488
f 3108/3943 2833/3165 3140/3944 3141/3945
f 3135/3544 3003/3318 3005/3317 3168/3543
f 2834/3165 3109/3943 3142/3946 2835/3166
f 3004/3384 3136/3947 3169/3599 3006/3318
f 2835/3886 3142/3948 3176/3949 3174/3887
f 3006/3387 3169/3668 3203/3396 3008/3388
f 3168/3950 3005/3419 3007/3420 3202/3951
f 3174/3952 3176/3953 3209/3702 2836/3735
f 3008/3952 3203/3954 3236/3955 3010/3735
f 3202/3956 3007/3957 3009/3725 3235/3766
f 3235/3766 3009/3725 3011/3795 3268/3796
f 2836/3735 3209/3702 3242/3958 2837/3791
f 3010/3735 3236/3955 3269/3814 3012/3790
f 3012/3790 3269/3814 3014/3959 3013/3840
f 3241/3830 3240/3820 3273/3960 2839/3883
f 3268/3796 3011/3795 3293/3961 3296/3962
f 3269/3808 3267/3807 3295/3963 3014/3964
f 3262/3812 3258/3801 2946/3965 2947/3966
f 3260/3818 3262/3817 2947/3833 3289/3834
f 3243/3788 3241/3817 2839/3833 3274/3834
f 3275/3377 3277/3868 2841/3194 3300/3344
f 2837/3791 3242/3958 3300/3967 2838/3968
f 3276/3969 3274/3970 2839/3229 2840/3228
f 3299/3971 3297/3969 2829/3972
f 2826/3973 3299/3971 2829/3972
f 3014/3344 3295/3377 3298/3868 3015/3194
f 3284/3316 3282/3913 3286/3449 2894/3228
f 2949/3914 3302/3449 2828/3974
f 2841/3194 3277/3868 2824/3869
f 3278/3881 3276/3975 2823/3450
f 3291/3378 2948/3194 2827/3869
f 2831/3213 2842/3976 2833/3977
f 2833/3165 2842/3978 2855/3979 3140/3944
f 2855/3979 2842/3978 2886/3250 2888/3980
f 2939/3275 2768/3320 2945/3257
f 2895/3321 2903/3981 2904/3982 2896/3322
f 2763/3983 2764/3159 2765/3984 2766/3985
f 3125/3550 2951/3298 2965/3297 3158/3551
f 2959/3915 2960/3916 2995/3986 2772/3987
f 2772/3223 2995/3289 2997/3225
f 3001/3529 3017/3988 3003/3989
f 2784/3140 2785/3141 3066/3142 2787/3143
f 3281/3343 2914/3197 2893/3194 3285/3344
f 2789/3990 2788/3991 2791/3992 3069/3457
f 2796/3993 2794/3994 3071/3466 3072/3465
f 2810/3995 2781/3996 3106/3470 3076/3469
f 2811/3997 2813/3998 3106/3999 2781/4000
f 2800/4001 2799/3147 3073/3163 2802/4002
f 3073/3142 2799/3141 2808/4003 2809/4004
f 2791/4005 2788/4006 2810/3983 3076/4004
f 3071/4007 2794/3141 2812/4003 2814/4008
f 2807/4009 2805/4010 2817/4011 3078/4012
f 2759/4013 2761/4014 2762/3211 2760/3210
f 2772/3223 2998/3319 2773/3252
f 2762/3245 2761/4015 2786/3140 3067/3246
f 2759/4001 2760/4002 3066/3453 2785/3159
f 2776/4016 2796/4017 3072/4018 2778/3245
f 2786/3990 2820/4019 3068/3458 3067/3457
f 2782/4020 2790/4021 3070/3142 2792/3504
f 2783/4022 2801/3141 2803/3142 3074/3504
f 3068/3142 2820/3141 2805/3983 2807/4023
f 2783/3160 3074/3454 3075/3453 2821/3159
f 2782/4024 2792/4025 3077/3984 2822/4026
f 2822/4027 3077/4028 2819/4029 2818/4030
f 3075/3462 3078/3461 2817/4031 2821/3997
f 2831/3213 2832/3212 2849/3256 2842/3976
f 2863/3198 2843/3179 2861/4032 2890/3199
f 2843/3179 2875/3178 2892/3234 2861/4032
f 2842/3976 2849/3256 2860/4033 2886/4034
f 2764/4015 2789/4022 3069/3504 2765/3462
f 2897/3264 2928/3263 2945/3305 2768/3324
f 2766/3985 2765/3984 2903/3981 2895/3321
f 2896/3322 2904/3982 2767/4035 2939/4036
f 2903/3981 3116/4037 2904/3982
f 2803/3163 2770/3158 2950/3517 3094/3499
f 2951/3322 2959/3381 2772/4038 2994/4036
f 2950/3379 2951/3322 3125/4039
f 3128/3498 3124/4040 2958/3463 3093/3489
f 3059/3223 2779/3252 3065/3224
f 3001/3529 3002/4041 3024/4042 3017/3988
f 2780/3275 3062/3254 3063/3451
f 2791/4005 3076/4004 3099/3528 3083/3527
f 3068/3142 2807/4023 3096/3516 3082/3490
f 2813/3150 2797/3149 3087/3524 3101/3523
f 2958/3380 3124/4043 2959/3381
f 2814/3149 2816/3157 3103/3515 3102/3514
f 3074/3504 2803/3142 3094/3490 3092/3489
f 3073/3142 2809/4004 3097/3495 3091/3490
f 3069/3457 2791/3992 3083/3459 3085/3460
f 2819/4029 3077/4028 3100/3511 3105/3510
f 3071/4007 2814/4008 3102/3522 3088/3521
f 2787/3143 3066/3142 3079/3484 3081/3483
f 2809/3158 2819/3157 3105/3471 3097/3472
f 2792/3504 3070/3142 3086/3490 3084/3489
f 2816/3154 2806/3153 3095/3478 3103/3477
f 2807/4009 3078/4012 3104/3474 3096/3473
f 2797/3143 2798/3142 3089/3507 3087/3483
f 2806/3146 2787/3145 3081/3517 3095/3499
f 2771/4015 2800/4022 2802/3504 2774/3462
f 3077/3984 2792/4025 3084/3530 3100/3529
f 2802/4002 3073/3163 3091/3499 3093/3455
f 2813/3998 3101/3463 3107/3501 3106/3999
f 3086/4044 2895/3514 3117/4045 3121/4046
f 3120/3498 3116/4047 2903/3895 3085/3894
f 2769/3983 2771/3159 2774/3984 2770/3985
f 3094/3499 2950/3517 3125/3518 3129/3500
f 2778/3245 3072/4018 3090/3247 3002/3248
f 2798/3162 2777/3161 3001/3942 3089/3456
f 2770/3985 2774/3984 2958/3380 2950/3379
f 3066/3453 2760/4002 2831/3455 3079/3456
f 3276/3969 2840/3228 2823/3450
f 3286/4048 3299/3971 2826/3973
f 3294/3970 3296/3229 3016/3228 3297/3969
f 3059/3223 2780/3275 2779/3252
f 3297/3969 3016/3228 2829/3450
f 3302/4049 3292/3877 2828/4050
f 3277/3868 3279/3874 2824/3873
f 2828/4050 3292/3877 2825/3879
f 2939/3275 2944/3254 2941/3276
f 2939/3275 2945/3257 2944/3254
f 2790/3991 2763/4051 2766/3149 3070/3150
f 3070/3150 2766/3149 2895/3514 3086/4044
f 2870/3221 2854/3436 2841/3435 2872/3222
f 2978/3221 2964/3436 2949/3435 2980/3222
f 3017/3988 3024/4042 2780/4052 3059/4053
f 2964/4054 3287/4055 3290/3316 2949/3914
f 3002/4041 3004/4056 3024/4042
f 3036/3408 3018/3401 2779/3938 3063/3409
f 2777/3162 2778/4057 3002/4041 3001/3529
f 2775/4058 2776/4059 2778/4057 2777/3162
o Decoration
v 2.012224 -2.262222 14.880000
v 2.031254 -2.357893 14.880000
v 2.085448 -2.438998 14.880000
v 2.166553 -2.493191 14.880000
v 2.262224 -2.512222 14.880000
v 2.357895 -2.493191 14.880000
v 2.439001 -2.438998 14.880000
v 2.493194 -2.357892 14.880000
v 2.512224 -2.262221 14.880000
v 2.493194 -2.166550 14.880000
v 2.439001 -2.085445 14.880000
v 2.357895 -2.031252 14.880000
v 2.262223 -2.012222 14.880000
v 2.166553 -2.031252 14.880000
v 2.085447 -2.085445 14.880000
v 2.031254 -2.166551 14.880000
v 2.012224 -2.262222 15.099994
v 2.031254 -2.357893 15.099994
v 2.085448 -2.438998 15.099994
v 2.166553 -2.493191 15.099994
v 2.262224 -2.512222 15.099994
v 2.357895 -2.493191 15.099994
v 2.439001 -2.438998 15.099994
v 2.493194 -2.357892 15.099994
v 2.512224 -2.262221 15.099994
v 2.493194 -2.166550 15.099994
v 2.439001 -2.085445 15.099994
v 2.357895 -2.031252 15.099994
v 2.262223 -2.012222 15.099994
v 2.166553 -2.031252 15.099994
v 2.085447 -2.085445 15.099994
v 2.031254 -2.166551 15.099994
v 2.049361 -2.262222 15.169989
v 2.065564 -2.343681 15.169989
v 2.111707 -2.412739 15.169989
v 2.180765 -2.458882 15.169989
v 2.262224 -2.475085 15.169989
v 2.343683 -2.458882 15.169989
v 2.412742 -2.412739 15.169989
v 2.458884 -2.343681 15.169989
v 2.475088 -2.262221 15.169989
v 2.458884 -2.180762 15.169989
v 2.412742 -2.111704 15.169989
v 2.343683 -2.065561 15.169989
v 2.262224 -2.049358 15.169989
v 2.180765 -2.065561 15.169989
v 2.111706 -2.111705 15.169989
v 2.065563 -2.180763 15.169989
v 2.360317 -2.025403 15.120482
v 2.005893 -2.262222 15.120482
v 2.443478 -2.080968 15.120482
v 2.499043 -2.164128 15.120482
v 2.518555 -2.262221 15.120482
v 2.499043 -2.360315 15.120482
v 2.443478 -2.443475 15.120482
v 2.360317 -2.499040 15.120482
v 2.025406 -2.164129 15.120482
v 2.262224 -2.518552 15.120482
v 2.080971 -2.080969 15.120482
v 2.164130 -2.499040 15.120482
v 2.164130 -2.025403 15.120482
v 2.080971 -2.443475 15.120482
v 2.262224 -2.005891 15.120482
v 2.025405 -2.360316 15.120482
v 2.436502 -2.436498 15.152491
v 2.356542 -2.489925 15.152491
v 2.034520 -2.167904 15.152491
v 2.262224 -2.508687 15.152491
v 2.087947 -2.087945 15.152491
v 2.167906 -2.489925 15.152491
v 2.167906 -2.034518 15.152491
v 2.087947 -2.436499 15.152491
v 2.262224 -2.015756 15.152491
v 2.034520 -2.356540 15.152491
v 2.356542 -2.034518 15.152491
v 2.015759 -2.262222 15.152491
v 2.436502 -2.087944 15.152491
v 2.489928 -2.167903 15.152491
v 2.508689 -2.262221 15.152491
v 2.489928 -2.356539 15.152491
v 2.155792 -2.262222 15.349997
v 2.163894 -2.302952 15.349997
v 2.186966 -2.337480 15.349997
v 2.221494 -2.360552 15.349997
v 2.262224 -2.368654 15.349997
v 2.302954 -2.360552 15.349997
v 2.337483 -2.337480 15.349997
v 2.360554 -2.302952 15.349997
v 2.368656 -2.262222 15.349997
v 2.360554 -2.221492 15.349997
v 2.337483 -2.186963 15.349997
v 2.302953 -2.163892 15.349997
v 2.262224 -2.155790 15.349997
v 2.221494 -2.163892 15.349997
v 2.186965 -2.186963 15.349997
v 2.163894 -2.221492 15.349997
v 2.164900 -2.164898 15.259992
v 2.399862 -2.262222 15.259992
v 2.209552 -2.389382 15.259992
v 2.209552 -2.135061 15.259992
v 2.164900 -2.359546 15.259992
v 2.389384 -2.314893 15.259992
v 2.262224 -2.124584 15.259992
v 2.135064 -2.314893 15.259992
v 2.359549 -2.359546 15.259992
v 2.314895 -2.135061 15.259992
v 2.314895 -2.389382 15.259992
v 2.135064 -2.209550 15.259992
v 2.359549 -2.164897 15.259992
v 2.262224 -2.399859 15.259992
v 2.389385 -2.209550 15.259992
v 2.124586 -2.262222 15.259992
v 2.431767 -2.262221 15.214991
v 2.418862 -2.327103 15.214991
v 2.382109 -2.382107 15.214991
v 2.327105 -2.418859 15.214991
v 2.105587 -2.197341 15.214991
v 2.262225 -2.431765 15.214991
v 2.092681 -2.262222 15.214991
v 2.142339 -2.142337 15.214991
v 2.197343 -2.418859 15.214991
v 2.197343 -2.105584 15.214991
v 2.142339 -2.382107 15.214991
v 2.262224 -2.092679 15.214991
v 2.105587 -2.327103 15.214991
v 2.327105 -2.105584 15.214991
v 2.382110 -2.142336 15.214991
v 2.418862 -2.197340 15.214991
v 2.179340 -2.179338 15.304995
v 2.217367 -2.370515 15.304995
v 2.217368 -2.153929 15.304995
v 2.179341 -2.345105 15.304995
v 2.262224 -2.145006 15.304995
v 2.153931 -2.307078 15.304995
v 2.307080 -2.153929 15.304995
v 2.345108 -2.179338 15.304995
v 2.370517 -2.217365 15.304995
v 2.379440 -2.262222 15.304995
v 2.370517 -2.307078 15.304995
v 2.345108 -2.345105 15.304995
v 2.307081 -2.370515 15.304995
v 2.153931 -2.217366 15.304995
v 2.262224 -2.379437 15.304995
v 2.145008 -2.262222 15.304995
v 2.155792 -2.262222 15.399996
v 2.163894 -2.302952 15.399996
v 2.186966 -2.337480 15.399996
v 2.221494 -2.360552 15.399996
v 2.262224 -2.368654 15.399996
v 2.302954 -2.360552 15.399996
v 2.337483 -2.337480 15.399996
v 2.360554 -2.302952 15.399996
v 2.368656 -2.262222 15.399996
v 2.360554 -2.221492 15.399996
v 2.337483 -2.186963 15.399996
v 2.302953 -2.163892 15.399996
v 2.262224 -2.155790 15.399996
v 2.221494 -2.163892 15.399996
v 2.186965 -2.186963 15.399996
v 2.163894 -2.221492 15.399996
v 2.102576 -2.262222 15.490059
v 2.114729 -2.323316 15.490059
v 2.149337 -2.375109 15.490059
v 2.201130 -2.409717 15.490059
v 2.262224 -2.421870 15.490059
v 2.323318 -2.409717 15.490059
v 2.375112 -2.375109 15.490059
v 2.409719 -2.323316 15.490059
v 2.421872 -2.262222 15.490059
v 2.409720 -2.201127 15.490059
v 2.375113 -2.149333 15.490059
v 2.323319 -2.114726 15.490059
v 2.262224 -2.102574 15.490059
v 2.201129 -2.114726 15.490059
v 2.149336 -2.149334 15.490059
v 2.114729 -2.201127 15.490059
v 2.086611 -2.262222 15.500001
v 2.099979 -2.329426 15.500001
v 2.138048 -2.386398 15.500001
v 2.195020 -2.424467 15.500001
v 2.262224 -2.437834 15.500001
v 2.329428 -2.424467 15.500001
v 2.386402 -2.386398 15.500001
v 2.424469 -2.329426 15.500001
v 2.437837 -2.262221 15.500001
v 2.424469 -2.195018 15.500001
v 2.386402 -2.138044 15.500001
v 2.329428 -2.099977 15.500001
v 2.262224 -2.086609 15.500001
v 2.195020 -2.099977 15.500001
v 2.138047 -2.138046 15.500001
v 2.099979 -2.195018 15.500001
v 2.086611 -2.262222 15.550000
v 2.099979 -2.329426 15.550000
v 2.138048 -2.386398 15.550000
v 2.195020 -2.424467 15.550000
v 2.262224 -2.437834 15.550000
v 2.329428 -2.424467 15.550000
v 2.386402 -2.386398 15.550000
v 2.424469 -2.329426 15.550000
v 2.437837 -2.262221 15.550000
v 2.424469 -2.195018 15.550000
v 2.386402 -2.138044 15.550000
v 2.329428 -2.099977 15.550000
v 2.262224 -2.086609 15.550000
v 2.195020 -2.099977 15.550000
v 2.138047 -2.138046 15.550000
v 2.099979 -2.195018 15.550000
v 2.104173 -2.262222 15.562347
v 2.116204 -2.322706 15.562347
v 2.150465 -2.373981 15.562347
v 2.201741 -2.408242 15.562347
v 2.262224 -2.420273 15.562347
v 2.322707 -2.408242 15.562347
v 2.373984 -2.373981 15.562347
v 2.408244 -2.322706 15.562347
v 2.420276 -2.262222 15.562347
v 2.408245 -2.201738 15.562347
v 2.373984 -2.150462 15.562347
v 2.322708 -2.116201 15.562347
v 2.262224 -2.104170 15.562347
v 2.201740 -2.116201 15.562347
v 2.150465 -2.150463 15.562347
v 2.116204 -2.201738 15.562347
v 1.993537 -2.262222 16.000006
v 2.013989 -2.365044 16.000006
v 2.072234 -2.452212 16.000006
v 2.159402 -2.510457 16.000006
v 2.262224 -2.530909 16.000006
v 2.365046 -2.510457 16.000006
v 2.452216 -2.452212 16.000006
v 2.510459 -2.365044 16.000006
v 2.530912 -2.262221 16.000006
v 2.510459 -2.159399 16.000006
v 2.452216 -2.072230 16.000006
v 2.365046 -2.013987 16.000006
v 2.262224 -1.993534 16.000006
v 2.159401 -2.013987 16.000006
v 2.072234 -2.072232 16.000006
v 2.013989 -2.159400 16.000006
v 1.993537 -2.262222 16.050003
v 2.013989 -2.365044 16.050003
v 2.072234 -2.452212 16.050003
v 2.159402 -2.510457 16.050003
v 2.262224 -2.530909 16.050003
v 2.365046 -2.510457 16.050003
v 2.452216 -2.452212 16.050003
v 2.510459 -2.365044 16.050003
v 2.530912 -2.262221 16.050003
v 2.510459 -2.159399 16.050003
v 2.452216 -2.072230 16.050003
v 2.365046 -2.013987 16.050003
v 2.262224 -1.993534 16.050003
v 2.159401 -2.013987 16.050003
v 2.072234 -2.072232 16.050003
v 2.013989 -2.159400 16.050003
v 1.993537 -2.262222 16.070007
v 2.013989 -2.365044 16.070007
v 2.072234 -2.452212 16.070007
v 2.159402 -2.510457 16.070007
v 2.262224 -2.530909 16.070007
v 2.365046 -2.510457 16.070007
v 2.452216 -2.452212 16.070007
v 2.510459 -2.365044 16.070007
v 2.530912 -2.262221 16.070007
v 2.510459 -2.159399 16.070007
v 2.452216 -2.072230 16.070007
v 2.365046 -2.013987 16.070007
v 2.262224 -1.993534 16.070007
v 2.159401 -2.013987 16.070007
v 2.072234 -2.072232 16.070007
v 2.013989 -2.159400 16.070007
v 1.993537 -2.262222 16.120010
v 2.013989 -2.365044 16.120010
v 2.072234 -2.452212 16.120010
v 2.159402 -2.510457 16.120010
v 2.262224 -2.530909 16.120010
v 2.365046 -2.510457 16.120010
v 2.452216 -2.452212 16.120010
v 2.510459 -2.365044 16.120010
v 2.530912 -2.262221 16.120010
v 2.510459 -2.159399 16.120010
v 2.452216 -2.072230 16.120010
v 2.365046 -2.013987 16.120010
v 2.262224 -1.993534 16.120010
v 2.159401 -2.013987 16.120010
v 2.072234 -2.072232 16.120010
v 2.013989 -2.159400 16.120010
v 2.160703 -2.262222 16.299995
v 2.168432 -2.301072 16.299995
v 2.190438 -2.334008 16.299995
v 2.223374 -2.356015 16.299995
v 2.262224 -2.363743 16.299995
v 2.301075 -2.356015 16.299995
v 2.334011 -2.334008 16.299995
v 2.356017 -2.301072 16.299995
v 2.363745 -2.262222 16.299995
v 2.356017 -2.223371 16.299995
v 2.334011 -2.190435 16.299995
v 2.301074 -2.168429 16.299995
v 2.262224 -2.160701 16.299995
v 2.223374 -2.168429 16.299995
v 2.190438 -2.190436 16.299995
v 2.168431 -2.223371 16.299995
v 2.160703 -2.262222 16.329996
v 2.168432 -2.301072 16.329996
v 2.190438 -2.334008 16.329996
v 2.223374 -2.356015 16.329996
v 2.262224 -2.363743 16.329996
v 2.301075 -2.356015 16.329996
v 2.334011 -2.334008 16.329996
v 2.356017 -2.301072 16.329996
v 2.363745 -2.262222 16.329996
v 2.356017 -2.223371 16.329996
v 2.334011 -2.190435 16.329996
v 2.301074 -2.168429 16.329996
v 2.262224 -2.160701 16.329996
v 2.223374 -2.168429 16.329996
v 2.190438 -2.190436 16.329996
v 2.168431 -2.223371 16.329996
v 2.185823 -2.262222 16.346403
v 2.191638 -2.291460 16.346403
v 2.208200 -2.316246 16.346403
v 2.232987 -2.332808 16.346403
v 2.262224 -2.338624 16.346403
v 2.291462 -2.332808 16.346403
v 2.316248 -2.316246 16.346403
v 2.332810 -2.291460 16.346403
v 2.338626 -2.262222 16.346403
v 2.332810 -2.232984 16.346403
v 2.316249 -2.208197 16.346403
v 2.291462 -2.191636 16.346399
v 2.262224 -2.185820 16.346403
v 2.232986 -2.191636 16.346403
v 2.208200 -2.208198 16.346403
v 2.191638 -2.232984 16.346403
v 2.168813 -2.262222 16.339996
v 2.348525 -2.297969 16.339996
v 2.175924 -2.297969 16.339996
v 2.262224 -2.168811 16.339996
v 2.355635 -2.262222 16.339996
v 2.196173 -2.328273 16.339996
v 2.226477 -2.175921 16.339996
v 2.226477 -2.348522 16.339996
v 2.348524 -2.226475 16.339996
v 2.196172 -2.196171 16.339996
v 2.262224 -2.355633 16.339996
v 2.328276 -2.196170 16.339996
v 2.175924 -2.226475 16.339996
v 2.297971 -2.348522 16.339996
v 2.297971 -2.175921 16.339996
v 2.328276 -2.328273 16.339996
v 2.262224 -2.141082 15.387496
v 2.150305 -2.308580 15.387496
v 2.308582 -2.150303 15.387496
v 2.347883 -2.176563 15.387496
v 2.374143 -2.215864 15.387496
v 2.383365 -2.262222 15.387496
v 2.374143 -2.308580 15.387496
v 2.347883 -2.347881 15.387496
v 2.308582 -2.374141 15.387496
v 2.150305 -2.215864 15.387496
v 2.262224 -2.383362 15.387496
v 2.176565 -2.176563 15.387496
v 2.215866 -2.374141 15.387496
v 2.215866 -2.150303 15.387496
v 2.176565 -2.347881 15.387496
v 2.141084 -2.262222 15.387496
v 2.262224 -2.146669 15.396262
v 2.155467 -2.306442 15.396262
v 2.306444 -2.155465 15.396262
v 2.343933 -2.180513 15.396262
v 2.368981 -2.218002 15.396262
v 2.377777 -2.262222 15.396262
v 2.368981 -2.306442 15.396262
v 2.343932 -2.343930 15.396262
v 2.306444 -2.368979 15.396262
v 2.155467 -2.218002 15.396262
v 2.262224 -2.377775 15.396262
v 2.180516 -2.180514 15.396262
v 2.218004 -2.368979 15.396262
v 2.218004 -2.155465 15.396262
v 2.180516 -2.343930 15.396262
v 2.146671 -2.262222 15.396262
v 2.343873 -2.343870 15.355674
v 2.306412 -2.368901 15.355674
v 2.155545 -2.218034 15.355674
v 2.262224 -2.377690 15.355674
v 2.180576 -2.180574 15.355674
v 2.218036 -2.368901 15.355674
v 2.218036 -2.155543 15.355674
v 2.180576 -2.343870 15.355674
v 2.146756 -2.262222 15.355674
v 2.262224 -2.146754 15.355674
v 2.155545 -2.306410 15.355674
v 2.306412 -2.155543 15.355674
v 2.343873 -2.180573 15.355674
v 2.368902 -2.218034 15.355674
v 2.377692 -2.262222 15.355674
v 2.368903 -2.306410 15.355674
v 2.349061 -2.349058 15.365335
v 2.309219 -2.375679 15.365335
v 2.148767 -2.215226 15.365335
v 2.262224 -2.385027 15.365335
v 2.175388 -2.175385 15.365335
v 2.215228 -2.375679 15.365335
v 2.215228 -2.148764 15.365335
v 2.175388 -2.349058 15.365335
v 2.139418 -2.262222 15.365335
v 2.262224 -2.139416 15.365335
v 2.148767 -2.309218 15.365335
v 2.309219 -2.148764 15.365335
v 2.349061 -2.175385 15.365335
v 2.375681 -2.215226 15.365335
v 2.385030 -2.262222 15.365335
v 2.375682 -2.309218 15.365335
v 2.372926 -1.994964 16.025005
v 1.972948 -2.262222 16.025005
v 2.466774 -2.466771 16.025005
v 2.466775 -2.057671 16.025005
v 2.372926 -2.529479 16.025005
v 1.994967 -2.151520 16.025005
v 2.529481 -2.151520 16.025005
v 2.262225 -2.551498 16.025005
v 2.057674 -2.057673 16.025005
v 2.551501 -2.262221 16.025005
v 2.151523 -2.529479 16.025005
v 2.151522 -1.994964 16.025005
v 2.057675 -2.466771 16.025005
v 2.529481 -2.372923 16.025005
v 2.262224 -1.972945 16.025005
v 1.994967 -2.372924 16.025005
v 2.149564 -1.990237 16.095009
v 2.054057 -2.470389 16.095009
v 2.556618 -2.262221 16.095009
v 2.262224 -1.967828 16.095009
v 1.990240 -2.374882 16.095009
v 2.534209 -2.374882 16.095009
v 2.374883 -1.990237 16.095009
v 1.967830 -2.262222 16.095009
v 2.470393 -2.470389 16.095009
v 2.470393 -2.054053 16.095009
v 2.374884 -2.534207 16.095009
v 1.990240 -2.149562 16.095009
v 2.534209 -2.149562 16.095009
v 2.262225 -2.556615 16.095009
v 2.054056 -2.054055 16.095009
v 2.149564 -2.534207 16.095009
v 2.543830 -2.262221 16.115240
v 2.522393 -2.369987 16.115240
v 2.461350 -2.461346 16.115240
v 2.369990 -2.522392 16.115240
v 2.002055 -2.154456 16.115240
v 2.262225 -2.543827 16.115240
v 2.063099 -2.063097 16.115240
v 2.154458 -2.522392 16.115240
v 2.154458 -2.002052 16.115240
v 2.063100 -2.461346 16.115240
v 2.262224 -1.980616 16.115240
v 2.002055 -2.369988 16.115240
v 2.369989 -2.002052 16.115240
v 1.980619 -2.262222 16.115240
v 2.461350 -2.063096 16.115240
v 2.522394 -2.154456 16.115240
v 2.153677 -2.000166 16.075661
v 2.061656 -2.462790 16.075661
v 2.262224 -1.978575 16.075661
v 2.000169 -2.370769 16.075661
v 2.370771 -2.000166 16.075661
v 1.978577 -2.262222 16.075661
v 2.462793 -2.061652 16.075661
v 2.524280 -2.153674 16.075661
v 2.545871 -2.262221 16.075661
v 2.524280 -2.370769 16.075661
v 2.462793 -2.462790 16.075661
v 2.370771 -2.524278 16.075661
v 2.000169 -2.153675 16.075661
v 2.262225 -2.545868 16.075661
v 2.061656 -2.061654 16.075661
v 2.153677 -2.524278 16.075661
v 2.459274 -2.459270 16.045235
v 2.368866 -2.519679 16.045235
v 2.004768 -2.155580 16.045235
v 2.262225 -2.540890 16.045235
v 2.065176 -2.065174 16.045235
v 2.155582 -2.519679 16.045235
v 2.155582 -2.004765 16.045235
v 2.065176 -2.459270 16.045235
v 2.262224 -1.983553 16.045235
v 2.004768 -2.368864 16.045235
v 2.368866 -2.004765 16.045235
v 1.983555 -2.262222 16.045235
v 2.459273 -2.065172 16.045235
v 2.519681 -2.155580 16.045235
v 2.540894 -2.262221 16.045235
v 2.519681 -2.368864 16.045235
v 2.368887 -2.004714 16.005566
v 1.983500 -2.262222 16.005566
v 2.459313 -2.065133 16.005566
v 2.519732 -2.155558 16.005566
v 2.540949 -2.262221 16.005566
v 2.519732 -2.368885 16.005566
v 2.459313 -2.459309 16.005566
v 2.368888 -2.519730 16.005566
v 2.004717 -2.155559 16.005566
v 2.262225 -2.540946 16.005566
v 2.065137 -2.065135 16.005566
v 2.155561 -2.519730 16.005566
v 2.155560 -2.004714 16.005566
v 2.065137 -2.459309 16.005566
v 2.262224 -1.983497 16.005566
v 2.004717 -2.368886 16.005566
v 2.262224 -2.130313 15.422512
v 2.140357 -2.312701 15.422512
v 2.312703 -2.140354 15.422512
v 2.130316 -2.262222 15.422512
v 2.355498 -2.168948 15.422512
v 2.384092 -2.211743 15.422512
v 2.394133 -2.262222 15.422512
v 2.384091 -2.312701 15.422512
v 2.355498 -2.355495 15.422512
v 2.312703 -2.384089 15.422512
v 2.140356 -2.211743 15.422512
v 2.262224 -2.394130 15.422512
v 2.168951 -2.168949 15.422512
v 2.211745 -2.384089 15.422512
v 2.211745 -2.140354 15.422512
v 2.168951 -2.355495 15.422512
v 2.404398 -2.321112 15.462401
v 2.371039 -2.371037 15.462401
v 2.321114 -2.404396 15.462401
v 2.120050 -2.203331 15.462401
v 2.262224 -2.416110 15.462401
v 2.153409 -2.153407 15.462401
v 2.203334 -2.404396 15.462401
v 2.203334 -2.120048 15.462401
v 2.153409 -2.371037 15.462401
v 2.262224 -2.108334 15.462401
v 2.120050 -2.321112 15.462401
v 2.321114 -2.120048 15.462401
v 2.108336 -2.262222 15.462401
v 2.371040 -2.153406 15.462401
v 2.404398 -2.203331 15.462401
v 2.416112 -2.262222 15.462401
v 2.081077 -2.262222 15.781178
v 2.390316 -2.134130 15.781178
v 2.331547 -2.429580 15.781178
v 2.094866 -2.192900 15.781178
v 2.429583 -2.192899 15.781178
v 2.262224 -2.443369 15.781178
v 2.134134 -2.134132 15.781178
v 2.443372 -2.262221 15.781178
v 2.192902 -2.429580 15.781178
v 2.192902 -2.094863 15.781178
v 2.134134 -2.390312 15.781178
v 2.429583 -2.331544 15.781178
v 2.262224 -2.081074 15.781178
v 2.094866 -2.331544 15.781178
v 2.390316 -2.390312 15.781178
v 2.331546 -2.094863 15.781178
v 2.045035 -2.262222 15.890592
v 2.345340 -2.462879 15.890592
v 2.061568 -2.179107 15.890592
v 2.262225 -2.479411 15.890592
v 2.108648 -2.108646 15.890592
v 2.179109 -2.462879 15.890592
v 2.179109 -2.061564 15.890592
v 2.108648 -2.415798 15.890592
v 2.262224 -2.045032 15.890592
v 2.061567 -2.345337 15.890592
v 2.345339 -2.061564 15.890592
v 2.415801 -2.108645 15.890592
v 2.462881 -2.179107 15.890592
v 2.479414 -2.262221 15.890592
v 2.462881 -2.345336 15.890592
v 2.415801 -2.415798 15.890592
v 2.376348 -2.148098 15.671762
v 2.411333 -2.200459 15.671762
v 2.423619 -2.262221 15.671762
v 2.411333 -2.323985 15.671762
v 2.376347 -2.376344 15.671762
v 2.100829 -2.262222 15.671762
v 2.323987 -2.411331 15.671762
v 2.113115 -2.200459 15.671762
v 2.262224 -2.423616 15.671762
v 2.148101 -2.148099 15.671762
v 2.200461 -2.411331 15.671762
v 2.200461 -2.113113 15.671762
v 2.148102 -2.376344 15.671762
v 2.262224 -2.100827 15.671762
v 2.113115 -2.323985 15.671762
v 2.323987 -2.113113 15.671762
v -2.164739 2.497576 15.136486
v -2.262228 2.516968 15.136486
v -2.359716 2.497576 15.136486
v -2.442362 2.442354 15.136486
v -2.497585 2.359706 15.136486
v -2.516976 2.262218 15.136486
v -2.497585 2.164730 15.136486
v -2.442362 2.082083 15.136486
v -2.359714 2.026860 15.136486
v -2.262227 2.007470 15.136486
v -2.164738 2.026861 15.136486
v -2.082092 2.082085 15.136486
v -2.026870 2.164732 15.136486
v -2.007477 2.262219 15.136486
v -2.026870 2.359707 15.136486
v -2.082093 2.442354 15.136486
v -2.262227 2.262219 16.346399
v -2.323990 2.113110 15.671762
v -2.113118 2.323982 15.671762
v -2.262227 2.100824 15.671762
v -2.148105 2.376342 15.671762
v -2.200464 2.113110 15.671762
v -2.200464 2.411328 15.671762
v -2.148104 2.148096 15.671762
v -2.262227 2.423613 15.671762
v -2.113118 2.200456 15.671762
v -2.323990 2.411328 15.671762
v -2.100832 2.262219 15.671762
v -2.376351 2.376341 15.671762
v -2.411336 2.323982 15.671762
v -2.423621 2.262218 15.671762
v -2.411336 2.200456 15.671762
v -2.376351 2.148095 15.671762
v -2.415804 2.415795 15.890592
v -2.462884 2.345334 15.890592
v -2.479417 2.262218 15.890592
v -2.462884 2.179104 15.890592
v -2.415804 2.108642 15.890592
v -2.345342 2.061562 15.890592
v -2.061570 2.345334 15.890592
v -2.262227 2.045029 15.890592
v -2.108651 2.415795 15.890592
v -2.179112 2.061562 15.890592
v -2.179113 2.462876 15.890592
v -2.108650 2.108644 15.890592
v -2.262228 2.479408 15.890592
v -2.061570 2.179105 15.890592
v -2.345343 2.462876 15.890592
v -2.045038 2.262219 15.890592
v -2.331549 2.094860 15.781178
v -2.390318 2.390309 15.781178
v -2.094869 2.331541 15.781178
v -2.262227 2.081071 15.781178
v -2.429586 2.331540 15.781178
v -2.134137 2.390309 15.781178
v -2.192905 2.094860 15.781178
v -2.192906 2.429578 15.781178
v -2.443375 2.262218 15.781178
v -2.134136 2.134129 15.781178
v -2.262227 2.443367 15.781178
v -2.429586 2.192896 15.781178
v -2.094869 2.192897 15.781178
v -2.331550 2.429577 15.781178
v -2.390318 2.134128 15.781178
v -2.081080 2.262219 15.781178
v -2.416115 2.262218 15.462401
v -2.404401 2.203329 15.462401
v -2.371042 2.153403 15.462401
v -2.108339 2.262219 15.462401
v -2.321117 2.120045 15.462401
v -2.120053 2.321109 15.462401
v -2.262227 2.108331 15.462401
v -2.153412 2.371034 15.462401
v -2.203336 2.120045 15.462401
v -2.203337 2.404393 15.462401
v -2.153412 2.153404 15.462401
v -2.262227 2.416107 15.462401
v -2.120053 2.203329 15.462401
v -2.321118 2.404393 15.462401
v -2.371042 2.371034 15.462401
v -2.404401 2.321109 15.462401
v -2.168955 2.355492 15.422512
v -2.211747 2.140352 15.422512
v -2.211748 2.384086 15.422512
v -2.168954 2.168946 15.422512
v -2.262227 2.394127 15.422512
v -2.140359 2.211740 15.422512
v -2.312706 2.384086 15.422512
v -2.355501 2.355491 15.422512
v -2.384094 2.312698 15.422512
v -2.394136 2.262218 15.422512
v -2.384094 2.211739 15.422512
v -2.355501 2.168945 15.422512
v -2.130318 2.262219 15.422512
v -2.312706 2.140352 15.422512
v -2.140359 2.312698 15.422512
v -2.262227 2.130310 15.422512
v -2.004720 2.368883 16.005566
v -2.262227 1.983494 16.005566
v -2.065140 2.459307 16.005566
v -2.155563 2.004711 16.005566
v -2.155564 2.519727 16.005566
v -2.065139 2.065132 16.005566
v -2.262228 2.540943 16.005566
v -2.004719 2.155556 16.005566
v -2.368891 2.519727 16.005566
v -2.459316 2.459306 16.005566
v -2.519735 2.368882 16.005566
v -2.540952 2.262218 16.005566
v -2.519735 2.155555 16.005566
v -2.459316 2.065130 16.005566
v -1.983503 2.262219 16.005566
v -2.368890 2.004711 16.005566
v -2.519684 2.368860 16.045235
v -2.540896 2.262218 16.045235
v -2.519684 2.155576 16.045235
v -2.459276 2.065169 16.045235
v -1.983558 2.262219 16.045235
v -2.368868 2.004761 16.045235
v -2.004771 2.368861 16.045235
v -2.262227 1.983550 16.045235
v -2.065179 2.459268 16.045235
v -2.155584 2.004762 16.045235
v -2.155586 2.519676 16.045235
v -2.065178 2.065171 16.045235
v -2.262228 2.540888 16.045235
v -2.004771 2.155577 16.045235
v -2.368869 2.519676 16.045235
v -2.459277 2.459267 16.045235
v -2.153680 2.524275 16.075661
v -2.061658 2.061651 16.075661
v -2.262228 2.545866 16.075661
v -2.000172 2.153672 16.075661
v -2.370775 2.524275 16.075661
v -2.462796 2.462786 16.075661
v -2.524282 2.370765 16.075661
v -2.545874 2.262218 16.075661
v -2.524282 2.153671 16.075661
v -2.462796 2.061649 16.075661
v -1.978580 2.262219 16.075661
v -2.370774 2.000163 16.075661
v -2.000172 2.370767 16.075661
v -2.262227 1.978572 16.075661
v -2.061659 2.462787 16.075661
v -2.153679 2.000163 16.075661
v -2.522397 2.154452 16.115240
v -2.461353 2.063093 16.115240
v -1.980622 2.262219 16.115240
v -2.369992 2.002049 16.115240
v -2.002058 2.369985 16.115240
v -2.262226 1.980613 16.115240
v -2.063103 2.461344 16.115240
v -2.154461 2.002049 16.115240
v -2.154462 2.522389 16.115240
v -2.063102 2.063095 16.115240
v -2.262228 2.543824 16.115240
v -2.002058 2.154453 16.115240
v -2.369993 2.522388 16.115240
v -2.461354 2.461343 16.115240
v -2.522397 2.369984 16.115240
v -2.543833 2.262218 16.115240
v -2.149567 2.534204 16.095009
v -2.054059 2.054052 16.095009
v -2.262228 2.556612 16.095009
v -2.534212 2.149558 16.095009
v -1.990242 2.149560 16.095009
v -2.374887 2.534203 16.095009
v -2.470396 2.054049 16.095009
v -2.470396 2.470386 16.095009
v -1.967833 2.262219 16.095009
v -2.374886 1.990234 16.095009
v -2.534212 2.374878 16.095009
v -1.990243 2.374880 16.095009
v -2.262227 1.967825 16.095009
v -2.556621 2.262218 16.095009
v -2.054060 2.470387 16.095009
v -2.149566 1.990234 16.095009
v -1.994970 2.372921 16.025005
v -2.262227 1.972942 16.025005
v -2.529484 2.372920 16.025005
v -2.057678 2.466768 16.025005
v -2.151525 1.994962 16.025005
v -2.151526 2.529476 16.025005
v -2.551504 2.262218 16.025005
v -2.057677 2.057670 16.025005
v -2.262228 2.551495 16.025005
v -2.529484 2.151517 16.025005
v -1.994970 2.151518 16.025005
v -2.372929 2.529476 16.025005
v -2.466777 2.057668 16.025005
v -2.466777 2.466768 16.025005
v -1.972950 2.262219 16.025005
v -2.372928 1.994961 16.025005
v -2.375684 2.309214 15.365335
v -2.385033 2.262218 15.365335
v -2.375684 2.215223 15.365335
v -2.349064 2.175382 15.365335
v -2.309222 2.148761 15.365335
v -2.148770 2.309215 15.365335
v -2.262227 2.139413 15.365335
v -2.139421 2.262219 15.365335
v -2.175391 2.349055 15.365335
v -2.215231 2.148761 15.365335
v -2.215231 2.375677 15.365335
v -2.175391 2.175383 15.365335
v -2.262227 2.385025 15.365335
v -2.148769 2.215223 15.365335
v -2.309222 2.375677 15.365335
v -2.349063 2.349055 15.365335
v -2.368906 2.306406 15.355674
v -2.377695 2.262218 15.355674
v -2.368905 2.218031 15.355674
v -2.343876 2.180570 15.355674
v -2.306414 2.155540 15.355674
v -2.155548 2.306407 15.355674
v -2.262227 2.146751 15.355674
v -2.146759 2.262219 15.355674
v -2.180579 2.343867 15.355674
v -2.218039 2.155540 15.355674
v -2.218039 2.368898 15.355674
v -2.180578 2.180571 15.355674
v -2.262227 2.377687 15.355674
v -2.155548 2.218031 15.355674
v -2.306415 2.368898 15.355674
v -2.343876 2.343867 15.355674
v -2.146674 2.262219 15.396262
v -2.180519 2.343927 15.396262
v -2.218007 2.155462 15.396262
v -2.218007 2.368976 15.396262
v -2.180519 2.180511 15.396262
v -2.262227 2.377772 15.396262
v -2.155470 2.217999 15.396262
v -2.306448 2.368976 15.396262
v -2.343935 2.343927 15.396262
v -2.368984 2.306439 15.396262
v -2.377780 2.262218 15.396262
v -2.368984 2.217998 15.396262
v -2.343935 2.180511 15.396262
v -2.306447 2.155462 15.396262
v -2.155470 2.306439 15.396262
v -2.262227 2.146666 15.396262
v -2.141087 2.262219 15.387496
v -2.176569 2.347878 15.387496
v -2.215868 2.150300 15.387496
v -2.215868 2.374138 15.387496
v -2.176568 2.176560 15.387496
v -2.262227 2.383359 15.387496
v -2.150308 2.215861 15.387496
v -2.308585 2.374138 15.387496
v -2.347887 2.347877 15.387496
v -2.374146 2.308578 15.387496
v -2.383368 2.262218 15.387496
v -2.374146 2.215861 15.387496
v -2.347886 2.176559 15.387496
v -2.308585 2.150300 15.387496
v -2.150308 2.308578 15.387496
v -2.262226 2.141079 15.387496
v -2.328279 2.328270 16.339996
v -2.297974 2.175919 16.339996
v -2.297974 2.348519 16.339996
v -2.175927 2.226472 16.339996
v -2.328279 2.196167 16.339996
v -2.262227 2.355630 16.339996
v -2.196175 2.196168 16.339996
v -2.348527 2.226472 16.339996
v -2.226480 2.348519 16.339996
v -2.226480 2.175919 16.339996
v -2.196176 2.328270 16.339996
v -2.355638 2.262218 16.339996
v -2.262227 2.168808 16.339996
v -2.175927 2.297966 16.339996
v -2.348528 2.297965 16.339996
v -2.168816 2.262219 16.339996
v -2.191641 2.232981 16.346403
v -2.208203 2.208195 16.346403
v -2.232989 2.191633 16.346403
v -2.262227 2.185817 16.346403
v -2.291465 2.191633 16.346399
v -2.316252 2.208194 16.346403
v -2.332813 2.232981 16.346403
v -2.338629 2.262218 16.346403
v -2.332813 2.291457 16.346403
v -2.316251 2.316243 16.346403
v -2.291465 2.332805 16.346403
v -2.262227 2.338621 16.346403
v -2.232990 2.332805 16.346403
v -2.208203 2.316243 16.346403
v -2.191641 2.291457 16.346403
v -2.185826 2.262219 16.346403
v -2.168434 2.223368 16.329996
v -2.190441 2.190433 16.329996
v -2.223377 2.168426 16.329996
v -2.262227 2.160698 16.329996
v -2.301077 2.168426 16.329996
v -2.334013 2.190433 16.329996
v -2.356020 2.223368 16.329996
v -2.363748 2.262218 16.329996
v -2.356020 2.301069 16.329996
v -2.334013 2.334005 16.329996
v -2.301078 2.356012 16.329996
v -2.262227 2.363740 16.329996
v -2.223377 2.356012 16.329996
v -2.190441 2.334005 16.329996
v -2.168434 2.301069 16.329996
v -2.160706 2.262219 16.329996
v -2.168434 2.223368 16.299995
v -2.190441 2.190433 16.299995
v -2.223377 2.168426 16.299995
v -2.262227 2.160698 16.299995
v -2.301077 2.168426 16.299995
v -2.334013 2.190433 16.299995
v -2.356020 2.223368 16.299995
v -2.363748 2.262218 16.299995
v -2.356020 2.301069 16.299995
v -2.334013 2.334005 16.299995
v -2.301078 2.356012 16.299995
v -2.262227 2.363740 16.299995
v -2.223377 2.356012 16.299995
v -2.190441 2.334005 16.299995
v -2.168434 2.301069 16.299995
v -2.160706 2.262219 16.299995
v -2.013992 2.159397 16.120010
v -2.072236 2.072230 16.120010
v -2.159404 2.013984 16.120010
v -2.262227 1.993531 16.120010
v -2.365049 2.013984 16.120010
v -2.452219 2.072227 16.120010
v -2.510462 2.159396 16.120010
v -2.530915 2.262218 16.120010
v -2.510462 2.365041 16.120010
v -2.452219 2.452209 16.120010
v -2.365050 2.510453 16.120010
v -2.262228 2.530906 16.120010
v -2.159405 2.510454 16.120010
v -2.072237 2.452210 16.120010
v -2.013992 2.365042 16.120010
v -1.993540 2.262219 16.120010
v -2.013992 2.159397 16.070007
v -2.072236 2.072230 16.070007
v -2.159404 2.013984 16.070007
v -2.262227 1.993531 16.070007
v -2.365049 2.013984 16.070007
v -2.452219 2.072227 16.070007
v -2.510462 2.159396 16.070007
v -2.530915 2.262218 16.070007
v -2.510462 2.365041 16.070007
v -2.452219 2.452209 16.070007
v -2.365050 2.510453 16.070007
v -2.262228 2.530906 16.070007
v -2.159405 2.510454 16.070007
v -2.072237 2.452210 16.070007
v -2.013992 2.365042 16.070007
v -1.993540 2.262219 16.070007
v -2.013992 2.159397 16.050003
v -2.072236 2.072230 16.050003
v -2.159404 2.013984 16.050003
v -2.262227 1.993531 16.050003
v -2.365049 2.013984 16.050003
v -2.452219 2.072227 16.050003
v -2.510462 2.159396 16.050003
v -2.530915 2.262218 16.050003
v -2.510462 2.365041 16.050003
v -2.452219 2.452209 16.050003
v -2.365050 2.510453 16.050003
v -2.262228 2.530906 16.050003
v -2.159405 2.510454 16.050003
v -2.072237 2.452210 16.050003
v -2.013992 2.365042 16.050003
v -1.993540 2.262219 16.050003
v -2.013992 2.159397 16.000006
v -2.072236 2.072230 16.000006
v -2.159404 2.013984 16.000006
v -2.262227 1.993531 16.000006
v -2.365049 2.013984 16.000006
v -2.452219 2.072227 16.000006
v -2.510462 2.159396 16.000006
v -2.530915 2.262218 16.000006
v -2.510462 2.365041 16.000006
v -2.452219 2.452209 16.000006
v -2.365050 2.510453 16.000006
v -2.262228 2.530906 16.000006
v -2.159405 2.510454 16.000006
v -2.072237 2.452210 16.000006
v -2.013992 2.365042 16.000006
v -1.993540 2.262219 16.000006
v -2.116207 2.201736 15.562347
v -2.150468 2.150460 15.562347
v -2.201742 2.116198 15.562347
v -2.262227 2.104167 15.562347
v -2.322710 2.116198 15.562347
v -2.373987 2.150459 15.562347
v -2.408248 2.201735 15.562347
v -2.420279 2.262218 15.562347
v -2.408247 2.322702 15.562347
v -2.373987 2.373977 15.562347
v -2.322711 2.408240 15.562347
v -2.262228 2.420270 15.562347
v -2.201744 2.408240 15.562347
v -2.150469 2.373978 15.562347
v -2.116206 2.322703 15.562347
v -2.104176 2.262219 15.562347
v -2.099982 2.195015 15.550000
v -2.138050 2.138043 15.550000
v -2.195022 2.099974 15.550000
v -2.262227 2.086606 15.550000
v -2.329430 2.099973 15.550000
v -2.386405 2.138041 15.550000
v -2.424472 2.195014 15.550000
v -2.437840 2.262218 15.550000
v -2.424472 2.329422 15.550000
v -2.386405 2.386395 15.550000
v -2.329432 2.424464 15.550000
v -2.262227 2.437831 15.550000
v -2.195024 2.424464 15.550000
v -2.138051 2.386395 15.550000
v -2.099982 2.329423 15.550000
v -2.086614 2.262219 15.550000
v -2.099982 2.195015 15.500001
v -2.138050 2.138043 15.500001
v -2.195022 2.099974 15.500001
v -2.262227 2.086606 15.500001
v -2.329430 2.099973 15.500001
v -2.386405 2.138041 15.500001
v -2.424472 2.195014 15.500001
v -2.437840 2.262218 15.500001
v -2.424472 2.329422 15.500001
v -2.386405 2.386395 15.500001
v -2.329432 2.424464 15.500001
v -2.262227 2.437831 15.500001
v -2.195024 2.424464 15.500001
v -2.138051 2.386395 15.500001
v -2.099982 2.329423 15.500001
v -2.086614 2.262219 15.500001
v -2.114732 2.201125 15.490059
v -2.149339 2.149331 15.490059
v -2.201132 2.114723 15.490059
v -2.262227 2.102571 15.490059
v -2.323321 2.114723 15.490059
v -2.375116 2.149330 15.490059
v -2.409723 2.201124 15.490059
v -2.421875 2.262218 15.490059
v -2.409722 2.323313 15.490059
v -2.375116 2.375106 15.490059
v -2.323322 2.409714 15.490059
v -2.262228 2.421867 15.490059
v -2.201133 2.409714 15.490059
v -2.149340 2.375107 15.490059
v -2.114732 2.323314 15.490059
v -2.102579 2.262219 15.490059
v -2.163897 2.221489 15.399996
v -2.186968 2.186960 15.399996
v -2.221497 2.163889 15.399996
v -2.262227 2.155787 15.399996
v -2.302956 2.163889 15.399996
v -2.337486 2.186960 15.399996
v -2.360557 2.221489 15.399996
v -2.368659 2.262218 15.399996
v -2.360557 2.302948 15.399996
v -2.337487 2.337477 15.399996
v -2.302957 2.360549 15.399996
v -2.262228 2.368651 15.399996
v -2.221497 2.360549 15.399996
v -2.186969 2.337477 15.399996
v -2.163897 2.302949 15.399996
v -2.155795 2.262219 15.399996
v -2.145011 2.262219 15.304995
v -2.262227 2.379434 15.304995
v -2.153934 2.217363 15.304995
v -2.307084 2.370512 15.304995
v -2.345112 2.345102 15.304995
v -2.370520 2.307075 15.304995
v -2.379442 2.262218 15.304995
v -2.370520 2.217362 15.304995
v -2.345111 2.179334 15.304995
v -2.307083 2.153926 15.304995
v -2.153934 2.307075 15.304995
v -2.262227 2.145003 15.304995
v -2.179344 2.345103 15.304995
v -2.217371 2.153926 15.304995
v -2.217371 2.370512 15.304995
v -2.179343 2.179335 15.304995
v -2.418864 2.197337 15.214991
v -2.382113 2.142334 15.214991
v -2.327107 2.105582 15.214991
v -2.105590 2.327100 15.214991
v -2.262226 2.092676 15.214991
v -2.142342 2.382104 15.214991
v -2.197345 2.105582 15.214991
v -2.197346 2.418856 15.214991
v -2.142342 2.142334 15.214991
v -2.092684 2.262219 15.214991
v -2.262228 2.431762 15.214991
v -2.105590 2.197338 15.214991
v -2.327108 2.418856 15.214991
v -2.382112 2.382104 15.214991
v -2.418864 2.327100 15.214991
v -2.431770 2.262218 15.214991
v -2.124589 2.262219 15.259992
v -2.389387 2.209547 15.259992
v -2.262227 2.399856 15.259992
v -2.359552 2.164894 15.259992
v -2.135067 2.209548 15.259992
v -2.314898 2.389380 15.259992
v -2.314898 2.135058 15.259992
v -2.359552 2.359543 15.259992
v -2.135067 2.314890 15.259992
v -2.262227 2.124581 15.259992
v -2.389387 2.314890 15.259992
v -2.164903 2.359543 15.259992
v -2.209555 2.135058 15.259992
v -2.209555 2.389380 15.259992
v -2.399864 2.262218 15.259992
v -2.164902 2.164895 15.259992
v -2.163897 2.221489 15.349997
v -2.186968 2.186960 15.349997
v -2.221497 2.163889 15.349997
v -2.262227 2.155787 15.349997
v -2.302956 2.163889 15.349997
v -2.337486 2.186960 15.349997
v -2.360557 2.221489 15.349997
v -2.368659 2.262218 15.349997
v -2.360557 2.302948 15.349997
v -2.337487 2.337477 15.349997
v -2.302957 2.360549 15.349997
v -2.262228 2.368651 15.349997
v -2.221497 2.360549 15.349997
v -2.186969 2.337477 15.349997
v -2.163897 2.302949 15.349997
v -2.155795 2.262219 15.349997
v -2.489931 2.356536 15.152491
v -2.508692 2.262218 15.152491
v -2.489931 2.167900 15.152491
v -2.436504 2.087941 15.152491
v -2.015761 2.262219 15.152491
v -2.356544 2.034514 15.152491
v -2.034523 2.356538 15.152491
v -2.262227 2.015754 15.152491
v -2.087950 2.436496 15.152491
v -2.167908 2.034515 15.152491
v -2.167909 2.489923 15.152491
v -2.087950 2.087942 15.152491
v -2.262228 2.508684 15.152491
v -2.034523 2.167902 15.152491
v -2.356545 2.489923 15.152491
v -2.436504 2.436495 15.152491
v -2.025408 2.360313 15.120482
v -2.262227 2.005888 15.120482
v -2.080974 2.443473 15.120482
v -2.164133 2.025400 15.120482
v -2.164134 2.499038 15.120482
v -2.080973 2.080966 15.120482
v -2.262228 2.518549 15.120482
v -2.025409 2.164126 15.120482
v -2.360321 2.499037 15.120482
v -2.443481 2.443472 15.120482
v -2.499046 2.360311 15.120482
v -2.518558 2.262218 15.120482
v -2.499046 2.164124 15.120482
v -2.443480 2.080965 15.120482
v -2.005896 2.262219 15.120482
v -2.360320 2.025400 15.120482
v -2.065566 2.180760 15.169989
v -2.111709 2.111702 15.169989
v -2.180768 2.065558 15.169989
v -2.262227 2.049355 15.169989
v -2.343686 2.065558 15.169989
v -2.412744 2.111701 15.169989
v -2.458887 2.180759 15.169989
v -2.475091 2.262218 15.169989
v -2.458888 2.343678 15.169989
v -2.412745 2.412736 15.169989
v -2.343687 2.458879 15.169989
v -2.262228 2.475083 15.169989
v -2.180768 2.458879 15.169989
v -2.111710 2.412737 15.169989
v -2.065567 2.343678 15.169989
v -2.049363 2.262219 15.169989
v -2.031257 2.166549 15.099994
v -2.085449 2.085443 15.099994
v -2.166556 2.031249 15.099994
v -2.262226 2.012219 15.099994
v -2.357897 2.031248 15.099994
v -2.439004 2.085441 15.099994
v -2.493197 2.166547 15.099994
v -2.512227 2.262218 15.099994
v -2.493197 2.357889 15.099994
v -2.439004 2.438995 15.099994
v -2.357898 2.493188 15.099994
v -2.262228 2.512219 15.099994
v -2.166557 2.493189 15.099994
v -2.085451 2.438995 15.099994
v -2.031257 2.357890 15.099994
v -2.012227 2.262219 15.099994
v -2.031257 2.166549 14.880000
v -2.085449 2.085443 14.880000
v -2.166556 2.031249 14.880000
v -2.262226 2.012219 14.880000
v -2.357897 2.031248 14.880000
v -2.439004 2.085441 14.880000
v -2.493197 2.166547 14.880000
v -2.512227 2.262218 14.880000
v -2.493197 2.357889 14.880000
v -2.439004 2.438995 14.880000
v -2.357898 2.493188 14.880000
v -2.262228 2.512219 14.880000
v -2.166557 2.493189 14.880000
v -2.085451 2.438995 14.880000
v -2.031257 2.357890 14.880000
v -2.012227 2.262219 14.880000
v 2.262224 -2.262222 16.346399
v 2.082090 -2.442357 15.136486
v 2.026866 -2.359710 15.136486
v 2.007474 -2.262222 15.136486
v 2.026867 -2.164734 15.136486
v 2.082090 -2.082087 15.136486
v 2.164736 -2.026864 15.136486
v 2.262224 -2.007473 15.136486
v 2.359712 -2.026864 15.136486
v 2.442359 -2.082086 15.136486
v 2.497582 -2.164733 15.136486
v 2.516973 -2.262221 15.136486
v 2.497582 -2.359710 15.136486
v 2.442359 -2.442357 15.136486
v 2.359712 -2.497579 15.136486
v 2.262224 -2.516971 15.136486
v 2.164736 -2.497579 15.136486
v 2.262221 2.012226 14.880000
v 2.357892 2.031256 14.880000
v 2.438997 2.085449 14.880000
v 2.493190 2.166555 14.880000
v 2.512220 2.262226 14.880000
v 2.493190 2.357897 14.880000
v 2.438996 2.439003 14.880000
v 2.357890 2.493196 14.880000
v 2.262220 2.512226 14.880000
v 2.166549 2.493196 14.880000
v 2.085443 2.439003 14.880000
v 2.031250 2.357896 14.880000
v 2.012220 2.262225 14.880000
v 2.031250 2.166554 14.880000
v 2.085444 2.085449 14.880000
v 2.166550 2.031256 14.880000
v 2.262221 2.012226 15.099994
v 2.357892 2.031256 15.099994
v 2.438997 2.085449 15.099994
v 2.493190 2.166555 15.099994
v 2.512220 2.262226 15.099994
v 2.493190 2.357897 15.099994
v 2.438996 2.439003 15.099994
v 2.357890 2.493196 15.099994
v 2.262220 2.512226 15.099994
v 2.166549 2.493196 15.099994
v 2.085443 2.439003 15.099994
v 2.031250 2.357896 15.099994
v 2.012220 2.262225 15.099994
v 2.031250 2.166554 15.099994
v 2.085444 2.085449 15.099994
v 2.166550 2.031256 15.099994
v 2.262221 2.049362 15.169989
v 2.343680 2.065565 15.169989
v 2.412738 2.111708 15.169989
v 2.458881 2.180766 15.169989
v 2.475084 2.262226 15.169989
v 2.458881 2.343685 15.169989
v 2.412738 2.412743 15.169989
v 2.343679 2.458886 15.169989
v 2.262220 2.475090 15.169989
v 2.180760 2.458886 15.169989
v 2.111703 2.412743 15.169989
v 2.065560 2.343685 15.169989
v 2.049356 2.262225 15.169989
v 2.065560 2.180766 15.169989
v 2.111703 2.111708 15.169989
v 2.180761 2.065565 15.169989
v 2.025402 2.360318 15.120482
v 2.262221 2.005894 15.120482
v 2.080966 2.443480 15.120482
v 2.164126 2.499044 15.120482
v 2.262220 2.518556 15.120482
v 2.360313 2.499044 15.120482
v 2.443473 2.443480 15.120482
v 2.499039 2.360319 15.120482
v 2.164128 2.025407 15.120482
v 2.518550 2.262226 15.120482
v 2.080967 2.080972 15.120482
v 2.499039 2.164132 15.120482
v 2.025402 2.164131 15.120482
v 2.443474 2.080972 15.120482
v 2.005889 2.262225 15.120482
v 2.360314 2.025407 15.120482
v 2.436497 2.436503 15.152491
v 2.489924 2.356544 15.152491
v 2.167903 2.034522 15.152491
v 2.508685 2.262226 15.152491
v 2.087944 2.087949 15.152491
v 2.489924 2.167908 15.152491
v 2.034516 2.167907 15.152491
v 2.436497 2.087949 15.152491
v 2.015755 2.262225 15.152491
v 2.356539 2.034521 15.152491
v 2.034516 2.356543 15.152491
v 2.262221 2.015760 15.152491
v 2.087943 2.436503 15.152491
v 2.167902 2.489930 15.152491
v 2.262220 2.508691 15.152491
v 2.356538 2.489929 15.152491
v 2.262220 2.155794 15.349997
v 2.302950 2.163895 15.349997
v 2.337479 2.186967 15.349997
v 2.360551 2.221495 15.349997
v 2.368652 2.262226 15.349997
v 2.360551 2.302955 15.349997
v 2.337479 2.337485 15.349997
v 2.302950 2.360556 15.349997
v 2.262220 2.368658 15.349997
v 2.221491 2.360555 15.349997
v 2.186961 2.337485 15.349997
v 2.163890 2.302955 15.349997
v 2.155788 2.262226 15.349997
v 2.163890 2.221496 15.349997
v 2.186962 2.186967 15.349997
v 2.221491 2.163895 15.349997
v 2.164896 2.164901 15.259992
v 2.262220 2.399863 15.259992
v 2.389381 2.209554 15.259992
v 2.135060 2.209554 15.259992
v 2.359545 2.164901 15.259992
v 2.314892 2.389386 15.259992
v 2.124583 2.262226 15.259992
v 2.314892 2.135065 15.259992
v 2.359545 2.359550 15.259992
v 2.135060 2.314897 15.259992
v 2.389381 2.314897 15.259992
v 2.209549 2.135065 15.259992
v 2.164896 2.359550 15.259992
v 2.399858 2.262225 15.259992
v 2.209549 2.389386 15.259992
v 2.262220 2.124588 15.259992
v 2.262220 2.431768 15.214991
v 2.327101 2.418863 15.214991
v 2.382105 2.382111 15.214991
v 2.418858 2.327106 15.214991
v 2.197339 2.105588 15.214991
v 2.431763 2.262226 15.214991
v 2.262220 2.092683 15.214991
v 2.142335 2.142341 15.214991
v 2.418858 2.197344 15.214991
v 2.105583 2.197344 15.214991
v 2.382105 2.142341 15.214991
v 2.092677 2.262225 15.214991
v 2.327102 2.105588 15.214991
v 2.105583 2.327106 15.214991
v 2.142335 2.382111 15.214991
v 2.197339 2.418863 15.214991
v 2.179337 2.179342 15.304995
v 2.370514 2.217369 15.304995
v 2.153927 2.217369 15.304995
v 2.345104 2.179342 15.304995
v 2.145005 2.262225 15.304995
v 2.307077 2.153932 15.304995
v 2.153927 2.307081 15.304995
v 2.179336 2.345110 15.304995
v 2.217364 2.370519 15.304995
v 2.262220 2.379441 15.304995
v 2.307077 2.370519 15.304995
v 2.345104 2.345110 15.304995
v 2.370514 2.307082 15.304995
v 2.217364 2.153932 15.304995
v 2.379436 2.262225 15.304995
v 2.262220 2.145010 15.304995
v 2.262220 2.155794 15.399996
v 2.302950 2.163895 15.399996
v 2.337479 2.186967 15.399996
v 2.360551 2.221495 15.399996
v 2.368652 2.262226 15.399996
v 2.360551 2.302955 15.399996
v 2.337479 2.337485 15.399996
v 2.302950 2.360556 15.399996
v 2.262220 2.368658 15.399996
v 2.221491 2.360555 15.399996
v 2.186961 2.337485 15.399996
v 2.163890 2.302955 15.399996
v 2.155788 2.262226 15.399996
v 2.163890 2.221496 15.399996
v 2.186962 2.186967 15.399996
v 2.221491 2.163895 15.399996
v 2.262220 2.102578 15.490059
v 2.323315 2.114730 15.490059
v 2.375108 2.149338 15.490059
v 2.409716 2.201131 15.490059
v 2.421868 2.262226 15.490059
v 2.409716 2.323320 15.490059
v 2.375108 2.375114 15.490059
v 2.323315 2.409721 15.490059
v 2.262220 2.421874 15.490059
v 2.201126 2.409721 15.490059
v 2.149332 2.375114 15.490059
v 2.114725 2.323320 15.490059
v 2.102572 2.262226 15.490059
v 2.114725 2.201131 15.490059
v 2.149333 2.149338 15.490059
v 2.201126 2.114731 15.490059
v 2.262220 2.086612 15.500001
v 2.329424 2.099981 15.500001
v 2.386397 2.138049 15.500001
v 2.424465 2.195022 15.500001
v 2.437833 2.262226 15.500001
v 2.424465 2.329430 15.500001
v 2.386397 2.386403 15.500001
v 2.329424 2.424470 15.500001
v 2.262220 2.437839 15.500001
v 2.195016 2.424470 15.500001
v 2.138043 2.386403 15.500001
v 2.099975 2.329429 15.500001
v 2.086608 2.262226 15.500001
v 2.099975 2.195021 15.500001
v 2.138044 2.138049 15.500001
v 2.195016 2.099981 15.500001
v 2.262220 2.086612 15.550000
v 2.329424 2.099981 15.550000
v 2.386397 2.138049 15.550000
v 2.424465 2.195022 15.550000
v 2.437833 2.262226 15.550000
v 2.424465 2.329430 15.550000
v 2.386397 2.386403 15.550000
v 2.329424 2.424470 15.550000
v 2.262220 2.437839 15.550000
v 2.195016 2.424470 15.550000
v 2.138043 2.386403 15.550000
v 2.099975 2.329429 15.550000
v 2.086608 2.262226 15.550000
v 2.099975 2.195021 15.550000
v 2.138044 2.138049 15.550000
v 2.195016 2.099981 15.550000
v 2.262220 2.104174 15.562347
v 2.322704 2.116205 15.562347
v 2.373979 2.150467 15.562347
v 2.408241 2.201742 15.562347
v 2.420272 2.262226 15.562347
v 2.408241 2.322709 15.562347
v 2.373979 2.373985 15.562347
v 2.322704 2.408246 15.562347
v 2.262220 2.420277 15.562347
v 2.201737 2.408246 15.562347
v 2.150461 2.373985 15.562347
v 2.116200 2.322709 15.562347
v 2.104169 2.262226 15.562347
v 2.116200 2.201741 15.562347
v 2.150462 2.150466 15.562347
v 2.201737 2.116205 15.562347
v 2.262220 1.993539 16.000006
v 2.365043 2.013991 16.000006
v 2.452211 2.072235 16.000006
v 2.510455 2.159403 16.000006
v 2.530907 2.262226 16.000006
v 2.510455 2.365048 16.000006
v 2.452210 2.452218 16.000006
v 2.365042 2.510461 16.000006
v 2.262219 2.530914 16.000006
v 2.159398 2.510461 16.000006
v 2.072228 2.452217 16.000006
v 2.013985 2.365047 16.000006
v 1.993533 2.262226 16.000006
v 2.013985 2.159403 16.000006
v 2.072231 2.072235 16.000006
v 2.159399 2.013991 16.000006
v 2.262220 1.993539 16.050003
v 2.365043 2.013991 16.050003
v 2.452211 2.072235 16.050003
v 2.510455 2.159403 16.050003
v 2.530907 2.262226 16.050003
v 2.510455 2.365048 16.050003
v 2.452210 2.452218 16.050003
v 2.365042 2.510461 16.050003
v 2.262219 2.530914 16.050003
v 2.159398 2.510461 16.050003
v 2.072228 2.452217 16.050003
v 2.013985 2.365047 16.050003
v 1.993533 2.262226 16.050003
v 2.013985 2.159403 16.050003
v 2.072231 2.072235 16.050003
v 2.159399 2.013991 16.050003
v 2.262220 1.993539 16.070007
v 2.365043 2.013991 16.070007
v 2.452211 2.072235 16.070007
v 2.510455 2.159403 16.070007
v 2.530907 2.262226 16.070007
v 2.510455 2.365048 16.070007
v 2.452210 2.452218 16.070007
v 2.365042 2.510461 16.070007
v 2.262219 2.530914 16.070007
v 2.159398 2.510461 16.070007
v 2.072228 2.452217 16.070007
v 2.013985 2.365047 16.070007
v 1.993533 2.262226 16.070007
v 2.013985 2.159403 16.070007
v 2.072231 2.072235 16.070007
v 2.159399 2.013991 16.070007
v 2.262220 1.993539 16.120010
v 2.365043 2.013991 16.120010
v 2.452211 2.072235 16.120010
v 2.510455 2.159403 16.120010
v 2.530907 2.262226 16.120010
v 2.510455 2.365048 16.120010
v 2.452210 2.452218 16.120010
v 2.365042 2.510461 16.120010
v 2.262219 2.530914 16.120010
v 2.159398 2.510461 16.120010
v 2.072228 2.452217 16.120010
v 2.013985 2.365047 16.120010
v 1.993533 2.262226 16.120010
v 2.013985 2.159403 16.120010
v 2.072231 2.072235 16.120010
v 2.159399 2.013991 16.120010
v 2.262220 2.160705 16.299995
v 2.301071 2.168433 16.299995
v 2.334006 2.190440 16.299995
v 2.356014 2.223375 16.299995
v 2.363741 2.262225 16.299995
v 2.356014 2.301076 16.299995
v 2.334006 2.334012 16.299995
v 2.301071 2.356019 16.299995
v 2.262220 2.363746 16.299995
v 2.223370 2.356019 16.299995
v 2.190434 2.334012 16.299995
v 2.168427 2.301076 16.299995
v 2.160700 2.262226 16.299995
v 2.168427 2.223375 16.299995
v 2.190434 2.190440 16.299995
v 2.223370 2.168432 16.299995
v 2.262220 2.160705 16.329996
v 2.301071 2.168433 16.329996
v 2.334006 2.190440 16.329996
v 2.356014 2.223375 16.329996
v 2.363741 2.262225 16.329996
v 2.356014 2.301076 16.329996
v 2.334006 2.334012 16.329996
v 2.301071 2.356019 16.329996
v 2.262220 2.363746 16.329996
v 2.223370 2.356019 16.329996
v 2.190434 2.334012 16.329996
v 2.168427 2.301076 16.329996
v 2.160700 2.262226 16.329996
v 2.168427 2.223375 16.329996
v 2.190434 2.190440 16.329996
v 2.223370 2.168432 16.329996
v 2.262220 2.185824 16.346403
v 2.291458 2.191640 16.346403
v 2.316245 2.208201 16.346403
v 2.332806 2.232988 16.346403
v 2.338622 2.262226 16.346403
v 2.332806 2.291463 16.346403
v 2.316245 2.316250 16.346403
v 2.291458 2.332812 16.346403
v 2.262220 2.338628 16.346403
v 2.232983 2.332812 16.346403
v 2.208196 2.316250 16.346403
v 2.191634 2.291463 16.346399
v 2.185818 2.262226 16.346403
v 2.191634 2.232988 16.346403
v 2.208196 2.208201 16.346403
v 2.232983 2.191640 16.346403
v 2.262220 2.168815 16.339996
v 2.297967 2.348526 16.339996
v 2.297967 2.175925 16.339996
v 2.168809 2.262226 16.339996
v 2.262220 2.355637 16.339996
v 2.328272 2.196174 16.339996
v 2.175920 2.226479 16.339996
v 2.348521 2.226479 16.339996
v 2.226474 2.348526 16.339996
v 2.196169 2.196174 16.339996
v 2.355631 2.262226 16.339996
v 2.196168 2.328277 16.339996
v 2.226474 2.175925 16.339996
v 2.348521 2.297972 16.339996
v 2.175920 2.297972 16.339996
v 2.328272 2.328277 16.339996
v 2.141080 2.262225 15.387496
v 2.308579 2.150307 15.387496
v 2.150301 2.308583 15.387496
v 2.176561 2.347885 15.387496
v 2.215862 2.374144 15.387496
v 2.262220 2.383366 15.387496
v 2.308579 2.374145 15.387496
v 2.347879 2.347885 15.387496
v 2.374139 2.308583 15.387496
v 2.215862 2.150307 15.387496
v 2.383360 2.262226 15.387496
v 2.176562 2.176566 15.387496
v 2.374139 2.215867 15.387496
v 2.150301 2.215867 15.387496
v 2.347879 2.176567 15.387496
v 2.262220 2.141085 15.387496
v 2.146667 2.262226 15.396262
v 2.306441 2.155469 15.396262
v 2.155463 2.306445 15.396262
v 2.180512 2.343934 15.396262
v 2.218000 2.368982 15.396262
v 2.262220 2.377779 15.396262
v 2.306441 2.368983 15.396262
v 2.343928 2.343934 15.396262
v 2.368977 2.306446 15.396262
v 2.218000 2.155469 15.396262
v 2.377773 2.262226 15.396262
v 2.180512 2.180518 15.396262
v 2.368977 2.218005 15.396262
v 2.155463 2.218005 15.396262
v 2.343928 2.180518 15.396262
v 2.262220 2.146672 15.396262
v 2.343868 2.343874 15.355674
v 2.368899 2.306413 15.355674
v 2.218033 2.155547 15.355674
v 2.377688 2.262226 15.355674
v 2.180572 2.180577 15.355674
v 2.368899 2.218037 15.355674
v 2.155542 2.218038 15.355674
v 2.343868 2.180578 15.355674
v 2.262220 2.146757 15.355674
v 2.146752 2.262226 15.355674
v 2.306408 2.155547 15.355674
v 2.155542 2.306413 15.355674
v 2.180572 2.343874 15.355674
v 2.218033 2.368904 15.355674
v 2.262220 2.377694 15.355674
v 2.306408 2.368904 15.355674
v 2.349057 2.349062 15.365335
v 2.375678 2.309221 15.365335
v 2.215225 2.148768 15.365335
v 2.385026 2.262226 15.365335
v 2.175384 2.175389 15.365335
v 2.375678 2.215230 15.365335
v 2.148763 2.215230 15.365335
v 2.349057 2.175389 15.365335
v 2.262220 2.139420 15.365335
v 2.139415 2.262226 15.365335
v 2.309216 2.148768 15.365335
v 2.148763 2.309221 15.365335
v 2.175384 2.349062 15.365335
v 2.215225 2.375683 15.365335
v 2.262220 2.385031 15.365335
v 2.309216 2.375683 15.365335
v 1.994963 2.372927 16.025005
v 2.262220 1.972949 16.025005
v 2.466769 2.466776 16.025005
v 2.057669 2.466776 16.025005
v 2.529478 2.372928 16.025005
v 2.151519 1.994969 16.025005
v 2.151518 2.529483 16.025005
v 2.551497 2.262226 16.025005
v 2.057672 2.057676 16.025005
v 2.262219 2.551502 16.025005
v 2.529478 2.151525 16.025005
v 1.994963 2.151524 16.025005
v 2.466770 2.057676 16.025005
v 2.372921 2.529483 16.025005
v 1.972943 2.262226 16.025005
v 2.372922 1.994969 16.025005
v 1.990236 2.149565 16.095009
v 2.470388 2.054058 16.095009
v 2.262219 2.556620 16.095009
v 1.967826 2.262225 16.095009
v 2.374881 1.990242 16.095009
v 2.374880 2.534210 16.095009
v 1.990235 2.374885 16.095009
v 2.262220 1.967831 16.095009
v 2.470387 2.470395 16.095009
v 2.054051 2.470395 16.095009
v 2.534205 2.374885 16.095009
v 2.149561 1.990241 16.095009
v 2.149560 2.534210 16.095009
v 2.556614 2.262227 16.095009
v 2.054053 2.054058 16.095009
v 2.534205 2.149565 16.095009
v 2.262219 2.543831 16.115240
v 2.369986 2.522395 16.115240
v 2.461344 2.461352 16.115240
v 2.522390 2.369992 16.115240
v 2.154455 2.002056 16.115240
v 2.543825 2.262226 16.115240
v 2.063096 2.063101 16.115240
v 2.522390 2.154460 16.115240
v 2.002050 2.154459 16.115240
v 2.461345 2.063101 16.115240
v 1.980615 2.262225 16.115240
v 2.369987 2.002057 16.115240
v 2.002050 2.369991 16.115240
v 2.262220 1.980620 16.115240
v 2.063094 2.461352 16.115240
v 2.154454 2.522396 16.115240
v 2.000165 2.153678 16.075661
v 2.462789 2.061657 16.075661
v 1.978573 2.262225 16.075661
v 2.370768 2.000170 16.075661
v 2.000165 2.370772 16.075661
v 2.262220 1.978578 16.075661
v 2.061650 2.462795 16.075661
v 2.153673 2.524281 16.075661
v 2.262219 2.545873 16.075661
v 2.370767 2.524281 16.075661
v 2.462788 2.462795 16.075661
v 2.524276 2.370773 16.075661
v 2.153674 2.000170 16.075661
v 2.545867 2.262227 16.075661
v 2.061653 2.061657 16.075661
v 2.524276 2.153679 16.075661
v 2.459268 2.459275 16.045235
v 2.519677 2.368867 16.045235
v 2.155579 2.004769 16.045235
v 2.540889 2.262226 16.045235
v 2.065173 2.065177 16.045235
v 2.519677 2.155584 16.045235
v 2.004763 2.155583 16.045235
v 2.459269 2.065177 16.045235
v 1.983551 2.262226 16.045235
v 2.368863 2.004769 16.045235
v 2.004763 2.368867 16.045235
v 2.262220 1.983557 16.045235
v 2.065170 2.459275 16.045235
v 2.155578 2.519682 16.045235
v 2.262219 2.540895 16.045235
v 2.368862 2.519682 16.045235
v 2.004712 2.368888 16.005566
v 2.262220 1.983501 16.005566
v 2.065131 2.459315 16.005566
v 2.155556 2.519734 16.005566
v 2.262219 2.540950 16.005566
v 2.368883 2.519733 16.005566
v 2.459307 2.459315 16.005566
v 2.519728 2.368890 16.005566
v 2.155557 2.004718 16.005566
v 2.540944 2.262226 16.005566
v 2.065133 2.065138 16.005566
v 2.519728 2.155562 16.005566
v 2.004712 2.155562 16.005566
v 2.459308 2.065138 16.005566
v 1.983496 2.262226 16.005566
v 2.368884 2.004718 16.005566
v 2.130312 2.262226 15.422512
v 2.312700 2.140358 15.422512
v 2.140353 2.312705 15.422512
v 2.262220 2.130317 15.422512
v 2.168947 2.355499 15.422512
v 2.211741 2.384093 15.422512
v 2.262220 2.394134 15.422512
v 2.312700 2.384093 15.422512
v 2.355493 2.355499 15.422512
v 2.384088 2.312704 15.422512
v 2.211741 2.140358 15.422512
v 2.394129 2.262226 15.422512
v 2.168947 2.168952 15.422512
v 2.384088 2.211746 15.422512
v 2.140353 2.211746 15.422512
v 2.355493 2.168953 15.422512
v 2.321111 2.404399 15.462401
v 2.371035 2.371041 15.462401
v 2.404394 2.321116 15.462401
v 2.203330 2.120052 15.462401
v 2.416108 2.262226 15.462401
v 2.153406 2.153410 15.462401
v 2.404394 2.203335 15.462401
v 2.120046 2.203335 15.462401
v 2.371035 2.153411 15.462401
v 2.108332 2.262226 15.462401
v 2.321111 2.120052 15.462401
v 2.120046 2.321116 15.462401
v 2.262220 2.108338 15.462401
v 2.153405 2.371041 15.462401
v 2.203330 2.404399 15.462401
v 2.262220 2.416114 15.462401
v 2.262220 2.081078 15.781178
v 2.134129 2.390317 15.781178
v 2.429579 2.331548 15.781178
v 2.192898 2.094867 15.781178
v 2.192898 2.429585 15.781178
v 2.443368 2.262226 15.781178
v 2.134130 2.134135 15.781178
v 2.262220 2.443374 15.781178
v 2.429579 2.192904 15.781178
v 2.094862 2.192904 15.781178
v 2.390311 2.134135 15.781178
v 2.331542 2.429585 15.781178
v 2.081073 2.262226 15.781178
v 2.331542 2.094867 15.781178
v 2.390311 2.390317 15.781178
v 2.094862 2.331548 15.781178
v 2.262221 2.045036 15.890592
v 2.462878 2.345341 15.890592
v 2.179106 2.061569 15.890592
v 2.479410 2.262226 15.890592
v 2.108645 2.108649 15.890592
v 2.462878 2.179111 15.890592
v 2.061563 2.179111 15.890592
v 2.415796 2.108650 15.890592
v 2.045031 2.262226 15.890592
v 2.345335 2.061568 15.890592
v 2.061563 2.345341 15.890592
v 2.108644 2.415802 15.890592
v 2.179105 2.462883 15.890592
v 2.262220 2.479416 15.890592
v 2.345335 2.462883 15.890592
v 2.415796 2.415802 15.890592
v 2.148097 2.376349 15.671762
v 2.200458 2.411335 15.671762
v 2.262220 2.423620 15.671762
v 2.323983 2.411335 15.671762
v 2.376343 2.376349 15.671762
v 2.262220 2.100831 15.671762
v 2.411330 2.323988 15.671762
v 2.200458 2.113117 15.671762
v 2.423615 2.262226 15.671762
v 2.148098 2.148103 15.671762
v 2.411330 2.200463 15.671762
v 2.113111 2.200463 15.671762
v 2.376343 2.148103 15.671762
v 2.100826 2.262226 15.671762
v 2.323983 2.113117 15.671762
v 2.113111 2.323989 15.671762
v -2.497575 -2.164741 15.136486
v -2.516966 -2.262229 15.136486
v -2.497575 -2.359717 15.136486
v -2.442352 -2.442364 15.136486
v -2.359704 -2.497586 15.136486
v -2.262216 -2.516978 15.136486
v -2.164728 -2.497586 15.136486
v -2.082082 -2.442364 15.136486
v -2.026859 -2.359715 15.136486
v -2.007468 -2.262228 15.136486
v -2.026860 -2.164739 15.136486
v -2.082083 -2.082093 15.136486
v -2.164731 -2.026871 15.136486
v -2.262218 -2.007478 15.136486
v -2.359706 -2.026871 15.136486
v -2.442352 -2.082095 15.136486
v -2.262217 -2.262229 16.346399
v -2.113108 -2.323991 15.671762
v -2.323980 -2.113120 15.671762
v -2.100823 -2.262228 15.671762
v -2.376340 -2.148106 15.671762
v -2.113108 -2.200465 15.671762
v -2.411327 -2.200466 15.671762
v -2.148095 -2.148105 15.671762
v -2.423612 -2.262228 15.671762
v -2.200455 -2.113120 15.671762
v -2.411327 -2.323992 15.671762
v -2.262218 -2.100834 15.671762
v -2.376340 -2.376352 15.671762
v -2.323980 -2.411337 15.671762
v -2.262217 -2.423623 15.671762
v -2.200455 -2.411337 15.671762
v -2.148093 -2.376352 15.671762
v -2.415793 -2.415805 15.890592
v -2.345332 -2.462885 15.890592
v -2.262217 -2.479419 15.890592
v -2.179102 -2.462886 15.890592
v -2.108641 -2.415805 15.890592
v -2.061560 -2.345344 15.890592
v -2.345333 -2.061572 15.890592
v -2.045028 -2.262228 15.890592
v -2.415793 -2.108653 15.890592
v -2.061560 -2.179113 15.890592
v -2.462875 -2.179115 15.890592
v -2.108642 -2.108652 15.890592
v -2.479407 -2.262229 15.890592
v -2.179103 -2.061572 15.890592
v -2.462874 -2.345344 15.890592
v -2.262218 -2.045039 15.890592
v -2.094859 -2.331551 15.781178
v -2.390308 -2.390320 15.781178
v -2.331540 -2.094870 15.781178
v -2.081070 -2.262228 15.781178
v -2.331539 -2.429587 15.781178
v -2.390308 -2.134138 15.781178
v -2.094859 -2.192906 15.781178
v -2.429576 -2.192908 15.781178
v -2.262217 -2.443377 15.781178
v -2.134128 -2.134137 15.781178
v -2.443365 -2.262228 15.781178
v -2.192894 -2.429587 15.781178
v -2.192895 -2.094870 15.781178
v -2.429576 -2.331551 15.781178
v -2.134126 -2.390320 15.781178
v -2.262218 -2.081081 15.781178
v -2.262217 -2.416116 15.462401
v -2.203327 -2.404402 15.462401
v -2.153402 -2.371044 15.462401
v -2.262218 -2.108341 15.462401
v -2.120044 -2.321118 15.462401
v -2.321108 -2.120055 15.462401
v -2.108330 -2.262228 15.462401
v -2.371032 -2.153414 15.462401
v -2.120044 -2.203337 15.462401
v -2.404392 -2.203338 15.462401
v -2.153403 -2.153413 15.462401
v -2.416105 -2.262228 15.462401
v -2.203327 -2.120055 15.462401
v -2.404392 -2.321119 15.462401
v -2.371032 -2.371044 15.462401
v -2.321108 -2.404402 15.462401
v -2.355490 -2.168956 15.422512
v -2.140350 -2.211748 15.422512
v -2.384085 -2.211749 15.422512
v -2.168945 -2.168955 15.422512
v -2.394126 -2.262228 15.422512
v -2.211739 -2.140361 15.422512
v -2.384085 -2.312708 15.422512
v -2.355490 -2.355502 15.422512
v -2.312697 -2.384096 15.422512
v -2.262217 -2.394137 15.422512
v -2.211738 -2.384096 15.422512
v -2.168944 -2.355502 15.422512
v -2.262218 -2.130320 15.422512
v -2.140350 -2.312707 15.422512
v -2.312697 -2.140361 15.422512
v -2.130309 -2.262228 15.422512
v -2.368881 -2.004721 16.005566
v -1.983493 -2.262228 16.005566
v -2.459306 -2.065141 16.005566
v -2.004709 -2.155565 16.005566
v -2.519726 -2.155566 16.005566
v -2.065131 -2.065140 16.005566
v -2.540941 -2.262230 16.005566
v -2.155555 -2.004721 16.005566
v -2.519725 -2.368893 16.005566
v -2.459305 -2.459318 16.005566
v -2.368880 -2.519737 16.005566
v -2.262216 -2.540953 16.005566
v -2.155553 -2.519736 16.005566
v -2.065128 -2.459317 16.005566
v -2.262218 -1.983505 16.005566
v -2.004709 -2.368891 16.005566
v -2.368859 -2.519686 16.045235
v -2.262216 -2.540898 16.045235
v -2.155575 -2.519685 16.045235
v -2.065167 -2.459278 16.045235
v -2.262218 -1.983560 16.045235
v -2.004760 -2.368869 16.045235
v -2.368860 -2.004773 16.045235
v -1.983548 -2.262228 16.045235
v -2.459266 -2.065181 16.045235
v -2.004761 -2.155585 16.045235
v -2.519674 -2.155588 16.045235
v -2.065170 -2.065180 16.045235
v -2.540886 -2.262230 16.045235
v -2.155576 -2.004772 16.045235
v -2.519674 -2.368871 16.045235
v -2.459265 -2.459279 16.045235
v -2.524273 -2.153682 16.075661
v -2.061650 -2.061660 16.075661
v -2.545864 -2.262229 16.075661
v -2.153671 -2.000173 16.075661
v -2.524273 -2.370776 16.075661
v -2.462785 -2.462798 16.075661
v -2.370764 -2.524284 16.075661
v -2.262216 -2.545875 16.075661
v -2.153669 -2.524284 16.075661
v -2.061647 -2.462798 16.075661
v -2.262218 -1.978582 16.075661
v -2.000162 -2.370775 16.075661
v -2.370766 -2.000173 16.075661
v -1.978570 -2.262228 16.075661
v -2.462786 -2.061660 16.075661
v -2.000162 -2.153681 16.075661
v -2.154451 -2.522398 16.115240
v -2.063091 -2.461354 16.115240
v -2.262218 -1.980623 16.115240
v -2.002048 -2.369994 16.115240
v -2.369984 -2.002059 16.115240
v -1.980612 -2.262227 16.115240
v -2.461343 -2.063104 16.115240
v -2.002048 -2.154462 16.115240
v -2.522387 -2.154464 16.115240
v -2.063093 -2.063104 16.115240
v -2.543823 -2.262230 16.115240
v -2.154452 -2.002059 16.115240
v -2.522387 -2.369995 16.115240
v -2.461342 -2.461355 16.115240
v -2.369982 -2.522398 16.115240
v -2.262216 -2.543834 16.115240
v -2.534202 -2.149569 16.095009
v -2.054050 -2.054060 16.095009
v -2.556611 -2.262229 16.095009
v -2.149557 -2.534213 16.095009
v -2.149559 -1.990244 16.095009
v -2.534202 -2.374889 16.095009
v -2.054048 -2.470397 16.095009
v -2.470384 -2.470398 16.095009
v -2.262218 -1.967835 16.095009
v -1.990232 -2.374887 16.095009
v -2.374876 -2.534213 16.095009
v -2.374878 -1.990245 16.095009
v -1.967824 -2.262228 16.095009
v -2.262216 -2.556622 16.095009
v -2.470385 -2.054061 16.095009
v -1.990233 -2.149567 16.095009
v -2.372920 -1.994972 16.025005
v -1.972941 -2.262228 16.025005
v -2.372918 -2.529485 16.025005
v -2.466767 -2.057679 16.025005
v -1.994960 -2.151526 16.025005
v -2.529475 -2.151527 16.025005
v -2.262216 -2.551506 16.025005
v -2.057669 -2.057679 16.025005
v -2.551494 -2.262230 16.025005
v -2.151515 -2.529485 16.025005
v -2.151517 -1.994972 16.025005
v -2.529475 -2.372931 16.025005
v -2.057667 -2.466778 16.025005
v -2.466766 -2.466779 16.025005
v -2.262218 -1.972952 16.025005
v -1.994960 -2.372929 16.025005
v -2.309213 -2.375686 15.365335
v -2.262217 -2.385034 15.365335
v -2.215222 -2.375686 15.365335
v -2.175381 -2.349065 15.365335
v -2.148760 -2.309224 15.365335
v -2.309213 -2.148771 15.365335
v -2.139412 -2.262228 15.365335
v -2.262218 -2.139423 15.365335
v -2.349054 -2.175392 15.365335
v -2.148760 -2.215232 15.365335
v -2.375675 -2.215232 15.365335
v -2.175381 -2.175392 15.365335
v -2.385023 -2.262228 15.365335
v -2.215222 -2.148771 15.365335
v -2.375675 -2.309224 15.365335
v -2.349054 -2.349065 15.365335
v -2.306405 -2.368907 15.355674
v -2.262217 -2.377697 15.355674
v -2.218029 -2.368907 15.355674
v -2.180568 -2.343877 15.355674
v -2.155539 -2.306416 15.355674
v -2.306405 -2.155550 15.355674
v -2.146749 -2.262229 15.355674
v -2.262217 -2.146760 15.355674
v -2.343866 -2.180581 15.355674
v -2.155539 -2.218041 15.355674
v -2.368896 -2.218041 15.355674
v -2.180569 -2.180580 15.355674
v -2.377686 -2.262228 15.355674
v -2.218030 -2.155550 15.355674
v -2.368896 -2.306417 15.355674
v -2.343865 -2.343878 15.355674
v -2.262217 -2.146675 15.396262
v -2.343925 -2.180521 15.396262
v -2.155461 -2.218008 15.396262
v -2.368974 -2.218008 15.396262
v -2.180510 -2.180521 15.396262
v -2.377770 -2.262228 15.396262
v -2.217997 -2.155472 15.396262
v -2.368974 -2.306449 15.396262
v -2.343925 -2.343936 15.396262
v -2.306437 -2.368985 15.396262
v -2.262217 -2.377782 15.396262
v -2.217997 -2.368985 15.396262
v -2.180509 -2.343937 15.396262
v -2.155461 -2.306448 15.396262
v -2.306438 -2.155472 15.396262
v -2.146665 -2.262228 15.396262
v -2.262218 -2.141088 15.387496
v -2.347876 -2.176570 15.387496
v -2.150299 -2.215870 15.387496
v -2.374136 -2.215870 15.387496
v -2.176559 -2.176569 15.387496
v -2.383358 -2.262228 15.387496
v -2.215859 -2.150310 15.387496
v -2.374136 -2.308586 15.387496
v -2.347876 -2.347888 15.387496
v -2.308576 -2.374147 15.387496
v -2.262217 -2.383369 15.387496
v -2.215859 -2.374147 15.387496
v -2.176558 -2.347888 15.387496
v -2.150299 -2.308586 15.387496
v -2.308576 -2.150310 15.387496
v -2.141077 -2.262228 15.387496
v -2.328269 -2.328280 16.339996
v -2.175917 -2.297975 16.339996
v -2.348518 -2.297975 16.339996
v -2.226471 -2.175928 16.339996
v -2.196166 -2.328280 16.339996
v -2.355628 -2.262228 16.339996
v -2.196166 -2.196177 16.339996
v -2.226470 -2.348529 16.339996
v -2.348518 -2.226481 16.339996
v -2.175917 -2.226481 16.339996
v -2.328269 -2.196177 16.339996
v -2.262217 -2.355640 16.339996
v -2.168807 -2.262228 16.339996
v -2.297964 -2.175928 16.339996
v -2.297964 -2.348529 16.339996
v -2.262217 -2.168818 16.339996
v -2.232980 -2.191643 16.346403
v -2.208193 -2.208204 16.346403
v -2.191632 -2.232991 16.346403
v -2.185816 -2.262229 16.346403
v -2.191632 -2.291466 16.346399
v -2.208193 -2.316253 16.346403
v -2.232980 -2.332815 16.346403
v -2.262217 -2.338630 16.346403
v -2.291455 -2.332815 16.346403
v -2.316242 -2.316253 16.346403
v -2.332803 -2.291466 16.346403
v -2.338619 -2.262228 16.346403
v -2.332803 -2.232991 16.346403
v -2.316242 -2.208204 16.346403
v -2.291455 -2.191643 16.346403
v -2.262217 -2.185827 16.346403
v -2.223367 -2.168435 16.329996
v -2.190432 -2.190443 16.329996
v -2.168424 -2.223378 16.329996
v -2.160697 -2.262229 16.329996
v -2.168424 -2.301079 16.329996
v -2.190431 -2.334015 16.329996
v -2.223366 -2.356022 16.329996
v -2.262217 -2.363749 16.329996
v -2.301068 -2.356022 16.329996
v -2.334003 -2.334015 16.329996
v -2.356011 -2.301080 16.329996
v -2.363738 -2.262229 16.329996
v -2.356011 -2.223378 16.329996
v -2.334003 -2.190443 16.329996
v -2.301068 -2.168436 16.329996
v -2.262217 -2.160708 16.329996
v -2.223367 -2.168435 16.299995
v -2.190432 -2.190443 16.299995
v -2.168424 -2.223378 16.299995
v -2.160697 -2.262229 16.299995
v -2.168424 -2.301079 16.299995
v -2.190431 -2.334015 16.299995
v -2.223366 -2.356022 16.299995
v -2.262217 -2.363749 16.299995
v -2.301068 -2.356022 16.299995
v -2.334003 -2.334015 16.299995
v -2.356011 -2.301080 16.299995
v -2.363738 -2.262229 16.299995
v -2.356011 -2.223378 16.299995
v -2.334003 -2.190443 16.299995
v -2.301068 -2.168436 16.299995
v -2.262217 -2.160708 16.299995
v -2.159396 -2.013994 16.120010
v -2.072228 -2.072238 16.120010
v -2.013982 -2.159406 16.120010
v -1.993530 -2.262228 16.120010
v -2.013982 -2.365050 16.120010
v -2.072225 -2.452220 16.120010
v -2.159394 -2.510463 16.120010
v -2.262216 -2.530916 16.120010
v -2.365039 -2.510463 16.120010
v -2.452207 -2.452221 16.120010
v -2.510452 -2.365051 16.120010
v -2.530905 -2.262230 16.120010
v -2.510453 -2.159407 16.120010
v -2.452208 -2.072239 16.120010
v -2.365041 -2.013994 16.120010
v -2.262218 -1.993541 16.120010
v -2.159396 -2.013994 16.070007
v -2.072228 -2.072238 16.070007
v -2.013982 -2.159406 16.070007
v -1.993530 -2.262228 16.070007
v -2.013982 -2.365050 16.070007
v -2.072225 -2.452220 16.070007
v -2.159394 -2.510463 16.070007
v -2.262216 -2.530916 16.070007
v -2.365039 -2.510463 16.070007
v -2.452207 -2.452221 16.070007
v -2.510452 -2.365051 16.070007
v -2.530905 -2.262230 16.070007
v -2.510453 -2.159407 16.070007
v -2.452208 -2.072239 16.070007
v -2.365041 -2.013994 16.070007
v -2.262218 -1.993541 16.070007
v -2.159396 -2.013994 16.050003
v -2.072228 -2.072238 16.050003
v -2.013982 -2.159406 16.050003
v -1.993530 -2.262228 16.050003
v -2.013982 -2.365050 16.050003
v -2.072225 -2.452220 16.050003
v -2.159394 -2.510463 16.050003
v -2.262216 -2.530916 16.050003
v -2.365039 -2.510463 16.050003
v -2.452207 -2.452221 16.050003
v -2.510452 -2.365051 16.050003
v -2.530905 -2.262230 16.050003
v -2.510453 -2.159407 16.050003
v -2.452208 -2.072239 16.050003
v -2.365041 -2.013994 16.050003
v -2.262218 -1.993541 16.050003
v -2.159396 -2.013994 16.000006
v -2.072228 -2.072238 16.000006
v -2.013982 -2.159406 16.000006
v -1.993530 -2.262228 16.000006
v -2.013982 -2.365050 16.000006
v -2.072225 -2.452220 16.000006
v -2.159394 -2.510463 16.000006
v -2.262216 -2.530916 16.000006
v -2.365039 -2.510463 16.000006
v -2.452207 -2.452221 16.000006
v -2.510452 -2.365051 16.000006
v -2.530905 -2.262230 16.000006
v -2.510453 -2.159407 16.000006
v -2.452208 -2.072239 16.000006
v -2.365041 -2.013994 16.000006
v -2.262218 -1.993541 16.000006
v -2.201734 -2.116208 15.562347
v -2.150459 -2.150469 15.562347
v -2.116197 -2.201744 15.562347
v -2.104166 -2.262228 15.562347
v -2.116197 -2.322712 15.562347
v -2.150458 -2.373988 15.562347
v -2.201733 -2.408249 15.562347
v -2.262217 -2.420280 15.562347
v -2.322701 -2.408249 15.562347
v -2.373976 -2.373988 15.562347
v -2.408238 -2.322712 15.562347
v -2.420269 -2.262229 15.562347
v -2.408238 -2.201745 15.562347
v -2.373976 -2.150470 15.562347
v -2.322702 -2.116208 15.562347
v -2.262218 -2.104177 15.562347
v -2.195014 -2.099984 15.550000
v -2.138042 -2.138051 15.550000
v -2.099972 -2.195024 15.550000
v -2.086605 -2.262228 15.550000
v -2.099972 -2.329432 15.550000
v -2.138040 -2.386406 15.550000
v -2.195013 -2.424474 15.550000
v -2.262217 -2.437841 15.550000
v -2.329421 -2.424474 15.550000
v -2.386394 -2.386406 15.550000
v -2.424462 -2.329433 15.550000
v -2.437830 -2.262228 15.550000
v -2.424463 -2.195026 15.550000
v -2.386394 -2.138052 15.550000
v -2.329422 -2.099984 15.550000
v -2.262218 -2.086615 15.550000
v -2.195014 -2.099984 15.500001
v -2.138042 -2.138051 15.500001
v -2.099972 -2.195024 15.500001
v -2.086605 -2.262228 15.500001
v -2.099972 -2.329432 15.500001
v -2.138040 -2.386406 15.500001
v -2.195013 -2.424474 15.500001
v -2.262217 -2.437841 15.500001
v -2.329421 -2.424474 15.500001
v -2.386394 -2.386406 15.500001
v -2.424462 -2.329433 15.500001
v -2.437830 -2.262228 15.500001
v -2.424463 -2.195026 15.500001
v -2.386394 -2.138052 15.500001
v -2.329422 -2.099984 15.500001
v -2.262218 -2.086615 15.500001
v -2.201123 -2.114733 15.490059
v -2.149330 -2.149340 15.490059
v -2.114722 -2.201133 15.490059
v -2.102570 -2.262228 15.490059
v -2.114722 -2.323323 15.490059
v -2.149328 -2.375117 15.490059
v -2.201123 -2.409724 15.490059
v -2.262217 -2.421877 15.490059
v -2.323312 -2.409724 15.490059
v -2.375105 -2.375117 15.490059
v -2.409713 -2.323323 15.490059
v -2.421865 -2.262229 15.490059
v -2.409713 -2.201134 15.490059
v -2.375105 -2.149341 15.490059
v -2.323313 -2.114733 15.490059
v -2.262218 -2.102581 15.490059
v -2.221488 -2.163898 15.399996
v -2.186959 -2.186970 15.399996
v -2.163887 -2.221499 15.399996
v -2.155786 -2.262228 15.399996
v -2.163887 -2.302958 15.399996
v -2.186958 -2.337487 15.399996
v -2.221487 -2.360558 15.399996
v -2.262217 -2.368661 15.399996
v -2.302947 -2.360559 15.399996
v -2.337476 -2.337488 15.399996
v -2.360548 -2.302959 15.399996
v -2.368649 -2.262229 15.399996
v -2.360548 -2.221499 15.399996
v -2.337476 -2.186970 15.399996
v -2.302947 -2.163898 15.399996
v -2.262217 -2.155797 15.399996
v -2.262217 -2.145013 15.304995
v -2.379433 -2.262229 15.304995
v -2.217361 -2.153935 15.304995
v -2.370511 -2.307085 15.304995
v -2.345101 -2.345113 15.304995
v -2.307073 -2.370522 15.304995
v -2.262217 -2.379444 15.304995
v -2.217361 -2.370522 15.304995
v -2.179333 -2.345113 15.304995
v -2.153924 -2.307084 15.304995
v -2.307074 -2.153935 15.304995
v -2.145002 -2.262228 15.304995
v -2.345101 -2.179345 15.304995
v -2.153924 -2.217372 15.304995
v -2.370511 -2.217372 15.304995
v -2.179334 -2.179344 15.304995
v -2.197335 -2.418866 15.214991
v -2.142332 -2.382114 15.214991
v -2.105580 -2.327109 15.214991
v -2.327099 -2.105591 15.214991
v -2.092674 -2.262228 15.214991
v -2.382102 -2.142344 15.214991
v -2.105580 -2.197346 15.214991
v -2.418855 -2.197347 15.214991
v -2.142333 -2.142344 15.214991
v -2.262218 -2.092685 15.214991
v -2.431760 -2.262229 15.214991
v -2.197337 -2.105591 15.214991
v -2.418855 -2.327109 15.214991
v -2.382102 -2.382113 15.214991
v -2.327098 -2.418866 15.214991
v -2.262217 -2.431771 15.214991
v -2.262218 -2.124591 15.259992
v -2.209545 -2.389389 15.259992
v -2.399855 -2.262229 15.259992
v -2.164892 -2.359553 15.259992
v -2.209546 -2.135068 15.259992
v -2.389378 -2.314899 15.259992
v -2.135057 -2.314899 15.259992
v -2.359541 -2.359554 15.259992
v -2.314889 -2.135068 15.259992
v -2.124580 -2.262228 15.259992
v -2.314889 -2.389389 15.259992
v -2.359542 -2.164905 15.259992
v -2.135057 -2.209557 15.259992
v -2.389378 -2.209557 15.259992
v -2.262217 -2.399866 15.259992
v -2.164893 -2.164904 15.259992
v -2.221488 -2.163898 15.349997
v -2.186959 -2.186970 15.349997
v -2.163887 -2.221499 15.349997
v -2.155786 -2.262228 15.349997
v -2.163887 -2.302958 15.349997
v -2.186958 -2.337487 15.349997
v -2.221487 -2.360558 15.349997
v -2.262217 -2.368661 15.349997
v -2.302947 -2.360559 15.349997
v -2.337476 -2.337488 15.349997
v -2.360548 -2.302959 15.349997
v -2.368649 -2.262229 15.349997
v -2.360548 -2.221499 15.349997
v -2.337476 -2.186970 15.349997
v -2.302947 -2.163898 15.349997
v -2.262217 -2.155797 15.349997
v -2.356534 -2.489933 15.152491
v -2.262217 -2.508694 15.152491
v -2.167898 -2.489932 15.152491
v -2.087939 -2.436506 15.152491
v -2.262218 -2.015763 15.152491
v -2.034513 -2.356546 15.152491
v -2.356536 -2.034524 15.152491
v -2.015752 -2.262228 15.152491
v -2.436494 -2.087952 15.152491
v -2.034513 -2.167909 15.152491
v -2.489921 -2.167911 15.152491
v -2.087941 -2.087952 15.152491
v -2.508682 -2.262229 15.152491
v -2.167901 -2.034524 15.152491
v -2.489921 -2.356546 15.152491
v -2.436493 -2.436506 15.152491
v -2.360312 -2.025410 15.120482
v -2.005887 -2.262228 15.120482
v -2.443471 -2.080976 15.120482
v -2.025399 -2.164134 15.120482
v -2.499036 -2.164135 15.120482
v -2.080965 -2.080975 15.120482
v -2.518548 -2.262229 15.120482
v -2.164125 -2.025410 15.120482
v -2.499036 -2.360323 15.120482
v -2.443470 -2.443483 15.120482
v -2.360310 -2.499048 15.120482
v -2.262216 -2.518559 15.120482
v -2.164123 -2.499048 15.120482
v -2.080963 -2.443481 15.120482
v -2.262218 -2.005897 15.120482
v -2.025399 -2.360321 15.120482
v -2.180759 -2.065568 15.169989
v -2.111701 -2.111710 15.169989
v -2.065557 -2.180769 15.169989
v -2.049354 -2.262228 15.169989
v -2.065557 -2.343688 15.169989
v -2.111699 -2.412746 15.169989
v -2.180757 -2.458889 15.169989
v -2.262217 -2.475093 15.169989
v -2.343676 -2.458889 15.169989
v -2.412734 -2.412747 15.169989
v -2.458877 -2.343689 15.169989
v -2.475081 -2.262230 15.169989
v -2.458878 -2.180770 15.169989
v -2.412735 -2.111712 15.169989
v -2.343677 -2.065568 15.169989
v -2.262218 -2.049365 15.169989
v -2.166548 -2.031258 15.099994
v -2.085441 -2.085451 15.099994
v -2.031248 -2.166557 15.099994
v -2.012217 -2.262227 15.099994
v -2.031247 -2.357898 15.099994
v -2.085440 -2.439005 15.099994
v -2.166545 -2.493198 15.099994
v -2.262217 -2.512229 15.099994
v -2.357888 -2.493198 15.099994
v -2.438993 -2.439006 15.099994
v -2.493187 -2.357900 15.099994
v -2.512217 -2.262230 15.099994
v -2.493187 -2.166559 15.099994
v -2.438994 -2.085452 15.099994
v -2.357889 -2.031258 15.099994
v -2.262218 -2.012228 15.099994
v -2.166548 -2.031258 14.880000
v -2.085441 -2.085451 14.880000
v -2.031248 -2.166557 14.880000
v -2.012217 -2.262227 14.880000
v -2.031247 -2.357898 14.880000
v -2.085440 -2.439005 14.880000
v -2.166545 -2.493198 14.880000
v -2.262217 -2.512229 14.880000
v -2.357888 -2.493198 14.880000
v -2.438993 -2.439006 14.880000
v -2.493187 -2.357900 14.880000
v -2.512217 -2.262230 14.880000
v -2.493187 -2.166559 14.880000
v -2.438994 -2.085452 14.880000
v -2.357889 -2.031258 14.880000
v -2.262218 -2.012228 14.880000
v 2.262220 2.262226 16.346399
v 2.442355 2.082091 15.136486
v 2.359709 2.026867 15.136486
v 2.262221 2.007475 15.136486
v 2.164733 2.026868 15.136486
v 2.082086 2.082091 15.136486
v 2.026862 2.164737 15.136486
v 2.007471 2.262225 15.136486
v 2.026862 2.359713 15.136486
v 2.082084 2.442361 15.136486
v 2.164731 2.497583 15.136486
v 2.262220 2.516975 15.136486
v 2.359708 2.497584 15.136486
v 2.442355 2.442361 15.136486
v 2.497578 2.359714 15.136486
v 2.516969 2.262226 15.136486
v 2.497578 2.164738 15.136486
vt 0.961667 0.567456
vt 0.956688 0.559949
vt 0.962990 0.554858
vt 0.968878 0.563409
vt 0.845063 0.896235
vt 0.845000 0.901989
vt 0.843620 0.901976
vt 0.843608 0.896220
vt 0.852033 0.896291
vt 0.851845 0.902070
vt 0.850574 0.902040
vt 0.850679 0.896271
vt 0.854302 0.935786
vt 0.854303 0.947573
vt 0.827720 0.947577
vt 0.827717 0.935790
vt 0.849350 0.896251
vt 0.849259 0.902013
vt 0.846526 0.902008
vt 0.846601 0.896253
vt 0.948721 0.574749
vt 0.945129 0.569246
vt 0.950687 0.564852
vt 0.954960 0.571293
vt 0.943340 0.613881
vt 0.946600 0.617020
vt 0.941570 0.621405
vt 0.938890 0.617601
vt 0.845723 0.908616
vt 0.845834 0.915735
vt 0.843837 0.915769
vt 0.843565 0.908659
vt 0.847971 0.928802
vt 0.847759 0.941222
vt 0.845395 0.941179
vt 0.845597 0.928771
vt 0.850972 0.908366
vt 0.851140 0.915494
vt 0.843134 0.850827
vt 0.845795 0.850869
vt 0.845667 0.863850
vt 0.843007 0.863816
vt 0.850671 0.929834
vt 0.850882 0.942939
vt 0.849249 0.942976
vt 0.848986 0.929878
vt 0.925868 0.557724
vt 0.939150 0.552358
vt 0.942134 0.560448
vt 0.928520 0.564882
vt 0.917480 0.601683
vt 0.921028 0.605255
vt 0.918501 0.609123
vt 0.913666 0.604281
vt 0.990153 0.632877
vt 0.974899 0.628742
vt 0.977403 0.617599
vt 0.992921 0.620203
vt 0.937617 0.600860
vt 0.935808 0.599620
vt 0.937175 0.596350
vt 0.939320 0.596799
vt 0.844575 0.930683
vt 0.844889 0.943512
vt 0.843520 0.943538
vt 0.843189 0.930701
vt 0.854300 0.923998
vt 0.827714 0.924002
vt 0.846836 0.891316
vt 0.849689 0.891306
vt 0.849764 0.904538
vt 0.846954 0.904550
vt 0.843330 0.929992
vt 0.843713 0.943105
vt 0.841776 0.943151
vt 0.841372 0.930022
vt 0.843324 0.837677
vt 0.845981 0.837745
vt 0.941428 0.580237
vt 0.937224 0.577132
vt 0.952847 0.548738
vt 0.963973 0.556955
vt 0.853446 0.908321
vt 0.853436 0.915447
vt 0.918853 0.600778
vt 0.921965 0.603903
vt 0.922743 0.550707
vt 0.935639 0.544585
vt 0.937183 0.592809
vt 0.939333 0.592392
vt 0.978884 0.606247
vt 0.994495 0.607424
vt 0.981197 0.569879
vt 0.976254 0.559247
vt 0.978549 0.557957
vt 0.983660 0.568966
vt 0.849852 0.917654
vt 0.847126 0.917681
vt 0.851362 0.930572
vt 0.851502 0.943347
vt 0.850186 0.943381
vt 0.850031 0.930596
vt 0.969680 0.549500
vt 0.971786 0.547802
vt 0.943161 0.577812
vt 0.940059 0.573238
vt 0.935727 0.624705
vt 0.933876 0.620532
vt 0.958997 0.617029
vt 0.953685 0.623819
vt 0.950880 0.621133
vt 0.955773 0.614992
vt 0.945377 0.582867
vt 0.951448 0.580736
vt 0.850717 0.890460
vt 0.849391 0.890462
vt 0.850874 0.901234
vt 0.845550 0.901476
vt 0.994286 0.582020
vt 0.978943 0.583378
vt 0.977372 0.572113
vt 0.992736 0.569450
vt 0.848104 0.916322
vt 0.845719 0.916309
vt 0.845600 0.903439
vt 0.848523 0.903410
vt 0.848711 0.916643
vt 0.845790 0.916706
vt 0.915595 0.597005
vt 0.911070 0.597944
vt 0.854299 0.912210
vt 0.827712 0.912213
vt 0.953167 0.587138
vt 0.958194 0.578352
vt 0.960248 0.585876
vt 0.849361 0.884811
vt 0.846693 0.890455
vt 0.846696 0.884806
vt 0.845135 0.890435
vt 0.943012 0.572797
vt 0.946242 0.569513
vt 0.950435 0.574610
vt 0.946755 0.577136
vt 0.965480 0.575614
vt 0.932914 0.587026
vt 0.947276 0.585998
vt 0.947644 0.594764
vt 0.933064 0.594677
vt 0.928208 0.564880
vt 0.928989 0.560427
vt 0.935304 0.562298
vt 0.933628 0.566405
vt 0.962837 0.609423
vt 0.959328 0.608063
vt 0.847465 0.943451
vt 0.850553 0.956018
vt 0.847802 0.956103
vt 0.844427 0.917702
vt 0.843025 0.917714
vt 0.850404 0.916599
vt 0.923177 0.602076
vt 0.926449 0.603448
vt 0.926028 0.605602
vt 0.851910 0.884781
vt 0.852024 0.890463
vt 0.850639 0.884792
vt 0.967965 0.584361
vt 0.973184 0.572872
vt 0.975969 0.582851
vt 0.845224 0.884787
vt 0.843725 0.890421
vt 0.843863 0.884768
vt 0.946711 0.589149
vt 0.944666 0.584339
vt 0.972544 0.567811
vt 0.977956 0.580540
vt 0.845372 0.894327
vt 0.843545 0.901521
vt 0.843241 0.894399
vt 0.917224 0.592299
vt 0.919368 0.592729
vt 0.919351 0.596269
vt 0.917211 0.596695
vt 0.911075 0.591106
vt 0.913680 0.584784
vt 0.917543 0.587302
vt 0.915614 0.591954
vt 0.931879 0.609980
vt 0.946138 0.612247
vt 0.944359 0.620810
vt 0.930409 0.617464
vt 0.847238 0.798542
vt 0.850201 0.798682
vt 0.849607 0.811980
vt 0.846797 0.811864
vt 0.845725 0.903787
vt 0.845647 0.891185
vt 0.848061 0.891169
vt 0.848123 0.903782
vt 0.981261 0.533147
vt 0.967423 0.539821
vt 0.962308 0.529975
vt 0.975211 0.522070
vt 0.845151 0.886839
vt 0.850804 0.886624
vt 0.850789 0.894090
vt 0.851155 0.904530
vt 0.851201 0.917635
vt 0.853225 0.894096
vt 0.853172 0.901199
vt 0.848496 0.890164
vt 0.850225 0.890165
vt 0.850216 0.903385
vt 0.967982 0.511613
vt 0.956188 0.520948
vt 0.949389 0.512926
vt 0.959463 0.502275
vt 0.847518 0.839745
vt 0.850356 0.839815
vt 0.849988 0.852796
vt 0.847232 0.852733
vt 0.842816 0.904580
vt 0.842693 0.891303
vt 0.844132 0.891308
vt 0.844233 0.904571
vt 0.847853 0.826637
vt 0.850644 0.826694
vt 0.961673 0.574833
vt 0.946196 0.577326
vt 0.944518 0.568778
vt 0.959690 0.565020
vt 0.842959 0.903452
vt 0.843091 0.916737
vt 0.841121 0.916750
vt 0.840941 0.903463
vt 0.961491 0.600674
vt 0.962106 0.593035
vt 0.965846 0.593022
vt 0.965111 0.601340
vt 0.951267 0.587537
vt 0.955593 0.586618
vt 0.956287 0.593085
vt 0.951830 0.593129
vt 0.847167 0.968837
vt 0.849976 0.968757
vt 0.850401 0.981444
vt 0.847653 0.981537
vt 0.849317 0.879330
vt 0.850543 0.879307
vt 0.953854 0.593776
vt 0.947266 0.593904
vt 0.946759 0.588276
vt 0.952810 0.643272
vt 0.966976 0.650044
vt 0.961632 0.659908
vt 0.948415 0.651873
vt 0.986958 0.580667
vt 0.988324 0.592746
vt 0.985743 0.592846
vt 0.984381 0.581174
vt 0.847144 0.865527
vt 0.849810 0.865563
vt 0.849645 0.878327
vt 0.846890 0.878319
vt 0.968454 0.602548
vt 0.968840 0.593429
vt 0.977119 0.593180
vt 0.976616 0.603618
vt 0.845310 0.874089
vt 0.845312 0.879373
vt 0.844025 0.879356
vt 0.844013 0.874083
vt 0.851622 0.873967
vt 0.851773 0.879291
vt 0.850452 0.873991
vt 0.842907 0.876926
vt 0.842944 0.890173
vt 0.840976 0.890190
vt 0.840951 0.876934
vt 0.853553 0.878857
vt 0.853357 0.886652
vt 0.850878 0.878808
vt 0.849163 0.824817
vt 0.846308 0.824752
vt 0.922049 0.585127
vt 0.918908 0.588221
vt 0.921126 0.583766
vt 0.846741 0.879382
vt 0.961019 0.593647
vt 0.850950 0.878331
vt 0.851046 0.891303
vt 0.854298 0.888633
vt 0.854298 0.900422
vt 0.827710 0.900423
vt 0.827710 0.888633
vt 0.953447 0.600457
vt 0.960651 0.601502
vt 0.849225 0.874013
vt 0.846715 0.874080
vt 0.955732 0.599598
vt 0.951300 0.598754
vt 0.946737 0.599509
vt 0.947418 0.594327
vt 0.979827 0.594245
vt 0.978026 0.607959
vt 0.844956 0.878994
vt 0.842914 0.886910
vt 0.842610 0.879054
vt 0.956754 0.555520
vt 0.956557 0.634200
vt 0.971528 0.639639
vt 0.985259 0.604681
vt 0.987909 0.604997
vt 0.946970 0.599558
vt 0.847967 0.878471
vt 0.845536 0.878493
vt 0.848930 0.837804
vt 0.918528 0.579949
vt 0.844281 0.878282
vt 0.842895 0.878267
vt 0.953853 0.605918
vt 0.949634 0.604200
vt 0.850222 0.876953
vt 0.848541 0.876941
vt 0.965006 0.584627
vt 0.961277 0.585393
vt 0.953226 0.546334
vt 0.922605 0.564504
vt 0.922238 0.559920
vt 0.932161 0.579526
vt 0.930002 0.603462
vt 0.930420 0.605614
vt 0.953657 0.580347
vt 0.949464 0.582155
vt 0.850928 0.968653
vt 0.848272 0.968733
vt 0.975076 0.561011
vt 0.989981 0.557063
vt 0.845648 0.890161
vt 0.920724 0.589460
vt 0.941918 0.629152
vt 0.928379 0.624776
vt 0.847688 0.783883
vt 0.851038 0.784379
vt 0.958077 0.687982
vt 0.948081 0.676839
vt 0.955290 0.668844
vt 0.967026 0.678652
vt 0.848218 0.813594
vt 0.850956 0.813662
vt 0.962914 0.584802
vt 0.851133 0.994710
vt 0.848117 0.995167
vt 0.975791 0.559736
vt 0.974102 0.560679
vt 0.967674 0.551073
vt 0.969176 0.549866
vt 0.983622 0.581940
vt 0.981739 0.582274
vt 0.978812 0.571217
vt 0.980632 0.570576
vt 0.984214 0.605336
vt 0.982301 0.605078
vt 0.982880 0.593612
vt 0.984793 0.593571
vt 0.977384 0.628180
vt 0.975623 0.627303
vt 0.979888 0.616424
vt 0.981752 0.616991
vt 0.963103 0.647808
vt 0.961712 0.646385
vt 0.969509 0.637414
vt 0.971109 0.638578
vt 0.943001 0.661624
vt 0.942131 0.659808
vt 0.952517 0.653894
vt 0.953651 0.655531
vt 0.941074 0.528761
vt 0.940298 0.530550
vt 0.928672 0.526421
vt 0.929347 0.524443
vt 0.961012 0.541302
vt 0.959731 0.542736
vt 0.950541 0.535875
vt 0.951569 0.534240
vt 0.972225 0.561706
vt 0.966000 0.552403
vt 0.979654 0.582645
vt 0.976802 0.571918
vt 0.980178 0.604795
vt 0.980757 0.593664
vt 0.973673 0.626339
vt 0.977825 0.615793
vt 0.960189 0.644799
vt 0.967732 0.636116
vt 0.941186 0.657794
vt 0.951274 0.652077
vt 0.958318 0.544329
vt 0.931104 0.666406
vt 0.930343 0.664397
vt 0.929675 0.662080
vt 0.939434 0.532538
vt 0.928105 0.528703
vt 0.949410 0.537677
vt 0.951834 0.620033
vt 0.947172 0.615983
vt 0.951237 0.610407
vt 0.956538 0.613430
vt 0.939065 0.630168
vt 0.936240 0.624596
vt 0.942160 0.620803
vt 0.945958 0.625701
vt 0.923022 0.635062
vt 0.922398 0.628395
vt 0.929660 0.627192
vt 0.931384 0.633282
vt 0.937232 0.556575
vt 0.935275 0.561768
vt 0.929146 0.560189
vt 0.930111 0.554617
vt 0.949571 0.564203
vt 0.945780 0.568261
vt 0.940845 0.564530
vt 0.943771 0.559825
vt 0.958209 0.576038
vt 0.953071 0.578434
vt 0.949871 0.572969
vt 0.954399 0.569694
vt 0.961939 0.590695
vt 0.956090 0.590965
vt 0.955147 0.584509
vt 0.960741 0.583134
vt 0.959848 0.606128
vt 0.954127 0.604180
vt 0.955775 0.597619
vt 0.961674 0.598448
vt 0.920545 0.599546
vt 0.919194 0.596259
vt 0.928125 0.594523
vt 0.937021 0.596351
vt 0.935643 0.599614
vt 0.933127 0.602097
vt 0.926387 0.585592
vt 0.929944 0.585613
vt 0.937047 0.592806
vt 0.919217 0.592709
vt 0.929856 0.603433
vt 0.926318 0.603416
vt 0.923098 0.586936
vt 0.935715 0.589519
vt 0.922596 0.559886
vt 0.922462 0.553906
vt 0.923045 0.602061
vt 0.933222 0.586992
vt 0.920580 0.589437
vt 0.986845 0.605675
vt 0.984321 0.617756
vt 0.944924 0.605446
vt 0.946129 0.599987
vt 0.952583 0.600904
vt 0.951060 0.607413
vt 0.947098 0.607970
vt 0.943636 0.612875
vt 0.850002 0.848103
vt 0.850119 0.842943
vt 0.851503 0.842982
vt 0.851363 0.848141
vt 0.947965 0.651969
vt 0.960832 0.659994
vt 0.954537 0.668716
vt 0.942928 0.659748
vt 0.849790 0.905177
vt 0.852408 0.905204
vt 0.852328 0.917694
vt 0.849759 0.917683
vt 0.849770 0.907892
vt 0.846943 0.907894
vt 0.847008 0.894824
vt 0.849905 0.894837
vt 0.925551 0.607159
vt 0.930587 0.607187
vt 0.931526 0.611690
vt 0.924708 0.611690
vt 0.975184 0.583426
vt 0.976315 0.593768
vt 0.948508 0.613609
vt 0.957945 0.609609
vt 0.954997 0.616893
vt 0.847472 0.853091
vt 0.847572 0.848016
vt 0.849869 0.853159
vt 0.852057 0.903172
vt 0.851972 0.895343
vt 0.854220 0.895310
vt 0.854385 0.903144
vt 0.945048 0.529438
vt 0.932267 0.536986
vt 0.928146 0.529843
vt 0.939809 0.521944
vt 0.849862 0.942633
vt 0.852475 0.942629
vt 0.852394 0.955443
vt 0.849748 0.955430
vt 0.852221 0.932953
vt 0.852255 0.920567
vt 0.854069 0.920591
vt 0.854061 0.932973
vt 0.959746 0.601976
vt 0.967419 0.603079
vt 0.965486 0.611969
vt 0.846402 0.847998
vt 0.846473 0.842875
vt 0.847667 0.842893
vt 0.846268 0.895548
vt 0.846235 0.887895
vt 0.851915 0.887737
vt 0.972488 0.573394
vt 0.961477 0.574454
vt 0.964317 0.582186
vt 0.949823 0.537722
vt 0.936136 0.544571
vt 0.853769 0.905213
vt 0.853636 0.917698
vt 0.845967 0.913215
vt 0.845747 0.900557
vt 0.848162 0.900517
vt 0.848382 0.913173
vt 0.845400 0.920533
vt 0.845298 0.907891
vt 0.847002 0.920538
vt 0.854233 0.865270
vt 0.854237 0.877061
vt 0.827649 0.877067
vt 0.827644 0.865279
vt 0.962078 0.620557
vt 0.973391 0.614495
vt 0.969483 0.624300
vt 0.851197 0.853207
vt 0.852650 0.848183
vt 0.852401 0.853260
vt 0.843667 0.903322
vt 0.843587 0.895542
vt 0.846196 0.903351
vt 0.845186 0.853046
vt 0.845211 0.847980
vt 0.846324 0.853071
vt 0.957417 0.520839
vt 0.963413 0.530120
vt 0.845934 0.930054
vt 0.845848 0.917703
vt 0.847160 0.917696
vt 0.847198 0.930059
vt 0.849639 0.945334
vt 0.846920 0.945303
vt 0.846969 0.932918
vt 0.849698 0.932934
vt 0.941782 0.608088
vt 0.944958 0.603937
vt 0.973083 0.620041
vt 0.964677 0.631025
vt 0.849669 0.858091
vt 0.850973 0.858149
vt 0.846074 0.911287
vt 0.852059 0.911247
vt 0.968544 0.540177
vt 0.954000 0.546623
vt 0.852278 0.968282
vt 0.849611 0.968278
vt 0.852675 0.881611
vt 0.850040 0.881598
vt 0.850004 0.868365
vt 0.852694 0.868368
vt 0.917351 0.601674
vt 0.920896 0.605244
vt 0.918392 0.609109
vt 0.913545 0.604286
vt 0.963926 0.633381
vt 0.854224 0.841690
vt 0.854229 0.853480
vt 0.827640 0.853491
vt 0.827634 0.841701
vt 0.850715 0.863010
vt 0.852208 0.858210
vt 0.851906 0.863065
vt 0.844991 0.862762
vt 0.845117 0.857972
vt 0.846224 0.858008
vt 0.846053 0.862810
vt 0.843045 0.919379
vt 0.843388 0.911205
vt 0.845837 0.919473
vt 0.960197 0.565701
vt 0.975796 0.561840
vt 0.978027 0.573090
vt 0.962128 0.575608
vt 0.845687 0.955416
vt 0.845789 0.942614
vt 0.847102 0.942619
vt 0.847014 0.955418
vt 0.979820 0.629371
vt 0.973373 0.640223
vt 0.951943 0.561644
vt 0.957263 0.567555
vt 0.939670 0.615383
vt 0.942716 0.610594
vt 0.944956 0.619321
vt 0.921809 0.603878
vt 0.925874 0.605549
vt 0.950821 0.623640
vt 0.957141 0.628374
vt 0.847332 0.858038
vt 0.956196 0.634630
vt 0.941823 0.629522
vt 0.944322 0.621313
vt 0.959260 0.625296
vt 0.852382 0.930051
vt 0.853720 0.930046
vt 0.853864 0.942626
vt 0.846373 0.938524
vt 0.846190 0.925870
vt 0.848606 0.925832
vt 0.848788 0.938494
vt 0.845344 0.945281
vt 0.845385 0.932902
vt 0.951122 0.635345
vt 0.956891 0.641453
vt 0.940541 0.624434
vt 0.945631 0.629690
vt 0.847154 0.862861
vt 0.849459 0.862944
vt 0.851989 0.919459
vt 0.854534 0.911267
vt 0.854310 0.919486
vt 0.931119 0.651883
vt 0.935123 0.644879
vt 0.849666 0.786047
vt 0.852634 0.786350
vt 0.852414 0.800321
vt 0.849699 0.800334
vt 0.851958 0.957656
vt 0.852152 0.945365
vt 0.854029 0.945387
vt 0.853770 0.957683
vt 0.852655 0.855170
vt 0.849951 0.855163
vt 0.849868 0.841821
vt 0.852632 0.841825
vt 0.845250 0.957529
vt 0.846776 0.957552
vt 0.915427 0.597014
vt 0.910908 0.597969
vt 0.915448 0.591965
vt 0.917068 0.592271
vt 0.917035 0.596677
vt 0.940858 0.644605
vt 0.927123 0.646242
vt 0.927593 0.613837
vt 0.932782 0.613218
vt 0.852272 0.813955
vt 0.849409 0.814014
vt 0.849022 0.799945
vt 0.851920 0.799885
vt 0.853446 0.969815
vt 0.851668 0.969789
vt 0.846912 0.968251
vt 0.845575 0.968244
vt 0.849717 0.840046
vt 0.852417 0.840067
vt 0.852377 0.853070
vt 0.849696 0.853050
vt 0.935328 0.628734
vt 0.931526 0.623393
vt 0.935875 0.619680
vt 0.963230 0.585630
vt 0.979318 0.584481
vt 0.979451 0.595923
vt 0.963429 0.595704
vt 0.928491 0.625089
vt 0.938732 0.637403
vt 0.925907 0.632077
vt 0.845645 0.927932
vt 0.842671 0.927871
vt 0.854363 0.927794
vt 0.851890 0.927798
vt 0.845805 0.867597
vt 0.844687 0.867531
vt 0.918708 0.600746
vt 0.937626 0.611256
vt 0.953677 0.639411
vt 0.910901 0.591116
vt 0.846525 0.969672
vt 0.844956 0.969635
vt 0.848675 0.784762
vt 0.851809 0.785025
vt 0.848923 0.951159
vt 0.849010 0.963832
vt 0.846592 0.963847
vt 0.846507 0.951180
vt 0.849721 0.826940
vt 0.852502 0.826940
vt 0.853770 0.955445
vt 0.853664 0.968277
vt 0.922863 0.638823
vt 0.938528 0.553184
vt 0.945672 0.556825
vt 0.846906 0.867660
vt 0.849188 0.867749
vt 0.850468 0.867815
vt 0.851653 0.867862
vt 0.939491 0.634697
vt 0.948592 0.648200
vt 0.943982 0.641197
vt 0.939182 0.653414
vt 0.928809 0.657050
vt 0.827628 0.829911
vt 0.854218 0.829899
vt 0.955204 0.657788
vt 0.944196 0.664084
vt 0.962407 0.555242
vt 0.968204 0.563886
vt 0.932710 0.638553
vt 0.935908 0.645725
vt 0.926616 0.626309
vt 0.929593 0.632145
vt 0.848917 0.872615
vt 0.850238 0.872659
vt 0.851430 0.872673
vt 0.844422 0.872320
vt 0.845509 0.872427
vt 0.851851 0.936491
vt 0.854476 0.936439
vt 0.842613 0.936476
vt 0.845454 0.936600
vt 0.915720 0.536522
vt 0.919441 0.543544
vt 0.974431 0.629552
vt 0.970908 0.640271
vt 0.849802 0.892314
vt 0.852487 0.892320
vt 0.845407 0.981224
vt 0.846781 0.981246
vt 0.849707 0.879152
vt 0.852415 0.879144
vt 0.927394 0.533709
vt 0.937733 0.536737
vt 0.965010 0.649777
vt 0.854212 0.818109
vt 0.827622 0.818122
vt 0.955235 0.547807
vt 0.846621 0.872524
vt 0.930742 0.551078
vt 0.922910 0.550615
vt 0.961510 0.615632
vt 0.977125 0.618564
vt 0.852272 0.981265
vt 0.853669 0.981247
vt 0.975644 0.604217
vt 0.952456 0.643593
vt 0.849571 0.981265
vt 0.957458 0.556003
vt 0.972577 0.550858
vt 0.852429 0.994863
vt 0.849528 0.995167
vt 0.852582 0.894854
vt 0.846661 0.976514
vt 0.849077 0.976502
vt 0.849532 0.957605
vt 0.844498 0.982016
vt 0.846137 0.982089
vt 0.853864 0.994593
vt 0.917387 0.587299
vt 0.913508 0.584776
vt 0.854207 0.806319
vt 0.827617 0.806331
vt 0.927230 0.648628
vt 0.923624 0.634603
vt 0.925549 0.641173
vt 0.850259 0.877776
vt 0.851493 0.877553
vt 0.846098 0.877719
vt 0.848820 0.877950
vt 0.843804 0.877107
vt 0.844895 0.877457
vt 0.934045 0.620301
vt 0.928405 0.622537
vt 0.852215 0.945955
vt 0.854861 0.945392
vt 0.841919 0.945020
vt 0.844817 0.945734
vt 0.851466 0.982216
vt 0.853373 0.982225
vt 0.849165 0.969745
vt 0.922424 0.613068
vt 0.913442 0.644208
vt 0.918766 0.588199
vt 0.932322 0.668950
vt 0.921333 0.628606
vt 0.922399 0.623424
vt 0.922695 0.550244
vt 0.930668 0.572597
vt 0.944849 0.569271
vt 0.946518 0.577929
vt 0.932160 0.580151
vt 0.928599 0.565142
vt 0.942520 0.560789
vt 0.994206 0.608927
vt 0.978866 0.607326
vt 0.995092 0.596249
vt 0.994756 0.583523
vt 0.846925 0.853057
vt 0.846925 0.840067
vt 0.845144 0.994579
vt 0.846526 0.994854
vt 0.851452 0.995612
vt 0.853404 0.995245
vt 0.846723 0.989182
vt 0.849141 0.989170
vt 0.843781 0.994996
vt 0.845440 0.995400
vt 0.920969 0.583733
vt 0.918352 0.579910
vt 0.930385 0.583462
vt 0.925985 0.583430
vt 0.854223 0.983157
vt 0.854221 0.994945
vt 0.827635 0.994940
vt 0.827637 0.983152
vt 0.934716 0.544397
vt 0.926191 0.541928
vt 0.929148 0.557705
vt 0.923327 0.555567
vt 0.924910 0.549205
vt 0.931910 0.551386
vt 0.851709 0.796752
vt 0.851941 0.790436
vt 0.853454 0.790758
vt 0.853191 0.796770
vt 0.847217 0.796888
vt 0.846726 0.790319
vt 0.850147 0.790188
vt 0.850117 0.796753
vt 0.844475 0.797050
vt 0.843805 0.791031
vt 0.845209 0.790620
vt 0.845821 0.796960
vt 0.933808 0.565785
vt 0.938648 0.568085
vt 0.851721 0.826616
vt 0.852336 0.817536
vt 0.854861 0.818149
vt 0.854245 0.826734
vt 0.842539 0.826857
vt 0.842032 0.818076
vt 0.845022 0.817414
vt 0.845481 0.826756
vt 0.933003 0.602984
vt 0.947300 0.604206
vt 0.946158 0.612844
vt 0.932073 0.610499
vt 0.933333 0.595390
vt 0.947743 0.595469
vt 0.849642 0.866048
vt 0.846915 0.866044
vt 0.852446 0.907917
vt 0.849698 0.920533
vt 0.917639 0.610966
vt 0.900779 0.638644
vt 0.921899 0.585095
vt 0.930473 0.521878
vt 0.942174 0.526319
vt 0.926478 0.563422
vt 0.921333 0.561397
vt 0.942859 0.571367
vt 0.932618 0.637143
vt 0.923751 0.639161
vt 0.854238 0.888851
vt 0.827652 0.888855
vt 0.845333 0.842862
vt 0.852753 0.843023
vt 0.939594 0.552531
vt 0.849863 0.930071
vt 0.854353 0.907935
vt 0.946930 0.599097
vt 0.978302 0.607231
vt 0.937522 0.666567
vt 0.926863 0.658427
vt 0.854053 0.887727
vt 0.949715 0.602594
vt 0.843771 0.887892
vt 0.947391 0.676402
vt 0.845796 0.905214
vt 0.847082 0.905199
vt 0.930255 0.605581
vt 0.950631 0.512549
vt 0.987533 0.545765
vt 0.982711 0.533797
vt 0.854024 0.785432
vt 0.853986 0.799865
vt 0.925650 0.581815
vt 0.912181 0.544485
vt 0.925807 0.542106
vt 0.927094 0.574490
vt 0.921946 0.575389
vt 0.854360 0.813922
vt 0.846893 0.800329
vt 0.846878 0.813663
vt 0.845501 0.813653
vt 0.845494 0.800341
vt 0.845582 0.835188
vt 0.842841 0.835256
vt 0.845998 0.802999
vt 0.844588 0.803033
vt 0.853369 0.802768
vt 0.851873 0.802799
vt 0.947016 0.541553
vt 0.942649 0.548422
vt 0.952948 0.532056
vt 0.962764 0.539320
vt 0.944680 0.559566
vt 0.938563 0.554944
vt 0.949901 0.553811
vt 0.850390 0.808955
vt 0.850258 0.802844
vt 0.852045 0.808927
vt 0.948457 0.628801
vt 0.940947 0.633707
vt 0.845144 0.786661
vt 0.846593 0.786368
vt 0.917215 0.577611
vt 0.899662 0.550367
vt 0.930716 0.581847
vt 0.847025 0.855196
vt 0.846878 0.841875
vt 0.939196 0.592379
vt 0.937539 0.588300
vt 0.847094 0.868389
vt 0.985190 0.645950
vt 0.989414 0.633923
vt 0.962842 0.605718
vt 0.853948 0.835063
vt 0.851575 0.835013
vt 0.847387 0.802966
vt 0.934772 0.560841
vt 0.827640 0.971364
vt 0.854225 0.971369
vt 0.935576 0.569502
vt 0.931288 0.566073
vt 0.939920 0.564823
vt 0.845747 0.843155
vt 0.846133 0.809082
vt 0.847518 0.809052
vt 0.843135 0.843227
vt 0.979922 0.657543
vt 0.966277 0.650404
vt 0.849715 0.813678
vt 0.852461 0.813663
vt 0.845482 0.826939
vt 0.846849 0.826943
vt 0.852570 0.828033
vt 0.854688 0.828011
vt 0.845711 0.824512
vt 0.845977 0.811822
vt 0.848397 0.811882
vt 0.848130 0.824557
vt 0.844820 0.828147
vt 0.844515 0.814105
vt 0.846312 0.814077
vt 0.846599 0.828118
vt 0.935383 0.583813
vt 0.931585 0.577289
vt 0.937929 0.579942
vt 0.971249 0.548196
vt 0.950038 0.565204
vt 0.956080 0.560422
vt 0.939308 0.573613
vt 0.944414 0.569621
vt 0.850477 0.814997
vt 0.852074 0.814991
vt 0.846263 0.815090
vt 0.847631 0.815066
vt 0.844907 0.815105
vt 0.844757 0.809102
vt 0.954853 0.622597
vt 0.965762 0.678449
vt 0.973395 0.668446
vt 0.853889 0.813651
vt 0.853892 0.826945
vt 0.849738 0.828062
vt 0.932298 0.574978
vt 0.939579 0.543396
vt 0.934441 0.585164
vt 0.854230 0.947793
vt 0.854228 0.959581
vt 0.827642 0.959576
vt 0.827645 0.947788
vt 0.853583 0.808907
vt 0.853521 0.814996
vt 0.991106 0.558242
vt 0.846343 0.799132
vt 0.846720 0.786446
vt 0.849140 0.786518
vt 0.848764 0.799203
vt 0.924703 0.577275
vt 0.947493 0.586690
vt 0.844149 0.800073
vt 0.843430 0.785678
vt 0.845312 0.785237
vt 0.845971 0.800015
vt 0.934333 0.603925
vt 0.854138 0.786636
vt 0.853866 0.800328
vt 0.939168 0.596778
vt 0.853744 0.842982
vt 0.845953 0.850775
vt 0.851519 0.850516
vt 0.853820 0.840084
vt 0.848904 0.982195
vt 0.853935 0.872466
vt 0.854158 0.880096
vt 0.851847 0.880114
vt 0.851765 0.872508
vt 0.976839 0.522326
vt 0.969625 0.511516
vt 0.938806 0.601764
vt 0.935237 0.605295
vt 0.937461 0.600827
vt 0.945949 0.588719
vt 0.944588 0.583293
vt 0.950681 0.581195
vt 0.952358 0.587610
vt 0.983131 0.569709
vt 0.986146 0.581486
vt 0.845162 0.826767
vt 0.845035 0.821008
vt 0.846363 0.820996
vt 0.846450 0.826756
vt 0.851968 0.826758
vt 0.852060 0.820935
vt 0.853542 0.820950
vt 0.853378 0.826780
vt 0.944705 0.583949
vt 0.941425 0.579880
vt 0.963735 0.556371
vt 0.972415 0.567140
vt 0.933053 0.587764
vt 0.845505 0.837197
vt 0.847924 0.837229
vt 0.938925 0.587415
vt 0.942756 0.584822
vt 0.919433 0.645332
vt 0.915720 0.651657
vt 0.852337 0.866057
vt 0.845182 0.841912
vt 0.940769 0.597131
vt 0.945295 0.598002
vt 0.942653 0.604291
vt 0.853737 0.866063
vt 0.853825 0.879143
vt 0.965456 0.598922
vt 0.963527 0.607351
vt 0.848557 0.995843
vt 0.940814 0.592093
vt 0.993491 0.570877
vt 0.964799 0.576229
vt 0.961083 0.567951
vt 0.959405 0.586395
vt 0.957455 0.578867
vt 0.967130 0.585010
vt 0.923091 0.564366
vt 0.928548 0.564493
vt 0.947992 0.575170
vt 0.954286 0.571747
vt 0.951214 0.596928
vt 0.846968 0.892328
vt 0.937825 0.609094
vt 0.846533 0.837695
vt 0.847734 0.837700
vt 0.968032 0.594052
vt 0.953022 0.594240
vt 0.960207 0.594146
vt 0.851865 0.832370
vt 0.851681 0.837762
vt 0.850267 0.837715
vt 0.850406 0.832336
vt 0.854533 0.894861
vt 0.847777 0.832308
vt 0.846521 0.832316
vt 0.854655 0.868380
vt 0.854687 0.881620
vt 0.843788 0.872669
vt 0.843913 0.865442
vt 0.846242 0.865426
vt 0.846272 0.872691
vt 0.853912 0.892323
vt 0.846259 0.880285
vt 0.987416 0.593498
vt 0.845332 0.837686
vt 0.845277 0.832320
vt 0.951565 0.591169
vt 0.845620 0.892334
vt 0.852988 0.837803
vt 0.950826 0.585543
vt 0.847120 0.881598
vt 0.845290 0.894815
vt 0.845429 0.881605
vt 0.847824 0.875207
vt 0.847969 0.887862
vt 0.845553 0.887894
vt 0.845408 0.875226
vt 0.965683 0.590432
vt 0.930561 0.617884
vt 0.853772 0.853084
vt 0.847749 0.826740
vt 0.850446 0.826735
vt 0.847715 0.820979
vt 0.978178 0.558418
vt 0.992388 0.621464
vt 0.843700 0.858256
vt 0.843435 0.850851
vt 0.846142 0.858194
vt 0.846905 0.879151
vt 0.939159 0.616962
vt 0.946799 0.588738
vt 0.977956 0.579814
vt 0.959954 0.615359
vt 0.946368 0.575474
vt 0.854237 0.912430
vt 0.854235 0.924218
vt 0.827650 0.924214
vt 0.827653 0.912427
vt 0.925993 0.557811
vt 0.845378 0.849877
vt 0.847795 0.849893
vt 0.850496 0.820927
vt 0.853220 0.832400
vt 0.845405 0.868410
vt 0.845330 0.855226
vt 0.945338 0.591166
vt 0.851564 0.857938
vt 0.851674 0.865235
vt 0.942397 0.578212
vt 0.854646 0.841818
vt 0.854578 0.855172
vt 0.853620 0.850506
vt 0.853791 0.857914
vt 0.854232 0.936005
vt 0.827648 0.936000
vt 0.853720 0.865214
vt 0.845346 0.862552
vt 0.847763 0.862549
vt 0.845581 0.853065
vt 0.845600 0.840073
vt 0.937190 0.576818
vt 0.952526 0.548266
vt 0.949077 0.580251
vt 0.845517 0.879153
vt 0.956927 0.687372
vt 0.845564 0.866050
vt 0.979965 0.593500
vt 0.947558 0.593909
vt 0.843614 0.880282
vt 0.827654 0.900641
vt 0.854239 0.900641
vt 0.946441 0.594346
vt 0.961091 0.501849
vt 0.930515 0.583486
vt 0.930079 0.585638
vt 0.926532 0.585624
vt 0.926116 0.583475
vt 0.934583 0.585193
vt 0.933346 0.587003
vt 0.925679 0.607209
vt 0.924823 0.611753
vt 0.932351 0.575243
vt 0.939952 0.543738
vt 0.851284 0.955895
vt 0.849600 0.955941
vt 0.844662 0.784111
vt 0.844472 0.798467
vt 0.844129 0.811796
vt 0.844128 0.956085
vt 0.842212 0.956136
vt 0.847504 0.953590
vt 0.845146 0.953541
vt 0.851834 0.955979
vt 0.847291 0.930643
vt 0.845195 0.956169
vt 0.843837 0.956199
vt 0.962840 0.604905
vt 0.961631 0.614902
vt 0.963309 0.594855
vt 0.979378 0.594802
vt 0.922797 0.638705
vt 0.935227 0.644809
vt 0.931258 0.651999
vt 0.919271 0.645300
vt 0.927039 0.658614
vt 0.915488 0.651830
vt 0.853729 0.922539
vt 0.851294 0.922613
vt 0.845929 0.922845
vt 0.843810 0.922852
vt 0.947145 0.629380
vt 0.944968 0.626304
vt 0.851766 0.907764
vt 0.850470 0.907734
vt 0.849163 0.907713
vt 0.846448 0.907722
vt 0.844927 0.907705
vt 0.843487 0.907689
vt 0.936328 0.569148
vt 0.940642 0.564474
vt 0.945389 0.559270
vt 0.950414 0.553527
vt 0.955803 0.547405
vt 0.947468 0.541334
vt 0.949891 0.537395
vt 0.958829 0.544005
vt 0.938273 0.536613
vt 0.939936 0.532391
vt 0.961514 0.540973
vt 0.963261 0.538980
vt 0.854305 0.959360
vt 0.827722 0.959364
vt 0.923244 0.586966
vt 0.930733 0.607230
vt 0.931679 0.611759
vt 0.927153 0.574702
vt 0.926194 0.542308
vt 0.851573 0.968711
vt 0.846371 0.943037
vt 0.846756 0.956012
vt 0.844570 0.968918
vt 0.842676 0.968972
vt 0.847246 0.965935
vt 0.844889 0.965891
vt 0.852245 0.968619
vt 0.848540 0.981560
vt 0.845922 0.981625
vt 0.845587 0.968811
vt 0.844248 0.968846
vt 0.980986 0.657006
vt 0.986106 0.645139
vt 0.974604 0.668191
vt 0.959484 0.624705
vt 0.947229 0.603537
vt 0.854037 0.930004
vt 0.851438 0.930050
vt 0.845999 0.930276
vt 0.843743 0.930295
vt 0.939759 0.633654
vt 0.938147 0.630185
vt 0.851708 0.913459
vt 0.850386 0.913442
vt 0.849085 0.913426
vt 0.846393 0.913444
vt 0.844883 0.913433
vt 0.843487 0.913415
vt 0.932051 0.565744
vt 0.935504 0.560532
vt 0.939297 0.554650
vt 0.943290 0.548133
vt 0.949683 0.647955
vt 0.952401 0.651829
vt 0.942305 0.657657
vt 0.940266 0.653266
vt 0.957983 0.641121
vt 0.961316 0.644461
vt 0.952020 0.533959
vt 0.953403 0.531712
vt 0.854306 0.971147
vt 0.827724 0.971150
vt 0.827725 0.982937
vt 0.854307 0.982933
vt 0.942531 0.526240
vt 0.941505 0.528628
vt 0.935374 0.544201
vt 0.932639 0.551137
vt 0.929907 0.557426
vt 0.927264 0.563115
vt 0.843453 0.919025
vt 0.844837 0.919092
vt 0.846325 0.919145
vt 0.849041 0.919116
vt 0.850349 0.919097
vt 0.851611 0.919059
vt 0.930647 0.632776
vt 0.931626 0.636550
vt 0.843917 0.937736
vt 0.846046 0.937769
vt 0.851548 0.937567
vt 0.854022 0.937488
vt 0.844523 0.981646
vt 0.848843 0.786285
vt 0.851879 0.786672
vt 0.851297 0.800474
vt 0.848464 0.800398
vt 0.851286 0.981464
vt 0.852647 0.981411
vt 0.844684 0.978247
vt 0.847041 0.978286
vt 0.843161 0.981659
vt 0.845043 0.981622
vt 0.846011 0.929941
vt 0.852041 0.981375
vt 0.912546 0.544550
vt 0.921996 0.575549
vt 0.938023 0.609138
vt 0.935414 0.605318
vt 0.934487 0.603958
vt 0.920680 0.599556
vt 0.938995 0.601760
vt 0.942867 0.604284
vt 0.917244 0.577723
vt 0.899968 0.550304
vt 0.852820 0.994297
vt 0.845300 0.994958
vt 0.843350 0.994625
vt 0.846841 0.990639
vt 0.844483 0.990600
vt 0.853275 0.994705
vt 0.851906 0.995017
vt 0.848855 0.995388
vt 0.845976 0.995148
vt 0.844516 0.994899
vt 0.986248 0.544890
vt 0.971632 0.550233
vt 0.932766 0.602370
vt 0.854531 0.944958
vt 0.851992 0.945548
vt 0.845709 0.945548
vt 0.843544 0.945070
vt 0.923087 0.638027
vt 0.922572 0.634131
vt 0.941085 0.565384
vt 0.938588 0.569127
vt 0.852033 0.924711
vt 0.850706 0.925047
vt 0.849276 0.925276
vt 0.846073 0.925283
vt 0.844404 0.924989
vt 0.843002 0.924636
vt 0.922149 0.561109
vt 0.924123 0.555314
vt 0.925683 0.548994
vt 0.926941 0.541775
vt 0.928133 0.533646
vt 0.929865 0.524611
vt 0.930931 0.522067
vt 0.854309 0.994720
vt 0.827727 0.994723
vt 0.933289 0.602118
vt 0.940936 0.597103
vt 0.945477 0.597950
vt 0.917326 0.611084
vt 0.922090 0.613235
vt 0.912796 0.644284
vt 0.900188 0.638593
vt 0.852819 0.784825
vt 0.851960 0.798779
vt 0.845648 0.876930
vt 0.842450 0.798429
vt 0.842519 0.784487
vt 0.846963 0.787948
vt 0.847146 0.800939
vt 0.844667 0.800971
vt 0.844484 0.787982
vt 0.853275 0.786984
vt 0.852691 0.800523
vt 0.845900 0.786520
vt 0.845785 0.800330
vt 0.844338 0.800310
vt 0.844437 0.786762
vt 0.994930 0.594648
vt 0.930634 0.572161
vt 0.855025 0.818208
vt 0.854366 0.826642
vt 0.851549 0.826527
vt 0.852163 0.817513
vt 0.845149 0.826580
vt 0.844883 0.817319
vt 0.842638 0.826586
vt 0.842301 0.817856
vt 0.922617 0.549945
vt 0.930919 0.551037
vt 0.930168 0.554682
vt 0.922272 0.553727
vt 0.929297 0.626878
vt 0.928311 0.622281
vt 0.922240 0.627694
vt 0.922456 0.622880
vt 0.851810 0.837976
vt 0.851382 0.843128
vt 0.850214 0.843066
vt 0.850626 0.837655
vt 0.849020 0.843017
vt 0.849326 0.837433
vt 0.846559 0.843032
vt 0.846402 0.837319
vt 0.845144 0.843049
vt 0.844870 0.837575
vt 0.843867 0.843093
vt 0.843561 0.837874
vt 0.922149 0.628462
vt 0.927444 0.626111
vt 0.930480 0.631959
vt 0.924497 0.634475
vt 0.933660 0.638378
vt 0.926486 0.641065
vt 0.936925 0.645561
vt 0.928235 0.648538
vt 0.929884 0.656971
vt 0.932230 0.666347
vt 0.944155 0.661489
vt 0.945370 0.663953
vt 0.933465 0.668897
vt 0.854307 0.806106
vt 0.854306 0.817896
vt 0.827715 0.817893
vt 0.827716 0.806103
vt 0.937682 0.588312
vt 0.935849 0.589522
vt 0.940945 0.592057
vt 0.945466 0.591106
vt 0.927251 0.614055
vt 0.926456 0.646456
vt 0.851277 0.812045
vt 0.843730 0.824669
vt 0.842187 0.811736
vt 0.847299 0.813932
vt 0.844821 0.813960
vt 0.852313 0.813690
vt 0.845512 0.813521
vt 0.844106 0.813482
vt 0.915488 0.536989
vt 0.927578 0.530257
vt 0.931728 0.537202
vt 0.919240 0.543823
vt 0.854351 0.835201
vt 0.851443 0.835195
vt 0.845015 0.835336
vt 0.842356 0.835298
vt 0.938916 0.553423
vt 0.937521 0.556894
vt 0.851333 0.848263
vt 0.850134 0.848247
vt 0.848954 0.848233
vt 0.846509 0.848250
vt 0.845136 0.848244
vt 0.843867 0.848254
vt 0.932362 0.623142
vt 0.936221 0.628490
vt 0.940445 0.634455
vt 0.945005 0.640955
vt 0.966533 0.552030
vt 0.972737 0.561231
vt 0.954810 0.655292
vt 0.956387 0.657549
vt 0.854304 0.829686
vt 0.827714 0.829683
vt 0.827713 0.841473
vt 0.854302 0.841476
vt 0.966190 0.649430
vt 0.964262 0.647465
vt 0.930782 0.662001
vt 0.928718 0.528831
vt 0.952146 0.635027
vt 0.946573 0.629383
vt 0.941432 0.624135
vt 0.936716 0.619380
vt 0.843845 0.853405
vt 0.845113 0.853394
vt 0.846482 0.853398
vt 0.848928 0.853371
vt 0.850102 0.853374
vt 0.851237 0.853377
vt 0.944308 0.560522
vt 0.946408 0.557333
vt 0.842351 0.844121
vt 0.844852 0.844160
vt 0.851439 0.844013
vt 0.854434 0.844006
vt 0.925825 0.631868
vt 0.938847 0.637171
vt 0.843774 0.826505
vt 0.845151 0.826548
vt 0.851998 0.826715
vt 0.844956 0.826948
vt 0.847432 0.826921
vt 0.841855 0.824606
vt 0.850780 0.824855
vt 0.940207 0.644956
vt 0.932447 0.613489
vt 0.939038 0.587387
vt 0.935483 0.583818
vt 0.938003 0.579955
vt 0.937311 0.611574
vt 0.953079 0.639890
vt 0.850635 0.837834
vt 0.841337 0.837628
vt 0.847573 0.839891
vt 0.845101 0.839919
vt 0.851707 0.839842
vt 0.844767 0.839679
vt 0.843335 0.839651
vt 0.943373 0.659824
vt 0.854532 0.853091
vt 0.851381 0.853047
vt 0.844776 0.853142
vt 0.842044 0.853117
vt 0.952973 0.562675
vt 0.950365 0.565326
vt 0.851309 0.858481
vt 0.850116 0.858492
vt 0.848954 0.858501
vt 0.846492 0.858531
vt 0.845131 0.858545
vt 0.843838 0.858562
vt 0.940516 0.615038
vt 0.945840 0.618976
vt 0.951718 0.623282
vt 0.958166 0.627974
vt 0.965016 0.632972
vt 0.968842 0.635698
vt 0.970606 0.623829
vt 0.974715 0.625840
vt 0.972234 0.638150
vt 0.974514 0.639784
vt 0.854301 0.853266
vt 0.827711 0.853263
vt 0.930842 0.581872
vt 0.931691 0.577342
vt 0.941499 0.608448
vt 0.964163 0.631615
vt 0.850307 0.850952
vt 0.848674 0.850923
vt 0.841194 0.850794
vt 0.847725 0.852819
vt 0.845264 0.852847
vt 0.851294 0.852826
vt 0.844622 0.852706
vt 0.843236 0.852686
vt 0.949001 0.537610
vt 0.854162 0.862126
vt 0.851215 0.862041
vt 0.844735 0.862151
vt 0.842157 0.862172
vt 0.958421 0.569158
vt 0.955267 0.571308
vt 0.851331 0.863573
vt 0.850196 0.863598
vt 0.849019 0.863623
vt 0.846562 0.863634
vt 0.845225 0.863655
vt 0.843988 0.863671
vt 0.943572 0.610214
vt 0.949408 0.613232
vt 0.955914 0.616547
vt 0.963087 0.620088
vt 0.974361 0.613895
vt 0.978904 0.615244
vt 0.981199 0.604162
vt 0.978452 0.627687
vt 0.980901 0.628876
vt 0.854299 0.865055
vt 0.827710 0.865053
vt 0.925802 0.581861
vt 0.924860 0.577342
vt 0.944717 0.604330
vt 0.972679 0.620715
vt 0.850205 0.863895
vt 0.848540 0.863876
vt 0.841116 0.863797
vt 0.847856 0.865688
vt 0.845408 0.865712
vt 0.851158 0.865581
vt 0.844449 0.865491
vt 0.843102 0.865473
vt 0.944147 0.529613
vt 0.938892 0.522331
vt 0.937838 0.666885
vt 0.853819 0.870692
vt 0.851014 0.870621
vt 0.844810 0.870768
vt 0.842349 0.870811
vt 0.962454 0.576587
vt 0.959040 0.578039
vt 0.851541 0.868709
vt 0.850327 0.868741
vt 0.849134 0.868768
vt 0.846663 0.868806
vt 0.845274 0.868821
vt 0.843962 0.868827
vt 0.945774 0.605038
vt 0.951937 0.606990
vt 0.958874 0.609209
vt 0.966393 0.611478
vt 0.981686 0.592984
vt 0.980425 0.581945
vt 0.982858 0.616436
vt 0.985446 0.617199
vt 0.854298 0.876844
vt 0.827710 0.876844
vt 0.950780 0.611825
vt 0.946885 0.609293
vt 0.977415 0.571271
vt 0.928264 0.594542
vt 0.968191 0.550702
vt 0.960239 0.542413
vt 0.951010 0.535596
vt 0.940763 0.530413
vt 0.929236 0.526573
vt 0.931455 0.664333
vt 0.943280 0.659671
vt 0.953663 0.653644
vt 0.962856 0.646045
vt 0.970622 0.636993
vt 0.976678 0.626812
vt 0.980979 0.615872
vt 0.983332 0.604437
vt 0.983819 0.592909
vt 0.982502 0.581536
vt 0.979400 0.570545
vt 0.974590 0.560194
vt 0.961410 0.567716
vt 0.956403 0.560293
vt 0.962631 0.555185
vt 0.968534 0.563589
vt 0.846702 0.849067
vt 0.846452 0.854774
vt 0.845082 0.854718
vt 0.845258 0.849003
vt 0.853605 0.849368
vt 0.853223 0.855068
vt 0.851969 0.854998
vt 0.852266 0.849299
vt 0.854263 0.936381
vt 0.854261 0.948170
vt 0.827676 0.948166
vt 0.827678 0.936378
vt 0.850953 0.849233
vt 0.850669 0.854931
vt 0.847964 0.854841
vt 0.848228 0.849139
vt 0.948544 0.575075
vt 0.944944 0.569603
vt 0.950459 0.565207
vt 0.954749 0.571595
vt 0.943017 0.613873
vt 0.946347 0.617001
vt 0.941320 0.621494
vt 0.938566 0.617683
vt 0.845581 0.908331
vt 0.845545 0.915508
vt 0.843530 0.915499
vt 0.843410 0.908330
vt 0.851325 0.927674
vt 0.851289 0.940269
vt 0.848886 0.940261
vt 0.848920 0.927669
vt 0.850868 0.908184
vt 0.850901 0.915371
vt 0.845858 0.853940
vt 0.848524 0.853957
vt 0.848454 0.866914
vt 0.845813 0.866884
vt 0.852805 0.932521
vt 0.852720 0.945591
vt 0.851076 0.945588
vt 0.851125 0.932530
vt 0.926006 0.557860
vt 0.939166 0.552500
vt 0.942141 0.560538
vt 0.928657 0.564941
vt 0.925801 0.581834
vt 0.921140 0.583742
vt 0.990438 0.632870
vt 0.975124 0.628789
vt 0.977589 0.617607
vt 0.993155 0.620148
vt 0.845624 0.931679
vt 0.845695 0.944453
vt 0.844337 0.944455
vt 0.844227 0.931684
vt 0.854264 0.924593
vt 0.827680 0.924592
vt 0.848443 0.891049
vt 0.851403 0.891053
vt 0.851364 0.904811
vt 0.848441 0.904788
vt 0.845492 0.932523
vt 0.845569 0.945578
vt 0.843659 0.945588
vt 0.843544 0.932512
vt 0.845854 0.840717
vt 0.848544 0.840736
vt 0.941706 0.580031
vt 0.937504 0.576924
vt 0.953143 0.548536
vt 0.964266 0.556760
vt 0.853360 0.908184
vt 0.853217 0.915367
vt 0.926110 0.583450
vt 0.922876 0.550912
vt 0.935654 0.544785
vt 0.926461 0.603438
vt 0.979026 0.606223
vt 0.994672 0.607330
vt 0.980956 0.569896
vt 0.975823 0.559358
vt 0.978074 0.558035
vt 0.983418 0.568940
vt 0.851278 0.918462
vt 0.848414 0.918423
vt 0.852430 0.931727
vt 0.852232 0.944472
vt 0.850951 0.944462
vt 0.851085 0.931710
vt 0.969223 0.549814
vt 0.943006 0.578150
vt 0.939903 0.573594
vt 0.935454 0.624897
vt 0.933536 0.620702
vt 0.958859 0.616840
vt 0.953592 0.623775
vt 0.950723 0.621100
vt 0.955577 0.614832
vt 0.945234 0.583191
vt 0.951291 0.581042
vt 0.852528 0.843545
vt 0.851212 0.843496
vt 0.850903 0.901008
vt 0.845550 0.901152
vt 0.994325 0.581887
vt 0.978984 0.583326
vt 0.992693 0.569321
vt 0.851344 0.915069
vt 0.848938 0.915067
vt 0.848251 0.906180
vt 0.851150 0.906178
vt 0.851117 0.919343
vt 0.848209 0.919352
vt 0.931712 0.577356
vt 0.854265 0.912805
vt 0.827680 0.912805
vt 0.953032 0.587434
vt 0.958025 0.578629
vt 0.960097 0.586147
vt 0.851393 0.837880
vt 0.848532 0.843389
vt 0.848746 0.837780
vt 0.846986 0.843313
vt 0.942449 0.572667
vt 0.945623 0.569400
vt 0.949808 0.574415
vt 0.946175 0.576944
vt 0.965326 0.575842
vt 0.932885 0.587060
vt 0.947694 0.594814
vt 0.933053 0.594753
vt 0.927794 0.564948
vt 0.928531 0.560551
vt 0.934774 0.562349
vt 0.933150 0.566413
vt 0.962614 0.609112
vt 0.959059 0.607796
vt 0.848250 0.944440
vt 0.850986 0.956969
vt 0.848317 0.956972
vt 0.845579 0.918411
vt 0.844135 0.918409
vt 0.852804 0.919331
vt 0.923253 0.586946
vt 0.920731 0.589445
vt 0.853934 0.837945
vt 0.853825 0.843599
vt 0.852667 0.837910
vt 0.967767 0.584620
vt 0.972862 0.572986
vt 0.975869 0.582945
vt 0.847285 0.837708
vt 0.845586 0.843248
vt 0.845935 0.837640
vt 0.946985 0.588945
vt 0.944943 0.584135
vt 0.972831 0.567622
vt 0.978236 0.580355
vt 0.845505 0.893982
vt 0.843537 0.901159
vt 0.843370 0.894016
vt 0.931909 0.610119
vt 0.946225 0.612351
vt 0.944468 0.620947
vt 0.930458 0.617635
vt 0.848885 0.799966
vt 0.852018 0.800043
vt 0.851741 0.814081
vt 0.848721 0.814020
vt 0.848935 0.902452
vt 0.848918 0.889812
vt 0.851332 0.889808
vt 0.851345 0.902450
vt 0.981008 0.533190
vt 0.967263 0.539914
vt 0.962122 0.530138
vt 0.974922 0.522202
vt 0.845400 0.886489
vt 0.851059 0.886345
vt 0.850938 0.893831
vt 0.852812 0.904819
vt 0.852670 0.918475
vt 0.853385 0.893874
vt 0.853214 0.901013
vt 0.851149 0.893014
vt 0.852866 0.893022
vt 0.852833 0.906168
vt 0.967673 0.511837
vt 0.955988 0.521187
vt 0.949184 0.513243
vt 0.959149 0.502594
vt 0.848506 0.838787
vt 0.851259 0.838770
vt 0.851273 0.851687
vt 0.848464 0.851704
vt 0.844143 0.904764
vt 0.844155 0.891010
vt 0.845643 0.891025
vt 0.845613 0.904774
vt 0.848459 0.825884
vt 0.851200 0.825864
vt 0.961703 0.574852
vt 0.946262 0.577344
vt 0.959646 0.565070
vt 0.845573 0.906157
vt 0.845524 0.919332
vt 0.843567 0.919307
vt 0.843620 0.906130
vt 0.961126 0.600331
vt 0.961632 0.592658
vt 0.965377 0.592589
vt 0.964773 0.600945
vt 0.950724 0.587275
vt 0.955037 0.586319
vt 0.955802 0.592783
vt 0.951334 0.592873
vt 0.848392 0.970490
vt 0.851074 0.970469
vt 0.851225 0.982580
vt 0.848603 0.982613
vt 0.851539 0.832423
vt 0.852764 0.832438
vt 0.953745 0.594066
vt 0.947163 0.594221
vt 0.946633 0.588595
vt 0.953026 0.643449
vt 0.967263 0.650187
vt 0.961940 0.660104
vt 0.948649 0.652095
vt 0.986910 0.580722
vt 0.988325 0.592957
vt 0.985668 0.593050
vt 0.984246 0.581265
vt 0.848645 0.864547
vt 0.851349 0.864538
vt 0.851342 0.877590
vt 0.848510 0.877600
vt 0.968364 0.602779
vt 0.968722 0.593661
vt 0.977023 0.593382
vt 0.976521 0.603836
vt 0.847698 0.827122
vt 0.847562 0.832345
vt 0.846290 0.832288
vt 0.846421 0.827094
vt 0.853994 0.827116
vt 0.853994 0.832460
vt 0.852815 0.827117
vt 0.845697 0.879844
vt 0.845686 0.892988
vt 0.843688 0.892978
vt 0.843761 0.879844
vt 0.853890 0.878592
vt 0.853618 0.886404
vt 0.851213 0.878523
vt 0.851511 0.827492
vt 0.848630 0.827470
vt 0.848978 0.832397
vt 0.960901 0.593910
vt 0.852715 0.877591
vt 0.852812 0.891056
vt 0.854264 0.889228
vt 0.854265 0.901016
vt 0.827679 0.901019
vt 0.827677 0.889230
vt 0.953368 0.600742
vt 0.960566 0.601758
vt 0.851588 0.827116
vt 0.849087 0.827137
vt 0.955325 0.599329
vt 0.950860 0.598532
vt 0.947006 0.599305
vt 0.947689 0.594124
vt 0.980099 0.594061
vt 0.978288 0.607775
vt 0.845299 0.878657
vt 0.843165 0.886528
vt 0.842961 0.878693
vt 0.956695 0.555602
vt 0.956749 0.634335
vt 0.971787 0.639732
vt 0.985155 0.604904
vt 0.987741 0.605224
vt 0.946895 0.599873
vt 0.851305 0.877141
vt 0.848885 0.877147
vt 0.851533 0.840748
vt 0.845833 0.877568
vt 0.844412 0.877554
vt 0.953517 0.605712
vt 0.949247 0.604034
vt 0.852946 0.879903
vt 0.851278 0.879885
vt 0.964404 0.584212
vt 0.960697 0.585029
vt 0.953152 0.546464
vt 0.922264 0.564620
vt 0.921868 0.560102
vt 0.932119 0.579502
vt 0.953051 0.580086
vt 0.948891 0.581917
vt 0.851032 0.969491
vt 0.848419 0.969492
vt 0.975002 0.560996
vt 0.989856 0.556969
vt 0.848312 0.893000
vt 0.942048 0.629323
vt 0.928446 0.624980
vt 0.849001 0.784476
vt 0.852551 0.784918
vt 0.958485 0.688287
vt 0.948410 0.677146
vt 0.955613 0.669096
vt 0.967427 0.678889
vt 0.848459 0.813081
vt 0.851146 0.813073
vt 0.962966 0.584812
vt 0.851659 0.995245
vt 0.848774 0.995621
vt 0.975941 0.559931
vt 0.974237 0.560871
vt 0.967817 0.551188
vt 0.969332 0.549981
vt 0.983653 0.582336
vt 0.981762 0.582652
vt 0.978917 0.571495
vt 0.980754 0.570862
vt 0.984021 0.605693
vt 0.982117 0.605423
vt 0.982799 0.594011
vt 0.984712 0.593989
vt 0.977034 0.628472
vt 0.975284 0.627580
vt 0.979643 0.616728
vt 0.981503 0.617305
vt 0.962683 0.647840
vt 0.961312 0.646423
vt 0.969101 0.637594
vt 0.970680 0.638766
vt 0.942714 0.661525
vt 0.941849 0.659715
vt 0.952159 0.653840
vt 0.953281 0.655467
vt 0.941170 0.528668
vt 0.940383 0.530464
vt 0.928715 0.526274
vt 0.929399 0.524289
vt 0.961160 0.541345
vt 0.959867 0.542781
vt 0.950660 0.535852
vt 0.951699 0.534213
vt 0.972345 0.561895
vt 0.966129 0.552518
vt 0.979667 0.583005
vt 0.976890 0.572186
vt 0.980004 0.605126
vt 0.980677 0.594044
vt 0.973348 0.626601
vt 0.977586 0.616084
vt 0.959810 0.644843
vt 0.967346 0.636292
vt 0.940920 0.657709
vt 0.950935 0.652027
vt 0.958441 0.544376
vt 0.930834 0.666261
vt 0.930084 0.664255
vt 0.929428 0.661944
vt 0.939508 0.532458
vt 0.928136 0.528565
vt 0.949515 0.537659
vt 0.951624 0.620132
vt 0.946956 0.616079
vt 0.951023 0.610495
vt 0.956331 0.613519
vt 0.938842 0.630280
vt 0.936014 0.624701
vt 0.941939 0.620904
vt 0.945743 0.625807
vt 0.922783 0.635177
vt 0.922159 0.628504
vt 0.929428 0.627300
vt 0.931153 0.633396
vt 0.936967 0.556719
vt 0.935028 0.561908
vt 0.928906 0.560347
vt 0.929854 0.554784
vt 0.949307 0.564305
vt 0.945531 0.568366
vt 0.940595 0.564651
vt 0.943505 0.559946
vt 0.957964 0.576110
vt 0.952833 0.578514
vt 0.949626 0.573060
vt 0.954143 0.569778
vt 0.961717 0.590762
vt 0.955867 0.591039
vt 0.954916 0.584583
vt 0.960509 0.583201
vt 0.959641 0.606208
vt 0.953913 0.604262
vt 0.955558 0.597695
vt 0.961461 0.598520
vt 0.923380 0.586938
vt 0.926666 0.585590
vt 0.928401 0.594517
vt 0.926575 0.603418
vt 0.923308 0.602040
vt 0.920823 0.599521
vt 0.937329 0.592775
vt 0.937312 0.596331
vt 0.930122 0.603442
vt 0.930213 0.585614
vt 0.919487 0.596248
vt 0.919506 0.592708
vt 0.935983 0.589491
vt 0.933409 0.602106
vt 0.922368 0.560062
vt 0.922218 0.554094
vt 0.920863 0.589435
vt 0.935936 0.599610
vt 0.933483 0.586976
vt 0.986638 0.606044
vt 0.984069 0.618082
vt 0.944794 0.605610
vt 0.946019 0.600167
vt 0.952465 0.601109
vt 0.950913 0.607605
vt 0.946880 0.608057
vt 0.943415 0.612968
vt 0.849165 0.894718
vt 0.849261 0.889540
vt 0.850649 0.889576
vt 0.850530 0.894748
vt 0.947983 0.652509
vt 0.960760 0.660520
vt 0.954491 0.669175
vt 0.942953 0.660261
vt 0.850743 0.901323
vt 0.853373 0.901352
vt 0.853249 0.914141
vt 0.850605 0.914107
vt 0.847241 0.874182
vt 0.850008 0.874197
vt 0.849904 0.886922
vt 0.847078 0.886909
vt 0.915762 0.591937
vt 0.915730 0.596977
vt 0.911222 0.597914
vt 0.911230 0.591088
vt 0.975179 0.583750
vt 0.976235 0.594110
vt 0.948325 0.613770
vt 0.957799 0.609845
vt 0.954747 0.617076
vt 0.846662 0.899738
vt 0.846726 0.894644
vt 0.849066 0.899786
vt 0.851677 0.901731
vt 0.851586 0.893785
vt 0.853850 0.893751
vt 0.854058 0.901699
vt 0.945144 0.529888
vt 0.932337 0.537424
vt 0.928222 0.530266
vt 0.939911 0.522377
vt 0.850293 0.939870
vt 0.852973 0.939920
vt 0.852604 0.953007
vt 0.849901 0.952933
vt 0.845010 0.849398
vt 0.844872 0.861705
vt 0.843078 0.861673
vt 0.843172 0.849366
vt 0.959623 0.602211
vt 0.967276 0.603341
vt 0.965296 0.612192
vt 0.845550 0.894632
vt 0.845600 0.889481
vt 0.846800 0.889497
vt 0.845829 0.893937
vt 0.845877 0.886336
vt 0.851544 0.886188
vt 0.972545 0.573645
vt 0.961228 0.574521
vt 0.964083 0.582247
vt 0.949912 0.538189
vt 0.936198 0.545025
vt 0.854743 0.901370
vt 0.854624 0.914162
vt 0.846132 0.913884
vt 0.846108 0.901250
vt 0.848519 0.901248
vt 0.848540 0.913877
vt 0.851673 0.861788
vt 0.851581 0.874200
vt 0.850059 0.861775
vt 0.854089 0.865187
vt 0.854093 0.876976
vt 0.827506 0.876985
vt 0.827502 0.865196
vt 0.961835 0.620737
vt 0.973168 0.614760
vt 0.969189 0.624531
vt 0.850396 0.899825
vt 0.851820 0.894783
vt 0.851602 0.899869
vt 0.842982 0.901803
vt 0.843238 0.893888
vt 0.845688 0.901868
vt 0.844368 0.899712
vt 0.844354 0.894621
vt 0.845510 0.899727
vt 0.957540 0.521298
vt 0.963529 0.530599
vt 0.846452 0.926856
vt 0.846583 0.914070
vt 0.847933 0.914083
vt 0.847783 0.926889
vt 0.847746 0.836971
vt 0.850503 0.837059
vt 0.850205 0.849478
vt 0.847476 0.849426
vt 0.941627 0.608375
vt 0.944855 0.604265
vt 0.972776 0.620721
vt 0.848908 0.904727
vt 0.850214 0.904773
vt 0.845494 0.910133
vt 0.851685 0.910071
vt 0.968650 0.540675
vt 0.954080 0.547107
vt 0.852186 0.966129
vt 0.849459 0.966063
vt 0.844380 0.899840
vt 0.846961 0.899849
vt 0.847034 0.912825
vt 0.844373 0.912825
vt 0.921256 0.583744
vt 0.917683 0.587283
vt 0.913823 0.584775
vt 0.918650 0.579939
vt 0.963583 0.633542
vt 0.854079 0.841609
vt 0.854084 0.853398
vt 0.827497 0.853408
vt 0.827493 0.841620
vt 0.850004 0.909638
vt 0.851195 0.909680
vt 0.844273 0.909453
vt 0.844347 0.904653
vt 0.845457 0.904678
vt 0.845337 0.909489
vt 0.842389 0.918545
vt 0.842692 0.910054
vt 0.845285 0.918624
vt 0.960256 0.566216
vt 0.975878 0.562373
vt 0.978096 0.573639
vt 0.962174 0.576138
vt 0.845752 0.952827
vt 0.846147 0.939765
vt 0.847464 0.939801
vt 0.847107 0.952859
vt 0.979509 0.629717
vt 0.972859 0.640386
vt 0.951670 0.561742
vt 0.957000 0.567635
vt 0.939507 0.615501
vt 0.942565 0.610736
vt 0.944758 0.619444
vt 0.919047 0.588198
vt 0.917373 0.592262
vt 0.950579 0.623769
vt 0.956861 0.628510
vt 0.846567 0.904697
vt 0.956169 0.635188
vt 0.941810 0.630068
vt 0.944295 0.621849
vt 0.959205 0.625879
vt 0.853134 0.926967
vt 0.854519 0.926987
vt 0.854398 0.939948
vt 0.846271 0.939102
vt 0.846189 0.926501
vt 0.848594 0.926488
vt 0.848673 0.939085
vt 0.852100 0.837120
vt 0.851784 0.849519
vt 0.950841 0.635414
vt 0.956551 0.641508
vt 0.940347 0.624521
vt 0.945397 0.629769
vt 0.846440 0.909527
vt 0.848747 0.909584
vt 0.851656 0.918569
vt 0.854242 0.910081
vt 0.854058 0.918582
vt 0.931152 0.652431
vt 0.935134 0.645430
vt 0.848723 0.784585
vt 0.851754 0.784809
vt 0.851809 0.798705
vt 0.849135 0.798762
vt 0.845542 0.824330
vt 0.845196 0.836923
vt 0.843291 0.836885
vt 0.843674 0.824281
vt 0.844428 0.925968
vt 0.847182 0.925942
vt 0.847304 0.939270
vt 0.844614 0.939306
vt 0.852508 0.824566
vt 0.850935 0.824509
vt 0.925913 0.581826
vt 0.924962 0.577312
vt 0.930956 0.581850
vt 0.930650 0.583468
vt 0.926249 0.583433
vt 0.940245 0.644880
vt 0.926491 0.646346
vt 0.927366 0.613948
vt 0.932563 0.613394
vt 0.845337 0.966911
vt 0.848170 0.966810
vt 0.848756 0.980749
vt 0.845903 0.980835
vt 0.844197 0.811697
vt 0.846701 0.965971
vt 0.845335 0.965932
vt 0.850181 0.837820
vt 0.852811 0.837786
vt 0.853024 0.850401
vt 0.850419 0.850428
vt 0.935147 0.628786
vt 0.931376 0.623459
vt 0.935714 0.619773
vt 0.963262 0.586173
vt 0.979373 0.585048
vt 0.979489 0.596506
vt 0.963446 0.596261
vt 0.928465 0.625650
vt 0.938725 0.637951
vt 0.925893 0.632648
vt 0.845150 0.927388
vt 0.842068 0.927348
vt 0.854174 0.927177
vt 0.851615 0.927200
vt 0.845145 0.914283
vt 0.844025 0.914232
vt 0.922181 0.585101
vt 0.937431 0.611492
vt 0.953129 0.639846
vt 0.931805 0.577309
vt 0.851379 0.811948
vt 0.853006 0.812011
vt 0.849427 0.995832
vt 0.846219 0.995641
vt 0.848770 0.951669
vt 0.848880 0.964244
vt 0.846481 0.964266
vt 0.846369 0.951689
vt 0.849872 0.825014
vt 0.852601 0.824946
vt 0.854011 0.953041
vt 0.853602 0.966158
vt 0.922867 0.639403
vt 0.938253 0.553330
vt 0.945395 0.556946
vt 0.846248 0.914334
vt 0.848532 0.914394
vt 0.849813 0.914445
vt 0.850998 0.914477
vt 0.939274 0.634730
vt 0.948284 0.648176
vt 0.943723 0.641207
vt 0.938929 0.653347
vt 0.928586 0.656933
vt 0.827488 0.829832
vt 0.854074 0.829820
vt 0.954816 0.657708
vt 0.943899 0.663941
vt 0.962506 0.555358
vt 0.968293 0.564067
vt 0.932520 0.638548
vt 0.935685 0.645689
vt 0.926484 0.626351
vt 0.929433 0.632165
vt 0.848323 0.919265
vt 0.849645 0.919292
vt 0.850838 0.919290
vt 0.843823 0.919029
vt 0.844912 0.919121
vt 0.851643 0.936198
vt 0.854359 0.936123
vt 0.842080 0.936257
vt 0.845022 0.936362
vt 0.915771 0.536934
vt 0.919485 0.543970
vt 0.974377 0.630165
vt 0.970780 0.640847
vt 0.850773 0.888607
vt 0.853407 0.888617
vt 0.844850 0.979202
vt 0.846257 0.979262
vt 0.850740 0.875828
vt 0.853374 0.875816
vt 0.927405 0.533594
vt 0.937783 0.536672
vt 0.964562 0.649796
vt 0.854069 0.818032
vt 0.827483 0.818043
vt 0.955330 0.547859
vt 0.846026 0.919204
vt 0.930475 0.551249
vt 0.922947 0.551055
vt 0.961484 0.616208
vt 0.977111 0.619176
vt 0.851864 0.979404
vt 0.853297 0.979417
vt 0.975484 0.604522
vt 0.952420 0.644111
vt 0.849116 0.979356
vt 0.957528 0.556502
vt 0.972672 0.551373
vt 0.851718 0.993404
vt 0.848654 0.993626
vt 0.844464 0.886892
vt 0.846597 0.976836
vt 0.848996 0.976813
vt 0.848100 0.824407
vt 0.853671 0.799167
vt 0.851970 0.799066
vt 0.853202 0.993158
vt 0.935617 0.583786
vt 0.938134 0.579912
vt 0.854064 0.806244
vt 0.827478 0.806255
vt 0.927043 0.648553
vt 0.923489 0.634597
vt 0.925390 0.641137
vt 0.849734 0.924409
vt 0.850965 0.924170
vt 0.845571 0.924407
vt 0.848297 0.924602
vt 0.843268 0.923826
vt 0.844364 0.924161
vt 0.933816 0.620402
vt 0.928171 0.622640
vt 0.852095 0.945991
vt 0.854830 0.945387
vt 0.841431 0.945107
vt 0.844436 0.945822
vt 0.846442 0.798853
vt 0.844462 0.798814
vt 0.848640 0.811832
vt 0.922207 0.613115
vt 0.912836 0.644140
vt 0.934718 0.585165
vt 0.932066 0.668848
vt 0.921223 0.628626
vt 0.922159 0.623529
vt 0.922440 0.550438
vt 0.930680 0.573077
vt 0.944884 0.569767
vt 0.946542 0.578439
vt 0.932163 0.580644
vt 0.928619 0.565609
vt 0.942565 0.561272
vt 0.994254 0.609561
vt 0.978881 0.607926
vt 0.995158 0.596856
vt 0.994835 0.584108
vt 0.847732 0.850484
vt 0.847465 0.837904
vt 0.844176 0.992890
vt 0.845585 0.993214
vt 0.846660 0.784950
vt 0.844629 0.785301
vt 0.846717 0.989403
vt 0.849115 0.989381
vt 0.854613 0.785706
vt 0.852897 0.785261
vt 0.939180 0.587362
vt 0.942995 0.584744
vt 0.939463 0.596770
vt 0.939490 0.592372
vt 0.854100 0.983079
vt 0.854099 0.994867
vt 0.827513 0.994865
vt 0.827513 0.983076
vt 0.926168 0.541849
vt 0.923245 0.555544
vt 0.851102 0.843398
vt 0.851388 0.837102
vt 0.852894 0.837436
vt 0.852579 0.843428
vt 0.846621 0.843495
vt 0.846189 0.836939
vt 0.849602 0.836838
vt 0.849514 0.843385
vt 0.843885 0.843632
vt 0.843268 0.837623
vt 0.844673 0.837226
vt 0.845228 0.843555
vt 0.933573 0.565921
vt 0.938409 0.568206
vt 0.851778 0.826386
vt 0.852427 0.817732
vt 0.854830 0.818333
vt 0.854185 0.826515
vt 0.843023 0.826552
vt 0.842600 0.818177
vt 0.845454 0.817567
vt 0.845828 0.826477
vt 0.932979 0.603510
vt 0.947290 0.604745
vt 0.946137 0.613385
vt 0.932044 0.611034
vt 0.933317 0.595905
vt 0.947744 0.596001
vt 0.850557 0.863064
vt 0.847903 0.863088
vt 0.844620 0.874146
vt 0.847397 0.861753
vt 0.917449 0.610953
vt 0.900243 0.638418
vt 0.937821 0.588291
vt 0.930540 0.521715
vt 0.942283 0.526219
vt 0.926384 0.563445
vt 0.921223 0.561394
vt 0.942620 0.571474
vt 0.932388 0.637261
vt 0.923512 0.639280
vt 0.854097 0.888765
vt 0.827510 0.888773
vt 0.844453 0.889471
vt 0.851901 0.889612
vt 0.939648 0.552999
vt 0.850532 0.926942
vt 0.842752 0.874124
vt 0.946888 0.599449
vt 0.978155 0.607978
vt 0.937577 0.667056
vt 0.926923 0.658974
vt 0.853677 0.886181
vt 0.949498 0.602676
vt 0.843431 0.886326
vt 0.947397 0.676808
vt 0.846709 0.901318
vt 0.848027 0.901318
vt 0.917337 0.596647
vt 0.950759 0.512989
vt 0.987651 0.546296
vt 0.982841 0.534308
vt 0.844006 0.995265
vt 0.843852 0.980883
vt 0.941103 0.592035
vt 0.912836 0.544400
vt 0.926491 0.542194
vt 0.927367 0.574592
vt 0.922207 0.575425
vt 0.843270 0.966975
vt 0.846717 0.812006
vt 0.845360 0.812034
vt 0.844988 0.798918
vt 0.845863 0.834519
vt 0.843251 0.834562
vt 0.845353 0.849579
vt 0.843947 0.849601
vt 0.852706 0.849411
vt 0.851214 0.849430
vt 0.947094 0.541545
vt 0.942681 0.548432
vt 0.953093 0.532023
vt 0.962928 0.539360
vt 0.938553 0.554969
vt 0.949948 0.553872
vt 0.849683 0.855555
vt 0.849603 0.849461
vt 0.851334 0.855541
vt 0.948245 0.628911
vt 0.940726 0.633822
vt 0.844176 0.785331
vt 0.845607 0.784990
vt 0.917449 0.577587
vt 0.900243 0.550122
vt 0.941079 0.597098
vt 0.850090 0.925894
vt 0.850282 0.939190
vt 0.930551 0.605593
vt 0.934631 0.603930
vt 0.849908 0.912785
vt 0.985073 0.646720
vt 0.989388 0.634631
vt 0.962839 0.606285
vt 0.853848 0.834458
vt 0.851582 0.834395
vt 0.846738 0.849558
vt 0.934725 0.560880
vt 0.827515 0.971288
vt 0.854102 0.971290
vt 0.935505 0.569583
vt 0.931207 0.566124
vt 0.939883 0.564898
vt 0.845943 0.842122
vt 0.851441 0.841981
vt 0.845436 0.855646
vt 0.846818 0.855628
vt 0.843461 0.842160
vt 0.979655 0.658189
vt 0.966214 0.651016
vt 0.849512 0.811942
vt 0.852217 0.811854
vt 0.845714 0.825123
vt 0.847055 0.825090
vt 0.844834 0.952971
vt 0.842737 0.953022
vt 0.846385 0.825015
vt 0.846489 0.812236
vt 0.848928 0.812256
vt 0.848821 0.825034
vt 0.852505 0.952747
vt 0.853015 0.966648
vt 0.851237 0.966702
vt 0.850745 0.952801
vt 0.939119 0.601768
vt 0.945636 0.597961
vt 0.942994 0.604310
vt 0.971422 0.548311
vt 0.950042 0.565316
vt 0.956128 0.560536
vt 0.939241 0.573724
vt 0.944380 0.569732
vt 0.849722 0.861583
vt 0.851315 0.861589
vt 0.845515 0.861642
vt 0.846881 0.861629
vt 0.844161 0.861646
vt 0.844064 0.855654
vt 0.954647 0.622698
vt 0.965603 0.678834
vt 0.973170 0.668938
vt 0.853624 0.811804
vt 0.853994 0.824910
vt 0.847637 0.952901
vt 0.932564 0.575145
vt 0.940245 0.543659
vt 0.937765 0.600828
vt 0.854104 0.947712
vt 0.854102 0.959501
vt 0.827515 0.959499
vt 0.827516 0.947711
vt 0.852867 0.855532
vt 0.852759 0.861604
vt 0.991211 0.558791
vt 0.846595 0.799456
vt 0.846702 0.786675
vt 0.849140 0.786695
vt 0.849034 0.799476
vt 0.945636 0.591082
vt 0.947506 0.587212
vt 0.853590 0.980534
vt 0.854614 0.994808
vt 0.852755 0.995286
vt 0.851784 0.980626
vt 0.918994 0.600728
vt 0.853254 0.785065
vt 0.853246 0.798679
vt 0.926148 0.605566
vt 0.853600 0.842023
vt 0.845980 0.849386
vt 0.851395 0.849239
vt 0.854152 0.837769
vt 0.849100 0.798914
vt 0.853618 0.870978
vt 0.853805 0.878583
vt 0.851503 0.878592
vt 0.851454 0.871009
vt 0.976980 0.522817
vt 0.969775 0.511984
vt 0.921156 0.605206
vt 0.917622 0.601633
vt 0.922094 0.603859
vt 0.945865 0.588898
vt 0.944514 0.583454
vt 0.950630 0.581369
vt 0.952288 0.587806
vt 0.983278 0.570003
vt 0.986249 0.581899
vt 0.844326 0.873307
vt 0.844241 0.867544
vt 0.845568 0.867542
vt 0.845615 0.873304
vt 0.851134 0.873335
vt 0.851259 0.867520
vt 0.852739 0.867544
vt 0.852542 0.873364
vt 0.944856 0.584273
vt 0.941627 0.580163
vt 0.964233 0.556939
vt 0.972776 0.567817
vt 0.933047 0.588269
vt 0.846292 0.837778
vt 0.935519 0.605316
vt 0.938119 0.609148
vt 0.919460 0.645917
vt 0.915771 0.652245
vt 0.853183 0.863041
vt 0.851968 0.939141
vt 0.925796 0.607170
vt 0.924925 0.611702
vt 0.918626 0.609058
vt 0.854547 0.863030
vt 0.854747 0.875813
vt 0.965247 0.598990
vt 0.963324 0.607429
vt 0.849668 0.784754
vt 0.930839 0.607212
vt 0.993582 0.571443
vt 0.964811 0.576450
vt 0.961121 0.568119
vt 0.959353 0.586618
vt 0.957432 0.579061
vt 0.967100 0.585276
vt 0.922874 0.564532
vt 0.928320 0.564644
vt 0.947952 0.575314
vt 0.954281 0.571902
vt 0.950995 0.597007
vt 0.848051 0.888629
vt 0.913817 0.604222
vt 0.845656 0.884275
vt 0.846862 0.884280
vt 0.967946 0.594332
vt 0.952929 0.594446
vt 0.960118 0.594383
vt 0.851009 0.878945
vt 0.850818 0.884343
vt 0.849402 0.884296
vt 0.849549 0.878908
vt 0.842557 0.886883
vt 0.846916 0.878871
vt 0.845657 0.878875
vt 0.842480 0.912826
vt 0.842409 0.899833
vt 0.843492 0.871131
vt 0.843657 0.863903
vt 0.845995 0.863905
vt 0.845974 0.871165
vt 0.854778 0.888628
vt 0.845931 0.878745
vt 0.987275 0.593948
vt 0.844449 0.884264
vt 0.844409 0.878873
vt 0.951342 0.591247
vt 0.846760 0.888636
vt 0.852128 0.884384
vt 0.950598 0.585623
vt 0.849818 0.899840
vt 0.851579 0.886930
vt 0.851472 0.899827
vt 0.848550 0.875934
vt 0.848525 0.888602
vt 0.846109 0.888599
vt 0.846130 0.875929
vt 0.965463 0.590494
vt 0.930529 0.618430
vt 0.854379 0.850390
vt 0.846915 0.873295
vt 0.849613 0.873305
vt 0.846920 0.867535
vt 0.978348 0.558616
vt 0.992408 0.622132
vt 0.843504 0.856651
vt 0.843640 0.849394
vt 0.846023 0.856649
vt 0.847961 0.875851
vt 0.938935 0.617060
vt 0.946888 0.589088
vt 0.978155 0.580560
vt 0.959752 0.615448
vt 0.946132 0.575569
vt 0.854102 0.912344
vt 0.854103 0.924134
vt 0.827516 0.924136
vt 0.827515 0.912348
vt 0.926022 0.558264
vt 0.846218 0.850520
vt 0.848646 0.850533
vt 0.849698 0.867501
vt 0.852364 0.878979
vt 0.851574 0.912751
vt 0.851779 0.925854
vt 0.931769 0.611740
vt 0.851369 0.856493
vt 0.851409 0.863754
vt 0.942328 0.578350
vt 0.842609 0.939343
vt 0.842462 0.925995
vt 0.853430 0.849244
vt 0.853565 0.856491
vt 0.854104 0.935923
vt 0.827516 0.935923
vt 0.853446 0.863746
vt 0.846164 0.863238
vt 0.848588 0.863246
vt 0.846429 0.850515
vt 0.846177 0.837943
vt 0.937432 0.577047
vt 0.953128 0.548692
vt 0.948845 0.580336
vt 0.846612 0.875860
vt 0.956846 0.687677
vt 0.846590 0.863106
vt 0.979991 0.594269
vt 0.947582 0.594269
vt 0.843292 0.878734
vt 0.827513 0.900561
vt 0.854100 0.900554
vt 0.946345 0.594532
vt 0.961247 0.502294
vt 0.937625 0.600834
vt 0.934494 0.603943
vt 0.932632 0.575032
vt 0.940249 0.543529
vt 0.852578 0.958225
vt 0.850986 0.958228
vt 0.845813 0.784792
vt 0.845926 0.814024
vt 0.845751 0.958256
vt 0.843900 0.958275
vt 0.851240 0.952862
vt 0.848837 0.952852
vt 0.852281 0.956972
vt 0.848310 0.931665
vt 0.845734 0.956975
vt 0.844390 0.956973
vt 0.962948 0.604941
vt 0.961769 0.614964
vt 0.963387 0.594872
vt 0.979471 0.594758
vt 0.922895 0.638977
vt 0.935390 0.645057
vt 0.931434 0.652285
vt 0.919381 0.645609
vt 0.927226 0.658939
vt 0.915609 0.652176
vt 0.853379 0.922532
vt 0.850918 0.922559
vt 0.845494 0.922687
vt 0.843353 0.922650
vt 0.947055 0.629487
vt 0.944815 0.626403
vt 0.852981 0.860687
vt 0.851700 0.860621
vt 0.850407 0.860565
vt 0.847720 0.860500
vt 0.846211 0.860442
vt 0.844783 0.860387
vt 0.936179 0.569528
vt 0.940462 0.564868
vt 0.945166 0.559680
vt 0.950133 0.553963
vt 0.955439 0.547897
vt 0.947182 0.541742
vt 0.949519 0.537886
vt 0.958479 0.544429
vt 0.937974 0.537080
vt 0.939591 0.532914
vt 0.961132 0.541416
vt 0.854260 0.959957
vt 0.827674 0.959953
vt 0.911039 0.591098
vt 0.927434 0.574489
vt 0.926491 0.542092
vt 0.852598 0.970458
vt 0.848245 0.945567
vt 0.848235 0.958219
vt 0.845913 0.970517
vt 0.844105 0.970532
vt 0.851184 0.965453
vt 0.848781 0.965442
vt 0.852354 0.969490
vt 0.848334 0.982044
vt 0.845787 0.982046
vt 0.845777 0.969493
vt 0.844457 0.969494
vt 0.981346 0.657114
vt 0.986432 0.645187
vt 0.974988 0.668363
vt 0.959650 0.624801
vt 0.947296 0.603613
vt 0.853548 0.930082
vt 0.850919 0.930079
vt 0.845413 0.930200
vt 0.843131 0.930174
vt 0.939631 0.633901
vt 0.937962 0.630410
vt 0.852777 0.866315
vt 0.851470 0.866265
vt 0.850183 0.866216
vt 0.847518 0.866167
vt 0.846024 0.866118
vt 0.844640 0.866064
vt 0.931919 0.566148
vt 0.935343 0.560957
vt 0.939101 0.555103
vt 0.943051 0.548642
vt 0.950031 0.648248
vt 0.952818 0.652105
vt 0.942673 0.658222
vt 0.940522 0.653774
vt 0.958295 0.641321
vt 0.961574 0.644551
vt 0.951635 0.534452
vt 0.953041 0.532156
vt 0.854258 0.971746
vt 0.827672 0.971741
vt 0.827670 0.983529
vt 0.854255 0.983534
vt 0.942166 0.526776
vt 0.941150 0.529160
vt 0.935198 0.544665
vt 0.932478 0.551614
vt 0.929774 0.557880
vt 0.927156 0.563540
vt 0.844469 0.871623
vt 0.845838 0.871723
vt 0.847311 0.871811
vt 0.850001 0.871848
vt 0.851296 0.871860
vt 0.852545 0.871852
vt 0.930408 0.633113
vt 0.931440 0.636918
vt 0.843160 0.937708
vt 0.845315 0.937783
vt 0.850886 0.937685
vt 0.853391 0.937652
vt 0.844416 0.982033
vt 0.848318 0.786294
vt 0.851305 0.786590
vt 0.851115 0.800136
vt 0.848336 0.800140
vt 0.851003 0.982024
vt 0.852299 0.982005
vt 0.848723 0.978035
vt 0.851126 0.978046
vt 0.844317 0.982641
vt 0.846113 0.982642
vt 0.848162 0.932531
vt 0.852791 0.982547
vt 0.912840 0.544326
vt 0.922276 0.575334
vt 0.911037 0.597972
vt 0.917522 0.577506
vt 0.900258 0.550075
vt 0.853275 0.994885
vt 0.846092 0.995366
vt 0.844239 0.995010
vt 0.851068 0.990639
vt 0.848665 0.990628
vt 0.852591 0.994829
vt 0.851264 0.995098
vt 0.848314 0.995388
vt 0.845542 0.995093
vt 0.844167 0.994827
vt 0.986050 0.544852
vt 0.971510 0.550265
vt 0.932776 0.602478
vt 0.853763 0.945221
vt 0.851182 0.945769
vt 0.844824 0.945648
vt 0.842642 0.945123
vt 0.922824 0.638505
vt 0.922260 0.634571
vt 0.940500 0.565354
vt 0.938059 0.569067
vt 0.852830 0.877455
vt 0.851508 0.877756
vt 0.850089 0.877950
vt 0.846918 0.877881
vt 0.845273 0.877552
vt 0.843892 0.877170
vt 0.922070 0.561557
vt 0.924020 0.555794
vt 0.925552 0.549513
vt 0.926746 0.542344
vt 0.927798 0.534270
vt 0.929564 0.525147
vt 0.930626 0.522617
vt 0.854253 0.995322
vt 0.827667 0.995317
vt 0.919342 0.596279
vt 0.921056 0.605268
vt 0.917591 0.610859
vt 0.922352 0.613013
vt 0.913038 0.644053
vt 0.900436 0.638354
vt 0.854442 0.785346
vt 0.853877 0.800100
vt 0.848410 0.879862
vt 0.843828 0.799963
vt 0.843559 0.785241
vt 0.851071 0.787917
vt 0.851117 0.800674
vt 0.848682 0.800683
vt 0.848636 0.787925
vt 0.852682 0.786858
vt 0.852483 0.800146
vt 0.845439 0.786606
vt 0.845708 0.800147
vt 0.844289 0.800168
vt 0.844012 0.786884
vt 0.995041 0.594527
vt 0.930760 0.572128
vt 0.855091 0.818234
vt 0.854507 0.826610
vt 0.851710 0.826519
vt 0.852245 0.817568
vt 0.845358 0.826624
vt 0.842867 0.826651
vt 0.842460 0.817990
vt 0.922166 0.550259
vt 0.930364 0.551273
vt 0.929651 0.554875
vt 0.921854 0.553993
vt 0.928979 0.627165
vt 0.927931 0.622530
vt 0.921854 0.628069
vt 0.922019 0.623200
vt 0.852847 0.790402
vt 0.852731 0.795676
vt 0.851537 0.795686
vt 0.851621 0.790149
vt 0.850317 0.795709
vt 0.850283 0.790003
vt 0.847810 0.795877
vt 0.847298 0.790068
vt 0.846371 0.795982
vt 0.845754 0.790423
vt 0.845074 0.796106
vt 0.844439 0.790809
vt 0.922070 0.628749
vt 0.927410 0.626403
vt 0.930447 0.632291
vt 0.924411 0.634812
vt 0.933643 0.638757
vt 0.926391 0.641466
vt 0.936945 0.645974
vt 0.928149 0.649055
vt 0.929898 0.657702
vt 0.932426 0.667335
vt 0.944642 0.662105
vt 0.945964 0.664625
vt 0.933766 0.670000
vt 0.854265 0.806703
vt 0.854265 0.818493
vt 0.827675 0.818493
vt 0.827675 0.806703
vt 0.927513 0.613837
vt 0.926696 0.646234
vt 0.853495 0.814115
vt 0.845965 0.827464
vt 0.843889 0.814021
vt 0.851162 0.813433
vt 0.848727 0.813441
vt 0.852477 0.813062
vt 0.845804 0.813084
vt 0.844424 0.813084
vt 0.915609 0.537323
vt 0.927585 0.530582
vt 0.931740 0.537464
vt 0.919367 0.544093
vt 0.854561 0.835107
vt 0.851674 0.835123
vt 0.845298 0.835312
vt 0.842661 0.835295
vt 0.938271 0.553565
vt 0.936921 0.557001
vt 0.853000 0.800920
vt 0.851775 0.800975
vt 0.850570 0.801030
vt 0.848080 0.801193
vt 0.846683 0.801269
vt 0.845394 0.801357
vt 0.932361 0.623438
vt 0.936228 0.628809
vt 0.940483 0.634804
vt 0.945093 0.641335
vt 0.966127 0.552342
vt 0.972357 0.561378
vt 0.955320 0.655542
vt 0.956967 0.657774
vt 0.854265 0.830283
vt 0.827676 0.830283
vt 0.827676 0.842072
vt 0.854265 0.842073
vt 0.966516 0.649403
vt 0.964562 0.647492
vt 0.930875 0.662874
vt 0.928417 0.529346
vt 0.952305 0.635367
vt 0.946635 0.629692
vt 0.941454 0.624439
vt 0.936728 0.619677
vt 0.845683 0.806582
vt 0.846966 0.806498
vt 0.848354 0.806425
vt 0.850838 0.806265
vt 0.852035 0.806207
vt 0.853193 0.806150
vt 0.943648 0.560529
vt 0.945695 0.557364
vt 0.842717 0.844040
vt 0.845198 0.844064
vt 0.851734 0.843877
vt 0.854708 0.843850
vt 0.938995 0.637380
vt 0.844452 0.825865
vt 0.845805 0.825870
vt 0.852530 0.825848
vt 0.848765 0.826202
vt 0.851200 0.826196
vt 0.843984 0.827447
vt 0.853183 0.827508
vt 0.940446 0.644744
vt 0.932709 0.613274
vt 0.931721 0.611739
vt 0.937573 0.611363
vt 0.953320 0.639688
vt 0.853264 0.840754
vt 0.843891 0.840693
vt 0.851229 0.838959
vt 0.848795 0.838964
vt 0.852596 0.838757
vt 0.845782 0.838787
vt 0.844368 0.838789
vt 0.943621 0.660091
vt 0.854860 0.852878
vt 0.851727 0.852850
vt 0.842460 0.852956
vt 0.952223 0.562586
vt 0.949668 0.565228
vt 0.853517 0.811363
vt 0.852301 0.811424
vt 0.851120 0.811484
vt 0.848630 0.811620
vt 0.847260 0.811696
vt 0.940521 0.615341
vt 0.945850 0.619264
vt 0.951748 0.623546
vt 0.958222 0.628182
vt 0.965064 0.633045
vt 0.968956 0.635790
vt 0.970584 0.623966
vt 0.974680 0.625953
vt 0.972340 0.638180
vt 0.974558 0.639733
vt 0.854265 0.853862
vt 0.827676 0.853862
vt 0.941762 0.608240
vt 0.964410 0.631421
vt 0.853089 0.854002
vt 0.851412 0.853993
vt 0.843916 0.853926
vt 0.848822 0.851717
vt 0.852581 0.851684
vt 0.845863 0.851721
vt 0.844480 0.851723
vt 0.948914 0.537799
vt 0.854531 0.861872
vt 0.851595 0.861794
vt 0.845153 0.861911
vt 0.842595 0.861932
vt 0.957667 0.568943
vt 0.954567 0.571102
vt 0.853713 0.816568
vt 0.852558 0.816620
vt 0.851367 0.816672
vt 0.848896 0.816749
vt 0.847561 0.816806
vt 0.846332 0.816860
vt 0.943555 0.610521
vt 0.949392 0.613511
vt 0.955902 0.616794
vt 0.963078 0.620287
vt 0.974283 0.614073
vt 0.978807 0.615406
vt 0.981096 0.604383
vt 0.978397 0.627764
vt 0.980825 0.628931
vt 0.854264 0.865651
vt 0.827676 0.865651
vt 0.944982 0.604124
vt 0.972933 0.620528
vt 0.852935 0.866951
vt 0.851312 0.866942
vt 0.843936 0.866873
vt 0.851276 0.864444
vt 0.848850 0.864450
vt 0.852689 0.864540
vt 0.845916 0.864550
vt 0.844556 0.864546
vt 0.944053 0.529866
vt 0.938793 0.522650
vt 0.938094 0.667198
vt 0.854196 0.870422
vt 0.851396 0.870344
vt 0.845214 0.870468
vt 0.842770 0.870499
vt 0.961745 0.576251
vt 0.958378 0.577738
vt 0.853985 0.821798
vt 0.852758 0.821829
vt 0.851558 0.821858
vt 0.849094 0.821905
vt 0.847713 0.821925
vt 0.846419 0.821938
vt 0.945729 0.605348
vt 0.951889 0.607270
vt 0.958823 0.609457
vt 0.966334 0.611690
vt 0.981601 0.593190
vt 0.980251 0.582061
vt 0.982733 0.616588
vt 0.985302 0.617340
vt 0.854264 0.877440
vt 0.827677 0.877441
vt 0.950498 0.611705
vt 0.946538 0.609202
vt 0.977180 0.571333
vt 0.967758 0.551015
vt 0.950631 0.536089
vt 0.940413 0.530939
vt 0.928935 0.527099
vt 0.931600 0.665269
vt 0.943708 0.660263
vt 0.954127 0.653908
vt 0.963137 0.646105
vt 0.970732 0.637053
vt 0.976634 0.626906
vt 0.980869 0.616028
vt 0.983224 0.604661
vt 0.983741 0.593121
vt 0.982350 0.581643
vt 0.979161 0.570585
vt 0.974185 0.560324
usemtl Exterior_Mat
s 1
f 3423/4060 3425/4061 3337/4062 3338/4063
f 3692/4064 3694/4065 3385/4066 3386/4067
f 3450/4068 3449/4069 3685/4070 3683/4071
f 3322/4072 3321/4073 3305/4074 3306/4075
f 3667/4076 3669/4077 3710/4078 3708/4079
f 3432/4080 3434/4081 3403/4082 3401/4083
f 3449/4084 3830/4085 3816/4086 3448/4087
f 3482/4088 3481/4089 3465/4090 3466/4091
f 3562/4092 3561/4093 3545/4094 3546/4095
f 3498/4096 3497/4097 3481/4089 3482/4088
f 3774/4098 3747/4099 3737/4100 3775/4101
f 3578/4102 3577/4103 3760/4104 3758/4105
f 3522/4106 3894/4107 3879/4108 3521/4109
f 3610/4110 3609/4111 3593/4112 3594/4113
f 3530/4114 3868/4115 3866/4116 3531/4117
f 3648/4118 3637/4119 3636/4120 3645/4121
f 3810/4122 3812/4123 3529/4124 3530/4125
f 3323/4126 3322/4072 3306/4075 3307/4127
f 3721/4128 3783/4129 3784/4130 3723/4131
f 3782/4132 3768/4133 3561/4134 3562/4135
f 3773/4136 3744/4137 3747/4099 3774/4098
f 3594/4138 3593/4139 3577/4140 3578/4141
f 3514/4142 3513/4143 3497/4097 3498/4096
f 3646/4144 3644/4145 3609/4111 3610/4110
f 3523/4146 3892/4147 3894/4107 3522/4106
f 3645/4121 3636/4120 3635/4148 3642/4149
f 3531/4117 3866/4116 3864/4150 3532/4151
f 3360/4152 3362/4153 3322/4154 3323/4155
f 3723/4131 3784/4130 3786/4156 3726/4157
f 3546/4158 3545/4159 3790/4160 3788/4161
f 3362/4153 3364/4162 3321/4163 3322/4154
f 3386/4164 3385/4165 3434/4081 3432/4080
f 3683/4071 3685/4070 3669/4077 3667/4076
f 3708/4079 3710/4078 3694/4065 3692/4064
f 3401/4083 3403/4082 3425/4061 3423/4060
f 3448/4087 3816/4086 3818/4166 3447/4167
f 3466/4168 3465/4169 3839/4170 3837/4171
f 3387/4172 3386/4164 3432/4080 3445/4173
f 3681/4174 3683/4071 3667/4076 3665/4175
f 3499/4176 3498/4096 3482/4088 3483/4177
f 3534/4178 3877/4179 3876/4180 3535/4181
f 3563/4182 3562/4092 3546/4095 3547/4183
f 3745/4184 3754/4185 3756/4186 3748/4187
f 3611/4188 3610/4110 3594/4113 3595/4189
f 3324/4190 3323/4126 3307/4127 3308/4191
f 3443/4192 3445/4173 3412/4193 3409/4194
f 3663/4195 3665/4175 3706/4196 3704/4197
f 3706/4196 3708/4079 3692/4064 3690/4198
f 3457/4199 3819/4200 3820/4201 3456/4202
f 3412/4193 3401/4083 3423/4060 3420/4203
f 3518/4204 3882/4205 3883/4206 3517/4207
f 3460/4208 3829/4209 3815/4210 3459/4211
f 3467/4212 3466/4168 3837/4171 3835/4213
f 3731/4214 3790/4160 3792/4215 3734/4216
f 3808/4217 3810/4122 3530/4125 3531/4218
f 3579/4219 3578/4102 3758/4105 3756/4186
f 3644/4145 3625/4220 3624/4221 3641/4222
f 3452/4223 3451/4224 3681/4174 3679/4225
f 3418/4226 3420/4203 3339/4227 3340/4228
f 3688/4229 3690/4198 3387/4230 3388/4231
f 3596/4232 3595/4233 3579/4234 3580/4235
f 3484/4236 3483/4177 3467/4237 3468/4238
f 3652/4239 3628/4240 3627/4241 3649/4242
f 3596/4243 3597/4244 3613/4245 3612/4246
f 3515/4247 3887/4248 3889/4249 3514/4250
f 3735/4251 3759/4252 3761/4253 3738/4254
f 3548/4255 3549/4256 3565/4257 3564/4258
f 3538/4259 3873/4260 3871/4261 3539/4262
f 3484/4236 3485/4263 3501/4264 3500/4265
f 3548/4266 3547/4267 3786/4156 3784/4130
f 3516/4268 3515/4269 3499/4176 3500/4265
f 3652/4239 3649/4242 3611/4188 3612/4246
f 3754/4185 3753/4270 3581/4271 3580/4272
f 3540/4273 3869/4274 3867/4275 3541/4276
f 3722/4277 3795/4278 3796/4279 3725/4280
f 3532/4281 3533/4282 3805/4283 3806/4284
f 3719/4285 3793/4286 3795/4278 3722/4277
f 3854/4287 3881/4288 3880/4289 3851/4290
f 3778/4291 3780/4292 3563/4293 3564/4294
f 3833/4295 3832/4296 3469/4297 3468/4298
f 3454/4299 3822/4300 3823/4301 3453/4302
f 3742/4303 3764/4304 3755/4305 3746/4306
f 3663/4195 3662/4307 3678/4308 3679/4225
f 3443/4192 3442/4309 3389/4310 3388/4311
f 3860/4312 3872/4313 3863/4314 3847/4315
f 3324/4316 3325/4317 3357/4318 3358/4319
f 3728/4320 3797/4321 3798/4322 3732/4323
f 3416/4324 3417/4325 3341/4326 3342/4327
f 3702/4328 3687/4329 3389/4330 3390/4331
f 3454/4332 3453/4333 3678/4308 3677/4334
f 3776/4335 3777/4336 3565/4337 3566/4338
f 3518/4339 3517/4340 3501/4264 3502/4341
f 3738/4254 3761/4253 3763/4342 3741/4343
f 3640/4344 3654/4345 3613/4245 3614/4346
f 3688/4229 3687/4329 3703/4347 3704/4197
f 3418/4226 3417/4325 3407/4348 3409/4194
f 3550/4349 3549/4350 3783/4129 3798/4322
f 3326/4351 3325/4352 3309/4353 3310/4354
f 3441/4355 3442/4309 3407/4348 3404/4356
f 3661/4357 3662/4307 3703/4347 3718/4358
f 3453/4302 3823/4301 3824/4359 3452/4360
f 3598/4361 3597/4362 3581/4363 3582/4364
f 3486/4365 3485/4263 3469/4366 3470/4367
f 3851/4290 3880/4289 3879/4108 3848/4368
f 3679/4225 3678/4308 3453/4333 3452/4223
f 3388/4231 3389/4330 3687/4329 3688/4229
f 3340/4228 3341/4326 3417/4325 3418/4226
f 3857/4369 3870/4370 3872/4313 3860/4312
f 3356/4371 3357/4318 3325/4317 3326/4372
f 3390/4373 3389/4310 3442/4309 3441/4355
f 3677/4334 3678/4308 3662/4307 3661/4357
f 3566/4374 3565/4257 3549/4256 3550/4375
f 3502/4341 3501/4264 3485/4263 3486/4365
f 3741/4343 3763/4342 3765/4376 3744/4137
f 3614/4346 3613/4245 3597/4244 3598/4377
f 3704/4197 3703/4347 3662/4307 3663/4195
f 3804/4378 3805/4283 3533/4282 3534/4379
f 3409/4194 3407/4348 3442/4309 3443/4192
f 3732/4323 3798/4322 3783/4129 3721/4128
f 3308/4191 3309/4353 3325/4352 3324/4190
f 3404/4356 3407/4348 3417/4325 3416/4324
f 3718/4358 3703/4347 3687/4329 3702/4328
f 3452/4360 3824/4359 3826/4380 3451/4381
f 3582/4382 3581/4271 3753/4270 3752/4383
f 3470/4384 3469/4297 3832/4296 3831/4385
f 3848/4368 3879/4108 3894/4107 3862/4386
f 3445/4173 3432/4080 3401/4083 3412/4193
f 3665/4175 3667/4076 3708/4079 3706/4196
f 3461/4387 3827/4388 3829/4209 3460/4208
f 3483/4177 3482/4088 3466/4091 3467/4237
f 3519/4389 3881/4288 3882/4205 3518/4204
f 3547/4267 3546/4158 3788/4161 3786/4156
f 3595/4233 3594/4138 3578/4141 3579/4234
f 3641/4222 3624/4221 3623/4390 3639/4391
f 3409/4194 3412/4193 3420/4203 3418/4226
f 3704/4197 3706/4196 3690/4198 3688/4229
f 3690/4198 3692/4064 3386/4067 3387/4230
f 3456/4202 3820/4201 3821/4392 3455/4393
f 3420/4203 3423/4060 3338/4063 3339/4227
f 3515/4269 3514/4142 3498/4096 3499/4176
f 3451/4224 3450/4068 3683/4071 3681/4174
f 3734/4216 3792/4215 3794/4394 3720/4395
f 3535/4181 3876/4180 3875/4396 3536/4397
f 3780/4292 3782/4132 3562/4135 3563/4293
f 3358/4319 3360/4152 3323/4155 3324/4316
f 3743/4398 3753/4270 3754/4185 3745/4184
f 3649/4242 3646/4144 3610/4110 3611/4188
f 3679/4225 3681/4174 3665/4175 3663/4195
f 3388/4311 3387/4172 3445/4173 3443/4192
f 3580/4272 3579/4219 3756/4186 3754/4185
f 3468/4298 3467/4212 3835/4213 3833/4295
f 3654/4345 3629/4399 3628/4240 3652/4239
f 3612/4246 3613/4245 3654/4345 3652/4239
f 3514/4250 3889/4249 3891/4400 3513/4401
f 3749/4402 3757/4403 3759/4252 3735/4251
f 3564/4294 3565/4337 3777/4336 3778/4291
f 3725/4280 3796/4279 3797/4321 3728/4320
f 3541/4404 3867/4405 3865/4406 3542/4407
f 3806/4284 3808/4217 3531/4218 3532/4281
f 3500/4265 3501/4264 3517/4340 3516/4268
f 3733/4408 3791/4409 3793/4286 3719/4285
f 3500/4265 3499/4176 3483/4177 3484/4236
f 3612/4246 3611/4188 3595/4189 3596/4243
f 3580/4235 3581/4363 3597/4362 3596/4232
f 3539/4262 3871/4261 3869/4274 3540/4273
f 3784/4130 3783/4129 3549/4350 3548/4266
f 3858/4410 3882/4205 3881/4288 3854/4287
f 3564/4258 3563/4182 3547/4183 3548/4255
f 3468/4238 3469/4366 3485/4263 3484/4236
f 3455/4393 3821/4392 3822/4300 3454/4299
f 3746/4306 3755/4305 3757/4411 3749/4412
f 4444/4413 3895/4414 3910/4415 4442/4416
f 4448/4417 3897/4418 3896/4419 4446/4420
f 4450/4421 3899/4422 3898/4423 4449/4424
f 4452/4425 3901/4426 3900/4427 4451/4428
f 4455/4429 3903/4430 3902/4431 4453/4432
f 4443/4433 3905/4434 3904/4435 4441/4436
f 4447/4437 3907/4438 3906/4439 4445/4440
f 4440/4441 3909/4442 3908/4443 4454/4444
f 3895/4414 4434/4445 4432/4446 3910/4415
f 3897/4418 4438/4447 4436/4448 3896/4419
f 3899/4422 4424/4449 4439/4450 3898/4423
f 3901/4426 4426/4451 4425/4452 3900/4427
f 3903/4430 4429/4453 4427/4454 3902/4431
f 3905/4434 4433/4455 4431/4456 3904/4435
f 4446/4420 3896/4419 3895/4414 4444/4413
f 4449/4424 3898/4423 3897/4418 4448/4417
f 4451/4428 3900/4427 3899/4422 4450/4421
f 4453/4432 3902/4431 3901/4426 4452/4425
f 3910/4415 4432/4446 4430/4457 3909/4442
f 4441/4436 3904/4435 3903/4430 4455/4429
f 4445/4458 3906/4459 3905/4434 4443/4433
f 4454/4444 3908/4443 3907/4438 4447/4437
f 4442/4416 3910/4415 3909/4442 4440/4441
f 3896/4419 4436/4448 4434/4445 3895/4414
f 3898/4423 4439/4450 4438/4447 3897/4418
f 3900/4427 4425/4452 4424/4449 3899/4422
f 3902/4431 4427/4454 4426/4451 3901/4426
f 3906/4459 4435/4460 4433/4455 3905/4434
f 3904/4435 4431/4456 4429/4453 3903/4430
f 3907/4438 4437/4461 4435/4462 3906/4439
f 3908/4443 4428/4463 4437/4461 3907/4438
f 3909/4442 4430/4457 4428/4463 3908/4443
f 3967/4464 3976/4465 3978/4466 3969/4467
f 3963/4468 3988/4469 3990/4470 3965/4471
f 3970/4472 3979/4473 3981/4474 3972/4475
f 3966/4476 3991/4477 3977/4478 3968/4479
f 3962/4480 3987/4481 3989/4482 3964/4483
f 3960/4484 3985/4485 3986/4486 3961/4487
f 3974/4488 3983/4489 3984/4490 3975/4491
f 3971/4492 3980/4493 3982/4494 3973/4495
f 4173/4496 4172/4497 3911/4498
f 4179/4499 4178/4500 3911/4498
f 4178/4500 4177/4501 3911/4498
f 4168/4502 4183/4503 3911/4498
f 4180/4504 4179/4499 3911/4498
f 4172/4497 4171/4505 3911/4498
f 4176/4506 4175/4507 3911/4498
f 4169/4508 4168/4502 3911/4498
f 4181/4509 4180/4504 3911/4498
f 3965/4471 3990/4470 3976/4465 3967/4464
f 3972/4475 3981/4474 3988/4469 3963/4468
f 3968/4479 3977/4478 3979/4510 3970/4511
f 4175/4507 4174/4512 3911/4498
f 3964/4483 3989/4482 3991/4477 3966/4476
f 3961/4487 3986/4486 3987/4481 3962/4480
f 3975/4491 3984/4490 3985/4485 3960/4484
f 3973/4495 3982/4494 3983/4489 3974/4488
f 3969/4467 3978/4466 3980/4493 3971/4492
f 4182/4513 4181/4509 3911/4498
f 4170/4514 4169/4508 3911/4498
f 4174/4512 4173/4496 3911/4498
f 4183/4503 4182/4513 3911/4498
f 4177/4501 4176/4506 3911/4498
f 4171/4505 4170/4514 3911/4498
f 4451/4428 4450/4421 4480/4515 4479/4516
f 4415/4517 4416/4518 4365/4519 4366/4520
f 4356/4521 3978/4466 3976/4465 4357/4522
f 4089/4523 4088/4524 4104/4525 4105/4526
f 3959/4527 3943/4528 3941/4529 3956/4530
f 4074/4531 4002/4532 4003/4533 4078/4534
f 4066/4535 4054/4536 4053/4537 4063/4538
f 4191/4539 4192/4540 4208/4541 4207/4542
f 4466/4543 4438/4447 4439/4450 4465/4544
f 4367/4545 4366/4520 4406/4546 4393/4547
f 4147/4548 4146/4549 4089/4523 4090/4550
f 4318/4551 4319/4552 4335/4553 4334/4554
f 3950/4555 3916/4556 3918/4557 3953/4558
f 4084/4559 4005/4560 4007/4561 4087/4562
f 4032/4563 4031/4564 4239/4565 4238/4566
f 4406/4546 4402/4567 4390/4568 4391/4569
f 4130/4570 4129/4571 4145/4572 4146/4549
f 4303/4573 4304/4574 4320/4575 4319/4552
f 4467/4576 4436/4448 4438/4447 4466/4543
f 4335/4577 4336/4578 3975/4491 3960/4484
f 3947/4579 3914/4580 3916/4556 3950/4555
f 4003/4533 4002/4532 4272/4581 4271/4582
f 4239/4583 4240/4584 4256/4585 4255/4586
f 4223/4587 4224/4588 4054/4536 4055/4589
f 4478/4590 4479/4591 4495/4592 4494/4593
f 4376/4594 4391/4569 4463/4595 4462/4596
f 4106/4597 4105/4526 4415/4598 4414/4599
f 4286/4600 4287/4601 4303/4573 4302/4602
f 4350/4603 4351/4604 4130/4570 4131/4605
f 3950/4555 3937/4606 3935/4607 3947/4579
f 4254/4608 4255/4609 4009/4610 4010/4611
f 4062/4612 4041/4613 4040/4614 4059/4615
f 4206/4616 4207/4617 4223/4618 4222/4619
f 4463/4595 4425/4452 4426/4451 4462/4596
f 4091/4620 4090/4550 4106/4597 4107/4621
f 4301/4622 4302/4602 4318/4551 4317/4623
f 3947/4579 3935/4607 3933/4624 3944/4625
f 4087/4562 4007/4561 3993/4626 4073/4627
f 4028/4628 4061/4629 4058/4630 4026/4631
f 4189/4632 4190/4633 4206/4634 4205/4635
f 4462/4596 4426/4451 4427/4454 4461/4636
f 4476/4637 4477/4638 4493/4639 4492/4640
f 4108/4641 4107/4621 4413/4642 4412/4643
f 4348/4644 4349/4645 4132/4646 4133/4647
f 4284/4648 4285/4649 4301/4622 4300/4650
f 3955/4651 3931/4652 3930/4653 3952/4654
f 4252/4655 4253/4656 4011/4657 4013/4658
f 4453/4432 4452/4425 4478/4659 4477/4660
f 4333/4661 4334/4662 3961/4487 3962/4480
f 4413/4663 4414/4664 4367/4545 4368/4665
f 4159/4666 4163/4667 4191/4539 4190/4633
f 4395/4668 4393/4547 4376/4594 4377/4669
f 4132/4646 4131/4605 4147/4548 4148/4670
f 3949/4671 3915/4672 3917/4673 3951/4674
f 4005/4560 4004/4675 4270/4676 4269/4677
f 4237/4678 4238/4679 4254/4680 4253/4681
f 4221/4682 4222/4683 4040/4614 4041/4613
f 4378/4684 4377/4669 4461/4636 4460/4685
f 4369/4686 4368/4665 4395/4668 4398/4687
f 4149/4688 4148/4670 4091/4620 4092/4689
f 4316/4690 4317/4623 4333/4691 4332/4692
f 3956/4530 3920/4693 3922/4694 3959/4527
f 4079/4695 3997/4696 3999/4697 4082/4698
f 4035/4699 4033/4700 4237/4701 4236/4702
f 4024/4703 4056/4704 4070/4705 4038/4706
f 4220/4707 4221/4682 4041/4613 4043/4708
f 4188/4709 4189/4632 4205/4635 4204/4710
f 4188/4709 4187/4711 4164/4712 4153/4713
f 4220/4714 4219/4715 4203/4716 4204/4717
f 4034/4718 4064/4719 4060/4720 4027/4721
f 4236/4702 4235/4722 4037/4723 4035/4699
f 4013/4658 4015/4724 4251/4725 4252/4655
f 4075/4726 3994/4727 3996/4728 4077/4729
f 4369/4686 4371/4730 4411/4731 4412/4732
f 3948/4733 3929/4734 3928/4735 3945/4736
f 4293/4737 3915/4672 3913/4738 4294/4739
f 4300/4650 4299/4740 4283/4741 4284/4648
f 4332/4692 4331/4742 4315/4743 4316/4690
f 4133/4647 4135/4744 4347/4745 4348/4644
f 4026/4631 4058/4630 4056/4704 4024/4703
f 4153/4713 4156/4746 4189/4632 4188/4709
f 4204/4717 4205/4747 4221/4748 4220/4714
f 4204/4710 4203/4749 4187/4711 4188/4709
f 4043/4708 4045/4750 4219/4751 4220/4707
f 4027/4721 4060/4720 4057/4752 4025/4753
f 4252/4754 4251/4755 4235/4756 4236/4757
f 4072/4758 3992/4759 3994/4727 4075/4726
f 4268/4760 4267/4761 3993/4626 4007/4561
f 3952/4654 3930/4653 3929/4734 3948/4733
f 4294/4739 3913/4738 3922/4694 4295/4762
f 4316/4690 4315/4743 4299/4740 4300/4650
f 3964/4483 3966/4476 4331/4763 4332/4764
f 4149/4688 4151/4765 4135/4744 4133/4647
f 4092/4689 4094/4766 4151/4765 4149/4688
f 4108/4641 4110/4767 4094/4766 4092/4689
f 4412/4643 4411/4768 4110/4767 4108/4641
f 4398/4687 4401/4769 4371/4730 4369/4686
f 4460/4685 4459/4770 4380/4771 4378/4684
f 4458/4772 4433/4455 4435/4460 4457/4773
f 4492/4640 4491/4774 4475/4775 4476/4637
f 4443/4433 4441/4436 4475/4776 4474/4777
f 4469/4778 4432/4446 4434/4445 4468/4779
f 4404/4780 4401/4769 4380/4771 4382/4781
f 4410/4782 4411/4731 4371/4730 4373/4783
f 4097/4784 4094/4766 4110/4767 4113/4785
f 4113/4785 4110/4767 4411/4768 4410/4786
f 4346/4787 4347/4745 4135/4744 4122/4788
f 4314/4789 4315/4743 4331/4742 4330/4790
f 4282/4791 4283/4741 4299/4740 4298/4792
f 4281/4793 3918/4557 3916/4556 4282/4794
f 3951/4674 3938/4795 3936/4796 3949/4671
f 4085/4797 4001/4798 4002/4532 4074/4531
f 4250/4799 4251/4725 4015/4724 4017/4800
f 4083/4801 4000/4802 4001/4798 4085/4797
f 4378/4684 4380/4771 4401/4769 4398/4687
f 4457/4803 4435/4462 4437/4461 4456/4804
f 4476/4805 4475/4776 4441/4436 4455/4429
f 4474/4806 4475/4775 4491/4774 4490/4807
f 4470/4808 4430/4457 4432/4446 4469/4778
f 4382/4781 4380/4771 4459/4770 4458/4772
f 4373/4783 4371/4730 4401/4769 4404/4780
f 4138/4809 4151/4765 4094/4766 4097/4784
f 4122/4788 4135/4744 4151/4765 4138/4809
f 4330/4810 4331/4763 3966/4476 3968/4479
f 4298/4792 4299/4740 4315/4743 4314/4789
f 4282/4794 3916/4556 3914/4580 4283/4811
f 3954/4812 3940/4813 3938/4795 3951/4674
f 3995/4814 3993/4626 4267/4761 4266/4815
f 4222/4683 4223/4587 4055/4589 4040/4614
f 4464/4816 4424/4449 4425/4452 4463/4595
f 4107/4621 4106/4597 4414/4599 4413/4642
f 4317/4623 4318/4551 4334/4554 4333/4691
f 3959/4527 3922/4694 3913/4738 3946/4817
f 4073/4627 3993/4626 3995/4814 4076/4818
f 4033/4700 4032/4563 4238/4566 4237/4701
f 4205/4747 4206/4616 4222/4619 4221/4748
f 4455/4429 4453/4432 4477/4660 4476/4805
f 4156/4746 4159/4666 4190/4633 4189/4632
f 4412/4732 4413/4663 4368/4665 4369/4686
f 4133/4647 4132/4646 4148/4670 4149/4688
f 4300/4650 4301/4622 4317/4623 4316/4690
f 3958/4819 3932/4820 3931/4652 3955/4651
f 4076/4818 3995/4814 3997/4821 4079/4822
f 4477/4638 4478/4590 4494/4593 4493/4639
f 4349/4645 4350/4603 4131/4605 4132/4646
f 4368/4665 4367/4545 4393/4547 4395/4668
f 4190/4633 4191/4539 4207/4542 4206/4634
f 4377/4669 4376/4594 4462/4596 4461/4636
f 4148/4670 4147/4548 4090/4550 4091/4620
f 4285/4649 4286/4600 4302/4602 4301/4622
f 3944/4625 3933/4624 3932/4820 3958/4819
f 4253/4656 4254/4608 4010/4611 4011/4657
f 4029/4823 4063/4538 4061/4629 4028/4628
f 4461/4636 4427/4454 4429/4453 4460/4685
f 4398/4687 4395/4668 4377/4669 4378/4684
f 4092/4689 4091/4620 4107/4621 4108/4641
f 4332/4764 4333/4661 3962/4480 3964/4483
f 3946/4817 3913/4738 3915/4672 3949/4671
f 4007/4561 4005/4560 4269/4677 4268/4760
f 4236/4757 4237/4678 4253/4681 4252/4754
f 4234/4824 4235/4756 4251/4755 4250/4825
f 4035/4699 4065/4826 4062/4612 4033/4700
f 4218/4827 4219/4751 4045/4750 4047/4828
f 3997/4821 3995/4814 4266/4815 4265/4829
f 4186/4830 4187/4711 4203/4749 4202/4831
f 4164/4712 4171/4505 4172/4497 4153/4713
f 4473/4832 4474/4806 4490/4807 4489/4833
f 4384/4834 4382/4781 4458/4772 4457/4773
f 4375/4835 4373/4783 4404/4780 4407/4836
f 4115/4837 4113/4785 4410/4786 4409/4838
f 4140/4839 4138/4809 4097/4784 4099/4840
f 4345/4841 4346/4787 4122/4788 4124/4842
f 4359/4843 3988/4469 3981/4474 4344/4844
f 4313/4845 4314/4789 4330/4790 4329/4846
f 4281/4847 4282/4791 4298/4792 4297/4848
f 4039/4849 4037/4723 4235/4722 4234/4850
f 4037/4723 4068/4851 4065/4826 4035/4699
f 4202/4852 4203/4716 4219/4715 4218/4853
f 4161/4854 4164/4712 4187/4711 4186/4830
f 4153/4713 4172/4497 4173/4496 4156/4746
f 4445/4458 4443/4433 4474/4777 4473/4855
f 4407/4836 4404/4780 4382/4781 4384/4834
f 4409/4856 4410/4782 4373/4783 4375/4835
f 4099/4840 4097/4784 4113/4785 4115/4837
f 4124/4842 4122/4788 4138/4809 4140/4839
f 4344/4844 3981/4474 3979/4473 4345/4857
f 4329/4858 4330/4810 3968/4479 3970/4511
f 4297/4848 4298/4792 4314/4789 4313/4845
f 4286/4859 3926/4860 3925/4861 4287/4862
f 4285/4863 3927/4864 3926/4860 4286/4859
f 4274/4865 3942/4866 3928/4735 4273/4867
f 4273/4867 3928/4735 3929/4734 4272/4868
f 4077/4729 4018/4869 4016/4870 4075/4726
f 4249/4871 4250/4799 4017/4800 4019/4872
f 4025/4873 4039/4849 4234/4850 4233/4874
f 4233/4875 4234/4824 4250/4825 4249/4876
f 4217/4877 4218/4827 4047/4828 4049/4878
f 4185/4879 4186/4830 4202/4831 4201/4880
f 4167/4881 4183/4503 4168/4502 4155/4882
f 4472/4883 4473/4884 4489/4885 4488/4886
f 4387/4887 4384/4888 4457/4803 4456/4804
f 4362/4889 4375/4890 4407/4891 4396/4892
f 4117/4893 4115/4894 4409/4895 4408/4896
f 4142/4897 4140/4898 4099/4899 4101/4900
f 4344/4901 4345/4902 4124/4903 4126/4904
f 4347/4905 3991/4477 3989/4482 4348/4906
f 4312/4907 4313/4908 4329/4909 4328/4910
f 4280/4911 4281/4912 4297/4913 4296/4914
f 4290/4915 3921/4916 3919/4917 4291/4918
f 4289/4919 3923/4920 3921/4916 4290/4915
f 4080/4921 4020/4922 4018/4869 4077/4729
f 4030/4923 4066/4535 4063/4538 4029/4823
f 4031/4564 4069/4924 4066/4535 4030/4923
f 4201/4925 4202/4852 4218/4853 4217/4926
f 4158/4927 4161/4854 4186/4830 4185/4879
f 4155/4882 4168/4502 4169/4508 4158/4927
f 4447/4437 4445/4440 4473/4928 4472/4929
f 4396/4892 4407/4891 4384/4888 4387/4887
f 4408/4930 4409/4931 4375/4890 4362/4889
f 4126/4904 4124/4903 4140/4898 4142/4897
f 4101/4900 4099/4899 4115/4894 4117/4893
f 4348/4906 3989/4482 3987/4481 4349/4932
f 4328/4933 4329/4934 3970/4472 3972/4475
f 4296/4914 4297/4913 4313/4908 4312/4907
f 4479/4591 4480/4935 4496/4936 4495/4592
f 4366/4520 4365/4519 4402/4567 4406/4546
f 4351/4604 4352/4937 4129/4571 4130/4570
f 4105/4526 4104/4525 4416/4938 4415/4598
f 3944/4625 3912/4939 3914/4580 3947/4579
f 4078/4534 4003/4533 4004/4675 4081/4940
f 4031/4564 4030/4923 4240/4941 4239/4565
f 4207/4617 4208/4942 4224/4943 4223/4618
f 4452/4425 4451/4428 4479/4516 4478/4659
f 4393/4547 4406/4546 4391/4569 4376/4594
f 4090/4550 4089/4523 4105/4526 4106/4597
f 4334/4662 4335/4577 3960/4484 3961/4487
f 3953/4944 3918/4945 3920/4693 3956/4530
f 4004/4675 4003/4533 4271/4582 4270/4676
f 4238/4679 4239/4583 4255/4586 4254/4680
f 4391/4569 4390/4568 4464/4816 4463/4595
f 4146/4549 4145/4572 4088/4524 4089/4523
f 4319/4552 4320/4575 4336/4946 4335/4553
f 4468/4779 4434/4445 4436/4448 4467/4576
f 4355/4947 3980/4493 3978/4466 4356/4521
f 4287/4601 4288/4948 4304/4574 4303/4573
f 3956/4530 3941/4529 3939/4949 3953/4944
f 4255/4609 4256/4950 4008/4951 4009/4610
f 4059/4615 4040/4614 4055/4589 4069/4924
f 4163/4667 4166/4952 4192/4540 4191/4539
f 4465/4544 4439/4450 4424/4449 4464/4816
f 4414/4664 4415/4517 4366/4520 4367/4545
f 4302/4602 4303/4573 4319/4552 4318/4551
f 4131/4605 4130/4570 4146/4549 4147/4548
f 3953/4558 3939/4953 3937/4606 3950/4555
f 4081/4940 4004/4675 4005/4560 4084/4559
f 4069/4924 4055/4589 4054/4536 4066/4535
f 4269/4954 3932/4820 3933/4624 4268/4955
f 4027/4721 4025/4753 4233/4956 4232/4957
f 4155/4882 4158/4927 4185/4879 4184/4958
f 4216/4959 4231/4960 4215/4961 4200/4962
f 4232/4957 4247/4963 4034/4718 4027/4721
f 4079/4822 4019/4872 4017/4800 4076/4818
f 4021/4964 4012/4965 4263/4966 4248/4967
f 4296/4914 4311/4968 4295/4969 4280/4911
f 4126/4904 4120/4970 4359/4971 4344/4901
f 4408/4896 4423/4972 4111/4973 4117/4893
f 4456/4804 4471/4974 4385/4975 4387/4887
f 4440/4441 4454/4444 4487/4976 4486/4977
f 4400/4978 4392/4979 4385/4975 4379/4980
f 4093/4981 4095/4982 4111/4973 4109/4983
f 4342/4984 4343/4985 3963/4468 3965/4471
f 4248/4967 4249/4986 4019/4987 4021/4964
f 4200/4962 4201/4988 4217/4989 4216/4959
f 4184/4958 4199/4990 4167/4881 4155/4882
f 4076/4818 4017/4800 4015/4724 4073/4627
f 4056/4704 4048/4991 4046/4992 4070/4705
f 4160/4993 4180/4504 4181/4509 4162/4994
f 4058/4630 4050/4995 4048/4991 4056/4704
f 4277/4996 3936/4796 3938/4795 4276/4997
f 3954/4812 3919/4917 3921/4916 3957/4998
f 4328/4910 4343/4999 4327/5000 4312/4907
f 4101/4900 4095/4982 4136/5001 4142/4897
f 4396/4892 4392/4979 4360/5002 4362/4889
f 4488/4886 4503/5003 4487/5004 4472/4883
f 4459/4770 4431/4456 4433/4455 4458/4772
f 4422/5005 4423/5006 4360/5002 4370/5007
f 4310/5008 4311/4968 4327/5000 4326/4525
f 4134/5009 4120/4970 4136/5001 4150/5010
f 4294/5011 4295/4969 4311/4968 4310/5008
f 3951/4674 3917/4673 3919/4917 3954/4812
f 4278/5012 3934/5013 3936/4796 4277/4996
f 4086/5014 4006/5015 3992/4759 4072/4758
f 4262/5016 4263/4966 4012/4965 4014/5017
f 4036/5018 4034/4718 4247/4963 4246/5019
f 4246/5020 4247/5021 4263/5022 4262/5023
f 4230/5024 4231/5025 4042/5026 4044/5027
f 4198/5028 4199/4990 4215/5029 4214/5030
f 4163/4667 4175/4507 4176/4506 4166/4952
f 4442/4416 4440/4441 4486/4977 4485/5031
f 4471/4974 4428/4463 4430/4457 4470/4808
f 4403/5032 4400/4978 4379/4980 4381/5033
f 4421/5034 4422/5005 4370/5007 4372/5035
f 4096/5036 4093/4981 4109/4983 4112/5037
f 4121/5038 4134/5009 4150/5010 4137/5039
f 4357/5040 4358/5041 4134/5009 4121/5038
f 4341/5042 4342/4984 3965/4471 3967/4464
f 3957/4998 3921/4916 3923/4920 3945/4736
f 4264/5043 3941/4529 3943/4528 4279/5044
f 3992/4759 4006/5015 4279/5045 4278/5046
f 4082/4698 3999/4697 4006/5015 4086/5014
f 4036/5018 4067/5047 4064/4719 4034/4718
f 4038/4706 4070/4705 4067/5047 4036/5018
f 4214/5048 4215/4961 4231/4960 4230/5049
f 4165/5050 4167/4881 4199/4990 4198/5028
f 4485/5051 4486/5052 4502/5053 4501/5054
f 4456/4804 4437/4461 4428/4463 4471/4974
f 4381/5033 4379/4980 4470/4808 4469/4778
f 4372/5035 4370/5007 4400/4978 4403/5032
f 4137/5039 4150/5010 4093/4981 4096/5036
f 4112/5037 4109/4983 4422/5055 4421/5056
f 4270/5057 3931/4652 3932/4820 4269/4954
f 4232/5058 4233/5059 4249/5060 4248/5061
f 4184/4958 4185/4879 4201/4880 4200/5062
f 4200/5062 4215/5029 4199/4990 4184/4958
f 4070/4705 4046/4992 4044/5027 4067/5047
f 4086/5014 4012/4965 4021/4964 4082/4698
f 4248/5061 4263/5022 4247/5021 4232/5058
f 3945/4736 3923/4920 3924/5063 3948/4733
f 3972/4475 3963/4468 4343/4985 4328/4933
f 4117/4893 4111/4973 4095/4982 4101/4900
f 4387/4887 4385/4975 4392/4979 4396/4892
f 4486/5052 4487/5004 4503/5003 4502/5053
f 4379/4980 4385/4975 4471/4974 4470/4808
f 4109/4983 4111/4973 4423/4972 4422/5055
f 4358/5041 4359/4971 4120/4970 4134/5009
f 4082/4698 4021/4964 4019/4987 4079/4695
f 4216/5064 4217/5065 4049/5066 4051/5067
f 4166/4952 4176/4506 4177/4501 4152/5068
f 3999/4697 3997/4696 4265/5069 4264/5070
f 4067/5047 4044/5027 4042/5026 4064/4719
f 4157/5071 4179/4499 4180/4504 4160/4993
f 4051/5067 4042/5026 4231/5025 4216/5064
f 4264/5070 4279/5045 4006/5015 3999/4697
f 4279/5044 3943/4528 3934/5013 4278/5012
f 4312/4907 4327/5000 4311/4968 4296/4914
f 4142/4897 4136/5001 4120/4970 4126/4904
f 4362/4889 4360/5002 4423/5006 4408/4930
f 4472/4929 4487/4976 4454/4444 4447/4437
f 4460/4685 4429/4453 4431/4456 4459/4770
f 4370/5007 4360/5002 4392/4979 4400/4978
f 4326/4525 4327/5000 4343/4999 4342/5072
f 4150/5010 4136/5001 4095/4982 4093/4981
f 4309/5073 4310/5008 4326/4525 4325/5074
f 3994/4727 3992/4759 4278/5046 4277/5075
f 4039/4849 4071/5076 4068/4851 4037/4723
f 4156/4746 4173/4496 4174/4512 4159/4666
f 4338/5077 4337/5078 4321/5079 4322/5080
f 4267/5081 3935/4607 3937/4606 4266/5082
f 4073/4627 4015/4724 4013/4658 4087/4562
f 4081/4940 4010/4611 4009/4610 4078/4534
f 4194/5083 4193/5084 4152/5068 4154/5085
f 4418/5086 4419/5087 4361/5088 4363/5089
f 4448/4417 4446/4420 4483/5090 4482/5091
f 4355/5092 4356/5093 4123/5094 4125/5095
f 4116/5096 4114/5097 4420/5098 4419/5099
f 4211/5100 4212/5101 4228/5102 4227/5103
f 4287/4862 3925/4861 3924/5063 4288/5104
f 4245/5105 4246/5020 4262/5023 4261/5106
f 4197/5107 4198/5028 4214/5030 4213/5108
f 4280/5109 3920/4693 3918/4945 4281/5110
f 4077/4729 3996/4728 3998/5111 4080/4921
f 4229/5112 4230/5024 4044/5027 4046/4992
f 4060/4720 4051/5067 4049/5066 4057/4752
f 3948/4733 3924/5063 3925/4861 3952/4654
f 4194/5083 4195/5113 4211/5114 4210/5115
f 4000/4802 3998/5111 4275/5116 4274/5117
f 4338/5118 4339/5119 3971/4492 3973/4495
f 4057/5120 4049/4878 4047/4828 4071/5076
f 4157/5071 4160/4993 4196/5121 4195/5113
f 4271/5122 3930/4653 3931/4652 4270/5057
f 4386/5123 4383/5124 4468/4779 4467/4576
f 4397/5125 4394/5126 4386/5123 4388/5127
f 3945/4736 3928/4735 3942/4866 3957/4998
f 4345/5128 3979/4510 3977/4478 4346/5129
f 4361/5088 4374/5130 4405/5131 4394/5126
f 4354/5132 3982/4494 3980/4493 4355/4947
f 4074/4531 4008/4951 4023/5133 4085/4797
f 4192/4540 4193/5084 4209/5134 4208/4541
f 4129/4571 4128/5135 4144/5136 4145/4572
f 4466/4543 4465/4544 4389/5137 4388/5127
f 4320/4575 4321/5079 4337/5078 4336/4946
f 4365/4519 4364/5138 4399/5139 4402/4567
f 4118/5140 4119/5141 4103/5142 4102/5143
f 4030/4923 4029/4823 4241/5144 4240/4941
f 4078/4534 4009/4610 4008/4951 4074/4531
f 4143/5145 4144/5136 4128/5135 4127/5146
f 4028/4628 4026/4631 4243/5147 4242/5148
f 4084/4559 4011/4657 4010/4611 4081/4940
f 4290/5149 4291/5150 4307/5151 4306/5152
f 4402/4567 4399/5139 4389/5137 4390/4568
f 4002/4532 4001/4798 4273/5153 4272/4581
f 4304/4574 4305/5154 4321/5079 4320/4575
f 4450/4421 4449/4424 4481/5155 4480/4515
f 4127/5146 4128/5135 4353/5156 4354/5157
f 4353/5158 3983/4489 3982/4494 4354/5132
f 4256/4950 4257/5159 4023/5133 4008/4951
f 4068/4851 4045/4750 4043/4708 4065/4826
f 4104/4525 4119/5141 4417/5160 4416/4938
f 3946/4817 3934/5013 3943/4528 3959/4527
f 4352/5161 3984/4490 3983/4489 4353/5158
f 4087/4562 4013/4658 4011/4657 4084/4559
f 4052/5162 4053/4537 4225/5163 4226/5164
f 4322/5080 4321/5079 4305/5154 4306/5152
f 4258/5165 4257/5166 4241/5167 4242/5168
f 4336/4578 4337/5169 3974/4488 3975/4491
f 4291/4918 3919/4917 3917/4673 4292/5170
f 4154/5085 4178/4500 4179/4499 4157/5071
f 4388/5127 4386/5123 4467/4576 4466/4543
f 3998/5111 3996/4728 4276/5171 4275/5116
f 4288/5104 3924/5063 3923/4920 4289/4919
f 4143/5145 4141/5172 4100/5173 4102/5143
f 4061/4629 4052/5162 4050/4995 4058/4630
f 4125/5095 4123/5094 4139/5174 4141/5172
f 4405/5131 4403/5032 4381/5033 4383/5124
f 4444/4413 4442/4416 4485/5031 4484/5175
f 4275/5176 3940/4813 3942/4866 4274/4865
f 4292/5177 4293/5178 4309/5073 4308/5179
f 4085/4797 4023/5133 4022/5180 4083/4801
f 4276/4997 3938/4795 3940/4813 4275/5176
f 4032/4563 4059/4615 4069/4924 4031/4564
f 4357/4522 3976/4465 3990/4470 4358/5181
f 4356/5093 4357/5040 4121/5038 4123/5094
f 4383/5124 4381/5033 4469/4778 4468/4779
f 4210/5182 4211/5100 4227/5103 4226/5183
f 4162/4994 4181/4509 4182/4513 4165/5050
f 4339/5119 4340/5184 3969/4467 3971/4492
f 4349/4932 3987/4481 3986/4486 4350/5185
f 4482/5186 4483/5187 4499/5188 4498/5189
f 4272/4868 3929/4734 3930/4653 4271/5122
f 4340/5184 4341/5042 3967/4464 3969/4467
f 4083/4801 4022/5180 4020/4922 4080/4921
f 4123/5094 4121/5038 4137/5039 4139/5174
f 4283/4811 3914/4580 3912/4939 4284/5190
f 4033/4700 4062/4612 4059/4615 4032/4563
f 3996/4728 3994/4727 4277/5075 4276/5171
f 4284/5190 3912/4939 3927/4864 4285/4863
f 4244/5191 4245/5105 4261/5106 4260/5192
f 4139/5174 4137/5039 4096/5036 4098/5193
f 4210/5115 4209/5134 4193/5084 4194/5083
f 4118/5140 4116/5096 4419/5099 4418/5194
f 4227/5195 4228/5196 4048/4991 4050/4995
f 4346/5129 3977/4478 3991/4477 4347/4905
f 4100/5173 4098/5193 4114/5097 4116/5096
f 4195/5113 4196/5121 4212/5197 4211/5114
f 4307/5151 4308/5179 4324/5198 4323/5199
f 4358/5181 3990/4470 3988/4469 4359/4843
f 4420/5200 4421/5034 4372/5035 4374/5130
f 4446/4420 4444/4413 4484/5175 4483/5090
f 4160/4993 4162/4994 4197/5107 4196/5121
f 4024/4703 4038/4706 4245/5201 4244/5202
f 4158/4927 4169/4508 4170/4514 4161/4854
f 4228/5196 4229/5112 4046/4992 4048/4991
f 4324/5198 4325/5074 4341/5203 4340/5204
f 4484/5205 4485/5051 4501/5054 4500/5206
f 4114/5097 4112/5037 4421/5056 4420/5098
f 4322/5080 4323/5199 4339/5207 4338/5077
f 4354/5157 4355/5092 4125/5095 4127/5146
f 4075/4726 4016/4870 4014/5017 4072/4758
f 4394/5126 4405/5131 4383/5124 4386/5123
f 4363/5089 4361/5088 4394/5126 4397/5125
f 4243/5208 4244/5191 4260/5192 4259/5209
f 4419/5087 4420/5200 4374/5130 4361/5088
f 4260/5210 4261/5211 4016/4870 4018/4869
f 4098/5193 4096/5036 4112/5037 4114/5097
f 4161/4854 4170/4514 4171/4505 4164/4712
f 4212/5101 4213/5212 4229/5213 4228/5102
f 4483/5187 4484/5205 4500/5206 4499/5188
f 4196/5121 4197/5107 4213/5108 4212/5197
f 4308/5179 4309/5073 4325/5074 4324/5198
f 4374/5130 4372/5035 4403/5032 4405/5131
f 4325/5074 4326/4525 4342/5072 4341/5203
f 3957/4998 3942/4866 3940/4813 3954/4812
f 4038/4706 4036/5018 4246/5019 4245/5201
f 4162/4994 4165/5050 4198/5028 4197/5107
f 4351/5214 3985/4485 3984/4490 4352/5161
f 4022/5180 4023/5133 4257/5159 4258/5215
f 4306/5152 4307/5151 4323/5199 4322/5080
f 4265/5216 3939/4949 3941/4529 4264/5043
f 4292/5170 3917/4673 3915/4672 4293/4737
f 4226/5164 4227/5195 4050/4995 4052/5162
f 4063/4538 4053/4537 4052/5162 4061/4629
f 4072/4758 4014/5017 4012/4965 4086/5014
f 4350/5185 3986/4486 3985/4485 4351/5214
f 4165/5050 4182/4513 4183/4503 4167/4881
f 4259/5217 4260/5210 4018/4869 4020/4922
f 4261/5211 4262/5016 4014/5017 4016/4870
f 4213/5212 4214/5048 4230/5049 4229/5213
f 4293/5178 4294/5011 4310/5008 4309/5073
f 4080/4921 3998/5111 4000/4802 4083/4801
f 4025/4873 4057/5120 4071/5076 4039/4849
f 4159/4666 4174/4512 4175/4507 4163/4667
f 4242/5168 4243/5208 4259/5209 4258/5165
f 4226/5183 4225/5218 4209/5219 4210/5182
f 4306/5152 4305/5154 4289/5220 4290/5149
f 4152/5068 4177/4501 4178/4500 4154/5085
f 4242/5148 4241/5144 4029/4823 4028/4628
f 4127/5146 4125/5095 4141/5172 4143/5145
f 4026/4631 4024/4703 4244/5202 4243/5147
f 4291/5150 4292/5177 4308/5179 4307/5151
f 4102/5143 4100/5173 4116/5096 4118/5140
f 4295/4762 3922/4694 3920/4693 4280/5109
f 4323/5199 4324/5198 4340/5204 4339/5207
f 4141/5172 4139/5174 4098/5193 4100/5173
f 4224/4588 4225/5163 4053/4537 4054/4536
f 4498/5189 4497/5221 4481/5222 4482/5186
f 4102/5143 4103/5142 4144/5136 4143/5145
f 4240/4584 4241/5167 4257/5166 4256/4585
f 3949/4671 3936/4796 3934/5013 3946/4817
f 3955/4651 3926/4860 3927/4864 3958/4819
f 4145/4572 4144/5136 4103/5142 4088/4524
f 4388/5127 4389/5137 4399/5139 4397/5125
f 4288/4948 4289/5220 4305/5154 4304/4574
f 4390/4568 4389/5137 4465/4544 4464/4816
f 4363/5089 4364/5138 4417/5223 4418/5086
f 3973/4495 3974/4488 4337/5169 4338/5118
f 4274/5117 4273/5153 4001/4798 4000/4802
f 4154/5085 4157/5071 4195/5113 4194/5083
f 4088/4524 4103/5142 4119/5141 4104/4525
f 4397/5125 4399/5139 4364/5138 4363/5089
f 4065/4826 4043/4708 4041/4613 4062/4612
f 4416/4518 4417/5223 4364/5138 4365/4519
f 4418/5194 4417/5160 4119/5141 4118/5140
f 4208/4942 4209/5219 4225/5218 4224/4943
f 4480/4935 4481/5222 4497/5221 4496/4936
f 4166/4952 4152/5068 4193/5084 4192/4540
f 4352/4937 4353/5156 4128/5135 4129/4571
f 4482/5091 4481/5155 4449/4424 4448/4417
f 4064/4719 4042/5026 4051/5067 4060/4720
f 3952/4654 3925/4861 3926/4860 3955/4651
f 4266/5082 3937/4606 3939/4953 4265/5224
f 4258/5215 4259/5217 4020/4922 4022/5180
f 4268/4955 3933/4624 3935/4607 4267/5081
f 3958/4819 3927/4864 3912/4939 3944/4625
f 4071/5076 4047/4828 4045/4750 4068/4851
f 3647/5225 3632/5226 3631/5227 3643/5228
f 3650/5229 3633/5230 3632/5226 3647/5225
f 3644/4145 3641/4222 3608/5231 3609/4111
f 3609/4111 3608/5231 3592/5232 3593/4112
f 3593/4139 3592/5233 3576/5234 3577/4140
f 3577/4103 3576/5235 3762/5236 3760/4104
f 3781/5237 3749/4402 3735/4251 3767/5238
f 3767/5238 3735/4251 3738/4254 3769/5239
f 3768/4133 3770/5240 3560/5241 3561/4134
f 3561/4093 3560/5242 3544/5243 3545/4094
f 3545/4159 3544/5244 3792/4215 3790/4160
f 3729/5245 3810/4122 3808/4217 3726/4157
f 3726/4157 3808/4217 3806/4284 3723/4131
f 3812/4123 3814/5246 3528/5247 3529/4124
f 3849/5248 3864/4150 3866/4116 3852/5249
f 3861/5250 3878/5251 3864/4150 3849/5248
f 3511/5252 3884/5253 3886/5254 3526/5255
f 3526/5255 3886/5254 3888/5256 3525/5257
f 3513/4143 3512/5258 3496/5259 3497/4097
f 3497/4097 3496/5259 3480/5260 3481/4089
f 3481/4089 3480/5260 3464/5261 3465/4090
f 3465/4169 3464/5262 3841/5263 3839/4170
f 3449/4069 3448/5264 3672/5265 3685/4070
f 3685/4070 3672/5265 3656/5266 3669/4077
f 3669/4077 3656/5266 3713/5267 3710/4078
f 3710/4078 3713/5267 3697/5268 3694/4065
f 3694/4065 3697/5268 3384/5269 3385/4066
f 3385/4165 3384/5270 3436/5271 3434/4081
f 3434/4081 3436/5271 3406/5272 3403/4082
f 3403/4082 3406/5272 3427/5273 3425/4061
f 3425/4061 3427/5273 3336/5274 3337/4062
f 3335/5275 3378/5276 3376/5277 3336/5274
f 3350/5278 3369/5279 3378/5276 3335/5275
f 3364/4162 3366/5280 3320/5281 3321/4163
f 3321/4073 3320/5282 3304/5283 3305/4074
f 3643/5228 3631/5227 3630/5284 3640/4344
f 3641/4222 3639/4391 3607/5285 3608/5231
f 3608/5231 3607/5285 3591/5286 3592/5232
f 3592/5233 3591/5287 3575/5288 3576/5234
f 3576/5235 3575/5289 3764/4304 3762/5236
f 3768/4133 3736/5290 3739/5291 3770/5240
f 3770/5240 3739/5291 3742/4303 3772/5292
f 3770/5240 3772/5292 3559/5293 3560/5241
f 3560/5242 3559/5294 3543/5295 3544/5243
f 3544/5244 3543/5296 3794/4394 3792/4215
f 3724/5297 3807/5298 3800/5299 3720/4395
f 3720/4395 3800/5299 3814/5246 3734/4216
f 3814/5246 3800/5299 3527/5300 3528/5247
f 3528/5301 3872/4313 3870/4370 3529/5302
f 3542/4407 3865/4406 3863/4314 3527/5303
f 3855/5304 3889/4249 3887/4248 3852/5249
f 3849/5248 3885/5305 3883/4206 3861/5250
f 3512/5258 3511/5306 3495/5307 3496/5259
f 3496/5259 3495/5307 3479/5308 3480/5260
f 3480/5260 3479/5308 3463/5309 3464/5261
f 3464/5262 3463/5310 3843/5311 3841/5263
f 3448/5264 3447/5312 3686/5313 3672/5265
f 3672/5265 3686/5313 3670/5314 3656/5266
f 3656/5266 3670/5314 3711/5315 3713/5267
f 3713/5267 3711/5315 3695/5316 3697/5268
f 3697/5268 3695/5316 3383/5317 3384/5269
f 3384/5270 3383/5318 3446/5319 3436/5271
f 3436/5271 3446/5319 3414/5320 3406/5272
f 3406/5272 3414/5320 3421/5321 3427/5273
f 3427/5273 3421/5321 3335/5275 3336/5274
f 3347/5322 3375/5323 3373/5324 3348/5325
f 3346/5326 3377/5327 3375/5323 3347/5322
f 3366/5280 3352/5328 3319/5329 3320/5281
f 3320/5282 3319/5330 3303/5331 3304/5283
f 3318/5332 3303/5331 3319/5330 3334/5333
f 3334/5334 3319/5329 3352/5328 3359/5335
f 3350/5278 3335/5275 3421/5321 3419/5336
f 3419/5336 3421/5321 3414/5320 3410/5337
f 3410/5337 3414/5320 3446/5319 3444/5338
f 3444/5338 3446/5319 3383/5318 3398/5339
f 3398/5340 3383/5317 3695/5316 3689/5341
f 3689/5341 3695/5316 3711/5315 3705/5342
f 3705/5342 3711/5315 3670/5314 3664/5343
f 3664/5343 3670/5314 3686/5313 3680/5344
f 3680/5344 3686/5313 3447/5312 3462/5345
f 3834/5346 3843/5311 3463/5310 3478/5347
f 3478/5348 3463/5309 3479/5308 3494/5349
f 3494/5349 3479/5308 3495/5307 3510/5350
f 3510/5350 3495/5307 3511/5306 3526/5351
f 3861/5250 3883/4206 3882/4205 3858/4410
f 3852/5249 3887/4248 3885/5305 3849/5248
f 3527/5303 3863/4314 3872/4313 3528/5301
f 3529/5302 3870/4370 3868/4115 3530/4114
f 3542/5352 3527/5300 3800/5299 3807/5298
f 3727/5353 3787/5354 3789/5355 3730/5356
f 3720/4395 3794/4394 3785/5357 3724/5297
f 3785/5357 3794/4394 3543/5296 3558/5358
f 3558/5359 3543/5295 3559/5294 3574/5360
f 3574/5361 3559/5293 3772/5292 3779/5362
f 3736/5290 3760/4104 3762/5236 3739/5291
f 3748/4187 3756/4186 3758/4105 3750/5363
f 3755/4305 3764/4304 3575/5289 3590/5364
f 3590/5365 3575/5288 3591/5287 3606/5366
f 3606/5367 3591/5286 3607/5285 3622/5368
f 3622/5368 3607/5285 3639/4391 3651/5369
f 3640/4344 3630/5284 3629/4399 3654/4345
f 3646/4144 3626/5370 3625/4220 3644/4145
f 3649/4242 3627/4241 3626/5370 3646/4144
f 3651/5369 3648/4118 3621/5371 3622/5368
f 3622/5368 3621/5371 3605/5372 3606/5367
f 3606/5366 3605/5373 3589/5374 3590/5365
f 3590/5364 3589/5375 3757/4411 3755/4305
f 3750/5363 3758/4105 3760/4104 3736/5290
f 3739/5291 3762/5236 3764/4304 3742/4303
f 3779/5362 3781/5376 3573/5377 3574/5361
f 3574/5360 3573/5378 3557/5379 3558/5359
f 3558/5358 3557/5380 3787/5381 3785/5357
f 3724/5297 3785/5357 3787/5381 3727/5382
f 3730/5356 3789/5355 3791/4409 3733/4408
f 3807/5298 3809/5383 3541/5384 3542/5352
f 3537/5385 3874/5386 3873/4260 3538/4259
f 3536/4397 3875/4396 3874/5386 3537/5385
f 3517/4207 3883/4206 3885/5305 3516/5387
f 3516/5387 3885/5305 3887/4248 3515/4247
f 3526/5351 3525/5388 3509/5389 3510/5350
f 3510/5350 3509/5389 3493/5390 3494/5349
f 3494/5349 3493/5390 3477/5391 3478/5348
f 3478/5347 3477/5392 3836/5393 3834/5346
f 3459/4211 3815/4210 3817/5394 3458/5395
f 3458/5395 3817/5394 3819/4200 3457/4199
f 3462/5345 3461/5396 3682/5397 3680/5344
f 3680/5344 3682/5397 3666/5398 3664/5343
f 3664/5343 3666/5398 3707/5399 3705/5342
f 3705/5342 3707/5399 3691/5400 3689/5341
f 3689/5341 3691/5400 3397/5401 3398/5340
f 3398/5339 3397/5402 3431/5403 3444/5338
f 3444/5338 3431/5403 3399/5404 3410/5337
f 3410/5337 3399/5404 3422/5405 3419/5336
f 3419/5336 3422/5405 3349/5406 3350/5278
f 3359/5335 3361/5407 3333/5408 3334/5334
f 3334/5333 3333/5409 3317/5410 3318/5332
f 3651/5369 3638/5411 3637/4119 3648/4118
f 3639/4391 3623/4390 3638/5411 3651/5369
f 3648/4118 3645/4121 3620/5412 3621/5371
f 3621/5371 3620/5412 3604/5413 3605/5372
f 3605/5414 3604/5415 3588/5416 3589/5417
f 3589/5418 3588/5419 3759/4252 3757/4403
f 3775/4101 3737/4100 3740/5420 3776/4335
f 3776/4335 3740/5420 3743/4398 3777/4336
f 3781/5237 3767/5238 3572/5421 3573/5422
f 3573/5423 3572/5424 3556/5425 3557/5426
f 3557/5427 3556/5428 3789/5355 3787/5354
f 3726/4157 3786/4156 3788/4161 3729/5245
f 3729/5245 3788/4161 3790/4160 3731/4214
f 3809/5429 3811/5430 3540/5431 3541/5432
f 3533/5433 3878/5251 3877/4179 3534/4178
f 3532/4151 3864/4150 3878/5251 3533/5433
f 3521/4109 3879/4108 3880/4289 3520/5434
f 3520/5434 3880/4289 3881/4288 3519/4389
f 3525/5435 3524/5436 3508/5437 3509/5438
f 3509/5438 3508/5437 3492/5439 3493/5440
f 3493/5440 3492/5439 3476/5441 3477/5442
f 3477/5443 3476/5444 3838/5445 3836/5446
f 3447/4167 3818/4166 3825/5447 3462/5448
f 3462/5448 3825/5447 3827/5449 3461/5450
f 3461/5451 3460/5452 3684/5453 3682/5454
f 3682/5454 3684/5453 3668/5455 3666/5456
f 3666/5456 3668/5455 3709/5457 3707/5458
f 3707/5458 3709/5457 3693/5459 3691/5460
f 3691/5460 3693/5459 3396/5461 3397/5462
f 3397/5463 3396/5464 3433/5465 3431/5466
f 3431/5466 3433/5465 3402/5467 3399/5468
f 3399/5468 3402/5467 3424/5469 3422/5470
f 3422/5470 3424/5469 3348/5325 3349/5471
f 3361/5472 3363/5473 3332/5474 3333/5475
f 3333/5476 3332/5477 3316/5478 3317/5479
f 3653/5480 3634/5481 3633/5230 3650/5229
f 3642/4149 3635/4148 3634/5481 3653/5480
f 3645/4121 3642/4149 3619/5482 3620/5412
f 3620/5412 3619/5482 3603/5483 3604/5413
f 3604/5415 3603/5484 3587/5485 3588/5416
f 3588/5419 3587/5486 3761/4253 3759/4252
f 3769/5239 3738/4254 3741/4343 3771/5487
f 3771/5487 3741/4343 3744/4137 3773/4136
f 3767/5238 3769/5239 3571/5488 3572/5421
f 3572/5424 3571/5489 3555/5490 3556/5425
f 3556/5428 3555/5491 3791/4409 3789/5355
f 3723/4131 3806/4284 3805/4283 3721/4128
f 3721/4128 3805/4283 3804/4378 3732/4323
f 3811/5430 3813/5492 3539/5493 3540/5431
f 3855/5304 3868/4115 3870/4370 3857/4369
f 3852/5249 3866/4116 3868/4115 3855/5304
f 3525/5494 3888/5495 3890/5496 3524/5497
f 3524/5497 3890/5496 3892/4147 3523/4146
f 3524/5436 3523/5498 3507/5499 3508/5437
f 3508/5437 3507/5499 3491/5500 3492/5439
f 3492/5439 3491/5500 3475/5501 3476/5441
f 3476/5444 3475/5502 3840/5503 3838/5445
f 3460/5452 3459/5504 3671/5505 3684/5453
f 3684/5453 3671/5505 3655/5506 3668/5455
f 3668/5455 3655/5506 3712/5507 3709/5457
f 3709/5457 3712/5507 3696/5508 3693/5459
f 3693/5459 3696/5508 3395/5509 3396/5461
f 3396/5464 3395/5510 3435/5511 3433/5465
f 3433/5465 3435/5511 3405/5512 3402/5467
f 3402/5467 3405/5512 3426/5513 3424/5469
f 3424/5469 3426/5513 3347/5322 3348/5325
f 3337/4062 3374/5514 3372/5515 3338/4063
f 3336/5274 3376/5277 3374/5514 3337/4062
f 3363/5473 3365/5516 3331/5517 3332/5474
f 3332/5477 3331/5518 3315/5519 3316/5478
f 3314/5520 3315/5519 3331/5518 3330/5521
f 3330/5522 3331/5517 3365/5516 3351/5523
f 3348/5325 3373/5324 3371/5524 3349/5471
f 3349/5406 3371/5525 3369/5279 3350/5278
f 3346/5326 3347/5322 3426/5513 3428/5526
f 3428/5526 3426/5513 3405/5512 3408/5527
f 3408/5527 3405/5512 3435/5511 3437/5528
f 3437/5528 3435/5511 3395/5510 3394/5529
f 3394/5530 3395/5509 3696/5508 3698/5531
f 3698/5531 3696/5508 3712/5507 3714/5532
f 3714/5532 3712/5507 3655/5506 3657/5533
f 3657/5533 3655/5506 3671/5505 3673/5534
f 3673/5534 3671/5505 3459/5504 3458/5535
f 3842/5536 3840/5503 3475/5502 3474/5537
f 3474/5538 3475/5501 3491/5500 3490/5539
f 3490/5539 3491/5500 3507/5499 3506/5540
f 3506/5540 3507/5499 3523/5498 3522/5541
f 3512/5542 3893/5543 3884/5253 3511/5252
f 3513/4401 3891/4400 3893/5543 3512/5542
f 3854/4287 3876/4180 3877/4179 3858/4410
f 3858/4410 3877/4179 3878/5251 3861/5250
f 3538/5544 3539/5493 3813/5492 3799/5545
f 3731/4214 3812/4123 3810/4122 3729/5245
f 3734/4216 3814/5246 3812/4123 3731/4214
f 3793/4286 3791/4409 3555/5491 3554/5546
f 3554/5547 3555/5490 3571/5489 3570/5548
f 3570/5549 3571/5488 3769/5239 3771/5487
f 3779/5362 3746/4306 3749/4412 3781/5376
f 3772/5292 3742/4303 3746/4306 3779/5362
f 3763/4342 3761/4253 3587/5486 3586/5550
f 3586/5551 3587/5485 3603/5484 3602/5552
f 3602/5108 3603/5483 3619/5482 3618/5553
f 3618/5553 3619/5482 3642/4149 3653/5480
f 3653/5480 3650/5229 3617/5554 3618/5553
f 3618/5553 3617/5554 3601/5555 3602/5108
f 3602/5552 3601/5556 3585/5557 3586/5551
f 3586/5550 3585/5558 3765/4376 3763/4342
f 3780/4292 3748/4187 3750/5363 3782/4132
f 3782/4132 3750/5363 3736/5290 3768/4133
f 3771/5487 3773/4136 3569/5559 3570/5549
f 3570/5548 3569/5560 3553/5561 3554/5547
f 3554/5546 3553/5562 3795/4278 3793/4286
f 3730/5356 3811/5430 3809/5429 3727/5353
f 3727/5382 3809/5383 3807/5298 3724/5297
f 3799/5545 3801/5563 3537/5564 3538/5544
f 3851/4290 3875/4396 3876/4180 3854/4287
f 3848/4368 3874/5386 3875/4396 3851/4290
f 3850/5565 3886/5254 3884/5253 3847/4315
f 3860/4312 3893/5543 3891/4400 3857/4369
f 3522/5541 3521/5566 3505/5567 3506/5540
f 3506/5540 3505/5567 3489/5568 3490/5539
f 3490/5539 3489/5568 3473/5569 3474/5538
f 3474/5537 3473/5570 3844/5571 3842/5536
f 3458/5535 3457/5572 3674/5573 3673/5534
f 3673/5534 3674/5573 3658/5574 3657/5533
f 3657/5533 3658/5574 3715/5575 3714/5532
f 3714/5532 3715/5575 3699/5576 3698/5531
f 3698/5531 3699/5576 3393/5577 3394/5530
f 3394/5529 3393/5578 3438/5579 3437/5528
f 3437/5528 3438/5579 3411/5580 3408/5527
f 3408/5527 3411/5580 3429/5581 3428/5526
f 3428/5526 3429/5581 3345/5582 3346/5326
f 3345/5582 3379/5583 3377/5327 3346/5326
f 3344/5584 3380/5585 3379/5583 3345/5582
f 3351/5523 3353/5586 3329/5587 3330/5522
f 3330/5521 3329/5588 3313/5589 3314/5520
f 3650/5229 3647/5225 3616/5590 3617/5554
f 3617/5554 3616/5590 3600/5591 3601/5555
f 3601/5556 3600/5592 3584/5593 3585/5557
f 3585/5558 3584/5594 3766/5595 3765/4376
f 3777/4336 3743/4398 3745/4184 3778/4291
f 3778/4291 3745/4184 3748/4187 3780/4292
f 3773/4136 3774/4098 3568/5596 3569/5559
f 3569/5560 3568/5597 3552/5598 3553/5561
f 3553/5562 3552/5599 3796/4279 3795/4278
f 3719/4285 3799/5545 3813/5492 3733/4408
f 3733/4408 3813/5492 3811/5430 3730/5356
f 3801/5563 3802/5600 3536/5601 3537/5564
f 3862/4386 3873/4260 3874/5386 3848/4368
f 3859/5602 3871/4261 3873/4260 3862/4386
f 3847/4315 3884/5253 3893/5543 3860/4312
f 3857/4369 3891/4400 3889/4249 3855/5304
f 3521/5566 3520/5603 3504/5604 3505/5567
f 3505/5567 3504/5604 3488/5605 3489/5568
f 3489/5568 3488/5605 3472/5606 3473/5569
f 3473/5570 3472/5607 3845/5608 3844/5571
f 3457/5572 3456/5609 3675/5610 3674/5573
f 3674/5573 3675/5610 3659/5611 3658/5574
f 3658/5574 3659/5611 3716/5612 3715/5575
f 3715/5575 3716/5612 3700/5613 3699/5576
f 3699/5576 3700/5613 3392/5614 3393/5577
f 3393/5578 3392/5615 3439/5616 3438/5579
f 3438/5579 3439/5616 3413/5617 3411/5580
f 3411/5580 3413/5617 3430/5618 3429/5581
f 3429/5581 3430/5618 3344/5584 3345/5582
f 3343/5619 3381/5620 3380/5585 3344/5584
f 3342/4327 3382/5621 3381/5620 3343/5619
f 3353/5586 3354/5622 3328/5623 3329/5587
f 3329/5588 3328/5624 3312/5625 3313/5589
f 3647/5225 3643/5228 3615/5626 3616/5590
f 3616/5590 3615/5626 3599/5627 3600/5591
f 3600/5592 3599/5628 3583/5629 3584/5593
f 3584/5594 3583/5630 3751/5631 3766/5595
f 3744/4137 3765/4376 3766/5595 3747/4099
f 3737/4100 3751/5631 3752/4383 3740/5420
f 3774/4098 3775/4101 3567/5632 3568/5596
f 3568/5597 3567/5633 3551/5634 3552/5598
f 3552/5599 3551/5635 3797/4321 3796/4279
f 3725/4280 3802/5600 3801/5563 3722/4277
f 3722/4277 3801/5563 3799/5545 3719/4285
f 3802/5600 3803/5636 3535/5637 3536/5601
f 3856/5638 3869/4274 3871/4261 3859/5602
f 3853/5639 3867/4275 3869/4274 3856/5638
f 3856/5638 3890/5496 3888/5495 3853/5639
f 3853/5640 3888/5256 3886/5254 3850/5565
f 3520/5603 3519/5641 3503/5642 3504/5604
f 3504/5604 3503/5642 3487/5643 3488/5605
f 3488/5605 3487/5643 3471/5644 3472/5606
f 3472/5607 3471/5645 3846/5646 3845/5608
f 3456/5609 3455/5647 3676/5648 3675/5610
f 3675/5610 3676/5648 3660/5649 3659/5611
f 3659/5611 3660/5649 3717/5650 3716/5612
f 3716/5612 3717/5650 3701/5651 3700/5613
f 3700/5613 3701/5651 3391/5652 3392/5614
f 3392/5615 3391/5653 3440/5654 3439/5616
f 3439/5616 3440/5654 3400/5655 3413/5617
f 3413/5617 3400/5655 3415/5656 3430/5618
f 3430/5618 3415/5656 3343/5619 3344/5584
f 3341/4326 3367/5657 3382/5621 3342/4327
f 3340/4228 3368/5658 3367/5657 3341/4326
f 3354/5622 3355/5659 3327/5660 3328/5623
f 3328/5624 3327/5661 3311/5662 3312/5625
f 3643/5228 3640/4344 3614/4346 3615/5626
f 3615/5626 3614/4346 3598/4377 3599/5627
f 3599/5628 3598/4361 3582/4364 3583/5629
f 3583/5630 3582/4382 3752/4383 3751/5631
f 3747/4099 3766/5595 3751/5631 3737/4100
f 3740/5420 3752/4383 3753/4270 3743/4398
f 3775/4101 3776/4335 3566/4338 3567/5632
f 3567/5633 3566/4374 3550/4375 3551/5634
f 3551/5635 3550/4349 3798/4322 3797/4321
f 3732/4323 3804/4378 3803/5636 3728/4320
f 3728/4320 3803/5636 3802/5600 3725/4280
f 3803/5636 3804/4378 3534/4379 3535/5637
f 3850/5565 3865/4406 3867/4405 3853/5640
f 3847/4315 3863/4314 3865/4406 3850/5565
f 3862/4386 3894/4107 3892/4147 3859/5602
f 3859/5602 3892/4147 3890/5496 3856/5638
f 3519/5641 3518/4339 3502/4341 3503/5642
f 3503/5642 3502/4341 3486/4365 3487/5643
f 3487/5643 3486/4365 3470/4367 3471/5644
f 3471/5645 3470/4384 3831/4385 3846/5646
f 3451/4381 3826/4380 3828/5663 3450/5664
f 3450/5664 3828/5663 3830/4085 3449/4084
f 3455/5647 3454/4332 3677/4334 3676/5648
f 3676/5648 3677/4334 3661/4357 3660/5649
f 3660/5649 3661/4357 3718/4358 3717/5650
f 3717/5650 3718/4358 3702/4328 3701/5651
f 3701/5651 3702/4328 3390/4331 3391/5652
f 3391/5653 3390/4373 3441/4355 3440/5654
f 3440/5654 3441/4355 3404/4356 3400/5655
f 3400/5655 3404/4356 3416/4324 3415/5656
f 3415/5656 3416/4324 3342/4327 3343/5619
f 3339/4227 3370/5665 3368/5658 3340/4228
f 3338/4063 3372/5515 3370/5665 3339/4227
f 3355/5659 3356/4371 3326/4372 3327/5660
f 3327/5661 3326/4351 3310/4354 3311/5662
f 3625/4220 3626/5370 4504/5666
f 3637/4119 3638/5411 4504/5666
f 3630/5284 3631/5227 4504/5666
f 3631/5227 3632/5226 4504/5666
f 3635/4148 3636/4120 4504/5666
f 3634/5481 3635/4148 4504/5666
f 3629/4399 3630/5284 4504/5666
f 3626/5370 3627/4241 4504/5666
f 3623/4390 3624/4221 4504/5666
f 3638/5411 3623/4390 4504/5666
f 3632/5226 3633/5230 4504/5666
f 3628/4240 3629/4399 4504/5666
f 3636/4120 3637/4119 4504/5666
f 3627/4241 3628/4240 4504/5666
f 3624/4221 3625/4220 4504/5666
f 3633/5230 3634/5481 4504/5666
f 3837/4171 3828/5663 3826/4380 3835/4213
f 3835/4213 3826/4380 3824/4359 3833/4295
f 3833/4295 3824/4359 3823/4301 3832/4296
f 3832/4296 3823/4301 3822/4300 3831/4385
f 3831/4385 3822/4300 3821/4392 3846/5646
f 3846/5646 3821/4392 3820/4201 3845/5608
f 3845/5608 3820/4201 3819/4200 3844/5571
f 3844/5571 3819/4200 3817/5394 3842/5536
f 3842/5536 3817/5394 3815/4210 3840/5503
f 3840/5503 3815/4210 3829/4209 3838/5445
f 3838/5445 3829/4209 3827/4388 3836/5446
f 3836/5393 3827/5449 3825/5447 3834/5346
f 3834/5346 3825/5447 3818/4166 3843/5311
f 3843/5311 3818/4166 3816/4086 3841/5263
f 3841/5263 3816/4086 3830/4085 3839/4170
f 3839/4170 3830/4085 3828/5663 3837/4171
f 4505/5667 3374/5514 3376/5277 4506/5668
f 4506/5668 3376/5277 3378/5276 4507/5669
f 4507/5669 3378/5276 3369/5279 4508/5670
f 4508/5670 3369/5279 3371/5525 4509/5671
f 4509/5672 3371/5524 3373/5324 4510/5673
f 4510/5673 3373/5324 3375/5323 4511/5674
f 4511/5674 3375/5323 3377/5327 4512/5675
f 4512/5675 3377/5327 3379/5583 4513/5676
f 4513/5676 3379/5583 3380/5585 4514/5677
f 4514/5677 3380/5585 3381/5620 4515/5678
f 4515/5678 3381/5620 3382/5621 4516/5679
f 4516/5679 3382/5621 3367/5657 4517/5680
f 4517/5680 3367/5657 3368/5658 4518/5681
f 4518/5681 3368/5658 3370/5665 4519/5682
f 4519/5682 3370/5665 3372/5515 4520/5683
f 4520/5683 3372/5515 3374/5514 4505/5667
f 3364/4162 4505/5667 4506/5668 3366/5280
f 3366/5280 4506/5668 4507/5669 3352/5328
f 3352/5328 4507/5669 4508/5670 3359/5335
f 3359/5335 4508/5670 4509/5671 3361/5407
f 3361/5472 4509/5672 4510/5673 3363/5473
f 3363/5473 4510/5673 4511/5674 3365/5516
f 3365/5516 4511/5674 4512/5675 3351/5523
f 3351/5523 4512/5675 4513/5676 3353/5586
f 3353/5586 4513/5676 4514/5677 3354/5622
f 3354/5622 4514/5677 4515/5678 3355/5659
f 3355/5659 4515/5678 4516/5679 3356/4371
f 3356/4371 4516/5679 4517/5680 3357/4318
f 3357/4318 4517/5680 4518/5681 3358/4319
f 3358/4319 4518/5681 4519/5682 3360/4152
f 3360/4152 4519/5682 4520/5683 3362/4153
f 3362/4153 4520/5683 4505/5667 3364/4162
f 4641/5684 4643/5685 4555/5686 4556/5687
f 4910/5688 4912/5689 4603/5690 4604/5691
f 4668/5692 4667/5693 4903/5694 4901/5695
f 4540/5696 4539/5697 4523/5698 4524/5699
f 4885/5700 4887/5701 4928/5702 4926/5703
f 4650/5704 4652/5705 4621/5706 4619/5707
f 4667/5708 5048/5709 5034/5710 4666/5711
f 4700/5712 4699/5713 4683/5714 4684/5715
f 4780/5716 4779/5717 4763/5718 4764/5719
f 4716/5720 4715/5721 4699/5713 4700/5712
f 4992/5722 4965/5723 4955/5724 4993/5725
f 4796/5726 4795/5727 4978/5728 4976/5729
f 4740/5730 5112/5731 5097/5732 4739/5733
f 4828/5734 4827/5735 4811/4377 4812/5627
f 4748/5736 5086/5737 5084/5738 4749/5739
f 4866/4144 4855/5370 4854/4220 4863/4145
f 5028/5740 5030/5741 4747/5742 4748/5743
f 4541/5744 4540/5696 4524/5699 4525/5745
f 4939/5746 5001/5747 5002/5748 4941/5749
f 5000/5750 4986/5751 4779/5752 4780/5753
f 4991/5754 4962/5755 4965/5723 4992/5722
f 4812/5756 4811/5757 4795/5758 4796/5759
f 4732/5760 4731/5761 4715/5721 4716/5720
f 4864/5762 4862/4344 4827/5735 4828/5734
f 4741/5763 5110/5764 5112/5731 4740/5730
f 4863/4145 4854/4220 4853/5765 4860/4222
f 4749/5739 5084/5738 5082/5766 4750/5767
f 4578/5768 4580/5769 4540/5770 4541/5771
f 4941/5749 5002/5748 5004/5772 4944/5773
f 4764/5774 4763/5775 5008/5776 5006/5777
f 4580/5769 4582/5778 4539/5031 4540/5770
f 4604/5779 4603/5780 4652/5705 4650/5704
f 4901/5695 4903/5694 4887/5701 4885/5700
f 4926/5703 4928/5702 4912/5689 4910/5688
f 4619/5707 4621/5706 4643/5685 4641/5684
f 4666/5711 5034/5710 5036/5781 4665/5782
f 4684/5783 4683/5784 5057/5785 5055/5786
f 4605/5787 4604/5779 4650/5704 4663/5788
f 4899/5789 4901/5695 4885/5700 4883/5790
f 4717/5791 4716/5720 4700/5712 4701/5792
f 4752/5793 5095/5794 5094/4180 4753/5795
f 4781/5796 4780/5716 4764/5719 4765/5797
f 4963/5798 4972/5799 4974/5800 4966/5801
f 4829/5590 4828/5734 4812/5627 4813/5802
f 4542/5803 4541/5744 4525/5745 4526/5804
f 4661/5805 4663/5788 4630/5806 4627/5807
f 4881/5808 4883/5790 4924/5809 4922/5810
f 4924/5809 4926/5703 4910/5688 4908/5811
f 4675/5812 5037/5813 5038/5814 4674/5815
f 4630/5806 4619/5707 4641/5684 4638/5816
f 4736/5817 5100/4205 5101/5818 4735/5819
f 4678/5820 5047/5821 5033/5822 4677/5823
f 4685/5824 4684/5783 5055/5786 5053/5825
f 4949/5826 5008/5776 5010/5827 4952/5828
f 5026/5829 5028/5740 4748/5743 4749/5830
f 4797/5831 4796/5726 4976/5729 4974/5800
f 4862/4344 4843/5832 4842/5833 4859/4345
f 4670/5834 4669/5835 4899/5789 4897/5836
f 4636/5837 4638/5816 4557/5838 4558/5839
f 4906/5840 4908/5811 4605/5841 4606/5842
f 4814/5843 4813/5844 4797/5845 4798/5846
f 4702/5847 4701/5792 4685/5848 4686/5849
f 4870/5229 4846/5230 4845/5226 4867/5225
f 4814/5555 4815/5108 4831/5553 4830/5554
f 4733/5850 5105/5851 5107/5852 4732/5853
f 4953/5854 4977/5855 4979/5856 4956/5857
f 4766/5858 4767/5859 4783/5860 4782/5861
f 4756/5862 5091/5863 5089/5864 4757/5865
f 4702/5847 4703/5866 4719/5867 4718/5868
f 4766/5869 4765/5870 5004/5772 5002/5748
f 4734/5871 4733/5872 4717/5791 4718/5868
f 4870/5229 4867/5225 4829/5590 4830/5554
f 4972/5799 4971/5873 4799/5874 4798/5875
f 4758/5876 5087/5877 5085/5878 4759/5879
f 4940/5880 5013/5881 5014/5882 4943/5883
f 4750/5884 4751/5885 5023/5886 5024/5887
f 4937/5888 5011/5889 5013/5881 4940/5880
f 5072/5890 5099/5891 5098/4289 5069/5892
f 4996/5893 4998/5894 4781/5895 4782/5896
f 5051/5897 5050/5898 4687/5899 4686/5900
f 4672/5901 5040/5902 5041/5903 4671/5904
f 4960/5905 4982/5906 4973/5907 4964/5908
f 4881/5808 4880/5909 4896/5910 4897/5836
f 4661/5805 4660/5911 4607/5912 4606/5913
f 5078/5914 5090/5915 5081/5916 5065/5917
f 4542/5918 4543/5919 4575/5920 4576/5921
f 4946/5922 5015/5923 5016/5924 4950/5925
f 4634/5926 4635/5927 4559/5928 4560/5929
f 4920/5930 4905/5931 4607/5932 4608/5933
f 4672/5934 4671/5935 4896/5910 4895/5936
f 4994/5937 4995/5938 4783/5939 4784/5940
f 4736/5941 4735/5942 4719/5867 4720/5943
f 4956/5857 4979/5856 4981/5944 4959/5945
f 4858/4149 4872/5480 4831/5553 4832/5482
f 4906/5840 4905/5931 4921/5946 4922/5810
f 4636/5837 4635/5927 4625/5947 4627/5807
f 4768/5948 4767/5949 5001/5747 5016/5924
f 4544/5950 4543/5951 4527/5952 4528/5953
f 4659/5954 4660/5911 4625/5947 4622/5955
f 4879/5956 4880/5909 4921/5946 4936/5957
f 4671/5904 5041/5903 5042/5958 4670/5959
f 4816/5960 4815/5961 4799/5962 4800/5963
f 4704/5964 4703/5866 4687/5965 4688/5966
f 5069/5892 5098/4289 5097/5732 5066/5967
f 4897/5836 4896/5910 4671/5935 4670/5834
f 4606/5842 4607/5932 4905/5931 4906/5840
f 4558/5839 4559/5928 4635/5927 4636/5837
f 5075/5968 5088/5969 5090/5915 5078/5914
f 4574/5970 4575/5920 4543/5919 4544/5971
f 4608/5972 4607/5912 4660/5911 4659/5954
f 4895/5936 4896/5910 4880/5909 4879/5956
f 4784/5973 4783/5860 4767/5859 4768/5974
f 4720/5943 4719/5867 4703/5866 4704/5964
f 4959/5945 4981/5944 4983/5975 4962/5755
f 4832/5482 4831/5553 4815/5108 4816/5483
f 4922/5810 4921/5946 4880/5909 4881/5808
f 5022/5976 5023/5886 4751/5885 4752/5977
f 4627/5807 4625/5947 4660/5911 4661/5805
f 4950/5925 5016/5924 5001/5747 4939/5746
f 4526/5804 4527/5952 4543/5951 4542/5803
f 4622/5955 4625/5947 4635/5927 4634/5926
f 4936/5957 4921/5946 4905/5931 4920/5930
f 4670/5959 5042/5958 5044/5978 4669/5979
f 4800/5980 4799/5874 4971/5873 4970/5981
f 4688/5982 4687/5899 5050/5898 5049/5983
f 5066/5967 5097/5732 5112/5731 5080/5984
f 4663/5788 4650/5704 4619/5707 4630/5806
f 4883/5790 4885/5700 4926/5703 4924/5809
f 4679/5985 5045/5986 5047/5821 4678/5820
f 4701/5792 4700/5712 4684/5715 4685/5848
f 4737/5987 5099/5891 5100/4205 4736/5817
f 4765/5870 4764/5774 5006/5777 5004/5772
f 4813/5844 4812/5756 4796/5759 4797/5845
f 4859/4345 4842/5833 4841/4240 4857/4239
f 4627/5807 4630/5806 4638/5816 4636/5837
f 4922/5810 4924/5809 4908/5811 4906/5840
f 4908/5811 4910/5688 4604/5691 4605/5841
f 4674/5815 5038/5814 5039/5988 4673/5989
f 4638/5816 4641/5684 4556/5687 4557/5838
f 4733/5872 4732/5760 4716/5720 4717/5791
f 4669/5835 4668/5692 4901/5695 4899/5789
f 4952/5828 5010/5827 5012/5990 4938/5991
f 4753/5795 5094/4180 5093/5992 4754/5993
f 4998/5894 5000/5750 4780/5753 4781/5895
f 4576/5921 4578/5768 4541/5771 4542/5918
f 4961/5994 4971/5873 4972/5799 4963/5798
f 4867/5225 4864/5762 4828/5734 4829/5590
f 4897/5836 4899/5789 4883/5790 4881/5808
f 4606/5913 4605/5787 4663/5788 4661/5805
f 4798/5875 4797/5831 4974/5800 4972/5799
f 4686/5900 4685/5824 5053/5825 5051/5897
f 4872/5480 4847/5481 4846/5230 4870/5229
f 4830/5554 4831/5553 4872/5480 4870/5229
f 4732/5853 5107/5852 5109/5995 4731/5996
f 4967/5997 4975/5998 4977/5855 4953/5854
f 4782/5896 4783/5939 4995/5938 4996/5893
f 4943/5883 5014/5882 5015/5923 4946/5922
f 4759/5999 5085/6000 5083/6001 4760/6002
f 5024/5887 5026/5829 4749/5830 4750/5884
f 4718/5868 4719/5867 4735/5942 4734/5871
f 4951/6003 5009/6004 5011/5889 4937/5888
f 4718/5868 4717/5791 4701/5792 4702/5847
f 4830/5554 4829/5590 4813/5802 4814/5555
f 4798/5846 4799/5962 4815/5961 4814/5843
f 4757/5865 5089/5864 5087/5877 4758/5876
f 5002/5748 5001/5747 4767/5949 4766/5869
f 5076/6005 5100/4205 5099/5891 5072/5890
f 4782/5861 4781/5796 4765/5797 4766/5858
f 4686/5849 4687/5965 4703/5866 4702/5847
f 4673/5989 5039/5988 5040/5902 4672/5901
f 4964/5908 4973/5907 4975/6006 4967/6007
f 5662/6008 5113/6009 5128/6010 5660/6011
f 5666/6012 5115/6013 5114/6014 5664/6015
f 5668/6016 5117/6017 5116/6018 5667/6019
f 5670/6020 5119/6021 5118/6022 5669/6023
f 5673/6024 5121/6025 5120/6026 5671/6027
f 5661/6028 5123/6029 5122/6030 5659/6031
f 5665/6032 5125/6033 5124/6034 5663/6035
f 5658/6036 5127/6037 5126/6038 5672/6039
f 5113/6009 5652/6040 5650/6041 5128/6010
f 5115/6013 5656/6042 5654/6043 5114/6014
f 5117/6017 5642/6044 5657/6045 5116/6018
f 5119/6021 5644/6046 5643/6047 5118/6022
f 5121/6025 5647/6048 5645/6049 5120/6026
f 5123/6029 5651/6050 5649/6051 5122/6030
f 5664/6015 5114/6014 5113/6009 5662/6008
f 5667/6019 5116/6018 5115/6013 5666/6012
f 5669/6023 5118/6022 5117/6017 5668/6016
f 5671/6027 5120/6026 5119/6021 5670/6020
f 5128/6010 5650/6041 5648/6052 5127/6037
f 5659/6031 5122/6030 5121/6025 5673/6024
f 5663/6053 5124/6054 5123/6029 5661/6028
f 5672/6039 5126/6038 5125/6033 5665/6032
f 5660/6011 5128/6010 5127/6037 5658/6036
f 5114/6014 5654/6043 5652/6040 5113/6009
f 5116/6018 5657/6045 5656/6042 5115/6013
f 5118/6022 5643/6047 5642/6044 5117/6017
f 5120/6026 5645/6049 5644/6046 5119/6021
f 5124/6054 5653/6055 5651/6050 5123/6029
f 5122/6030 5649/6051 5647/6048 5121/6025
f 5125/6033 5655/6056 5653/6057 5124/6034
f 5126/6038 5646/6058 5655/6056 5125/6033
f 5127/6037 5648/6052 5646/6058 5126/6038
f 5185/6059 5194/6060 5196/6061 5187/6062
f 5181/6063 5206/6064 5208/6065 5183/6066
f 5188/6067 5197/6068 5199/6069 5190/6070
f 5184/6071 5209/6072 5195/6073 5186/6074
f 5180/6075 5205/6076 5207/6077 5182/6078
f 5178/6079 5203/6080 5204/6081 5179/6082
f 5192/6083 5201/6084 5202/6085 5193/6086
f 5189/6087 5198/6088 5200/6089 5191/6090
f 5391/6091 5390/6092 5129/6093
f 5397/6094 5396/6095 5129/6093
f 5396/6095 5395/6096 5129/6093
f 5386/6097 5401/6098 5129/6093
f 5398/6099 5397/6094 5129/6093
f 5390/6092 5389/6100 5129/6093
f 5394/6101 5393/6102 5129/6093
f 5387/6103 5386/6097 5129/6093
f 5399/6104 5398/6099 5129/6093
f 5183/6066 5208/6065 5194/6060 5185/6059
f 5190/6070 5199/6069 5206/6064 5181/6063
f 5186/6074 5195/6073 5197/6105 5188/6106
f 5393/6102 5392/6107 5129/6093
f 5182/6078 5207/6077 5209/6072 5184/6071
f 5179/6082 5204/6081 5205/6076 5180/6075
f 5193/6086 5202/6085 5203/6080 5178/6079
f 5191/6090 5200/6089 5201/6084 5192/6083
f 5187/6062 5196/6061 5198/6088 5189/6087
f 5400/6108 5399/6104 5129/6093
f 5388/6109 5387/6103 5129/6093
f 5392/6107 5391/6091 5129/6093
f 5401/6098 5400/6108 5129/6093
f 5395/6096 5394/6101 5129/6093
f 5389/6100 5388/6109 5129/6093
f 5669/6023 5668/6016 5698/6110 5697/6111
f 5633/6112 5634/6113 5583/6114 5584/6115
f 5574/6116 5196/6061 5194/6060 5575/6117
f 5307/6118 5306/6119 5322/6120 5323/6121
f 5177/6122 5161/6123 5159/6124 5174/6125
f 5292/6126 5220/6127 5221/6128 5296/6129
f 5284/6130 5272/6131 5271/6132 5281/6133
f 5409/6134 5410/6135 5426/6136 5425/6137
f 5684/6138 5656/6042 5657/6045 5683/6139
f 5585/6140 5584/6115 5624/6141 5611/6142
f 5365/6143 5364/6144 5307/6118 5308/6145
f 5536/6146 5537/6147 5553/6148 5552/6149
f 5168/6150 5134/6151 5136/6152 5171/6153
f 5302/6154 5223/6155 5225/6156 5305/6157
f 5250/6158 5249/6159 5457/6160 5456/6161
f 5624/6141 5620/6162 5608/6163 5609/6164
f 5348/6165 5347/6166 5363/6167 5364/6144
f 5521/6168 5522/6169 5538/6170 5537/6147
f 5685/6171 5654/6043 5656/6042 5684/6138
f 5553/6172 5554/6173 5193/6086 5178/6079
f 5165/6174 5132/6175 5134/6151 5168/6150
f 5221/6128 5220/6127 5490/6176 5489/6177
f 5457/6178 5458/6179 5474/6180 5473/6181
f 5441/6182 5442/6183 5272/6131 5273/6184
f 5696/6185 5697/6186 5713/6187 5712/6188
f 5594/6189 5609/6164 5681/6190 5680/6191
f 5324/6192 5323/6121 5633/6193 5632/6194
f 5504/6195 5505/6196 5521/6168 5520/6197
f 5568/6198 5569/6199 5348/6165 5349/6200
f 5168/6150 5155/6201 5153/6202 5165/6174
f 5472/6203 5473/6204 5227/6205 5228/6206
f 5280/6207 5259/6208 5258/6209 5277/6210
f 5424/6211 5425/6212 5441/6213 5440/5593
f 5681/6190 5643/6047 5644/6046 5680/6191
f 5309/6214 5308/6145 5324/6192 5325/6215
f 5519/6216 5520/6197 5536/6146 5535/6217
f 5165/6174 5153/6202 5151/6218 5162/6219
f 5305/6157 5225/6156 5211/6220 5291/6221
f 5246/6222 5279/6223 5276/6224 5244/6225
f 5407/6226 5408/6227 5424/6228 5423/6229
f 5680/6191 5644/6046 5645/6049 5679/6230
f 5694/6231 5695/6232 5711/6233 5710/6234
f 5326/6235 5325/6215 5631/5748 5630/6236
f 5566/6237 5567/6238 5350/6239 5351/6240
f 5502/6241 5503/6242 5519/6216 5518/6243
f 5173/6244 5149/6245 5148/6246 5170/6247
f 5470/6248 5471/6249 5229/6250 5231/6251
f 5671/6027 5670/6020 5696/6252 5695/6253
f 5551/6254 5552/6255 5179/6082 5180/6075
f 5631/6256 5632/6257 5585/6140 5586/6258
f 5377/6259 5381/6260 5409/6134 5408/6227
f 5613/6261 5611/6142 5594/6189 5595/6262
f 5350/6239 5349/6200 5365/6143 5366/6263
f 5167/6264 5133/6265 5135/6266 5169/6267
f 5223/6155 5222/6268 5488/6269 5487/6270
f 5455/6271 5456/6272 5472/6273 5471/6274
f 5439/6275 5440/6276 5258/6209 5259/6208
f 5596/6277 5595/6262 5679/6230 5678/6278
f 5587/6279 5586/6258 5613/6261 5616/6280
f 5367/6281 5366/6263 5309/6214 5310/6282
f 5534/6283 5535/6217 5551/6284 5550/6285
f 5174/6125 5138/6286 5140/6287 5177/6122
f 5297/6288 5215/6289 5217/6290 5300/6291
f 5253/6292 5251/6293 5455/6294 5454/6295
f 5242/6296 5274/6297 5288/6298 5256/6299
f 5438/6300 5439/6275 5259/6208 5261/6301
f 5406/6302 5407/6226 5423/6229 5422/6303
f 5406/6302 5405/6304 5382/6305 5371/6306
f 5438/6307 5437/6308 5421/6309 5422/6310
f 5252/6311 5282/6312 5278/6313 5245/6314
f 5454/6295 5453/6315 5255/5021 5253/6292
f 5231/6251 5233/6316 5469/6317 5470/6248
f 5293/6318 5212/6319 5214/6320 5295/6321
f 5587/6279 5589/6322 5629/6323 5630/6324
f 5166/6325 5147/6326 5146/6327 5163/6328
f 5511/6329 5133/6265 5131/6330 5512/6331
f 5518/6243 5517/6332 5501/6333 5502/6241
f 5550/6285 5549/6334 5533/6335 5534/6283
f 5351/6240 5353/6336 5565/6337 5566/6237
f 5244/6225 5276/6224 5274/6297 5242/6296
f 5371/6306 5374/6338 5407/6226 5406/6302
f 5422/6310 5423/6339 5439/6340 5438/6307
f 5422/6303 5421/6341 5405/6304 5406/6302
f 5261/6301 5263/6342 5437/6343 5438/6300
f 5245/6314 5278/6313 5275/6344 5243/6345
f 5470/6346 5469/6347 5453/6348 5454/6349
f 5290/6350 5210/6351 5212/6319 5293/6318
f 5486/6352 5485/6353 5211/6220 5225/6156
f 5170/6247 5148/6246 5147/6326 5166/6325
f 5512/6331 5131/6330 5140/6287 5513/6354
f 5534/6283 5533/6335 5517/6332 5518/6243
f 5182/6078 5184/6071 5549/6355 5550/6356
f 5367/6281 5369/6357 5353/6336 5351/6240
f 5310/6282 5312/6358 5369/6357 5367/6281
f 5326/6235 5328/6359 5312/6358 5310/6282
f 5630/6236 5629/6360 5328/6359 5326/6235
f 5616/6280 5619/6361 5589/6322 5587/6279
f 5678/6278 5677/6362 5598/6363 5596/6277
f 5676/6364 5651/6050 5653/6055 5675/6365
f 5710/6234 5709/6366 5693/6367 5694/6231
f 5661/6028 5659/6031 5693/6368 5692/6369
f 5687/6370 5650/6041 5652/6040 5686/6371
f 5622/6372 5619/6361 5598/6363 5600/6373
f 5628/6374 5629/6323 5589/6322 5591/6375
f 5315/6376 5312/6358 5328/6359 5331/6377
f 5331/6377 5328/6359 5629/6360 5628/6378
f 5564/6379 5565/6337 5353/6336 5340/6380
f 5532/6381 5533/6335 5549/6334 5548/6382
f 5500/6383 5501/6333 5517/6332 5516/6384
f 5499/6385 5136/6152 5134/6151 5500/6386
f 5169/6267 5156/6387 5154/6388 5167/6264
f 5303/6389 5219/6390 5220/6127 5292/6126
f 5468/6391 5469/6317 5233/6316 5235/6392
f 5301/6393 5218/6394 5219/6390 5303/6389
f 5596/6277 5598/6363 5619/6361 5616/6280
f 5675/6395 5653/6057 5655/6056 5674/6396
f 5694/6397 5693/6368 5659/6031 5673/6024
f 5692/6398 5693/6367 5709/6366 5708/6399
f 5688/6400 5648/6052 5650/6041 5687/6370
f 5600/6373 5598/6363 5677/6362 5676/6364
f 5591/6375 5589/6322 5619/6361 5622/6372
f 5356/6401 5369/6357 5312/6358 5315/6376
f 5340/6380 5353/6336 5369/6357 5356/6401
f 5548/6402 5549/6355 5184/6071 5186/6074
f 5516/6384 5517/6332 5533/6335 5532/6381
f 5500/6386 5134/6151 5132/6175 5501/6403
f 5172/6404 5158/6405 5156/6387 5169/6267
f 5213/6406 5211/6220 5485/6353 5484/6407
f 5440/6276 5441/6182 5273/6184 5258/6209
f 5682/6408 5642/6044 5643/6047 5681/6190
f 5325/6215 5324/6192 5632/6194 5631/5748
f 5535/6217 5536/6146 5552/6149 5551/6284
f 5177/6122 5140/6287 5131/6330 5164/6409
f 5291/6221 5211/6220 5213/6406 5294/6410
f 5251/6293 5250/6158 5456/6161 5455/6294
f 5423/6339 5424/6211 5440/5593 5439/6340
f 5673/6024 5671/6027 5695/6253 5694/6397
f 5374/6338 5377/6259 5408/6227 5407/6226
f 5630/6324 5631/6256 5586/6258 5587/6279
f 5351/6240 5350/6239 5366/6263 5367/6281
f 5518/6243 5519/6216 5535/6217 5534/6283
f 5176/6411 5150/6412 5149/6245 5173/6244
f 5294/6410 5213/6406 5215/6413 5297/6414
f 5695/6232 5696/6185 5712/6188 5711/6233
f 5567/6238 5568/6198 5349/6200 5350/6239
f 5586/6258 5585/6140 5611/6142 5613/6261
f 5408/6227 5409/6134 5425/6137 5424/6228
f 5595/6262 5594/6189 5680/6191 5679/6230
f 5366/6263 5365/6143 5308/6145 5309/6214
f 5503/6242 5504/6195 5520/6197 5519/6216
f 5162/6219 5151/6218 5150/6412 5176/6411
f 5471/6249 5472/6203 5228/6206 5229/6250
f 5247/6415 5281/6133 5279/6223 5246/6222
f 5679/6230 5645/6049 5647/6048 5678/6278
f 5616/6280 5613/6261 5595/6262 5596/6277
f 5310/6282 5309/6214 5325/6215 5326/6235
f 5550/6356 5551/6254 5180/6075 5182/6078
f 5164/6409 5131/6330 5133/6265 5167/6264
f 5225/6156 5223/6155 5487/6270 5486/6352
f 5454/6349 5455/6271 5471/6274 5470/6346
f 5452/6416 5453/6348 5469/6347 5468/6417
f 5253/6292 5283/6418 5280/6207 5251/6293
f 5436/6419 5437/6343 5263/6342 5265/6420
f 5215/6413 5213/6406 5484/6407 5483/6421
f 5404/6422 5405/6304 5421/6341 5420/6423
f 5382/6305 5389/6100 5390/6092 5371/6306
f 5691/6424 5692/6398 5708/6399 5707/6425
f 5602/6426 5600/6373 5676/6364 5675/6365
f 5593/6427 5591/6375 5622/6372 5625/6428
f 5333/6429 5331/6377 5628/6378 5627/6430
f 5358/6431 5356/6401 5315/6376 5317/6432
f 5563/6433 5564/6379 5340/6380 5342/6434
f 5577/6435 5206/6064 5199/6069 5562/6436
f 5531/6437 5532/6381 5548/6382 5547/6438
f 5499/6439 5500/6383 5516/6384 5515/6440
f 5257/6441 5255/5021 5453/6315 5452/6442
f 5255/5021 5286/6443 5283/6418 5253/6292
f 5420/6444 5421/6309 5437/6308 5436/6445
f 5379/6446 5382/6305 5405/6304 5404/6422
f 5371/6306 5390/6092 5391/6091 5374/6338
f 5663/6053 5661/6028 5692/6369 5691/6447
f 5625/6428 5622/6372 5600/6373 5602/6426
f 5627/6448 5628/6374 5591/6375 5593/6427
f 5317/6432 5315/6376 5331/6377 5333/6429
f 5342/6434 5340/6380 5356/6401 5358/6431
f 5562/6436 5199/6069 5197/6068 5563/6449
f 5547/6450 5548/6402 5186/6074 5188/6106
f 5515/6440 5516/6384 5532/6381 5531/6437
f 5504/6451 5144/6452 5143/6453 5505/6454
f 5503/6455 5145/6456 5144/6452 5504/6451
f 5492/6457 5160/6458 5146/6327 5491/6459
f 5491/6459 5146/6327 5147/6326 5490/6460
f 5295/6321 5236/6461 5234/6462 5293/6318
f 5467/6463 5468/6391 5235/6392 5237/6464
f 5243/6465 5257/6441 5452/6442 5451/6466
f 5451/6467 5452/6416 5468/6417 5467/6468
f 5435/6469 5436/6419 5265/6420 5267/6470
f 5403/6471 5404/6422 5420/6423 5419/6472
f 5385/6473 5401/6098 5386/6097 5373/6474
f 5690/6475 5691/6476 5707/6477 5706/6478
f 5605/4887 5602/6479 5675/6395 5674/6396
f 5580/4889 5593/6480 5625/4891 5614/4892
f 5335/6481 5333/6482 5627/6483 5626/6484
f 5360/6485 5358/6486 5317/6487 5319/6488
f 5562/6489 5563/6490 5342/6491 5344/6492
f 5565/6493 5209/6072 5207/6077 5566/6494
f 5530/6495 5531/6496 5547/6497 5546/6498
f 5498/6499 5499/6500 5515/6501 5514/6502
f 5508/6503 5139/6504 5137/6505 5509/6506
f 5507/6507 5141/6508 5139/6504 5508/6503
f 5298/6509 5238/6510 5236/6461 5295/6321
f 5248/6511 5284/6130 5281/6133 5247/6415
f 5249/6159 5287/6512 5284/6130 5248/6511
f 5419/6513 5420/6444 5436/6445 5435/6514
f 5376/6515 5379/6446 5404/6422 5403/6471
f 5373/6474 5386/6097 5387/6103 5376/6515
f 5665/6032 5663/6035 5691/6516 5690/6517
f 5614/4892 5625/4891 5602/6479 5605/4887
f 5626/6518 5627/6519 5593/6480 5580/4889
f 5344/6492 5342/6491 5358/6486 5360/6485
f 5319/6488 5317/6487 5333/6482 5335/6481
f 5566/6494 5207/6077 5205/6076 5567/6520
f 5546/6521 5547/6522 5188/6067 5190/6070
f 5514/6502 5515/6501 5531/6496 5530/6495
f 5697/6186 5698/6523 5714/6524 5713/6187
f 5584/6115 5583/6114 5620/6162 5624/6141
f 5569/6199 5570/6525 5347/6166 5348/6165
f 5323/6121 5322/6120 5634/6526 5633/6193
f 5162/6219 5130/6527 5132/6175 5165/6174
f 5296/6129 5221/6128 5222/6268 5299/6528
f 5249/6159 5248/6511 5458/6529 5457/6160
f 5425/6212 5426/6530 5442/6531 5441/6213
f 5670/6020 5669/6023 5697/6111 5696/6252
f 5611/6142 5624/6141 5609/6164 5594/6189
f 5308/6145 5307/6118 5323/6121 5324/6192
f 5552/6255 5553/6172 5178/6079 5179/6082
f 5171/6532 5136/6533 5138/6286 5174/6125
f 5222/6268 5221/6128 5489/6177 5488/6269
f 5456/6272 5457/6178 5473/6181 5472/6273
f 5609/6164 5608/6163 5682/6408 5681/6190
f 5364/6144 5363/6167 5306/6119 5307/6118
f 5537/6147 5538/6170 5554/6534 5553/6148
f 5686/6371 5652/6040 5654/6043 5685/6171
f 5573/6535 5198/6088 5196/6061 5574/6116
f 5505/6196 5506/6536 5522/6169 5521/6168
f 5174/6125 5159/6124 5157/6537 5171/6532
f 5473/6204 5474/6538 5226/6539 5227/6205
f 5277/6210 5258/6209 5273/6184 5287/6512
f 5381/6260 5384/6540 5410/6135 5409/6134
f 5683/6139 5657/6045 5642/6044 5682/6408
f 5632/6257 5633/6112 5584/6115 5585/6140
f 5520/6197 5521/6168 5537/6147 5536/6146
f 5349/6200 5348/6165 5364/6144 5365/6143
f 5171/6153 5157/6541 5155/6201 5168/6150
f 5299/6528 5222/6268 5223/6155 5302/6154
f 5287/6512 5273/6184 5272/6131 5284/6130
f 5487/6542 5150/6412 5151/6218 5486/6543
f 5245/6314 5243/6345 5451/6544 5450/6545
f 5373/6474 5376/6515 5403/6471 5402/6546
f 5434/6547 5449/6548 5433/6549 5418/6550
f 5450/6545 5465/6551 5252/6311 5245/6314
f 5297/6414 5237/6464 5235/6392 5294/6410
f 5239/6441 5230/6552 5481/6553 5466/6554
f 5514/6502 5529/6555 5513/6556 5498/6499
f 5344/6492 5338/6557 5577/6558 5562/6489
f 5626/6484 5641/6559 5329/6560 5335/6481
f 5674/6396 5689/6561 5603/6562 5605/4887
f 5658/6036 5672/6039 5705/6563 5704/6564
f 5618/4978 5610/6565 5603/6562 5597/6566
f 5311/6567 5313/6568 5329/6560 5327/6569
f 5560/6570 5561/6571 5181/6063 5183/6066
f 5466/6554 5467/6572 5237/6573 5239/6441
f 5418/6550 5419/6574 5435/6575 5434/6547
f 5402/6546 5417/6576 5385/6473 5373/6474
f 5294/6410 5235/6392 5233/6316 5291/6221
f 5274/6297 5266/6577 5264/6578 5288/6298
f 5378/6579 5398/6099 5399/6104 5380/6580
f 5276/6224 5268/6581 5266/6577 5274/6297
f 5495/6582 5154/6388 5156/6387 5494/6583
f 5172/6404 5137/6505 5139/6504 5175/6584
f 5546/6498 5561/6585 5545/6586 5530/6495
f 5319/6488 5313/6568 5354/6587 5360/6485
f 5614/4892 5610/6565 5578/6588 5580/4889
f 5706/6478 5721/6589 5705/6590 5690/6475
f 5677/6362 5649/6051 5651/6050 5676/6364
f 5640/6591 5641/6592 5578/6588 5588/6593
f 5528/6594 5529/6555 5545/6586 5544/6595
f 5352/6596 5338/6557 5354/6587 5368/6597
f 5512/6598 5513/6556 5529/6555 5528/6594
f 5169/6267 5135/6266 5137/6505 5172/6404
f 5496/6599 5152/6600 5154/6388 5495/6582
f 5304/6601 5224/6602 5210/6351 5290/6350
f 5480/6603 5481/6553 5230/6552 5232/6604
f 5254/6605 5252/6311 5465/6551 5464/6606
f 5464/6607 5465/6608 5481/6609 5480/6610
f 5448/6611 5449/6612 5260/6613 5262/6614
f 5416/6615 5417/6576 5433/6616 5432/6617
f 5381/6260 5393/6102 5394/6101 5384/6540
f 5660/6011 5658/6036 5704/6564 5703/6618
f 5689/6561 5646/6058 5648/6052 5688/6400
f 5621/6619 5618/4978 5597/6566 5599/6620
f 5639/6621 5640/6591 5588/6593 5590/6622
f 5314/6623 5311/6567 5327/6569 5330/6624
f 5339/6625 5352/6596 5368/6597 5355/6626
f 5575/6627 5576/6628 5352/6596 5339/6625
f 5559/6629 5560/6570 5183/6066 5185/6059
f 5175/6584 5139/6504 5141/6508 5163/6328
f 5482/6630 5159/6124 5161/6123 5497/6631
f 5210/6351 5224/6602 5497/6632 5496/6633
f 5300/6291 5217/6290 5224/6602 5304/6601
f 5254/6605 5285/6634 5282/6312 5252/6311
f 5256/6299 5288/6298 5285/6634 5254/6605
f 5432/6635 5433/6549 5449/6548 5448/6636
f 5383/6637 5385/6473 5417/6576 5416/6615
f 5703/6638 5704/6639 5720/6640 5719/6641
f 5674/6396 5655/6056 5646/6058 5689/6561
f 5599/6620 5597/6566 5688/6400 5687/6370
f 5590/6622 5588/6593 5618/4978 5621/6619
f 5355/6626 5368/6597 5311/6567 5314/6623
f 5330/6624 5327/6569 5640/6642 5639/6643
f 5488/6644 5149/6245 5150/6412 5487/6542
f 5450/6645 5451/6646 5467/6647 5466/6648
f 5402/6546 5403/6471 5419/6472 5418/6649
f 5418/6649 5433/6616 5417/6576 5402/6546
f 5288/6298 5264/6578 5262/6614 5285/6634
f 5304/6601 5230/6552 5239/6441 5300/6291
f 5466/6648 5481/6609 5465/6608 5450/6645
f 5163/6328 5141/6508 5142/6650 5166/6325
f 5190/6070 5181/6063 5561/6571 5546/6521
f 5335/6481 5329/6560 5313/6568 5319/6488
f 5605/4887 5603/6562 5610/6565 5614/4892
f 5704/6639 5705/6590 5721/6589 5720/6640
f 5597/6566 5603/6562 5689/6561 5688/6400
f 5327/6569 5329/6560 5641/6559 5640/6642
f 5576/6628 5577/6558 5338/6557 5352/6596
f 5300/6291 5239/6441 5237/6573 5297/6288
f 5434/6651 5435/6652 5267/6653 5269/6654
f 5384/6540 5394/6101 5395/6096 5370/6655
f 5217/6290 5215/6289 5483/6656 5482/6657
f 5285/6634 5262/6614 5260/6613 5282/6312
f 5375/6658 5397/6094 5398/6099 5378/6579
f 5269/6654 5260/6613 5449/6612 5434/6651
f 5482/6657 5497/6632 5224/6602 5217/6290
f 5497/6631 5161/6123 5152/6600 5496/6599
f 5530/6495 5545/6586 5529/6555 5514/6502
f 5360/6485 5354/6587 5338/6557 5344/6492
f 5580/4889 5578/6588 5641/6592 5626/6518
f 5690/6517 5705/6563 5672/6039 5665/6032
f 5678/6278 5647/6048 5649/6051 5677/6362
f 5588/6593 5578/6588 5610/6565 5618/4978
f 5544/6595 5545/6586 5561/6585 5560/6659
f 5368/6597 5354/6587 5313/6568 5311/6567
f 5527/6660 5528/6594 5544/6595 5543/6661
f 5212/6319 5210/6351 5496/6633 5495/6662
f 5257/6441 5289/6663 5286/6443 5255/5021
f 5374/6338 5391/6091 5392/6107 5377/6259
f 5556/6664 5555/6665 5539/6666 5540/6667
f 5485/6668 5153/6202 5155/6201 5484/6669
f 5291/6221 5233/6316 5231/6251 5305/6157
f 5299/6528 5228/6206 5227/6205 5296/6129
f 5412/6670 5411/6671 5370/6655 5372/6672
f 5636/6673 5637/6674 5579/6675 5581/6676
f 5666/6012 5664/6015 5701/6677 5700/6678
f 5573/6679 5574/6680 5341/6681 5343/6682
f 5334/6683 5332/6684 5638/6685 5637/6686
f 5429/6687 5430/6688 5446/6689 5445/6690
f 5505/6454 5143/6453 5142/6650 5506/6691
f 5463/6692 5464/6607 5480/6610 5479/5810
f 5415/6693 5416/6615 5432/6617 5431/6694
f 5498/6695 5138/6286 5136/6533 5499/6696
f 5295/6321 5214/6320 5216/6697 5298/6509
f 5447/6698 5448/6611 5262/6614 5264/6578
f 5278/6313 5269/6654 5267/6653 5275/6344
f 5166/6325 5142/6650 5143/6453 5170/6247
f 5412/6670 5413/6699 5429/6700 5428/6701
f 5218/6394 5216/6697 5493/6702 5492/6703
f 5556/6704 5557/6705 5189/6087 5191/6090
f 5275/6706 5267/6470 5265/6420 5289/6663
f 5375/6658 5378/6579 5414/6707 5413/6699
f 5489/6708 5148/6246 5149/6245 5488/6644
f 5604/6709 5601/6710 5686/6371 5685/6171
f 5615/6711 5612/6712 5604/6709 5606/6713
f 5163/6328 5146/6327 5160/6458 5175/6584
f 5563/6714 5197/6105 5195/6073 5564/6715
f 5579/6675 5592/6716 5623/6717 5612/6712
f 5572/6718 5200/6089 5198/6088 5573/6535
f 5292/6126 5226/6539 5241/6719 5303/6389
f 5410/6135 5411/6671 5427/6720 5426/6136
f 5347/6166 5346/6721 5362/6722 5363/6167
f 5684/6138 5683/6139 5607/6723 5606/6713
f 5538/6170 5539/6666 5555/6665 5554/6534
f 5583/6114 5582/6724 5617/6725 5620/6162
f 5336/6726 5337/6727 5321/6728 5320/6729
f 5248/6511 5247/6415 5459/6730 5458/6529
f 5296/6129 5227/6205 5226/6539 5292/6126
f 5361/6731 5362/6722 5346/6721 5345/6732
f 5246/6222 5244/6225 5461/6733 5460/6734
f 5302/6154 5229/6250 5228/6206 5299/6528
f 5508/6735 5509/6736 5525/6737 5524/6738
f 5620/6162 5617/6725 5607/6723 5608/6163
f 5220/6127 5219/6390 5491/6739 5490/6176
f 5522/6169 5523/6740 5539/6666 5538/6170
f 5668/6016 5667/6019 5699/6741 5698/6110
f 5345/6732 5346/6721 5571/6742 5572/6743
f 5571/6744 5201/6084 5200/6089 5572/6718
f 5474/6538 5475/6745 5241/6719 5226/6539
f 5286/6443 5263/6342 5261/6301 5283/6418
f 5322/6120 5337/6727 5635/6746 5634/6526
f 5164/6409 5152/6600 5161/6123 5177/6122
f 5570/6747 5202/6085 5201/6084 5571/6744
f 5305/6157 5231/6251 5229/6250 5302/6154
f 5270/6748 5271/6132 5443/6749 5444/6750
f 5540/6667 5539/6666 5523/6740 5524/6738
f 5476/6751 5475/6752 5459/6753 5460/6754
f 5554/6173 5555/6755 5192/6083 5193/6086
f 5509/6506 5137/6505 5135/6266 5510/6756
f 5372/6672 5396/6095 5397/6094 5375/6658
f 5606/6713 5604/6709 5685/6171 5684/6138
f 5216/6697 5214/6320 5494/6757 5493/6702
f 5506/6691 5142/6650 5141/6508 5507/6507
f 5361/6731 5359/6758 5318/6759 5320/6729
f 5279/6223 5270/6748 5268/6581 5276/6224
f 5343/6682 5341/6681 5357/6760 5359/6758
f 5623/6717 5621/6619 5599/6620 5601/6710
f 5662/6008 5660/6011 5703/6618 5702/6761
f 5493/6762 5158/6405 5160/6458 5492/6457
f 5510/6763 5511/6764 5527/6660 5526/6765
f 5303/6389 5241/6719 5240/6766 5301/6393
f 5494/6583 5156/6387 5158/6405 5493/6762
f 5250/6158 5277/6210 5287/6512 5249/6159
f 5575/6117 5194/6060 5208/6065 5576/6767
f 5574/6680 5575/6627 5339/6625 5341/6681
f 5601/6710 5599/6620 5687/6370 5686/6371
f 5428/6768 5429/6687 5445/6690 5444/6769
f 5380/6580 5399/6104 5400/6108 5383/6637
f 5557/6705 5558/6770 5187/6062 5189/6087
f 5567/6520 5205/6076 5204/6081 5568/6771
f 5700/6772 5701/6773 5717/6774 5716/6775
f 5490/6460 5147/6326 5148/6246 5489/6708
f 5558/6770 5559/6629 5185/6059 5187/6062
f 5301/6393 5240/6766 5238/6510 5298/6509
f 5341/6681 5339/6625 5355/6626 5357/6760
f 5501/6403 5132/6175 5130/6527 5502/6776
f 5251/6293 5280/6207 5277/6210 5250/6158
f 5214/6320 5212/6319 5495/6662 5494/6757
f 5502/6776 5130/6527 5145/6456 5503/6455
f 5462/6777 5463/6692 5479/5810 5478/6778
f 5357/6760 5355/6626 5314/6623 5316/6779
f 5428/6701 5427/6720 5411/6671 5412/6670
f 5336/6726 5334/6683 5637/6686 5636/6780
f 5445/6781 5446/6782 5266/6577 5268/6581
f 5564/6715 5195/6073 5209/6072 5565/6493
f 5318/6759 5316/6779 5332/6684 5334/6683
f 5413/6699 5414/6707 5430/6783 5429/6700
f 5525/6737 5526/6765 5542/6784 5541/6785
f 5576/6767 5208/6065 5206/6064 5577/6435
f 5638/6786 5639/6621 5590/6622 5592/6716
f 5664/6015 5662/6008 5702/6761 5701/6677
f 5378/6579 5380/6580 5415/6693 5414/6707
f 5242/6296 5256/6299 5463/6787 5462/6788
f 5376/6515 5387/6103 5388/6109 5379/6446
f 5446/6782 5447/6698 5264/6578 5266/6577
f 5542/6784 5543/6661 5559/6789 5558/6790
f 5702/6791 5703/6638 5719/6641 5718/6792
f 5332/6684 5330/6624 5639/6643 5638/6685
f 5540/6667 5541/6785 5557/6793 5556/6664
f 5572/6743 5573/6679 5343/6682 5345/6732
f 5293/6318 5234/6462 5232/6604 5290/6350
f 5612/6712 5623/6717 5601/6710 5604/6709
f 5581/6676 5579/6675 5612/6712 5615/6711
f 5461/6794 5462/6777 5478/6778 5477/6795
f 5637/6674 5638/6786 5592/6716 5579/6675
f 5478/6796 5479/6797 5234/6462 5236/6461
f 5316/6779 5314/6623 5330/6624 5332/6684
f 5379/6446 5388/6109 5389/6100 5382/6305
f 5430/6688 5431/6798 5447/6799 5446/6689
f 5701/6773 5702/6791 5718/6792 5717/6774
f 5414/6707 5415/6693 5431/6694 5430/6783
f 5526/6765 5527/6660 5543/6661 5542/6784
f 5592/6716 5590/6622 5621/6619 5623/6717
f 5543/6661 5544/6595 5560/6659 5559/6789
f 5175/6584 5160/6458 5158/6405 5172/6404
f 5256/6299 5254/6605 5464/6606 5463/6787
f 5380/6580 5383/6637 5416/6615 5415/6693
f 5569/6800 5203/6080 5202/6085 5570/6747
f 5240/6766 5241/6719 5475/6745 5476/6801
f 5524/6738 5525/6737 5541/6785 5540/6667
f 5483/6802 5157/6537 5159/6124 5482/6630
f 5510/6756 5135/6266 5133/6265 5511/6329
f 5444/6750 5445/6781 5268/6581 5270/6748
f 5281/6133 5271/6132 5270/6748 5279/6223
f 5290/6350 5232/6604 5230/6552 5304/6601
f 5568/6771 5204/6081 5203/6080 5569/6800
f 5383/6637 5400/6108 5401/6098 5385/6473
f 5477/6803 5478/6796 5236/6461 5238/6510
f 5479/6797 5480/6603 5232/6604 5234/6462
f 5431/6798 5432/6635 5448/6636 5447/6799
f 5511/6764 5512/6598 5528/6594 5527/6660
f 5298/6509 5216/6697 5218/6394 5301/6393
f 5243/6465 5275/6706 5289/6663 5257/6441
f 5377/6259 5392/6107 5393/6102 5381/6260
f 5460/6754 5461/6794 5477/6795 5476/6751
f 5444/6769 5443/6804 5427/6805 5428/6768
f 5524/6738 5523/6740 5507/6806 5508/6735
f 5370/6655 5395/6096 5396/6095 5372/6672
f 5460/6734 5459/6730 5247/6415 5246/6222
f 5345/6732 5343/6682 5359/6758 5361/6731
f 5244/6225 5242/6296 5462/6788 5461/6733
f 5509/6736 5510/6763 5526/6765 5525/6737
f 5320/6729 5318/6759 5334/6683 5336/6726
f 5513/6354 5140/6287 5138/6286 5498/6695
f 5541/6785 5542/6784 5558/6790 5557/6793
f 5359/6758 5357/6760 5316/6779 5318/6759
f 5442/6183 5443/6749 5271/6132 5272/6131
f 5716/6775 5715/6807 5699/6808 5700/6772
f 5320/6729 5321/6728 5362/6722 5361/6731
f 5458/6179 5459/6753 5475/6752 5474/6180
f 5167/6264 5154/6388 5152/6600 5164/6409
f 5173/6244 5144/6452 5145/6456 5176/6411
f 5363/6167 5362/6722 5321/6728 5306/6119
f 5606/6713 5607/6723 5617/6725 5615/6711
f 5506/6536 5507/6806 5523/6740 5522/6169
f 5608/6163 5607/6723 5683/6139 5682/6408
f 5581/6676 5582/6724 5635/6809 5636/6673
f 5191/6090 5192/6083 5555/6755 5556/6704
f 5492/6703 5491/6739 5219/6390 5218/6394
f 5372/6672 5375/6658 5413/6699 5412/6670
f 5306/6119 5321/6728 5337/6727 5322/6120
f 5615/6711 5617/6725 5582/6724 5581/6676
f 5283/6418 5261/6301 5259/6208 5280/6207
f 5634/6113 5635/6809 5582/6724 5583/6114
f 5636/6780 5635/6746 5337/6727 5336/6726
f 5426/6530 5427/6805 5443/6804 5442/6531
f 5698/6523 5699/6808 5715/6807 5714/6524
f 5384/6540 5370/6655 5411/6671 5410/6135
f 5570/6525 5571/6742 5346/6721 5347/6166
f 5700/6678 5699/6741 5667/6019 5666/6012
f 5282/6312 5260/6613 5269/6654 5278/6313
f 5170/6247 5143/6453 5144/6452 5173/6244
f 5484/6669 5155/6201 5157/6541 5483/6810
f 5476/6801 5477/6803 5238/6510 5240/6766
f 5486/6543 5151/6218 5153/6202 5485/6668
f 5176/6411 5145/6456 5130/6527 5162/6219
f 5289/6663 5265/6420 5263/6342 5286/6443
f 4865/6811 4850/4119 4849/4120 4861/4121
f 4868/6812 4851/5411 4850/4119 4865/6811
f 4862/4344 4859/4345 4826/4245 4827/5735
f 4827/5735 4826/4245 4810/4244 4811/4377
f 4811/5757 4810/6813 4794/6814 4795/5758
f 4795/5727 4794/6815 4980/6816 4978/5728
f 4999/6817 4967/5997 4953/5854 4985/5067
f 4985/5067 4953/5854 4956/5857 4987/6818
f 4986/5751 4988/6819 4778/6820 4779/5752
f 4779/5717 4778/6821 4762/6822 4763/5718
f 4763/5775 4762/6823 5010/5827 5008/5776
f 4947/6824 5028/5740 5026/5829 4944/5773
f 4944/5773 5026/5829 5024/5887 4941/5749
f 5030/5741 5032/6825 4746/6826 4747/5742
f 5067/6827 5082/5766 5084/5738 5070/6828
f 5079/6829 5096/6830 5082/5766 5067/6827
f 4729/6831 5102/6832 5104/6833 4744/6834
f 4744/6834 5104/6833 5106/6835 4743/6836
f 4731/5761 4730/6837 4714/6838 4715/5721
f 4715/5721 4714/6838 4698/6839 4699/5713
f 4699/5713 4698/6839 4682/6840 4683/5714
f 4683/5784 4682/6841 5059/6842 5057/5785
f 4667/5693 4666/6843 4890/6844 4903/5694
f 4903/5694 4890/6844 4874/6845 4887/5701
f 4887/5701 4874/6845 4931/6846 4928/5702
f 4928/5702 4931/6846 4915/6847 4912/5689
f 4912/5689 4915/6847 4602/6848 4603/5690
f 4603/5780 4602/6849 4654/6850 4652/5705
f 4652/5705 4654/6850 4624/6851 4621/5706
f 4621/5706 4624/6851 4645/6852 4643/5685
f 4643/5685 4645/6852 4554/6853 4555/5686
f 4553/6854 4596/6855 4594/6856 4554/6853
f 4568/6857 4587/6858 4596/6855 4553/6854
f 4582/5778 4584/6859 4538/6564 4539/5031
f 4539/5697 4538/6860 4522/6861 4523/5698
f 4861/4121 4849/4120 4848/4148 4858/4149
f 4859/4345 4857/4239 4825/4246 4826/4245
f 4826/4245 4825/4246 4809/6862 4810/4244
f 4810/6813 4809/6863 4793/6864 4794/6814
f 4794/6815 4793/6865 4982/5906 4980/6816
f 4986/5751 4954/6866 4957/6867 4988/6819
f 4988/6819 4957/6867 4960/5905 4990/6868
f 4988/6819 4990/6868 4777/6869 4778/6820
f 4778/6821 4777/6870 4761/6871 4762/6822
f 4762/6823 4761/6872 5012/5990 5010/5827
f 4942/6873 5025/6874 5018/6875 4938/5991
f 4938/5991 5018/6875 5032/6825 4952/5828
f 5032/6825 5018/6875 4745/6876 4746/6826
f 4746/6877 5090/5915 5088/5969 4747/6878
f 4760/6002 5083/6001 5081/5916 4745/6879
f 5073/6880 5107/5852 5105/5851 5070/6828
f 5067/6827 5103/6881 5101/5818 5079/6829
f 4730/6837 4729/6882 4713/6883 4714/6838
f 4714/6838 4713/6883 4697/6884 4698/6839
f 4698/6839 4697/6884 4681/6885 4682/6840
f 4682/6841 4681/6886 5061/6887 5059/6842
f 4666/6843 4665/6888 4904/6889 4890/6844
f 4890/6844 4904/6889 4888/6890 4874/6845
f 4874/6845 4888/6890 4929/6891 4931/6846
f 4931/6846 4929/6891 4913/6892 4915/6847
f 4915/6847 4913/6892 4601/6893 4602/6848
f 4602/6849 4601/6894 4664/6895 4654/6850
f 4654/6850 4664/6895 4632/6896 4624/6851
f 4624/6851 4632/6896 4639/6897 4645/6852
f 4645/6852 4639/6897 4553/6854 4554/6853
f 4565/6898 4593/6899 4591/6900 4566/6901
f 4564/6902 4595/6903 4593/6899 4565/6898
f 4584/6859 4570/6904 4537/6905 4538/6564
f 4538/6860 4537/6906 4521/6907 4522/6861
f 4536/6908 4521/6907 4537/6906 4552/6909
f 4552/6910 4537/6905 4570/6904 4577/6911
f 4568/6857 4553/6854 4639/6897 4637/6912
f 4637/6912 4639/6897 4632/6896 4628/6913
f 4628/6913 4632/6896 4664/6895 4662/6914
f 4662/6914 4664/6895 4601/6894 4616/6915
f 4616/6916 4601/6893 4913/6892 4907/6917
f 4907/6917 4913/6892 4929/6891 4923/6918
f 4923/6918 4929/6891 4888/6890 4882/6919
f 4882/6919 4888/6890 4904/6889 4898/6920
f 4898/6920 4904/6889 4665/6888 4680/6921
f 5052/6922 5061/6887 4681/6886 4696/6923
f 4696/6924 4681/6885 4697/6884 4712/6925
f 4712/6925 4697/6884 4713/6883 4728/6926
f 4728/6926 4713/6883 4729/6882 4744/6927
f 5079/6829 5101/5818 5100/4205 5076/6005
f 5070/6828 5105/5851 5103/6881 5067/6827
f 4745/6879 5081/5916 5090/5915 4746/6877
f 4747/6878 5088/5969 5086/5737 4748/5736
f 4760/6928 4745/6876 5018/6875 5025/6874
f 4945/6929 5005/6930 5007/6931 4948/6932
f 4938/5991 5012/5990 5003/6933 4942/6873
f 5003/6933 5012/5990 4761/6872 4776/6934
f 4776/6935 4761/6871 4777/6870 4792/6936
f 4792/6937 4777/6869 4990/6868 4997/6938
f 4954/6866 4978/5728 4980/6816 4957/6867
f 4966/5801 4974/5800 4976/5729 4968/6939
f 4973/5907 4982/5906 4793/6865 4808/6940
f 4808/6941 4793/6864 4809/6863 4824/6942
f 4824/6943 4809/6862 4825/4246 4840/4188
f 4840/4188 4825/4246 4857/4239 4869/4242
f 4858/4149 4848/4148 4847/5481 4872/5480
f 4864/5762 4844/5227 4843/5832 4862/4344
f 4867/5225 4845/5226 4844/5227 4864/5762
f 4869/4242 4866/4144 4839/4110 4840/4188
f 4840/4188 4839/4110 4823/4113 4824/6943
f 4824/6942 4823/6944 4807/6945 4808/6941
f 4808/6940 4807/6946 4975/6006 4973/5907
f 4968/6939 4976/5729 4978/5728 4954/6866
f 4957/6867 4980/6816 4982/5906 4960/5905
f 4997/6938 4999/6947 4791/6948 4792/6937
f 4792/6936 4791/6949 4775/6950 4776/6935
f 4776/6934 4775/6951 5005/6952 5003/6933
f 4942/6873 5003/6933 5005/6952 4945/6953
f 4948/6932 5007/6931 5009/6004 4951/6003
f 5025/6874 5027/6954 4759/6955 4760/6928
f 4755/6956 5092/6957 5091/5863 4756/5862
f 4754/5993 5093/5992 5092/6957 4755/6956
f 4735/5819 5101/5818 5103/6881 4734/6958
f 4734/6958 5103/6881 5105/5851 4733/5850
f 4744/6927 4743/6959 4727/6960 4728/6926
f 4728/6926 4727/6960 4711/6961 4712/6925
f 4712/6925 4711/6961 4695/6962 4696/6924
f 4696/6923 4695/6963 5054/6964 5052/6922
f 4677/5823 5033/5822 5035/6965 4676/6966
f 4676/6966 5035/6965 5037/5813 4675/5812
f 4680/6921 4679/6967 4900/6968 4898/6920
f 4898/6920 4900/6968 4884/6969 4882/6919
f 4882/6919 4884/6969 4925/6970 4923/6918
f 4923/6918 4925/6970 4909/6971 4907/6917
f 4907/6917 4909/6971 4615/6972 4616/6916
f 4616/6915 4615/6973 4649/6974 4662/6914
f 4662/6914 4649/6974 4617/6975 4628/6913
f 4628/6913 4617/6975 4640/6976 4637/6912
f 4637/6912 4640/6976 4567/6977 4568/6857
f 4577/6911 4579/6978 4551/6979 4552/6910
f 4552/6909 4551/6980 4535/6981 4536/6908
f 4869/4242 4856/6982 4855/5370 4866/4144
f 4857/4239 4841/4240 4856/6982 4869/4242
f 4866/4144 4863/4145 4838/6983 4839/4110
f 4839/4110 4838/6983 4822/4112 4823/4113
f 4823/6984 4822/6985 4806/6986 4807/6987
f 4807/6988 4806/6989 4977/5855 4975/5998
f 4993/5725 4955/5724 4958/6990 4994/5937
f 4994/5937 4958/6990 4961/5994 4995/5938
f 4999/6817 4985/5067 4790/6991 4791/6992
f 4791/6993 4790/6994 4774/6995 4775/6996
f 4775/6997 4774/6998 5007/6931 5005/6930
f 4944/5773 5004/5772 5006/5777 4947/6824
f 4947/6824 5006/5777 5008/5776 4949/5826
f 5027/6999 5029/7000 4758/7001 4759/7002
f 4751/7003 5096/6830 5095/5794 4752/5793
f 4750/5767 5082/5766 5096/6830 4751/7003
f 4739/5733 5097/5732 5098/4289 4738/7004
f 4738/7004 5098/4289 5099/5891 4737/5987
f 4743/7005 4742/7006 4726/7007 4727/7008
f 4727/7008 4726/7007 4710/7009 4711/4913
f 4711/4913 4710/7009 4694/7010 4695/7011
f 4695/7012 4694/7013 5056/7014 5054/7015
f 4665/5782 5036/5781 5043/7016 4680/7017
f 4680/7017 5043/7016 5045/7018 4679/7019
f 4679/7020 4678/7021 4902/7022 4900/7023
f 4900/7023 4902/7022 4886/7024 4884/7025
f 4884/7025 4886/7024 4927/7026 4925/7027
f 4925/7027 4927/7026 4911/7028 4909/7029
f 4909/7029 4911/7028 4614/7030 4615/7031
f 4615/7032 4614/7033 4651/7034 4649/7035
f 4649/7035 4651/7034 4620/7036 4617/7037
f 4617/7037 4620/7036 4642/7038 4640/7039
f 4640/7039 4642/7038 4566/6901 4567/7040
f 4579/7041 4581/7042 4550/7043 4551/7044
f 4551/7045 4550/7046 4534/7047 4535/7048
f 4871/4391 4852/4390 4851/5411 4868/6812
f 4860/4222 4853/5765 4852/4390 4871/4391
f 4863/4145 4860/4222 4837/5231 4838/6983
f 4838/6983 4837/5231 4821/6700 4822/4112
f 4822/6985 4821/7049 4805/7050 4806/6986
f 4806/6989 4805/7051 4979/5856 4977/5855
f 4987/6818 4956/5857 4959/5945 4989/7052
f 4989/7052 4959/5945 4962/5755 4991/5754
f 4985/5067 4987/6818 4789/7053 4790/6991
f 4790/6994 4789/7054 4773/7055 4774/6995
f 4774/6998 4773/7056 5009/6004 5007/6931
f 4941/5749 5024/5887 5023/5886 4939/5746
f 4939/5746 5023/5886 5022/5976 4950/5925
f 5029/7000 5031/7057 4757/7058 4758/7001
f 5073/6880 5086/5737 5088/5969 5075/5968
f 5070/6828 5084/5738 5086/5737 5073/6880
f 4743/7059 5106/7060 5108/7061 4742/7062
f 4742/7062 5108/7061 5110/5764 4741/5763
f 4742/7006 4741/7063 4725/7064 4726/7007
f 4726/7007 4725/7064 4709/7065 4710/7009
f 4710/7009 4709/7065 4693/7066 4694/7010
f 4694/7013 4693/7067 5058/7068 5056/7014
f 4678/7021 4677/7069 4889/7070 4902/7022
f 4902/7022 4889/7070 4873/7071 4886/7024
f 4886/7024 4873/7071 4930/7072 4927/7026
f 4927/7026 4930/7072 4914/7073 4911/7028
f 4911/7028 4914/7073 4613/7074 4614/7030
f 4614/7033 4613/7075 4653/7076 4651/7034
f 4651/7034 4653/7076 4623/7077 4620/7036
f 4620/7036 4623/7077 4644/7078 4642/7038
f 4642/7038 4644/7078 4565/6898 4566/6901
f 4555/5686 4592/7079 4590/7080 4556/5687
f 4554/6853 4594/6856 4592/7079 4555/5686
f 4581/7042 4583/7081 4549/7082 4550/7043
f 4550/7046 4549/7083 4533/7084 4534/7047
f 4532/7085 4533/7084 4549/7083 4548/7086
f 4548/7087 4549/7082 4583/7081 4569/7088
f 4566/6901 4591/6900 4589/7089 4567/7040
f 4567/6977 4589/7090 4587/6858 4568/6857
f 4564/6902 4565/6898 4644/7078 4646/7091
f 4646/7091 4644/7078 4623/7077 4626/7092
f 4626/7092 4623/7077 4653/7076 4655/7093
f 4655/7093 4653/7076 4613/7075 4612/7094
f 4612/7095 4613/7074 4914/7073 4916/7096
f 4916/7096 4914/7073 4930/7072 4932/7097
f 4932/7097 4930/7072 4873/7071 4875/7098
f 4875/7098 4873/7071 4889/7070 4891/7099
f 4891/7099 4889/7070 4677/7069 4676/7100
f 5060/7101 5058/7068 4693/7067 4692/7102
f 4692/7103 4693/7066 4709/7065 4708/7104
f 4708/7104 4709/7065 4725/7064 4724/7105
f 4724/7105 4725/7064 4741/7063 4740/7106
f 4730/4739 5111/7107 5102/6832 4729/6831
f 4731/5996 5109/5995 5111/7107 4730/4739
f 5072/5890 5094/4180 5095/5794 5076/6005
f 5076/6005 5095/5794 5096/6830 5079/6829
f 4756/7108 4757/7058 5031/7057 5017/7109
f 4949/5826 5030/5741 5028/5740 4947/6824
f 4952/5828 5032/6825 5030/5741 4949/5826
f 5011/5889 5009/6004 4773/7056 4772/7110
f 4772/7111 4773/7055 4789/7054 4788/7112
f 4788/7113 4789/7053 4987/6818 4989/7052
f 4997/6938 4964/5908 4967/6007 4999/6947
f 4990/6868 4960/5905 4964/5908 4997/6938
f 4981/5944 4979/5856 4805/7051 4804/7114
f 4804/7115 4805/7050 4821/7049 4820/7116
f 4820/7117 4821/6700 4837/5231 4836/6707
f 4836/6707 4837/5231 4860/4222 4871/4391
f 4871/4391 4868/6812 4835/5368 4836/6707
f 4836/6707 4835/5368 4819/5367 4820/7117
f 4820/7116 4819/7118 4803/7119 4804/7115
f 4804/7114 4803/7120 4983/5975 4981/5944
f 4998/5894 4966/5801 4968/6939 5000/5750
f 5000/5750 4968/6939 4954/6866 4986/5751
f 4989/7052 4991/5754 4787/7121 4788/7113
f 4788/7112 4787/7122 4771/7123 4772/7111
f 4772/7110 4771/7124 5013/5881 5011/5889
f 4948/6932 5029/7000 5027/6999 4945/6929
f 4945/6953 5027/6954 5025/6874 4942/6873
f 5017/7109 5019/7125 4755/7126 4756/7108
f 5069/5892 5093/5992 5094/4180 5072/5890
f 5066/5967 5092/6957 5093/5992 5069/5892
f 5068/7127 5104/6833 5102/6832 5065/5917
f 5078/5914 5111/7107 5109/5995 5075/5968
f 4740/7106 4739/7128 4723/7129 4724/7105
f 4724/7105 4723/7129 4707/4603 4708/7104
f 4708/7104 4707/4603 4691/7130 4692/7103
f 4692/7102 4691/7131 5062/7132 5060/7101
f 4676/7100 4675/7133 4892/7134 4891/7099
f 4891/7099 4892/7134 4876/7135 4875/7098
f 4875/7098 4876/7135 4933/7136 4932/7097
f 4932/7097 4933/7136 4917/7137 4916/7096
f 4916/7096 4917/7137 4611/5021 4612/7095
f 4612/7094 4611/7138 4656/7139 4655/7093
f 4655/7093 4656/7139 4629/7140 4626/7092
f 4626/7092 4629/7140 4647/7141 4646/7091
f 4646/7091 4647/7141 4563/7142 4564/6902
f 4563/7142 4597/7143 4595/6903 4564/6902
f 4562/7144 4598/7145 4597/7143 4563/7142
f 4569/7088 4571/7146 4547/7147 4548/7087
f 4548/7086 4547/7148 4531/7149 4532/7085
f 4868/6812 4865/6811 4834/5371 4835/5368
f 4835/5368 4834/5371 4818/5372 4819/5367
f 4819/7118 4818/7150 4802/7151 4803/7119
f 4803/7120 4802/7152 4984/7153 4983/5975
f 4995/5938 4961/5994 4963/5798 4996/5893
f 4996/5893 4963/5798 4966/5801 4998/5894
f 4991/5754 4992/5722 4786/7154 4787/7121
f 4787/7122 4786/5882 4770/7155 4771/7123
f 4771/7124 4770/7156 5014/5882 5013/5881
f 4937/5888 5017/7109 5031/7057 4951/6003
f 4951/6003 5031/7057 5029/7000 4948/6932
f 5019/7125 5020/7157 4754/7158 4755/7126
f 5080/5984 5091/5863 5092/6957 5066/5967
f 5077/7159 5089/5864 5091/5863 5080/5984
f 5065/5917 5102/6832 5111/7107 5078/5914
f 5075/5968 5109/5995 5107/5852 5073/6880
f 4739/7128 4738/7160 4722/7161 4723/7129
f 4723/7129 4722/7161 4706/7162 4707/4603
f 4707/4603 4706/7162 4690/7163 4691/7130
f 4691/7131 4690/7164 5063/7165 5062/7132
f 4675/7133 4674/7166 4893/7167 4892/7134
f 4892/7134 4893/7167 4877/7168 4876/7135
f 4876/7135 4877/7168 4934/7169 4933/7136
f 4933/7136 4934/7169 4918/7170 4917/7137
f 4917/7137 4918/7170 4610/7171 4611/5021
f 4611/7138 4610/7172 4657/7173 4656/7139
f 4656/7139 4657/7173 4631/7174 4629/7140
f 4629/7140 4631/7174 4648/7175 4647/7141
f 4647/7141 4648/7175 4562/7144 4563/7142
f 4561/7176 4599/7177 4598/7145 4562/7144
f 4560/5929 4600/7178 4599/7177 4561/7176
f 4571/7146 4572/7179 4546/7180 4547/7147
f 4547/7148 4546/7181 4530/7182 4531/7149
f 4865/6811 4861/4121 4833/5412 4834/5371
f 4834/5371 4833/5412 4817/5413 4818/5372
f 4818/7150 4817/7183 4801/7184 4802/7151
f 4802/7152 4801/7185 4969/7186 4984/7153
f 4962/5755 4983/5975 4984/7153 4965/5723
f 4955/5724 4969/7186 4970/5981 4958/6990
f 4992/5722 4993/5725 4785/7187 4786/7154
f 4786/5882 4785/7188 4769/7189 4770/7155
f 4770/7156 4769/7190 5015/5923 5014/5882
f 4943/5883 5020/7157 5019/7125 4940/5880
f 4940/5880 5019/7125 5017/7109 4937/5888
f 5020/7157 5021/7191 4753/7192 4754/7158
f 5074/7193 5087/5877 5089/5864 5077/7159
f 5071/7194 5085/5878 5087/5877 5074/7193
f 5074/7193 5108/7061 5106/7060 5071/7194
f 5071/7195 5106/6835 5104/6833 5068/7127
f 4738/7160 4737/7196 4721/7197 4722/7161
f 4722/7161 4721/7197 4705/7198 4706/7162
f 4706/7162 4705/7198 4689/7199 4690/7163
f 4690/7164 4689/7200 5064/7201 5063/7165
f 4674/7166 4673/7202 4894/7203 4893/7167
f 4893/7167 4894/7203 4878/7204 4877/7168
f 4877/7168 4878/7204 4935/7205 4934/7169
f 4934/7169 4935/7205 4919/7206 4918/7170
f 4918/7170 4919/7206 4609/7207 4610/7171
f 4610/7172 4609/7208 4658/7209 4657/7173
f 4657/7173 4658/7209 4618/7210 4631/7174
f 4631/7174 4618/7210 4633/7211 4648/7175
f 4648/7175 4633/7211 4561/7176 4562/7144
f 4559/5928 4585/7212 4600/7178 4560/5929
f 4558/5839 4586/7213 4585/7212 4559/5928
f 4572/7179 4573/7214 4545/7215 4546/7180
f 4546/7181 4545/7216 4529/7217 4530/7182
f 4861/4121 4858/4149 4832/5482 4833/5412
f 4833/5412 4832/5482 4816/5483 4817/5413
f 4817/7183 4816/5960 4800/5963 4801/7184
f 4801/7185 4800/5980 4970/5981 4969/7186
f 4965/5723 4984/7153 4969/7186 4955/5724
f 4958/6990 4970/5981 4971/5873 4961/5994
f 4993/5725 4994/5937 4784/5940 4785/7187
f 4785/7188 4784/5973 4768/5974 4769/7189
f 4769/7190 4768/5948 5016/5924 5015/5923
f 4950/5925 5022/5976 5021/7191 4946/5922
f 4946/5922 5021/7191 5020/7157 4943/5883
f 5021/7191 5022/5976 4752/5977 4753/7192
f 5068/7127 5083/6001 5085/6000 5071/7195
f 5065/5917 5081/5916 5083/6001 5068/7127
f 5080/5984 5112/5731 5110/5764 5077/7159
f 5077/7159 5110/5764 5108/7061 5074/7193
f 4737/7196 4736/5941 4720/5943 4721/7197
f 4721/7197 4720/5943 4704/5964 4705/7198
f 4705/7198 4704/5964 4688/5966 4689/7199
f 4689/7200 4688/5982 5049/5983 5064/7201
f 4669/5979 5044/5978 5046/7218 4668/7219
f 4668/7219 5046/7218 5048/5709 4667/5708
f 4673/7202 4672/5934 4895/5936 4894/7203
f 4894/7203 4895/5936 4879/5956 4878/7204
f 4878/7204 4879/5956 4936/5957 4935/7205
f 4935/7205 4936/5957 4920/5930 4919/7206
f 4919/7206 4920/5930 4608/5933 4609/7207
f 4609/7208 4608/5972 4659/5954 4658/7209
f 4658/7209 4659/5954 4622/5955 4618/7210
f 4618/7210 4622/5955 4634/5926 4633/7211
f 4633/7211 4634/5926 4560/5929 4561/7176
f 4557/5838 4588/7220 4586/7213 4558/5839
f 4556/5687 4590/7080 4588/7220 4557/5838
f 4573/7214 4574/5970 4544/5971 4545/7215
f 4545/7216 4544/5950 4528/5953 4529/7217
f 4843/5832 4844/5227 5722/5666
f 4855/5370 4856/6982 5722/5666
f 4848/4148 4849/4120 5722/5666
f 4849/4120 4850/4119 5722/5666
f 4853/5765 4854/4220 5722/5666
f 4852/4390 4853/5765 5722/5666
f 4847/5481 4848/4148 5722/5666
f 4844/5227 4845/5226 5722/5666
f 4841/4240 4842/5833 5722/5666
f 4856/6982 4841/4240 5722/5666
f 4850/4119 4851/5411 5722/5666
f 4846/5230 4847/5481 5722/5666
f 4854/4220 4855/5370 5722/5666
f 4845/5226 4846/5230 5722/5666
f 4842/5833 4843/5832 5722/5666
f 4851/5411 4852/4390 5722/5666
f 5055/5786 5046/7218 5044/5978 5053/5825
f 5053/5825 5044/5978 5042/5958 5051/5897
f 5051/5897 5042/5958 5041/5903 5050/5898
f 5050/5898 5041/5903 5040/5902 5049/5983
f 5049/5983 5040/5902 5039/5988 5064/7201
f 5064/7201 5039/5988 5038/5814 5063/7165
f 5063/7165 5038/5814 5037/5813 5062/7132
f 5062/7132 5037/5813 5035/6965 5060/7101
f 5060/7101 5035/6965 5033/5822 5058/7068
f 5058/7068 5033/5822 5047/5821 5056/7014
f 5056/7014 5047/5821 5045/5986 5054/7015
f 5054/6964 5045/7018 5043/7016 5052/6922
f 5052/6922 5043/7016 5036/5781 5061/6887
f 5061/6887 5036/5781 5034/5710 5059/6842
f 5059/6842 5034/5710 5048/5709 5057/5785
f 5057/5785 5048/5709 5046/7218 5055/5786
f 5723/7221 4592/7079 4594/6856 5724/6037
f 5724/6037 4594/6856 4596/6855 5725/7222
f 5725/7222 4596/6855 4587/6858 5726/7223
f 5726/7223 4587/6858 4589/7090 5727/7224
f 5727/7225 4589/7089 4591/6900 5728/7226
f 5728/7226 4591/6900 4593/6899 5729/7227
f 5729/7227 4593/6899 4595/6903 5730/7228
f 5730/7228 4595/6903 4597/7143 5731/7229
f 5731/7229 4597/7143 4598/7145 5732/7230
f 5732/7230 4598/7145 4599/7177 5733/7231
f 5733/7231 4599/7177 4600/7178 5734/7232
f 5734/7232 4600/7178 4585/7212 5735/7233
f 5735/7233 4585/7212 4586/7213 5736/7234
f 5736/7234 4586/7213 4588/7220 5737/7235
f 5737/7235 4588/7220 4590/7080 5738/7236
f 5738/7236 4590/7080 4592/7079 5723/7221
f 4582/5778 5723/7221 5724/6037 4584/6859
f 4584/6859 5724/6037 5725/7222 4570/6904
f 4570/6904 5725/7222 5726/7223 4577/6911
f 4577/6911 5726/7223 5727/7224 4579/6978
f 4579/7041 5727/7225 5728/7226 4581/7042
f 4581/7042 5728/7226 5729/7227 4583/7081
f 4583/7081 5729/7227 5730/7228 4569/7088
f 4569/7088 5730/7228 5731/7229 4571/7146
f 4571/7146 5731/7229 5732/7230 4572/7179
f 4572/7179 5732/7230 5733/7231 4573/7214
f 4573/7214 5733/7231 5734/7232 4574/5970
f 4574/5970 5734/7232 5735/7233 4575/5920
f 4575/5920 5735/7233 5736/7234 4576/5921
f 4576/5921 5736/7234 5737/7235 4578/5768
f 4578/5768 5737/7235 5738/7236 4580/5769
f 4580/5769 5738/7236 5723/7221 4582/5778
o Roof
v 0.320000 0.000000 24.650000
v 0.313301 0.000000 24.674999
v 0.295000 0.000000 24.693300
v 0.277184 -0.000000 24.701595
v 0.265629 0.000000 24.600000
v 0.295000 0.000000 24.606699
v 0.313301 0.000000 24.625000
v 0.295641 0.122459 24.650000
v 0.289453 0.119895 24.674999
v 0.272545 0.112892 24.693300
v 0.256085 0.106074 24.701595
v 0.249448 0.103325 24.600000
v 0.272545 0.112892 24.606699
v 0.289453 0.119895 24.625000
v 0.226274 0.226274 24.650000
v 0.221537 0.221537 24.674999
v 0.208596 0.208597 24.693300
v 0.195999 0.195999 24.701595
v 0.190919 0.190919 24.600000
v 0.208596 0.208597 24.606699
v 0.221537 0.221537 24.625000
v 0.122459 0.295641 24.650000
v 0.119895 0.289453 24.674999
v 0.112892 0.272544 24.693300
v 0.106074 0.256085 24.701595
v 0.103325 0.249447 24.600000
v 0.112892 0.272544 24.606699
v 0.119895 0.289453 24.625000
v 0.000000 0.320000 24.650000
v 0.000000 0.313301 24.674999
v 0.000000 0.295000 24.693300
v 0.000000 0.277184 24.701595
v 0.000000 0.265629 24.600000
v 0.000000 0.295000 24.606699
v 0.000000 0.313301 24.625000
v -0.122459 0.295641 24.650000
v -0.119895 0.289453 24.674999
v -0.112892 0.272544 24.693300
v -0.106074 0.256085 24.701595
v -0.103325 0.249447 24.600000
v -0.112892 0.272544 24.606699
v -0.119895 0.289453 24.625000
v -0.226274 0.226274 24.650000
v -0.221538 0.221537 24.674999
v -0.208597 0.208596 24.693300
v -0.195999 0.195999 24.701595
v -0.190919 0.190919 24.600000
v -0.208597 0.208596 24.606699
v -0.221538 0.221537 24.625000
v -0.295641 0.122459 24.650000
v -0.289453 0.119895 24.674999
v -0.272544 0.112892 24.693300
v -0.256085 0.106074 24.701595
v -0.249447 0.103325 24.600000
v -0.272544 0.112892 24.606699
v -0.289453 0.119895 24.625000
v -0.320000 0.000000 24.650000
v -0.313301 0.000000 24.674999
v -0.295000 0.000000 24.693300
v -0.277184 0.000000 24.701595
v -0.265629 0.000000 24.600000
v -0.295000 0.000000 24.606699
v -0.313301 0.000000 24.625000
v -0.295642 -0.122459 24.650000
v -0.289453 -0.119895 24.674999
v -0.272545 -0.112892 24.693300
v -0.256085 -0.106074 24.701595
v -0.249448 -0.103324 24.600000
v -0.272545 -0.112892 24.606699
v -0.289453 -0.119895 24.625000
v -0.226274 -0.226274 24.650000
v -0.221538 -0.221537 24.674999
v -0.208597 -0.208596 24.693300
v -0.195999 -0.195999 24.701595
v -0.190919 -0.190919 24.600000
v -0.208597 -0.208596 24.606699
v -0.221538 -0.221537 24.625000
v -0.122459 -0.295641 24.650000
v -0.119895 -0.289453 24.674999
v -0.112892 -0.272544 24.693300
v -0.106074 -0.256085 24.701595
v -0.103325 -0.249447 24.600000
v -0.112892 -0.272544 24.606699
v -0.119895 -0.289453 24.625000
v 0.000000 -0.320000 24.650000
v 0.000000 -0.313301 24.674999
v 0.000000 -0.295000 24.693300
v 0.000000 -0.277184 24.701595
v 0.000000 -0.265629 24.600000
v 0.000000 -0.295000 24.606699
v 0.000000 -0.313301 24.625000
v 0.122459 -0.295641 24.650000
v 0.119895 -0.289453 24.674999
v 0.112892 -0.272544 24.693300
v 0.106074 -0.256085 24.701595
v 0.103325 -0.249447 24.600000
v 0.112892 -0.272544 24.606699
v 0.119895 -0.289453 24.625000
v 0.226274 -0.226274 24.650000
v 0.221537 -0.221538 24.674999
v 0.208596 -0.208597 24.693300
v 0.195999 -0.195999 24.701595
v 0.190919 -0.190919 24.600000
v 0.208596 -0.208597 24.606699
v 0.221537 -0.221538 24.625000
v 0.295641 -0.122459 24.650000
v 0.289453 -0.119895 24.674999
v 0.272544 -0.112892 24.693300
v 0.256085 -0.106074 24.701595
v 0.249447 -0.103325 24.600000
v 0.272544 -0.112892 24.606699
v 0.289453 -0.119895 24.625000
v 0.104069 0.000000 24.999996
v 0.096147 0.039825 24.999996
v 0.073588 0.073588 24.999996
v 0.039825 0.096147 24.999996
v -0.000000 0.104069 24.999996
v -0.039825 0.096147 24.999996
v -0.073588 0.073588 24.999996
v -0.096147 0.039825 24.999996
v -0.104069 0.000000 24.999996
v -0.096147 -0.039825 24.999996
v -0.073588 -0.073588 24.999996
v -0.039825 -0.096147 24.999996
v -0.000000 -0.104069 24.999996
v 0.039825 -0.096147 24.999996
v 0.073588 -0.073588 24.999996
v 0.096147 -0.039825 24.999996
v 0.054545 -0.131684 24.849997
v 0.000000 0.142534 24.849997
v 0.000000 -0.142534 24.849997
v 0.100787 0.100787 24.849997
v -0.054545 0.131684 24.849997
v 0.131684 0.054545 24.849997
v 0.100787 -0.100787 24.849997
v -0.100787 -0.100787 24.849997
v -0.142534 0.000000 24.849997
v -0.054545 -0.131684 24.849997
v 0.054545 0.131684 24.849997
v 0.142534 0.000000 24.849997
v -0.131684 -0.054545 24.849997
v -0.131684 0.054545 24.849997
v -0.100787 0.100787 24.849997
v 0.131684 -0.054545 24.849997
v 0.068167 -0.164570 24.781075
v 0.000000 -0.178129 24.781075
v 0.164570 0.068167 24.781075
v -0.164570 -0.068167 24.781075
v -0.164570 0.068167 24.781075
v 0.164570 -0.068167 24.781075
v 0.000000 0.178129 24.781075
v 0.125956 0.125956 24.781075
v -0.068167 0.164570 24.781075
v 0.125956 -0.125956 24.781075
v -0.125956 -0.125956 24.781075
v -0.178129 0.000000 24.781075
v -0.068167 -0.164570 24.781075
v 0.068167 0.164570 24.781075
v 0.178129 0.000000 24.781075
v -0.125956 0.125956 24.781075
v -0.000000 0.117010 24.924995
v 0.082738 0.082738 24.924995
v -0.044778 0.108103 24.924995
v 0.082738 -0.082738 24.924995
v -0.082738 -0.082738 24.924995
v -0.117010 0.000000 24.924995
v -0.044778 -0.108103 24.924995
v 0.044778 0.108103 24.924995
v 0.117010 0.000000 24.924995
v -0.082738 0.082738 24.924995
v 0.044778 -0.108103 24.924995
v -0.000000 -0.117010 24.924995
v 0.108103 0.044778 24.924995
v -0.108103 -0.044778 24.924995
v -0.108103 0.044778 24.924995
v 0.108103 -0.044778 24.924995
v 0.082580 -0.199365 24.740717
v 0.000000 -0.215791 24.740717
v 0.199365 0.082580 24.740717
v -0.199365 -0.082579 24.740717
v -0.199365 0.082580 24.740717
v 0.199365 -0.082580 24.740717
v 0.000000 0.215791 24.740717
v 0.152587 0.152587 24.740717
v -0.082580 0.199365 24.740717
v 0.152587 -0.152587 24.740717
v -0.152587 -0.152587 24.740717
v -0.215791 0.000000 24.740717
v -0.082580 -0.199365 24.740717
v 0.082580 0.199365 24.740717
v 0.215791 0.000000 24.740717
v -0.152587 0.152587 24.740717
v 0.113471 0.000000 25.011515
v 0.104834 0.043424 25.011515
v 0.080236 0.080236 25.011515
v 0.043424 0.104834 25.011515
v -0.000000 0.113471 25.011515
v -0.043424 0.104834 25.011515
v -0.080236 0.080236 25.011515
v -0.104834 0.043424 25.011515
v -0.113471 0.000000 25.011515
v -0.104834 -0.043424 25.011515
v -0.080236 -0.080236 25.011515
v -0.043424 -0.104834 25.011515
v -0.000000 -0.113471 25.011515
v 0.043424 -0.104834 25.011515
v 0.080236 -0.080236 25.011515
v 0.104834 -0.043424 25.011515
v 0.113471 0.000000 25.022436
v 0.104834 0.043424 25.022436
v 0.080236 0.080236 25.022436
v 0.043424 0.104834 25.022436
v -0.000000 0.113471 25.022436
v -0.043424 0.104834 25.022436
v -0.080236 0.080236 25.022436
v -0.104834 0.043424 25.022436
v -0.113471 0.000000 25.022436
v -0.104834 -0.043424 25.022436
v -0.080236 -0.080236 25.022436
v -0.043424 -0.104834 25.022436
v -0.000000 -0.113471 25.022436
v 0.043424 -0.104834 25.022436
v 0.080236 -0.080236 25.022436
v 0.104834 -0.043424 25.022436
v 0.106150 0.000000 25.028646
v 0.098070 0.040622 25.028646
v 0.075060 0.075060 25.028646
v 0.040622 0.098070 25.028646
v -0.000000 0.106150 25.028646
v -0.040622 0.098070 25.028646
v -0.075060 0.075060 25.028646
v -0.098070 0.040622 25.028646
v -0.106150 0.000000 25.028646
v -0.098070 -0.040622 25.028646
v -0.075060 -0.075060 25.028646
v -0.040622 -0.098070 25.028646
v -0.000000 -0.106150 25.028646
v 0.040622 -0.098070 25.028646
v 0.075059 -0.075060 25.028646
v 0.098070 -0.040622 25.028646
v 0.114061 0.000000 25.036377
v 0.105379 0.043649 25.036377
v 0.080654 0.080654 25.036377
v 0.043649 0.105379 25.036377
v -0.000000 0.114061 25.036377
v -0.043649 0.105379 25.036377
v -0.080654 0.080654 25.036377
v -0.105379 0.043649 25.036377
v -0.114061 0.000000 25.036377
v -0.105379 -0.043649 25.036377
v -0.080654 -0.080654 25.036377
v -0.043649 -0.105379 25.036377
v -0.000000 -0.114061 25.036377
v 0.043649 -0.105379 25.036377
v 0.080654 -0.080654 25.036377
v 0.105379 -0.043649 25.036377
v 0.120150 0.000000 25.075720
v 0.111004 0.045979 25.075720
v 0.084959 0.084959 25.075720
v 0.045979 0.111004 25.075720
v -0.000000 0.120150 25.075720
v -0.045979 0.111004 25.075720
v -0.084959 0.084959 25.075720
v -0.111004 0.045979 25.075720
v -0.120150 0.000000 25.075720
v -0.111004 -0.045979 25.075720
v -0.084959 -0.084959 25.075720
v -0.045979 -0.111004 25.075720
v -0.000000 -0.120150 25.075720
v 0.045979 -0.111004 25.075720
v 0.084958 -0.084959 25.075720
v 0.111004 -0.045979 25.075720
v 0.131951 0.000000 25.113810
v 0.121907 0.050495 25.113810
v 0.093303 0.093303 25.113810
v 0.050495 0.121907 25.113810
v -0.000000 0.131951 25.113810
v -0.050495 0.121907 25.113810
v -0.093304 0.093303 25.113810
v -0.121907 0.050495 25.113810
v -0.131951 0.000000 25.113810
v -0.121907 -0.050495 25.113810
v -0.093304 -0.093303 25.113810
v -0.050495 -0.121907 25.113810
v -0.000000 -0.131951 25.113810
v 0.050495 -0.121907 25.113810
v 0.093303 -0.093304 25.113810
v 0.121907 -0.050496 25.113810
v 0.155286 0.000000 25.142977
v 0.143466 0.059425 25.142977
v 0.109804 0.109804 25.142977
v 0.059425 0.143466 25.142977
v -0.000000 0.155286 25.142977
v -0.059425 0.143466 25.142977
v -0.109804 0.109804 25.142977
v -0.143466 0.059425 25.142977
v -0.155286 0.000000 25.142977
v -0.143466 -0.059425 25.142977
v -0.109804 -0.109804 25.142977
v -0.059425 -0.143466 25.142977
v -0.000000 -0.155286 25.142977
v 0.059425 -0.143466 25.142977
v 0.109804 -0.109804 25.142977
v 0.143466 -0.059426 25.142977
v 0.159422 0.000000 25.149731
v 0.147287 0.061008 25.149731
v 0.112728 0.112728 25.149731
v 0.061008 0.147286 25.149731
v 0.000000 0.159422 25.149731
v -0.061008 0.147286 25.149731
v -0.112728 0.112728 25.149731
v -0.147286 0.061008 25.149731
v -0.159422 0.000000 25.149731
v -0.147287 -0.061008 25.149731
v -0.112728 -0.112728 25.149731
v -0.061008 -0.147286 25.149731
v 0.000000 -0.159422 25.149731
v 0.061008 -0.147286 25.149731
v 0.112728 -0.112728 25.149731
v 0.147286 -0.061008 25.149731
v 0.160798 0.000000 25.162247
v 0.148558 0.061535 25.162247
v 0.113701 0.113701 25.162247
v 0.061535 0.148558 25.162247
v 0.000000 0.160798 25.162247
v -0.061535 0.148558 25.162247
v -0.113701 0.113701 25.162247
v -0.148558 0.061535 25.162247
v -0.160798 0.000000 25.162247
v -0.148558 -0.061535 25.162247
v -0.113701 -0.113701 25.162247
v -0.061535 -0.148558 25.162247
v 0.000000 -0.160798 25.162247
v 0.061535 -0.148558 25.162247
v 0.113701 -0.113701 25.162247
v 0.148558 -0.061535 25.162247
v -0.084190 0.000000 25.525391
v -0.155563 0.000000 25.477701
v -0.203253 0.000000 25.406328
v -0.220000 0.000000 25.322138
v -0.203254 0.000000 25.237947
v -0.155563 0.000000 25.166574
v -0.077782 0.032218 25.525391
v -0.143722 0.059532 25.477701
v -0.187782 0.077782 25.406328
v -0.203253 0.084190 25.322138
v -0.187782 0.077782 25.237947
v -0.143722 0.059532 25.166574
v -0.059532 0.059532 25.525391
v -0.110000 0.110000 25.477701
v -0.143722 0.143722 25.406328
v -0.155563 0.155564 25.322138
v -0.143722 0.143722 25.237947
v -0.110000 0.110000 25.166574
v -0.032218 0.077782 25.525391
v -0.059532 0.143722 25.477701
v -0.077782 0.187782 25.406328
v -0.084190 0.203254 25.322138
v -0.077782 0.187782 25.237947
v -0.059532 0.143722 25.166574
v 0.000000 0.084190 25.525391
v 0.000000 0.155564 25.477701
v 0.000000 0.203254 25.406328
v 0.000000 0.220000 25.322138
v 0.000000 0.203254 25.237947
v 0.000000 0.155564 25.166574
v 0.032218 0.077782 25.525391
v 0.059532 0.143722 25.477701
v 0.077782 0.187782 25.406328
v 0.084190 0.203253 25.322138
v 0.077782 0.187782 25.237947
v 0.059532 0.143722 25.166574
v 0.059532 0.059532 25.525391
v 0.110000 0.110000 25.477701
v 0.143722 0.143722 25.406328
v 0.155564 0.155563 25.322138
v 0.143722 0.143722 25.237947
v 0.110000 0.110000 25.166574
v 0.077782 0.032218 25.525391
v 0.143722 0.059532 25.477701
v 0.187782 0.077782 25.406328
v 0.203254 0.084190 25.322138
v 0.187782 0.077782 25.237947
v 0.143722 0.059532 25.166574
v 0.084190 -0.000000 25.525391
v 0.155564 0.000000 25.477701
v 0.203254 -0.000000 25.406328
v 0.220000 -0.000000 25.322138
v 0.203254 -0.000000 25.237947
v 0.155564 0.000000 25.166574
v 0.077782 -0.032218 25.525391
v 0.143722 -0.059532 25.477701
v 0.187782 -0.077782 25.406328
v 0.203254 -0.084190 25.322138
v 0.187782 -0.077782 25.237947
v 0.143722 -0.059532 25.166574
v 0.059532 -0.059532 25.525391
v 0.110000 -0.110000 25.477701
v 0.143722 -0.143722 25.406328
v 0.155563 -0.155563 25.322138
v 0.143722 -0.143722 25.237947
v 0.110000 -0.110000 25.166574
v 0.032218 -0.077782 25.525391
v 0.059532 -0.143722 25.477701
v 0.077782 -0.187782 25.406328
v 0.084190 -0.203253 25.322138
v 0.077782 -0.187782 25.237947
v 0.059532 -0.143722 25.166574
v 0.000000 -0.084190 25.525391
v 0.000000 -0.155563 25.477701
v 0.000000 -0.203253 25.406328
v 0.000000 -0.220000 25.322138
v 0.000000 -0.203253 25.237947
v 0.000000 -0.155563 25.166574
v -0.032218 -0.077782 25.525391
v -0.059531 -0.143722 25.477701
v 0.000000 0.000000 25.542997
v -0.077782 -0.187782 25.406328
v -0.084190 -0.203253 25.322138
v -0.077782 -0.187782 25.237947
v -0.059531 -0.143722 25.166574
v -0.059532 -0.059532 25.525391
v -0.110000 -0.110000 25.477701
v -0.143722 -0.143722 25.406328
v -0.155563 -0.155563 25.322138
v -0.143722 -0.143722 25.237947
v -0.110000 -0.110000 25.166574
v -0.077782 -0.032218 25.525391
v -0.143722 -0.059532 25.477701
v -0.187782 -0.077782 25.406328
v -0.203253 -0.084190 25.322138
v -0.187782 -0.077782 25.237947
v -0.143722 -0.059532 25.166574
v 1.790619 0.968920 22.023912
v -1.790621 0.968916 22.023912
v 0.968919 -1.790620 22.023912
v -1.790621 -0.968918 22.023912
v 0.968918 1.790623 22.023912
v -0.968919 1.790618 22.023912
v 1.790623 -0.968919 22.023912
v -0.968918 -1.790622 22.023912
v 1.148369 2.457978 21.714527
v -2.457975 1.148365 21.714527
v -2.457975 -1.148369 21.714527
v 2.457977 -1.148369 21.714527
v -1.148368 -2.457976 21.714527
v 1.148370 -2.457974 21.714527
v 2.457973 1.148369 21.714527
v -1.148369 2.457972 21.714527
v -2.122423 -1.058281 21.855570
v 2.122422 1.058281 21.855570
v 1.058281 -2.122422 21.855570
v 1.058280 2.122426 21.855570
v -1.058281 2.122421 21.855570
v -1.058280 -2.122424 21.855570
v -2.122423 1.058277 21.855570
v 2.122425 -1.058281 21.855570
v -0.885885 1.649274 22.606251
v 0.885885 1.649279 22.606251
v 0.885885 -1.649276 22.606251
v -1.649277 -0.885885 22.606251
v 1.649278 -0.885885 22.606251
v -0.885885 -1.649277 22.606251
v 1.649275 0.885887 22.606251
v -1.649277 0.885883 22.606251
v 1.554009 0.874133 22.474998
v -1.554011 0.874129 22.474998
v 0.874131 -1.554010 22.474998
v -1.554011 -0.874131 22.474998
v 0.874131 1.554013 22.474998
v -0.874131 1.554008 22.474998
v 1.554012 -0.874131 22.474998
v -0.874131 -1.554011 22.474998
v -2.599997 1.233236 20.700003
v -2.599997 -1.233240 20.700003
v 1.233240 2.599999 20.700003
v -1.233240 2.599994 20.700003
v 2.599999 -1.233240 20.700003
v 2.599995 1.233240 20.700003
v -1.233239 -2.599998 20.700003
v 1.233241 -2.599996 20.700003
v -2.799997 1.233236 21.390648
v -2.799997 -1.233240 21.390648
v 1.233240 2.799999 21.390648
v -1.233240 2.799994 21.390648
v 2.799999 -1.233240 21.390648
v 2.799995 1.233240 21.390648
v -1.233239 -2.799998 21.390648
v 1.233241 -2.799996 21.390648
v -2.799997 1.233236 21.599995
v -2.799997 -1.233240 21.599995
v 1.233240 2.799999 21.599995
v -1.233240 2.799994 21.599995
v 2.799999 -1.233240 21.599995
v 2.799995 1.233240 21.599995
v -1.233239 -2.799998 21.599995
v 1.233241 -2.799996 21.599995
v -1.500000 0.899998 22.199997
v -1.500000 -0.900000 22.199997
v 0.900000 1.500003 22.199997
v -0.900000 1.499997 22.199997
v 1.500002 -0.900000 22.199997
v 1.499998 0.900002 22.199997
v -0.900000 -1.500001 22.199997
v 0.900000 -1.499999 22.199997
v -1.700000 0.899998 22.699999
v -1.700000 -0.900000 22.699999
v 0.900000 1.700003 22.699999
v -0.900000 1.699998 22.699999
v 1.700002 -0.900000 22.699999
v 1.699998 0.900002 22.699999
v -0.900000 -1.700001 22.699999
v 0.900000 -1.699999 22.699999
v -1.491076 -0.894645 22.299999
v -0.894645 -1.491077 22.299999
v 0.894646 -1.491075 22.299999
v 1.491078 -0.894646 22.299999
v -1.491076 0.894643 22.299999
v -0.894646 1.491073 22.299999
v 1.491074 0.894647 22.299999
v 0.894645 1.491078 22.299999
v -0.900000 -1.700001 22.650000
v 1.700002 -0.900000 22.650000
v -0.900000 1.699998 22.650000
v 0.900000 1.700003 22.650000
v -1.700000 -0.900000 22.650000
v 0.900000 -1.699999 22.650000
v -1.700000 0.899998 22.650000
v 1.699998 0.900002 22.650000
v -1.700000 0.899998 23.000002
v -1.700000 -0.900000 23.000002
v 0.900000 1.700003 23.000002
v -0.900000 1.699998 23.000002
v 1.700002 -0.900000 23.000002
v 1.699998 0.900002 23.000002
v -0.900000 -1.700001 23.000002
v 0.900000 -1.699999 23.000002
v -0.300000 0.149998 24.500000
v -0.300000 -0.150000 24.500000
v 0.150000 0.300003 24.500000
v -0.150000 0.299998 24.500000
v 0.300002 -0.150000 24.500000
v 0.299998 0.150002 24.500000
v -0.150000 -0.300001 24.500000
v 0.150000 -0.299999 24.500000
v -0.742008 -0.389554 23.750000
v -0.389554 -0.742009 23.750000
v 0.389555 -0.742008 23.750000
v 0.742010 -0.389555 23.750000
v -0.742008 0.389553 23.750000
v -0.389555 0.742006 23.750000
v 0.742007 0.389556 23.750000
v 0.389554 0.742010 23.750000
v -1.052163 -0.555490 23.456377
v 0.555490 -1.052162 23.456377
v -1.052163 0.555488 23.456377
v 1.052162 0.555491 23.456377
v -0.555489 -1.052164 23.456377
v 1.052164 -0.555490 23.456377
v -0.555490 1.052161 23.456377
v 0.555489 1.052165 23.456377
v -0.243953 -0.470559 24.125000
v 0.470559 -0.243954 24.125000
v -0.243954 0.470556 24.125000
v 0.243953 0.470560 24.125000
v -0.470558 -0.243953 24.125000
v 0.243954 -0.470558 24.125000
v -0.470558 0.243952 24.125000
v 0.470557 0.243955 24.125000
v -1.394176 -0.737257 23.187500
v 0.737257 -1.394175 23.187500
v -1.394176 0.737255 23.187500
v 1.394174 0.737259 23.187500
v -0.737257 -1.394176 23.187500
v 1.394177 -0.737257 23.187500
v -0.737257 1.394173 23.187500
v 0.737257 1.394178 23.187500
v -2.876508 -1.266939 21.509754
v -1.266938 -2.876509 21.509754
v 1.266939 -2.876507 21.509754
v 2.876510 -1.266939 21.509754
v -2.876508 1.266935 21.509754
v -1.266939 2.876505 21.509754
v 2.876506 1.266939 21.509754
v 1.266939 2.876510 21.509754
v -2.870996 -1.264511 21.459267
v 1.264512 -2.870995 21.459267
v -2.870996 1.264507 21.459267
v 2.870994 1.264511 21.459267
v -1.264510 -2.870996 21.459267
v 2.870997 -1.264511 21.459267
v -1.264511 2.870993 21.459267
v 1.264511 2.870998 21.459267
v -1.254403 -2.848049 21.560234
v 2.848050 -1.254405 21.560234
v -1.254404 2.848046 21.560234
v 1.254404 2.848051 21.560234
v -2.848048 -1.254404 21.560234
v 1.254405 -2.848048 21.560234
v -2.848048 1.254400 21.560234
v 2.848047 1.254404 21.560234
v -2.843000 -1.252180 21.413731
v 1.252181 -2.842999 21.413731
v -2.843000 1.252176 21.413731
v 2.842998 1.252180 21.413731
v -1.252180 -2.843001 21.413731
v 2.843002 -1.252181 21.413731
v -1.252180 2.842997 21.413731
v 1.252180 2.843002 21.413731
v -2.761176 -1.224703 21.605215
v -1.224702 -2.761177 21.605215
v 1.224704 -2.761175 21.605215
v 2.761178 -1.224704 21.605215
v -2.761176 1.224699 21.605215
v -1.224703 2.761173 21.605215
v 2.761174 1.224703 21.605215
v 1.224703 2.761178 21.605215
v -0.300000 0.149998 24.569998
v -0.300000 -0.150000 24.569998
v 0.150000 0.300003 24.569998
v -0.150000 0.299998 24.569998
v 0.300002 -0.150000 24.569998
v 0.299998 0.150002 24.569998
v -0.150000 -0.300001 24.569998
v 0.150000 -0.299999 24.569998
v -0.270000 0.134998 24.569998
v -0.270000 -0.135000 24.569998
v 0.135000 0.270002 24.569998
v -0.135000 0.269998 24.569998
v 0.270002 -0.135000 24.569998
v 0.269998 0.135002 24.569998
v -0.135000 -0.270001 24.569998
v 0.135000 -0.269999 24.569998
v -0.270000 0.134998 24.621054
v -0.270000 -0.135000 24.621054
v 0.135000 0.270002 24.621054
v -0.135000 0.269998 24.621054
v 0.270002 -0.135000 24.621054
v 0.269998 0.135002 24.621054
v -0.135000 -0.270001 24.621054
v 0.135000 -0.269999 24.621054
v -0.321389 -0.160695 24.517500
v 0.160695 -0.321388 24.517500
v -0.160695 0.321387 24.517500
v 0.321388 0.160697 24.517500
v -0.160694 -0.321390 24.517500
v 0.321391 -0.160695 24.517500
v -0.321389 0.160693 24.517500
v 0.160694 0.321392 24.517500
v -0.160031 -0.320063 24.552498
v 0.320064 -0.160031 24.552498
v -0.320062 0.160029 24.552498
v 0.160031 0.320065 24.552498
v -0.320062 -0.160031 24.552498
v 0.160031 -0.320061 24.552498
v -0.160031 0.320059 24.552498
v 0.320060 0.160033 24.552498
v -1.866009 -0.987887 22.850000
v -0.987886 -1.866010 22.850000
v 0.987887 -1.866008 22.850000
v 1.866011 -0.987887 22.850000
v -1.866009 0.987885 22.850000
v -0.987887 1.866006 22.850000
v 1.866007 0.987889 22.850000
v 0.987886 1.866011 22.850000
v -0.976863 -1.845188 22.925001
v 1.845189 -0.976864 22.925001
v -0.976864 1.845184 22.925001
v 0.976863 1.845189 22.925001
v -1.845187 -0.976863 22.925001
v 0.976864 -1.845186 22.925001
v -1.845187 0.976861 22.925001
v 1.845185 0.976866 22.925001
v -0.959862 -1.813073 22.962502
v 1.813074 -0.959862 22.962502
v -0.959862 1.813070 22.962502
v 0.959862 1.813075 22.962502
v -1.813072 -0.959862 22.962502
v 0.959862 -1.813071 22.962502
v -1.813072 0.959860 22.962502
v 1.813071 0.959864 22.962502
v -1.843978 -0.976223 22.775000
v 0.976224 -1.843977 22.775000
v -1.843978 0.976221 22.775000
v 1.843976 0.976226 22.775000
v -0.976223 -1.843979 22.775000
v 1.843980 -0.976224 22.775000
v -0.976224 1.843975 22.775000
v 0.976223 1.843981 22.775000
v -1.793543 -0.949523 22.730791
v 0.949523 -1.793542 22.730791
v -1.793543 0.949521 22.730791
v 1.793541 0.949525 22.730791
v -0.949522 -1.793544 22.730791
v 1.793545 -0.949523 22.730791
v -0.949523 1.793540 22.730791
v 0.949522 1.793546 22.730791
v -0.931232 -1.758995 22.996267
v 1.758996 -0.931233 22.996267
v -0.931233 1.758992 22.996267
v 0.931232 1.758997 22.996267
v -1.758994 -0.931232 22.996267
v 0.931233 -1.758993 22.996267
v -1.758994 0.931230 22.996267
v 1.758992 0.931234 22.996267
v 2.390858 -1.733590 19.210005
v 2.390855 1.733592 19.210005
v -1.733588 -2.390852 19.210005
v 1.733592 -2.390850 19.210005
v 1.733588 2.390858 19.210005
v -1.733592 2.390853 19.210005
v -2.390850 1.733588 19.210005
v -2.390850 -1.733590 19.210005
v -2.440850 1.783588 19.210005
v -2.440850 -1.783590 19.210005
v 1.783588 2.440862 19.210005
v -1.783592 2.440857 19.210005
v 2.440860 -1.783590 19.210005
v 2.440856 1.783592 19.210005
v -1.783590 -2.440851 19.210005
v 1.783592 -2.440849 19.210005
v -2.440850 1.783588 19.309999
v -2.440850 -1.783590 19.309999
v 1.783588 2.440862 19.309999
v -1.783592 2.440857 19.309999
v 2.440860 -1.783590 19.309999
v 2.440856 1.783592 19.309999
v -1.783588 -2.440851 19.309999
v 1.783592 -2.440849 19.309999
v -2.460850 1.803588 19.309999
v -2.460850 -1.803590 19.309999
v 1.803589 2.460863 19.309999
v -1.803592 2.460858 19.309999
v 2.460859 -1.803590 19.309999
v 2.460856 1.803592 19.309999
v -1.803589 -2.460851 19.309999
v 1.803592 -2.460849 19.309999
v -2.460850 1.803588 19.460003
v -2.460850 -1.803590 19.460003
v 1.803589 2.460863 19.460003
v -1.803592 2.460858 19.460003
v 2.460859 -1.803590 19.460003
v 2.460856 1.803592 19.460003
v -1.803589 -2.460851 19.460003
v 1.803592 -2.460849 19.460003
v -1.853588 -2.510851 19.510000
v 1.853592 -2.510849 19.510000
v -2.510850 1.853588 19.510006
v -2.510850 -1.853590 19.510006
v 1.853588 2.510862 19.510000
v -1.853592 2.510857 19.510000
v 2.510859 -1.853590 19.509996
v 2.510856 1.853592 19.509996
v -1.853588 -2.510851 19.560003
v 1.853592 -2.510849 19.560003
v -2.510850 1.853588 19.560009
v -2.510850 -1.853590 19.560009
v 1.853588 2.510862 19.560003
v -1.853592 2.510857 19.560003
v 2.510859 -1.853590 19.559999
v 2.510856 1.853592 19.559999
v -2.440850 1.783588 19.559999
v -2.440850 -1.783590 19.559999
v 1.783588 2.440862 19.559999
v -1.783592 2.440857 19.559999
v 2.440860 -1.783590 19.559999
v 2.440856 1.783592 19.559999
v -1.783588 -2.440851 19.559999
v 1.783592 -2.440849 19.559999
v -2.440850 1.783588 19.910000
v -2.440850 -1.783590 19.910000
v 1.783588 2.440862 19.910000
v -1.783592 2.440857 19.910000
v 2.440860 -1.783590 19.910000
v 2.440856 1.783592 19.910000
v -1.783588 -2.440851 19.910000
v 1.783592 -2.440849 19.910000
v -2.490850 1.783588 19.959999
v -2.490850 -1.783590 19.959999
v 1.783588 2.490863 19.959999
v -1.783592 2.490858 19.959999
v 2.490859 -1.783590 19.959999
v 2.490856 1.783592 19.959999
v -1.783588 -2.490851 19.959999
v 1.783592 -2.490849 19.959999
v -2.490850 1.783588 19.999998
v -2.490850 -1.783590 19.999998
v -2.692514 1.207237 21.205486
v 2.692513 1.207241 21.205486
v 1.783588 2.490863 19.999998
v -1.783592 2.490858 19.999998
v 2.490859 -1.783590 19.999998
v 2.490856 1.783592 19.999998
v -1.783588 -2.490851 19.999998
v 1.783592 -2.490849 19.999998
v -2.690850 1.983588 20.299999
v -2.690850 -1.983590 20.299999
v -1.204867 -2.588653 20.935162
v 2.588654 -1.204868 20.935162
v -1.204868 2.588649 20.935162
v 1.204868 2.588654 20.935162
v 1.207242 2.692516 21.205486
v 2.588650 1.204867 20.935162
v -1.207242 2.692512 21.205486
v 2.692516 -1.207242 21.205486
v -1.207241 -2.692515 21.205486
v 1.983590 2.690863 20.299999
v -1.983590 2.690858 20.299999
v 2.690860 -1.983590 20.299999
v 2.690856 1.983592 20.299999
v -1.983590 -2.690851 20.299999
v 1.983590 -2.690849 20.299999
v -1.983588 -2.490851 20.299999
v -2.490850 -1.983590 20.299999
v -2.490850 1.983588 20.299999
v -1.983592 2.490858 20.299999
v 1.983588 2.490863 20.299999
v 2.490856 1.983592 20.299999
v 2.490859 -1.983590 20.299999
v 1.983592 -2.490849 20.299999
v -2.740850 -2.033590 20.299999
v -2.740850 2.033590 20.299999
v -2.588652 1.204864 20.935162
v 1.200363 -2.628089 21.070324
v -2.628090 -1.200362 21.070324
v -1.200361 -2.628091 21.070324
v -2.692514 -1.207242 21.205486
v 2.628092 -1.200363 21.070324
v 1.207242 -2.692514 21.205486
v 1.204868 -2.588651 20.935162
v -2.588652 -1.204868 20.935162
v 2.033591 2.740862 20.299999
v -2.033590 2.740860 20.299999
v 2.740859 -2.033591 20.299999
v 2.740855 2.033590 20.299999
v -2.033590 -2.740851 20.299999
v 2.033590 -2.740849 20.299999
v -2.740850 -2.033590 20.399998
v -2.033589 -2.540850 20.299999
v -2.786340 -1.227225 21.340651
v -2.540850 -2.033590 20.299999
v -1.227224 -2.786341 21.340651
v -2.740850 2.033590 20.399998
v -2.540850 2.033590 20.299999
v 2.786342 -1.227225 21.340651
v -1.200362 2.628087 21.070324
v -2.033591 2.540860 20.299999
v 1.200362 2.628092 21.070324
v 2.628088 1.200362 21.070324
v 2.033589 2.540860 20.299999
v -2.628090 1.200358 21.070324
v 1.227226 -2.786340 21.340651
v 2.540860 2.033590 20.299999
v -1.227225 2.786337 21.340651
v 2.033591 2.740862 20.399998
v 2.540860 -2.033590 20.299999
v -2.033590 2.740860 20.399998
v 2.033591 -2.540850 20.299999
v 2.740859 -2.033591 20.399998
v 2.740855 2.033590 20.399998
v -2.033590 -2.740851 20.399998
v 2.033590 -2.740849 20.399998
v -2.033589 -2.540850 20.399998
v -2.540850 -2.033590 20.399998
v -2.540850 2.033590 20.399998
v -2.033591 2.540860 20.399998
v 2.033589 2.540860 20.399998
v 2.540860 2.033590 20.399998
v 2.540860 -2.033590 20.399998
v 2.033591 -2.540850 20.399998
v -2.940850 -2.233590 20.600000
v 2.583355 1.225347 20.799999
v 1.225347 2.583359 20.799999
v -2.940850 2.233590 20.600000
v -1.225347 2.583354 20.799999
v 2.799999 -1.233240 21.340651
v -1.233239 -2.799998 21.340651
v -2.583357 -1.225347 20.799999
v 1.225348 -2.583356 20.799999
v -2.583357 1.225343 20.799999
v 2.583359 -1.225348 20.799999
v 2.233590 2.940862 20.600000
v -2.233590 2.940860 20.600000
v 2.940859 -2.233590 20.600000
v 2.940856 2.233590 20.600000
v -2.233590 -2.940851 20.600000
v 2.233589 -2.940849 20.600000
v -2.233589 -2.540850 20.600000
v -2.540850 -2.233590 20.600000
v -2.540850 2.233590 20.600000
v -2.233591 2.540860 20.600000
v 2.233589 2.540860 20.600000
v 2.540860 2.233590 20.600000
v 2.540860 -2.233589 20.600000
v 2.233591 -2.540850 20.600000
v -2.940850 -2.233590 20.649998
v -1.225347 -2.583358 20.799999
v 1.233240 2.599999 20.799999
v -2.940850 2.233590 20.649998
v 2.599995 1.233240 20.799999
v -2.599997 1.233236 20.799999
v 2.599999 -1.233240 20.799999
v 1.233241 -2.599996 20.799999
v -1.233239 -2.599998 20.799999
v -2.599997 -1.233240 20.799999
v -1.233240 2.599994 20.799999
v 2.233590 2.940862 20.649998
v -2.233590 2.940860 20.649998
v 2.940859 -2.233590 20.649998
v 2.940856 2.233590 20.649998
v -2.233590 -2.940851 20.649998
v 2.233589 -2.940849 20.649998
v -2.233589 -2.540850 20.649998
v -2.540850 -2.233590 20.649998
v -2.540850 2.233590 20.649998
v -2.233591 2.540860 20.649998
v 2.233589 2.540860 20.649998
v 2.540860 2.233590 20.649998
v 2.540860 -2.233589 20.649998
v 2.233591 -2.540850 20.649998
v -2.923191 2.220178 20.600000
v 1.233241 -2.799996 21.340651
v 2.923197 2.220177 20.600000
v 2.220178 2.923203 20.600000
v -2.220177 2.923200 20.600000
v -2.220179 2.525603 20.600000
v 2.923200 -2.220178 20.600000
v 2.220178 -2.525593 20.600000
v 2.525603 -2.220177 20.600000
v -2.923191 -2.220177 20.600000
v -2.525593 -2.220177 20.600000
v 2.525603 2.220178 20.600000
v 2.220177 2.525603 20.600000
v 1.227225 2.786342 21.340651
v 2.786339 1.227225 21.340651
v -2.799997 1.233236 21.340651
v 2.799995 1.233240 21.340651
v -2.220178 -2.923192 20.600000
v 2.220177 -2.923190 20.600000
v 1.233240 2.799999 21.340651
v -2.786340 1.227221 21.340651
v -2.525593 2.220178 20.600000
v -2.220177 -2.525593 20.600000
v -1.233240 2.799994 21.340651
v -2.799997 -1.233240 21.340651
vt 0.734380 0.087788
vt 0.982760 0.087789
vt 0.982760 0.093393
vt 0.734380 0.093391
vt 0.734121 0.087926
vt 0.982500 0.087928
vt 0.982500 0.093532
vt 0.734121 0.093530
vt 0.982743 0.088014
vt 0.982743 0.093614
vt 0.734598 0.093614
vt 0.734598 0.088015
vt 0.734380 0.087933
vt 0.982743 0.087934
vt 0.982743 0.093539
vt 0.734380 0.093539
vt 0.723873 0.088218
vt 0.993328 0.088217
vt 0.993328 0.093679
vt 0.723873 0.093680
vt 0.724124 0.088198
vt 0.993581 0.088197
vt 0.993581 0.093659
vt 0.724124 0.093659
vt 0.993331 0.088311
vt 0.723872 0.088310
vt 0.723872 0.093772
vt 0.993331 0.093772
vt 0.795181 0.337240
vt 0.918555 0.337240
vt 0.918555 0.342692
vt 0.795181 0.342692
vt 0.795080 0.337303
vt 0.918454 0.337303
vt 0.918454 0.342756
vt 0.795080 0.342756
vt 0.918462 0.337352
vt 0.795088 0.337352
vt 0.794992 0.337315
vt 0.918366 0.337315
vt 0.918366 0.342768
vt 0.794992 0.342768
vt 0.956756 0.337310
vt 0.760469 0.337309
vt 0.760469 0.342761
vt 0.956756 0.342762
vt 0.760676 0.337414
vt 0.956963 0.337413
vt 0.956963 0.342865
vt 0.760676 0.342866
vt 0.759996 0.337095
vt 0.956282 0.337095
vt 0.956282 0.342547
vt 0.759996 0.342547
vt 0.956383 0.337140
vt 0.760096 0.337140
vt 0.760096 0.342592
vt 0.956383 0.342592
vt 0.810603 0.283485
vt 0.903134 0.283485
vt 0.902858 0.294446
vt 0.810878 0.294446
vt 0.810502 0.283549
vt 0.903032 0.283549
vt 0.902757 0.294510
vt 0.810777 0.294509
vt 0.903040 0.283597
vt 0.902765 0.294558
vt 0.810784 0.294559
vt 0.810509 0.283598
vt 0.810413 0.283561
vt 0.902944 0.283561
vt 0.902669 0.294522
vt 0.810688 0.294522
vt 0.956756 0.281091
vt 0.760469 0.281091
vt 0.761053 0.292039
vt 0.956172 0.292039
vt 0.760676 0.281195
vt 0.956963 0.281195
vt 0.956379 0.292143
vt 0.761260 0.292143
vt 0.759996 0.280876
vt 0.956282 0.280876
vt 0.955699 0.291825
vt 0.760580 0.291824
vt 0.956383 0.280921
vt 0.760096 0.280921
vt 0.760680 0.291870
vt 0.955799 0.291870
vt 0.798004 0.330329
vt 0.915733 0.330329
vt 0.797903 0.330392
vt 0.915631 0.330393
vt 0.797814 0.330405
vt 0.915543 0.330405
vt 0.955217 0.330004
vt 0.762009 0.330004
vt 0.762215 0.330109
vt 0.955424 0.330109
vt 0.761535 0.329790
vt 0.954743 0.329790
vt 0.954844 0.329836
vt 0.761635 0.329836
vt 0.793405 0.389838
vt 0.921061 0.389838
vt 0.918921 0.396808
vt 0.795546 0.396808
vt 0.793523 0.389791
vt 0.921179 0.389791
vt 0.919038 0.396760
vt 0.795664 0.396760
vt 0.920905 0.389961
vt 0.918764 0.396930
vt 0.795390 0.396930
vt 0.793250 0.389960
vt 0.793711 0.389947
vt 0.921367 0.389947
vt 0.919226 0.396916
vt 0.795852 0.396916
vt 0.757352 0.390570
vt 0.960451 0.390573
vt 0.957045 0.397019
vt 0.760757 0.397015
vt 0.757024 0.390191
vt 0.960124 0.390191
vt 0.956719 0.396637
vt 0.760430 0.396637
vt 0.757236 0.390551
vt 0.960333 0.390550
vt 0.956928 0.396996
vt 0.760642 0.396997
vt 0.757383 0.390788
vt 0.960481 0.390788
vt 0.957076 0.397234
vt 0.760789 0.397234
vt 0.980136 0.094185
vt 0.738004 0.094191
vt 0.736145 0.099601
vt 0.981996 0.099595
vt 0.737788 0.094078
vt 0.979919 0.094084
vt 0.981778 0.099495
vt 0.735928 0.099489
vt 0.737919 0.094099
vt 0.736060 0.099509
vt 0.981898 0.099503
vt 0.980038 0.094094
vt 0.737798 0.093946
vt 0.979929 0.093955
vt 0.981788 0.099365
vt 0.735938 0.099358
vt 0.993592 0.093882
vt 0.723781 0.093883
vt 0.721709 0.099222
vt 0.995665 0.099222
vt 0.723559 0.093703
vt 0.993375 0.093704
vt 0.995447 0.099043
vt 0.721487 0.099043
vt 0.723590 0.093882
vt 0.993403 0.093884
vt 0.995475 0.099223
vt 0.721518 0.099221
vt 0.995491 0.099042
vt 0.980137 0.124271
vt 0.738005 0.124277
vt 0.740334 0.128457
vt 0.977492 0.128457
vt 0.737787 0.124165
vt 0.979918 0.124170
vt 0.977589 0.128350
vt 0.740431 0.128350
vt 0.737920 0.124182
vt 0.740268 0.128367
vt 0.977403 0.128367
vt 0.980039 0.124177
vt 0.737797 0.124034
vt 0.979928 0.124039
vt 0.977599 0.128219
vt 0.740441 0.128219
vt 0.993593 0.123788
vt 0.723781 0.123787
vt 0.724708 0.128479
vt 0.992570 0.128481
vt 0.723558 0.123608
vt 0.993375 0.123608
vt 0.992448 0.128300
vt 0.724581 0.128301
vt 0.723589 0.123788
vt 0.993403 0.123788
vt 0.992476 0.128480
vt 0.724612 0.128481
vt 0.724531 0.128301
vt 0.872105 0.632172
vt 0.844664 0.632172
vt 0.845524 0.628832
vt 0.871245 0.628832
vt 0.872133 0.632317
vt 0.844692 0.632317
vt 0.845552 0.628977
vt 0.871273 0.628977
vt 0.845552 0.628872
vt 0.871273 0.628872
vt 0.878084 0.632312
vt 0.839278 0.632313
vt 0.840494 0.629085
vt 0.876868 0.629084
vt 0.878096 0.632237
vt 0.839288 0.632237
vt 0.840504 0.629010
vt 0.876880 0.629009
vt 0.877988 0.632364
vt 0.839181 0.632364
vt 0.840397 0.629136
vt 0.876772 0.629136
vt 0.878044 0.632289
vt 0.839237 0.632289
vt 0.846810 0.624974
vt 0.869959 0.624974
vt 0.846838 0.625119
vt 0.869986 0.625119
vt 0.842312 0.625447
vt 0.875049 0.625447
vt 0.875061 0.625372
vt 0.842216 0.625499
vt 0.874953 0.625499
vt 0.845420 0.639794
vt 0.871064 0.639794
vt 0.871064 0.646652
vt 0.845420 0.646652
vt 0.845441 0.639919
vt 0.871085 0.639919
vt 0.871085 0.646776
vt 0.845441 0.646776
vt 0.870914 0.646776
vt 0.845271 0.646776
vt 0.845271 0.639919
vt 0.870914 0.639919
vt 0.870893 0.646652
vt 0.845250 0.646652
vt 0.845250 0.639794
vt 0.870893 0.639794
vt 0.876815 0.646776
vt 0.840550 0.646776
vt 0.840550 0.639919
vt 0.876815 0.639919
vt 0.876737 0.639919
vt 0.876737 0.646776
vt 0.839208 0.636484
vt 0.878177 0.636484
vt 0.839197 0.636559
vt 0.878165 0.636559
vt 0.839100 0.636611
vt 0.878069 0.636611
vt 0.878125 0.636536
vt 0.871245 0.639893
vt 0.845524 0.639893
vt 0.844607 0.636419
vt 0.872162 0.636419
vt 0.871273 0.640038
vt 0.845552 0.640038
vt 0.844635 0.636564
vt 0.872190 0.636564
vt 0.871273 0.639933
vt 0.845552 0.639933
vt 0.844635 0.636459
vt 0.872190 0.636459
vt 0.876868 0.639910
vt 0.876880 0.639834
vt 0.840505 0.639835
vt 0.876772 0.639961
vt 0.840397 0.639961
vt 0.918764 0.340714
vt 0.922159 0.352245
vt 0.791996 0.352245
vt 0.795390 0.340714
vt 0.919038 0.340544
vt 0.922433 0.352076
vt 0.792270 0.352076
vt 0.795664 0.340544
vt 0.956928 0.343149
vt 0.962328 0.353888
vt 0.755241 0.353887
vt 0.760641 0.343148
vt 0.919226 0.340701
vt 0.922620 0.352232
vt 0.792458 0.352232
vt 0.795852 0.340701
vt 0.957076 0.343387
vt 0.962476 0.354126
vt 0.755389 0.354126
vt 0.760789 0.343386
vt 0.918921 0.340592
vt 0.922315 0.352124
vt 0.792152 0.352123
vt 0.795546 0.340592
vt 0.957046 0.343169
vt 0.962446 0.353909
vt 0.755358 0.353909
vt 0.760758 0.343170
vt 0.956719 0.342790
vt 0.962119 0.353529
vt 0.755030 0.353529
vt 0.760430 0.342789
vt 0.348031 0.701594
vt 0.355865 0.701594
vt 0.355865 0.422123
vt 0.348030 0.422123
vt 0.341705 0.525475
vt 0.347449 0.525475
vt 0.347450 0.600989
vt 0.341705 0.600988
vt 0.343163 0.696815
vt 0.343177 0.426061
vt 0.341572 0.525404
vt 0.347317 0.525403
vt 0.347316 0.600917
vt 0.341572 0.600917
vt 0.343291 0.426927
vt 0.348117 0.422133
vt 0.348116 0.701609
vt 0.343307 0.697678
vt 0.355950 0.422133
vt 0.355951 0.701609
vt 0.355822 0.701609
vt 0.355822 0.422131
vt 0.356091 0.698607
vt 0.361055 0.703450
vt 0.360918 0.420867
vt 0.356014 0.422475
vt 0.355827 0.425717
vt 0.360790 0.420871
vt 0.360790 0.703458
vt 0.355886 0.701852
vt 0.355934 0.524901
vt 0.358187 0.524901
vt 0.358187 0.598954
vt 0.355934 0.598954
vt 0.372541 0.420871
vt 0.372542 0.703458
vt 0.360948 0.703372
vt 0.372700 0.703372
vt 0.372699 0.420787
vt 0.360948 0.420787
vt 0.372807 0.703445
vt 0.372669 0.420861
vt 0.347901 0.422121
vt 0.355735 0.422121
vt 0.355736 0.701594
vt 0.347902 0.701594
vt 0.378080 0.416954
vt 0.378080 0.707374
vt 0.376999 0.525119
vt 0.376999 0.599172
vt 0.370099 0.599171
vt 0.370099 0.525119
vt 0.378348 0.707359
vt 0.378205 0.416942
vt 0.360951 0.420866
vt 0.372564 0.703454
vt 0.360814 0.703449
vt 0.377037 0.524901
vt 0.377037 0.598954
vt 0.370138 0.598954
vt 0.370138 0.524901
vt 0.383149 0.416936
vt 0.383149 0.707356
vt 0.383417 0.707374
vt 0.383274 0.416957
vt 0.377037 0.599100
vt 0.377037 0.525048
vt 0.381021 0.525048
vt 0.381021 0.599100
vt 0.380982 0.525119
vt 0.380982 0.599172
vt 0.378243 0.416957
vt 0.383312 0.416942
vt 0.383171 0.707359
vt 0.388908 0.525048
vt 0.388907 0.599100
vt 0.355986 0.698526
vt 0.356044 0.422390
vt 0.378239 0.707289
vt 0.388869 0.525119
vt 0.388869 0.599171
vt 0.388898 0.701888
vt 0.388762 0.422440
vt 0.356017 0.525167
vt 0.358270 0.525167
vt 0.358270 0.599219
vt 0.356017 0.599219
vt 0.468910 0.417829
vt 0.468910 0.402077
vt 0.490452 0.387716
vt 0.490452 0.419031
vt 0.370221 0.599219
vt 0.370221 0.525167
vt 0.377120 0.525167
vt 0.377120 0.599219
vt 0.388633 0.422420
vt 0.388633 0.701873
vt 0.388848 0.422631
vt 0.388849 0.701764
vt 0.416236 0.701764
vt 0.416235 0.422631
vt 0.383309 0.707307
vt 0.460371 0.496724
vt 0.460371 0.513458
vt 0.468738 0.513458
vt 0.468738 0.496724
vt 0.450882 0.531741
vt 0.450882 0.588613
vt 0.424588 0.599825
vt 0.424588 0.520529
vt 0.389044 0.701506
vt 0.389045 0.422374
vt 0.416432 0.422374
vt 0.416432 0.701506
vt 0.388815 0.597022
vt 0.388815 0.523332
vt 0.416562 0.523332
vt 0.416562 0.597022
vt 0.416509 0.422775
vt 0.416510 0.701906
vt 0.422044 0.701906
vt 0.422044 0.422775
vt 0.388658 0.701877
vt 0.416653 0.596822
vt 0.416653 0.523131
vt 0.421508 0.520329
vt 0.421508 0.599625
vt 0.421966 0.422374
vt 0.421966 0.701506
vt 0.416543 0.702004
vt 0.416640 0.422872
vt 0.422173 0.422874
vt 0.422076 0.702006
vt 0.421769 0.701764
vt 0.421769 0.422631
vt 0.416806 0.597023
vt 0.416806 0.523333
vt 0.421660 0.520530
vt 0.421661 0.599826
vt 0.421417 0.520529
vt 0.421417 0.599825
vt 0.426837 0.422349
vt 0.426837 0.701481
vt 0.426641 0.701788
vt 0.426641 0.422656
vt 0.450973 0.531540
vt 0.450973 0.588414
vt 0.424679 0.599625
vt 0.424679 0.520329
vt 0.426916 0.701931
vt 0.426915 0.422800
vt 0.389122 0.422775
vt 0.389123 0.701906
vt 0.409829 0.504989
vt 0.438413 0.489133
vt 0.438413 0.504989
vt 0.416593 0.597111
vt 0.416587 0.523421
vt 0.421441 0.520618
vt 0.421448 0.599914
vt 0.454855 0.717438
vt 0.454855 0.407006
vt 0.389155 0.701995
vt 0.389252 0.422863
vt 0.426975 0.642315
vt 0.434667 0.656181
vt 0.401979 0.656181
vt 0.408257 0.546055
vt 0.440945 0.546055
vt 0.433254 0.559921
vt 0.455051 0.406699
vt 0.455051 0.717131
vt 0.416239 0.633453
vt 0.416239 0.600765
vt 0.430104 0.608457
vt 0.424613 0.520618
vt 0.424619 0.599914
vt 0.446011 0.593108
vt 0.453702 0.606974
vt 0.421015 0.606974
vt 0.460703 0.402166
vt 0.460704 0.722191
vt 0.468572 0.722191
vt 0.468572 0.402166
vt 0.436400 0.495530
vt 0.444091 0.509396
vt 0.411403 0.509396
vt 0.409227 0.476508
vt 0.437811 0.460652
vt 0.437811 0.476507
vt 0.460434 0.562501
vt 0.460434 0.545766
vt 0.468801 0.545766
vt 0.468801 0.562501
vt 0.455213 0.406061
vt 0.455187 0.716674
vt 0.455437 0.718083
vt 0.455409 0.407467
vt 0.460926 0.401950
vt 0.460927 0.721978
vt 0.455453 0.717885
vt 0.455426 0.407269
vt 0.460943 0.401753
vt 0.460943 0.721778
vt 0.455313 0.718013
vt 0.455287 0.407397
vt 0.460804 0.401880
vt 0.460803 0.721906
vt 0.456250 0.558317
vt 0.456251 0.541582
vt 0.456438 0.548236
vt 0.456439 0.531503
vt 0.460622 0.527320
vt 0.460622 0.544054
vt 0.460545 0.463724
vt 0.460545 0.523748
vt 0.454628 0.523748
vt 0.454628 0.463724
vt 0.456188 0.500907
vt 0.456186 0.517641
vt 0.355520 0.525535
vt 0.355520 0.601048
vt 0.456305 0.707325
vt 0.456305 0.690591
vt 0.460489 0.686407
vt 0.460489 0.703142
vt 0.460800 0.478275
vt 0.460800 0.418250
vt 0.454883 0.418251
vt 0.454883 0.478275
vt 0.468844 0.401861
vt 0.468845 0.722190
vt 0.490161 0.736885
vt 0.490160 0.387165
vt 0.456177 0.679950
vt 0.456177 0.696685
vt 0.460360 0.692501
vt 0.460361 0.675767
vt 0.460446 0.599790
vt 0.460446 0.539765
vt 0.454530 0.539765
vt 0.454530 0.599790
vt 0.468672 0.401880
vt 0.468672 0.721906
vt 0.456291 0.670034
vt 0.456291 0.653300
vt 0.460475 0.649116
vt 0.460475 0.665851
vt 0.456401 0.622454
vt 0.456401 0.605720
vt 0.460585 0.601536
vt 0.460585 0.618271
vt 0.460490 0.624858
vt 0.460490 0.684882
vt 0.454573 0.684882
vt 0.454573 0.624858
vt 0.468912 0.463724
vt 0.468912 0.523747
vt 0.468794 0.401950
vt 0.468795 0.721978
vt 0.469167 0.478274
vt 0.469167 0.418250
vt 0.460393 0.578756
vt 0.460393 0.562022
vt 0.468760 0.562022
vt 0.468760 0.578756
vt 0.468727 0.692501
vt 0.468728 0.675767
vt 0.992714 0.083644
vt 0.725939 0.083618
vt 0.355895 0.525119
vt 0.358149 0.525119
vt 0.358149 0.599171
vt 0.355895 0.599171
vt 0.468813 0.599790
vt 0.468813 0.539765
vt 0.490094 0.736885
vt 0.490094 0.387167
vt 0.724753 0.083535
vt 0.991529 0.083511
vt 0.468823 0.402077
vt 0.468823 0.417829
vt 0.490366 0.419031
vt 0.490366 0.387716
vt 0.468952 0.601536
vt 0.468952 0.618270
vt 0.468989 0.527320
vt 0.468989 0.544054
vt 0.468842 0.649116
vt 0.468842 0.665850
vt 0.468856 0.686407
vt 0.468856 0.703142
vt 0.468857 0.624858
vt 0.468857 0.684882
vt 0.455130 0.717580
vt 0.455129 0.407150
vt 0.468811 0.401753
vt 0.468812 0.721778
vt 0.724741 0.083530
vt 0.963601 0.976359
vt 0.945306 0.994756
vt 0.944388 0.993953
vt 0.962792 0.975445
vt 0.961842 0.701322
vt 0.985595 0.701322
vt 0.984683 0.702124
vt 0.960788 0.702123
vt 0.734950 0.083482
vt 0.981080 0.083464
vt 0.962780 0.975458
vt 0.722950 0.014341
vt 0.992487 0.014341
vt 0.991664 0.019007
vt 0.725174 0.019031
vt 0.355573 0.525475
vt 0.355573 0.600989
vt 0.746430 0.003451
vt 0.965431 0.003451
vt 0.965431 0.014780
vt 0.746430 0.014780
vt 0.993946 0.705593
vt 0.993994 0.969873
vt 0.989320 0.973422
vt 0.989320 0.704831
vt 0.746630 0.003356
vt 0.965630 0.003356
vt 0.965630 0.014686
vt 0.746630 0.014686
vt 0.724491 0.083551
vt 0.991262 0.083526
vt 0.985759 0.977284
vt 0.961877 0.977284
vt 0.960816 0.976478
vt 0.984843 0.976478
vt 0.734950 0.083627
vt 0.981063 0.083610
vt 0.985749 0.977312
vt 0.981113 0.083676
vt 0.735237 0.083695
vt 0.985760 0.977382
vt 0.961877 0.977382
vt 0.960816 0.976576
vt 0.984844 0.976576
vt 0.945566 0.683436
vt 0.963898 0.701795
vt 0.963092 0.702711
vt 0.944649 0.684241
vt 0.984883 0.705127
vt 0.964189 0.765216
vt 0.960856 0.705040
vt 0.355440 0.525403
vt 0.355440 0.600917
vt 0.433310 0.433698
vt 0.441001 0.447564
vt 0.408314 0.447564
vt 0.945587 0.683542
vt 0.963919 0.701901
vt 0.963113 0.702817
vt 0.944670 0.684347
vt 0.961812 0.977383
vt 0.985695 0.977383
vt 0.734691 0.083620
vt 0.980820 0.083603
vt 0.960816 0.973573
vt 0.984844 0.973573
vt 0.722950 0.002892
vt 0.992487 0.002892
vt 0.992487 0.013820
vt 0.722950 0.013820
vt 0.960967 0.704833
vt 0.942524 0.686363
vt 0.722904 0.003202
vt 0.992439 0.003201
vt 0.992439 0.014129
vt 0.722904 0.014130
vt 0.723204 0.003515
vt 0.992736 0.003514
vt 0.992736 0.014442
vt 0.723204 0.014442
vt 0.746353 0.003313
vt 0.965350 0.003313
vt 0.965350 0.014643
vt 0.746353 0.014643
vt 0.991664 0.018486
vt 0.725174 0.018509
vt 0.960988 0.704939
vt 0.942545 0.686469
vt 0.984710 0.705243
vt 0.964016 0.765332
vt 0.960683 0.705156
vt 0.984707 0.701960
vt 0.960811 0.701960
vt 0.960811 0.704947
vt 0.984707 0.704947
vt 0.960806 0.973503
vt 0.984833 0.973503
vt 0.991616 0.018795
vt 0.725128 0.018819
vt 0.984710 0.973576
vt 0.960684 0.973664
vt 0.964016 0.913488
vt 0.991913 0.019108
vt 0.725428 0.019131
vt 0.965271 0.003108
vt 0.965271 0.014434
vt 0.746353 0.014434
vt 0.746353 0.003108
vt 0.942258 0.991836
vt 0.960663 0.973327
vt 0.984883 0.973460
vt 0.964189 0.913371
vt 0.985618 0.701159
vt 0.961866 0.701159
vt 0.964676 0.018442
vt 0.747711 0.018453
vt 0.984683 0.705110
vt 0.960787 0.705110
vt 0.942245 0.991848
vt 0.964546 0.018242
vt 0.747679 0.018254
vt 0.984632 0.973447
vt 0.984632 0.704855
vt 0.960856 0.973548
vt 0.964756 0.018579
vt 0.747789 0.018590
vt 0.984842 0.705005
vt 0.964148 0.765094
vt 0.993937 0.969873
vt 0.989242 0.704909
vt 0.989242 0.973500
vt 0.984554 0.973525
vt 0.993868 0.705671
vt 0.993915 0.969951
vt 0.490063 0.453408
vt 0.490063 0.388523
vt 0.468913 0.401432
vt 0.468913 0.440499
vt 0.468662 0.722245
vt 0.468667 0.706492
vt 0.490211 0.705298
vt 0.490200 0.736613
vt 0.964955 0.018485
vt 0.747989 0.018496
vt 0.489738 0.670552
vt 0.489738 0.735107
vt 0.468696 0.722264
vt 0.468696 0.683395
vt 0.882394 0.682649
vt 0.960927 0.704905
vt 0.964151 0.765088
vt 0.450907 0.531828
vt 0.450913 0.588700
vt 0.468753 0.417116
vt 0.468753 0.401593
vt 0.489982 0.387441
vt 0.489982 0.418300
vt 0.722950 0.003414
vt 0.992487 0.003414
vt 0.468836 0.706457
vt 0.468836 0.721932
vt 0.490001 0.736041
vt 0.490001 0.705276
vt 0.984842 0.973338
vt 0.964148 0.913250
vt 0.468778 0.722142
vt 0.490093 0.387116
vt 0.490094 0.736837
vt 0.468708 0.706253
vt 0.468708 0.722005
vt 0.490251 0.736366
vt 0.490251 0.705051
vt 0.358187 0.599100
vt 0.358187 0.525048
vt 0.370138 0.525048
vt 0.370137 0.599100
vt 0.490014 0.388614
vt 0.490014 0.453317
vt 0.468923 0.440444
vt 0.468923 0.401486
vt 0.388846 0.597114
vt 0.388839 0.523424
vt 0.960815 0.973426
vt 0.490065 0.734972
vt 0.490065 0.669948
vt 0.468870 0.682885
vt 0.468870 0.722035
vt 0.389058 0.597024
vt 0.389058 0.523332
vt 0.468867 0.401819
vt 0.468867 0.417570
vt 0.490410 0.418772
vt 0.490410 0.387457
vt 0.426948 0.701983
vt 0.427044 0.422851
vt 0.455263 0.407210
vt 0.455157 0.717643
vt 0.381021 0.524901
vt 0.381021 0.598954
vt 0.964252 0.913231
vt 0.960706 0.973395
vt 0.882053 0.995228
vt 0.355987 0.425709
vt 0.355910 0.701837
vt 0.343076 0.426915
vt 0.343092 0.697663
vt 0.989203 0.704993
vt 0.989204 0.973584
vt 0.984516 0.973608
vt 0.984515 0.705017
vt 0.347443 0.525443
vt 0.355567 0.525443
vt 0.882174 0.682813
vt 0.942336 0.686401
vt 0.960727 0.973532
vt 0.942265 0.991984
vt 0.882096 0.995439
vt 0.984760 0.973369
vt 0.964067 0.913281
vt 0.993830 0.705755
vt 0.960733 0.704949
vt 0.341699 0.525442
vt 0.355934 0.599100
vt 0.355934 0.525048
vt 0.388907 0.524901
vt 0.388907 0.598954
vt 0.388906 0.596822
vt 0.388906 0.523131
vt 0.381104 0.525167
vt 0.381104 0.599219
vt 0.451125 0.531742
vt 0.451125 0.588615
vt 0.424832 0.599826
vt 0.424831 0.520530
vt 0.388990 0.525167
vt 0.388991 0.599219
vt 0.456210 0.574573
vt 0.456210 0.557839
vt 0.468795 0.722277
vt 0.490338 0.705323
vt 0.490338 0.736638
vt 0.852065 0.747764
vt 0.860617 0.747679
vt 0.860729 0.756038
vt 0.852792 0.756518
vt 0.852180 0.738738
vt 0.853207 0.728955
vt 0.860462 0.729370
vt 0.860465 0.738951
vt 0.852142 0.738814
vt 0.860420 0.729452
vt 0.860423 0.739029
vt 0.857345 0.774399
vt 0.860949 0.773731
vt 0.861153 0.783561
vt 0.860401 0.747591
vt 0.851847 0.747681
vt 0.851994 0.738777
vt 0.860277 0.738992
vt 0.854502 0.765243
vt 0.860810 0.764472
vt 0.860945 0.773590
vt 0.857349 0.774262
vt 0.860824 0.764601
vt 0.854511 0.765365
vt 0.852773 0.756400
vt 0.860708 0.755912
vt 0.868982 0.747711
vt 0.868427 0.756463
vt 0.860516 0.755952
vt 0.848555 0.660670
vt 0.859072 0.660116
vt 0.859069 0.661917
vt 0.848767 0.662543
vt 0.860592 0.747552
vt 0.869172 0.747669
vt 0.868619 0.756421
vt 0.854681 0.708641
vt 0.859989 0.708530
vt 0.860019 0.709881
vt 0.854655 0.709942
vt 0.878797 0.747971
vt 0.877241 0.758124
vt 0.853898 0.725674
vt 0.860378 0.725798
vt 0.860384 0.726525
vt 0.853866 0.726412
vt 0.854652 0.704387
vt 0.859825 0.704175
vt 0.859891 0.706014
vt 0.854671 0.706146
vt 0.854694 0.707451
vt 0.859959 0.707362
vt 0.842361 0.747960
vt 0.852580 0.756437
vt 0.843861 0.758125
vt 0.842585 0.748036
vt 0.844073 0.758197
vt 0.854552 0.714741
vt 0.860202 0.714745
vt 0.860292 0.719497
vt 0.854278 0.719443
vt 0.860545 0.747627
vt 0.869124 0.747747
vt 0.868569 0.756499
vt 0.847913 0.651089
vt 0.859026 0.650744
vt 0.859024 0.653177
vt 0.847994 0.653545
vt 0.853980 0.694814
vt 0.859565 0.694367
vt 0.849860 0.670017
vt 0.859024 0.669196
vt 0.859068 0.675367
vt 0.850959 0.676200
vt 0.842511 0.747989
vt 0.851993 0.747714
vt 0.852722 0.756468
vt 0.844002 0.758150
vt 0.847880 0.648482
vt 0.859051 0.648131
vt 0.878606 0.748015
vt 0.877048 0.758166
vt 0.852584 0.685288
vt 0.859257 0.684617
vt 0.878747 0.748052
vt 0.877191 0.758203
vt 0.853948 0.724349
vt 0.860347 0.724455
vt 0.853991 0.723518
vt 0.860333 0.723624
vt 0.848322 0.658281
vt 0.859064 0.657805
vt 0.848132 0.655923
vt 0.859043 0.655510
vt 0.842549 0.747927
vt 0.852036 0.747644
vt 0.844055 0.758092
vt 0.866331 0.719119
vt 0.865876 0.714393
vt 0.869549 0.660622
vt 0.869785 0.658270
vt 0.869956 0.655924
vt 0.870085 0.653536
vt 0.843347 0.737826
vt 0.865160 0.694341
vt 0.865910 0.684831
vt 0.866715 0.723299
vt 0.865063 0.703907
vt 0.865169 0.705762
vt 0.866941 0.726233
vt 0.866897 0.725507
vt 0.866785 0.724150
vt 0.870198 0.651053
vt 0.870292 0.648357
vt 0.865427 0.709612
vt 0.868128 0.669730
vt 0.869320 0.662456
vt 0.843395 0.737947
vt 0.852217 0.738865
vt 0.869196 0.747799
vt 0.868642 0.756551
vt 0.867131 0.675797
vt 0.868591 0.738695
vt 0.878819 0.748100
vt 0.877267 0.758254
vt 0.865268 0.707086
vt 0.868804 0.738786
vt 0.877911 0.737681
vt 0.865337 0.708220
vt 0.860495 0.739082
vt 0.877702 0.737593
vt 0.881665 0.659971
vt 0.880831 0.662611
vt 0.882182 0.657212
vt 0.882317 0.654389
vt 0.874770 0.677591
vt 0.872237 0.685926
vt 0.870755 0.709095
vt 0.871406 0.713674
vt 0.868780 0.738653
vt 0.867710 0.729054
vt 0.880103 0.664526
vt 0.843165 0.737863
vt 0.870453 0.707777
vt 0.868735 0.738734
vt 0.877845 0.737633
vt 0.873775 0.724895
vt 0.873725 0.725656
vt 0.870119 0.703539
vt 0.870472 0.705356
vt 0.870548 0.706717
vt 0.843318 0.737898
vt 0.845953 0.727775
vt 0.872323 0.718225
vt 0.882104 0.651562
vt 0.870512 0.694743
vt 0.877005 0.671920
vt 0.881607 0.648340
vt 0.874873 0.727688
vt 0.877892 0.737550
vt 0.873607 0.723405
vt 0.873416 0.722513
vt 0.848021 0.653681
vt 0.835855 0.654253
vt 0.836174 0.651475
vt 0.847940 0.651223
vt 0.854667 0.704547
vt 0.849779 0.704601
vt 0.848605 0.695835
vt 0.854002 0.694982
vt 0.854685 0.706303
vt 0.849553 0.706248
vt 0.860492 0.729510
vt 0.867733 0.729195
vt 0.853248 0.729095
vt 0.836746 0.648309
vt 0.847908 0.648614
vt 0.849886 0.670170
vt 0.840664 0.672604
vt 0.837669 0.664658
vt 0.848794 0.662690
vt 0.874829 0.727775
vt 0.874890 0.727828
vt 0.854541 0.714850
vt 0.849124 0.714446
vt 0.849485 0.709883
vt 0.854662 0.710082
vt 0.852609 0.685452
vt 0.846213 0.686990
vt 0.843145 0.678536
vt 0.850984 0.676357
vt 0.854692 0.708787
vt 0.849687 0.708716
vt 0.849527 0.707560
vt 0.854706 0.707604
vt 0.848349 0.658422
vt 0.836239 0.659892
vt 0.835855 0.657077
vt 0.848159 0.656062
vt 0.836973 0.662647
vt 0.848582 0.660815
vt 0.853710 0.726299
vt 0.847252 0.725801
vt 0.847200 0.725041
vt 0.853752 0.725606
vt 0.845799 0.727732
vt 0.853022 0.728998
vt 0.854228 0.719497
vt 0.848481 0.718868
vt 0.860274 0.729412
vt 0.867522 0.729098
vt 0.845980 0.727688
vt 0.853884 0.723503
vt 0.847532 0.722834
vt 0.874683 0.727732
vt 0.847359 0.723665
vt 0.853828 0.724314
vt 0.859893 0.706180
vt 0.859957 0.707527
vt 0.860150 0.714897
vt 0.860169 0.719633
vt 0.860099 0.725903
vt 0.860088 0.726627
vt 0.859587 0.694539
vt 0.859832 0.704343
vt 0.859983 0.708694
vt 0.860005 0.710042
vt 0.860111 0.723742
vt 0.860105 0.724567
vt 0.859100 0.675527
vt 0.859285 0.684784
vt 0.870135 0.653685
vt 0.859061 0.653318
vt 0.859062 0.650882
vt 0.870250 0.651199
vt 0.859079 0.655652
vt 0.865834 0.714597
vt 0.865417 0.709802
vt 0.865173 0.705945
vt 0.865072 0.704088
vt 0.867169 0.675963
vt 0.859058 0.669351
vt 0.868170 0.669890
vt 0.869832 0.658424
vt 0.859101 0.657949
vt 0.870005 0.656075
vt 0.859087 0.648266
vt 0.859106 0.662066
vt 0.865332 0.708408
vt 0.865268 0.707271
vt 0.865185 0.694516
vt 0.865943 0.685002
vt 0.869366 0.662611
vt 0.859109 0.660263
vt 0.869596 0.660777
vt 0.870344 0.648500
vt 0.874814 0.677761
vt 0.877053 0.672086
vt 0.881721 0.660130
vt 0.882240 0.657371
vt 0.866549 0.723570
vt 0.866236 0.719350
vt 0.880156 0.664687
vt 0.880885 0.662772
vt 0.882376 0.654546
vt 0.882165 0.651716
vt 0.866710 0.726568
vt 0.866680 0.725810
vt 0.881670 0.648492
vt 0.873412 0.722884
vt 0.872320 0.718508
vt 0.870464 0.707983
vt 0.870562 0.706920
vt 0.873747 0.725328
vt 0.866602 0.724432
vt 0.873594 0.723800
vt 0.871408 0.713908
vt 0.870763 0.709307
vt 0.870542 0.694924
vt 0.872275 0.686103
vt 0.870489 0.705554
vt 0.873677 0.726145
vt 0.843039 0.678137
vt 0.850873 0.675976
vt 0.852472 0.685066
vt 0.846082 0.686581
vt 0.849327 0.705801
vt 0.854445 0.705889
vt 0.854457 0.707187
vt 0.849290 0.707108
vt 0.848824 0.713975
vt 0.854233 0.714424
vt 0.853876 0.719067
vt 0.848143 0.718389
vt 0.846813 0.724542
vt 0.853335 0.725165
vt 0.853283 0.725863
vt 0.846855 0.725263
vt 0.848438 0.695415
vt 0.853827 0.694587
vt 0.854440 0.704138
vt 0.849563 0.704163
vt 0.849439 0.708261
vt 0.854433 0.708369
vt 0.854393 0.709661
vt 0.849226 0.709421
vt 0.847162 0.722343
vt 0.853491 0.723067
vt 0.853426 0.723877
vt 0.846983 0.723171
vt 0.858985 0.652944
vt 0.847937 0.653308
vt 0.847857 0.650850
vt 0.858990 0.650504
vt 0.835781 0.653878
vt 0.848076 0.655689
vt 0.835781 0.656698
vt 0.859842 0.714518
vt 0.859734 0.709662
vt 0.859649 0.705802
vt 0.859599 0.703967
vt 0.858987 0.675165
vt 0.849788 0.669791
vt 0.858959 0.668988
vt 0.859020 0.657581
vt 0.848264 0.658049
vt 0.859001 0.655282
vt 0.836669 0.647939
vt 0.847824 0.648241
vt 0.836099 0.651102
vt 0.837590 0.664268
vt 0.848706 0.662313
vt 0.840571 0.672207
vt 0.859721 0.708314
vt 0.859703 0.707148
vt 0.859407 0.694171
vt 0.859145 0.684421
vt 0.859019 0.661701
vt 0.848496 0.660440
vt 0.859025 0.659896
vt 0.859017 0.647881
vt 0.836163 0.659510
vt 0.867056 0.675621
vt 0.868074 0.669546
vt 0.869760 0.658069
vt 0.869937 0.655718
vt 0.859727 0.723374
vt 0.859822 0.719258
vt 0.869286 0.662263
vt 0.869519 0.660425
vt 0.870072 0.653325
vt 0.870191 0.650837
vt 0.859672 0.726274
vt 0.859691 0.725546
vt 0.870290 0.648134
vt 0.866188 0.723248
vt 0.865901 0.719020
vt 0.865072 0.708064
vt 0.865015 0.706928
vt 0.866307 0.725494
vt 0.859713 0.724203
vt 0.866235 0.724113
vt 0.865531 0.714261
vt 0.865147 0.709460
vt 0.865004 0.694176
vt 0.865801 0.684662
vt 0.864929 0.705601
vt 0.866332 0.726261
vt 0.870360 0.694610
vt 0.872133 0.685787
vt 0.880086 0.664364
vt 0.880820 0.662446
vt 0.873369 0.725051
vt 0.873227 0.723523
vt 0.871114 0.713610
vt 0.870501 0.708999
vt 0.870248 0.705241
vt 0.864839 0.703744
vt 0.869908 0.703416
vt 0.874703 0.677444
vt 0.876961 0.671766
vt 0.882329 0.654209
vt 0.882122 0.651376
vt 0.873051 0.722606
vt 0.871992 0.718220
vt 0.870210 0.707672
vt 0.870314 0.706609
vt 0.881662 0.659801
vt 0.881633 0.648146
vt 0.873300 0.725829
vt 0.849019 0.714285
vt 0.854520 0.714722
vt 0.854213 0.719444
vt 0.848322 0.718794
vt 0.846982 0.725184
vt 0.853787 0.725698
vt 0.853748 0.726439
vt 0.847042 0.725971
vt 0.847317 0.722891
vt 0.853847 0.724369
vt 0.847143 0.723754
vt 0.837746 0.664499
vt 0.840731 0.672418
vt 0.848633 0.695604
vt 0.854678 0.704340
vt 0.849775 0.704376
vt 0.847999 0.767716
vt 0.854013 0.776169
vt 0.867101 0.765297
vt 0.873465 0.767630
vt 0.867885 0.775984
vt 0.864555 0.774253
vt 0.836825 0.648219
vt 0.847973 0.651116
vt 0.836257 0.651370
vt 0.836322 0.659751
vt 0.848386 0.658283
vt 0.837053 0.662496
vt 0.843203 0.678335
vt 0.852646 0.685240
vt 0.846259 0.686770
vt 0.849648 0.708501
vt 0.849432 0.709673
vt 0.835941 0.654136
vt 0.848055 0.653563
vt 0.848195 0.655933
vt 0.835941 0.656948
vt 0.849537 0.706024
vt 0.847999 0.767827
vt 0.853999 0.776303
vt 0.866888 0.765204
vt 0.873246 0.767534
vt 0.867674 0.775876
vt 0.864349 0.774150
vt 0.860615 0.764512
vt 0.860748 0.773633
vt 0.854306 0.765281
vt 0.857150 0.774305
vt 0.860272 0.723689
vt 0.859064 0.648160
vt 0.859045 0.650763
vt 0.859123 0.675328
vt 0.859984 0.707343
vt 0.854706 0.707409
vt 0.860194 0.714759
vt 0.847799 0.767752
vt 0.853811 0.776212
vt 0.859072 0.655513
vt 0.859073 0.669165
vt 0.859618 0.694326
vt 0.859860 0.704147
vt 0.860304 0.725881
vt 0.867029 0.765241
vt 0.873390 0.767572
vt 0.867816 0.775921
vt 0.864488 0.774193
vt 0.865968 0.684785
vt 0.869342 0.662423
vt 0.869566 0.660592
vt 0.866871 0.725621
vt 0.866766 0.724255
vt 0.865467 0.709622
vt 0.867179 0.675751
vt 0.868166 0.669687
vt 0.870191 0.651041
vt 0.854442 0.765314
vt 0.866699 0.723399
vt 0.866335 0.719189
vt 0.865380 0.708223
vt 0.866912 0.726352
vt 0.860304 0.726617
vt 0.869796 0.658244
vt 0.847932 0.767780
vt 0.853938 0.776251
vt 0.881660 0.659911
vt 0.860968 0.783442
vt 0.864544 0.774106
vt 0.861164 0.783388
vt 0.870620 0.706722
vt 0.870581 0.694707
vt 0.872301 0.685876
vt 0.880835 0.662549
vt 0.882294 0.654340
vt 0.882074 0.651519
vt 0.871467 0.713731
vt 0.870186 0.703526
vt 0.874819 0.677531
vt 0.867082 0.765161
vt 0.873439 0.767491
vt 0.867867 0.775831
vt 0.861098 0.783498
vt 0.843125 0.678379
vt 0.840646 0.672451
vt 0.836224 0.659749
vt 0.835841 0.656937
vt 0.848581 0.695667
vt 0.846191 0.686825
vt 0.836957 0.662502
vt 0.835841 0.654117
vt 0.836159 0.651342
vt 0.873743 0.725806
vt 0.873797 0.725041
vt 0.836729 0.648180
vt 0.847118 0.725211
vt 0.847268 0.723786
vt 0.849068 0.714344
vt 0.849521 0.706092
vt 0.849750 0.704441
vt 0.847436 0.722925
vt 0.848406 0.718839
vt 0.849651 0.708570
vt 0.849493 0.707410
vt 0.870138 0.703731
vt 0.836896 0.662260
vt 0.882187 0.657038
vt 0.849500 0.707340
vt 0.873449 0.722641
vt 0.872370 0.718318
vt 0.873637 0.723540
vt 0.847184 0.725996
vt 0.941304 0.209950
vt 0.922610 0.247254
vt 0.795889 0.247255
vt 0.777195 0.209950
vt 0.941547 0.210011
vt 0.922853 0.247316
vt 0.796132 0.247316
vt 0.777437 0.210011
vt 0.983950 0.163997
vt 0.974126 0.203689
vt 0.743318 0.203689
vt 0.733494 0.163997
vt 0.960455 0.173912
vt 0.941528 0.210157
vt 0.777418 0.210157
vt 0.758491 0.173911
vt 0.983787 0.163562
vt 0.973963 0.203255
vt 0.743155 0.203254
vt 0.733331 0.163562
vt 0.960232 0.173704
vt 0.758267 0.173704
vt 0.922833 0.247463
vt 0.796112 0.247462
vt 0.941366 0.209951
vt 0.922670 0.247256
vt 0.777256 0.209949
vt 0.740773 0.142104
vt 0.977726 0.142104
vt 0.741016 0.142165
vt 0.977967 0.142165
vt 0.960474 0.173765
vt 0.758510 0.173765
vt 0.977787 0.142104
vt 0.960294 0.173705
vt 0.740997 0.142312
vt 0.977948 0.142311
vt 0.725007 0.128416
vt 0.992112 0.128415
vt 0.725170 0.128850
vt 0.992274 0.128850
vt 0.724883 0.128638
vt 0.991987 0.128638
vt 0.983663 0.163785
vt 0.733207 0.163785
vt 0.983638 0.163785
vt 0.964218 0.243828
vt 0.752900 0.243827
vt 0.973839 0.203478
vt 0.964094 0.244051
vt 0.752776 0.244050
vt 0.743032 0.203477
vt 0.964382 0.244262
vt 0.753063 0.244262
vt 0.953935 0.312319
vt 0.763291 0.312319
vt 0.762816 0.312104
vt 0.953461 0.312105
vt 0.763497 0.312423
vt 0.954143 0.312423
vt 0.804443 0.313808
vt 0.909293 0.313807
vt 0.953562 0.312150
vt 0.762917 0.312150
vt 0.804254 0.313884
vt 0.909104 0.313883
vt 0.909199 0.313920
vt 0.735719 0.117143
vt 0.982006 0.117149
vt 0.721274 0.116965
vt 0.995718 0.116966
vt 0.995908 0.116965
vt 0.721466 0.116965
vt 0.995734 0.116786
vt 0.721289 0.116787
vt 0.905516 0.280978
vt 0.812985 0.280979
vt 0.905758 0.281040
vt 0.813227 0.281040
vt 0.905574 0.280980
vt 0.905738 0.281186
vt 0.813208 0.281186
vt 0.956702 0.280883
vt 0.760415 0.280882
vt 0.956866 0.281317
vt 0.760579 0.281317
vt 0.956579 0.281106
vt 0.760292 0.281105
vt 0.846211 0.625418
vt 0.840309 0.579724
vt 0.875254 0.579726
vt 0.869343 0.625420
vt 0.832069 0.580459
vt 0.885274 0.580459
vt 0.842247 0.625405
vt 0.832016 0.580477
vt 0.885222 0.580494
vt 0.807075 0.429045
vt 0.908384 0.429045
vt 0.896027 0.478953
vt 0.819432 0.478954
vt 0.806972 0.428874
vt 0.908281 0.428874
vt 0.895925 0.478783
vt 0.819329 0.478783
vt 0.908382 0.428825
vt 0.896027 0.478733
vt 0.819431 0.478733
vt 0.807076 0.428825
vt 0.807131 0.429080
vt 0.908440 0.429080
vt 0.896083 0.478990
vt 0.819486 0.478989
vt 0.778272 0.435958
vt 0.939063 0.436013
vt 0.919226 0.483448
vt 0.798076 0.483406
vt 0.901152 0.529968
vt 0.816191 0.529968
vt 0.901116 0.530016
vt 0.884907 0.527446
vt 0.875203 0.579470
vt 0.840255 0.579472
vt 0.830550 0.527446
vt 0.884804 0.527496
vt 0.875099 0.579518
vt 0.840153 0.579519
vt 0.830449 0.527495
vt 0.796042 0.387530
vt 0.919417 0.387530
vt 0.795940 0.387359
vt 0.919314 0.387359
vt 0.919414 0.387311
vt 0.796043 0.387311
vt 0.796098 0.387564
vt 0.919473 0.387565
vt 0.760540 0.396834
vt 0.956822 0.396901
vt 0.956815 0.396834
vt 0.760526 0.396876
vt 0.830606 0.527701
vt 0.884961 0.527703
vt 0.884907 0.527666
vt 0.875203 0.579689
vt 0.846060 0.625216
vt 0.869193 0.625216
vt 0.846165 0.625171
vt 0.869298 0.625170
vt 0.983206 0.105466
vt 0.734935 0.105473
vt 0.734696 0.111024
vt 0.983445 0.111019
vt 0.734717 0.105360
vt 0.982988 0.105366
vt 0.983227 0.110917
vt 0.734479 0.110912
vt 0.734850 0.105380
vt 0.734612 0.110931
vt 0.983347 0.110926
vt 0.983108 0.105374
vt 0.734727 0.105229
vt 0.982998 0.105236
vt 0.983236 0.110788
vt 0.734489 0.110782
vt 0.997013 0.105069
vt 0.720360 0.105069
vt 0.720095 0.110625
vt 0.997279 0.110625
vt 0.720138 0.104890
vt 0.996796 0.104890
vt 0.997061 0.110446
vt 0.719872 0.110446
vt 0.720169 0.105069
vt 0.996824 0.105071
vt 0.997089 0.110627
vt 0.719903 0.110626
vt 0.720183 0.104892
vt 0.735927 0.117385
vt 0.982214 0.117380
vt 0.981996 0.117279
vt 0.735709 0.117274
vt 0.735842 0.117292
vt 0.982116 0.117286
vt 0.721243 0.116785
vt 0.966511 0.369725
vt 0.965309 0.378213
vt 0.752260 0.378214
vt 0.751057 0.369725
vt 0.966660 0.369964
vt 0.965457 0.378452
vt 0.752407 0.378452
vt 0.751205 0.369963
vt 0.789522 0.368361
vt 0.790322 0.359780
vt 0.924145 0.359780
vt 0.924945 0.368361
vt 0.752477 0.361439
vt 0.965388 0.361439
vt 0.924189 0.376901
vt 0.790278 0.376900
vt 0.789367 0.368483
vt 0.790166 0.359902
vt 0.923989 0.359902
vt 0.924788 0.368484
vt 0.925250 0.368470
vt 0.924494 0.377009
vt 0.790584 0.377009
vt 0.789828 0.368470
vt 0.789640 0.368314
vt 0.790440 0.359732
vt 0.924263 0.359732
vt 0.925062 0.368313
vt 0.923024 0.382474
vt 0.791443 0.382474
vt 0.790396 0.376853
vt 0.924307 0.376853
vt 0.923142 0.382426
vt 0.791561 0.382427
vt 0.924032 0.377023
vt 0.922867 0.382597
vt 0.791287 0.382596
vt 0.790122 0.377022
vt 0.923329 0.382583
vt 0.791749 0.382583
vt 0.752376 0.378234
vt 0.965427 0.378235
vt 0.963573 0.383620
vt 0.754230 0.383618
vt 0.752049 0.377854
vt 0.965100 0.377854
vt 0.963246 0.383238
vt 0.753902 0.383239
vt 0.963455 0.383597
vt 0.754114 0.383598
vt 0.963603 0.383836
vt 0.754261 0.383836
vt 0.752329 0.361201
vt 0.965240 0.361201
vt 0.966303 0.369366
vt 0.750846 0.369367
vt 0.966630 0.369746
vt 0.751174 0.369747
vt 0.752446 0.361222
vt 0.965358 0.361222
vt 0.752118 0.360842
vt 0.965031 0.360842
vt 0.790628 0.359888
vt 0.924451 0.359888
vt 0.749679 0.050240
vt 0.969022 0.050239
vt 0.973442 0.065911
vt 0.745259 0.065911
vt 0.749621 0.049908
vt 0.968964 0.049908
vt 0.973384 0.065579
vt 0.745201 0.065579
vt 0.725427 0.018928
vt 0.991652 0.018928
vt 0.989428 0.033622
vt 0.727652 0.033622
vt 0.754977 0.020252
vt 0.963609 0.020252
vt 0.965588 0.034982
vt 0.752997 0.034981
vt 0.725641 0.019218
vt 0.991868 0.019217
vt 0.989644 0.033911
vt 0.727866 0.033912
vt 0.755035 0.020584
vt 0.963666 0.020583
vt 0.965647 0.035313
vt 0.753055 0.035313
vt 0.728141 0.048918
vt 0.988938 0.048918
vt 0.989686 0.065184
vt 0.727394 0.065184
vt 0.728355 0.049364
vt 0.989152 0.049364
vt 0.989900 0.065630
vt 0.727608 0.065630
vt 0.728217 0.048918
vt 0.989015 0.048918
vt 0.989762 0.065184
vt 0.727470 0.065184
vt 0.725641 0.019374
vt 0.991866 0.019375
vt 0.989642 0.034069
vt 0.727866 0.034068
vt 0.963602 0.020552
vt 0.752990 0.035281
vt 0.749615 0.050207
vt 0.745194 0.065879
vt 0.989504 0.033623
vt 0.728355 0.049207
vt 0.989154 0.049207
vt 0.989901 0.065473
vt 0.727608 0.065473
vt 0.963602 0.020236
vt 0.754969 0.020236
vt 0.979115 0.082999
vt 0.739587 0.082999
vt 0.992070 0.083504
vt 0.725437 0.083504
vt 0.979050 0.082652
vt 0.739522 0.082652
vt 0.725503 0.018928
vt 0.979056 0.082668
vt 0.992072 0.083347
vt 0.725437 0.083347
vt 0.979050 0.082968
vt 0.739522 0.082968
vt 0.991933 0.083058
vt 0.725299 0.083058
vt 0.725223 0.083058
usemtl Exterior_Mat
s off
f 6683/7237 6615/7238 6226/7239 6221/7240
f 6660/7241 6614/7242 6224/7243 6227/7244
f 6674/7245 6220/7246 6223/7247 6682/7248
f 6675/7249 6678/7250 6222/7251 6225/7252
f 6674/7253 6683/7254 6221/7255 6220/7256
f 6614/7257 6675/7258 6225/7259 6224/7260
f 6615/7257 6660/7258 6227/7259 6226/7260
f 6678/7261 6682/7262 6223/7263 6222/7264
f 6264/7265 6260/7266 6250/7267 6245/7268
f 6265/7269 6261/7270 6248/7271 6251/7272
f 6266/7273 6244/7271 6247/7272 6262/7274
f 6267/7275 6263/7276 6246/7277 6249/7278
f 6266/7279 6264/7280 6245/7281 6244/7282
f 6261/7283 6267/7284 6249/7285 6248/7286
f 6260/7287 6265/7288 6251/7289 6250/7290
f 6263/7291 6262/7292 6247/7293 6246/7294
f 6237/7295 6242/7296 6253/7297 6252/7298
f 6243/7299 6240/7300 6255/7301 6254/7302
f 6236/7303 6256/7304 6257/7305 6239/7306
f 6241/7307 6238/7308 6259/7309 6258/7310
f 6236/7311 6237/7312 6252/7313 6256/7314
f 6240/7315 6241/7316 6258/7317 6255/7318
f 6242/7319 6243/7320 6254/7321 6253/7322
f 6238/7323 6239/7324 6257/7325 6259/7326
f 6199/7327 6201/7328 6260/7266 6264/7265
f 6198/7329 6200/7330 6261/7270 6265/7269
f 6203/7330 6266/7273 6262/7274 6196/7329
f 6202/7331 6197/7332 6263/7276 6267/7275
f 6203/7333 6199/7334 6264/7280 6266/7279
f 6200/7335 6202/7336 6267/7284 6261/7283
f 6201/7337 6198/7338 6265/7288 6260/7287
f 6197/7339 6196/7340 6262/7292 6263/7291
f 6440/7341 6436/7342 6274/7343 6269/7344
f 6441/7345 6437/7346 6272/7347 6275/7348
f 6442/7349 6268/7350 6271/7351 6438/7352
f 6443/7353 6439/7354 6270/7355 6273/7356
f 6442/7357 6440/7358 6269/7359 6268/7360
f 6437/7361 6443/7362 6273/7363 6272/7364
f 6436/7365 6441/7366 6275/7367 6274/7368
f 6439/7369 6438/7370 6271/7371 6270/7372
f 6221/7373 6226/7374 6344/7375 6340/7376
f 6227/7377 6224/7378 6345/7379 6341/7380
f 6220/7381 6342/7382 6346/7383 6223/7384
f 6225/7385 6222/7386 6347/7387 6343/7388
f 6220/7389 6221/7390 6340/7391 6342/7392
f 6224/7393 6225/7394 6343/7395 6345/7396
f 6226/7397 6227/7398 6341/7399 6344/7400
f 6222/7394 6223/7393 6346/7396 6347/7401
f 6229/7402 6234/7403 6349/7404 6348/7405
f 6235/7406 6232/7407 6351/7408 6350/7409
f 6228/7410 6352/7411 6353/7412 6231/7413
f 6233/7414 6230/7415 6355/7416 6354/7417
f 6228/7418 6229/7419 6348/7420 6352/7421
f 6232/7422 6233/7423 6354/7424 6351/7425
f 6234/7426 6235/7427 6350/7428 6349/7429
f 6230/7423 6231/7422 6353/7430 6355/7424
f 6392/7431 6388/7432 6362/7433 6357/7434
f 6393/7435 6389/7436 6360/7437 6363/7438
f 6394/7431 6390/7432 6356/7439 6359/7440
f 6395/7431 6391/7432 6358/7433 6361/7434
f 6390/7441 6392/7442 6357/7443 6356/7444
f 6389/7445 6395/7446 6361/7447 6360/7448
f 6388/7449 6393/7450 6363/7451 6362/7452
f 6391/7453 6394/7454 6359/7443 6358/7452
f 6357/7434 6362/7433 6370/7455 6365/7456
f 6363/7438 6360/7437 6368/7457 6371/7458
f 6359/7440 6356/7439 6364/7455 6367/7456
f 6361/7434 6358/7433 6366/7455 6369/7456
f 6356/7444 6357/7443 6365/7459 6364/7460
f 6360/7448 6361/7447 6369/7459 6368/7461
f 6362/7452 6363/7451 6371/7462 6370/7463
f 6358/7452 6359/7443 6367/7459 6366/7460
f 6365/7464 6370/7465 6378/7466 6373/7467
f 6371/7468 6368/7469 6376/7470 6379/7471
f 6367/7472 6364/7473 6372/7474 6375/7475
f 6369/7476 6366/7477 6374/7478 6377/7479
f 6364/7480 6365/7481 6373/7482 6372/7483
f 6368/7482 6369/7484 6377/7485 6376/7481
f 6370/7482 6371/7483 6379/7480 6378/7481
f 6366/7480 6367/7481 6375/7482 6374/7483
f 6383/7486 6395/7446 6389/7445 6385/7487
f 6380/7488 6392/7442 6390/7441 6386/7489
f 6381/7490 6393/7450 6388/7449 6384/7491
f 6382/7486 6394/7454 6391/7453 6387/7492
f 6277/7493 6282/7494 6384/7495 6380/7496
f 6283/7497 6280/7498 6385/7499 6381/7500
f 6279/7501 6276/7502 6386/7503 6382/7504
f 6281/7493 6278/7494 6387/7495 6383/7496
f 6276/7505 6277/7482 6380/7488 6386/7489
f 6280/7506 6281/7507 6383/7486 6385/7487
f 6282/7508 6283/7509 6381/7490 6384/7491
f 6278/7483 6279/7482 6382/7486 6387/7492
f 6385/7499 6389/7436 6393/7435 6381/7500
f 6386/7503 6390/7432 6394/7431 6382/7504
f 6384/7495 6388/7432 6392/7431 6380/7496
f 6387/7495 6391/7432 6395/7431 6383/7496
f 6244/7510 6430/7511 6434/7512 6247/7513
f 6248/7514 6433/7515 6429/7516 6251/7517
f 6251/7518 6429/7519 6432/7520 6250/7521
f 6246/7522 6435/7523 6431/7524 6249/7525
f 6247/7526 6434/7527 6435/7528 6246/7529
f 6250/7530 6432/7531 6428/7532 6245/7533
f 6245/7534 6428/7535 6430/7536 6244/7537
f 6249/7538 6431/7539 6433/7540 6248/7541
f 6453/7542 6461/7543 6460/7544 6452/7545
f 6450/7546 6452/7547 6455/7548 6449/7549
f 6449/7550 6455/7542 6454/7545 6448/7551
f 6448/7552 6454/7553 6457/7554 6445/7555
f 6447/7556 6459/7557 6458/7558 6446/7559
f 6459/7557 6467/7560 6466/7561 6458/7558
f 6455/7542 6463/7562 6462/7563 6454/7545
f 6463/7564 6471/7565 6470/7566 6462/7567
f 6467/7568 6475/7569 6474/7570 6466/7571
f 6462/7572 6470/7573 6473/7574 6465/7575
f 6475/7569 6483/7576 6482/7577 6474/7570
f 6469/7578 6477/7579 6476/7580 6468/7581
f 6471/7565 6479/7582 6478/7583 6470/7566
f 6457/7584 6465/7585 6464/7586 6456/7587
f 6482/7577 6483/7576 6485/7588 6484/7589
f 6486/7590 6489/7591 6479/7592 6476/7593
f 6478/7583 6479/7582 6489/7594 6488/7595
f 6473/7596 6481/7583 6480/7597 6472/7598
f 6488/7599 6491/7600 6481/7601 6478/7602
f 6484/7589 6485/7588 6493/7603 6492/7604
f 6488/7595 6489/7594 6497/7605 6496/7606
f 6487/7607 6484/7608 6492/7609 6495/7610
f 6489/7591 6486/7590 6494/7611 6497/7612
f 6490/7589 6491/7613 6499/7614 6498/7615
f 6492/7609 6506/7616 6501/7617 6495/7610
f 6461/7618 6469/7578 6468/7581 6460/7619
f 6476/7580 6477/7579 6487/7620 6486/7595
f 6494/7611 6500/7621 6503/7622 6497/7612
f 6497/7605 6503/7623 6502/7624 6496/7606
f 6480/7597 6481/7583 6491/7613 6490/7589
f 6464/7625 6472/7626 6475/7627 6467/7628
f 6607/7629 6597/7630 6665/7631 6667/7632
f 6483/7633 6480/7634 6490/7635 6485/7636
f 6493/7603 6507/7637 6506/7638 6492/7604
f 6502/7639 6503/7640 6511/7641 6510/7642
f 6495/7643 6501/7640 6500/7624 6494/7614
f 6571/7644 6585/7645 6604/7646 6595/7647
f 6551/7648 6552/7649 6525/7650 6532/7651
f 6506/7652 6507/7653 6515/7654 6514/7655
f 6501/7656 6506/7657 6514/7658 6509/7659
f 6508/7660 6509/7661 6517/7662 6516/7663
f 6499/7614 6505/7624 6504/7664 6498/7615
f 6513/7665 6510/7666 6518/7667 6521/7668
f 6514/7655 6515/7654 6523/7669 6522/7670
f 6512/7671 6513/7672 6521/7673 6520/7674
f 6510/7642 6511/7641 6519/7675 6518/7676
f 6515/7677 6512/7678 6520/7679 6523/7680
f 6509/7659 6514/7658 6522/7681 6517/7682
f 6522/7670 6523/7669 6533/7683 6532/7684
f 6518/7676 6519/7675 6529/7685 6528/7686
f 6555/7687 6556/7688 6531/7689 6528/7690
f 6516/7663 6517/7662 6525/7691 6524/7692
f 6500/7693 6501/7694 6509/7661 6508/7660
f 6528/7695 6545/7696 6555/7697
f 6511/7698 6508/7699 6516/7700 6519/7701
f 6528/7686 6529/7685 6546/7702 6545/7703
f 6504/7704 6505/7705 6513/7672 6512/7671
f 6558/7706 6550/7707 6533/7708
f 6532/7709 6549/7710 6551/7711
f 6532/7684 6533/7683 6550/7712 6549/7713
f 6524/7714 6534/7715 6553/7716
f 6519/7701 6516/7700 6524/7717 6529/7718
f 6556/7719 6548/7720 6531/7721
f 6560/7722 6559/7723 6576/7724 6581/7725
f 6552/7726 6535/7727 6525/7728
f 6517/7682 6522/7681 6532/7651 6525/7650
f 6530/7729 6547/7730 6557/7731
f 6559/7732 6579/7733 6602/7734 6576/7735
f 6534/7736 6535/7737 6559/7723 6560/7722
f 6545/7738 6546/7739 6571/7740 6570/7741
f 6547/7742 6548/7743 6573/7744 6572/7745
f 6549/7746 6550/7747 6575/7748 6574/7749
f 6535/7750 6552/7751 6579/7733 6559/7732
f 6553/7752 6534/7753 6560/7754 6582/7755
f 6577/7756 6579/7757 6552/7758 6551/7759
f 6546/7760 6554/7761 6585/7645 6571/7644
f 6456/7547 6464/7762 6467/7763 6459/7548
f 6555/7764 6545/7765 6570/7766 6588/7767
f 6582/7768 6585/7769 6554/7770 6553/7771
f 6593/7772 6595/7773 6663/7774 6662/7775
f 6548/7776 6556/7777 6591/7778 6573/7779
f 6588/7780 6591/7781 6556/7782 6555/7783
f 6574/7749 6575/7748 6600/7784 6599/7785
f 6551/7786 6549/7787 6574/7788 6577/7789
f 6557/7790 6547/7791 6572/7792 6594/7793
f 6594/7794 6596/7795 6558/7796 6557/7797
f 6579/7757 6577/7756 6601/7798 6602/7799
f 6570/7741 6571/7740 6595/7800 6593/7801
f 6585/7769 6582/7768 6603/7802 6604/7803
f 6575/7804 6596/7805 6608/7806 6600/7807
f 6573/7779 6591/7778 6606/7808 6598/7809
f 6672/7810 6592/7811 6682/7262 6678/7261
f 6460/7812 6468/7813 6471/7814 6463/7815
f 6591/7781 6588/7780 6605/7816 6606/7817
f 6581/7772 6576/7773 6668/7818 6659/7819
f 6580/7820 6590/7821 6660/7258 6615/7257
f 6595/7822 6604/7823 6664/7824 6663/7825
f 6594/7793 6572/7792 6597/7826 6607/7827
f 6582/7755 6560/7754 6581/7828 6603/7829
f 6577/7789 6574/7788 6599/7830 6601/7831
f 6588/7767 6570/7766 6593/7832 6605/7833
f 6596/7795 6594/7794 6607/7834 6608/7835
f 6524/7692 6525/7691 6535/7836 6534/7837
f 6572/7745 6573/7744 6598/7838 6597/7839
f 6583/7840 6673/7821 6675/7258 6614/7257
f 6666/7841 6667/7842 6632/7843 6633/7844
f 6668/7845 6669/7846 6627/7847 6609/7848
f 6578/7849 6580/7850 6615/7238 6683/7237
f 6670/7841 6671/7842 6630/7843 6631/7851
f 6636/7852 6644/7853 6613/7854 6611/7855
f 6452/7547 6460/7856 6463/7857 6455/7548
f 6219/7858 6216/7859 6640/7860 6641/7861
f 6676/7862 6677/7863 6625/7864 6624/7865
f 6213/7866 6218/7867 6642/7868 6643/7869
f 6679/7870 6578/7871 6683/7254 6674/7253
f 6680/7872 6659/7873 6612/7874 6628/7875
f 6673/7876 6672/7877 6678/7250 6675/7249
f 6671/7878 6662/7873 6620/7874 6630/7875
f 6679/7879 6674/7245 6682/7248 6592/7880
f 6681/7881 6676/7882 6624/7883 6626/7884
f 6664/7885 6680/7886 6628/7887 6629/7888
f 6645/7889 6214/7890 6655/7891
f 6454/7553 6462/7892 6465/7893 6457/7554
f 6554/7894 6546/7895 6529/7896
f 6669/7897 6681/7898 6626/7899 6627/7900
f 6661/7901 6670/7902 6631/7884 6623/7883
f 6590/7903 6583/7904 6614/7242 6660/7241
f 6626/7884 6624/7883 6649/7905 6651/7906
f 6218/7907 6219/7908 6641/7909 6642/7910
f 6629/7888 6628/7887 6653/7911 6654/7912
f 6216/7913 6217/7914 6638/7915 6640/7916
f 6212/7917 6213/7918 6643/7919 6639/7920
f 6217/7921 6214/7922 6636/7923 6638/7924
f 6642/7910 6641/7909 6617/7925 6635/7926
f 6627/7900 6626/7899 6651/7927 6652/7928
f 6647/7929 6216/7930 6657/7931
f 6632/7932 6622/7933 6647/7934 6657/7935
f 6630/7875 6620/7874 6645/7936 6655/7937
f 6640/7916 6638/7915 6610/7938 6619/7939
f 6648/7940 6656/7941 6217/7942
f 6639/7920 6643/7919 6616/7943 6618/7944
f 6621/7874 6629/7875 6654/7937 6646/7936
f 6212/7945 6639/7946 6644/7947 6215/7948
f 6633/7844 6632/7843 6657/7949 6658/7950
f 6214/7890 6645/7889 6646/7951 6215/7952
f 6667/7953 6665/7954 6622/7933 6632/7932
f 6638/7924 6636/7923 6611/7955 6610/7956
f 6609/7848 6627/7847 6652/7957 6634/7958
f 6631/7851 6630/7843 6655/7959 6656/7950
f 6444/7546 6456/7547 6459/7548 6447/7549
f 6639/7946 6618/7960 6613/7961 6644/7947
f 6624/7865 6625/7864 6650/7962 6649/7963
f 6646/7951 6654/7964 6215/7952
f 6641/7861 6640/7860 6619/7965 6617/7966
f 6653/7934 6637/7967 6212/7968
f 6659/7862 6668/7969 6609/7864 6612/7865
f 6623/7883 6631/7884 6656/7906 6648/7905
f 6620/7970 6621/7971 6646/7972 6645/7963
f 6662/7973 6663/7974 6621/7971 6620/7970
f 6608/7975 6607/7976 6667/7977 6666/7978
f 6576/7979 6602/7980 6669/7981 6668/7982
f 6643/7869 6642/7868 6635/7983 6616/7984
f 6606/7985 6605/7986 6671/7987 6670/7988
f 6215/7989 6654/7912 6653/7990 6212/7991
f 6553/7992 6554/7993 6529/7718 6524/7717
f 6628/7875 6612/7874 6637/7936 6653/7937
f 6599/7773 6600/7772 6677/7819 6676/7818
f 6605/7994 6593/7995 6662/7996 6671/7997
f 6214/7998 6215/7999 6644/7853 6636/7852
f 6603/8000 6581/8001 6659/8002 6680/8003
f 6212/7968 6637/7967 6634/8004 6213/8005
f 6597/8006 6598/7838 6661/8007 6665/8008
f 6601/8009 6599/8010 6676/8011 6681/8012
f 6470/7573 6478/7602 6481/7601 6473/7574
f 6612/7865 6609/7864 6634/7962 6637/7963
f 6469/8013 6474/8014 6482/8015 6477/8016
f 6604/8017 6603/8018 6680/8019 6664/8020
f 6663/7873 6664/7872 6629/7875 6621/7874
f 6503/8021 6500/8022 6508/7699 6511/7698
f 6652/8023 6213/8005 6634/8004
f 6602/8024 6601/8025 6681/8026 6669/8027
f 6507/8028 6504/8029 6512/7678 6515/7677
f 6598/8030 6606/8031 6670/8032 6661/8033
f 6468/7813 6476/7593 6479/7592 6471/7814
f 6530/8034 6531/8035 6548/8036 6547/8037
f 6491/7600 6488/7599 6496/8038 6499/8039
f 6217/8040 6656/8041 6655/7959 6214/8042
f 6521/7668 6518/7667 6528/7690 6531/7689
f 6486/7595 6487/7620 6495/7643 6494/7614
f 6451/7550 6453/7542 6452/7545 6450/7551
f 6465/8043 6473/7596 6472/7598 6464/8044
f 6445/8045 6457/7584 6456/7587 6444/8046
f 6622/8047 6623/8048 6648/8049 6647/8050
f 6453/7548 6458/8051 6466/8052 6461/7857
f 6213/8053 6652/8054 6651/7934 6218/7968
f 6520/7674 6521/7673 6531/8035 6530/8034
f 6472/7626 6480/7634 6483/7633 6475/7627
f 6219/7952 6658/8055 6657/8056 6216/8057
f 6218/7968 6649/7967 6650/8058 6219/8059
f 6216/7930 6647/7929 6648/7940 6217/7942
f 6665/8060 6661/7974 6623/8048 6622/8047
f 6649/7967 6218/7968 6651/8061
f 6451/7549 6446/8062 6458/8051 6453/7548
f 6484/7608 6487/7607 6477/8016 6482/8015
f 6461/8063 6466/8064 6474/8014 6469/8013
f 6496/8038 6502/8065 6505/8066 6499/8039
f 6505/8067 6502/8068 6510/7666 6513/7665
f 6485/7636 6490/7635 6498/8069 6493/8070
f 6557/8071 6558/8072 6533/8073 6530/8074
f 6523/7680 6520/7679 6530/8074 6533/8073
f 6498/8069 6504/8075 6507/8076 6493/8070
f 6550/8077 6558/8078 6596/7805 6575/7804
f 6625/7933 6633/7932 6658/7935 6650/7934
f 6650/8058 6658/8055 6219/8059
f 6600/8079 6608/8000 6666/8080 6677/8081
f 6677/7954 6666/7953 6633/7932 6625/7933
s 1
f 6169/8082 6163/8083 6162/8084 6168/8085
f 6145/8086 6146/8087 6140/8088 6139/8089
f 6121/8090 6122/8087 6116/8091 6115/8092
f 6166/8093 6160/8094 6155/8095
f 6090/8096 6096/8097 6097/8098 6091/8099
f 6142/8100 6136/8101 6135/8102 6141/8103
f 6161/8104 6167/8105 6168/8085 6162/8084
f 6136/8101 6142/8100 6143/8106 6137/8107
f 6090/8096 6084/8108 6083/8109 6089/8110
f 5832/8111 5839/8112 5840/8113 5833/8114
f 6138/8115 6132/8116 6131/8117 6137/8107
f 5976/8118 5977/8119 5993/8120 5992/8121
f 6132/8116 6126/8122 6125/8123 6131/8117
f 6072/8124 6073/8125 6140/8126 6146/8127
f 5864/8128 5865/8129 5945/8130 5944/8131
f 5960/8132 5961/8133 5977/8119 5976/8118
f 6102/8134 6096/8097 6095/8135 6101/8136
f 6078/8137 6169/8082 6168/8085 6077/8138
f 6008/8139 6009/8140 6025/8141 6024/8142
f 6114/8143 6108/8144 6107/8145 6113/8084
f 5835/8146 5842/8147 5843/8148 5836/8149
f 5944/8131 5945/8130 5961/8133 5960/8132
f 5909/8150 5902/8151 5865/8129 5864/8128
f 5915/8152 5924/8153 5892/8154 5883/8155
f 6126/8156 6120/8157 6119/8158 6125/8159
f 5834/8160 5841/8161 5842/8147 5835/8146
f 6084/8108 6078/8162 6077/8163 6083/8109
f 5867/8164 5873/8165 5902/8151 5909/8150
f 6120/8157 6114/8143 6113/8084 6119/8158
f 6108/8144 6102/8166 6101/8167 6107/8145
f 6056/8168 6057/8169 6073/8125 6072/8124
f 5833/8114 5840/8113 5924/8153 5915/8152
f 6040/8170 6041/8171 6057/8169 6056/8168
f 6024/8142 6025/8141 6041/8171 6040/8170
f 5831/8172 5838/8173 5839/8112 5832/8111
f 5830/8174 5837/8175 5838/8173 5831/8172
f 5836/8149 5843/8148 5837/8175 5830/8174
f 5883/8155 5892/8154 5873/8165 5867/8164
f 5992/8121 5993/8120 6009/8140 6008/8139
f 6096/8097 6090/8096 6089/8110 6095/8135
f 6150/8176 6144/8177 6143/8106 6149/8178
f 6026/8179 6025/8141 6009/8140 6010/8180
f 5846/8181 5839/8112 5838/8173 5845/8182
f 5844/8183 5837/8175 5843/8148 5850/8184
f 6144/8177 6150/8176 6151/8185 6145/8086
f 5914/8186 5902/8151 5873/8165 5882/8187
f 6042/8188 6041/8171 6025/8141 6026/8179
f 5866/8189 5865/8129 5902/8151 5914/8186
f 5946/8190 5945/8130 5865/8129 5866/8189
f 6134/8191 6140/8126 6073/8125 6074/8192
f 6058/8193 6057/8169 6041/8171 6042/8188
f 5845/8182 5838/8173 5837/8175 5844/8183
f 5849/8194 5842/8147 5841/8161 5848/8195
f 6010/8180 6009/8140 5993/8120 5994/8196
f 5920/8197 5924/8153 5840/8113 5847/8198
f 6169/8082 6078/8137 6079/8199 6170/8200
f 6074/8192 6073/8125 6057/8169 6058/8193
f 6163/8083 6157/8201 6156/8202 6162/8084
f 6144/8177 6138/8115 6137/8107 6143/8106
f 5882/8187 5873/8165 5892/8154 5888/8203
f 6084/8108 6090/8096 6091/8099 6085/8204
f 5850/8184 5843/8148 5842/8147 5849/8194
f 6157/8201 6150/8205 6149/8206 6156/8202
f 5888/8203 5892/8154 5924/8153 5920/8197
f 5847/8198 5840/8113 5839/8112 5846/8181
f 5962/8207 5961/8133 5945/8130 5946/8190
f 6150/8205 6157/8201 6158/8208 6151/8209
f 5978/8210 5977/8119 5961/8133 5962/8207
f 5994/8196 5993/8120 5977/8119 5978/8210
f 6157/8201 6163/8083 6164/8211 6158/8208
f 6163/8083 6169/8082 6170/8200 6164/8211
f 6078/8162 6084/8108 6085/8204 6079/8212
f 5845/8182 5740/8213 5741/8214 5846/8181
f 5844/8183 5739/8215 5740/8213 5845/8182
f 5850/8184 5745/8216 5739/8215 5844/8183
f 5888/8203 5897/8217 5878/8218 5882/8187
f 5994/8196 5979/8219 5995/8220 6010/8180
f 6132/8116 6138/8115 6139/8089 6133/8221
f 6139/8089 6140/8088 6134/8222 6133/8221
f 5846/8181 5741/8214 5742/8223 5847/8198
f 6096/8097 6102/8134 6103/8224 6097/8098
f 5978/8210 5963/8225 5979/8219 5994/8196
f 6102/8166 6108/8144 6109/8226 6103/8227
f 6074/8192 6059/8228 6128/8229 6134/8191
f 5866/8189 5851/8230 5931/8231 5946/8190
f 5962/8207 5947/8232 5963/8225 5978/8210
f 6138/8115 6144/8177 6145/8086 6139/8089
f 6127/8233 6128/8234 6122/8087 6121/8090
f 6010/8180 5995/8220 6011/8235 6026/8179
f 6120/8157 6126/8156 6127/8233 6121/8090
f 5849/8194 5744/8236 5745/8216 5850/8184
f 5946/8190 5931/8231 5947/8232 5962/8207
f 5914/8186 5907/8237 5851/8230 5866/8189
f 5920/8197 5929/8238 5897/8217 5888/8203
f 6108/8144 6114/8143 6115/8092 6109/8226
f 5848/8195 5743/8239 5744/8236 5849/8194
f 6133/8221 6134/8222 6128/8240 6127/8241
f 5882/8187 5878/8218 5907/8237 5914/8186
f 6114/8143 6120/8157 6121/8090 6115/8092
f 6126/8122 6132/8116 6133/8221 6127/8241
f 6058/8193 6043/8242 6059/8228 6074/8192
f 5847/8198 5742/8223 5929/8238 5920/8197
f 6042/8188 6027/8243 6043/8242 6058/8193
f 6026/8179 6011/8235 6027/8243 6042/8188
f 5752/8244 5745/8245 5744/8246 5751/8247
f 5852/8248 5851/8249 5907/8250 5911/8251
f 5932/8252 5931/8253 5851/8249 5852/8248
f 6164/8211 6165/8254 6159/8255 6158/8208
f 6079/8199 6080/8234 6171/8256 6170/8200
f 6170/8200 6171/8256 6165/8254 6164/8211
f 5751/8247 5744/8246 5743/8257 5750/8258
f 5917/8259 5929/8260 5742/8261 5749/8262
f 6115/8092 6116/8091 6110/8222 6109/8226
f 6109/8226 6110/8222 6104/8263 6103/8227
f 6158/8208 6159/8255 6152/8264 6151/8209
f 5996/8265 5995/8266 5979/8267 5980/8268
f 5872/8269 5878/8270 5897/8271 5885/8272
f 5964/8273 5963/8274 5947/8275 5948/8276
f 5980/8268 5979/8267 5963/8274 5964/8273
f 5747/8277 5740/8278 5739/8279 5746/8280
f 5749/8262 5742/8261 5741/8281 5748/8282
f 6122/8283 6128/8284 6059/8285 6060/8286
f 6103/8224 6104/8287 6098/8288 6097/8098
f 5911/8251 5907/8250 5878/8270 5872/8269
f 6012/8289 6011/8290 5995/8266 5996/8265
f 6091/8099 6092/8291 6086/8292 6085/8204
f 5885/8272 5897/8271 5929/8260 5917/8259
f 5748/8282 5741/8281 5740/8278 5747/8277
f 6151/8185 6152/8293 6146/8087 6145/8086
f 6028/8294 6027/8295 6011/8290 6012/8289
f 6085/8204 6086/8292 6080/8296 6079/8212
f 6097/8098 6098/8288 6092/8291 6091/8099
f 5746/8280 5739/8279 5745/8245 5752/8244
f 6060/8286 6059/8285 6043/8297 6044/8298
f 6044/8298 6043/8297 6027/8295 6028/8294
f 5948/8276 5947/8275 5931/8253 5932/8252
f 5932/8252 5933/8299 5949/8300 5948/8276
f 5996/8265 5997/8301 6013/8302 6012/8289
f 6060/8286 6061/8303 6116/8304 6122/8283
f 5911/8251 5900/8305 5853/8306 5852/8248
f 5964/8273 5965/8307 5981/8308 5980/8268
f 6028/8294 6029/8309 6045/8310 6044/8298
f 5885/8272 5890/8311 5870/8312 5872/8269
f 5872/8269 5870/8312 5900/8305 5911/8251
f 5948/8276 5949/8300 5965/8307 5964/8273
f 6012/8289 6013/8302 6029/8309 6028/8294
f 5852/8248 5853/8306 5933/8299 5932/8252
f 5980/8268 5981/8308 5997/8301 5996/8265
f 6044/8298 6045/8310 6061/8303 6060/8286
f 5766/8313 5759/8314 5758/8315 5765/8316
f 5752/8244 5759/8314 5753/8317 5746/8280
f 5998/8318 5997/8301 5981/8308 5982/8319
f 5934/8320 5933/8299 5853/8306 5854/8321
f 5896/8322 5890/8311 5922/8323 5928/8324
f 5761/8325 5754/8326 5753/8317 5760/8327
f 5750/8258 5757/8328 5758/8315 5751/8247
f 5749/8262 5756/8329 5922/8323 5917/8259
f 5966/8330 5965/8307 5949/8300 5950/8331
f 5906/8332 5900/8305 5870/8312 5877/8333
f 5763/8334 5756/8329 5755/8335 5762/8336
f 5765/8316 5758/8315 5757/8328 5764/8337
f 5746/8280 5753/8317 5754/8326 5747/8277
f 5982/8319 5981/8308 5965/8307 5966/8330
f 5854/8321 5853/8306 5900/8305 5906/8332
f 5928/8324 5922/8323 5756/8329 5763/8334
f 5760/8327 5753/8317 5759/8314 5766/8313
f 5751/8247 5758/8315 5759/8314 5752/8244
f 5917/8259 5922/8323 5890/8311 5885/8272
f 5950/8331 5949/8300 5933/8299 5934/8320
f 5877/8333 5870/8312 5890/8311 5896/8322
f 5762/8336 5755/8335 5754/8326 5761/8325
f 5889/8338 5896/8322 5928/8324 5921/8339
f 5768/8340 5761/8325 5760/8327 5767/8341
f 6030/8342 6029/8309 6013/8302 6014/8343
f 5770/8344 5763/8334 5762/8336 5769/8345
f 5773/8346 5766/8313 5765/8316 5772/8347
f 6110/8348 6116/8304 6061/8303 6062/8349
f 5921/8339 5928/8324 5763/8334 5770/8344
f 5767/8341 5760/8327 5766/8313 5773/8346
f 6014/8343 6013/8302 5997/8301 5998/8318
f 5769/8345 5762/8336 5761/8325 5768/8340
f 5772/8347 5765/8316 5764/8337 5771/8350
f 6031/8351 6030/8342 6014/8343 6015/8352
f 5967/8353 5966/8330 5950/8331 5951/8354
f 6063/8355 6062/8349 6046/8356 6047/8357
f 5999/8358 5998/8318 5982/8319 5983/8359
f 5899/8360 5906/8332 5877/8333 5868/8361
f 6015/8352 6014/8343 5998/8318 5999/8358
f 5951/8354 5950/8331 5934/8320 5935/8362
f 6047/8357 6046/8356 6030/8342 6031/8351
f 5983/8359 5982/8319 5966/8330 5967/8353
f 5868/8361 5877/8333 5896/8322 5889/8338
f 6104/8363 6110/8348 6062/8349 6063/8355
f 5889/8364 5891/8365 5871/8366 5868/8367
f 5935/8368 5936/8369 5952/8370 5951/8371
f 5999/8372 6000/8373 6016/8374 6015/8375
f 6063/8376 6064/8377 6098/8378 6104/8379
f 5899/8380 5901/8381 5856/8382 5855/8383
f 5967/8384 5968/8385 5984/8386 5983/8387
f 6031/8388 6032/8389 6048/8390 6047/8391
f 5868/8367 5871/8366 5901/8381 5899/8380
f 5951/8371 5952/8370 5968/8385 5967/8384
f 6015/8375 6016/8374 6032/8389 6031/8388
f 5855/8383 5856/8382 5936/8369 5935/8368
f 5983/8387 5984/8386 6000/8373 5999/8372
f 6047/8391 6048/8390 6064/8377 6063/8376
f 5787/8392 5780/8393 5779/8394 5786/8395
f 5773/8396 5780/8393 5774/8397 5767/8398
f 6001/8399 6000/8373 5984/8386 5985/8400
f 5937/8401 5936/8369 5856/8382 5857/8402
f 5898/8403 5891/8365 5923/8404 5930/8405
f 5782/8406 5775/8407 5774/8397 5781/8408
f 5771/8409 5778/8410 5779/8394 5772/8411
f 5770/8412 5777/8413 5923/8404 5921/8414
f 5969/8415 5968/8385 5952/8370 5953/8416
f 5908/8417 5901/8381 5871/8366 5881/8418
f 5784/8419 5777/8413 5776/8420 5783/8421
f 5786/8395 5779/8394 5778/8410 5785/8422
f 5767/8398 5774/8397 5775/8407 5768/8423
f 5985/8400 5984/8386 5968/8385 5969/8415
f 5857/8402 5856/8382 5901/8381 5908/8417
f 5930/8405 5923/8404 5777/8413 5784/8419
f 5781/8408 5774/8397 5780/8393 5787/8392
f 5772/8411 5779/8394 5780/8393 5773/8396
f 5921/8414 5923/8404 5891/8365 5889/8364
f 5953/8416 5952/8370 5936/8369 5937/8401
f 5881/8418 5871/8366 5891/8365 5898/8403
f 5783/8421 5776/8420 5775/8407 5782/8406
f 5887/8424 5898/8403 5930/8405 5919/8425
f 5789/8426 5782/8406 5781/8408 5788/8427
f 6033/8428 6032/8389 6016/8374 6017/8429
f 5791/8430 5784/8419 5783/8421 5790/8431
f 5794/8432 5787/8392 5786/8395 5793/8433
f 6092/8434 6098/8378 6064/8377 6065/8435
f 5919/8425 5930/8405 5784/8419 5791/8430
f 5788/8427 5781/8408 5787/8392 5794/8432
f 6017/8429 6016/8374 6000/8373 6001/8399
f 5790/8431 5783/8421 5782/8406 5789/8426
f 5793/8433 5786/8395 5785/8422 5792/8436
f 6034/8437 6033/8428 6017/8429 6018/8438
f 5970/8439 5969/8415 5953/8416 5954/8440
f 6066/8441 6065/8435 6049/8442 6050/8443
f 6002/8444 6001/8399 5985/8400 5986/8445
f 5913/8446 5908/8417 5881/8418 5880/8447
f 6018/8438 6017/8429 6001/8399 6002/8444
f 5954/8440 5953/8416 5937/8401 5938/8448
f 6050/8443 6049/8442 6033/8428 6034/8437
f 5986/8445 5985/8400 5969/8415 5970/8439
f 5880/8447 5881/8418 5898/8403 5887/8424
f 6086/8449 6092/8434 6065/8435 6066/8441
f 5904/8450 5913/8446 5880/8447 5875/8451
f 5798/8452 5791/8430 5790/8431 5797/8453
f 6067/8454 6066/8441 6050/8443 6051/8455
f 6003/8456 6002/8444 5986/8445 5987/8457
f 5939/8458 5938/8448 5858/8459 5859/8460
f 5894/8461 5887/8424 5919/8425 5926/8462
f 5801/8463 5794/8432 5793/8433 5800/8464
f 6035/8465 6034/8437 6018/8438 6019/8466
f 5971/8467 5970/8439 5954/8440 5955/8468
f 5875/8451 5880/8447 5887/8424 5894/8461
f 5797/8453 5790/8431 5789/8426 5796/8469
f 6051/8455 6050/8443 6034/8437 6035/8465
f 5987/8457 5986/8445 5970/8439 5971/8467
f 5859/8460 5858/8459 5913/8446 5904/8450
f 5926/8462 5919/8425 5791/8430 5798/8452
f 5800/8464 5793/8433 5792/8436 5799/8470
f 6080/8471 6086/8449 6066/8441 6067/8454
f 6019/8466 6018/8438 6002/8444 6003/8456
f 5955/8468 5954/8440 5938/8448 5939/8458
f 6003/8472 6004/8473 6020/8474 6019/8475
f 6067/8476 6068/8477 6171/8478 6080/8479
f 6035/8480 6036/8294 6052/8481 6051/8482
f 6019/8475 6020/8474 6036/8294 6035/8480
f 6051/8482 6052/8481 6068/8477 6067/8476
f 5798/8483 5805/8114 5918/8152 5926/8484
f 5904/8485 5912/8150 5860/8486 5859/8487
f 6148/8488 6142/8100 6141/8103 6147/8489
f 6154/8490 6148/8491 6147/8492 6153/8493
f 5799/8494 5806/8160 5807/8495 5800/8496
f 5796/8497 5803/8498 5804/8111 5797/8499
f 5894/8500 5886/8155 5879/8501 5875/8502
f 5971/8503 5972/8118 5988/8121 5987/8504
f 6161/8104 6154/8490 6153/8493 6160/8094
f 6167/8105 6161/8104 6160/8094 6166/8093
f 5801/8505 5808/8506 5802/8507 5795/8508
f 5926/8484 5918/8152 5886/8155 5894/8500
f 5859/8487 5860/8486 5940/8131 5939/8509
f 6076/8510 6167/8105 6166/8093 6075/8511
f 6082/8512 6076/8513 6075/8514 6081/8515
f 5800/8496 5807/8495 5808/8506 5801/8505
f 5797/8499 5804/8111 5805/8114 5798/8483
f 5875/8502 5879/8501 5912/8150 5904/8485
f 5987/8504 5988/8121 6004/8473 6003/8472
f 6088/8516 6082/8512 6081/8515 6087/8517
f 6094/8518 6088/8516 6087/8517 6093/8519
f 5795/8508 5802/8507 5803/8498 5796/8497
f 5972/8118 5973/8119 5989/8120 5988/8121
f 6036/8294 6037/8520 6053/8169 6052/8481
f 5806/8160 5813/8521 5814/8522 5807/8495
f 5803/8498 5810/8173 5811/8112 5804/8111
f 5886/8155 5893/8523 5874/8165 5879/8501
f 5940/8131 5941/8130 5957/8524 5956/8525
f 6004/8473 6005/8526 6021/8141 6020/8474
f 6100/8527 6094/8518 6093/8519 6099/8528
f 5808/8506 5815/8148 5809/8529 5802/8507
f 5805/8114 5812/8113 5925/8530 5918/8152
f 5912/8150 5903/8531 5861/8532 5860/8486
f 5988/8121 5989/8120 6005/8526 6004/8473
f 6052/8481 6053/8169 6069/8533 6068/8477
f 5807/8495 5814/8522 5815/8148 5808/8506
f 5804/8111 5811/8112 5812/8113 5805/8114
f 5879/8501 5874/8165 5903/8531 5912/8150
f 5956/8525 5957/8524 5973/8119 5972/8118
f 6020/8474 6021/8141 6037/8520 6036/8294
f 6106/8534 6100/8535 6099/8536 6105/8537
f 5802/8507 5809/8529 5810/8173 5803/8498
f 5918/8152 5925/8530 5893/8523 5886/8155
f 5860/8486 5861/8532 5941/8130 5940/8131
f 5905/8186 5903/8531 5874/8165 5876/8538
f 5819/8539 5812/8113 5811/8112 5818/8540
f 6112/8101 6106/8534 6105/8537 6111/8094
f 6070/8541 6069/8533 6053/8169 6054/8542
f 6006/8180 6005/8526 5989/8120 5990/8543
f 5942/8190 5941/8130 5861/8532 5862/8189
f 5895/8544 5893/8523 5925/8530 5927/8545
f 5822/8184 5815/8148 5814/8522 5821/8546
f 6118/8547 6112/8101 6111/8094 6117/8103
f 6038/8548 6037/8520 6021/8141 6022/8549
f 5974/8550 5973/8119 5957/8524 5958/8207
f 5862/8189 5861/8532 5903/8531 5905/8186
f 5927/8545 5925/8530 5812/8113 5819/8539
f 5821/8546 5814/8522 5813/8521 5820/8195
f 6159/8551 6165/8552 6069/8533 6070/8541
f 6022/8549 6021/8141 6005/8526 6006/8180
f 5958/8207 5957/8524 5941/8130 5942/8190
f 5876/8538 5874/8165 5893/8523 5895/8544
f 5818/8540 5811/8112 5810/8173 5817/8553
f 6124/8554 6118/8547 6117/8103 6123/8555
f 6054/8542 6053/8169 6037/8520 6038/8548
f 5990/8543 5989/8120 5973/8119 5974/8550
f 5824/8556 5817/8553 5816/8183 5823/8215
f 6075/8514 6155/8557 6081/8515
f 6129/8558 6155/8559 6135/8102
f 5975/8225 5974/8550 5958/8207 5959/8560
f 5910/8561 5905/8186 5876/8538 5869/8562
f 5826/8223 5819/8539 5818/8540 5825/8563
f 5829/8564 5822/8184 5821/8546 5828/8565
f 6099/8528 6093/8519 6155/8557
f 6007/8566 6006/8180 5990/8543 5991/8219
f 5943/8231 5942/8190 5862/8189 5863/8567
f 5884/8568 5895/8544 5927/8545 5916/8238
f 5823/8215 5816/8183 5822/8184 5829/8564
f 6141/8103 6135/8102 6155/8559
f 6130/8569 6124/8570 6123/8571 6129/8558
f 5959/8560 5958/8207 5942/8190 5943/8231
f 5869/8562 5876/8538 5895/8544 5884/8568
f 5825/8563 5818/8540 5817/8553 5824/8556
f 5828/8565 5821/8546 5820/8195 5827/8239
f 6141/8103 6155/8559 6147/8489
f 5991/8219 5990/8543 5974/8550 5975/8225
f 5863/8567 5862/8189 5905/8186 5910/8561
f 5916/8238 5927/8545 5819/8539 5826/8223
f 6142/8100 6148/8488 6149/8178 6143/8106
f 6105/8537 6155/8572 6111/8094
f 6147/8492 6155/8095 6153/8493
f 5883/8155 5884/8573 5916/8574 5915/8152
f 5831/8172 5824/8575 5823/8576 5830/8174
f 6154/8490 6161/8104 6162/8084 6156/8202
f 6099/8536 6155/8572 6105/8537
f 6087/8517 6155/8557 6093/8519
f 5909/8150 5910/8577 5869/8578 5867/8164
f 5833/8114 5826/8483 5825/8579 5832/8111
f 5836/8149 5829/8580 5828/8581 5835/8146
f 6075/8511 6166/8093 6155/8095
f 6117/8103 6111/8094 6155/8572
f 6152/8582 6159/8551 6070/8541 6071/8583
f 5915/8152 5916/8574 5826/8483 5833/8114
f 5830/8174 5823/8576 5829/8580 5836/8149
f 6148/8491 6154/8490 6156/8202 6149/8206
f 6117/8103 6155/8572 6123/8555
f 6129/8558 6123/8571 6155/8559
f 5867/8164 5869/8578 5884/8573 5883/8155
f 5832/8111 5825/8579 5824/8575 5831/8172
f 5835/8146 5828/8581 5827/8584 5834/8160
f 6072/8124 6071/8585 6055/8586 6056/8168
f 6008/8139 6007/8587 5991/8504 5992/8121
f 5944/8131 5943/8588 5863/8589 5864/8128
f 6118/8547 6124/8554 6125/8159 6119/8158
f 6094/8518 6100/8527 6101/8136 6095/8135
f 6167/8105 6076/8510 6077/8138 6168/8085
f 6040/8170 6039/8590 6023/8591 6024/8142
f 5976/8118 5975/8592 5959/8593 5960/8132
f 6130/8569 6136/8101 6137/8107 6131/8117
f 6106/8534 6112/8101 6113/8084 6107/8145
f 6082/8512 6088/8516 6089/8110 6083/8109
f 5748/8282 5755/8335 5756/8329 5749/8262
f 5747/8277 5754/8326 5755/8335 5748/8282
f 6046/8356 6045/8310 6029/8309 6030/8342
f 6062/8349 6061/8303 6045/8310 6046/8356
f 5855/8594 5854/8321 5906/8332 5899/8360
f 5935/8362 5934/8320 5854/8321 5855/8594
f 5769/8595 5776/8420 5777/8413 5770/8412
f 5768/8423 5775/8407 5776/8420 5769/8595
f 6049/8442 6048/8390 6032/8389 6033/8428
f 6065/8435 6064/8377 6048/8390 6049/8442
f 5858/8459 5857/8402 5908/8417 5913/8446
f 5938/8448 5937/8401 5857/8402 5858/8459
f 5795/8596 5788/8427 5794/8432 5801/8463
f 5796/8469 5789/8426 5788/8427 5795/8596
f 5955/8597 5956/8525 5972/8118 5971/8503
f 5939/8509 5940/8131 5956/8525 5955/8597
f 6136/8101 6130/8569 6129/8558 6135/8102
f 6068/8477 6069/8533 6165/8552 6171/8478
f 5816/8183 5809/8529 5815/8148 5822/8184
f 5817/8553 5810/8173 5809/8529 5816/8183
f 6081/8515 6155/8557 6087/8517
f 6153/8493 6155/8095 6160/8094
f 6039/8598 6038/8548 6022/8549 6023/8599
f 6023/8599 6022/8549 6006/8180 6007/8566
f 6071/8583 6070/8541 6054/8542 6055/8600
f 6056/8168 6055/8586 6039/8590 6040/8170
f 5992/8121 5991/8504 5975/8592 5976/8118
f 5864/8128 5863/8589 5910/8577 5909/8150
f 6112/8101 6118/8547 6119/8158 6113/8084
f 6088/8516 6094/8518 6095/8135 6089/8110
f 6146/8127 6152/8601 6071/8585 6072/8124
f 6024/8142 6023/8591 6007/8587 6008/8139
f 5960/8132 5959/8593 5943/8588 5944/8131
f 6055/8600 6054/8542 6038/8548 6039/8598
f 6124/8570 6130/8569 6131/8117 6125/8123
f 6100/8535 6106/8534 6107/8145 6101/8167
f 6076/8513 6082/8512 6083/8109 6077/8163
f 6193/8602 6179/8603 6175/8604 6188/8605
f 6195/8606 6178/8607 6174/8608 6190/8609
f 6186/8610 6189/8611 6195/8612 6183/8613
f 6180/8614 6191/8615 6189/8616 6186/8617
f 6182/8618 6188/8619 6194/8620 6181/8621
f 6184/8622 6193/8602 6188/8605 6182/8623
f 6191/8615 6176/8624 6172/8625 6189/8616
f 6194/8626 6173/8627 6177/8604 6192/8628
f 6348/8629 6349/8630 6184/8622 6182/8623
f 6350/8631 6351/8632 6183/8633 6185/8634
f 6352/8635 6181/8636 6187/8623 6353/8629
f 6354/8637 6355/8638 6180/8614 6186/8617
f 6352/8639 6348/8640 6182/8618 6181/8621
f 6351/8641 6354/8642 6186/8610 6183/8613
f 6349/8643 6350/8644 6185/8645 6184/8646
f 6355/8643 6353/8644 6187/8647 6180/8646
f 6188/8619 6175/8648 6173/8649 6194/8620
f 6190/8650 6174/8651 6179/8652 6193/8653
f 6187/8647 6192/8650 6191/8653 6180/8646
f 6181/8636 6194/8626 6192/8628 6187/8623
f 6185/8645 6190/8650 6193/8653 6184/8646
f 6183/8633 6195/8606 6190/8609 6185/8634
f 6189/8611 6172/8654 6178/8655 6195/8612
f 6192/8650 6177/8651 6176/8652 6191/8653
f 6203/7333 6205/8656 6207/8657 6199/7334
f 6201/7337 6211/8658 6206/8659 6198/7338
f 6200/7335 6210/8660 6204/8661 6202/7336
f 6199/7327 6207/8662 6211/8663 6201/7328
f 6197/7339 6208/8664 6209/8665 6196/7340
f 6204/8666 6258/7310 6259/7309 6208/8667
f 6207/8662 6252/7298 6253/7297 6211/8663
f 6209/8666 6257/7305 6256/7304 6205/8668
f 6206/8666 6254/7302 6255/7301 6210/8668
f 6198/7329 6206/8666 6210/8668 6200/7330
f 6202/7331 6204/8666 6208/8667 6197/7332
f 6196/7329 6209/8666 6205/8668 6203/7330
f 6210/8660 6255/7318 6258/7317 6204/8661
f 6205/8656 6256/7314 6252/7313 6207/8657
f 6211/8658 6253/7322 6254/7321 6206/8659
f 6208/8664 6259/7326 6257/7325 6209/8665
f 6233/7414 6339/8669 6335/8670 6230/7415
f 6234/7426 6332/8671 6337/8672 6235/7427
f 6228/7418 6338/8673 6336/8674 6229/7419
f 6230/7423 6335/8675 6334/8676 6231/7422
f 6175/8604 6179/8603 6242/8677 6237/8678
f 6174/8608 6178/8607 6240/8679 6243/8680
f 6173/8627 6236/8681 6239/8678 6177/8604
f 6172/8625 6176/8624 6238/8682 6241/8683
f 6173/8649 6175/8648 6237/8684 6236/8685
f 6178/8655 6172/8654 6241/8686 6240/8687
f 6179/8652 6174/8651 6243/8688 6242/8689
f 6176/8652 6177/8651 6239/8688 6238/8689
f 6281/8690 6307/8691 6303/8692 6278/8693
f 6282/7459 6300/8694 6305/8695 6283/7460
f 6276/8696 6306/8697 6304/8698 6277/7460
f 6278/7459 6303/8694 6302/8695 6279/7460
f 6308/8699 6312/8700 6296/8701 6292/8702
f 6309/8703 6313/8704 6297/8705 6293/8706
f 6310/8707 6294/8708 6298/8709 6314/8710
f 6311/8711 6315/8712 6299/8713 6295/8714
f 6310/8715 6308/8716 6292/8717 6294/8718
f 6313/8715 6311/8716 6295/8717 6297/8718
f 6312/8715 6309/8716 6293/8717 6296/8718
f 6315/8715 6314/8716 6298/8717 6299/8718
f 6290/8719 6307/8695 6301/8694 6287/8720
f 6284/8721 6304/8698 6306/8697 6288/8720
f 6291/8720 6299/8718 6298/8717 6289/8719
f 6287/8720 6297/8718 6295/8717 6290/8719
f 6285/8720 6296/8718 6293/8717 6286/8719
f 6288/8722 6306/8723 6302/8724 6289/8725
f 6287/8726 6301/8727 6305/8728 6286/8729
f 6289/8725 6298/8709 6294/8708 6288/8722
f 6269/8730 6274/8731 6312/8700 6308/8699
f 6275/8732 6272/8733 6313/8704 6309/8703
f 6268/8734 6310/8707 6314/8710 6271/8735
f 6273/8736 6270/8737 6315/8712 6311/8711
f 6268/8738 6269/8739 6308/8716 6310/8715
f 6272/8738 6273/8740 6311/8716 6313/8715
f 6274/8738 6275/8740 6309/8716 6312/8715
f 6270/8741 6271/8739 6314/8716 6315/8715
f 6286/8719 6305/8695 6300/8694 6285/8720
f 6289/8719 6302/8695 6303/8694 6291/8720
f 6288/8720 6294/8718 6292/8717 6284/8721
f 6290/8742 6295/8714 6299/8713 6291/8743
f 6286/8729 6293/8706 6297/8705 6287/8726
f 6291/8743 6303/8692 6307/8691 6290/8742
f 6285/8744 6300/8745 6304/8691 6284/8742
f 6284/8742 6292/8702 6296/8701 6285/8744
f 6283/8746 6305/8728 6301/8727 6280/8747
f 6277/8690 6304/8691 6300/8745 6282/8693
f 6279/8748 6302/8724 6306/8723 6276/8749
f 6280/7459 6301/8694 6307/8695 6281/7460
f 6324/8750 6328/8751 6317/8752 6316/8753
f 6325/8754 6329/8755 6319/8756 6318/8757
f 6326/8758 6320/8759 6321/8760 6330/8761
f 6327/8762 6331/8763 6323/8764 6322/8765
f 6326/8766 6324/8767 6316/8768 6320/8769
f 6329/8770 6327/8771 6322/8772 6319/8773
f 6328/8774 6325/8775 6318/8776 6317/8777
f 6331/8771 6330/8778 6321/8773 6323/8772
f 6340/7376 6344/7375 6328/8751 6324/8750
f 6341/7380 6345/7379 6329/8755 6325/8754
f 6342/7382 6326/8758 6330/8761 6346/7383
f 6343/7388 6347/7387 6331/8763 6327/8762
f 6342/7392 6340/7391 6324/8767 6326/8766
f 6345/7396 6343/7395 6327/8771 6329/8770
f 6344/7400 6341/7399 6325/8775 6328/8774
f 6347/7401 6346/7396 6330/8778 6331/8771
f 6316/8753 6317/8752 6332/8779 6336/8780
f 6318/8757 6319/8756 6333/8781 6337/8782
f 6320/8759 6338/8783 6334/8784 6321/8760
f 6322/8765 6323/8764 6335/8670 6339/8669
f 6320/8769 6316/8768 6336/8674 6338/8673
f 6319/8773 6322/8772 6339/8675 6333/8785
f 6317/8777 6318/8776 6337/8672 6332/8671
f 6323/8772 6321/8773 6334/8676 6335/8675
f 6235/7406 6337/8782 6333/8781 6232/7407
f 6229/7402 6336/8780 6332/8779 6234/7403
f 6231/7413 6334/8784 6338/8783 6228/7410
f 6232/7422 6333/8785 6339/8675 6233/7423
f 6398/8786 6409/8787 6404/8788 6397/8789
f 6401/8790 6406/8791 6407/8792 6403/8793
f 6396/8794 6420/8795 6424/8796 6397/8797
f 6403/8793 6427/8798 6426/8799 6401/8790
f 6397/8797 6404/8800 6408/8801 6396/8794
f 6401/8802 6426/8803 6422/8804 6400/8805
f 6403/8806 6407/8807 6411/8808 6402/8809
f 6398/8810 6421/8811 6425/8812 6399/8813
f 6408/8801 6404/8800 6412/8814 6416/8815
f 6409/8816 6405/8817 6413/8818 6417/8819
f 6410/8820 6418/8821 6414/8822 6406/8823
f 6411/8808 6407/8807 6415/8824 6419/8825
f 6410/8826 6408/8827 6416/8828 6418/8829
f 6405/8830 6411/8831 6419/8832 6413/8833
f 6404/8788 6409/8787 6417/8834 6412/8835
f 6407/8792 6406/8791 6414/8836 6415/8837
f 6427/8798 6435/7528 6434/7527 6426/8799
f 6424/8838 6432/7520 6429/7519 6421/8839
f 6426/8803 6434/7512 6430/7511 6422/8804
f 6421/8811 6429/7516 6433/7515 6425/8812
f 6402/8840 6411/8831 6405/8830 6399/8841
f 6396/8842 6408/8827 6410/8826 6400/8843
f 6400/8843 6422/8844 6420/8845 6396/8842
f 6399/8841 6425/8846 6423/8847 6402/8840
f 6399/8813 6405/8817 6409/8816 6398/8810
f 6402/8809 6423/8848 6427/8849 6403/8806
f 6400/8805 6410/8820 6406/8823 6401/8802
f 6397/8789 6424/8838 6421/8839 6398/8786
f 6422/8844 6430/7536 6428/7535 6420/8845
f 6425/8846 6433/7540 6431/7539 6423/8847
f 6420/8795 6428/7532 6432/7531 6424/8796
f 6423/8848 6431/7524 6435/7523 6427/8849
f 6419/8832 6443/7362 6437/7361 6413/8833
f 6414/8836 6438/7370 6439/7369 6415/8837
f 6416/8828 6440/7358 6442/7357 6418/8829
f 6413/8818 6437/7346 6441/7345 6417/8819
f 6417/8834 6441/7366 6436/7365 6412/8835
f 6415/8824 6439/7354 6443/7353 6419/8825
f 6418/8821 6442/7349 6438/7352 6414/8822
f 6412/8814 6436/7342 6440/7341 6416/8815
f 6562/8850 6566/8851 6543/8852 6567/8853
f 6563/8854 6564/8855 6544/8856 6565/8857
f 6611/8858 6613/8859 6538/8860 6539/8861
f 6616/8862 6635/8863 6536/8864 6569/8865
f 6619/8866 6610/8867 6541/8868 6537/8869
f 6589/8855 6526/8856 6542/8857 6584/8854
f 6617/8870 6619/8871 6537/8872 6568/8873
f 6586/8874 6584/8875 6542/8876 6540/8877
f 6589/8878 6563/8879 6565/8880 6526/8881
f 6564/8882 6562/8883 6567/8884 6544/8885
f 6618/8886 6616/8887 6569/8888 6561/8889
f 6610/8870 6611/8890 6539/8872 6541/8891
f 6587/8892 6586/8851 6540/8852 6527/8893
f 6536/8861 6568/8894 6562/8883 6564/8882
f 6566/8895 6587/8896 6527/8897 6543/8898
f 6618/8899 6561/8864 6538/8865 6613/8900
f 6561/8864 6589/8855 6584/8854 6538/8865
f 6541/8891 6539/8872 6586/8851 6587/8892
f 6561/8889 6569/8888 6563/8879 6589/8878
f 6568/8873 6537/8872 6566/8851 6562/8850
f 6567/8853 6543/8852 6583/8901 6590/8902
f 6537/8869 6541/8868 6587/8896 6566/8895
f 6569/8865 6536/8864 6564/8855 6563/8854
f 6526/8881 6565/8880 6578/8903 6679/8904
f 6526/8856 6679/8905 6592/8906 6542/8857
f 6635/8907 6617/8859 6568/8894 6536/8861
f 6539/8861 6538/8860 6584/8875 6586/8874
f 6565/8857 6544/8856 6580/8908 6578/8906
f 6543/8898 6527/8897 6673/8909 6583/8910
f 6527/8893 6540/8852 6672/8911 6673/8912
f 6544/8885 6567/8884 6590/8913 6580/8914
f 6540/8877 6542/8876 6592/8913 6672/8915
o BrickWalls
v -2.150000 0.210004 3.949991
v -2.150000 0.210004 4.969980
v -2.150000 -0.210003 4.969980
v -2.150000 -0.210003 3.949982
v -2.150000 0.210004 9.549994
v -2.150000 0.210004 10.569983
v -2.150000 -0.210003 10.569983
v -2.150000 -0.210003 9.549985
v -2.300000 0.210004 3.949991
v -2.300000 0.210004 4.969980
v -2.300000 -0.210003 4.969980
v -2.300000 -0.210003 3.949982
v -2.300000 0.210004 9.549994
v -2.300000 0.210004 10.569983
v -2.300000 -0.210003 10.569983
v -2.300000 -0.210003 9.549985
v -2.300000 2.030000 3.200004
v -2.300000 -2.030000 3.199996
v -2.300000 2.030000 12.400000
v -2.300000 -2.030000 12.400000
v -2.300000 2.030000 7.800002
v -2.300000 -2.030000 7.799997
v -2.030000 2.300002 3.200000
v 2.030000 2.299997 3.200000
v -2.030000 2.300002 12.399999
v 2.030000 2.299997 12.399999
v 2.299998 2.029998 3.200000
v 2.300000 -2.030000 3.200000
v 2.299998 2.029998 12.399999
v 2.300000 -2.030000 12.399999
v -2.030000 -2.299998 3.200000
v 2.030000 -2.299999 3.200000
v -2.030000 -2.299998 12.399999
v 2.030000 -2.299999 12.399999
v -2.030000 -2.299998 7.800000
v 2.030000 -2.299999 7.800000
v -2.030000 2.300002 7.800000
v 2.030000 2.299997 7.800000
v 2.299998 2.029998 7.800000
v 2.300000 -2.030000 7.800000
vt 0.154132 0.402360
vt 0.154132 0.483252
vt 0.142236 0.483252
vt 0.142236 0.402360
vt 0.199310 0.483343
vt 0.199310 0.402450
vt 0.187414 0.402450
vt 0.187415 0.483343
vt 0.187407 0.495140
vt 0.154098 0.495128
vt 0.154102 0.483232
vt 0.187411 0.483244
vt 0.187352 0.390381
vt 0.154043 0.390381
vt 0.154043 0.402277
vt 0.187352 0.402277
vt 0.199265 0.481617
vt 0.199265 0.562509
vt 0.187369 0.562510
vt 0.187369 0.481617
vt 0.187392 0.562561
vt 0.187392 0.481668
vt 0.199288 0.481668
vt 0.199288 0.562561
vt 0.154087 0.574488
vt 0.187397 0.574488
vt 0.154087 0.562592
vt 0.187431 0.469791
vt 0.154121 0.469791
vt 0.154121 0.481687
vt 0.187395 0.402363
vt 0.009747 0.342884
vt 0.331734 0.342884
vt 0.331742 0.707687
vt 0.009755 0.707687
vt 0.009747 0.707696
vt 0.009750 0.342885
usemtl Exterior_Mat
s off
f 6684/8916 6685/8917 6693/8918 6692/8919
f 6686/8920 6687/8921 6695/8922 6694/8923
f 6685/8924 6686/8925 6694/8926 6693/8927
f 6687/8928 6684/8929 6692/8930 6695/8931
f 6688/8932 6689/8933 6697/8934 6696/8935
f 6690/8936 6691/8937 6699/8938 6698/8939
f 6689/8940 6690/8941 6698/8936 6697/8942
f 6691/8943 6688/8944 6696/8945 6699/8937
f 6695/8946 6692/8916 6700/8947 6701/8948
f 6697/8942 6698/8936 6703/8949 6702/8950
f 6694/8923 6705/8949 6704/8951 6693/8917
f 6692/8916 6693/8917 6704/8951 6700/8947
f 6718/8952 6719/8948 6717/8949 6716/8950
f 6722/8948 6712/8949 6713/8950 6723/8952
f 6720/8951 6708/8947 6709/8948 6721/8949
f 6714/8952 6715/8948 6719/8949 6718/8950
f 6705/8948 6699/8937 6696/8945 6704/8952
f 6706/8951 6720/8947 6721/8948 6707/8949
f 6710/8948 6722/8949 6723/8951 6711/8947
f 6694/8923 6695/8946 6701/8948 6705/8949
f 6696/8945 6697/8942 6702/8950 6704/8952
f 6698/8936 6699/8937 6705/8948 6703/8949
o Clock_Main
v -2.250000 0.100000 16.870001
v -2.250000 0.092388 16.908270
v -2.250000 0.070711 16.940712
v -2.250000 0.038268 16.962389
v -2.250000 -0.000000 16.970001
v -2.250000 -0.038268 16.962389
v -2.250000 -0.070711 16.940712
v -2.250000 -0.092388 16.908270
v -2.250000 -0.100000 16.870001
v -2.250000 -0.092388 16.831732
v -2.250000 -0.070711 16.799290
v -2.250000 -0.038268 16.777613
v -2.250000 0.000000 16.770000
v -2.250000 0.038268 16.777613
v -2.250000 0.070711 16.799290
v -2.250000 0.092388 16.831732
v -2.200000 0.100000 16.870001
v -2.200000 0.092388 16.908270
v -2.200000 0.070711 16.940712
v -2.200000 0.038268 16.962389
v -2.200000 -0.000000 16.970001
v -2.200000 -0.038268 16.962389
v -2.200000 -0.070711 16.940712
v -2.200000 -0.092388 16.908270
v -2.200000 -0.100000 16.870001
v -2.200000 -0.092388 16.831732
v -2.200000 -0.070711 16.799290
v -2.200000 -0.038268 16.777613
v -2.200000 0.000000 16.770000
v -2.200000 0.038268 16.777613
v -2.200000 0.070711 16.799290
v -2.200000 0.092388 16.831732
v -2.250000 0.045000 16.870001
v -2.250000 0.041575 16.887222
v -2.250000 0.031820 16.901821
v -2.250000 0.017221 16.911575
v -2.250000 -0.000000 16.915001
v -2.250000 -0.017221 16.911575
v -2.250000 -0.031820 16.901821
v -2.250000 -0.041575 16.887222
v -2.250000 -0.045000 16.870001
v -2.250000 -0.041575 16.852779
v -2.250000 -0.031820 16.838181
v -2.250000 -0.017221 16.828426
v -2.250000 0.000000 16.825001
v -2.250000 0.017221 16.828426
v -2.250000 0.031820 16.838181
v -2.250000 0.041575 16.852779
v -2.350000 0.045000 16.870001
v -2.350000 0.041575 16.887222
v -2.350000 0.031820 16.901821
v -2.350000 0.017221 16.911575
v -2.350000 -0.000000 16.915001
v -2.350000 -0.017221 16.911575
v -2.350000 -0.031820 16.901821
v -2.350000 -0.041575 16.887222
v -2.350000 -0.045000 16.870001
v -2.350000 -0.041575 16.852779
v -2.350000 -0.031820 16.838181
v -2.350000 -0.017221 16.828426
v -2.350000 0.000000 16.825001
v -2.350000 0.017221 16.828426
v -2.350000 0.031820 16.838181
v -2.350000 0.041575 16.852779
v -2.350000 0.067500 16.870001
v -2.350000 0.062362 16.895832
v -2.350000 0.047730 16.917732
v -2.350000 0.025831 16.932362
v -2.350000 -0.000000 16.937500
v -2.350000 -0.025831 16.932362
v -2.350000 -0.047730 16.917732
v -2.350000 -0.062362 16.895832
v -2.350000 -0.067500 16.870001
v -2.350000 -0.062362 16.844170
v -2.350000 -0.047730 16.822269
v -2.350000 -0.025831 16.807640
v -2.350000 0.000000 16.802502
v -2.350000 0.025831 16.807640
v -2.350000 0.047730 16.822269
v -2.350000 0.062362 16.844170
v -2.370000 0.067500 16.870001
v -2.370000 0.062362 16.895832
v -2.370000 0.047730 16.917732
v -2.370000 0.025831 16.932362
v -2.370000 -0.000000 16.937500
v -2.370000 -0.025831 16.932362
v -2.370000 -0.047730 16.917732
v -2.370000 -0.062362 16.895832
v -2.370000 -0.067500 16.870001
v -2.370000 -0.062362 16.844170
v -2.370000 -0.047730 16.822269
v -2.370000 -0.025831 16.807640
v -2.370000 0.000000 16.802502
v -2.370000 0.025831 16.807640
v -2.370000 0.047730 16.822269
v -2.370000 0.062362 16.844170
v -2.380000 0.026433 16.870001
v -2.380000 0.024421 16.880116
v -2.380000 0.018691 16.888693
v -2.380000 0.010115 16.894421
v -2.380000 -0.000000 16.896433
v -2.380000 -0.010115 16.894421
v -2.380000 -0.018691 16.888693
v -2.380000 -0.024421 16.880116
v -2.380000 -0.026433 16.870001
v -2.380000 -0.024421 16.859886
v -2.380000 -0.018691 16.851309
v -2.380000 -0.010115 16.845581
v -2.380000 0.000000 16.843569
v -2.380000 0.010115 16.845581
v -2.380000 0.018691 16.851309
v -2.380000 0.024421 16.859886
v -2.380001 0.000000 16.870001
v -2.376836 0.017973 16.913391
v -2.376836 0.046967 16.870001
v -2.376836 0.043391 16.852028
v -2.376836 -0.017973 16.913391
v -2.376836 -0.000000 16.916965
v -2.376836 -0.043391 16.887974
v -2.376836 -0.033210 16.903214
v -2.376836 -0.043391 16.852028
v -2.376836 -0.046967 16.870001
v -2.376836 -0.017973 16.826611
v -2.376836 -0.033210 16.836788
v -2.376836 0.017973 16.826611
v -2.376836 0.000000 16.823036
v -2.376836 0.033210 16.903214
v -2.376836 0.043391 16.887974
v -2.376836 0.033210 16.836788
v -2.374032 0.052877 16.891903
v -2.374032 0.000000 16.812769
v -2.374032 -0.040470 16.829529
v -2.374032 -0.057233 16.870001
v -2.374032 -0.040470 16.910473
v -2.374032 -0.000000 16.927233
v -2.374032 0.052877 16.848099
v -2.374032 0.040470 16.829529
v -2.374032 0.021902 16.922876
v -2.374032 0.057233 16.870001
v -2.374032 -0.021902 16.922876
v -2.374032 -0.052877 16.891903
v -2.374032 -0.052877 16.848099
v -2.374032 -0.021902 16.817125
v -2.374032 0.021902 16.817125
v -2.374032 0.040470 16.910473
v 2.250000 0.100000 16.870001
v 2.250000 0.092388 16.908270
v 2.250000 0.070711 16.940712
v 2.250000 0.038268 16.962389
v 2.250000 -0.000000 16.970001
v 2.250000 -0.038268 16.962389
v 2.250000 -0.070711 16.940712
v 2.250000 -0.092388 16.908270
v 2.250000 -0.100000 16.870001
v 2.250000 -0.092388 16.831732
v 2.250000 -0.070711 16.799290
v 2.250000 -0.038268 16.777613
v 2.250000 0.000000 16.770000
v 2.250000 0.038268 16.777613
v 2.250000 0.070711 16.799290
v 2.250000 0.092388 16.831732
v 2.200000 0.100000 16.870001
v 2.200000 0.092388 16.908270
v 2.200000 0.070711 16.940712
v 2.200000 0.038268 16.962389
v 2.200000 -0.000000 16.970001
v 2.200000 -0.038268 16.962389
v 2.200000 -0.070711 16.940712
v 2.200000 -0.092388 16.908270
v 2.200000 -0.100000 16.870001
v 2.200000 -0.092388 16.831732
v 2.200000 -0.070711 16.799290
v 2.200000 -0.038268 16.777613
v 2.200000 0.000000 16.770000
v 2.200000 0.038268 16.777613
v 2.200000 0.070711 16.799290
v 2.200000 0.092388 16.831732
v 2.250000 0.045000 16.870001
v 2.250000 0.041575 16.887222
v 2.250000 0.031820 16.901821
v 2.250000 0.017221 16.911575
v 2.250000 -0.000000 16.915001
v 2.250000 -0.017221 16.911575
v 2.250000 -0.031820 16.901821
v 2.250000 -0.041575 16.887222
v 2.250000 -0.045000 16.870001
v 2.250000 -0.041575 16.852779
v 2.250000 -0.031820 16.838181
v 2.250000 -0.017221 16.828426
v 2.250000 0.000000 16.825001
v 2.250000 0.017221 16.828426
v 2.250000 0.031820 16.838181
v 2.250000 0.041575 16.852779
v 2.350000 0.045000 16.870001
v 2.350000 0.041575 16.887222
v 2.350000 0.031820 16.901821
v 2.350000 0.017221 16.911575
v 2.350000 -0.000000 16.915001
v 2.350000 -0.017221 16.911575
v 2.350000 -0.031820 16.901821
v 2.350000 -0.041575 16.887222
v 2.350000 -0.045000 16.870001
v 2.350000 -0.041575 16.852779
v 2.350000 -0.031820 16.838181
v 2.350000 -0.017221 16.828426
v 2.350000 0.000000 16.825001
v 2.350000 0.017221 16.828426
v 2.350000 0.031820 16.838181
v 2.350000 0.041575 16.852779
v 2.350000 0.067500 16.870001
v 2.350000 0.062362 16.895832
v 2.350000 0.047730 16.917732
v 2.350000 0.025831 16.932362
v 2.350000 -0.000000 16.937500
v 2.350000 -0.025831 16.932362
v 2.350000 -0.047730 16.917732
v 2.350000 -0.062362 16.895832
v 2.350000 -0.067500 16.870001
v 2.350000 -0.062362 16.844170
v 2.350000 -0.047730 16.822269
v 2.350000 -0.025831 16.807640
v 2.350000 0.000000 16.802502
v 2.350000 0.025831 16.807640
v 2.350000 0.047730 16.822269
v 2.350000 0.062362 16.844170
v 2.370000 0.067500 16.870001
v 2.370000 0.062362 16.895832
v 2.370000 0.047730 16.917732
v 2.370000 0.025831 16.932362
v 2.370000 -0.000000 16.937500
v 2.370000 -0.025831 16.932362
v 2.370000 -0.047730 16.917732
v 2.370000 -0.062362 16.895832
v 2.370000 -0.067500 16.870001
v 2.370000 -0.062362 16.844170
v 2.370000 -0.047730 16.822269
v 2.370000 -0.025831 16.807640
v 2.370000 0.000000 16.802502
v 2.370000 0.025831 16.807640
v 2.370000 0.047730 16.822269
v 2.370000 0.062362 16.844170
v 2.380000 0.026433 16.870001
v 2.380000 0.024421 16.880116
v 2.380000 0.018691 16.888693
v 2.380000 0.010115 16.894421
v 2.380000 -0.000000 16.896433
v 2.380000 -0.010115 16.894421
v 2.380000 -0.018691 16.888693
v 2.380000 -0.024421 16.880116
v 2.380000 -0.026433 16.870001
v 2.380000 -0.024421 16.859886
v 2.380000 -0.018691 16.851309
v 2.380000 -0.010115 16.845581
v 2.380000 0.000000 16.843569
v 2.380000 0.010115 16.845581
v 2.380000 0.018691 16.851309
v 2.380000 0.024421 16.859886
v 2.380001 0.000000 16.870001
v 2.376836 0.017973 16.913391
v 2.376836 0.046967 16.870001
v 2.376836 0.043391 16.852028
v 2.376836 -0.017973 16.913391
v 2.376836 -0.000000 16.916965
v 2.376836 -0.043391 16.887974
v 2.376836 -0.033210 16.903214
v 2.376836 -0.043391 16.852028
v 2.376836 -0.046967 16.870001
v 2.376836 -0.017973 16.826611
v 2.376836 -0.033210 16.836788
v 2.376836 0.017973 16.826611
v 2.376836 0.000000 16.823036
v 2.376836 0.033210 16.903214
v 2.376836 0.043391 16.887974
v 2.376836 0.033210 16.836788
v 2.374032 0.052877 16.891903
v 2.374032 0.000000 16.812769
v 2.374032 -0.040470 16.829529
v 2.374032 -0.057233 16.870001
v 2.374032 -0.040470 16.910473
v 2.374032 -0.000000 16.927233
v 2.374032 0.052877 16.848099
v 2.374032 0.040470 16.829529
v 2.374032 0.021902 16.922876
v 2.374032 0.057233 16.870001
v 2.374032 -0.021902 16.922876
v 2.374032 -0.052877 16.891903
v 2.374032 -0.052877 16.848099
v 2.374032 -0.021902 16.817125
v 2.374032 0.021902 16.817125
v 2.374032 0.040470 16.910473
v 2.205000 0.025002 16.945002
v 2.245000 -0.024999 16.945002
v 2.205000 -0.024999 16.945002
v 2.245000 0.025003 16.945002
v 2.205000 -0.024999 16.795000
v 2.205000 0.025002 16.795000
v 2.245000 -0.024999 16.795000
v 2.245000 0.025002 16.795000
v 2.205000 0.025002 16.000000
v 2.205000 0.025003 17.740002
v 2.245000 0.025003 17.740002
v 2.245000 0.025002 16.000000
v 2.245000 -0.024999 16.000000
v 2.245000 -0.024998 17.740002
v 2.205000 -0.024998 17.740002
v 2.205000 -0.024999 16.000000
v 2.205000 -0.074997 16.895000
v 2.245000 -0.074997 16.844999
v 2.205000 -0.074997 16.844999
v 2.245000 -0.074997 16.895000
v 2.205000 0.075003 16.844999
v 2.205000 0.075003 16.895000
v 2.245000 0.075003 16.844999
v 2.245000 0.075003 16.895000
v 2.204999 0.870003 16.895000
v 2.205001 -0.869997 16.895000
v 2.245001 -0.869997 16.895000
v 2.244999 0.870003 16.895000
v 2.204999 0.870003 16.844999
v 2.205001 -0.869997 16.844999
v 2.245001 -0.869997 16.844999
v 2.244999 0.870003 16.844999
v 2.205000 -0.584779 18.106983
v -2.200000 1.353600 16.869999
v -2.200000 1.327591 17.134073
v -2.200000 1.250563 17.388000
v -2.200000 1.125477 17.622019
v -2.200000 0.957139 17.827137
v -2.200000 0.752019 17.995476
v -2.200000 0.518000 18.120562
v -2.199999 0.264074 18.197590
v -2.199999 -0.000000 18.223600
v -2.199999 -0.264075 18.197590
v -2.200000 -0.518000 18.120562
v -2.200000 -0.752020 17.995476
v -2.200000 -0.957140 17.827137
v -2.200000 -1.125478 17.622019
v -2.200000 -1.250564 17.387999
v -2.200000 -1.327591 17.134073
v -2.200000 -1.353600 16.869999
v -2.200001 -1.327591 16.605923
v -2.200001 -1.250563 16.351997
v -2.200001 -1.125477 16.117979
v -2.200001 -0.957139 15.912859
v -2.200001 -0.752019 15.744522
v -2.200001 -0.518000 15.619436
v -2.200001 -0.264073 15.542408
v -2.200001 0.264075 15.542408
v -2.200001 0.518001 15.619437
v -2.200001 0.752021 15.744523
v -2.200001 0.957141 15.912861
v -2.200001 1.125478 16.117981
v -2.200001 1.250564 16.352001
v -2.200001 1.327591 16.605927
v -2.200000 -0.000000 15.516398
v -2.250000 1.353600 16.870001
v -2.250000 1.327591 17.134075
v -2.250000 1.250563 17.388002
v -2.250000 1.125477 17.622021
v -2.250000 0.957140 17.827139
v -2.250000 0.752020 17.995478
v -2.250000 0.518000 18.120564
v -2.249999 0.264074 18.197592
v -2.249999 0.000000 18.223602
v -2.249999 -0.264074 18.197592
v -2.250000 -0.518000 18.120564
v -2.250000 -0.752020 17.995478
v -2.250000 -0.957140 17.827139
v -2.250000 -1.125477 17.622021
v -2.250000 -1.250563 17.388000
v -2.250000 -1.327591 17.134075
v -2.250000 -1.353600 16.870001
v -2.250000 -1.327591 16.605925
v -2.250001 -1.250563 16.351999
v -2.250001 -1.125477 16.117981
v -2.250001 -0.957139 15.912861
v -2.250001 -0.752019 15.744524
v -2.250001 -0.517999 15.619438
v -2.250001 -0.264073 15.542410
v -2.250001 0.264076 15.542410
v -2.250001 0.518002 15.619439
v -2.250001 0.752021 15.744525
v -2.250001 0.957141 15.912863
v -2.250001 1.125478 16.117983
v -2.250001 1.250564 16.352003
v -2.250000 1.327591 16.605928
v -2.250000 0.000000 15.516400
v -2.250000 1.440000 16.870001
v -2.250000 1.412331 17.150930
v -2.250000 1.330386 17.421066
v -2.250000 1.197316 17.670021
v -2.249999 1.018234 17.888233
v -2.249999 0.800021 18.067316
v -2.249999 0.551064 18.200386
v -2.249999 0.280930 18.282331
v -2.249999 0.000000 18.310001
v -2.249999 -0.280930 18.282331
v -2.249999 -0.551064 18.200386
v -2.249999 -0.800021 18.067316
v -2.249999 -1.018234 17.888233
v -2.250000 -1.197316 17.670021
v -2.250000 -1.330387 17.421064
v -2.250000 -1.412331 17.150930
v -2.250000 -1.440000 16.870001
v -2.250000 -1.412331 16.589069
v -2.250000 -1.330386 16.318935
v -2.250000 -1.197316 16.069979
v -2.250001 -1.018233 15.851767
v -2.250001 -0.800020 15.672685
v -2.250001 -0.551063 15.539615
v -2.250001 -0.280929 15.457670
v -2.250001 0.280932 15.457670
v -2.250001 0.551066 15.539616
v -2.250001 0.800023 15.672686
v -2.250001 1.018235 15.851768
v -2.250000 1.197317 16.069983
v -2.250000 1.330387 16.318939
v -2.250000 1.412331 16.589073
v -2.250000 0.000000 15.430000
v -2.200000 0.900000 16.870001
v -2.200000 0.882707 17.045582
v -2.200000 0.831492 17.214417
v -2.200000 0.748323 17.370014
v -2.200000 0.636396 17.506397
v -2.200000 0.500013 17.618324
v -2.200000 0.344415 17.701492
v -2.200000 0.175581 17.752708
v -2.200000 0.000000 17.770000
v -2.200000 -0.175581 17.752708
v -2.200000 -0.344415 17.701492
v -2.200000 -0.500013 17.618324
v -2.200000 -0.636396 17.506397
v -2.200000 -0.748323 17.370014
v -2.200000 -0.831492 17.214417
v -2.200000 -0.882707 17.045582
v -2.200000 -0.900000 16.870001
v -2.200000 -0.882707 16.694420
v -2.200000 -0.831491 16.525585
v -2.200000 -0.748322 16.369987
v -2.200001 -0.636396 16.233604
v -2.200001 -0.500013 16.121677
v -2.200001 -0.344414 16.038509
v -2.200001 -0.175581 15.987294
v -2.200001 0.000001 15.970001
v -2.200001 0.175582 15.987294
v -2.200001 0.344416 16.038509
v -2.200001 0.500014 16.121679
v -2.200001 0.636397 16.233606
v -2.200000 0.748323 16.369989
v -2.200000 0.831492 16.525587
v -2.200000 0.882707 16.694422
v -2.250000 0.900000 16.870001
v -2.250000 0.882707 17.045582
v -2.250000 0.831492 17.214417
v -2.250000 0.748323 17.370014
v -2.250000 0.636396 17.506397
v -2.250000 0.500013 17.618324
v -2.250000 0.344415 17.701492
v -2.250000 0.175581 17.752708
v -2.250000 0.000000 17.770000
v -2.250000 -0.175581 17.752708
v -2.250000 -0.344415 17.701492
v -2.250000 -0.500013 17.618324
v -2.250000 -0.636396 17.506397
v -2.250000 -0.748323 17.370014
v -2.250000 -0.831492 17.214417
v -2.250000 -0.882707 17.045582
v -2.250000 -0.900000 16.870001
v -2.250000 -0.882707 16.694420
v -2.250000 -0.831491 16.525585
v -2.250000 -0.748322 16.369987
v -2.250001 -0.636396 16.233604
v -2.250001 -0.500013 16.121677
v -2.250001 -0.344414 16.038509
v -2.250001 -0.175581 15.987294
v -2.250001 0.000001 15.970001
v -2.250001 0.175582 15.987294
v -2.250001 0.344416 16.038509
v -2.250001 0.500014 16.121679
v -2.250001 0.636397 16.233606
v -2.250000 0.748323 16.369989
v -2.250000 0.831492 16.525587
v -2.250000 0.882707 16.694422
v -2.200000 0.837000 16.870001
v -2.200000 0.820917 17.033291
v -2.200000 0.773287 17.190308
v -2.200000 0.695940 17.335014
v -2.200000 0.591848 17.461849
v -2.200000 0.465012 17.565941
v -2.200000 0.320306 17.643288
v -2.200000 0.163291 17.690920
v -2.200000 0.000000 17.707001
v -2.200000 -0.163290 17.690920
v -2.200000 -0.320306 17.643288
v -2.200000 -0.465012 17.565941
v -2.200000 -0.591848 17.461849
v -2.200000 -0.695940 17.335014
v -2.200000 -0.773287 17.190308
v -2.200000 -0.820917 17.033291
v -2.200000 -0.837000 16.870001
v -2.200000 -0.820917 16.706711
v -2.200000 -0.773287 16.549694
v -2.200000 -0.695940 16.404989
v -2.200001 -0.591848 16.278152
v -2.200001 -0.465012 16.174061
v -2.200001 -0.320305 16.096714
v -2.200001 -0.163290 16.049084
v -2.200001 0.000001 16.033001
v -2.200001 0.163291 16.049084
v -2.200000 0.320307 16.096714
v -2.200000 0.465013 16.174063
v -2.200001 0.591849 16.278154
v -2.200000 0.695941 16.404991
v -2.200000 0.773288 16.549696
v -2.200000 0.820918 16.706713
v -2.250000 0.837000 16.869999
v -2.250000 0.820917 17.033289
v -2.250000 0.773287 17.190306
v -2.250000 0.695940 17.335012
v -2.250000 0.591848 17.461847
v -2.250000 0.465012 17.565939
v -2.250000 0.320306 17.643286
v -2.250000 0.163291 17.690918
v -2.250000 0.000000 17.706999
v -2.250000 -0.163290 17.690918
v -2.250000 -0.320306 17.643286
v -2.250000 -0.465012 17.565939
v -2.250000 -0.591848 17.461847
v -2.250000 -0.695940 17.335012
v -2.250000 -0.773287 17.190306
v -2.250000 -0.820917 17.033289
v -2.250000 -0.837000 16.869999
v -2.250000 -0.820917 16.706709
v -2.250000 -0.773287 16.549692
v -2.250000 -0.695940 16.404987
v -2.250001 -0.591848 16.278151
v -2.250001 -0.465012 16.174059
v -2.250001 -0.320305 16.096712
v -2.250001 -0.163290 16.049082
v -2.250001 0.000001 16.032999
v -2.250001 0.163291 16.049082
v -2.250001 0.320307 16.096712
v -2.250001 0.465013 16.174061
v -2.250001 0.591849 16.278152
v -2.250000 0.695941 16.404989
v -2.250000 0.773288 16.549694
v -2.250000 0.820918 16.706711
v -2.204998 -0.713251 15.698317
v -2.204998 -0.755072 15.722471
v -2.245002 -0.755069 15.722468
v -2.245002 -0.713247 15.698315
v -2.204998 -0.405940 16.113947
v -2.204998 -0.451785 16.140415
v -2.245002 -0.451781 16.140413
v -2.245002 -0.405937 16.113943
v -2.204998 -0.560276 15.621105
v -2.204998 -0.602103 15.645254
v -2.245002 -0.602101 15.645248
v -2.245002 -0.560273 15.621103
v -2.204998 -0.479669 16.039259
v -2.245002 -0.479667 16.039255
v -2.245002 -0.464729 17.624929
v -2.245002 -0.421427 17.649929
v -2.204998 -0.421423 17.649931
v -2.204998 -0.464725 17.624931
v -2.245002 -0.701493 18.035017
v -2.245002 -0.658191 18.060015
v -2.204998 -0.658187 18.060019
v -2.204998 -0.701489 18.035019
v -2.245000 0.785629 17.239069
v -2.245000 0.808287 17.199823
v -2.205000 0.808287 17.199823
v -2.205000 0.785629 17.239069
v -2.245000 1.121460 17.645687
v -2.245000 1.144118 17.606441
v -2.205000 1.144118 17.606441
v -2.205000 1.121460 17.645687
v -2.210000 1.207999 17.479670
v -2.210000 1.230657 17.440426
v -2.240000 1.230657 17.440426
v -2.240000 1.207999 17.479670
v -2.210000 0.689779 17.405085
v -2.210000 0.712432 17.365839
v -2.240000 0.712432 17.365839
v -2.240000 0.689779 17.405085
v -2.245002 -0.750802 17.332342
v -2.245002 -0.725801 17.375641
v -2.204998 -0.725798 17.375645
v -2.204998 -0.750800 17.332344
v -2.245002 -1.162520 17.570045
v -2.245002 -1.137518 17.613346
v -2.204998 -1.137516 17.613350
v -2.204998 -1.162518 17.570049
v -2.245002 -0.800802 17.245739
v -2.245002 -0.775800 17.289040
v -2.204998 -0.775798 17.289043
v -2.204998 -0.800800 17.245743
v -2.245002 -1.212520 17.483444
v -2.245002 -1.187518 17.526745
v -2.204998 -1.187516 17.526749
v -2.204998 -1.212518 17.483448
v -2.245000 -0.878184 16.944998
v -2.245000 -0.878182 16.994999
v -2.204998 -0.878182 16.995003
v -2.204998 -0.878184 16.945002
v -2.245000 -1.356794 16.944998
v -2.245000 -1.356793 16.994997
v -2.204998 -1.356793 16.995003
v -2.204998 -1.356794 16.945002
v -2.245002 -0.890484 16.844995
v -2.245002 -0.890482 16.894999
v -2.204998 -0.890482 16.895002
v -2.204998 -0.890484 16.845001
v -2.245002 -1.356794 16.844995
v -2.245002 -1.356792 16.894999
v -2.204998 -1.356792 16.895002
v -2.204998 -1.356794 16.844999
v -2.245002 -0.878184 16.744999
v -2.245002 -0.878182 16.794998
v -2.204998 -0.878182 16.795002
v -2.204998 -0.878184 16.745003
v -2.245002 -1.356794 16.744997
v -2.245002 -1.356792 16.794998
v -2.204998 -1.356792 16.795002
v -2.204998 -1.356794 16.745003
v -2.245002 -0.799336 16.552837
v -2.245002 -0.824334 16.596140
v -2.204998 -0.824336 16.596144
v -2.204998 -0.799338 16.552841
v -2.245002 -1.237517 16.299854
v -2.245002 -1.262515 16.343157
v -2.204998 -1.262517 16.343161
v -2.204998 -1.237519 16.299858
v -2.245002 -0.767122 16.455967
v -2.245002 -0.792121 16.499269
v -2.205000 -0.792123 16.499273
v -2.204998 -0.767125 16.455971
v -2.245002 -1.196356 16.208149
v -2.245002 -1.221354 16.251450
v -2.205000 -1.221356 16.251453
v -2.204998 -1.196358 16.208153
v -2.245002 -0.717122 16.369364
v -2.245002 -0.742121 16.412666
v -2.204998 -0.742123 16.412670
v -2.204998 -0.717125 16.369368
v -2.245002 -1.146356 16.121546
v -2.245002 -1.171354 16.164848
v -2.204998 -1.171356 16.164852
v -2.204998 -1.146358 16.121550
v -2.245002 -0.649336 16.293032
v -2.245002 -0.674334 16.336332
v -2.204998 -0.674336 16.336336
v -2.204998 -0.649338 16.293036
v -2.245002 -1.087517 16.040047
v -2.245002 -1.112515 16.083349
v -2.204998 -1.112517 16.083353
v -2.204998 -1.087519 16.040051
v -2.204998 -0.106846 15.504408
v -2.204998 -0.155142 15.504416
v -2.245002 -0.155138 15.504416
v -2.245002 -0.106842 15.504408
v -2.204998 -0.046351 16.012268
v -2.204998 -0.099288 16.012268
v -2.245002 -0.099284 16.012268
v -2.245002 -0.046347 16.012268
v -2.204998 0.066410 15.504414
v -2.204998 0.018113 15.504414
v -2.245002 0.018118 15.504410
v -2.245002 0.066415 15.504414
v -2.204998 -0.072859 15.910723
v -2.245002 -0.072854 15.910721
v -2.245002 0.076130 16.002613
v -2.245002 0.026130 16.002613
v -2.204998 0.026126 16.002613
v -2.204998 0.076126 16.002613
v -2.245002 0.152444 15.503147
v -2.245002 0.102444 15.503149
v -2.204998 0.102440 15.503149
v -2.204998 0.152440 15.503147
v -2.204998 0.536830 15.587218
v -2.204998 0.495001 15.563077
v -2.245002 0.495004 15.563080
v -2.245002 0.536833 15.587220
v -2.204998 0.336199 16.073685
v -2.204998 0.290354 16.047216
v -2.245002 0.290358 16.047218
v -2.245002 0.336202 16.073687
v -2.204998 0.695134 15.677514
v -2.204998 0.653308 15.653365
v -2.245002 0.653313 15.653364
v -2.245002 0.695138 15.677516
v -2.204998 0.364015 15.972490
v -2.245002 0.364020 15.972490
v -2.245002 0.408293 16.115030
v -2.245002 0.364990 16.090031
v -2.204998 0.364987 16.090029
v -2.204998 0.408289 16.115028
v -2.245002 0.768978 15.721679
v -2.245002 0.725676 15.696680
v -2.204998 0.725672 15.696678
v -2.204998 0.768975 15.721677
v -2.245002 0.494895 16.165030
v -2.245002 0.451593 16.140032
v -2.204998 0.451589 16.140030
v -2.204998 0.494891 16.165028
v -2.245002 0.850572 15.780354
v -2.245002 0.807270 15.755356
v -2.204998 0.807266 15.755354
v -2.204998 0.850568 15.780352
v -2.204998 1.030128 15.951285
v -2.204998 1.005974 15.909464
v -2.245002 1.005976 15.909468
v -2.245002 1.030131 15.951289
v -2.204998 0.661232 16.299829
v -2.204998 0.634763 16.253984
v -2.245002 0.634765 16.253988
v -2.245002 0.661234 16.299833
v -2.204998 1.116712 16.077490
v -2.204998 1.092563 16.035664
v -2.245002 1.092569 16.035666
v -2.245002 1.116714 16.077494
v -2.204998 0.735919 16.226101
v -2.245002 0.735923 16.226103
v -2.245002 0.725457 16.372990
v -2.245002 0.700455 16.329689
v -2.204998 0.700453 16.329685
v -2.204998 0.725455 16.372986
v -2.245002 1.161099 16.151207
v -2.245002 1.136098 16.107906
v -2.204998 1.136096 16.107903
v -2.204998 1.161097 16.151203
v -2.245002 0.775457 16.459593
v -2.245002 0.750455 16.416292
v -2.204998 0.750453 16.416288
v -2.204998 0.775455 16.459589
v -2.245002 1.211099 16.237810
v -2.245002 1.186098 16.194510
v -2.204998 1.186095 16.194506
v -2.204998 1.211097 16.237806
v -2.245002 0.825457 16.546196
v -2.245002 0.800455 16.502895
v -2.204998 0.800453 16.502892
v -2.204998 0.825455 16.546192
v -2.245002 1.261099 16.324411
v -2.245002 1.236098 16.281113
v -2.204998 1.236095 16.281109
v -2.204998 1.261097 16.324409
v -2.245832 0.868482 16.863329
v -2.245832 0.868482 16.818012
v -2.205832 0.868482 16.818012
v -2.205832 0.868482 16.863329
v -2.245832 1.346115 17.055029
v -2.245832 1.346115 17.009712
v -2.205832 1.346115 17.009712
v -2.205832 1.346115 17.055029
v -2.210832 1.361100 16.863329
v -2.210832 1.361100 16.818014
v -2.240832 1.361100 16.818014
v -2.240832 1.361100 16.863329
v -2.210832 0.868481 17.055029
v -2.210832 0.868476 17.009714
v -2.240832 0.868476 17.009714
v -2.240832 0.868481 17.055029
v -2.245838 0.861362 16.798559
v -2.245838 0.861361 16.748560
v -2.205000 0.861361 16.748560
v -2.205000 0.861362 16.798559
v -2.245838 1.360366 16.798559
v -2.245838 1.360364 16.748560
v -2.205000 1.360364 16.748560
v -2.205000 1.360366 16.798559
v -2.244999 0.136554 17.738174
v -2.244999 0.181870 17.738174
v -2.204999 0.181870 17.738174
v -2.204999 0.136554 17.738174
v -2.244999 0.002079 18.241385
v -2.244999 0.047395 18.241385
v -2.204999 0.047395 18.241385
v -2.204999 0.002079 18.241385
v -2.210000 0.193779 18.216118
v -2.210000 0.239094 18.216118
v -2.240000 0.239094 18.216118
v -2.240000 0.193779 18.216118
v -2.210000 0.002079 17.749140
v -2.210000 0.047394 17.749134
v -2.240000 0.047394 17.749134
v -2.240000 0.002079 17.749140
v -2.245006 -0.095586 17.741211
v -2.245006 -0.045586 17.741209
v -2.204999 -0.045586 17.741209
v -2.204999 -0.095586 17.741211
v -2.245006 -0.095586 18.226803
v -2.245006 -0.045586 18.226801
v -2.204999 -0.045586 18.226801
v -2.204999 -0.095586 18.226803
v -2.245006 -0.195590 17.727804
v -2.245006 -0.145589 17.727802
v -2.204999 -0.145589 17.727802
v -2.204999 -0.195590 17.727804
v -2.245006 -0.195590 18.226803
v -2.245006 -0.145589 18.226801
v -2.204999 -0.145589 18.226801
v -2.204999 -0.195590 18.226803
v -2.244999 0.551781 17.551882
v -2.244999 0.591026 17.529224
v -2.204999 0.591026 17.529224
v -2.204999 0.551781 17.551882
v -2.244999 0.637341 18.083475
v -2.244999 0.676586 18.060816
v -2.204999 0.676586 18.060816
v -2.204999 0.637341 18.083475
v -2.210000 0.795196 17.973486
v -2.210000 0.834440 17.950829
v -2.240000 0.834440 17.950829
v -2.240000 0.795196 17.973486
v -2.210000 0.393299 17.660782
v -2.210000 0.432541 17.638121
v -2.240000 0.432541 17.638121
v -2.240000 0.393299 17.660782
v -2.245006 0.340138 17.683247
v -2.245006 0.383438 17.658245
v -2.204999 0.383438 17.658245
v -2.204999 0.340138 17.683247
v -2.245006 0.584782 18.106983
v -2.245006 0.628083 18.081982
v -2.204999 0.628083 18.081982
v -2.204999 0.584782 18.106983
v -2.245000 -0.870000 16.844999
v -2.245000 0.870000 16.844999
v -2.205000 0.870000 16.844999
v -2.205000 -0.870000 16.844999
v -2.245000 -0.870000 16.895000
v -2.245000 0.870000 16.895000
v -2.205000 0.870000 16.895000
v -2.205000 -0.870000 16.895000
v -2.245000 -0.075000 16.895000
v -2.245000 -0.075000 16.844999
v -2.205000 -0.075000 16.895000
v -2.205000 -0.075000 16.844999
v -2.245000 0.075000 16.895000
v -2.205000 0.075000 16.844999
v -2.245000 0.075000 16.844999
v -2.205000 0.075000 16.895000
v -2.205000 0.025002 16.000000
v -2.205000 0.025001 17.740002
v -2.245000 0.025001 17.740002
v -2.245000 0.025002 16.000000
v -2.245000 -0.024999 16.000000
v -2.245000 -0.025000 17.740002
v -2.205000 -0.025000 17.740002
v -2.205000 -0.024999 16.000000
v -2.245000 -0.025000 16.795000
v -2.245000 0.025002 16.795000
v -2.205000 -0.025000 16.795000
v -2.205000 0.025002 16.795000
v -2.245000 -0.025000 16.945002
v -2.205000 0.025001 16.945002
v -2.245000 0.025001 16.945002
v -2.205000 -0.025000 16.945002
v 2.205000 -0.628080 18.081982
v 2.245007 -0.628080 18.081982
v 2.245007 -0.584779 18.106983
v 2.205000 -0.340135 17.683247
v 2.205000 -0.383435 17.658245
v 2.245006 -0.383435 17.658245
v 2.245006 -0.340135 17.683247
v 2.240000 -0.393297 17.660782
v 2.240000 -0.432538 17.638121
v 2.210000 -0.432538 17.638121
v 2.210000 -0.393297 17.660782
v 2.240000 -0.795193 17.973486
v 2.240000 -0.834437 17.950829
v 2.210001 -0.834437 17.950829
v 2.210001 -0.795194 17.973486
v 2.205000 -0.637338 18.083475
v 2.205000 -0.676583 18.060816
v 2.245000 -0.676583 18.060816
v 2.245000 -0.637338 18.083475
v 2.205000 -0.551778 17.551882
v 2.205000 -0.591023 17.529224
v 2.245000 -0.591023 17.529224
v 2.245000 -0.551778 17.551882
v 2.204999 0.195592 18.226803
v 2.204999 0.145592 18.226801
v 2.245006 0.145592 18.226801
v 2.245006 0.195592 18.226803
v 2.204999 0.195592 17.727804
v 2.204999 0.145592 17.727802
v 2.245006 0.145592 17.727802
v 2.245006 0.195592 17.727804
v 2.204999 0.095589 18.226803
v 2.204999 0.045589 18.226801
v 2.245006 0.045589 18.226801
v 2.245006 0.095589 18.226803
v 2.204999 0.095589 17.741211
v 2.204999 0.045589 17.741209
v 2.245006 0.045589 17.741209
v 2.245006 0.095589 17.741211
v 2.240000 -0.002076 17.749140
v 2.240000 -0.047391 17.749134
v 2.210000 -0.047391 17.749134
v 2.210000 -0.002076 17.749140
v 2.240000 -0.193777 18.216118
v 2.240000 -0.239091 18.216118
v 2.210000 -0.239091 18.216118
v 2.210000 -0.193777 18.216118
v 2.204999 -0.002076 18.241385
v 2.204999 -0.047392 18.241385
v 2.244999 -0.047392 18.241385
v 2.244999 -0.002076 18.241385
v 2.205000 -0.136551 17.738174
v 2.205000 -0.181867 17.738174
v 2.245000 -0.181867 17.738174
v 2.245000 -0.136551 17.738174
v 2.205002 -1.360363 16.798559
v 2.205002 -1.360361 16.748560
v 2.245840 -1.360361 16.748560
v 2.245840 -1.360363 16.798559
v 2.205001 -0.861360 16.798559
v 2.205001 -0.861358 16.748560
v 2.245840 -0.861358 16.748560
v 2.245840 -0.861360 16.798559
v 2.240833 -0.868479 17.055029
v 2.240833 -0.868473 17.009714
v 2.210834 -0.868473 17.009714
v 2.210834 -0.868479 17.055029
v 2.240834 -1.361097 16.863329
v 2.240834 -1.361097 16.818014
v 2.210834 -1.361097 16.818014
v 2.210834 -1.361097 16.863329
v 2.205834 -1.346112 17.055029
v 2.205834 -1.346112 17.009712
v 2.245834 -1.346112 17.009712
v 2.245834 -1.346112 17.055029
v 2.205833 -0.868479 16.863329
v 2.205833 -0.868479 16.818012
v 2.245833 -0.868479 16.818012
v 2.245833 -0.868479 16.863329
v 2.205000 -1.261094 16.324409
v 2.205000 -1.236093 16.281109
v 2.245004 -1.236095 16.281113
v 2.245004 -1.261096 16.324411
v 2.204999 -0.825452 16.546192
v 2.204999 -0.800450 16.502892
v 2.245003 -0.800452 16.502895
v 2.245003 -0.825454 16.546196
v 2.204999 -1.211094 16.237806
v 2.204999 -1.186093 16.194506
v 2.245003 -1.186095 16.194510
v 2.245003 -1.211096 16.237810
v 2.204999 -0.775452 16.459589
v 2.204999 -0.750450 16.416288
v 2.245003 -0.750452 16.416292
v 2.245003 -0.775454 16.459593
v 2.204999 -1.161094 16.151203
v 2.204999 -1.136093 16.107903
v 2.245003 -1.136095 16.107906
v 2.245003 -1.161097 16.151207
v 2.204999 -0.725452 16.372986
v 2.204999 -0.700450 16.329685
v 2.245003 -0.700453 16.329689
v 2.245003 -0.725454 16.372990
v 2.245003 -0.735920 16.226103
v 2.204999 -0.735916 16.226101
v 2.245003 -1.116711 16.077494
v 2.245003 -1.092566 16.035666
v 2.204999 -1.092560 16.035664
v 2.204999 -1.116709 16.077490
v 2.245003 -0.661231 16.299833
v 2.245003 -0.634763 16.253988
v 2.204999 -0.634761 16.253984
v 2.204999 -0.661229 16.299829
v 2.245003 -1.030128 15.951289
v 2.245003 -1.005974 15.909468
v 2.204999 -1.005971 15.909464
v 2.204999 -1.030126 15.951285
v 2.204999 -0.850566 15.780352
v 2.204999 -0.807263 15.755354
v 2.245003 -0.807267 15.755356
v 2.245003 -0.850569 15.780354
v 2.204998 -0.494888 16.165028
v 2.204998 -0.451586 16.140030
v 2.245002 -0.451590 16.140032
v 2.245002 -0.494892 16.165030
v 2.204999 -0.768972 15.721677
v 2.204999 -0.725670 15.696678
v 2.245003 -0.725673 15.696680
v 2.245003 -0.768976 15.721679
v 2.204998 -0.408286 16.115028
v 2.204998 -0.364984 16.090029
v 2.245002 -0.364987 16.090031
v 2.245002 -0.408290 16.115030
v 2.245002 -0.364017 15.972490
v 2.204998 -0.364012 15.972490
v 2.245003 -0.695135 15.677516
v 2.245003 -0.653310 15.653364
v 2.204999 -0.653305 15.653365
v 2.204999 -0.695131 15.677514
v 2.245002 -0.336200 16.073687
v 2.245002 -0.290355 16.047218
v 2.204998 -0.290351 16.047216
v 2.204998 -0.336196 16.073685
v 2.245002 -0.536831 15.587220
v 2.245002 -0.495002 15.563080
v 2.204998 -0.494998 15.563077
v 2.204998 -0.536827 15.587218
v 2.204998 -0.152437 15.503147
v 2.204998 -0.102437 15.503149
v 2.245002 -0.102441 15.503149
v 2.245002 -0.152441 15.503147
v 2.204998 -0.076123 16.002613
v 2.204998 -0.026123 16.002613
v 2.245002 -0.026128 16.002613
v 2.245002 -0.076128 16.002613
v 2.245002 0.072857 15.910721
v 2.204998 0.072862 15.910723
v 2.245002 -0.066412 15.504414
v 2.245002 -0.018115 15.504410
v 2.204998 -0.018111 15.504414
v 2.204998 -0.066408 15.504414
v 2.245002 0.046350 16.012268
v 2.245002 0.099286 16.012268
v 2.204998 0.099291 16.012268
v 2.204998 0.046354 16.012268
v 2.245002 0.106845 15.504408
v 2.245002 0.155140 15.504416
v 2.204998 0.155145 15.504416
v 2.204998 0.106849 15.504408
v 2.204997 1.087522 16.040051
v 2.204997 1.112520 16.083353
v 2.245001 1.112518 16.083349
v 2.245001 1.087520 16.040047
v 2.204998 0.649341 16.293036
v 2.204998 0.674339 16.336336
v 2.245001 0.674337 16.336332
v 2.245001 0.649338 16.293032
v 2.204997 1.146361 16.121550
v 2.204997 1.171359 16.164852
v 2.245001 1.171357 16.164848
v 2.245001 1.146358 16.121546
v 2.204998 0.717127 16.369368
v 2.204998 0.742126 16.412670
v 2.245001 0.742124 16.412666
v 2.245001 0.717125 16.369364
v 2.204997 1.196361 16.208153
v 2.204998 1.221359 16.251453
v 2.245000 1.221357 16.251450
v 2.245001 1.196358 16.208149
v 2.204998 0.767127 16.455971
v 2.204999 0.792126 16.499273
v 2.245001 0.792124 16.499269
v 2.245001 0.767125 16.455967
v 2.204997 1.237522 16.299858
v 2.204997 1.262520 16.343161
v 2.245000 1.262518 16.343157
v 2.245000 1.237520 16.299854
v 2.204998 0.799341 16.552841
v 2.204998 0.824339 16.596144
v 2.245001 0.824337 16.596140
v 2.245001 0.799339 16.552837
v 2.204997 1.356797 16.745003
v 2.204997 1.356795 16.795002
v 2.245000 1.356795 16.794998
v 2.245000 1.356797 16.744997
v 2.204998 0.878187 16.745003
v 2.204998 0.878185 16.795002
v 2.245001 0.878185 16.794998
v 2.245001 0.878187 16.744999
v 2.204997 1.356797 16.844999
v 2.204997 1.356795 16.895002
v 2.245000 1.356795 16.894999
v 2.245000 1.356797 16.844995
v 2.204998 0.890487 16.845001
v 2.204998 0.890485 16.895002
v 2.245001 0.890485 16.894999
v 2.245001 0.890487 16.844995
v 2.204997 1.356797 16.945002
v 2.204997 1.356795 16.995003
v 2.244998 1.356795 16.994997
v 2.244998 1.356797 16.944998
v 2.204998 0.878187 16.945002
v 2.204998 0.878185 16.995003
v 2.244999 0.878185 16.994999
v 2.244999 0.878187 16.944998
v 2.204997 1.212521 17.483448
v 2.204997 1.187519 17.526749
v 2.245001 1.187521 17.526745
v 2.245000 1.212523 17.483444
v 2.204998 0.800803 17.245743
v 2.204998 0.775801 17.289043
v 2.245001 0.775803 17.289040
v 2.245001 0.800805 17.245739
v 2.204997 1.162521 17.570049
v 2.204997 1.137519 17.613350
v 2.245001 1.137521 17.613346
v 2.245001 1.162523 17.570045
v 2.204998 0.750803 17.332344
v 2.204998 0.725801 17.375645
v 2.245001 0.725803 17.375641
v 2.245001 0.750805 17.332342
v 2.240001 -0.689776 17.405085
v 2.240001 -0.712429 17.365839
v 2.210001 -0.712429 17.365839
v 2.210001 -0.689776 17.405085
v 2.240001 -1.207997 17.479670
v 2.240001 -1.230654 17.440426
v 2.210002 -1.230654 17.440426
v 2.210001 -1.207997 17.479670
v 2.205001 -1.121457 17.645687
v 2.205001 -1.144115 17.606441
v 2.245001 -1.144115 17.606441
v 2.245001 -1.121457 17.645687
v 2.205001 -0.785626 17.239069
v 2.205001 -0.808284 17.199823
v 2.245001 -0.808284 17.199823
v 2.245001 -0.785626 17.239069
v 2.204998 0.701492 18.035019
v 2.204998 0.658190 18.060019
v 2.245001 0.658194 18.060015
v 2.245001 0.701496 18.035017
v 2.204998 0.464728 17.624931
v 2.204998 0.421426 17.649931
v 2.245002 0.421429 17.649929
v 2.245002 0.464732 17.624929
v 2.245002 0.479670 16.039255
v 2.204998 0.479672 16.039259
v 2.245002 0.560275 15.621103
v 2.245002 0.602104 15.645248
v 2.204998 0.602106 15.645254
v 2.204998 0.560279 15.621105
v 2.245002 0.405940 16.113943
v 2.245002 0.451784 16.140413
v 2.204998 0.451788 16.140415
v 2.204998 0.405943 16.113947
v 2.245001 0.713250 15.698315
v 2.245001 0.755072 15.722468
v 2.204997 0.755075 15.722471
v 2.204997 0.713254 15.698317
v 2.250001 -0.820915 16.706711
v 2.250001 -0.773285 16.549694
v 2.250001 -0.695938 16.404989
v 2.250001 -0.591846 16.278152
v 2.250001 -0.465010 16.174061
v 2.250001 -0.320304 16.096712
v 2.250001 -0.163289 16.049082
v 2.250001 0.000002 16.032999
v 2.250000 0.163293 16.049082
v 2.250000 0.320308 16.096712
v 2.250000 0.465015 16.174059
v 2.250000 0.591851 16.278151
v 2.250000 0.695943 16.404987
v 2.250000 0.773290 16.549692
v 2.249999 0.820920 16.706709
v 2.249999 0.837003 16.869999
v 2.249999 0.820920 17.033289
v 2.249999 0.773290 17.190306
v 2.249999 0.695943 17.335012
v 2.249999 0.591851 17.461847
v 2.249999 0.465015 17.565939
v 2.249999 0.320309 17.643286
v 2.249999 0.163293 17.690918
v 2.250000 0.000003 17.706999
v 2.250000 -0.163288 17.690918
v 2.250000 -0.320303 17.643286
v 2.250000 -0.465009 17.565939
v 2.250000 -0.591846 17.461847
v 2.250001 -0.695937 17.335012
v 2.250001 -0.773284 17.190306
v 2.250001 -0.820914 17.033289
v 2.250001 -0.836997 16.869999
v 2.200001 -0.820915 16.706713
v 2.200001 -0.773285 16.549696
v 2.200001 -0.695938 16.404991
v 2.200001 -0.591846 16.278154
v 2.200001 -0.465010 16.174063
v 2.200001 -0.320304 16.096714
v 2.200001 -0.163289 16.049084
v 2.200001 0.000002 16.033001
v 2.200000 0.163293 16.049084
v 2.200000 0.320308 16.096714
v 2.200000 0.465015 16.174061
v 2.200000 0.591851 16.278152
v 2.199999 0.695943 16.404989
v 2.199999 0.773290 16.549694
v 2.199999 0.820920 16.706711
v 2.199999 0.837003 16.870001
v 2.199999 0.820920 17.033291
v 2.199999 0.773290 17.190308
v 2.199999 0.695943 17.335014
v 2.199999 0.591851 17.461849
v 2.199999 0.465015 17.565941
v 2.199999 0.320309 17.643288
v 2.199999 0.163293 17.690920
v 2.200000 0.000003 17.707001
v 2.200000 -0.163288 17.690920
v 2.200000 -0.320303 17.643288
v 2.200000 -0.465009 17.565941
v 2.200000 -0.591846 17.461849
v 2.200001 -0.695937 17.335014
v 2.200001 -0.773284 17.190308
v 2.200001 -0.820914 17.033291
v 2.200001 -0.836997 16.870001
v 2.250002 -0.882704 16.694422
v 2.250001 -0.831489 16.525587
v 2.250001 -0.748320 16.369989
v 2.250001 -0.636394 16.233606
v 2.250001 -0.500011 16.121679
v 2.250001 -0.344413 16.038509
v 2.250001 -0.175579 15.987294
v 2.250001 0.000002 15.970001
v 2.250000 0.175583 15.987294
v 2.250000 0.344417 16.038509
v 2.250000 0.500016 16.121677
v 2.250000 0.636399 16.233604
v 2.250000 0.748325 16.369987
v 2.250000 0.831494 16.525585
v 2.249999 0.882710 16.694420
v 2.249999 0.900003 16.870001
v 2.249999 0.882710 17.045582
v 2.249999 0.831495 17.214417
v 2.249999 0.748326 17.370014
v 2.249999 0.636399 17.506397
v 2.249999 0.500016 17.618324
v 2.249999 0.344418 17.701492
v 2.249999 0.175584 17.752708
v 2.250000 0.000003 17.770000
v 2.250000 -0.175578 17.752708
v 2.250000 -0.344412 17.701492
v 2.250000 -0.500010 17.618324
v 2.250000 -0.636393 17.506397
v 2.250001 -0.748320 17.370014
v 2.250001 -0.831489 17.214417
v 2.250002 -0.882704 17.045582
v 2.250002 -0.899997 16.870001
v 2.200001 -0.882704 16.694422
v 2.200001 -0.831489 16.525587
v 2.200001 -0.748320 16.369989
v 2.200001 -0.636394 16.233606
v 2.200001 -0.500011 16.121679
v 2.200001 -0.344413 16.038509
v 2.200001 -0.175579 15.987294
v 2.200001 0.000002 15.970001
v 2.200000 0.175583 15.987294
v 2.200000 0.344417 16.038509
v 2.200000 0.500015 16.121677
v 2.200000 0.636399 16.233604
v 2.199999 0.748325 16.369987
v 2.199999 0.831494 16.525585
v 2.199999 0.882710 16.694420
v 2.199999 0.900003 16.870001
v 2.199999 0.882710 17.045582
v 2.199999 0.831494 17.214417
v 2.199999 0.748325 17.370014
v 2.199999 0.636399 17.506397
v 2.199999 0.500016 17.618324
v 2.199999 0.344418 17.701492
v 2.199999 0.175584 17.752708
v 2.200000 0.000003 17.770000
v 2.200000 -0.175579 17.752708
v 2.200000 -0.344412 17.701492
v 2.200000 -0.500010 17.618324
v 2.200000 -0.636393 17.506397
v 2.200001 -0.748320 17.370014
v 2.200001 -0.831489 17.214417
v 2.200001 -0.882704 17.045582
v 2.200001 -0.899997 16.870001
v 2.250000 0.000003 15.430000
v 2.250002 -1.412328 16.589073
v 2.250002 -1.330384 16.318939
v 2.250002 -1.197314 16.069983
v 2.250002 -1.018232 15.851768
v 2.250002 -0.800020 15.672686
v 2.250002 -0.551063 15.539616
v 2.250001 -0.280929 15.457670
v 2.250000 0.280932 15.457670
v 2.250000 0.551066 15.539615
v 2.250000 0.800023 15.672685
v 2.249999 1.018236 15.851767
v 2.249999 1.197319 16.069979
v 2.249999 1.330389 16.318935
v 2.249998 1.412333 16.589069
v 2.249998 1.440003 16.870001
v 2.249998 1.412334 17.150930
v 2.249998 1.330389 17.421064
v 2.249998 1.197319 17.670021
v 2.249998 1.018237 17.888233
v 2.249998 0.800024 18.067316
v 2.249999 0.551067 18.200386
v 2.249999 0.280933 18.282331
v 2.249999 0.000003 18.310001
v 2.250000 -0.280927 18.282331
v 2.250000 -0.551061 18.200386
v 2.250000 -0.800018 18.067316
v 2.250001 -1.018231 17.888233
v 2.250001 -1.197313 17.670021
v 2.250001 -1.330384 17.421066
v 2.250002 -1.412328 17.150930
v 2.250002 -1.439997 16.870001
v 2.250000 0.000003 15.516400
v 2.250002 -1.327588 16.605928
v 2.250002 -1.250561 16.352003
v 2.250002 -1.125475 16.117983
v 2.250002 -0.957138 15.912863
v 2.250002 -0.752018 15.744525
v 2.250002 -0.517999 15.619439
v 2.250002 -0.264073 15.542410
v 2.250001 0.264076 15.542410
v 2.250001 0.518002 15.619438
v 2.250000 0.752022 15.744524
v 2.250000 0.957142 15.912861
v 2.249999 1.125480 16.117981
v 2.249999 1.250566 16.351999
v 2.249999 1.327594 16.605925
v 2.249999 1.353603 16.870001
v 2.249998 1.327594 17.134075
v 2.249998 1.250566 17.388000
v 2.249998 1.125480 17.622021
v 2.249999 0.957142 17.827139
v 2.249999 0.752023 17.995478
v 2.249999 0.518003 18.120564
v 2.249999 0.264077 18.197592
v 2.249999 0.000003 18.223602
v 2.250000 -0.264071 18.197592
v 2.250000 -0.517997 18.120564
v 2.250000 -0.752017 17.995478
v 2.250000 -0.957137 17.827139
v 2.250001 -1.125474 17.622021
v 2.250002 -1.250560 17.388002
v 2.250002 -1.327588 17.134075
v 2.250002 -1.353597 16.870001
v 2.200000 0.000003 15.516398
v 2.200002 -1.327588 16.605927
v 2.200003 -1.250561 16.352001
v 2.200002 -1.125475 16.117981
v 2.200002 -0.957138 15.912861
v 2.200002 -0.752018 15.744523
v 2.200002 -0.517998 15.619437
v 2.200001 -0.264072 15.542408
v 2.200001 0.264076 15.542408
v 2.200000 0.518003 15.619436
v 2.200000 0.752022 15.744522
v 2.200000 0.957142 15.912859
v 2.199999 1.125480 16.117979
v 2.199999 1.250566 16.351997
v 2.199999 1.327594 16.605923
v 2.199998 1.353603 16.869999
v 2.199999 1.327594 17.134073
v 2.199999 1.250567 17.387999
v 2.199998 1.125481 17.622019
v 2.199998 0.957143 17.827137
v 2.199999 0.752023 17.995476
v 2.199999 0.518003 18.120562
v 2.199999 0.264077 18.197590
v 2.199999 0.000003 18.223600
v 2.199999 -0.264071 18.197590
v 2.200000 -0.517997 18.120562
v 2.200001 -0.752017 17.995476
v 2.200001 -0.957137 17.827137
v 2.200001 -1.125474 17.622019
v 2.200001 -1.250560 17.388000
v 2.200001 -1.327588 17.134073
v 2.200002 -1.353597 16.869999
vt 0.532340 0.509163
vt 0.525003 0.509167
vt 0.525007 0.514895
vt 0.532345 0.514889
vt 0.532349 0.428861
vt 0.524973 0.428859
vt 0.524971 0.434614
vt 0.532346 0.434619
vt 0.532329 0.457619
vt 0.524972 0.457620
vt 0.524978 0.463358
vt 0.532328 0.463355
vt 0.532342 0.440373
vt 0.524969 0.440369
vt 0.524967 0.446123
vt 0.532337 0.446126
vt 0.532329 0.469086
vt 0.524984 0.469091
vt 0.524991 0.474820
vt 0.532331 0.474816
vt 0.532332 0.480543
vt 0.524995 0.480545
vt 0.524997 0.486269
vt 0.532333 0.486268
vt 0.532333 0.491992
vt 0.524998 0.491993
vt 0.525000 0.497717
vt 0.532335 0.497715
vt 0.532336 0.503438
vt 0.525001 0.503442
vt 0.525011 0.520620
vt 0.532349 0.520615
vt 0.532333 0.451875
vt 0.524969 0.451875
vt 0.533995 0.427205
vt 0.527275 0.422715
vt 0.525450 0.424540
vt 0.529941 0.431260
vt 0.536188 0.416175
vt 0.528261 0.417751
vt 0.528261 0.420332
vt 0.536188 0.421908
vt 0.513609 0.406818
vt 0.518100 0.413541
vt 0.520484 0.412554
vt 0.518908 0.404625
vt 0.529941 0.406822
vt 0.525449 0.413542
vt 0.527273 0.415367
vt 0.533995 0.410878
vt 0.507357 0.416171
vt 0.515287 0.417749
vt 0.516275 0.415365
vt 0.509554 0.410872
vt 0.523064 0.412554
vt 0.524643 0.404626
vt 0.509552 0.427207
vt 0.516275 0.422715
vt 0.515287 0.420330
vt 0.507357 0.421907
vt 0.518909 0.433457
vt 0.520485 0.425528
vt 0.518101 0.424540
vt 0.513609 0.431263
vt 0.523066 0.425528
vt 0.524644 0.433456
vt 0.514726 0.389243
vt 0.514729 0.403940
vt 0.517309 0.403940
vt 0.517307 0.389242
vt 0.509564 0.389244
vt 0.509569 0.403942
vt 0.512149 0.403941
vt 0.512145 0.389243
vt 0.504403 0.389246
vt 0.504408 0.403944
vt 0.506989 0.403943
vt 0.506983 0.389245
vt 0.540541 0.389247
vt 0.540529 0.403945
vt 0.543109 0.403947
vt 0.543122 0.389249
vt 0.527633 0.389241
vt 0.527631 0.403940
vt 0.530211 0.403940
vt 0.530215 0.389242
vt 0.535379 0.389244
vt 0.535371 0.403942
vt 0.537951 0.403943
vt 0.537960 0.389246
vt 0.522470 0.389241
vt 0.522470 0.403940
vt 0.525051 0.403940
vt 0.525051 0.389241
vt 0.519890 0.403940
vt 0.519888 0.389242
vt 0.501822 0.389247
vt 0.501827 0.403945
vt 0.532790 0.403941
vt 0.532797 0.389243
vt 0.525616 0.424712
vt 0.527454 0.427460
vt 0.530188 0.424722
vt 0.527439 0.422887
vt 0.520652 0.425702
vt 0.520009 0.428947
vt 0.523880 0.428943
vt 0.523232 0.425701
vt 0.516441 0.422889
vt 0.513689 0.424728
vt 0.516429 0.427466
vt 0.518266 0.424715
vt 0.515454 0.417922
vt 0.512209 0.417276
vt 0.512208 0.421149
vt 0.515453 0.420504
vt 0.525617 0.413715
vt 0.527455 0.410967
vt 0.523881 0.409483
vt 0.523234 0.412726
vt 0.518268 0.413713
vt 0.516431 0.410961
vt 0.513692 0.413699
vt 0.516443 0.415538
vt 0.528426 0.417923
vt 0.531668 0.417279
vt 0.530189 0.413704
vt 0.527440 0.415539
vt 0.520010 0.409481
vt 0.520653 0.412726
vt 0.531668 0.421148
vt 0.528426 0.420503
vt 0.521196 0.460974
vt 0.524133 0.460972
vt 0.524129 0.457104
vt 0.521193 0.457107
vt 0.521197 0.480325
vt 0.524138 0.480326
vt 0.524138 0.476453
vt 0.521198 0.476453
vt 0.521195 0.488072
vt 0.524136 0.488073
vt 0.524137 0.484199
vt 0.521196 0.484198
vt 0.521191 0.495819
vt 0.524133 0.495820
vt 0.524134 0.491947
vt 0.521193 0.491946
vt 0.521189 0.503567
vt 0.524131 0.503567
vt 0.524132 0.499694
vt 0.521190 0.499693
vt 0.521184 0.449373
vt 0.524120 0.449370
vt 0.524116 0.445503
vt 0.521179 0.445506
vt 0.521198 0.468711
vt 0.524136 0.468711
vt 0.524135 0.464841
vt 0.521197 0.464842
vt 0.524125 0.453237
vt 0.521188 0.453240
vt 0.524137 0.472581
vt 0.521198 0.472582
vt 0.521188 0.507440
vt 0.524129 0.507441
vt 0.525621 0.412872
vt 0.523940 0.415399
vt 0.525006 0.416460
vt 0.527531 0.414768
vt 0.515065 0.417268
vt 0.518030 0.417855
vt 0.518602 0.416468
vt 0.516084 0.414791
vt 0.516082 0.422423
vt 0.518602 0.420743
vt 0.518030 0.419355
vt 0.515064 0.419946
vt 0.520455 0.425346
vt 0.521052 0.422377
vt 0.519665 0.421804
vt 0.517977 0.424319
vt 0.525627 0.424335
vt 0.523943 0.421807
vt 0.522553 0.422380
vt 0.523141 0.425355
vt 0.528559 0.419946
vt 0.525581 0.419354
vt 0.525006 0.420743
vt 0.527529 0.422432
vt 0.520448 0.411858
vt 0.521048 0.414829
vt 0.522550 0.414828
vt 0.523133 0.411854
vt 0.525582 0.417850
vt 0.528559 0.417255
vt 0.519660 0.415404
vt 0.517972 0.412888
vt 0.517098 0.411590
vt 0.520136 0.410323
vt 0.530098 0.416946
vt 0.530103 0.420254
vt 0.528831 0.423307
vt 0.526497 0.425641
vt 0.523444 0.426894
vt 0.520147 0.426882
vt 0.517104 0.425618
vt 0.514781 0.423290
vt 0.513533 0.420252
vt 0.513527 0.416964
vt 0.523432 0.410314
vt 0.526492 0.411564
vt 0.514784 0.413924
vt 0.528835 0.413893
vt 0.521803 0.418604
vt 0.516187 0.410233
vt 0.519806 0.408716
vt 0.531718 0.416623
vt 0.531716 0.420575
vt 0.530203 0.424225
vt 0.527406 0.427007
vt 0.523764 0.428506
vt 0.519820 0.428498
vt 0.516187 0.426977
vt 0.513421 0.424195
vt 0.511924 0.420571
vt 0.511924 0.416647
vt 0.523746 0.408694
vt 0.527404 0.410194
vt 0.513416 0.413016
vt 0.530199 0.412978
vt 0.533937 0.509118
vt 0.533942 0.514868
vt 0.541312 0.514862
vt 0.541306 0.509111
vt 0.533983 0.428851
vt 0.533971 0.434570
vt 0.541300 0.434584
vt 0.541312 0.428867
vt 0.533933 0.457451
vt 0.533927 0.463175
vt 0.541263 0.463178
vt 0.541265 0.457457
vt 0.533960 0.440289
vt 0.533949 0.446008
vt 0.541279 0.446020
vt 0.541288 0.440302
vt 0.533923 0.468902
vt 0.533920 0.474634
vt 0.541267 0.474631
vt 0.541264 0.468902
vt 0.533919 0.480372
vt 0.533920 0.486116
vt 0.541282 0.486110
vt 0.541275 0.480367
vt 0.533923 0.491865
vt 0.533926 0.497616
vt 0.541295 0.497609
vt 0.541289 0.491858
vt 0.533931 0.503367
vt 0.541301 0.503360
vt 0.533948 0.520620
vt 0.541317 0.520613
vt 0.533940 0.451729
vt 0.541271 0.451738
vt 0.533888 0.410761
vt 0.529833 0.406707
vt 0.525343 0.413428
vt 0.527167 0.415253
vt 0.536085 0.421792
vt 0.536083 0.416058
vt 0.528156 0.417636
vt 0.528156 0.420217
vt 0.513502 0.431149
vt 0.518801 0.433344
vt 0.520378 0.425415
vt 0.517994 0.424427
vt 0.529836 0.431149
vt 0.533892 0.427092
vt 0.527168 0.422602
vt 0.525343 0.424427
vt 0.507253 0.421795
vt 0.509447 0.427094
vt 0.516169 0.422603
vt 0.515182 0.420218
vt 0.524536 0.433344
vt 0.522959 0.425415
vt 0.509448 0.410762
vt 0.507253 0.416060
vt 0.515182 0.417638
vt 0.516169 0.415253
vt 0.518801 0.404514
vt 0.513504 0.406707
vt 0.517993 0.413428
vt 0.520378 0.412441
vt 0.524535 0.404514
vt 0.522959 0.412441
vt 0.514166 0.531290
vt 0.516743 0.531290
vt 0.516737 0.516606
vt 0.514159 0.516608
vt 0.509012 0.531292
vt 0.511589 0.531291
vt 0.511582 0.516609
vt 0.509005 0.516611
vt 0.503858 0.531294
vt 0.506435 0.531293
vt 0.506428 0.516613
vt 0.503850 0.516614
vt 0.539970 0.531317
vt 0.542558 0.531323
vt 0.542558 0.516565
vt 0.539970 0.516570
vt 0.527055 0.531295
vt 0.529634 0.531298
vt 0.529633 0.516590
vt 0.527051 0.516594
vt 0.534798 0.531306
vt 0.537383 0.531311
vt 0.537382 0.516576
vt 0.534798 0.516581
vt 0.521898 0.531292
vt 0.524476 0.531293
vt 0.524472 0.516597
vt 0.521893 0.516600
vt 0.519320 0.531291
vt 0.519315 0.516603
vt 0.501280 0.531295
vt 0.501273 0.516615
vt 0.532215 0.531302
vt 0.532214 0.516586
vt 0.515046 0.419759
vt 0.515046 0.417179
vt 0.511803 0.416534
vt 0.511803 0.420405
vt 0.517858 0.423968
vt 0.516033 0.422144
vt 0.513284 0.423980
vt 0.516021 0.426717
vt 0.522823 0.424957
vt 0.520242 0.424956
vt 0.519597 0.428199
vt 0.523467 0.428200
vt 0.527033 0.422145
vt 0.525207 0.423969
vt 0.527043 0.426719
vt 0.529781 0.423983
vt 0.522823 0.411982
vt 0.525208 0.412970
vt 0.527045 0.410219
vt 0.523467 0.408738
vt 0.528021 0.417180
vt 0.528021 0.419761
vt 0.531264 0.420407
vt 0.531265 0.416535
vt 0.517858 0.412970
vt 0.520243 0.411982
vt 0.519597 0.408739
vt 0.516021 0.410220
vt 0.527033 0.414796
vt 0.529783 0.412958
vt 0.516033 0.414795
vt 0.513284 0.412958
vt 0.519564 0.460993
vt 0.519560 0.457118
vt 0.516617 0.457122
vt 0.516621 0.460996
vt 0.519595 0.480376
vt 0.519585 0.476499
vt 0.516639 0.476506
vt 0.516651 0.480385
vt 0.519609 0.488136
vt 0.519606 0.484256
vt 0.516662 0.484261
vt 0.516667 0.488136
vt 0.519587 0.495876
vt 0.519602 0.492012
vt 0.516666 0.492004
vt 0.516656 0.495864
vt 0.519541 0.503588
vt 0.519566 0.499734
vt 0.516639 0.499718
vt 0.516615 0.503569
vt 0.519548 0.449368
vt 0.519542 0.445493
vt 0.516600 0.445498
vt 0.516606 0.449372
vt 0.519572 0.468747
vt 0.519569 0.464870
vt 0.516627 0.464873
vt 0.516628 0.468750
vt 0.519555 0.453243
vt 0.516613 0.453247
vt 0.519577 0.472623
vt 0.516633 0.472627
vt 0.519517 0.507441
vt 0.516591 0.507423
vt 0.519957 0.412028
vt 0.517478 0.413058
vt 0.519168 0.415576
vt 0.520556 0.415001
vt 0.528063 0.420122
vt 0.528065 0.417432
vt 0.525088 0.418025
vt 0.525087 0.419528
vt 0.525132 0.424506
vt 0.527033 0.422605
vt 0.524512 0.420917
vt 0.523449 0.421980
vt 0.519963 0.425518
vt 0.522646 0.425527
vt 0.522059 0.422553
vt 0.520558 0.422550
vt 0.515589 0.422597
vt 0.517485 0.424492
vt 0.519171 0.421976
vt 0.518108 0.420915
vt 0.514570 0.417440
vt 0.514569 0.420119
vt 0.517536 0.419528
vt 0.517537 0.418028
vt 0.525132 0.413048
vt 0.522644 0.412027
vt 0.522058 0.415001
vt 0.523449 0.415573
vt 0.515590 0.414962
vt 0.518108 0.416640
vt 0.527039 0.414945
vt 0.524514 0.416635
vt 0.528344 0.414072
vt 0.526003 0.411741
vt 0.514289 0.414095
vt 0.513032 0.417136
vt 0.513037 0.420425
vt 0.514287 0.423464
vt 0.516611 0.425791
vt 0.519654 0.427054
vt 0.522950 0.427065
vt 0.526001 0.425813
vt 0.528335 0.423480
vt 0.529606 0.420430
vt 0.522947 0.410486
vt 0.519646 0.410491
vt 0.529604 0.417125
vt 0.516604 0.411758
vt 0.521310 0.418777
vt 0.529709 0.413159
vt 0.526918 0.410373
vt 0.512920 0.413186
vt 0.511428 0.416819
vt 0.511428 0.420745
vt 0.512927 0.424370
vt 0.515695 0.427150
vt 0.519327 0.428668
vt 0.523269 0.428676
vt 0.526909 0.427178
vt 0.529704 0.424397
vt 0.531217 0.420752
vt 0.523265 0.408866
vt 0.519317 0.408881
vt 0.531222 0.416803
vt 0.515691 0.410401
vt 0.499605 0.591822
vt 0.505484 0.591822
vt 0.505485 0.663673
vt 0.499605 0.663673
vt 0.511849 0.617985
vt 0.518030 0.620466
vt 0.518029 0.696113
vt 0.511848 0.693632
vt 0.521507 0.464858
vt 0.527382 0.465071
vt 0.525225 0.524456
vt 0.519349 0.524243
vt 0.502731 0.537980
vt 0.508611 0.537980
vt 0.508610 0.609830
vt 0.502730 0.609830
vt 0.497743 0.622321
vt 0.503623 0.622284
vt 0.503993 0.681457
vt 0.498113 0.681493
vt 0.515949 0.538368
vt 0.521829 0.538368
vt 0.521829 0.610218
vt 0.515949 0.610218
vt 0.512823 0.592210
vt 0.512823 0.664060
vt 0.501945 0.463063
vt 0.507826 0.463063
vt 0.507826 0.534915
vt 0.501947 0.534915
vt 0.515164 0.463450
vt 0.521044 0.463451
vt 0.521044 0.535303
vt 0.515165 0.535303
vt 0.510529 0.620640
vt 0.511231 0.695074
vt 0.508545 0.464365
vt 0.514425 0.464365
vt 0.514426 0.538861
vt 0.508546 0.538861
vt 0.523909 0.620466
vt 0.523909 0.696113
vt 0.518703 0.592210
vt 0.518703 0.664060
vt 0.503663 0.696878
vt 0.516409 0.620584
vt 0.517111 0.695019
vt 0.513808 0.692353
vt 0.509399 0.692353
vt 0.509399 0.618157
vt 0.513808 0.618157
vt 0.521952 0.469235
vt 0.515728 0.466863
vt 0.515728 0.387724
vt 0.521952 0.390095
vt 0.514930 0.517564
vt 0.509052 0.517565
vt 0.509052 0.441007
vt 0.514930 0.441007
vt 0.523276 0.609003
vt 0.515927 0.609002
vt 0.515927 0.535659
vt 0.523276 0.535660
vt 0.501542 0.625709
vt 0.507544 0.625709
vt 0.507544 0.699053
vt 0.501542 0.699053
vt 0.522284 0.688872
vt 0.514935 0.688872
vt 0.514935 0.617500
vt 0.522284 0.617501
vt 0.512015 0.471455
vt 0.518185 0.468948
vt 0.518184 0.543793
vt 0.512014 0.546300
vt 0.524379 0.689824
vt 0.519969 0.689823
vt 0.519970 0.615628
vt 0.524379 0.615628
vt 0.529157 0.609003
vt 0.529157 0.535660
vt 0.528164 0.688872
vt 0.528164 0.617501
vt 0.521365 0.519283
vt 0.521366 0.442725
vt 0.509849 0.466863
vt 0.509849 0.387724
vt 0.509055 0.688873
vt 0.509055 0.617500
vt 0.527831 0.469235
vt 0.527832 0.390095
vt 0.517609 0.667610
vt 0.510612 0.667613
vt 0.510542 0.704080
vt 0.517130 0.704120
vt 0.519708 0.501819
vt 0.512346 0.501801
vt 0.512465 0.541959
vt 0.519854 0.541976
vt 0.519073 0.622439
vt 0.511567 0.622361
vt 0.511383 0.663526
vt 0.519014 0.663614
vt 0.518375 0.384082
vt 0.510806 0.384074
vt 0.510629 0.426081
vt 0.518576 0.426035
vt 0.519932 0.582207
vt 0.512543 0.582173
vt 0.512402 0.622477
vt 0.519870 0.622528
vt 0.519536 0.384185
vt 0.512167 0.384136
vt 0.511682 0.424961
vt 0.519427 0.425019
vt 0.518487 0.468870
vt 0.510741 0.468914
vt 0.510853 0.510471
vt 0.518355 0.510432
vt 0.519946 0.663437
vt 0.512366 0.663375
vt 0.512423 0.703408
vt 0.519636 0.703426
vt 0.519312 0.466984
vt 0.511646 0.466964
vt 0.511728 0.508337
vt 0.519231 0.508341
vt 0.518104 0.550715
vt 0.510775 0.550740
vt 0.510917 0.590293
vt 0.518106 0.590283
vt 0.518705 0.548977
vt 0.511290 0.548972
vt 0.511144 0.588872
vt 0.518440 0.588893
vt 0.519720 0.421872
vt 0.512388 0.421776
vt 0.512180 0.461731
vt 0.519519 0.461795
vt 0.517678 0.629280
vt 0.510562 0.629284
vt 0.518186 0.628524
vt 0.510985 0.628505
vt 0.510576 0.667484
vt 0.517694 0.667476
vt 0.519422 0.501778
vt 0.512084 0.501724
vt 0.512014 0.541716
vt 0.519351 0.541769
vt 0.519575 0.461765
vt 0.519278 0.581954
vt 0.511881 0.581887
vt 0.519256 0.383094
vt 0.512299 0.383107
vt 0.512212 0.421722
vt 0.519591 0.421754
vt 0.511293 0.703851
vt 0.518560 0.703895
vt 0.519899 0.383548
vt 0.512991 0.383461
vt 0.510830 0.704355
vt 0.517472 0.704354
vt 0.498459 0.628466
vt 0.498707 0.667540
vt 0.498749 0.588656
vt 0.499041 0.548933
vt 0.498711 0.508319
vt 0.498954 0.466961
vt 0.498461 0.425020
vt 0.499275 0.382615
vt 0.498374 0.663336
vt 0.498558 0.705162
vt 0.499175 0.622257
vt 0.499347 0.581939
vt 0.499552 0.541784
vt 0.499626 0.501799
vt 0.499707 0.461796
vt 0.499854 0.421721
vt 0.500907 0.381946
vt 0.499447 0.663239
vt 0.499787 0.704758
vt 0.500076 0.622425
vt 0.500029 0.582295
vt 0.499935 0.542094
vt 0.499850 0.501938
vt 0.499736 0.461880
vt 0.499620 0.421790
vt 0.500119 0.381755
vt 0.498567 0.667666
vt 0.499302 0.705314
vt 0.498771 0.629260
vt 0.498448 0.590287
vt 0.498655 0.550743
vt 0.498144 0.510678
vt 0.497586 0.469137
vt 0.497052 0.426194
vt 0.497547 0.382615
vt 0.499234 0.705661
vt 0.522275 0.649112
vt 0.522047 0.673304
vt 0.515050 0.673314
vt 0.515242 0.649129
vt 0.506856 0.601749
vt 0.506827 0.577384
vt 0.513851 0.577273
vt 0.514028 0.601655
vt 0.520562 0.406373
vt 0.520903 0.429761
vt 0.514072 0.429888
vt 0.513856 0.406525
vt 0.523225 0.382602
vt 0.522991 0.407089
vt 0.516133 0.407142
vt 0.515940 0.382625
vt 0.506808 0.553304
vt 0.506880 0.529681
vt 0.513659 0.529632
vt 0.513707 0.553232
vt 0.521148 0.453616
vt 0.521381 0.477763
vt 0.514269 0.477867
vt 0.514184 0.453700
vt 0.523128 0.430919
vt 0.523075 0.455214
vt 0.515964 0.455249
vt 0.516140 0.430973
vt 0.521637 0.502515
vt 0.521989 0.528182
vt 0.514413 0.528308
vt 0.514325 0.502646
vt 0.523511 0.524719
vt 0.523090 0.550174
vt 0.515749 0.550169
vt 0.516103 0.524640
vt 0.522983 0.480043
vt 0.522738 0.505128
vt 0.515419 0.505103
vt 0.515741 0.480030
vt 0.522260 0.554787
vt 0.522663 0.582907
vt 0.514302 0.582907
vt 0.514535 0.554910
vt 0.522850 0.575314
vt 0.522652 0.600177
vt 0.515473 0.600194
vt 0.515591 0.575327
vt 0.522481 0.530467
vt 0.522350 0.556096
vt 0.514895 0.556150
vt 0.515085 0.530452
vt 0.506988 0.678408
vt 0.506938 0.652249
vt 0.514453 0.652147
vt 0.514582 0.678335
vt 0.522464 0.624770
vt 0.515362 0.624788
vt 0.506976 0.626694
vt 0.514287 0.626592
vt 0.520396 0.382602
vt 0.513324 0.382712
vt 0.521973 0.698481
vt 0.514509 0.698313
vt 0.506741 0.505576
vt 0.513895 0.505624
vt 0.524449 0.498052
vt 0.516487 0.497798
vt 0.506728 0.705932
vt 0.514940 0.705932
vt 0.522679 0.583023
vt 0.514676 0.583068
vt 0.522209 0.529676
vt 0.522477 0.553195
vt 0.522797 0.577197
vt 0.523162 0.601582
vt 0.523613 0.626506
vt 0.524047 0.652051
vt 0.524563 0.678244
vt 0.524875 0.704767
vt 0.504221 0.581773
vt 0.504408 0.554870
vt 0.504741 0.528307
vt 0.504996 0.502664
vt 0.505202 0.477885
vt 0.505321 0.453716
vt 0.505388 0.429948
vt 0.505385 0.406666
vt 0.504837 0.383820
vt 0.504571 0.581946
vt 0.505212 0.556041
vt 0.505646 0.530337
vt 0.506096 0.504991
vt 0.506530 0.479932
vt 0.506909 0.455189
vt 0.507257 0.430946
vt 0.507466 0.407171
vt 0.507191 0.383664
vt 0.505609 0.697119
vt 0.506234 0.673176
vt 0.506297 0.649063
vt 0.506316 0.624730
vt 0.506326 0.600135
vt 0.506339 0.575265
vt 0.506372 0.550094
vt 0.506464 0.524536
vt 0.506387 0.498702
vt 0.522467 0.506627
vt 0.498514 0.498738
vt 0.498632 0.524574
vt 0.498725 0.550134
vt 0.498799 0.575306
vt 0.498874 0.600177
vt 0.498946 0.624770
vt 0.499009 0.649090
vt 0.498999 0.673125
vt 0.498514 0.696949
vt 0.500222 0.383726
vt 0.500350 0.407124
vt 0.500032 0.430815
vt 0.499538 0.455031
vt 0.499031 0.479759
vt 0.498504 0.504810
vt 0.497954 0.530146
vt 0.497347 0.555838
vt 0.496677 0.581742
vt 0.498063 0.383957
vt 0.498441 0.406693
vt 0.498315 0.429892
vt 0.498104 0.453631
vt 0.497828 0.477776
vt 0.497406 0.502527
vt 0.496876 0.528144
vt 0.496266 0.554738
vt 0.496007 0.581694
vt 0.532974 0.704651
vt 0.532593 0.678073
vt 0.531850 0.651840
vt 0.531211 0.626311
vt 0.530589 0.601404
vt 0.530083 0.577038
vt 0.529622 0.553059
vt 0.529220 0.529619
vt 0.529304 0.506676
vt 0.500617 0.471907
vt 0.506497 0.471907
vt 0.506497 0.532651
vt 0.500617 0.532650
vt 0.520304 0.625584
vt 0.526185 0.625572
vt 0.526313 0.686214
vt 0.520434 0.686226
vt 0.507497 0.624033
vt 0.513377 0.624034
vt 0.513371 0.699940
vt 0.507492 0.699940
vt 0.513575 0.471361
vt 0.511519 0.547232
vt 0.519452 0.471520
vt 0.517397 0.547391
vt 0.503761 0.547831
vt 0.519646 0.577617
vt 0.512297 0.577616
vt 0.512297 0.508017
vt 0.519646 0.508018
vt 0.506417 0.577617
vt 0.506417 0.508017
vt 0.525526 0.577617
vt 0.525526 0.508018
vt 0.522396 0.486331
vt 0.516156 0.484004
vt 0.516156 0.406490
vt 0.522397 0.408817
vt 0.510277 0.484003
vt 0.510277 0.406489
vt 0.528276 0.486332
vt 0.528277 0.408817
vt 0.508902 0.485679
vt 0.515086 0.483205
vt 0.515086 0.560159
vt 0.508901 0.562632
vt 0.504492 0.485679
vt 0.504492 0.562632
vt 0.519495 0.483205
vt 0.519495 0.560159
vt 0.522182 0.691797
vt 0.514833 0.691797
vt 0.514834 0.621922
vt 0.522183 0.621922
vt 0.508954 0.691797
vt 0.508953 0.621922
vt 0.528062 0.691798
vt 0.528063 0.621922
vt 0.522284 0.659061
vt 0.514936 0.659060
vt 0.514939 0.589184
vt 0.522288 0.589185
vt 0.509058 0.659061
vt 0.509058 0.589183
vt 0.528164 0.659061
vt 0.528168 0.589185
vt 0.522287 0.587613
vt 0.514937 0.587613
vt 0.514937 0.517267
vt 0.522287 0.517267
vt 0.509058 0.587613
vt 0.509058 0.517267
vt 0.528166 0.587613
vt 0.528166 0.517267
vt 0.525639 0.666349
vt 0.518290 0.666349
vt 0.518289 0.597810
vt 0.525639 0.597810
vt 0.512411 0.666349
vt 0.512410 0.597810
vt 0.531518 0.666349
vt 0.531519 0.597810
vt 0.522260 0.464950
vt 0.514911 0.464950
vt 0.514910 0.394605
vt 0.522259 0.394605
vt 0.509031 0.464950
vt 0.509031 0.394605
vt 0.528140 0.464949
vt 0.528138 0.394605
vt 0.519473 0.470480
vt 0.512124 0.470479
vt 0.512124 0.396113
vt 0.519473 0.396113
vt 0.506244 0.470479
vt 0.506244 0.396113
vt 0.525352 0.470480
vt 0.525353 0.396113
vt 0.521786 0.660851
vt 0.514438 0.660850
vt 0.514438 0.588002
vt 0.521787 0.588002
vt 0.508558 0.660851
vt 0.508559 0.588002
vt 0.527667 0.660851
vt 0.527666 0.588002
vt 0.521418 0.697690
vt 0.514069 0.697690
vt 0.514068 0.624842
vt 0.521417 0.624842
vt 0.508189 0.697690
vt 0.508189 0.624842
vt 0.527298 0.697690
vt 0.527297 0.624842
vt 0.522630 0.696020
vt 0.515280 0.696020
vt 0.515280 0.621653
vt 0.522629 0.621653
vt 0.509400 0.696020
vt 0.509400 0.621653
vt 0.528509 0.696020
vt 0.528509 0.621653
vt 0.500149 0.586778
vt 0.506029 0.586778
vt 0.506029 0.646707
vt 0.500149 0.646708
vt 0.523474 0.442165
vt 0.529354 0.442155
vt 0.529459 0.503353
vt 0.523579 0.503363
vt 0.510664 0.440626
vt 0.516544 0.440626
vt 0.516540 0.517088
vt 0.510660 0.517087
vt 0.513103 0.586188
vt 0.511144 0.661258
vt 0.518980 0.586342
vt 0.517022 0.661411
vt 0.503391 0.661905
vt 0.508370 0.415229
vt 0.515635 0.416340
vt 0.515637 0.490603
vt 0.508372 0.489493
vt 0.521514 0.416340
vt 0.521516 0.490603
vt 0.502490 0.415229
vt 0.502492 0.489493
vt 0.501227 0.413702
vt 0.507107 0.413702
vt 0.507107 0.475765
vt 0.501227 0.475765
vt 0.520672 0.399283
vt 0.526551 0.399282
vt 0.526567 0.462591
vt 0.520687 0.462592
vt 0.507854 0.397786
vt 0.513733 0.397786
vt 0.513730 0.476360
vt 0.507850 0.476360
vt 0.514169 0.412981
vt 0.512491 0.490217
vt 0.520048 0.413108
vt 0.518369 0.490344
vt 0.504751 0.491008
vt 0.508693 0.607306
vt 0.515867 0.608900
vt 0.515867 0.687341
vt 0.508693 0.685747
vt 0.521747 0.608900
vt 0.521747 0.687341
vt 0.502813 0.607307
vt 0.502813 0.685747
vt 0.504341 0.568443
vt 0.511508 0.570066
vt 0.511508 0.647070
vt 0.504341 0.645447
vt 0.517388 0.570066
vt 0.517388 0.647070
vt 0.498461 0.568443
vt 0.498461 0.645447
vt 0.505970 0.617985
vt 0.505969 0.693632
vt 0.504652 0.621669
vt 0.510860 0.619254
vt 0.510859 0.696948
vt 0.504652 0.699363
vt 0.500242 0.621669
vt 0.500242 0.699363
vt 0.515269 0.619254
vt 0.515268 0.696948
vt 0.514893 0.625710
vt 0.514893 0.699054
vt 0.520896 0.625710
vt 0.520895 0.699054
vt 0.527244 0.519283
vt 0.527245 0.442725
vt 0.510047 0.609002
vt 0.510047 0.535660
vt 0.507605 0.471455
vt 0.507604 0.546300
vt 0.522595 0.468948
vt 0.522593 0.543793
vt 0.521657 0.497177
vt 0.514308 0.497175
vt 0.514308 0.425261
vt 0.521657 0.425261
vt 0.508428 0.497175
vt 0.508428 0.425260
vt 0.527537 0.497177
vt 0.527537 0.425261
vt 0.508165 0.611318
vt 0.508165 0.494467
vt 0.515514 0.494467
vt 0.515514 0.611318
vt 0.521393 0.494467
vt 0.521393 0.611318
vt 0.502286 0.611318
vt 0.502286 0.494467
vt 0.507807 0.701645
vt 0.507806 0.584793
vt 0.515155 0.584793
vt 0.515156 0.701645
vt 0.521034 0.584793
vt 0.521035 0.701645
vt 0.501927 0.701645
vt 0.501926 0.584793
vt 0.514761 0.386018
vt 0.514760 0.502867
vt 0.508881 0.502866
vt 0.508882 0.386018
vt 0.522727 0.460265
vt 0.522728 0.577114
vt 0.515379 0.577114
vt 0.515378 0.460265
vt 0.522110 0.386018
vt 0.522110 0.502867
vt 0.527989 0.386018
vt 0.527989 0.502868
vt 0.509500 0.577114
vt 0.509498 0.460266
vt 0.528606 0.460265
vt 0.528607 0.577114
usemtl Exterior_Mat
s off
f 6730/8953 6746/8954 6745/8955 6729/8956
f 6728/8957 6744/8958 6743/8959 6727/8960
f 6739/8961 6755/8962 6754/8963 6738/8964
f 6726/8965 6742/8966 6741/8967 6725/8968
f 6737/8969 6753/8970 6752/8971 6736/8972
f 6735/8973 6751/8974 6750/8975 6734/8976
f 6733/8977 6749/8978 6748/8979 6732/8980
f 6731/8981 6747/8982 6746/8954 6730/8953
f 6729/8956 6745/8955 6744/8983 6728/8984
f 6724/8985 6740/8986 6755/8962 6739/8961
f 6727/8960 6743/8959 6742/8966 6726/8965
f 6738/8964 6754/8963 6753/8970 6737/8969
f 6725/8968 6741/8967 6740/8986 6724/8985
f 6736/8972 6752/8971 6751/8974 6735/8973
f 6734/8976 6750/8975 6749/8978 6733/8977
f 6732/8980 6748/8979 6747/8982 6731/8981
f 6730/8987 6762/8988 6763/8989 6731/8990
f 6728/8991 6760/8992 6761/8993 6729/8994
f 6739/8995 6771/8996 6756/8997 6724/8998
f 6726/8999 6758/9000 6759/9001 6727/9002
f 6737/9003 6769/9004 6770/9005 6738/9006
f 6724/8998 6756/8997 6757/9007 6725/9008
f 6735/9009 6767/9010 6768/9011 6736/9012
f 6733/9013 6765/9014 6766/9015 6734/9016
f 6731/8990 6763/8989 6764/9017 6732/9018
f 6729/8994 6761/8993 6762/8988 6730/8987
f 6727/9002 6759/9001 6760/8992 6728/8991
f 6738/9006 6770/9005 6771/8996 6739/8995
f 6725/9008 6757/9007 6758/9000 6726/8999
f 6736/9012 6768/9011 6769/9004 6737/9003
f 6734/9016 6766/9015 6767/9010 6735/9009
f 6732/9018 6764/9017 6765/9014 6733/9013
f 6765/9019 6781/9020 6782/9021 6766/9022
f 6763/9023 6779/9024 6780/9025 6764/9026
f 6761/9027 6777/9028 6778/9029 6762/9030
f 6759/9031 6775/9032 6776/9033 6760/9034
f 6770/9035 6786/9036 6787/9037 6771/9038
f 6757/9039 6773/9040 6774/9041 6758/9042
f 6768/9043 6784/9044 6785/9045 6769/9046
f 6766/9022 6782/9021 6783/9047 6767/9048
f 6764/9026 6780/9025 6781/9020 6765/9019
f 6762/9030 6778/9029 6779/9024 6763/9023
f 6760/9049 6776/9050 6777/9028 6761/9027
f 6771/9038 6787/9037 6772/9051 6756/9052
f 6758/9042 6774/9041 6775/9032 6759/9031
f 6769/9046 6785/9045 6786/9036 6770/9035
f 6756/9052 6772/9051 6773/9040 6757/9039
f 6767/9048 6783/9047 6784/9044 6768/9043
f 6782/9053 6798/9054 6799/9055 6783/9056
f 6780/9057 6796/9058 6797/9059 6781/9060
f 6778/9061 6794/9062 6795/9063 6779/9064
f 6776/9065 6792/9066 6793/9067 6777/9068
f 6787/9069 6803/9070 6788/9071 6772/9072
f 6774/9073 6790/9074 6791/9075 6775/9076
f 6785/9077 6801/9078 6802/9079 6786/9080
f 6772/9072 6788/9071 6789/9081 6773/9082
f 6783/9056 6799/9055 6800/9083 6784/9084
f 6781/9060 6797/9059 6798/9054 6782/9053
f 6779/9064 6795/9063 6796/9058 6780/9057
f 6777/9068 6793/9067 6794/9062 6778/9061
f 6775/9076 6791/9075 6792/9066 6776/9065
f 6786/9080 6802/9079 6803/9070 6787/9069
f 6773/9082 6789/9081 6790/9074 6774/9073
f 6784/9084 6800/9083 6801/9078 6785/9077
f 6788/9085 6804/9086 6805/9087 6789/9088
f 6799/9089 6815/9090 6816/9091 6800/9092
f 6797/9093 6813/9094 6814/9095 6798/9096
f 6795/9097 6811/9098 6812/9099 6796/9100
f 6793/9101 6809/9102 6810/9103 6794/9104
f 6791/9105 6807/9106 6808/9107 6792/9108
f 6802/9109 6818/9110 6819/9111 6803/9112
f 6789/9088 6805/9087 6806/9113 6790/9114
f 6800/9092 6816/9091 6817/9115 6801/9116
f 6798/9096 6814/9095 6815/9090 6799/9089
f 6796/9100 6812/9099 6813/9094 6797/9093
f 6794/9104 6810/9103 6811/9098 6795/9097
f 6792/9117 6808/9118 6809/9102 6793/9101
f 6803/9112 6819/9111 6804/9086 6788/9085
f 6790/9114 6806/9113 6807/9106 6791/9105
f 6801/9116 6817/9115 6818/9110 6802/9109
f 6851/9119 6821/9120 6822/9121 6850/9122
f 6849/9123 6832/9124 6833/9125 6848/9126
f 6847/9127 6830/9128 6831/9129 6846/9130
f 6845/9131 6828/9132 6829/9133 6844/9134
f 6843/9135 6826/9136 6827/9137 6842/9138
f 6841/9139 6824/9140 6825/9141 6840/9142
f 6839/9143 6835/9144 6820/9145 6838/9146
f 6850/9122 6822/9121 6823/9147 6837/9148
f 6848/9126 6833/9125 6834/9149 6852/9150
f 6838/9146 6820/9145 6821/9120 6851/9119
f 6846/9130 6831/9129 6832/9124 6849/9123
f 6844/9134 6829/9133 6830/9128 6847/9127
f 6842/9138 6827/9137 6828/9132 6845/9131
f 6840/9142 6825/9141 6826/9136 6843/9135
f 6837/9148 6823/9147 6824/9140 6841/9139
f 6852/9150 6834/9149 6835/9144 6839/9143
f 6860/9151 6852/9150 6839/9143 6859/9152
f 6861/9153 6837/9148 6841/9139 6858/9154
f 6863/9155 6840/9142 6843/9135 6857/9156
f 6864/9157 6842/9138 6845/9131 6856/9158
f 6865/9159 6844/9134 6847/9127 6855/9160
f 6866/9161 6846/9130 6849/9123 6854/9162
f 6862/9163 6838/9146 6851/9119 6853/9164
f 6867/9165 6848/9126 6852/9150 6860/9151
f 6868/9166 6850/9122 6837/9148 6861/9153
f 6859/9152 6839/9143 6838/9146 6862/9163
f 6858/9154 6841/9139 6840/9142 6863/9155
f 6857/9156 6843/9135 6842/9138 6864/9157
f 6856/9158 6845/9131 6844/9134 6865/9159
f 6855/9160 6847/9127 6846/9130 6866/9161
f 6854/9162 6849/9123 6848/9126 6867/9165
f 6853/9164 6851/9119 6850/9122 6868/9166
f 6822/9121 6836/9167 6823/9147
f 6833/9125 6836/9167 6834/9149
f 6820/9145 6836/9167 6821/9120
f 6831/9129 6836/9167 6832/9124
f 6829/9133 6836/9167 6830/9128
f 6827/9137 6836/9167 6828/9132
f 6825/9141 6836/9167 6826/9136
f 6823/9147 6836/9167 6824/9140
f 6834/9149 6836/9167 6835/9144
f 6821/9120 6836/9167 6822/9121
f 6832/9124 6836/9167 6833/9125
f 6830/9128 6836/9167 6831/9129
f 6828/9132 6836/9167 6829/9133
f 6826/9136 6836/9167 6827/9137
f 6824/9140 6836/9167 6825/9141
f 6835/9144 6836/9167 6820/9145
f 6818/9168 6860/9151 6859/9152 6819/9169
f 6807/9170 6861/9153 6858/9154 6808/9171
f 6809/9172 6863/9155 6857/9156 6810/9173
f 6811/9174 6864/9157 6856/9158 6812/9175
f 6813/9176 6865/9159 6855/9160 6814/9177
f 6815/9178 6866/9161 6854/9162 6816/9179
f 6804/9180 6862/9163 6853/9164 6805/9181
f 6817/9182 6867/9165 6860/9151 6818/9168
f 6806/9183 6868/9166 6861/9153 6807/9170
f 6819/9169 6859/9152 6862/9163 6804/9180
f 6808/9171 6858/9154 6863/9155 6809/9172
f 6810/9173 6857/9156 6864/9157 6811/9174
f 6812/9175 6856/9158 6865/9159 6813/9176
f 6814/9177 6855/9160 6866/9161 6815/9178
f 6816/9179 6854/9162 6867/9165 6817/9182
f 6805/9181 6853/9164 6868/9166 6806/9183
f 6875/9184 6874/9185 6890/9186 6891/9187
f 6873/9188 6872/9189 6888/9190 6889/9191
f 6884/9192 6883/9193 6899/9194 6900/9195
f 6871/9196 6870/9197 6886/9198 6887/9199
f 6882/9200 6881/9201 6897/9202 6898/9203
f 6880/9204 6879/9205 6895/9206 6896/9207
f 6878/9208 6877/9209 6893/9210 6894/9211
f 6876/9212 6875/9184 6891/9187 6892/9213
f 6874/9185 6873/9214 6889/9215 6890/9186
f 6869/9216 6884/9192 6900/9195 6885/9217
f 6872/9189 6871/9196 6887/9199 6888/9190
f 6883/9193 6882/9200 6898/9203 6899/9194
f 6870/9197 6869/9216 6885/9217 6886/9198
f 6881/9201 6880/9204 6896/9207 6897/9202
f 6879/9205 6878/9208 6894/9211 6895/9206
f 6877/9209 6876/9212 6892/9213 6893/9210
f 6875/9218 6876/9219 6908/9220 6907/9221
f 6873/9222 6874/9223 6906/9224 6905/9225
f 6884/9226 6869/9227 6901/9228 6916/9229
f 6871/9230 6872/9231 6904/9232 6903/9233
f 6882/9234 6883/9235 6915/9236 6914/9237
f 6869/9227 6870/9238 6902/9239 6901/9228
f 6880/9240 6881/9241 6913/9242 6912/9243
f 6878/9244 6879/9245 6911/9246 6910/9247
f 6876/9219 6877/9248 6909/9249 6908/9220
f 6874/9223 6875/9218 6907/9221 6906/9224
f 6872/9231 6873/9222 6905/9225 6904/9232
f 6883/9235 6884/9226 6916/9229 6915/9236
f 6870/9238 6871/9230 6903/9233 6902/9239
f 6881/9241 6882/9234 6914/9237 6913/9242
f 6879/9245 6880/9240 6912/9243 6911/9246
f 6877/9248 6878/9244 6910/9247 6909/9249
f 6910/9250 6911/9251 6927/9252 6926/9253
f 6908/9254 6909/9255 6925/9256 6924/9257
f 6906/9258 6907/9259 6923/9260 6922/9261
f 6904/9262 6905/9263 6921/9264 6920/9265
f 6915/9266 6916/9267 6932/9268 6931/9269
f 6902/9270 6903/9271 6919/9272 6918/9273
f 6913/9274 6914/9275 6930/9276 6929/9277
f 6911/9251 6912/9278 6928/9279 6927/9252
f 6909/9255 6910/9250 6926/9253 6925/9256
f 6907/9259 6908/9254 6924/9257 6923/9260
f 6905/9280 6906/9258 6922/9261 6921/9281
f 6916/9267 6901/9282 6917/9283 6932/9268
f 6903/9271 6904/9262 6920/9265 6919/9272
f 6914/9275 6915/9266 6931/9269 6930/9276
f 6901/9282 6902/9270 6918/9273 6917/9283
f 6912/9278 6913/9274 6929/9277 6928/9279
f 6927/9284 6928/9285 6944/9286 6943/9287
f 6925/9288 6926/9289 6942/9290 6941/9291
f 6923/9292 6924/9293 6940/9294 6939/9295
f 6921/9296 6922/9297 6938/9298 6937/9299
f 6932/9300 6917/9301 6933/9302 6948/9303
f 6919/9304 6920/9305 6936/9306 6935/9307
f 6930/9308 6931/9309 6947/9310 6946/9311
f 6917/9301 6918/9312 6934/9313 6933/9302
f 6928/9285 6929/9314 6945/9315 6944/9286
f 6926/9289 6927/9284 6943/9287 6942/9290
f 6924/9293 6925/9288 6941/9291 6940/9294
f 6922/9297 6923/9292 6939/9295 6938/9298
f 6920/9305 6921/9296 6937/9299 6936/9306
f 6931/9309 6932/9300 6948/9303 6947/9310
f 6918/9312 6919/9304 6935/9307 6934/9313
f 6929/9314 6930/9308 6946/9311 6945/9315
f 6933/9316 6934/9317 6950/9318 6949/9319
f 6944/9320 6945/9321 6961/9322 6960/9323
f 6942/9324 6943/9325 6959/9326 6958/9327
f 6940/9328 6941/9329 6957/9330 6956/9331
f 6938/9332 6939/9333 6955/9334 6954/9335
f 6936/9336 6937/9337 6953/9338 6952/9339
f 6947/9340 6948/9341 6964/9342 6963/9343
f 6934/9317 6935/9344 6951/9345 6950/9318
f 6945/9321 6946/9346 6962/9347 6961/9322
f 6943/9325 6944/9320 6960/9323 6959/9326
f 6941/9329 6942/9324 6958/9327 6957/9330
f 6939/9333 6940/9328 6956/9331 6955/9334
f 6937/9348 6938/9332 6954/9335 6953/9349
f 6948/9341 6933/9316 6949/9319 6964/9342
f 6935/9344 6936/9336 6952/9339 6951/9345
f 6946/9346 6947/9340 6963/9343 6962/9347
f 6996/9350 6995/9351 6967/9352 6966/9353
f 6994/9354 6993/9355 6978/9356 6977/9357
f 6992/9358 6991/9359 6976/9360 6975/9361
f 6990/9362 6989/9363 6974/9364 6973/9365
f 6988/9366 6987/9367 6972/9368 6971/9369
f 6986/9370 6985/9371 6970/9372 6969/9373
f 6984/9374 6983/9375 6965/9376 6980/9377
f 6995/9351 6982/9378 6968/9379 6967/9352
f 6993/9355 6997/9380 6979/9381 6978/9356
f 6983/9375 6996/9350 6966/9353 6965/9376
f 6991/9359 6994/9354 6977/9357 6976/9360
f 6989/9363 6992/9358 6975/9361 6974/9364
f 6987/9367 6990/9362 6973/9365 6972/9368
f 6985/9371 6988/9366 6971/9369 6970/9372
f 6982/9378 6986/9370 6969/9373 6968/9379
f 6997/9380 6984/9374 6980/9377 6979/9381
f 7005/9382 7004/9383 6984/9374 6997/9380
f 7006/9384 7003/9385 6986/9370 6982/9378
f 7008/9386 7002/9387 6988/9366 6985/9371
f 7009/9388 7001/9389 6990/9362 6987/9367
f 7010/9390 7000/9391 6992/9358 6989/9363
f 7011/9392 6999/9393 6994/9354 6991/9359
f 7007/9394 6998/9395 6996/9350 6983/9375
f 7012/9396 7005/9382 6997/9380 6993/9355
f 7013/9397 7006/9384 6982/9378 6995/9351
f 7004/9383 7007/9394 6983/9375 6984/9374
f 7003/9385 7008/9386 6985/9371 6986/9370
f 7002/9387 7009/9388 6987/9367 6988/9366
f 7001/9389 7010/9390 6989/9363 6990/9362
f 7000/9391 7011/9392 6991/9359 6992/9358
f 6999/9393 7012/9396 6993/9355 6994/9354
f 6998/9395 7013/9397 6995/9351 6996/9350
f 6967/9352 6968/9379 6981/9398
f 6978/9356 6979/9381 6981/9398
f 6965/9376 6966/9353 6981/9398
f 6976/9360 6977/9357 6981/9398
f 6974/9364 6975/9361 6981/9398
f 6972/9368 6973/9365 6981/9398
f 6970/9372 6971/9369 6981/9398
f 6968/9379 6969/9373 6981/9398
f 6979/9381 6980/9377 6981/9398
f 6966/9353 6967/9352 6981/9398
f 6977/9357 6978/9356 6981/9398
f 6975/9361 6976/9360 6981/9398
f 6973/9365 6974/9364 6981/9398
f 6971/9369 6972/9368 6981/9398
f 6969/9373 6970/9372 6981/9398
f 6980/9377 6965/9376 6981/9398
f 6963/9399 6964/9400 7004/9383 7005/9382
f 6952/9401 6953/9402 7003/9385 7006/9384
f 6954/9403 6955/9404 7002/9387 7008/9386
f 6956/9405 6957/9406 7001/9389 7009/9388
f 6958/9407 6959/9408 7000/9391 7010/9390
f 6960/9409 6961/9410 6999/9393 7011/9392
f 6949/9411 6950/9412 6998/9395 7007/9394
f 6962/9413 6963/9399 7005/9382 7012/9396
f 6951/9414 6952/9401 7006/9384 7013/9397
f 6964/9400 6949/9411 7007/9394 7004/9383
f 6953/9402 6954/9403 7008/9386 7003/9385
f 6955/9404 6956/9405 7009/9388 7002/9387
f 6957/9406 6958/9407 7010/9390 7001/9389
f 6959/9408 6960/9409 7011/9392 7000/9391
f 6961/9410 6962/9413 7012/9396 6999/9393
f 6950/9412 6951/9414 7013/9397 6998/9395
f 7678/9415 7681/9416 7685/9417 7682/9418
f 7657/9419 7656/9420 7660/9421 7661/9422
f 7689/9423 7690/9424 7687/9425 7686/9426
f 7662/9427 7665/9428 7669/9429 7666/9430
f 7699/9431 7696/9432 7686/9433 7687/9434
f 7664/9435 7663/9436 7667/9437 7668/9438
f 7681/9416 7680/9439 7684/9440 7685/9417
f 7670/9441 7673/9442 7677/9443 7674/9444
f 7672/9445 7671/9446 7675/9447 7676/9448
f 7696/9432 7697/9449 7693/9450 7686/9433
f 7673/9442 7672/9445 7676/9448 7677/9443
f 7691/9451 7688/9452 7692/9453 7695/9454
f 7656/9420 7655/9455 7659/9456 7660/9421
f 7665/9428 7664/9435 7668/9438 7669/9429
f 7680/9439 7679/9457 7683/9458 7684/9440
f 7686/9433 7693/9450 7692/9459
f 7697/9449 7698/9460 7694/9461 7693/9450
f 7688/9452 7689/9423 7686/9426 7692/9453
f 7627/9462 7628/9463 7624/9464 7623/9465
f 7601/9466 7600/9467 7604/9468 7605/9469
f 7632/9470 7631/9471 7635/9472 7636/9473
f 7609/9474 7608/9475 7612/9476 7613/9477
f 7638/9478 7641/9479 7645/9480 7642/9481
f 7617/9482 7616/9483 7620/9484 7621/9485
f 7594/9486 7595/9487 7591/9488 7590/9489
f 7629/9490 7626/9491 7622/9492 7625/9493
f 7606/9494 7609/9474 7613/9477 7610/9495
f 7614/9496 7617/9482 7621/9485 7618/9497
f 7633/9498 7632/9470 7636/9473 7637/9499
f 7600/9467 7599/9500 7603/9501 7604/9468
f 7616/9483 7615/9502 7619/9503 7620/9484
f 7598/9504 7601/9466 7605/9469 7602/9505
f 7071/9506 7103/9507 7110/9508 7078/9509
f 7068/9510 7100/9511 7099/9512 7067/9513
f 7057/9514 7089/9515 7088/9516 7056/9517
f 7047/9518 7079/9519 7109/9520 7077/9521
f 7066/9522 7098/9523 7097/9524 7065/9525
f 7055/9526 7087/9527 7086/9528 7054/9529
f 7076/9530 7108/9531 7107/9532 7075/9533
f 7064/9534 7096/9535 7095/9536 7063/9537
f 7053/9538 7085/9539 7084/9540 7052/9541
f 7074/9542 7106/9543 7105/9544 7073/9545
f 7051/9546 7083/9547 7082/9548 7050/9549
f 7062/9550 7094/9551 7093/9552 7061/9553
f 7072/9554 7104/9555 7103/9507 7071/9506
f 7049/9556 7081/9557 7080/9558 7048/9559
f 7060/9560 7092/9561 7091/9562 7059/9563
f 7069/9564 7101/9552 7100/9511 7068/9510
f 7058/9565 7090/9566 7089/9515 7057/9514
f 7078/9567 7110/9568 7102/9569 7070/9570
f 7067/9513 7099/9512 7098/9523 7066/9522
f 7056/9517 7088/9516 7087/9571 7055/9572
f 7077/9521 7109/9520 7108/9531 7076/9530
f 7065/9525 7097/9524 7096/9535 7064/9534
f 7054/9529 7086/9528 7085/9539 7053/9538
f 7075/9533 7107/9532 7106/9543 7074/9542
f 7052/9541 7084/9540 7083/9547 7051/9546
f 7063/9573 7095/9574 7094/9551 7062/9550
f 7073/9545 7105/9544 7104/9555 7072/9554
f 7050/9549 7082/9548 7081/9557 7049/9556
f 7061/9553 7093/9552 7092/9561 7060/9560
f 7070/9570 7102/9569 7101/9552 7069/9564
f 7048/9559 7080/9558 7079/9575 7047/9576
f 7059/9563 7091/9562 7090/9566 7058/9565
f 7080/9558 7081/9557 7113/9577 7112/9578
f 7081/9557 7082/9548 7114/9579 7113/9577
f 7082/9548 7083/9547 7115/9580 7114/9579
f 7083/9547 7084/9540 7116/9581 7115/9580
f 7084/9540 7085/9539 7117/9582 7116/9581
f 7085/9539 7086/9528 7118/9583 7117/9582
f 7086/9528 7087/9527 7119/9584 7118/9583
f 7087/9571 7088/9516 7120/9585 7119/9586
f 7088/9516 7089/9515 7121/9587 7120/9585
f 7089/9515 7090/9566 7122/9588 7121/9587
f 7090/9566 7091/9562 7123/9589 7122/9588
f 7091/9562 7092/9561 7124/9590 7123/9589
f 7092/9561 7093/9552 7125/9591 7124/9590
f 7093/9552 7094/9551 7126/9592 7125/9591
f 7094/9551 7095/9574 7127/9593 7126/9592
f 7095/9536 7096/9535 7128/9594 7127/9595
f 7096/9535 7097/9524 7129/9596 7128/9594
f 7097/9524 7098/9523 7130/9597 7129/9596
f 7098/9523 7099/9512 7131/9598 7130/9597
f 7099/9512 7100/9511 7132/9599 7131/9598
f 7100/9511 7101/9552 7133/9600 7132/9599
f 7101/9552 7102/9569 7134/9601 7133/9600
f 7102/9569 7110/9568 7142/9602 7134/9601
f 7110/9508 7103/9507 7135/9603 7142/9604
f 7103/9507 7104/9555 7136/9605 7135/9603
f 7104/9555 7105/9544 7137/9606 7136/9605
f 7105/9544 7106/9543 7138/9607 7137/9606
f 7106/9543 7107/9532 7139/9608 7138/9607
f 7107/9532 7108/9531 7140/9609 7139/9608
f 7108/9531 7109/9520 7141/9610 7140/9609
f 7109/9520 7079/9519 7111/9611 7141/9610
f 7079/9575 7080/9558 7112/9578 7111/9612
f 7169/9613 7168/9614 7200/9615 7201/9616
f 7147/9617 7146/9618 7178/9619 7179/9620
f 7158/9621 7157/9622 7189/9623 7190/9624
f 7167/9625 7166/9626 7198/9627 7199/9628
f 7145/9629 7144/9630 7176/9631 7177/9632
f 7156/9633 7155/9634 7187/9635 7188/9636
f 7165/9637 7164/9638 7196/9639 7197/9640
f 7154/9641 7153/9642 7185/9643 7186/9644
f 7174/9645 7173/9646 7205/9647 7206/9648
f 7163/9649 7162/9650 7194/9651 7195/9652
f 7152/9653 7151/9654 7183/9655 7184/9656
f 7172/9657 7171/9658 7203/9659 7204/9660
f 7161/9661 7160/9662 7192/9663 7193/9664
f 7150/9665 7149/9666 7181/9667 7182/9668
f 7170/9669 7169/9613 7201/9616 7202/9670
f 7148/9671 7147/9617 7179/9620 7180/9672
f 7159/9673 7158/9621 7190/9624 7191/9674
f 7168/9614 7167/9675 7199/9676 7200/9615
f 7146/9618 7145/9629 7177/9632 7178/9619
f 7157/9622 7156/9633 7188/9636 7189/9623
f 7166/9626 7165/9637 7197/9640 7198/9627
f 7144/9630 7143/9677 7175/9678 7176/9631
f 7155/9634 7154/9641 7186/9644 7187/9635
f 7143/9679 7174/9645 7206/9648 7175/9680
f 7164/9638 7163/9649 7195/9652 7196/9639
f 7153/9642 7152/9653 7184/9656 7185/9643
f 7173/9646 7172/9657 7204/9660 7205/9647
f 7162/9650 7161/9661 7193/9664 7194/9651
f 7151/9681 7150/9665 7182/9668 7183/9682
f 7171/9658 7170/9669 7202/9670 7203/9659
f 7160/9662 7159/9683 7191/9684 7192/9663
f 7149/9666 7148/9671 7180/9672 7181/9667
f 7176/9631 7240/9685 7241/9686 7177/9632
f 7177/9632 7241/9686 7242/9687 7178/9619
f 7178/9619 7242/9687 7243/9688 7179/9620
f 7179/9620 7243/9688 7244/9689 7180/9672
f 7180/9672 7244/9689 7245/9690 7181/9667
f 7181/9667 7245/9690 7246/9691 7182/9668
f 7182/9668 7246/9691 7247/9692 7183/9682
f 7183/9655 7247/9693 7248/9694 7184/9656
f 7184/9656 7248/9694 7249/9695 7185/9643
f 7185/9643 7249/9695 7250/9696 7186/9644
f 7186/9644 7250/9696 7251/9697 7187/9635
f 7187/9635 7251/9697 7252/9698 7188/9636
f 7188/9636 7252/9698 7253/9699 7189/9623
f 7189/9623 7253/9699 7254/9700 7190/9624
f 7190/9624 7254/9700 7255/9701 7191/9674
f 7191/9684 7255/9702 7256/9703 7192/9663
f 7192/9663 7256/9703 7257/9704 7193/9664
f 7193/9664 7257/9704 7258/9705 7194/9651
f 7194/9651 7258/9705 7259/9706 7195/9652
f 7195/9652 7259/9706 7260/9707 7196/9639
f 7196/9639 7260/9707 7261/9708 7197/9640
f 7197/9640 7261/9708 7262/9709 7198/9627
f 7198/9627 7262/9709 7263/9710 7199/9628
f 7199/9676 7263/9711 7264/9712 7200/9615
f 7200/9615 7264/9712 7265/9713 7201/9616
f 7201/9616 7265/9713 7266/9714 7202/9670
f 7202/9670 7266/9714 7267/9715 7203/9659
f 7203/9659 7267/9715 7268/9716 7204/9660
f 7204/9660 7268/9716 7269/9717 7205/9647
f 7205/9647 7269/9717 7270/9718 7206/9648
f 7206/9648 7270/9718 7239/9719 7175/9680
f 7175/9678 7239/9720 7240/9685 7176/9631
f 7207/9721 7239/9719 7270/9718 7238/9722
f 7238/9722 7270/9718 7269/9717 7237/9723
f 7237/9723 7269/9717 7268/9716 7236/9724
f 7236/9724 7268/9716 7267/9715 7235/9725
f 7235/9725 7267/9715 7266/9714 7234/9726
f 7234/9726 7266/9714 7265/9713 7233/9727
f 7233/9727 7265/9713 7264/9712 7232/9728
f 7232/9728 7264/9712 7263/9711 7231/9729
f 7231/9730 7263/9710 7262/9709 7230/9731
f 7230/9731 7262/9709 7261/9708 7229/9732
f 7229/9732 7261/9708 7260/9707 7228/9733
f 7228/9733 7260/9707 7259/9706 7227/9734
f 7227/9734 7259/9706 7258/9705 7226/9735
f 7226/9735 7258/9705 7257/9704 7225/9736
f 7225/9736 7257/9704 7256/9703 7224/9737
f 7224/9737 7256/9703 7255/9702 7223/9738
f 7223/9739 7255/9701 7254/9700 7222/9740
f 7222/9740 7254/9700 7253/9699 7221/9741
f 7221/9741 7253/9699 7252/9698 7220/9742
f 7220/9742 7252/9698 7251/9697 7219/9743
f 7219/9743 7251/9697 7250/9696 7218/9744
f 7218/9744 7250/9696 7249/9695 7217/9745
f 7217/9745 7249/9695 7248/9694 7216/9746
f 7216/9746 7248/9694 7247/9693 7215/9747
f 7215/9748 7247/9692 7246/9691 7214/9749
f 7214/9749 7246/9691 7245/9690 7213/9750
f 7213/9750 7245/9690 7244/9689 7212/9751
f 7212/9751 7244/9689 7243/9688 7211/9752
f 7211/9752 7243/9688 7242/9687 7210/9753
f 7210/9753 7242/9687 7241/9686 7209/9754
f 7209/9754 7241/9686 7240/9685 7208/9755
f 7208/9755 7240/9685 7239/9720 7207/9756
f 7271/9757 7274/9758 7284/9759 7283/9760
f 7281/9761 7280/9762 7283/9763 7284/9764
f 7279/9765 7282/9766 7278/9767 7275/9768
f 7282/9766 7281/9761 7284/9764 7278/9767
f 7274/9758 7273/9769 7277/9770 7284/9759
f 7273/9769 7272/9771 7276/9772 7277/9770
f 7284/9759 7277/9770 7278/9773
f 7289/9774 7290/9775 7286/9776 7285/9777
f 7290/9775 7291/9778 7287/9779 7286/9776
f 7292/9780 7289/9774 7285/9777 7288/9781
f 7297/9782 7298/9783 7294/9784 7293/9785
f 7298/9783 7299/9786 7295/9787 7294/9784
f 7300/9788 7297/9782 7293/9785 7296/9789
f 7304/9790 7303/9791 7307/9792 7308/9793
f 7301/9794 7304/9790 7308/9793 7305/9795
f 7303/9791 7302/9796 7306/9797 7307/9792
f 7313/9798 7314/9799 7310/9800 7309/9801
f 7314/9799 7315/9802 7311/9803 7310/9800
f 7316/9804 7313/9798 7309/9801 7312/9805
f 7321/9806 7322/9807 7318/9808 7317/9809
f 7322/9807 7323/9810 7319/9811 7318/9808
f 7324/9812 7321/9806 7317/9809 7320/9813
f 7329/9814 7330/9815 7326/9816 7325/9817
f 7330/9815 7331/9818 7327/9819 7326/9816
f 7332/9820 7329/9814 7325/9817 7328/9821
f 7337/9822 7338/9823 7334/9824 7333/9825
f 7338/9823 7339/9826 7335/9827 7334/9824
f 7340/9828 7337/9822 7333/9825 7336/9829
f 7345/9830 7346/9831 7342/9832 7341/9833
f 7346/9831 7347/9834 7343/9835 7342/9832
f 7348/9836 7345/9830 7341/9833 7344/9837
f 7353/9838 7354/9839 7350/9840 7349/9841
f 7354/9839 7355/9842 7351/9843 7350/9840
f 7356/9844 7353/9838 7349/9841 7352/9845
f 7361/9846 7362/9847 7358/9848 7357/9849
f 7362/9847 7363/9850 7359/9851 7358/9848
f 7364/9852 7361/9846 7357/9849 7360/9853
f 7369/9854 7370/9855 7366/9856 7365/9857
f 7370/9855 7371/9858 7367/9859 7366/9856
f 7372/9860 7369/9854 7365/9857 7368/9861
f 7377/9862 7378/9863 7374/9864 7373/9865
f 7378/9863 7379/9866 7375/9867 7374/9864
f 7380/9868 7377/9862 7373/9865 7376/9869
f 7381/9870 7384/9871 7394/9872 7393/9873
f 7391/9874 7390/9875 7393/9876 7394/9877
f 7389/9878 7392/9879 7388/9880 7385/9881
f 7392/9879 7391/9874 7394/9877 7388/9880
f 7384/9871 7383/9882 7387/9883 7394/9872
f 7383/9882 7382/9884 7386/9885 7387/9883
f 7394/9872 7387/9883 7388/9886
f 7399/9887 7400/9888 7396/9889 7395/9890
f 7400/9888 7401/9891 7397/9892 7396/9889
f 7402/9893 7399/9887 7395/9890 7398/9894
f 7403/9895 7406/9896 7416/9897 7415/9898
f 7413/9899 7412/9900 7415/9901 7416/9902
f 7411/9903 7414/9904 7410/9905 7407/9906
f 7414/9904 7413/9899 7416/9902 7410/9905
f 7406/9896 7405/9907 7409/9908 7416/9897
f 7405/9907 7404/9909 7408/9910 7409/9908
f 7416/9897 7409/9908 7410/9911
f 7421/9912 7422/9913 7418/9914 7417/9915
f 7422/9913 7423/9916 7419/9917 7418/9914
f 7424/9918 7421/9912 7417/9915 7420/9919
f 7429/9920 7430/9921 7426/9922 7425/9923
f 7430/9921 7431/9924 7427/9925 7426/9922
f 7432/9926 7429/9920 7425/9923 7428/9927
f 7433/9431 7436/9432 7446/9433 7445/9434
f 7443/9423 7442/9424 7445/9425 7446/9426
f 7441/9451 7444/9452 7440/9453 7437/9454
f 7444/9452 7443/9423 7446/9426 7440/9453
f 7436/9432 7435/9449 7439/9450 7446/9433
f 7435/9449 7434/9460 7438/9461 7439/9450
f 7446/9433 7439/9450 7440/9459
f 7451/9416 7452/9439 7448/9440 7447/9417
f 7452/9439 7453/9457 7449/9458 7448/9440
f 7454/9415 7451/9416 7447/9417 7450/9418
f 7459/9442 7460/9445 7456/9448 7455/9443
f 7460/9445 7461/9446 7457/9447 7456/9448
f 7462/9441 7459/9442 7455/9443 7458/9444
f 7467/9428 7468/9435 7464/9438 7463/9429
f 7468/9435 7469/9436 7465/9437 7464/9438
f 7470/9427 7467/9428 7463/9429 7466/9430
f 7475/9419 7476/9420 7472/9421 7471/9422
f 7476/9420 7477/9455 7473/9456 7472/9421
f 7478/9928 7475/9419 7471/9422 7474/9929
f 7482/9930 7481/9931 7485/9932 7486/9933
f 7479/9934 7482/9930 7486/9933 7483/9935
f 7481/9931 7480/9936 7484/9937 7485/9932
f 7491/9479 7492/9938 7488/9939 7487/9480
f 7492/9938 7493/9940 7489/9941 7488/9939
f 7494/9478 7491/9479 7487/9480 7490/9481
f 7499/9498 7500/9470 7496/9473 7495/9499
f 7500/9470 7501/9471 7497/9472 7496/9473
f 7502/9942 7499/9498 7495/9499 7498/9943
f 7506/9491 7505/9462 7509/9465 7510/9492
f 7503/9490 7506/9491 7510/9492 7507/9493
f 7505/9462 7504/9463 7508/9464 7509/9465
f 7515/9482 7516/9483 7512/9484 7511/9485
f 7516/9483 7517/9502 7513/9503 7512/9484
f 7518/9496 7515/9482 7511/9485 7514/9497
f 7523/9474 7524/9475 7520/9476 7519/9477
f 7524/9475 7525/9944 7521/9945 7520/9476
f 7526/9494 7523/9474 7519/9477 7522/9495
f 7531/9466 7532/9467 7528/9468 7527/9469
f 7532/9467 7533/9500 7529/9501 7528/9468
f 7534/9504 7531/9466 7527/9469 7530/9505
f 7538/9486 7537/9487 7541/9488 7542/9489
f 7535/9946 7538/9486 7542/9489 7539/9947
f 7537/9487 7536/9948 7540/9949 7541/9488
f 7547/9950 7548/9951 7544/9952 7543/9953
f 7548/9951 7549/9954 7545/9955 7544/9952
f 7550/9956 7547/9950 7543/9953 7546/9957
f 7563/9958 7556/9959 7552/9960 7565/9961
f 7565/9961 7552/9960 7553/9962 7564/9963
f 7566/9964 7557/9965 7556/9959 7563/9958
f 7555/9966 7559/9967 7560/9968 7551/9969
f 7551/9969 7560/9968 7562/9970 7554/9971
f 7558/9972 7561/9973 7559/9967 7555/9966
f 7581/9974 7569/9975 7568/9976 7580/9977
f 7571/9978 7575/9979 7576/9980 7570/9981
f 7579/9982 7572/9983 7569/9975 7581/9974
f 7582/9984 7573/9985 7572/9983 7579/9982
f 7570/9981 7576/9980 7578/9986 7567/9987
f 7574/9988 7577/9989 7575/9979 7571/9978
f 7014/9984 7023/9985 7024/9983 7017/9982
f 7030/9964 7039/9965 7040/9959 7033/9958
f 7022/9988 7019/9989 7021/9979 7025/9978
f 7597/9946 7594/9486 7590/9489 7593/9947
f 7045/9969 7036/9968 7034/9970 7042/9971
f 7585/9950 7584/9951 7588/9952 7589/9953
f 7015/9974 7027/9975 7028/9976 7016/9977
f 7025/9978 7021/9979 7020/9980 7026/9981
f 7033/9958 7040/9959 7044/9960 7031/9961
f 7017/9982 7024/9983 7027/9975 7015/9974
f 7031/9961 7044/9960 7043/9962 7032/9963
f 7026/9981 7020/9980 7018/9986 7029/9987
f 7041/9966 7037/9967 7036/9968 7045/9969
f 7595/9487 7596/9948 7592/9949 7591/9488
f 7038/9972 7035/9973 7037/9967 7041/9966
f 7584/9951 7583/9954 7587/9955 7588/9952
f 7046/9956 7585/9950 7589/9953 7586/9957
f 7654/9928 7657/9419 7661/9422 7658/9929
f 7608/9475 7607/9944 7611/9945 7612/9476
f 7650/9930 7651/9931 7647/9932 7646/9933
f 7651/9931 7652/9936 7648/9937 7647/9932
f 7640/9938 7639/9940 7643/9941 7644/9939
f 7630/9942 7633/9498 7637/9499 7634/9943
f 7653/9934 7650/9930 7646/9933 7649/9935
f 7626/9491 7627/9462 7623/9465 7622/9492
f 7641/9479 7640/9938 7644/9939 7645/9480
f 7702/9921 7701/9924 7705/9925 7706/9922
f 7703/9920 7702/9921 7706/9922 7707/9923
f 7711/9912 7710/9913 7714/9914 7715/9915
f 7708/9918 7711/9912 7715/9915 7712/9919
f 7700/9926 7703/9920 7707/9923 7704/9927
f 7710/9913 7709/9916 7713/9917 7714/9914
f 7818/9799 7817/9802 7821/9803 7822/9800
f 7786/9831 7785/9834 7789/9835 7790/9832
f 7803/9814 7802/9815 7806/9816 7807/9817
f 7784/9836 7787/9830 7791/9833 7788/9837
f 7828/9790 7829/9791 7825/9792 7824/9793
f 7778/9839 7777/9842 7781/9843 7782/9840
f 7829/9791 7830/9796 7826/9797 7825/9792
f 7776/9844 7779/9838 7783/9841 7780/9845
f 7795/9822 7794/9823 7798/9824 7799/9825
f 7770/9847 7769/9850 7773/9851 7774/9848
f 7810/9807 7809/9810 7813/9811 7814/9808
f 7787/9830 7786/9831 7790/9832 7791/9833
f 7816/9804 7819/9798 7823/9801 7820/9805
f 7808/9812 7811/9806 7815/9809 7812/9813
f 7802/9815 7801/9818 7805/9819 7806/9816
f 7779/9838 7778/9839 7782/9840 7783/9841
f 7831/9794 7828/9790 7824/9793 7827/9795
f 7800/9820 7803/9814 7807/9817 7804/9821
f 7819/9798 7818/9799 7822/9800 7823/9801
f 7771/9846 7770/9847 7774/9848 7775/9849
f 7794/9823 7793/9826 7797/9827 7798/9824
f 7811/9806 7810/9807 7814/9808 7815/9809
f 7768/9852 7771/9846 7775/9849 7772/9853
f 7792/9828 7795/9822 7799/9825 7796/9829
f 7721/9903 7718/9904 7722/9905 7725/9906
f 7719/9899 7720/9900 7717/9901 7716/9902
f 7729/9895 7726/9896 7716/9897 7717/9898
f 7730/9893 7733/9887 7737/9890 7734/9894
f 7727/9907 7728/9909 7724/9910 7723/9908
f 7732/9888 7731/9891 7735/9892 7736/9889
f 7733/9887 7732/9888 7736/9889 7737/9890
f 7738/9872 7745/9883 7744/9886
f 7749/9882 7750/9884 7746/9885 7745/9883
f 7748/9871 7749/9882 7745/9883 7738/9872
f 7740/9879 7741/9874 7738/9877 7744/9880
f 7743/9878 7740/9879 7744/9880 7747/9881
f 7741/9874 7742/9875 7739/9876 7738/9877
f 7751/9870 7748/9871 7738/9872 7739/9873
f 7752/9868 7755/9862 7759/9865 7756/9869
f 7716/9897 7723/9908 7722/9911
f 7754/9863 7753/9866 7757/9867 7758/9864
f 7755/9862 7754/9863 7758/9864 7759/9865
f 7760/9860 7763/9854 7767/9857 7764/9861
f 7762/9855 7761/9858 7765/9859 7766/9856
f 7763/9854 7762/9855 7766/9856 7767/9857
f 7718/9904 7719/9899 7716/9902 7722/9905
f 7726/9896 7727/9907 7723/9908 7716/9897
f 7834/9783 7833/9786 7837/9787 7838/9784
f 7835/9782 7834/9783 7838/9784 7839/9785
f 7840/9780 7843/9774 7847/9777 7844/9781
f 7842/9775 7841/9778 7845/9779 7846/9776
f 7843/9774 7842/9775 7846/9776 7847/9777
f 7848/9759 7855/9770 7854/9773
f 7859/9769 7860/9771 7856/9772 7855/9770
f 7858/9758 7859/9769 7855/9770 7848/9759
f 7850/9766 7851/9761 7848/9764 7854/9767
f 7853/9765 7850/9766 7854/9767 7857/9768
f 7851/9761 7852/9762 7849/9763 7848/9764
f 7861/9757 7858/9758 7848/9759 7849/9760
f 7924/9755 7892/9685 7893/9720 7925/9756
f 7923/9754 7891/9686 7892/9685 7924/9755
f 7922/9753 7890/9687 7891/9686 7923/9754
f 7921/9752 7889/9688 7890/9687 7922/9753
f 7920/9751 7888/9689 7889/9688 7921/9752
f 7919/9750 7887/9690 7888/9689 7920/9751
f 7918/9749 7886/9691 7887/9690 7919/9750
f 7916/9746 7884/9694 7885/9693 7917/9747
f 7917/9748 7885/9692 7886/9691 7918/9749
f 7915/9745 7883/9695 7884/9694 7916/9746
f 7914/9744 7882/9696 7883/9695 7915/9745
f 7913/9743 7881/9697 7882/9696 7914/9744
f 7912/9742 7880/9698 7881/9697 7913/9743
f 7911/9741 7879/9699 7880/9698 7912/9742
f 7832/9788 7835/9782 7839/9785 7836/9789
f 7901/9730 7869/9710 7870/9709 7902/9731
f 7938/9651 7874/9705 7873/9706 7937/9652
f 7956/9631 7892/9685 7891/9686 7955/9632
f 7905/9734 7873/9706 7874/9705 7906/9735
f 7934/9627 7870/9709 7869/9710 7933/9628
f 7952/9672 7888/9689 7887/9690 7951/9667
f 7930/9670 7866/9714 7865/9715 7929/9659
f 7948/9656 7884/9694 7883/9695 7947/9643
f 7926/9648 7862/9718 7893/9719 7957/9680
f 7944/9636 7880/9698 7879/9699 7943/9623
f 7895/9723 7863/9717 7864/9716 7896/9724
f 7899/9727 7867/9713 7868/9712 7900/9728
f 7940/9663 7876/9703 7875/9704 7939/9664
f 7903/9732 7871/9708 7872/9707 7904/9733
f 7936/9639 7872/9707 7871/9708 7935/9640
f 7954/9619 7890/9687 7889/9688 7953/9620
f 7909/9739 7877/9701 7878/9700 7910/9740
f 7932/9615 7868/9712 7867/9713 7931/9616
f 7907/9736 7875/9704 7876/9703 7908/9737
f 7950/9668 7886/9691 7885/9692 7949/9682
f 7928/9660 7864/9716 7863/9717 7927/9647
f 7946/9644 7882/9696 7881/9697 7945/9635
f 7925/9721 7893/9719 7862/9718 7894/9722
f 7942/9624 7878/9700 7877/9701 7941/9674
f 7897/9725 7865/9715 7866/9714 7898/9726
f 7902/9731 7870/9709 7871/9708 7903/9732
f 7937/9652 7873/9706 7872/9707 7936/9639
f 7955/9632 7891/9686 7890/9687 7954/9619
f 7906/9735 7874/9705 7875/9704 7907/9736
f 7933/9676 7869/9711 7868/9712 7932/9615
f 7951/9667 7887/9690 7886/9691 7950/9668
f 7929/9659 7865/9715 7864/9716 7928/9660
f 7947/9643 7883/9695 7882/9696 7946/9644
f 7957/9678 7893/9720 7892/9685 7956/9631
f 7943/9623 7879/9699 7878/9700 7942/9624
f 7896/9724 7864/9716 7865/9715 7897/9725
f 7900/9728 7868/9712 7869/9711 7901/9729
f 7939/9664 7875/9704 7874/9705 7938/9651
f 7904/9733 7872/9707 7873/9706 7905/9734
f 7935/9640 7871/9708 7870/9709 7934/9627
f 7953/9620 7889/9688 7888/9689 7952/9672
f 7910/9740 7878/9700 7879/9699 7911/9741
f 7931/9616 7867/9713 7866/9714 7930/9670
f 7908/9737 7876/9703 7877/9702 7909/9738
f 7949/9655 7885/9693 7884/9694 7948/9656
f 7927/9647 7863/9717 7862/9718 7926/9648
f 7945/9635 7881/9697 7880/9698 7944/9636
f 7894/9722 7862/9718 7863/9717 7895/9723
f 7941/9684 7877/9702 7876/9703 7940/9663
f 7898/9726 7866/9714 7867/9713 7899/9727
f 7983/9666 7984/9671 7952/9672 7951/9667
f 7972/9662 7973/9683 7941/9684 7940/9663
f 7961/9658 7962/9669 7930/9670 7929/9659
f 7981/9681 7982/9665 7950/9668 7949/9682
f 7970/9650 7971/9661 7939/9664 7938/9651
f 7959/9646 7960/9657 7928/9660 7927/9647
f 7979/9642 7980/9653 7948/9656 7947/9643
f 7968/9638 7969/9649 7937/9652 7936/9639
f 7989/9679 7958/9645 7926/9648 7957/9680
f 7977/9634 7978/9641 7946/9644 7945/9635
f 7988/9630 7989/9677 7957/9678 7956/9631
f 7966/9626 7967/9637 7935/9640 7934/9627
f 7975/9622 7976/9633 7944/9636 7943/9623
f 7986/9618 7987/9629 7955/9632 7954/9619
f 7973/9673 7974/9621 7942/9624 7941/9674
f 8034/9523 8033/9512 8001/9598 8002/9597
f 8033/9512 8032/9511 8000/9599 8001/9598
f 8032/9511 8031/9552 7999/9600 8000/9599
f 8031/9552 8030/9569 7998/9601 7999/9600
f 8030/9569 8022/9568 7990/9602 7998/9601
f 8022/9508 8029/9507 7997/9603 7990/9604
f 8029/9507 8028/9555 7996/9605 7997/9603
f 8028/9555 8027/9544 7995/9606 7996/9605
f 8027/9544 8026/9543 7994/9607 7995/9606
f 8026/9543 8025/9532 7993/9608 7994/9607
f 8025/9532 8024/9531 7992/9609 7993/9608
f 8024/9531 8023/9520 7991/9610 7992/9609
f 8023/9520 8053/9519 8021/9611 7991/9610
f 8053/9575 8052/9558 8020/9578 8021/9612
f 7963/9613 7964/9614 7932/9615 7931/9616
f 7985/9617 7986/9618 7954/9619 7953/9620
f 7974/9621 7975/9622 7943/9623 7942/9624
f 7965/9625 7966/9626 7934/9627 7933/9628
f 7987/9629 7988/9630 7956/9631 7955/9632
f 7976/9633 7977/9634 7945/9635 7944/9636
f 7967/9637 7968/9638 7936/9639 7935/9640
f 7978/9641 7979/9642 7947/9643 7946/9644
f 7958/9645 7959/9646 7927/9647 7926/9648
f 7969/9649 7970/9650 7938/9651 7937/9652
f 7980/9653 7981/9654 7949/9655 7948/9656
f 7960/9657 7961/9658 7929/9659 7928/9660
f 7971/9661 7972/9662 7940/9663 7939/9664
f 7982/9665 7983/9666 7951/9667 7950/9668
f 7962/9669 7963/9613 7931/9616 7930/9670
f 7984/9671 7985/9617 7953/9620 7952/9672
f 7964/9614 7965/9675 7933/9676 7932/9615
f 8035/9524 8034/9523 8002/9597 8003/9596
f 8040/9561 8039/9552 8007/9591 8008/9590
f 8044/9516 8043/9515 8011/9587 8012/9585
f 8039/9552 8038/9551 8006/9592 8007/9591
f 8043/9515 8042/9566 8010/9588 8011/9587
f 8038/9551 8037/9574 8005/9593 8006/9592
f 8037/9536 8036/9535 8004/9594 8005/9595
f 8036/9535 8035/9524 8003/9596 8004/9594
f 8042/9566 8041/9562 8009/9589 8010/9588
f 8041/9562 8040/9561 8008/9590 8009/9589
f 8046/9528 8045/9527 8013/9584 8014/9583
f 8047/9539 8046/9528 8014/9583 8015/9582
f 8048/9540 8047/9539 8015/9582 8016/9581
f 8045/9571 8044/9516 8012/9585 8013/9586
f 8050/9548 8049/9547 8017/9580 8018/9579
f 8051/9557 8050/9548 8018/9579 8019/9577
f 8052/9558 8051/9557 8019/9577 8020/9578
f 8049/9547 8048/9540 8016/9581 8017/9580
f 8084/9559 8052/9558 8053/9575 8085/9576
f 8062/9570 8030/9569 8031/9552 8063/9564
f 8071/9553 8039/9552 8040/9561 8072/9560
f 8073/9563 8041/9562 8042/9566 8074/9565
f 8059/9545 8027/9544 8028/9555 8060/9554
f 8069/9573 8037/9574 8038/9551 8070/9550
f 8080/9541 8048/9540 8049/9547 8081/9546
f 8082/9549 8050/9548 8051/9557 8083/9556
f 8057/9533 8025/9532 8026/9543 8058/9542
f 8065/9513 8033/9512 8034/9523 8066/9522
f 8072/9560 8040/9561 8041/9562 8073/9563
f 8076/9517 8044/9516 8045/9571 8077/9572
f 8063/9564 8031/9552 8032/9511 8064/9510
f 8055/9521 8023/9520 8024/9531 8056/9530
f 8067/9525 8035/9524 8036/9535 8068/9534
f 8078/9529 8046/9528 8047/9539 8079/9538
f 8074/9565 8042/9566 8043/9515 8075/9514
f 8054/9567 8022/9568 8030/9569 8062/9570
f 8060/9554 8028/9555 8029/9507 8061/9506
f 8070/9550 8038/9551 8039/9552 8071/9553
f 8081/9546 8049/9547 8050/9548 8082/9549
f 8083/9556 8051/9557 8052/9558 8084/9559
f 8058/9542 8026/9543 8027/9544 8059/9545
f 8066/9522 8034/9523 8035/9524 8067/9525
f 8061/9506 8029/9507 8022/9508 8054/9509
f 8077/9526 8045/9527 8046/9528 8078/9529
f 8064/9510 8032/9511 8033/9512 8065/9513
f 8056/9530 8024/9531 8025/9532 8057/9533
f 8068/9534 8036/9535 8037/9536 8069/9537
f 8079/9538 8047/9539 8048/9540 8080/9541
f 8075/9514 8043/9515 8044/9516 8076/9517
f 8085/9518 8053/9519 8023/9520 8055/9521
