# Blender v2.71 (sub 0) OBJ File: 'Design39.blend'
# www.blender.org
mtllib Design39.mtl
o Door
v -2.170012 -0.344001 0.986000
v -2.170012 -0.356000 0.986000
v -2.143011 -0.356000 0.986000
v -2.143011 -0.344001 0.986000
v -2.170012 -0.230001 0.969998
v -2.170012 -0.370001 0.969998
v -2.180012 -0.370001 0.969998
v -2.180012 -0.230001 0.969998
v -2.180012 -0.230001 0.989999
v -2.180012 -0.370001 0.989999
v -2.170012 -0.370001 0.989999
v -2.170012 -0.230001 0.989999
v -2.143011 -0.322001 0.871998
v -2.143011 -0.322001 1.047999
v -2.140012 -0.320001 1.050001
v -2.140012 -0.320001 0.869998
v -2.143011 -0.378000 1.047999
v -2.143011 -0.378000 0.871998
v -2.140012 -0.380001 0.869998
v -2.140012 -0.380001 1.050001
v -2.170012 -0.356000 0.974000
v -2.143011 -0.356000 0.974000
v -2.143011 -0.344001 0.974000
v -2.170012 -0.344001 0.974000
v -2.140002 -0.050001 0.200000
v -2.140002 0.049999 0.199999
v -2.140002 0.049999 0.019998
v -2.140002 -0.050001 0.019998
v -2.140022 -0.050000 2.019998
v -2.140022 0.050000 2.020000
v -2.140022 0.050000 1.919999
v -2.140022 -0.050000 1.919999
v -2.135012 0.289999 0.919999
v -2.140012 0.299999 0.929998
v -2.140002 0.299999 0.199999
v -2.135002 0.289999 0.209999
v -2.140022 -0.400000 2.019998
v -2.140022 -0.300000 1.919999
v -2.140012 -0.300001 1.029999
v -2.140012 -0.400000 1.029999
v -2.140012 -0.050000 1.030000
v -2.140012 0.050000 1.029999
v -2.140012 0.050000 0.929998
v -2.140012 -0.050000 0.929999
v -2.135012 -0.290001 0.919999
v -2.135012 -0.060001 0.920000
v -2.135012 -0.100001 0.879999
v -2.135012 -0.250000 0.879998
v -2.135002 -0.060001 0.210000
v -2.135002 -0.100001 0.250000
v -2.135012 0.059999 0.919999
v -2.140012 -0.300001 0.929998
v -2.135002 0.059999 0.209999
v -2.135012 0.250000 0.879998
v -2.135002 0.249999 0.249999
v -2.140012 0.239999 0.869999
v -2.140002 0.239999 0.259999
v -2.135022 0.060000 1.910000
v -2.135012 0.059999 1.039998
v -2.135022 -0.290000 1.910000
v -2.135022 -0.060000 1.910000
v -2.135022 -0.100000 1.869998
v -2.135022 -0.250000 1.869998
v -2.140022 0.300000 1.919999
v -2.135022 0.290000 1.910000
v -2.140012 -0.240001 0.869999
v -2.140012 -0.110001 0.870000
v -2.140002 -0.110001 0.260000
v -2.140003 -0.240001 0.259999
v -2.135003 -0.250001 0.249999
v -2.135003 -0.290001 0.209999
v -2.135012 -0.060001 1.039999
v -2.135012 -0.100001 1.080000
v -2.135002 0.099999 0.249999
v -2.140003 -0.300001 0.199999
v -2.140003 -0.400001 0.019998
v -2.140012 -0.400000 0.929998
v -2.140022 -0.110000 1.860001
v -2.140022 -0.240000 1.860001
v -2.140012 -0.110001 1.089999
v -2.140012 -0.240001 1.089998
v -2.135012 -0.250000 1.079999
v -2.135012 -0.290001 1.039998
v -2.140002 0.109999 0.259999
v -2.135012 0.099999 0.879998
v -2.135022 0.250000 1.869998
v -2.135022 0.100000 1.869998
v -2.135012 0.289999 1.039998
v -2.140012 0.299999 1.029999
v -2.140012 0.109999 0.869999
v -2.135012 0.250000 1.079999
v -2.135012 0.099999 1.079999
v -2.140022 0.110000 1.860001
v -2.140012 0.109999 1.089998
v -2.140012 0.400001 1.029999
v -2.140012 0.400001 0.929998
v -2.140022 0.240000 1.860001
v -2.140012 0.239999 1.089998
v -2.140002 0.399999 0.019998
v -2.140022 0.400001 2.020000
vt 0.802059 0.961457
vt 0.802059 0.954639
vt 0.817402 0.954639
vt 0.817402 0.961457
vt 0.825240 0.903835
vt 0.825240 0.983387
vt 0.819559 0.983387
vt 0.819558 0.903835
vt 0.808193 0.903835
vt 0.808193 0.983387
vt 0.802511 0.983387
vt 0.802511 0.903835
vt 0.798621 0.892844
vt 0.798621 0.992852
vt 0.796573 0.993990
vt 0.796573 0.891708
vt 0.819558 0.989069
vt 0.808193 0.989069
vt 0.830441 0.992853
vt 0.830441 0.892844
vt 0.832490 0.891707
vt 0.832490 0.993990
vt 0.802059 0.947820
vt 0.817402 0.947820
vt 0.797484 0.890796
vt 0.831578 0.890796
vt 0.831578 0.994901
vt 0.797485 0.994901
vt 0.817402 0.941002
vt 0.802059 0.941003
vt 0.815365 0.988072
vt 0.804000 0.988072
vt 0.804000 0.908520
vt 0.815365 0.908520
vt 0.817401 0.968276
vt 0.802059 0.968275
vt 0.808193 0.898153
vt 0.819558 0.898153
vt 0.906473 0.958820
vt 0.925699 0.958753
vt 0.925612 0.993644
vt 0.906512 0.993658
vt 0.907912 0.613332
vt 0.927340 0.613523
vt 0.927042 0.633264
vt 0.907974 0.633111
vt 0.973665 0.820707
vt 0.976054 0.818460
vt 0.974871 0.959004
vt 0.972599 0.956786
vt 0.837219 0.612764
vt 0.856396 0.632760
vt 0.856124 0.798634
vt 0.837231 0.798884
vt 0.906901 0.798686
vt 0.925792 0.798677
vt 0.925743 0.818101
vt 0.906688 0.818158
vt 0.858673 0.820389
vt 0.904312 0.820421
vt 0.896488 0.828254
vt 0.866626 0.828350
vt 0.904183 0.956620
vt 0.896568 0.948991
vt 0.928139 0.820442
vt 0.856254 0.818052
vt 0.928019 0.956498
vt 0.965792 0.828492
vt 0.964983 0.948984
vt 0.963606 0.830648
vt 0.962891 0.946861
vt 0.929600 0.635664
vt 0.928473 0.796268
vt 0.858975 0.635157
vt 0.905274 0.635557
vt 0.897545 0.643318
vt 0.866723 0.643188
vt 0.978480 0.633812
vt 0.975772 0.636240
vt 0.868830 0.830570
vt 0.894315 0.830427
vt 0.894456 0.946869
vt 0.869312 0.946814
vt 0.867194 0.948992
vt 0.859554 0.956780
vt 0.904351 0.796332
vt 0.896890 0.788647
vt 0.935641 0.948901
vt 0.857249 0.959060
vt 0.838056 0.994291
vt 0.837219 0.818068
vt 0.895071 0.645682
vt 0.869152 0.645503
vt 0.894535 0.786359
vt 0.868790 0.786097
vt 0.866394 0.788414
vt 0.858799 0.796203
vt 0.937775 0.946729
vt 0.936005 0.828415
vt 0.968020 0.643950
vt 0.937283 0.643709
vt 0.973933 0.796693
vt 0.976464 0.799062
vt 0.938189 0.830641
vt 0.966524 0.788964
vt 0.936088 0.788556
vt 0.939693 0.646027
vt 0.938490 0.786259
vt 0.995179 0.799422
vt 0.995104 0.818457
vt 0.965539 0.646298
vt 0.964187 0.786665
vt 0.993982 0.994222
vt 0.997889 0.614175
usemtl Exterior_Mat
s off
f 1/1 2/2 3/3 4/4
f 5/5 6/6 7/7 8/8
f 9/9 10/10 11/11 12/12
f 13/13 14/14 15/15 16/16
f 10/10 7/7 6/17 11/18
f 17/19 18/20 19/21 20/22
f 13/13 18/20 17/19 14/14
f 2/2 21/23 22/24 3/3
f 10/10 9/9 8/8 7/7
f 16/25 19/26 18/20 13/13
f 14/14 17/19 20/27 15/28
f 23/29 22/24 21/23 24/30
f 11/31 6/32 5/33 12/34
f 4/4 23/35 24/36 1/1
f 12/37 5/38 8/8 9/9
f 25/39 26/40 27/41 28/42
f 29/43 30/44 31/45 32/46
f 33/47 34/48 35/49 36/50
f 37/51 38/52 39/53 40/54
f 41/55 42/56 43/57 44/58
f 45/59 46/60 47/61 48/62
f 47/61 46/60 49/63 50/64
f 43/57 34/48 33/47 51/65
f 52/66 44/58 46/60 45/59
f 43/57 51/65 53/67 26/40
f 54/68 33/47 36/50 55/69
f 56/70 54/68 55/69 57/71
f 31/45 58/72 59/73 42/56
f 60/74 61/75 62/76 63/77
f 31/45 64/78 65/79 58/72
f 66/80 67/81 68/82 69/83
f 45/59 48/62 70/84 71/85
f 38/52 32/46 61/75 60/74
f 62/76 61/75 72/86 73/87
f 74/88 55/69 36/50 53/67
f 46/60 44/58 25/39 49/63
f 75/89 25/39 28/42 76/90
f 40/54 39/53 52/66 77/91
f 61/75 32/46 41/55 72/86
f 63/77 62/76 78/92 79/93
f 52/66 45/59 71/85 75/89
f 70/84 50/64 49/63 71/85
f 79/93 78/92 80/94 81/95
f 82/96 73/87 72/86 83/97
f 37/51 29/43 32/46 38/52
f 84/98 57/71 55/69 74/88
f 77/91 52/66 75/89 76/90
f 51/65 33/47 54/68 85/99
f 58/72 65/79 86/100 87/101
f 59/73 88/102 89/103 42/56
f 85/99 90/104 84/98 74/88
f 67/81 47/61 50/64 68/82
f 81/95 80/94 73/87 82/96
f 48/62 47/61 67/81 66/80
f 86/100 65/79 88/102 91/105
f 83/97 72/86 41/55 39/53
f 58/72 87/101 92/106 59/73
f 87/101 93/107 94/108 92/106
f 92/106 91/105 88/102 59/73
f 89/103 95/109 96/110 34/48
f 44/58 43/57 26/40 25/39
f 87/101 86/100 97/111 93/107
f 78/92 62/76 73/87 80/94
f 39/53 41/55 44/58 52/66
f 42/56 89/103 34/48 43/57
f 94/108 98/112 91/105 92/106
f 65/79 64/78 89/103 88/102
f 60/74 63/77 82/96 83/97
f 63/77 79/93 81/95 82/96
f 85/99 54/68 56/70 90/104
f 34/48 96/110 99/113 35/49
f 90/104 56/70 57/71 84/98
f 32/46 31/45 42/56 41/55
f 93/107 97/111 98/112 94/108
f 48/62 66/80 69/83 70/84
f 69/83 68/82 50/64 70/84
f 71/85 49/63 25/39 75/89
f 97/111 86/100 91/105 98/112
f 38/52 60/74 83/97 39/53
f 51/65 85/99 74/88 53/67
f 53/67 36/50 35/49 26/40
f 26/40 35/49 99/113 27/41
f 64/78 100/114 95/109 89/103
f 30/44 100/114 64/78 31/45
o DoorFrame
v -2.100001 -0.399997 0.020003
v -2.200001 -0.399996 0.019999
v -2.200001 -0.399996 2.020000
v -2.100001 -0.399997 2.020000
v -2.200001 0.400003 0.019999
v -2.100000 0.400003 0.019999
v -2.100000 0.400003 2.020000
v -2.200001 0.400003 2.020000
v -2.199998 -0.429997 0.000000
v -2.199998 -0.429996 2.040000
v -2.200001 0.430004 2.040000
v -2.200001 0.430002 0.000000
vt 0.885656 0.988718
vt 0.867233 0.988710
vt 0.867401 0.620260
vt 0.885824 0.620268
vt 0.910779 0.990008
vt 0.892357 0.990004
vt 0.892435 0.621559
vt 0.910857 0.621563
vt 0.981649 0.805764
vt 0.960109 0.805764
vt 0.960109 0.633450
vt 0.981649 0.633450
vt 0.860724 0.993044
vt 0.860908 0.616588
vt 0.985957 0.626988
vt 0.985957 0.812226
vt 0.917364 0.617227
vt 0.917274 0.993678
vt 0.929128 0.812821
vt 0.929127 0.627572
vt 0.933435 0.634034
vt 0.933436 0.806359
vt 0.954976 0.634034
vt 0.954977 0.806359
usemtl Exterior_Mat
s off
f 101/115 102/116 103/117 104/118
f 105/119 106/120 107/121 108/122
f 108/123 107/124 104/125 103/126
f 103/117 102/116 109/127 110/128
f 108/123 103/126 110/129 111/130
f 111/131 112/132 105/119 108/122
f 112/133 109/134 102/135 105/136
f 105/136 102/135 101/137 106/138
o Windows
v -2.054995 0.015001 4.909993
v -2.054993 0.150005 4.909993
v -2.090001 -0.009999 4.914993
v -2.084996 -0.014998 4.909993
v -2.084996 -0.149997 4.909993
v -2.090001 -0.154996 4.914993
v -2.089999 0.200007 3.960000
v -2.090001 0.000000 3.960002
v -2.054998 0.150002 4.009995
v -2.054995 0.014999 4.009995
v -2.090001 -0.199999 4.960001
v -2.090001 0.000000 4.960001
v -2.089999 0.155003 4.636649
v -2.090001 0.010000 4.636649
v -2.084996 0.015002 4.641649
v -2.084994 0.150006 4.641646
v -2.054995 -0.149998 4.611646
v -2.054995 -0.014999 4.611650
v -2.089999 0.200007 4.293324
v -2.089999 0.155003 4.004994
v -2.084997 0.150004 4.009995
v -2.084994 0.150004 4.278318
v -2.089999 0.155003 4.283321
v -2.054995 0.150004 4.611646
v -2.054995 0.150004 4.308318
v -2.090001 0.009999 4.914993
v -2.084996 0.015002 4.909993
v -2.054995 -0.014999 4.641649
v -2.054995 -0.149998 4.641646
v -2.090001 -0.199999 4.626652
v -2.090001 -0.199999 4.293324
v -2.054995 -0.149998 4.278318
v -2.054995 -0.014999 4.278321
v -2.054997 0.015001 4.611650
v -2.054995 0.015000 4.278321
v -2.054995 0.150002 4.278318
v -2.090001 -0.009999 4.636649
v -2.090001 -0.154997 4.636649
v -2.084996 -0.149998 4.641649
v -2.084996 -0.014998 4.641652
v -2.054993 0.150005 4.641646
v -2.054995 0.015001 4.641649
v -2.054995 -0.149998 4.308318
v -2.084994 0.150005 4.611646
v -2.084996 0.015002 4.611650
v -2.090001 0.010000 4.616649
v -2.089999 0.155003 4.616649
v -2.084996 -0.014998 4.611652
v -2.084996 -0.149998 4.611649
v -2.090001 -0.154997 4.616649
v -2.090001 -0.009999 4.616649
v -2.054997 0.015001 4.308321
v -2.090001 0.009999 4.004994
v -2.090001 0.010000 4.283324
v -2.084996 0.015001 4.278323
v -2.084996 0.015000 4.009995
v -2.084996 -0.014998 4.278322
v -2.084996 -0.149998 4.278318
v -2.090001 -0.154997 4.283321
v -2.090001 -0.009999 4.283322
v -2.084996 -0.149998 4.308319
v -2.090001 -0.154997 4.303321
v -2.089999 0.200007 4.626652
v -2.090001 0.000001 4.626649
v -2.089999 0.155003 4.303321
v -2.090001 0.010000 4.303321
v -2.084996 0.015002 4.308321
v -2.084994 0.150005 4.308318
v -2.084996 -0.014998 4.009995
v -2.090001 -0.009999 4.004994
v -2.054995 -0.014998 4.909993
v -2.054995 -0.149997 4.909993
v -2.084996 -0.149998 4.009995
v -2.090001 -0.154998 4.004994
v -2.054995 -0.014999 4.308321
v -2.084996 -0.014998 4.308322
v -2.090001 -0.009999 4.303321
v -2.054995 -0.014999 4.009995
v -2.054995 -0.149998 4.009995
v -2.090001 -0.200000 3.960002
v -2.084994 0.150006 4.909993
v -2.089999 0.155003 4.914993
v -2.090001 0.000001 4.293322
v -2.089999 0.200007 4.960001
v -2.069997 0.014999 4.009995
v -2.069997 0.014999 4.278320
v -2.069997 0.150000 4.278320
v -2.069997 0.150000 4.009995
v -2.069997 0.014999 4.308321
v -2.069997 0.014999 4.611650
v -2.069997 0.150000 4.611650
v -2.069997 0.150000 4.308321
v -2.069997 0.014999 4.641651
v -2.069997 0.014999 4.909990
v -2.069997 0.150000 4.909990
v -2.069997 0.150000 4.641651
v -2.069997 -0.014997 4.009995
v -2.069997 -0.150000 4.009995
v -2.069997 -0.150000 4.278320
v -2.069997 -0.014997 4.278320
v -2.069997 -0.014997 4.308321
v -2.069997 -0.150000 4.308318
v -2.069997 -0.150000 4.611648
v -2.069997 -0.014997 4.611651
v -2.069997 -0.014997 4.641651
v -2.069997 -0.150000 4.641648
v -2.069997 -0.150000 4.909989
v -2.069997 -0.014997 4.909992
v -2.054995 0.015001 10.509996
v -2.054993 0.150005 10.509996
v -2.090001 -0.009999 10.514997
v -2.084996 -0.014998 10.509996
v -2.084996 -0.149997 10.509996
v -2.090001 -0.154996 10.514997
v -2.089999 0.200007 9.560003
v -2.090001 0.000000 9.560005
v -2.054998 0.150002 9.609998
v -2.054995 0.014999 9.609998
v -2.090001 -0.199999 10.560004
v -2.090001 0.000000 10.560004
v -2.089999 0.155003 10.236652
v -2.090001 0.010000 10.236652
v -2.084996 0.015002 10.241652
v -2.084994 0.150006 10.241650
v -2.054995 -0.149998 10.211649
v -2.054995 -0.014999 10.211653
v -2.089999 0.200007 9.893328
v -2.089999 0.155003 9.604998
v -2.084997 0.150004 9.609998
v -2.084994 0.150004 9.878321
v -2.089999 0.155003 9.883324
v -2.054995 0.150004 10.211649
v -2.054995 0.150004 9.908321
v -2.090001 0.009999 10.514997
v -2.084996 0.015002 10.509996
v -2.054995 -0.014999 10.241652
v -2.054995 -0.149998 10.241650
v -2.090001 -0.199999 10.226656
v -2.090001 -0.199999 9.893328
v -2.054995 -0.149998 9.878321
v -2.054995 -0.014999 9.878325
v -2.054997 0.015001 10.211653
v -2.054995 0.015000 9.878325
v -2.054995 0.150002 9.878321
v -2.090001 -0.009999 10.236652
v -2.090001 -0.154997 10.236652
v -2.084996 -0.149998 10.241652
v -2.084996 -0.014998 10.241655
v -2.054993 0.150005 10.241650
v -2.054995 0.015001 10.241652
v -2.054995 -0.149998 9.908321
v -2.084994 0.150005 10.211649
v -2.084996 0.015002 10.211653
v -2.090001 0.010000 10.216652
v -2.089999 0.155003 10.216652
v -2.084996 -0.014998 10.211655
v -2.084996 -0.149998 10.211652
v -2.090001 -0.154997 10.216652
v -2.090001 -0.009999 10.216652
v -2.054997 0.015001 9.908324
v -2.090001 0.009999 9.604998
v -2.090001 0.010000 9.883327
v -2.084996 0.015001 9.878326
v -2.084996 0.015000 9.609998
v -2.084996 -0.014998 9.878325
v -2.084996 -0.149998 9.878321
v -2.090001 -0.154997 9.883324
v -2.090001 -0.009999 9.883326
v -2.084996 -0.149998 9.908321
v -2.090001 -0.154997 9.903324
v -2.089999 0.200007 10.226656
v -2.090001 0.000001 10.226652
v -2.089999 0.155003 9.903324
v -2.090001 0.010000 9.903324
v -2.084996 0.015002 9.908324
v -2.084994 0.150005 9.908321
v -2.084996 -0.014998 9.609998
v -2.090001 -0.009999 9.604998
v -2.054995 -0.014998 10.509996
v -2.054995 -0.149997 10.509996
v -2.084996 -0.149998 9.609998
v -2.090001 -0.154998 9.604998
v -2.054995 -0.014999 9.908324
v -2.084996 -0.014998 9.908325
v -2.090001 -0.009999 9.903324
v -2.054995 -0.014999 9.609998
v -2.054995 -0.149998 9.609998
v -2.090001 -0.200000 9.560005
v -2.084994 0.150006 10.509996
v -2.089999 0.155003 10.514997
v -2.090001 0.000001 9.893326
v -2.089999 0.200007 10.560004
v -2.069997 0.014999 9.609998
v -2.069997 0.014999 9.878323
v -2.069997 0.150000 9.878323
v -2.069997 0.150000 9.609998
v -2.069997 0.014999 9.908324
v -2.069997 0.014999 10.211653
v -2.069997 0.150000 10.211653
v -2.069997 0.150000 9.908324
v -2.069997 0.014999 10.241654
v -2.069997 0.014999 10.509993
v -2.069997 0.150000 10.509993
v -2.069997 0.150000 10.241654
v -2.069997 -0.014997 9.609998
v -2.069997 -0.150000 9.609998
v -2.069997 -0.150000 9.878323
v -2.069997 -0.014997 9.878323
v -2.069997 -0.014997 9.908324
v -2.069997 -0.150000 9.908321
v -2.069997 -0.150000 10.211651
v -2.069997 -0.014997 10.211655
v -2.069997 -0.014997 10.241654
v -2.069997 -0.150000 10.241652
v -2.069997 -0.150000 10.509993
v -2.069997 -0.014997 10.509995
vt 0.916723 0.708967
vt 0.918688 0.707578
vt 0.918691 0.670067
vt 0.916724 0.668678
vt 0.924017 0.710488
vt 0.924017 0.670199
vt 0.925982 0.671589
vt 0.925982 0.709099
vt 0.917631 0.754660
vt 0.915666 0.753271
vt 0.915666 0.678717
vt 0.917632 0.677327
vt 0.920038 0.760251
vt 0.920037 0.682913
vt 0.922003 0.684302
vt 0.922004 0.758862
vt 0.908932 0.703858
vt 0.908931 0.744146
vt 0.906966 0.742757
vt 0.906965 0.705247
vt 0.916494 0.709099
vt 0.916495 0.671589
vt 0.918460 0.670199
vt 0.918461 0.710488
vt 0.916454 0.705247
vt 0.916454 0.742757
vt 0.914488 0.744146
vt 0.914489 0.703858
vt 0.916780 0.735798
vt 0.916780 0.658464
vt 0.918746 0.659854
vt 0.918746 0.734408
vt 0.915814 0.669564
vt 0.915814 0.707074
vt 0.913847 0.708463
vt 0.913849 0.668175
vt 0.916644 0.677281
vt 0.918610 0.678671
vt 0.918611 0.762952
vt 0.916645 0.764341
vt 0.904237 0.711601
vt 0.916738 0.714379
vt 0.916738 0.754666
vt 0.904236 0.767170
vt 0.921240 0.722992
vt 0.921238 0.667421
vt 0.920605 0.752959
vt 0.920604 0.712670
vt 0.922570 0.714060
vt 0.922570 0.751570
vt 0.909258 0.734408
vt 0.909258 0.659852
vt 0.911224 0.658463
vt 0.911224 0.735797
vt 0.916497 0.668379
vt 0.918462 0.669769
vt 0.918463 0.744329
vt 0.916497 0.745717
vt 0.913082 0.751570
vt 0.913082 0.714060
vt 0.915048 0.712670
vt 0.915048 0.752959
vt 0.911900 0.750672
vt 0.911901 0.663614
vt 0.913867 0.665003
vt 0.913866 0.749283
vt 0.916556 0.677146
vt 0.918522 0.678537
vt 0.918522 0.753091
vt 0.916556 0.754480
vt 0.904217 0.711745
vt 0.904219 0.656173
vt 0.917260 0.763029
vt 0.917259 0.670409
vt 0.904378 0.749282
vt 0.904379 0.665003
vt 0.906344 0.663615
vt 0.906343 0.750672
vt 0.918703 0.715768
vt 0.918703 0.753277
vt 0.912516 0.758860
vt 0.912515 0.684304
vt 0.914480 0.682914
vt 0.914481 0.760250
vt 0.916739 0.668533
vt 0.918705 0.669922
vt 0.918705 0.707434
vt 0.916739 0.708823
vt 0.917964 0.745519
vt 0.915999 0.744130
vt 0.915999 0.669570
vt 0.917964 0.668181
vt 0.917484 0.745807
vt 0.915519 0.744419
vt 0.915519 0.660138
vt 0.917484 0.658748
vt 0.904140 0.674502
vt 0.904141 0.767119
vt 0.930136 0.767162
vt 0.930136 0.674547
vt 0.911710 0.701079
vt 0.911709 0.756650
vt 0.908291 0.668175
vt 0.908291 0.708463
vt 0.906325 0.707074
vt 0.906326 0.669564
vt 0.927038 0.753277
vt 0.927038 0.715768
vt 0.927027 0.670068
vt 0.927024 0.707579
vt 0.896042 0.749282
vt 0.896043 0.665003
vt 0.897989 0.707074
vt 0.897990 0.669564
vt 0.922202 0.665002
vt 0.922202 0.749284
vt 0.908159 0.709099
vt 0.908159 0.671588
vt 0.904180 0.758861
vt 0.904179 0.684304
vt 0.934318 0.671588
vt 0.934318 0.709099
vt 0.907663 0.669570
vt 0.907663 0.744131
vt 0.926798 0.744330
vt 0.926798 0.669768
vt 0.898630 0.742757
vt 0.898630 0.705247
vt 0.907183 0.660138
vt 0.907184 0.744418
vt 0.930905 0.714060
vt 0.930905 0.751570
vt 0.926947 0.762951
vt 0.926945 0.678672
vt 0.927082 0.659854
vt 0.927082 0.734408
vt 0.900922 0.734408
vt 0.900922 0.659853
vt 0.904746 0.751570
vt 0.904746 0.714059
vt 0.924150 0.669564
vt 0.924150 0.707074
vt 0.924790 0.705248
vt 0.924790 0.742757
vt 0.927041 0.707433
vt 0.927041 0.669922
vt 0.926858 0.753091
vt 0.926857 0.678537
vt 0.907331 0.678716
vt 0.907331 0.753271
vt 0.916728 0.754809
vt 0.918694 0.753421
vt 0.918688 0.715911
vt 0.916722 0.714521
vt 0.930339 0.684301
vt 0.930340 0.758862
vt 0.927023 0.715910
vt 0.927029 0.753419
vt 0.911068 0.720967
vt 0.911070 0.665397
vt 0.909122 0.753450
vt 0.909122 0.660836
vt 0.904052 0.674367
vt 0.904052 0.766981
vt 0.917828 0.765463
vt 0.917826 0.709892
vt 0.914002 0.748299
vt 0.914002 0.655685
vt 0.930469 0.748296
vt 0.930468 0.655676
vt 0.904225 0.767315
vt 0.904238 0.656028
vt 0.903993 0.655874
vt 0.903994 0.748495
vt 0.929989 0.748585
vt 0.929988 0.655970
vt 0.919319 0.150040
vt 0.919318 0.009620
vt 0.989967 0.009620
vt 0.989967 0.150039
vt 0.919866 0.168642
vt 0.919866 0.009905
vt 0.990515 0.009905
vt 0.990515 0.168642
vt 0.919409 0.167863
vt 0.919409 0.027437
vt 0.990058 0.027437
vt 0.990058 0.167863
vt 0.919387 0.149966
vt 0.919387 0.009546
vt 0.990036 0.009546
vt 0.990503 0.168271
vt 0.919853 0.168273
vt 0.919853 0.009535
vt 0.990503 0.009533
vt 0.989845 0.149708
vt 0.919195 0.149709
vt 0.919195 0.009282
vt 0.989845 0.009280
vt 0.917495 0.718992
vt 0.915529 0.717603
vt 0.915529 0.680094
vt 0.917495 0.678705
vt 0.922425 0.748047
vt 0.922426 0.707758
vt 0.924391 0.709148
vt 0.924390 0.746659
vt 0.917927 0.754847
vt 0.915962 0.753458
vt 0.915961 0.678904
vt 0.917926 0.677514
vt 0.910574 0.763644
vt 0.910572 0.686306
vt 0.912539 0.687694
vt 0.912540 0.762253
vt 0.927992 0.744985
vt 0.927991 0.704696
vt 0.929957 0.706085
vt 0.929958 0.743595
vt 0.914902 0.746658
vt 0.914903 0.709147
vt 0.916869 0.707758
vt 0.916868 0.748047
vt 0.920470 0.743595
vt 0.920468 0.706085
vt 0.922434 0.704696
vt 0.922435 0.744985
vt 0.919804 0.738268
vt 0.919804 0.660931
vt 0.921771 0.662321
vt 0.921770 0.736878
vt 0.917653 0.763249
vt 0.917650 0.725739
vt 0.919616 0.724350
vt 0.919618 0.764638
vt 0.916685 0.658608
vt 0.918651 0.659998
vt 0.918652 0.744278
vt 0.916686 0.745667
vt 0.904274 0.711416
vt 0.916776 0.714194
vt 0.916778 0.754483
vt 0.904276 0.766988
vt 0.919648 0.760551
vt 0.919647 0.704980
vt 0.920877 0.701458
vt 0.920877 0.661168
vt 0.922843 0.662558
vt 0.922843 0.700069
vt 0.912282 0.736878
vt 0.912282 0.662322
vt 0.914248 0.660932
vt 0.914248 0.738267
vt 0.916534 0.668565
vt 0.918500 0.669955
vt 0.918499 0.744514
vt 0.916534 0.745903
vt 0.913354 0.700069
vt 0.913355 0.662558
vt 0.915321 0.661168
vt 0.915320 0.701458
vt 0.915553 0.745811
vt 0.915553 0.658754
vt 0.917519 0.660142
vt 0.917520 0.744422
vt 0.916773 0.658890
vt 0.918739 0.660280
vt 0.918741 0.734833
vt 0.916775 0.736222
vt 0.930000 0.721770
vt 0.930000 0.666200
vt 0.907796 0.766423
vt 0.907794 0.673802
vt 0.908031 0.744422
vt 0.908031 0.660143
vt 0.909996 0.658754
vt 0.909997 0.745811
vt 0.918741 0.715583
vt 0.918743 0.753094
vt 0.903051 0.762256
vt 0.903050 0.687697
vt 0.905016 0.686308
vt 0.905017 0.763646
vt 0.916581 0.724345
vt 0.918546 0.725734
vt 0.918546 0.763244
vt 0.916580 0.764633
vt 0.917536 0.745719
vt 0.915571 0.744330
vt 0.915572 0.669769
vt 0.917537 0.668380
vt 0.917947 0.745661
vt 0.915982 0.744274
vt 0.915979 0.659993
vt 0.917944 0.658603
vt 0.904182 0.655829
vt 0.904182 0.748444
vt 0.930431 0.767349
vt 0.930431 0.674734
vt 0.925214 0.747763
vt 0.925213 0.692192
vt 0.925174 0.764638
vt 0.925174 0.724350
vt 0.927140 0.725739
vt 0.927140 0.763249
vt 0.927078 0.753093
vt 0.927077 0.715583
vt 0.907193 0.680094
vt 0.907193 0.717603
vt 0.899695 0.744422
vt 0.899695 0.660144
vt 0.935476 0.725739
vt 0.935476 0.763249
vt 0.925854 0.660142
vt 0.925855 0.744421
vt 0.906567 0.746658
vt 0.906568 0.709147
vt 0.894716 0.762256
vt 0.894715 0.687697
vt 0.932727 0.709148
vt 0.932726 0.746659
vt 0.907236 0.669769
vt 0.907236 0.744329
vt 0.926835 0.744515
vt 0.926835 0.669954
vt 0.938293 0.706084
vt 0.938294 0.743595
vt 0.907644 0.659994
vt 0.907646 0.744274
vt 0.931178 0.662558
vt 0.931178 0.700069
vt 0.926988 0.744278
vt 0.926987 0.659998
vt 0.930107 0.662322
vt 0.930106 0.736878
vt 0.903947 0.736878
vt 0.903946 0.662322
vt 0.905018 0.700068
vt 0.905019 0.662558
vt 0.909318 0.763249
vt 0.909314 0.725740
vt 0.912134 0.743596
vt 0.912132 0.706086
vt 0.926882 0.763244
vt 0.926882 0.725734
vt 0.927076 0.734833
vt 0.927075 0.660279
vt 0.907625 0.678904
vt 0.907626 0.753459
vt 0.917876 0.754914
vt 0.915910 0.753525
vt 0.915910 0.716014
vt 0.917876 0.714624
vt 0.920875 0.687694
vt 0.920876 0.762252
vt 0.907574 0.716014
vt 0.922396 0.711845
vt 0.922397 0.767417
vt 0.912775 0.748589
vt 0.912775 0.655976
vt 0.904270 0.656112
vt 0.904272 0.748723
vt 0.918100 0.713962
vt 0.918099 0.658390
vt 0.917026 0.750768
vt 0.917026 0.658153
vt 0.930041 0.748497
vt 0.930042 0.655874
vt 0.930381 0.767418
vt 0.930381 0.711846
vt 0.904080 0.711841
vt 0.904079 0.767411
vt 0.904030 0.656061
vt 0.904030 0.748681
vt 0.930452 0.748438
vt 0.930449 0.655822
vt 0.919784 0.156724
vt 0.919784 0.016305
vt 0.990432 0.016305
vt 0.990433 0.156724
vt 0.919389 0.009190
vt 0.990038 0.009189
vt 0.990038 0.167926
vt 0.919402 0.168296
vt 0.919401 0.027871
vt 0.990050 0.027869
vt 0.990050 0.168296
vt 0.990006 0.150230
vt 0.919357 0.150230
vt 0.919356 0.009811
vt 0.990006 0.009810
vt 0.990523 0.168208
vt 0.919873 0.168210
vt 0.990309 0.150054
vt 0.919659 0.150056
vt 0.919659 0.009628
vt 0.990309 0.009627
usemtl Exterior_Mat
s off
f 115/139 116/140 117/141 118/142
f 125/143 126/144 127/145 128/146
f 132/147 133/148 134/149 135/150
f 126/151 138/152 139/153 127/154
f 149/155 150/156 151/157 152/158
f 156/159 157/160 158/161 159/162
f 160/163 161/164 162/165 163/166
f 165/167 166/168 167/169 168/170
f 169/171 170/172 171/173 172/174
f 162/175 161/176 173/177 174/178
f 120/179 165/180 132/181 119/182
f 175/183 176/184 126/144 125/143
f 177/185 178/186 179/187 180/188
f 181/189 169/190 172/191 182/192
f 118/193 117/194 151/195 150/196
f 134/197 167/198 166/199 135/200
f 178/201 158/202 157/203 179/204
f 171/205 170/206 185/207 186/208
f 124/209 115/139 118/142 123/210
f 176/211 124/212 138/152 126/151
f 188/213 160/214 163/215 189/216
f 165/180 168/217 133/218 132/181
f 152/219 116/220 115/221 149/222
f 186/223 185/224 181/225 182/226
f 125/227 128/228 193/229 194/230
f 177/231 180/232 156/233 159/234
f 142/235 162/175 174/178 143/236
f 119/237 132/147 135/150 131/238
f 176/239 142/240 150/156 149/155
f 189/241 174/242 173/243 188/244
f 121/245 133/218 168/217 122/246
f 184/247 117/141 116/140 183/248
f 187/249 130/250 160/214 188/213
f 188/244 173/243 155/251 187/252
f 179/204 157/203 146/253 164/254
f 136/255 146/256 157/160 156/159
f 140/257 183/258 116/220 152/219
f 128/146 127/145 154/259 153/260
f 114/261 193/229 128/228 153/262
f 141/263 151/195 117/194 184/264
f 152/158 151/157 141/265 140/266
f 136/267 156/233 180/232 137/268
f 180/188 179/187 164/269 137/270
f 155/271 173/177 161/176 129/272
f 168/170 167/169 147/273 122/274
f 190/275 145/276 169/190 181/189
f 148/277 147/278 167/198 134/197
f 145/279 144/280 170/172 169/171
f 130/281 129/282 161/164 160/163
f 190/283 181/225 185/224 191/284
f 191/285 185/207 170/206 144/286
f 148/287 134/149 133/148 121/288
f 194/289 193/290 139/291 138/292
f 127/154 139/153 113/293 154/294
f 113/295 139/291 193/290 114/296
f 172/174 171/173 143/297 195/298
f 195/298 143/297 174/242 189/241
f 195/299 176/300 158/202 178/201
f 143/301 171/205 186/208 192/302
f 131/303 195/304 178/186 177/185
f 135/200 166/199 195/304 131/303
f 120/305 195/306 166/168 165/167
f 175/307 125/227 194/230 196/308
f 163/166 162/165 142/240 176/239
f 196/309 194/289 138/292 124/209
f 159/162 158/161 176/184 175/183
f 192/310 186/223 182/226 120/179
f 182/192 172/191 195/306 120/305
f 189/216 163/215 176/300 195/299
f 123/311 118/193 150/196 142/312
f 149/222 115/221 124/212 176/211
f 131/313 177/231 159/234 175/314
f 197/315 198/316 199/317 200/318
f 201/319 202/320 203/321 204/322
f 205/323 206/324 207/325 208/326
f 209/318 210/327 211/328 212/329
f 213/330 214/331 215/332 216/333
f 217/334 218/335 219/336 220/337
f 223/338 224/339 225/340 226/341
f 233/342 234/343 235/344 236/345
f 240/346 241/347 242/348 243/349
f 234/350 246/351 247/352 235/353
f 257/354 258/355 259/356 260/357
f 264/358 265/359 266/360 267/361
f 268/362 269/363 270/364 271/365
f 273/366 274/367 275/368 276/369
f 277/370 278/371 279/372 280/373
f 270/374 269/375 281/376 282/377
f 228/378 273/379 240/380 227/381
f 283/382 284/383 234/343 233/342
f 285/384 286/385 287/386 288/387
f 289/388 277/389 280/390 290/391
f 226/392 225/393 259/394 258/395
f 242/396 275/397 274/398 243/399
f 286/400 266/401 265/402 287/403
f 279/404 278/405 293/406 294/407
f 232/408 223/338 226/341 231/409
f 284/410 232/411 246/351 234/350
f 296/412 268/413 271/414 297/415
f 273/379 276/416 241/417 240/380
f 260/418 224/419 223/420 257/421
f 294/422 293/423 289/424 290/425
f 233/426 236/427 301/428 302/429
f 285/430 288/431 264/432 267/433
f 250/434 270/374 282/377 251/435
f 227/436 240/346 243/349 239/437
f 284/438 250/439 258/355 257/354
f 297/440 282/441 281/442 296/443
f 229/444 241/417 276/416 230/445
f 292/446 225/340 224/339 291/447
f 295/448 238/449 268/413 296/412
f 296/443 281/442 263/450 295/451
f 287/403 265/402 254/452 272/453
f 244/454 254/455 265/359 264/358
f 248/456 291/457 224/419 260/418
f 236/345 235/344 262/458 261/459
f 222/460 301/428 236/427 261/461
f 249/462 259/394 225/393 292/463
f 260/357 259/356 249/464 248/465
f 244/466 264/432 288/431 245/467
f 288/387 287/386 272/468 245/469
f 263/470 281/376 269/375 237/471
f 276/369 275/368 255/472 230/473
f 298/474 253/475 277/389 289/388
f 256/476 255/477 275/397 242/396
f 253/478 252/479 278/371 277/370
f 238/480 237/481 269/363 268/362
f 298/482 289/424 293/423 299/483
f 299/484 293/406 278/405 252/485
f 256/486 242/348 241/347 229/487
f 302/488 301/489 247/490 246/491
f 235/353 247/352 221/492 262/493
f 221/494 247/490 301/489 222/487
f 280/373 279/372 251/495 303/496
f 303/496 251/495 282/441 297/440
f 303/497 284/498 266/401 286/400
f 251/499 279/404 294/407 300/500
f 239/501 303/502 286/385 285/384
f 243/399 274/398 303/502 239/501
f 228/503 303/504 274/367 273/366
f 283/505 233/426 302/429 304/506
f 271/365 270/364 250/439 284/438
f 304/507 302/488 246/491 232/508
f 267/361 266/360 284/383 283/382
f 300/509 294/422 290/425 228/510
f 290/391 280/390 303/504 228/503
f 297/415 271/414 284/498 303/497
f 231/511 226/392 258/395 250/512
f 257/421 223/420 232/411 284/410
f 239/513 285/430 267/433 283/514
f 305/515 306/516 307/517 308/518
f 309/323 310/519 311/520 312/521
f 313/522 314/523 315/524 316/525
f 317/526 318/527 319/528 320/529
f 321/530 322/531 323/332 324/333
f 325/532 326/533 327/534 328/535
o WindowFrames
v -2.150000 0.210004 3.949995
v -2.150000 0.210004 4.969980
v -2.150000 -0.210003 4.969980
v -2.150000 -0.210003 3.949986
v -2.050000 -0.200003 3.959991
v -2.050000 0.200003 3.959991
v -2.150000 0.200003 3.959991
v -2.150000 -0.200002 3.959991
v -2.150000 -0.200002 4.959988
v -2.050000 0.200003 4.959988
v -2.050000 -0.200003 4.959988
v -2.150000 0.200003 4.959988
v -2.150000 0.210004 9.549994
v -2.150000 0.210004 10.569980
v -2.150000 -0.210003 10.569980
v -2.150000 -0.210003 9.549985
v -2.050000 -0.200003 9.559994
v -2.050000 0.200003 9.559994
v -2.150000 0.200003 9.559994
v -2.150000 -0.200002 9.559994
v -2.150000 -0.200002 10.559992
v -2.050000 0.200003 10.559992
v -2.050000 -0.200003 10.559992
v -2.150000 0.200003 10.559992
vt 0.950908 0.738660
vt 0.950908 0.841252
vt 0.925261 0.841252
vt 0.925260 0.738660
vt 0.922696 0.843817
vt 0.922693 0.736095
vt 0.921462 0.985922
vt 0.921528 0.727957
vt 0.925953 0.730440
vt 0.925921 0.981461
vt 0.966602 0.946054
vt 0.966602 0.843461
vt 0.992250 0.843462
vt 0.992250 0.946054
vt 0.965545 0.979600
vt 0.965578 0.728635
vt 0.990675 0.728639
vt 0.990641 0.979604
vt 0.995167 0.724220
vt 0.995098 0.982159
vt 0.994813 0.840896
vt 0.994813 0.948619
vt 0.951055 0.730443
vt 0.951024 0.981465
vt 0.950909 0.872223
vt 0.950909 0.974816
vt 0.925261 0.974816
vt 0.925261 0.872223
vt 0.922696 0.977381
vt 0.922694 0.869659
vt 0.921198 0.986184
vt 0.921391 0.728218
vt 0.925814 0.730702
vt 0.925660 0.981726
vt 0.967589 0.848533
vt 0.967589 0.745940
vt 0.993237 0.745941
vt 0.993237 0.848533
vt 0.965726 0.979595
vt 0.965757 0.728630
vt 0.990854 0.728633
vt 0.990822 0.979598
vt 0.995346 0.724215
vt 0.995279 0.982153
vt 0.995799 0.743375
vt 0.995799 0.851098
vt 0.950916 0.730718
vt 0.950762 0.981740
usemtl Exterior_Mat
s off
f 333/536 334/537 335/538 336/539
f 329/540 332/541 336/539 335/538
f 332/542 331/543 337/544 336/545
f 338/546 339/547 337/548 340/549
f 334/550 338/551 340/552 335/553
f 330/554 329/555 335/553 340/552
f 340/549 337/548 331/556 330/557
f 336/545 337/544 339/558 333/559
f 345/560 346/561 347/562 348/563
f 341/564 344/565 348/563 347/562
f 344/566 343/567 349/568 348/569
f 350/570 351/571 349/572 352/573
f 346/574 350/575 352/576 347/577
f 342/578 341/579 347/577 352/576
f 352/573 349/572 343/580 342/581
f 348/569 349/568 351/582 345/583
o BottomWalls
v -2.199998 -0.429997 0.000000
v -2.199998 -0.429996 2.040000
v -2.200001 0.430004 2.040000
v -2.200001 0.430002 0.000000
v -2.499998 -2.200000 2.800000
v -2.499998 2.200000 2.800000
v -2.799997 2.500000 -0.200000
v -2.799997 -2.500000 -0.200000
v 2.500000 2.799997 -0.200000
v 2.200000 2.499997 2.800000
v 2.500000 -2.799999 -0.200000
v 2.200000 -2.500000 2.800000
v -2.569998 0.580003 2.240000
v -2.799997 -0.579997 -0.200000
v -2.569997 -0.579996 2.240000
v 2.500000 -2.799999 0.100000
v -2.799997 2.500000 0.100000
v 2.500000 2.799997 0.100000
v -2.799997 -2.500000 0.100000
v -2.799997 0.580002 0.100000
v -2.799997 -0.579997 0.100000
v 2.399999 -2.699999 0.500000
v -2.699997 2.400000 0.500000
v 2.400000 2.699997 0.500000
v -2.699997 -2.400000 0.500000
v -2.699997 -0.579997 0.500000
v -2.699997 0.580002 0.500000
v -2.829998 2.530000 0.100000
v -2.829998 -2.530000 0.100000
v -2.830000 0.580002 0.100000
v -2.829998 -0.579997 0.100000
v -2.829998 2.530000 0.400000
v -2.829998 -2.530000 0.400000
v -2.829998 -0.579997 0.400000
v -2.830000 0.580002 0.400000
v 2.529999 -2.829999 0.100000
v 2.529999 -2.829999 0.400000
v 2.529999 2.829997 0.100000
v 2.529999 2.829997 0.400000
v 2.399999 -2.699999 1.100000
v -2.699997 2.400000 1.100000
v 2.400000 2.699997 1.100000
v -2.699997 -2.400000 1.100000
v -2.699997 -0.579997 1.100000
v -2.699997 0.580002 1.100000
v -2.200000 -2.499997 2.800000
v -2.500000 -2.799997 -0.200000
v -2.500000 -2.799997 0.100000
v -2.400000 -2.699997 0.500000
v -2.530000 -2.829997 0.400000
v -2.400000 -2.699997 1.100000
v -2.530000 -2.829997 0.100000
v 2.499997 -2.200000 2.800000
v 2.799997 -2.500000 -0.200000
v 2.799997 -2.500000 0.100000
v 2.699997 -2.399999 0.500000
v 2.829997 -2.529999 0.400000
v 2.699997 -2.399999 1.100000
v 2.829997 -2.529999 0.100000
v -2.200000 2.500000 2.800000
v -2.499999 2.799997 -0.200000
v -2.499999 2.800000 0.100000
v -2.399999 2.699997 0.500000
v -2.529999 2.829997 0.100000
v -2.399999 2.699997 1.100000
v -2.529999 2.829997 0.400000
v 2.799997 2.500000 -0.200000
v 2.799997 2.500000 0.100000
v 2.699997 2.400000 0.500000
v 2.829997 2.529999 0.400000
v 2.699997 2.400000 1.100000
v 2.829997 2.529999 0.100000
v 2.499997 2.200000 2.800000
v 2.215000 -2.530001 2.800000
v -2.215000 -2.529999 2.800000
v -2.530000 -2.215000 2.800000
v -2.530000 2.215000 2.800000
v 2.215000 2.529999 2.800000
v -2.215000 2.530001 2.800000
v 2.530000 -2.215000 2.800000
v 2.530000 2.215000 2.800000
v 2.215000 -2.530001 2.850000
v -2.215000 -2.529999 2.850000
v -2.530000 -2.215000 2.850000
v -2.530000 2.215000 2.850000
v 2.215000 2.529999 2.850000
v -2.215000 2.530001 2.850000
v 2.530000 -2.215000 2.850000
v 2.530000 2.215000 2.850000
v 2.230000 -2.560001 2.850000
v -2.230000 -2.559999 2.850000
v -2.560000 -2.230000 2.850000
v -2.560000 2.230000 2.850000
v 2.230000 2.559999 2.850000
v -2.230000 2.560001 2.850000
v 2.560000 -2.230000 2.850000
v 2.560000 2.230000 2.850000
v 2.230000 -2.560001 2.900000
v -2.230000 -2.560000 2.900000
v 2.230000 2.559999 2.900000
v 2.560000 -2.230000 2.900000
v -2.230000 -2.560000 3.000000
v -2.239567 -2.576571 2.996194
v -2.247678 -2.590618 2.985355
v -2.253097 -2.600005 2.969134
v -2.255000 -2.603301 2.950000
v -2.253097 -2.600005 2.930866
v -2.247678 -2.590618 2.914645
v -2.239567 -2.576571 2.903806
v 2.230000 -2.560000 3.000000
v 2.239567 -2.576571 2.996194
v 2.247678 -2.590618 2.985355
v 2.253097 -2.600005 2.969134
v 2.255000 -2.603301 2.950000
v 2.253097 -2.600005 2.930866
v 2.247678 -2.590618 2.914645
v 2.239567 -2.576571 2.903806
v -2.255000 2.603301 2.950000
v -2.253097 2.600005 2.969134
v -2.247678 2.590618 2.985355
v -2.239567 2.576571 2.996194
v -2.230000 2.560000 3.000000
v -2.230000 2.560000 2.900000
v -2.239567 2.576571 2.903806
v -2.247678 2.590618 2.914645
v -2.253097 2.600005 2.930866
v 2.255000 2.603301 2.950000
v 2.253097 2.600005 2.969134
v 2.247678 2.590618 2.985355
v 2.239567 2.576571 2.996194
v 2.230000 2.560000 3.000000
v 2.239567 2.576571 2.903806
v 2.247678 2.590618 2.914645
v 2.253097 2.600005 2.930866
v 2.560001 -2.229998 3.000000
v 2.576572 -2.239565 2.996194
v 2.590620 -2.247676 2.985355
v 2.600007 -2.253095 2.969134
v 2.603302 -2.254998 2.950000
v 2.600007 -2.253095 2.930866
v 2.590620 -2.247676 2.914645
v 2.576572 -2.239565 2.903806
v 2.559998 2.230002 3.000000
v 2.576569 2.239569 2.996194
v 2.590617 2.247679 2.985355
v 2.600004 2.253099 2.969134
v 2.603300 2.255002 2.950000
v 2.600004 2.253099 2.930866
v 2.590617 2.247679 2.914645
v 2.576569 2.239569 2.903806
v 2.559998 2.230002 2.900000
v -2.603300 -2.255002 2.950000
v -2.600004 -2.253099 2.969134
v -2.590617 -2.247679 2.985355
v -2.576569 -2.239569 2.996194
v -2.559998 -2.230000 3.000000
v -2.559998 -2.230002 2.900000
v -2.576569 -2.239569 2.903806
v -2.590617 -2.247679 2.914645
v -2.600004 -2.253099 2.930866
v -2.603302 2.254998 2.950000
v -2.600007 2.253095 2.969134
v -2.590620 2.247676 2.985355
v -2.576572 2.239565 2.996194
v -2.560001 2.230000 3.000000
v -2.560001 2.229998 2.900000
v -2.576572 2.239565 2.903806
v -2.590620 2.247676 2.914645
v -2.600007 2.253095 2.930866
v -2.929999 -0.429997 0.400000
v -2.699999 -0.429996 2.040000
v -2.700001 0.430004 2.040000
v -2.930001 0.430002 0.400000
v -2.565001 0.430002 0.000000
v -2.564998 -0.429997 0.000000
v -2.799997 0.580002 -0.200000
v -2.565001 0.430002 -0.200000
v -2.564998 -0.429997 -0.200000
v -2.799999 -0.429997 1.100000
v -2.800000 0.430003 1.100000
v -2.670001 0.580003 2.240000
v -2.669999 -0.579996 2.240000
v -2.799999 -0.429997 0.500000
v -2.800000 0.430002 0.500000
v -2.930001 0.580002 -0.200000
v -2.929999 -0.579997 -0.200000
v -2.929999 -0.579997 0.400000
v -2.930001 0.580002 0.400000
v -2.800000 -0.579997 0.500000
v -2.800000 0.580002 0.500000
v -2.800000 -0.579997 1.100000
v -2.800000 0.580002 1.100000
v -2.929999 -0.429997 -0.200000
v -2.930001 0.430002 -0.200000
vt 0.385960 0.728685
vt 0.347937 0.728685
vt 0.347937 0.701799
vt 0.385960 0.701799
vt 0.385874 0.778155
vt 0.347852 0.778155
vt 0.347852 0.763223
vt 0.385874 0.763223
vt 0.385874 0.701824
vt 0.385875 0.728710
vt 0.012038 0.702337
vt 0.012033 0.728812
vt 0.453273 0.728901
vt 0.453279 0.702426
vt 0.439333 0.828473
vt 0.400446 0.828473
vt 0.400446 0.773478
vt 0.439333 0.773478
vt 0.385960 0.778194
vt 0.347937 0.763262
vt 0.385960 0.763262
vt 0.385960 0.763198
vt 0.347937 0.736630
vt 0.385960 0.736630
vt 0.385960 0.778130
vt 0.347937 0.778130
vt 0.348032 0.728693
vt 0.386054 0.728693
vt 0.386054 0.736639
vt 0.348032 0.736639
vt 0.439333 0.986433
vt 0.400446 0.986433
vt 0.385875 0.736655
vt 0.347852 0.736655
vt 0.347937 0.701863
vt 0.385960 0.701862
vt 0.400477 0.828475
vt 0.400478 0.773480
vt 0.439364 0.773480
vt 0.439364 0.828475
vt 0.385960 0.736694
vt 0.400478 0.986435
vt 0.439364 0.986435
vt 0.012032 0.728664
vt 0.453272 0.728752
vt 0.453277 0.702278
vt 0.012038 0.702190
vt 0.432368 0.837176
vt 0.432368 0.995136
vt 0.393481 0.995136
vt 0.393481 0.837176
vt 0.432368 0.782181
vt 0.393481 0.782181
vt 0.348032 0.701807
vt 0.386054 0.701807
vt 0.386054 0.763206
vt 0.348032 0.763206
vt 0.386054 0.778138
vt 0.348032 0.778138
vt 0.276629 0.763412
vt 0.455861 0.763411
vt 0.455718 0.736574
vt 0.276629 0.736574
vt 0.562017 0.741967
vt 0.501289 0.741967
vt 0.499771 0.737412
vt 0.563536 0.737413
vt 0.499637 0.737894
vt 0.563403 0.737894
vt 0.561884 0.742449
vt 0.501155 0.742449
vt 0.499161 0.737412
vt 0.562926 0.737413
vt 0.561408 0.741967
vt 0.500679 0.741967
vt 0.563528 0.737721
vt 0.499763 0.737721
vt 0.501281 0.742276
vt 0.562010 0.742276
vt 0.563528 0.730564
vt 0.499763 0.730565
vt 0.499161 0.730255
vt 0.562926 0.730256
vt 0.499637 0.730736
vt 0.563402 0.730737
vt 0.499771 0.730255
vt 0.563536 0.730256
vt 0.498253 0.725700
vt 0.565054 0.725701
vt 0.498119 0.726182
vt 0.564921 0.726182
vt 0.497643 0.725700
vt 0.564444 0.725701
vt 0.565046 0.726009
vt 0.498245 0.726010
vt 0.498253 0.718543
vt 0.565054 0.718544
vt 0.565046 0.718852
vt 0.498245 0.718853
vt 0.497642 0.718544
vt 0.564444 0.718544
vt 0.498119 0.719025
vt 0.564920 0.719025
vt 0.450835 0.837528
vt 0.009023 0.837527
vt 0.009023 0.782301
vt 0.450835 0.782301
vt 0.027431 0.995082
vt 0.015800 0.777919
vt 0.444257 0.777919
vt 0.455861 0.763278
vt 0.004196 0.763278
vt 0.710895 0.741990
vt 0.500611 0.742025
vt 0.498760 0.738323
vt 0.711585 0.738307
vt 0.498741 0.734609
vt 0.711566 0.734593
vt 0.496868 0.730862
vt 0.712257 0.730866
vt 0.496848 0.727103
vt 0.712238 0.727106
vt 0.453270 0.728697
vt 0.453275 0.702223
vt 0.012038 0.702135
vt 0.012032 0.728609
vt 0.004196 0.736445
vt 0.455863 0.736445
vt 0.455863 0.763223
vt 0.004196 0.763224
vt 0.009004 0.837579
vt 0.450816 0.837578
vt 0.009003 0.782352
vt 0.450816 0.782352
vt 0.711581 0.738586
vt 0.498757 0.738571
vt 0.498739 0.734857
vt 0.711562 0.734871
vt 0.710892 0.742268
vt 0.500608 0.742273
vt 0.496866 0.731110
vt 0.712254 0.731144
vt 0.496848 0.727351
vt 0.712236 0.727385
vt 0.712233 0.727169
vt 0.015800 0.778066
vt 0.444258 0.778067
vt 0.004196 0.763426
vt 0.711578 0.738369
vt 0.498756 0.738355
vt 0.711559 0.734655
vt 0.004196 0.736500
vt 0.455861 0.736500
vt 0.710888 0.742052
vt 0.500606 0.742056
vt 0.283299 0.837575
vt 0.283300 0.782348
vt 0.276766 0.728494
vt 0.453100 0.728494
vt 0.453100 0.702371
vt 0.276766 0.702371
vt 0.711582 0.742163
vt 0.500949 0.742166
vt 0.499095 0.738458
vt 0.712272 0.738474
vt 0.712253 0.734753
vt 0.499077 0.734737
vt 0.497201 0.730984
vt 0.712948 0.731020
vt 0.277108 0.728558
vt 0.453250 0.728558
vt 0.455816 0.736612
vt 0.276937 0.702236
vt 0.453079 0.702236
vt 0.444209 0.777885
vt 0.276941 0.777880
vt 0.276598 0.763149
vt 0.455814 0.763155
vt 0.176524 0.782349
vt 0.176525 0.837575
vt 0.276629 0.778046
vt 0.444350 0.778046
vt 0.283298 0.943186
vt 0.268366 0.741871
vt 0.268366 0.763256
vt 0.176411 0.763256
vt 0.176411 0.741871
vt 0.268366 0.702843
vt 0.176411 0.702844
vt 0.226482 0.734013
vt 0.229509 0.734021
vt 0.239680 0.703770
vt 0.226560 0.703736
vt 0.236271 0.765225
vt 0.254735 0.766863
vt 0.254244 0.703950
vt 0.230227 0.818711
vt 0.230228 0.942744
vt 0.219535 0.942744
vt 0.219535 0.818711
vt 0.197910 0.926706
vt 0.197910 0.834750
vt 0.240842 0.777621
vt 0.223601 0.777006
vt 0.236657 0.765131
vt 0.254760 0.766781
vt 0.229349 0.733687
vt 0.226348 0.733703
vt 0.226188 0.703697
vt 0.239192 0.703628
vt 0.176965 0.942516
vt 0.230428 0.942510
vt 0.241108 0.841999
vt 0.176940 0.724389
vt 0.176411 0.709861
vt 0.268366 0.709861
vt 0.228464 0.767089
vt 0.227871 0.767747
vt 0.215968 0.724384
vt 0.241101 0.777844
vt 0.255000 0.767150
vt 0.213355 0.840760
vt 0.211557 0.779935
vt 0.224348 0.841440
vt 0.211248 0.780105
vt 0.213906 0.841986
vt 0.224433 0.841506
vt 0.223347 0.777417
vt 0.240995 0.841871
vt 0.240858 0.777619
vt 0.240596 0.843480
vt 0.211946 0.961189
vt 0.201129 0.961907
vt 0.201145 0.962009
vt 0.211783 0.961499
vt 0.230488 0.942239
vt 0.230084 0.942340
vt 0.254993 0.702995
vt 0.215965 0.702999
vt 0.215674 0.724435
vt 0.215674 0.703050
vt 0.254702 0.703050
vt 0.254702 0.767205
vt 0.255403 0.703970
vt 0.240802 0.777898
vt 0.176646 0.724435
vt 0.240802 0.842053
vt 0.230109 0.942562
vt 0.176647 0.942562
vt 0.004196 0.736648
vt 0.455862 0.736648
vt 0.497182 0.727219
vt 0.712929 0.727255
vt 0.176527 0.943186
vt 0.566758 0.710661
vt 0.496533 0.710662
vt 0.496935 0.713425
vt 0.566356 0.713424
vt 0.566899 0.707872
vt 0.496392 0.707873
vt 0.566758 0.705083
vt 0.496533 0.705084
vt 0.566356 0.702320
vt 0.496935 0.702320
vt 0.565755 0.699593
vt 0.497536 0.699593
vt 0.565046 0.696892
vt 0.498244 0.696892
vt 0.497536 0.716152
vt 0.565755 0.716152
vt 0.496933 0.715843
vt 0.565153 0.715843
vt 0.496333 0.713116
vt 0.565753 0.713116
vt 0.495931 0.710352
vt 0.566155 0.710352
vt 0.495790 0.707563
vt 0.566296 0.707563
vt 0.495931 0.704775
vt 0.566155 0.704774
vt 0.496333 0.702011
vt 0.565754 0.702011
vt 0.496934 0.699284
vt 0.565153 0.699284
vt 0.497643 0.696583
vt 0.564444 0.696583
vt 0.565054 0.696583
vt 0.565763 0.699284
vt 0.497544 0.699284
vt 0.498253 0.696583
vt 0.566364 0.702011
vt 0.496943 0.702011
vt 0.566766 0.704775
vt 0.496542 0.704774
vt 0.566906 0.707564
vt 0.496401 0.707563
vt 0.566766 0.710352
vt 0.496542 0.710352
vt 0.566364 0.713116
vt 0.496943 0.713115
vt 0.565763 0.715843
vt 0.497544 0.715842
vt 0.497409 0.716324
vt 0.565629 0.716324
vt 0.496808 0.713597
vt 0.566230 0.713597
vt 0.496407 0.710833
vt 0.566631 0.710834
vt 0.496266 0.708045
vt 0.566772 0.708045
vt 0.496407 0.705256
vt 0.566631 0.705256
vt 0.496808 0.702492
vt 0.566230 0.702493
vt 0.497409 0.699765
vt 0.565629 0.699766
vt 0.498118 0.697064
vt 0.564920 0.697065
vt 0.708420 0.696588
vt 0.710503 0.700414
vt 0.492535 0.700349
vt 0.493034 0.696554
vt 0.708418 0.696310
vt 0.710501 0.700135
vt 0.492532 0.700102
vt 0.493033 0.696306
vt 0.713264 0.707869
vt 0.713592 0.711745
vt 0.491674 0.711668
vt 0.491801 0.707797
vt 0.713465 0.715616
vt 0.492001 0.715544
vt 0.713166 0.719476
vt 0.493065 0.719420
vt 0.712736 0.723310
vt 0.494765 0.723278
vt 0.713164 0.719755
vt 0.712734 0.723589
vt 0.494765 0.723525
vt 0.493065 0.719667
vt 0.713464 0.715895
vt 0.492002 0.715791
vt 0.713592 0.712024
vt 0.491675 0.711915
vt 0.712202 0.704272
vt 0.713265 0.708147
vt 0.491803 0.708044
vt 0.492103 0.704184
vt 0.492101 0.703967
vt 0.710503 0.700197
vt 0.712202 0.704056
vt 0.493064 0.719450
vt 0.712732 0.723373
vt 0.492001 0.715575
vt 0.713591 0.711807
vt 0.713464 0.715678
vt 0.495044 0.723416
vt 0.713361 0.723481
vt 0.493290 0.719575
vt 0.713726 0.719664
vt 0.492096 0.704108
vt 0.712531 0.704197
vt 0.713647 0.708063
vt 0.491860 0.707959
vt 0.714025 0.711940
vt 0.491796 0.711832
vt 0.492895 0.696518
vt 0.708639 0.696553
vt 0.710777 0.700356
vt 0.713961 0.715813
vt 0.492174 0.715709
vt 0.712201 0.703993
vt 0.492101 0.703937
vt 0.708420 0.696372
usemtl Exterior_Mat
s off
f 407/584 368/585 363/586 406/587
f 375/588 415/589 418/590 384/591
f 359/592 369/593 414/585 413/586
f 413/594 414/595 370/596 361/597
f 410/598 392/599 374/600 408/601
f 401/602 377/589 385/603 402/604
f 409/605 389/590 388/606 411/607
f 408/608 374/609 389/590 409/605
f 420/610 370/611 390/612 424/613
f 405/614 364/615 392/599 410/598
f 414/585 369/593 380/616 416/617
f 371/585 360/618 399/619 400/584
f 395/620 377/621 401/622 403/623
f 385/603 381/617 404/624 402/604
f 357/625 395/620 403/623 398/626
f 371/585 400/584 404/624 381/617
f 420/627 407/628 406/629 419/630
f 368/585 407/584 411/607 388/606
f 393/631 358/632 412/633 417/634
f 380/616 384/591 418/590 416/617
f 375/635 393/631 417/634 415/636
f 370/611 420/610 419/637 361/638
f 394/631 423/634 421/636 376/635
f 391/639 422/640 424/613 390/612
f 376/641 421/642 422/640 391/639
f 362/632 425/633 423/634 394/631
f 387/643 384/644 380/645 382/646
f 364/647 405/648 432/649 426/650
f 430/651 433/652 425/653 362/654
f 429/655 431/656 412/657 358/658
f 427/659 428/660 357/661 398/662
f 428/660 427/659 435/663 436/664
f 431/656 429/655 437/665 439/666
f 433/652 430/651 438/667 441/668
f 426/650 432/649 440/669 434/670
f 434/670 440/669 448/671 442/672
f 446/673 449/674 441/668 438/667
f 445/675 447/676 439/666 437/665
f 443/677 444/678 436/664 435/663
f 442/672 448/671 453/679 450/680
f 444/678 443/677 451/681 509/682
f 447/676 445/675 518/683 475/684
f 449/674 446/673 452/685 503/686
f 423/687 410/688 408/689 421/690
f 425/632 405/691 410/688 423/687
f 421/692 408/693 409/694 422/695
f 405/696 425/697 433/698 432/699
f 432/699 433/698 441/700 440/701
f 440/701 441/700 449/702 448/703
f 448/703 449/702 503/704 453/705
f 400/706 399/707 363/708 368/709
f 400/706 368/709 388/710 404/711
f 402/712 404/711 388/710 389/713
f 374/692 401/693 402/712 389/713
f 398/691 403/714 392/715 364/632
f 403/714 401/716 374/717 392/715
f 427/718 426/719 434/720 435/721
f 398/722 364/723 426/719 427/718
f 435/721 434/720 442/724 443/725
f 443/725 442/724 450/726 451/727
f 446/703 447/702 475/704 452/728
f 415/689 417/688 394/687 376/690
f 415/729 376/730 391/644 418/731
f 430/732 431/733 439/700 438/734
f 407/628 420/627 424/735 411/736
f 417/688 412/691 362/632 394/687
f 438/734 439/700 447/702 446/703
f 362/737 412/738 431/733 430/732
f 397/739 393/715 375/717 379/740
f 372/741 369/742 359/743 528/744
f 358/745 357/746 428/747 429/748
f 437/749 436/750 444/751 445/752
f 373/753 371/754 381/755 383/646
f 366/756 360/757 371/754 373/753
f 377/758 378/759 386/760 385/761
f 378/762 377/716 395/714 396/763
f 429/748 428/747 436/750 437/749
f 379/764 375/765 384/644 387/643
f 365/766 358/632 393/715 397/739
f 526/767 529/768 530/769 527/770
f 356/771 526/767 527/770 353/772
f 373/773 383/774 538/775 366/776
f 539/777 522/778 545/779 538/775
f 367/780 365/781 533/782 534/783
f 524/784 523/785 534/783 533/782
f 536/786 542/787 540/788 525/789
f 382/790 372/791 528/792 537/793
f 355/794 524/795 532/796 356/797
f 354/769 523/798 524/799 355/768
f 387/800 382/790 537/793 540/788
f 383/774 386/801 539/777 538/775
f 526/802 356/797 536/803 525/804
f 397/805 379/806 542/787 544/807
f 378/808 396/809 543/810 541/811
f 386/801 378/808 541/811 539/777
f 531/812 535/813 541/811 543/810
f 540/788 542/787 379/806 387/800
f 532/814 544/807 542/787 536/786
f 534/815 543/810 396/809 367/816
f 365/817 397/805 544/807 533/818
f 533/818 544/807 532/814 524/819
f 534/815 523/820 531/812 543/810
f 522/778 539/777 541/811 535/813
f 525/804 546/821 529/822 526/802
f 527/823 530/824 545/825 522/826
f 537/793 546/827 525/789 540/788
f 369/742 372/741 382/646 380/645
f 522/826 535/828 353/829 527/823
f 356/797 532/796 536/803
f 353/829 535/828 531/830
f 353/829 531/830 523/831 354/832
f 416/833 418/731 391/644 390/834
f 370/596 414/595 416/833 390/834
f 383/646 381/755 385/761 386/760
f 445/752 444/751 509/835 518/836
f 396/763 395/714 357/691 367/837
f 365/766 367/837 357/691 358/632
f 422/695 409/694 411/736 424/735
s 1
f 459/838 512/839 511/840 460/841
f 458/842 504/843 512/839 459/838
f 457/844 505/845 504/843 458/842
f 456/846 506/847 505/845 457/844
f 455/848 507/849 506/847 456/846
f 454/850 508/851 507/849 455/848
f 460/841 511/840 510/852 461/853
f 461/853 510/852 509/682 451/681
f 475/684 518/683 519/854 476/855
f 476/855 519/854 520/856 477/857
f 477/857 520/856 521/858 478/859
f 478/859 521/858 513/860 470/861
f 470/861 513/860 514/862 471/863
f 471/863 514/862 515/864 472/865
f 472/865 515/864 516/866 473/867
f 473/867 516/866 517/868 474/869
f 462/870 463/871 488/872 487/873
f 463/871 464/874 489/875 488/872
f 464/874 465/876 490/877 489/875
f 465/876 466/878 491/879 490/877
f 466/878 467/880 492/881 491/879
f 467/880 468/882 493/883 492/881
f 468/882 469/884 494/885 493/883
f 469/884 450/680 453/679 494/885
f 452/685 484/886 502/887 503/686
f 484/886 485/888 501/889 502/887
f 485/888 486/890 500/891 501/889
f 486/890 479/892 499/893 500/891
f 479/892 480/894 498/895 499/893
f 480/894 481/896 497/897 498/895
f 481/896 482/898 496/899 497/897
f 482/898 483/900 495/901 496/899
f 454/902 455/903 463/904 462/905
f 487/906 488/907 496/908 495/909
f 490/910 491/911 499/912 498/913
f 491/911 492/914 500/915 499/912
f 492/914 493/916 501/917 500/915
f 493/916 494/918 502/919 501/917
f 494/918 453/705 503/704 502/919
f 460/920 461/921 469/922 468/923
f 459/924 460/920 468/923 467/925
f 461/921 451/727 450/726 469/922
f 458/926 459/924 467/925 466/927
f 456/928 457/929 465/930 464/931
f 457/929 458/926 466/927 465/930
f 472/932 473/908 482/933 481/934
f 476/919 477/935 485/916 484/936
f 475/704 476/919 484/936 452/728
f 478/937 470/912 479/938 486/939
f 470/912 471/913 480/910 479/938
f 471/913 472/932 481/934 480/910
f 510/940 519/941 518/836 509/835
f 511/942 520/943 519/941 510/940
f 506/944 515/945 514/946 505/947
f 505/947 514/946 513/948 504/949
f 508/950 517/951 516/952 507/904
f 504/949 513/948 521/953 512/954
f 477/935 478/937 486/939 485/916
f 489/955 490/910 498/913 497/956
f 488/907 489/955 497/956 496/908
f 512/954 521/953 520/943 511/942
f 507/904 516/952 515/945 506/944
f 473/908 474/909 483/957 482/933
f 455/903 456/928 464/931 463/904
o Clock_Walls
v 1.830002 -2.418265 15.005488
v 1.830001 -2.450708 14.983811
v 1.830002 -2.418265 14.820712
v 1.830001 -2.379997 14.813100
v -1.829998 -2.380000 15.013070
v -1.829998 -2.418268 15.005488
v -1.829998 -2.450710 14.983811
v -1.829998 -2.472387 14.951368
v -1.829998 -2.480000 14.913100
v -1.829998 -2.472387 14.874832
v -1.829998 -2.450710 14.842389
v -1.829998 -2.418268 14.820712
v -1.829999 -2.379999 14.813100
v -1.829999 -2.300000 15.013070
v 1.830002 -2.379997 15.013070
v 1.830002 -2.472385 14.951368
v 1.830001 -2.479997 14.913100
v 1.830002 -2.472385 14.874832
v 1.830001 -2.450708 14.842389
v 1.830001 -2.379997 14.750000
v 1.830001 -2.299999 15.013070
v -1.829999 -2.379999 14.750000
v 1.830002 -2.399999 18.726931
v 1.830002 -2.399999 18.766930
v 1.830002 -2.419999 18.806929
v 1.830002 -2.449999 18.806929
v 1.830002 -2.449999 18.900000
v -1.829999 -2.300001 18.726931
v -1.829998 -2.400002 18.726931
v -1.829998 -2.400002 18.766930
v -1.829998 -2.420002 18.766930
v -1.829998 -2.420002 18.806929
v -1.829998 -2.450002 18.806929
v 1.830002 -2.419999 18.766930
v -1.829998 -2.450002 18.900000
v -1.829998 -2.300001 18.900000
v 1.830001 -2.299999 18.726931
v 1.830002 -2.299999 18.900000
v -1.829999 -2.359999 14.750000
v -1.129998 -2.359999 14.150000
v 1.830002 -2.359997 14.750000
v 1.130002 -2.359997 14.150000
v -0.249999 -2.359998 14.150000
v -0.249999 -2.359998 14.750000
v 0.250001 -2.360000 14.150000
v 0.250001 -2.360000 14.750000
v -1.129998 -2.359999 13.999999
v -1.829999 -2.359999 13.999999
v 1.830002 -2.359997 13.999999
v 1.130002 -2.359997 13.999999
v -0.249999 -2.359998 13.999999
v 0.250001 -2.360000 13.999999
v -1.129998 -2.340000 14.150000
v 1.130002 -2.339999 14.150000
v -0.249999 -2.340000 14.150000
v 0.250001 -2.340001 14.150000
v -1.129998 -2.340000 13.999999
v -1.829999 -2.340001 13.999999
v 1.830002 -2.339998 13.999999
v 1.130002 -2.339999 13.999999
v -0.249999 -2.340000 13.999999
v 0.250001 -2.340001 13.999999
v -1.129998 -2.340000 13.960000
v -1.829999 -2.340001 13.960000
v 1.830002 -2.339998 13.960000
v 1.130002 -2.339999 13.960000
v -0.249999 -2.340000 13.960000
v 0.250001 -2.340001 13.960000
v -1.129999 -2.320000 13.960000
v -1.829999 -2.320001 13.960000
v 1.830001 -2.319999 13.960000
v 1.130002 -2.319999 13.960000
v -0.249999 -2.320000 13.960000
v 0.250001 -2.320001 13.960000
v -1.129999 -2.320000 13.919999
v -1.829999 -2.320001 13.919999
v 1.830001 -2.319999 13.919999
v 1.130002 -2.319999 13.919999
v -0.249999 -2.320000 13.919999
v 0.250001 -2.320001 13.919999
v -0.249999 -2.299999 14.069999
v -1.829999 -2.300001 13.919999
v 1.830002 -2.299998 13.919999
v -0.249999 -2.319999 14.069999
v -1.129999 -2.320000 14.069999
v 1.130002 -2.319999 14.069999
v 0.250001 -2.320001 14.069999
v -0.249999 -2.319999 14.109999
v 0.250001 -2.320001 14.109999
v -1.129999 -2.300000 14.069999
v -0.249999 -2.340000 14.109999
v 0.250001 -2.300001 14.069999
v -1.129999 -2.300000 13.919999
v 1.130002 -2.299999 13.919999
v -0.249999 -2.300000 13.919999
v 0.250001 -2.300001 13.919999
v 1.130002 -2.299999 14.069999
v 0.250001 -2.340001 14.109999
v -1.129998 -2.340000 14.109999
v -1.129999 -2.320000 14.109999
v 1.130002 -2.339999 14.109999
v 1.130002 -2.319999 14.109999
v 1.130002 -2.359998 14.750000
v -1.129998 -2.359999 14.750000
v -1.439999 -2.250001 16.870001
v -1.412329 -2.250001 17.150930
v -1.330385 -2.250001 17.421066
v -1.197315 -2.250000 17.670021
v -1.018232 -2.250000 17.888233
v -0.800020 -2.250000 18.067316
v -0.551063 -2.250000 18.200386
v -0.280929 -2.249999 18.282331
v 0.000001 -2.249999 18.310001
v 0.280931 -2.249999 18.282331
v 0.551065 -2.249999 18.200386
v 0.800022 -2.249999 18.067316
v 1.018235 -2.249999 17.888233
v 1.197318 -2.249999 17.670021
v 1.330388 -2.249999 17.421064
v 1.412332 -2.249999 17.150930
v 1.440001 -2.249999 16.870001
v 1.412332 -2.249999 16.589069
v 1.330388 -2.250000 16.318935
v 1.197317 -2.250000 16.069979
v 1.018234 -2.250000 15.851767
v 0.800022 -2.250000 15.672685
v 0.551064 -2.250001 15.539615
v 0.280930 -2.250001 15.457670
v -0.280930 -2.250001 15.457670
v -0.551064 -2.250001 15.539616
v -0.800021 -2.250001 15.672686
v -1.018234 -2.250001 15.851768
v -1.197316 -2.250001 16.069983
v -1.330386 -2.250001 16.318939
v -1.412330 -2.250001 16.589073
v 0.000001 -2.250000 15.430000
v -1.439998 -2.390000 16.870001
v -1.412329 -2.390000 17.150930
v -1.330385 -2.390000 17.421066
v -1.197315 -2.390000 17.670021
v -1.018232 -2.389999 17.888233
v -0.800020 -2.389999 18.067316
v -0.551063 -2.389999 18.200386
v -0.280929 -2.389999 18.282331
v 0.000001 -2.389998 18.310001
v 0.280931 -2.389998 18.282331
v 0.551065 -2.389998 18.200386
v 0.800023 -2.389998 18.067316
v 1.018235 -2.389998 17.888233
v 1.197318 -2.389998 17.670021
v 1.330388 -2.389998 17.421064
v 1.412332 -2.389998 17.150930
v 1.440001 -2.389998 16.870001
v 1.412332 -2.389999 16.589069
v 1.330388 -2.389999 16.318935
v 1.197317 -2.389999 16.069979
v 1.018234 -2.389999 15.851767
v 0.800022 -2.390000 15.672685
v 0.551064 -2.390000 15.539615
v 0.280930 -2.390000 15.457670
v -0.280930 -2.390001 15.457670
v -0.551064 -2.390001 15.539616
v -0.800021 -2.390001 15.672686
v -1.018234 -2.390001 15.851768
v -1.197316 -2.390001 16.069983
v -1.330386 -2.390001 16.318939
v -1.412330 -2.390001 16.589073
v 0.000001 -2.389999 15.430000
v -1.468798 -2.390000 16.870001
v -1.440576 -2.390000 17.156549
v -1.356993 -2.390000 17.432087
v -1.221261 -2.390000 17.686022
v -1.038597 -2.389999 17.908598
v -0.816020 -2.389999 18.091263
v -0.562084 -2.389999 18.226994
v -0.286547 -2.389999 18.310577
v 0.000001 -2.389998 18.338802
v 0.286550 -2.389998 18.310577
v 0.562087 -2.389998 18.226994
v 0.816023 -2.389998 18.091263
v 1.038600 -2.389998 17.908598
v 1.221264 -2.389998 17.686022
v 1.356996 -2.389998 17.432085
v 1.440579 -2.389998 17.156549
v 1.468801 -2.389998 16.870001
v 1.440579 -2.389999 16.583450
v 1.356996 -2.389999 16.307915
v 1.221263 -2.389999 16.053978
v 1.038599 -2.389999 15.831402
v 0.816022 -2.390000 15.648739
v 0.562086 -2.390000 15.513007
v 0.286549 -2.390000 15.429423
v -0.286549 -2.390001 15.429423
v -0.562085 -2.390001 15.513008
v -0.816021 -2.390001 15.648739
v -1.038598 -2.390001 15.831404
v -1.221262 -2.390001 16.053982
v -1.356994 -2.390001 16.307919
v -1.440576 -2.390001 16.583454
v 0.000001 -2.389999 15.401200
v -1.468798 -2.380001 16.870001
v -1.440576 -2.380001 17.156549
v -1.356993 -2.380001 17.432087
v -1.221261 -2.380000 17.686022
v -1.038597 -2.380000 17.908598
v -0.816020 -2.380000 18.091263
v -0.562084 -2.380000 18.226994
v -0.286547 -2.379999 18.310577
v 0.000001 -2.379999 18.338802
v 0.286550 -2.379999 18.310577
v 0.562087 -2.379999 18.226994
v 0.816023 -2.379999 18.091263
v 1.038600 -2.379998 17.908598
v 1.221264 -2.379999 17.686022
v 1.356996 -2.379999 17.432085
v 1.440579 -2.379999 17.156549
v 1.468801 -2.379999 16.870001
v 1.440579 -2.379999 16.583450
v 1.356995 -2.379999 16.307915
v 1.221264 -2.380000 16.053978
v 1.038599 -2.380000 15.831402
v 0.816022 -2.380000 15.648739
v 0.562086 -2.380000 15.513007
v 0.286549 -2.380001 15.429423
v -0.286549 -2.380001 15.429423
v -0.562085 -2.380001 15.513008
v -0.816021 -2.380001 15.648739
v -1.038598 -2.380001 15.831404
v -1.221262 -2.380001 16.053982
v -1.356994 -2.380001 16.307919
v -1.440576 -2.380001 16.583454
v 0.000001 -2.380000 15.401200
v -1.599998 -2.380000 16.870001
v -1.438412 -2.380001 17.465813
v -1.294537 -2.380000 17.734983
v -1.100913 -2.380000 17.970913
v -0.864981 -2.380000 18.164539
v -0.595809 -2.380000 18.308411
v 0.000001 -2.379999 18.726931
v 0.595812 -2.379999 18.308413
v 0.864984 -2.379999 18.164539
v 1.100916 -2.379998 17.970913
v 1.294540 -2.379999 17.734983
v 1.438416 -2.379999 17.465811
v 1.600002 -2.379999 16.870001
v 1.438415 -2.379999 16.274189
v 1.294539 -2.380000 16.005016
v 1.100915 -2.380000 15.769086
v 0.864984 -2.380000 15.575463
v 0.595811 -2.380000 15.431587
v 0.000001 -2.379998 15.013070
v -0.595811 -2.380001 15.431590
v -0.864983 -2.380001 15.575463
v -1.100914 -2.380001 15.769088
v -1.294538 -2.380001 16.005020
v -1.438413 -2.379999 16.274193
v -1.438412 -2.320000 17.465813
v -1.294537 -2.319999 17.734983
v -1.100913 -2.319999 17.970913
v -0.864981 -2.319999 18.164539
v -0.595809 -2.319999 18.308413
v 0.595812 -2.319998 18.308413
v 0.864984 -2.319998 18.164539
v 1.100916 -2.319997 17.970913
v 1.294540 -2.319998 17.734983
v 1.438415 -2.319998 17.465811
v 1.438415 -2.319998 16.274189
v 1.294539 -2.319999 16.005016
v 1.100915 -2.319999 15.769086
v 0.864983 -2.319999 15.575463
v 0.595811 -2.319999 15.431587
v -0.595811 -2.320000 15.431590
v -0.864983 -2.320000 15.575463
v -1.100914 -2.320000 15.769088
v -1.294538 -2.320000 16.005020
v -1.438413 -2.319998 16.274193
v 1.438415 -2.379999 15.431588
v -1.438413 -2.379999 15.431592
v 1.438415 -2.319998 15.431588
v -1.438413 -2.319998 15.431592
v -1.438412 -2.380001 18.308411
v 1.438416 -2.379999 18.308409
v -1.438412 -2.320000 18.308411
v 1.438415 -2.319998 18.308409
v 1.600001 -2.379999 15.013070
v 1.600002 -2.379999 18.726931
v -1.599999 -2.379999 15.013070
v -1.599998 -2.380001 18.726931
v -1.599999 -2.300001 16.870001
v 1.600001 -2.299999 16.870001
v 1.600001 -2.300000 15.013070
v 1.600002 -2.299999 18.726931
v -1.599999 -2.300000 15.013070
v -1.599998 -2.300001 18.726931
v -0.323740 -2.379999 18.900000
v 0.323743 -2.379999 18.900000
v 1.118412 -2.379997 18.900000
v -0.323740 -2.379999 19.100000
v -1.118408 -2.380000 18.900000
v -0.303740 -2.379999 19.850006
v -1.599998 -2.300001 19.850006
v 1.600002 -2.299999 19.850006
v 0.303743 -2.379999 19.850006
v -1.138408 -2.380000 19.850006
v 1.138412 -2.379997 19.850006
v -1.599998 -2.500001 19.700001
v 1.600002 -2.499999 19.700001
v 0.303743 -2.499999 19.700001
v 1.138412 -2.499998 19.700001
v -0.303740 -2.500000 19.700001
v -1.138408 -2.500001 19.700001
v -1.599998 -2.500001 19.850006
v 0.303743 -2.499999 19.850006
v 1.138412 -2.499998 19.850006
v -1.138408 -2.500001 19.850006
v 1.600002 -2.499999 19.850006
v -0.303740 -2.500000 19.850006
v 1.620002 -2.299999 19.900002
v 1.620002 -2.519999 19.900002
v 1.620002 -2.299999 19.850006
v 1.620002 -2.519999 19.850006
v 0.323743 -2.400000 19.900002
v -0.323740 -2.400000 19.900002
v -1.118408 -2.400002 19.900002
v 1.118412 -2.399998 19.900002
v 0.323743 -2.400000 19.850006
v -0.323740 -2.400000 19.850006
v -1.118408 -2.400002 19.850006
v 1.118412 -2.399998 19.850006
v -1.619998 -2.300001 19.900002
v -1.619998 -2.520001 19.900002
v -1.619998 -2.300001 19.850006
v -1.619998 -2.520001 19.850006
v 0.323743 -2.519999 19.900002
v 1.118412 -2.519998 19.900002
v -1.118408 -2.520001 19.900002
v -0.323740 -2.520000 19.900002
v 0.323743 -2.519999 19.850006
v 1.118412 -2.519998 19.850006
v -1.118408 -2.520001 19.850006
v -0.323740 -2.520000 19.850006
v -1.639999 -2.300001 20.000002
v -1.639998 -2.540001 20.000002
v -1.639999 -2.300001 19.900002
v -1.639998 -2.540001 19.900002
v -0.343740 -2.540000 20.000002
v 0.343743 -2.539999 20.000002
v 1.640002 -2.539999 20.000002
v -1.098408 -2.540001 20.000002
v 1.098412 -2.539998 20.000002
v 0.343743 -2.539999 19.900002
v 1.098412 -2.539998 19.900002
v -1.098408 -2.540001 19.900002
v 1.640002 -2.539999 19.900002
v -0.343740 -2.540000 19.900002
v 1.640001 -2.299999 20.000002
v 1.640001 -2.299999 19.900002
v -0.343740 -2.420001 20.000002
v 0.343743 -2.420000 20.000002
v -1.098408 -2.420002 20.000002
v 1.098412 -2.419998 20.000002
v 0.343743 -2.420000 19.900002
v -0.343740 -2.420001 19.900002
v -1.098408 -2.420002 19.900002
v 1.098412 -2.419998 19.900002
v 1.600002 -2.414999 19.499998
v 0.303743 -2.414999 19.499998
v -0.303740 -2.415000 19.499998
v -1.599998 -2.415001 19.499998
v 1.138412 -2.414998 19.499998
v -1.138408 -2.415001 19.499998
v 1.600002 -2.434999 19.499998
v 0.303743 -2.434999 19.499998
v -0.303740 -2.435000 19.499998
v -1.599998 -2.435001 19.499998
v 1.138412 -2.434998 19.499998
v -1.138408 -2.435001 19.499998
v 1.600002 -2.434999 19.599998
v -1.599998 -2.435001 19.599998
v -1.138408 -2.435001 19.599998
v 0.303743 -2.434999 19.599998
v -0.303740 -2.435000 19.599998
v 1.138412 -2.434998 19.599998
v -1.599998 -2.415002 19.100000
v -0.303740 -2.415000 19.100000
v 1.600002 -2.414999 19.100000
v -0.303740 -2.455000 19.700001
v 0.303743 -2.455000 19.700001
v 1.600002 -2.455000 19.700001
v 1.138412 -2.454998 19.700001
v 0.303743 -2.414999 19.100000
v 0.403743 -2.379999 19.100000
v -0.303740 -2.379999 19.100000
v -1.599998 -2.455001 19.700001
v -1.599998 -2.300001 19.100000
v -1.138408 -2.455001 19.700001
v 1.600002 -2.454999 19.599998
v -1.599998 -2.455001 19.599998
v -1.138408 -2.455001 19.599998
v 0.303743 -2.454999 19.599998
v -0.303740 -2.455000 19.599998
v 1.138412 -2.454998 19.599998
v 1.600002 -2.299999 19.100000
v 0.303743 -2.379999 19.100000
v -0.403740 -2.379999 19.100000
v -1.138409 -2.380000 19.100000
v 1.138412 -2.379997 19.100000
v 1.138412 -2.414998 19.100000
v -1.138409 -2.415001 19.100000
v -1.619998 -2.435001 18.900000
v -1.619998 -2.300001 18.900000
v -1.619998 -2.435001 19.100000
v -1.619999 -2.300001 19.100000
v 1.620002 -2.434999 18.900000
v 1.620002 -2.299999 18.900000
v 1.620002 -2.434999 19.100000
v 1.620001 -2.299999 19.100000
v -0.323740 -2.434999 18.900000
v -1.118408 -2.435000 18.900000
v 0.323743 -2.434999 18.900000
v 1.118412 -2.434998 18.900000
v -0.323740 -2.434999 19.100000
v 0.323743 -2.434999 19.100000
v 1.118412 -2.434998 19.100000
v -1.118409 -2.435000 19.100000
v 1.118412 -2.379997 19.100000
v -1.118409 -2.380000 19.100000
v 0.323743 -2.379999 19.100000
v -0.403740 -2.379999 19.800007
v 0.403743 -2.379999 19.800007
v -1.038408 -2.380000 19.800007
v -1.038409 -2.380000 19.100000
v 1.038411 -2.379998 19.800007
v 1.038411 -2.379998 19.100000
v -0.403740 -2.350000 19.800007
v 0.403743 -2.350000 19.800007
v 0.403743 -2.350000 19.100000
v -0.403740 -2.350000 19.100000
v -1.038408 -2.350001 19.800007
v -1.038409 -2.350001 19.100000
v 1.038411 -2.349998 19.800007
v 1.038411 -2.349998 19.100000
v 1.599995 2.435003 19.599998
v -1.600005 2.434997 19.599998
v 1.138405 2.435002 19.499998
v -1.138415 2.434996 19.499998
v 1.599995 2.435003 19.499998
v 0.303737 2.435000 19.499998
v -0.303746 2.434999 19.499998
v -1.600005 2.434997 19.499998
v 1.138405 2.415002 19.499998
v -1.138415 2.414996 19.499998
v 1.599995 2.415003 19.499998
v 0.303737 2.415000 19.499998
v -0.303746 2.414999 19.499998
v -1.600005 2.414998 19.499998
v -1.098415 2.419997 19.900002
v 1.098405 2.420003 19.900002
v 0.343737 2.420001 19.900002
v -0.343746 2.419999 19.900002
v -1.098415 2.419997 20.000002
v 1.098405 2.420003 20.000002
v -0.343746 2.419999 20.000002
v 0.343737 2.420001 20.000002
v -1.640004 2.299997 19.900002
v -1.640004 2.299997 20.000002
v 0.343737 2.540000 19.900002
v -1.640005 2.539997 19.900002
v 1.098405 2.540002 19.900002
v -1.098415 2.539996 19.900002
v -0.343746 2.539999 19.900002
v -1.098415 2.539996 20.000002
v 1.098405 2.540002 20.000002
v -1.640005 2.539997 20.000002
v -0.343746 2.539999 20.000002
v 0.343737 2.540000 20.000002
v 1.639995 2.540003 19.900002
v 1.639995 2.300003 19.900002
v 1.639995 2.540003 20.000002
v 1.639995 2.300003 20.000002
v 0.323737 2.520000 19.850006
v 1.118405 2.520002 19.850006
v -1.118415 2.519996 19.850006
v -0.323746 2.519999 19.850006
v 0.323737 2.520000 19.900002
v 1.118405 2.520002 19.900002
v -1.118415 2.519996 19.900002
v -0.323746 2.519999 19.900002
v 1.619995 2.520003 19.850006
v 1.619996 2.300003 19.850006
v 1.619995 2.520003 19.900002
v 1.619996 2.300003 19.900002
v -1.118415 2.399997 19.850006
v 1.118405 2.400003 19.850006
v 0.323737 2.400001 19.850006
v -0.323746 2.399999 19.850006
v -1.118415 2.399997 19.900002
v 1.118405 2.400003 19.900002
v 0.323737 2.400001 19.900002
v -0.323746 2.399999 19.900002
v -1.620005 2.519997 19.850006
v -1.620004 2.299997 19.850006
v -1.620005 2.519997 19.900002
v -1.620004 2.299997 19.900002
v 0.303737 2.500000 19.850006
v -1.600005 2.499997 19.850006
v 1.138405 2.500002 19.850006
v -1.138415 2.499996 19.850006
v -0.303746 2.499999 19.850006
v 1.599995 2.500003 19.850006
v 1.138405 2.500002 19.700001
v 0.303737 2.500000 19.700001
v -1.138415 2.499996 19.700001
v -0.303746 2.499999 19.700001
v -1.600005 2.499997 19.700001
v 1.599995 2.500003 19.700001
v -1.138415 2.379996 19.850006
v 1.138405 2.380002 19.850006
v -0.303746 2.379998 19.850006
v -1.600004 2.299997 19.850006
v 1.599995 2.300003 19.850006
v 0.303737 2.380000 19.850006
v 1.118405 2.380002 18.900000
v 0.323737 2.380000 19.100000
v -1.118415 2.379996 18.900000
v -0.323746 2.379998 18.900000
v 0.323737 2.380000 18.900000
v 1.599995 2.300003 18.726931
v 1.599996 2.300002 15.013070
v -1.600004 2.299997 18.726931
v -1.600004 2.299998 15.013070
v -1.600004 2.299997 16.870001
v 1.599995 2.300003 16.870001
v 1.599995 2.380002 18.726931
v 1.599996 2.380001 15.013070
v -1.600005 2.379997 18.726931
v -1.600004 2.379997 15.013070
v -1.438418 2.319996 18.308409
v 1.438409 2.320002 18.308411
v -1.438419 2.379997 18.308409
v 1.438409 2.380002 18.308411
v 1.438410 2.320000 15.431592
v -1.438418 2.319996 15.431588
v 1.438410 2.380001 15.431592
v -1.438418 2.379997 15.431588
v 1.438410 2.320000 16.274193
v 1.294535 2.320001 16.005020
v 1.100911 2.320002 15.769088
v 0.864980 2.320001 15.575463
v 0.595808 2.320001 15.431590
v -0.595814 2.319998 15.431587
v -0.864986 2.319998 15.575463
v -1.100918 2.319997 15.769086
v -1.294542 2.319997 16.005016
v -1.438418 2.319996 16.274189
v -1.438418 2.319996 17.465811
v -1.294543 2.319996 17.734983
v -1.100919 2.319996 17.970913
v -0.864987 2.319996 18.164539
v -0.595815 2.319997 18.308413
v 0.595806 2.319999 18.308413
v 0.864978 2.320000 18.164539
v 1.100910 2.320000 17.970913
v 1.294534 2.320000 17.734983
v 1.438409 2.320002 17.465813
v 1.438410 2.380001 16.274193
v 1.294535 2.380003 16.005020
v 1.100911 2.380003 15.769088
v 0.864980 2.380002 15.575463
v 0.595807 2.380002 15.431590
v -0.000004 2.379998 15.013070
v -0.595814 2.380000 15.431587
v -0.864987 2.379999 15.575463
v -1.100918 2.379998 15.769086
v -1.294542 2.379998 16.005016
v -1.438418 2.379997 16.274189
v -1.600005 2.379997 16.870001
v -1.438419 2.379997 17.465811
v -1.294543 2.379997 17.734983
v -1.100919 2.379997 17.970913
v -0.864987 2.379998 18.164539
v -0.595815 2.379998 18.308413
v -0.000004 2.379999 18.726931
v 0.595806 2.380001 18.308411
v 0.864978 2.380001 18.164539
v 1.100909 2.380002 17.970913
v 1.294534 2.380002 17.734983
v 1.438409 2.380002 17.465813
v 1.599995 2.380002 16.870001
v -0.000004 2.380000 15.401200
v 1.440573 2.380003 16.583454
v 1.356990 2.380003 16.307919
v 1.221259 2.380003 16.053982
v 1.038595 2.380003 15.831404
v 0.816018 2.380002 15.648739
v 0.562082 2.380002 15.513008
v 0.286546 2.380002 15.429423
v -0.286552 2.380000 15.429423
v -0.562089 2.380000 15.513007
v -0.816025 2.379999 15.648739
v -1.038602 2.379998 15.831402
v -1.221267 2.379998 16.053978
v -1.356998 2.379998 16.307915
v -1.440582 2.379997 16.583450
v -1.468805 2.379997 16.870001
v -1.440582 2.379997 17.156549
v -1.356999 2.379997 17.432085
v -1.221267 2.379997 17.686022
v -1.038603 2.379997 17.908598
v -0.816026 2.379998 18.091263
v -0.562090 2.379998 18.226994
v -0.286553 2.379998 18.310577
v -0.000004 2.379999 18.338802
v 0.286544 2.380000 18.310577
v 0.562081 2.380001 18.226994
v 0.816017 2.380001 18.091263
v 1.038594 2.380001 17.908598
v 1.221258 2.380002 17.686022
v 1.356990 2.380002 17.432087
v 1.440573 2.380002 17.156549
v 1.468795 2.380002 16.870001
v -0.000004 2.389999 15.401200
v 1.440573 2.390002 16.583454
v 1.356990 2.390003 16.307919
v 1.221259 2.390003 16.053982
v 1.038595 2.390002 15.831404
v 0.816018 2.390002 15.648739
v 0.562082 2.390002 15.513008
v 0.286546 2.390001 15.429423
v -0.286552 2.390000 15.429423
v -0.562089 2.389999 15.513007
v -0.816025 2.389999 15.648739
v -1.038602 2.389998 15.831402
v -1.221267 2.389998 16.053978
v -1.356999 2.389997 16.307915
v -1.440582 2.389997 16.583450
v -1.468805 2.389997 16.870001
v -1.440582 2.389996 17.156549
v -1.356999 2.389997 17.432085
v -1.221267 2.389997 17.686022
v -1.038603 2.389997 17.908598
v -0.816026 2.389997 18.091263
v -0.562090 2.389998 18.226994
v -0.286553 2.389998 18.310577
v -0.000004 2.389998 18.338802
v 0.286544 2.389999 18.310577
v 0.562081 2.390000 18.226994
v 0.816017 2.390000 18.091263
v 1.038594 2.390001 17.908598
v 1.221258 2.390002 17.686022
v 1.356990 2.390002 17.432087
v 1.440573 2.390002 17.156549
v 1.468795 2.390002 16.870001
v -0.000004 2.389999 15.430000
v 1.412326 2.390002 16.589073
v 1.330383 2.390003 16.318939
v 1.197313 2.390002 16.069983
v 1.018230 2.390002 15.851768
v 0.800018 2.390002 15.672686
v 0.551061 2.390001 15.539616
v 0.280927 2.390001 15.457670
v -0.280933 2.390000 15.457670
v -0.551068 2.390000 15.539615
v -0.800025 2.389999 15.672685
v -1.018238 2.389998 15.851767
v -1.197320 2.389998 16.069979
v -1.330391 2.389997 16.318935
v -1.412335 2.389997 16.589069
v -1.440005 2.389997 16.870001
v -1.412335 2.389996 17.150930
v -1.330391 2.389997 17.421064
v -1.197321 2.389997 17.670021
v -1.018238 2.389997 17.888233
v -0.800026 2.389997 18.067316
v -0.551069 2.389997 18.200386
v -0.280935 2.389998 18.282331
v -0.000004 2.389998 18.310001
v 0.280926 2.389999 18.282331
v 0.551059 2.390000 18.200386
v 0.800016 2.390000 18.067316
v 1.018229 2.390000 17.888233
v 1.197312 2.390001 17.670021
v 1.330382 2.390002 17.421066
v 1.412326 2.390002 17.150930
v 1.439995 2.390002 16.870001
v -0.000004 2.250000 15.430000
v 1.412327 2.250003 16.589073
v 1.330383 2.250003 16.318939
v 1.197313 2.250003 16.069983
v 1.018231 2.250002 15.851768
v 0.800018 2.250002 15.672686
v 0.551061 2.250002 15.539616
v 0.280927 2.250002 15.457670
v -0.280933 2.250000 15.457670
v -0.551067 2.250000 15.539615
v -0.800025 2.249999 15.672685
v -1.018237 2.249999 15.851767
v -1.197320 2.249998 16.069979
v -1.330390 2.249998 16.318935
v -1.412335 2.249997 16.589069
v -1.440004 2.249997 16.870001
v -1.412335 2.249997 17.150930
v -1.330391 2.249997 17.421064
v -1.197320 2.249997 17.670021
v -1.018238 2.249998 17.888233
v -0.800025 2.249998 18.067316
v -0.551068 2.249998 18.200386
v -0.280934 2.249998 18.282331
v -0.000004 2.249999 18.310001
v 0.280926 2.250000 18.282331
v 0.551060 2.250000 18.200386
v 0.800017 2.250001 18.067316
v 1.018229 2.250001 17.888233
v 1.197312 2.250002 17.670021
v 1.330382 2.250002 17.421066
v 1.412326 2.250003 17.150930
v 1.439996 2.250003 16.870001
v 1.129996 2.360000 14.750000
v -1.130004 2.359997 14.750000
v -1.130004 2.319997 14.109999
v -1.130004 2.339997 14.109999
v 1.129995 2.320001 14.109999
v 1.129996 2.340002 14.109999
v -0.250004 2.340001 14.109999
v -1.130004 2.299997 14.069999
v -0.250004 2.300001 13.919999
v 0.249996 2.300000 13.919999
v -1.130004 2.299998 13.919999
v 1.129995 2.300002 13.919999
v -0.250004 2.300000 14.069999
v 0.249996 2.340000 14.109999
v 1.129995 2.300001 14.069999
v -0.250004 2.320000 14.109999
v 0.249996 2.320000 14.109999
v -0.250004 2.320000 14.069999
v -1.130004 2.319997 14.069999
v 1.129995 2.320001 14.069999
v 0.249996 2.320000 14.069999
v -1.830004 2.299996 13.919999
v 1.829996 2.300003 13.919999
v 0.249996 2.300000 14.069999
v -0.250004 2.320001 13.919999
v 0.249996 2.320000 13.919999
v -1.130004 2.319998 13.919999
v -1.830004 2.319996 13.919999
v 1.829996 2.320003 13.919999
v 1.129995 2.320002 13.919999
v -0.250004 2.320001 13.960000
v 0.249996 2.320000 13.960000
v -1.130004 2.319998 13.960000
v -1.830004 2.319996 13.960000
v 1.829996 2.320003 13.960000
v 1.129995 2.320002 13.960000
v -0.250004 2.340001 13.960000
v 0.249996 2.340000 13.960000
v -1.130004 2.339997 13.960000
v -1.830004 2.339996 13.960000
v 1.829996 2.340003 13.960000
v 1.129996 2.340002 13.960000
v -0.250004 2.340001 13.999999
v 0.249996 2.340000 13.999999
v -1.130004 2.339997 13.999999
v -1.830004 2.339996 13.999999
v 1.829996 2.340003 13.999999
v 1.129996 2.340002 13.999999
v -0.250004 2.340001 14.150000
v 0.249996 2.340000 14.150000
v -1.130004 2.339997 14.150000
v 1.129996 2.340002 14.150000
v -0.250004 2.360000 13.999999
v 0.249996 2.359998 13.999999
v -1.130004 2.359996 13.999999
v -1.830004 2.359994 13.999999
v 1.829996 2.360002 13.999999
v 1.129996 2.360000 13.999999
v -0.250004 2.360000 14.750000
v -0.250004 2.360000 14.150000
v 0.249996 2.359998 14.750000
v 0.249996 2.359998 14.150000
v -1.130004 2.359996 14.150000
v -1.830004 2.359994 14.750000
v 1.129996 2.360000 14.150000
v 1.829996 2.360002 14.750000
v -1.830004 2.299997 18.900000
v -1.830004 2.299997 18.726931
v 1.829996 2.300004 18.900000
v 1.829995 2.450004 18.900000
v -1.830005 2.419997 18.766930
v 1.829995 2.450004 18.806929
v 1.829995 2.420004 18.806929
v 1.829995 2.420004 18.766930
v 1.829995 2.400004 18.766930
v 1.829995 2.400004 18.726931
v 1.829996 2.300004 18.726931
v -1.830005 2.449997 18.900000
v -1.830005 2.449997 18.806929
v -1.830005 2.419997 18.806929
v -1.830005 2.399997 18.766930
v -1.830005 2.399997 18.726931
v 1.829996 2.380002 14.750000
v -1.830004 2.299997 15.013070
v -1.830004 2.379995 14.750000
v -1.830004 2.450705 14.842389
v -1.830005 2.472383 14.874832
v -1.830005 2.479995 14.913100
v -1.830005 2.472383 14.951368
v -1.830005 2.379995 15.013070
v 1.829996 2.300002 15.013070
v 1.829996 2.380002 14.813100
v 1.829995 2.418270 14.820712
v 1.829995 2.450713 14.842389
v 1.829995 2.472390 14.874832
v 1.829995 2.480002 14.913100
v 1.829995 2.472390 14.951368
v 1.829995 2.450713 14.983811
v 1.829995 2.418270 15.005488
v 1.829995 2.380002 15.013070
v -1.830004 2.379995 14.813100
v -1.830005 2.418263 14.820712
v -1.830004 2.450705 14.983811
v -1.830005 2.418263 15.005488
v 0.000001 -2.250000 16.869999
v 1.138405 2.435002 19.599998
v -0.303746 2.434999 19.599998
v 0.303737 2.435000 19.599998
v -1.138415 2.434996 19.599998
v 1.599995 2.415004 19.100000
v 0.303737 2.415000 19.100000
v -1.600005 2.414998 19.100000
v 0.303737 2.455001 19.700001
v -0.303746 2.454999 19.700001
v -1.600005 2.454997 19.700001
v -1.138415 2.454997 19.700001
v -0.303746 2.414999 19.100000
v -0.403746 2.379998 19.100000
v 0.303737 2.380000 19.100000
v 1.599995 2.455003 19.700001
v 1.599995 2.300003 19.100000
v 1.138405 2.455002 19.700001
v -1.600005 2.454997 19.599998
v 1.599995 2.455003 19.599998
v 1.138405 2.455002 19.599998
v -0.303746 2.454999 19.599998
v 0.303737 2.455000 19.599998
v -1.138415 2.454996 19.599998
v -1.600004 2.299997 19.100000
v -0.303746 2.379998 19.100000
v 0.403737 2.380000 19.100000
v 1.138405 2.380002 19.100000
v -1.138415 2.379996 19.100000
v -1.138415 2.414996 19.100000
v 1.138405 2.415002 19.100000
v 1.619995 2.435003 18.900000
v 1.619996 2.300003 18.900000
v 1.619995 2.435003 19.100000
v 1.619995 2.300003 19.100000
v -1.620005 2.434997 18.900000
v -1.620004 2.299997 18.900000
v -1.620005 2.434997 19.100000
v -1.620004 2.299997 19.100000
v 0.323737 2.435000 18.900000
v 1.118405 2.435002 18.900000
v -0.323746 2.434999 18.900000
v -1.118415 2.434996 18.900000
v 0.323737 2.435000 19.100000
v -0.323746 2.434999 19.100000
v -1.118415 2.434996 19.100000
v 1.118405 2.435002 19.100000
v -1.118415 2.379996 19.100000
v 1.118405 2.380002 19.100000
v -0.323746 2.379998 19.100000
v 0.403737 2.380000 19.800007
v -0.403746 2.379998 19.800007
v 1.038405 2.380002 19.800007
v 1.038405 2.380002 19.100000
v -1.038414 2.379996 19.800007
v -1.038414 2.379996 19.100000
v 0.403737 2.350001 19.800007
v -0.403746 2.349999 19.800007
v -0.403746 2.349999 19.100000
v 0.403737 2.350001 19.100000
v 1.038405 2.350002 19.800007
v 1.038406 2.350002 19.100000
v -1.038414 2.349997 19.800007
v -1.038414 2.349997 19.100000
v -0.000004 2.250000 16.869999
v -2.418267 -1.830000 15.005488
v -2.450709 -1.830000 14.983811
v -2.418267 -1.830000 14.820712
v -2.379998 -1.830000 14.813100
v -2.379998 1.830000 15.013070
v -2.418267 1.830000 15.005488
v -2.450709 1.830000 14.983811
v -2.472386 1.830000 14.951368
v -2.479998 1.830000 14.913100
v -2.472386 1.830000 14.874832
v -2.450709 1.830000 14.842389
v -2.418267 1.830000 14.820712
v -2.379998 1.830000 14.813100
v -2.299999 1.830000 15.013070
v -2.379998 -1.830000 15.013070
v -2.472386 -1.830000 14.951368
v -2.479998 -1.830000 14.913100
v -2.472386 -1.830000 14.874832
v -2.450709 -1.830000 14.842389
v -2.379998 -1.830000 14.750000
v -2.300001 -1.830000 15.013070
v -2.379998 1.830000 14.750000
v -2.359998 -1.830000 14.750000
v -2.359998 1.830000 14.750000
v -2.400001 -1.830000 18.726931
v -2.400001 -1.830000 18.766930
v -2.420000 -1.830000 18.806929
v -2.450001 -1.830000 18.806929
v -2.450001 -1.830000 18.900000
v -2.300000 1.830000 18.726931
v -2.400001 1.830000 18.726931
v -2.400001 1.830000 18.766930
v -2.420000 1.830000 18.766930
v -2.420000 1.830000 18.806929
v -2.450001 1.830000 18.806929
v -2.420000 -1.830000 18.766930
v -2.450001 1.830000 18.900000
v -2.300000 1.830000 18.900000
v -2.300001 -1.830000 18.726931
v -2.300000 -1.830000 18.900000
v -2.359998 1.830000 14.750000
v -2.359998 1.130000 14.150000
v -2.359998 -1.830000 14.750000
v -2.359998 -1.130000 14.150000
v -2.359998 0.250000 14.150000
v -2.359998 0.250000 14.750000
v -2.360000 -0.250000 14.150000
v -2.360000 -0.250000 14.750000
v -2.359998 1.130000 13.999999
v -2.359998 1.830000 13.999999
v -2.359998 -1.830000 13.999999
v -2.359998 -1.130000 13.999999
v -2.359998 0.250000 13.999999
v -2.360000 -0.250000 13.999999
v -2.339999 1.130000 14.150000
v -2.339999 -1.130000 14.150000
v -2.339999 0.250000 14.150000
v -2.340001 -0.250000 14.150000
v -2.339999 1.130000 13.999999
v -2.339999 1.830000 13.999999
v -2.339999 -1.830000 13.999999
v -2.339999 -1.130000 13.999999
v -2.339999 0.250000 13.999999
v -2.340001 -0.250000 13.999999
v -2.339999 1.130000 13.960000
v -2.339999 1.830000 13.960000
v -2.339999 -1.830000 13.960000
v -2.339999 -1.130000 13.960000
v -2.339999 0.250000 13.960000
v -2.340001 -0.250000 13.960000
v -2.320000 1.130000 13.960000
v -2.320000 1.830000 13.960000
v -2.320000 -1.830000 13.960000
v -2.320000 -1.130000 13.960000
v -2.320000 0.250000 13.960000
v -2.320002 -0.250000 13.960000
v -2.320000 1.130000 13.919999
v -2.320000 1.830000 13.919999
v -2.320000 -1.830000 13.919999
v -2.320000 -1.130000 13.919999
v -2.320000 0.250000 13.919999
v -2.320002 -0.250000 13.919999
v -2.299999 0.250000 14.069999
v -2.299999 1.830000 13.919999
v -2.299999 -1.830000 13.919999
v -2.319999 0.250000 14.069999
v -2.319999 1.130000 14.069999
v -2.319999 -1.130000 14.069999
v -2.320001 -0.250000 14.069999
v -2.319999 0.250000 14.109999
v -2.320001 -0.250000 14.109999
v -2.299999 1.130000 14.069999
v -2.339999 0.250000 14.109999
v -2.300001 -0.250000 14.069999
v -2.300000 1.130000 13.919999
v -2.300000 -1.130000 13.919999
v -2.300000 0.250000 13.919999
v -2.300002 -0.250000 13.919999
v -2.299999 -1.130000 14.069999
v -2.340001 -0.250000 14.109999
v -2.339999 1.130000 14.109999
v -2.319999 1.130000 14.109999
v -2.339999 -1.130000 14.109999
v -2.319999 -1.130000 14.109999
v -2.359999 -1.130000 14.750000
v -2.359998 1.130000 14.750000
v -2.250000 1.440000 16.870001
v -2.250000 1.412331 17.150930
v -2.250000 1.330386 17.421066
v -2.250000 1.197316 17.670021
v -2.249999 1.018234 17.888233
v -2.249999 0.800021 18.067316
v -2.249999 0.551064 18.200386
v -2.249999 0.280930 18.282331
v -2.249999 0.000000 18.310001
v -2.249999 -0.280930 18.282331
v -2.249999 -0.551064 18.200386
v -2.249999 -0.800021 18.067316
v -2.249999 -1.018234 17.888233
v -2.250000 -1.197316 17.670021
v -2.250000 -1.330387 17.421064
v -2.250000 -1.412331 17.150930
v -2.250000 -1.440000 16.870001
v -2.250000 -1.412331 16.589069
v -2.250000 -1.330386 16.318935
v -2.250000 -1.197316 16.069979
v -2.250001 -1.018233 15.851767
v -2.250001 -0.800020 15.672685
v -2.250001 -0.551063 15.539615
v -2.250001 -0.280929 15.457670
v -2.250001 0.280932 15.457670
v -2.250001 0.551066 15.539616
v -2.250001 0.800023 15.672686
v -2.250001 1.018235 15.851768
v -2.250000 1.197317 16.069983
v -2.250000 1.330387 16.318939
v -2.250000 1.412331 16.589073
v -2.250000 0.000000 15.430000
v -2.389999 1.440000 16.870001
v -2.389999 1.412331 17.150930
v -2.389999 1.330386 17.421066
v -2.389999 1.197316 17.670021
v -2.389999 1.018234 17.888233
v -2.389999 0.800021 18.067316
v -2.389999 0.551064 18.200386
v -2.389998 0.280930 18.282331
v -2.389998 0.000000 18.310001
v -2.389998 -0.280930 18.282331
v -2.389999 -0.551064 18.200386
v -2.389999 -0.800021 18.067316
v -2.389999 -1.018234 17.888233
v -2.389999 -1.197316 17.670021
v -2.389999 -1.330387 17.421064
v -2.389999 -1.412331 17.150930
v -2.389999 -1.440000 16.870001
v -2.390000 -1.412331 16.589069
v -2.390000 -1.330386 16.318935
v -2.390000 -1.197316 16.069979
v -2.390000 -1.018233 15.851767
v -2.390000 -0.800020 15.672685
v -2.390000 -0.551063 15.539615
v -2.390000 -0.280929 15.457670
v -2.390000 0.280932 15.457670
v -2.390000 0.551066 15.539616
v -2.390000 0.800023 15.672686
v -2.390000 1.018235 15.851768
v -2.390000 1.197317 16.069983
v -2.390000 1.330387 16.318939
v -2.390000 1.412331 16.589073
v -2.389999 0.000000 15.430000
v -2.389999 1.468800 16.870001
v -2.389999 1.440577 17.156549
v -2.389999 1.356994 17.432087
v -2.389999 1.221263 17.686022
v -2.389999 1.038598 17.908598
v -2.389999 0.816022 18.091263
v -2.389999 0.562085 18.226994
v -2.389998 0.286549 18.310577
v -2.389998 0.000000 18.338802
v -2.389998 -0.286548 18.310577
v -2.389999 -0.562085 18.226994
v -2.389999 -0.816021 18.091263
v -2.389999 -1.038598 17.908598
v -2.389999 -1.221263 17.686022
v -2.389999 -1.356994 17.432085
v -2.389999 -1.440577 17.156549
v -2.389999 -1.468800 16.870001
v -2.390000 -1.440577 16.583450
v -2.390000 -1.356994 16.307915
v -2.390000 -1.221262 16.053978
v -2.390000 -1.038598 15.831402
v -2.390000 -0.816021 15.648739
v -2.390000 -0.562084 15.513007
v -2.390000 -0.286547 15.429423
v -2.390000 0.286550 15.429423
v -2.390000 0.562087 15.513008
v -2.390000 0.816023 15.648739
v -2.390000 1.038600 15.831404
v -2.390000 1.221264 16.053982
v -2.390000 1.356995 16.307919
v -2.390000 1.440578 16.583454
v -2.389999 0.000000 15.401200
v -2.380000 1.468800 16.870001
v -2.380000 1.440577 17.156549
v -2.380000 1.356994 17.432087
v -2.379999 1.221263 17.686022
v -2.379999 1.038598 17.908598
v -2.379999 0.816022 18.091263
v -2.379999 0.562085 18.226994
v -2.379999 0.286549 18.310577
v -2.379999 0.000000 18.338802
v -2.379999 -0.286548 18.310577
v -2.379999 -0.562085 18.226994
v -2.379999 -0.816021 18.091263
v -2.379999 -1.038598 17.908598
v -2.379999 -1.221263 17.686022
v -2.380000 -1.356994 17.432085
v -2.380000 -1.440577 17.156549
v -2.380000 -1.468800 16.870001
v -2.380000 -1.440577 16.583450
v -2.380000 -1.356994 16.307915
v -2.380000 -1.221262 16.053978
v -2.380001 -1.038598 15.831402
v -2.380001 -0.816021 15.648739
v -2.380001 -0.562084 15.513007
v -2.380001 -0.286547 15.429423
v -2.380001 0.286550 15.429423
v -2.380001 0.562087 15.513008
v -2.380001 0.816023 15.648739
v -2.380001 1.038600 15.831404
v -2.380000 1.221264 16.053982
v -2.380000 1.356995 16.307919
v -2.380000 1.440578 16.583454
v -2.380000 0.000000 15.401200
v -2.379999 1.600000 16.870001
v -2.380000 1.438414 17.465813
v -2.379999 1.294538 17.734983
v -2.379999 1.100914 17.970913
v -2.379999 0.864983 18.164539
v -2.379999 0.595810 18.308411
v -2.379999 0.000000 18.726931
v -2.379999 -0.595810 18.308413
v -2.379999 -0.864983 18.164539
v -2.379999 -1.100914 17.970913
v -2.379999 -1.294538 17.734983
v -2.380000 -1.438414 17.465811
v -2.380000 -1.600000 16.870001
v -2.380000 -1.438414 16.274189
v -2.380000 -1.294538 16.005016
v -2.380001 -1.100914 15.769086
v -2.380001 -0.864982 15.575463
v -2.380001 -0.595809 15.431587
v -2.379998 0.000000 15.013070
v -2.380001 0.595812 15.431590
v -2.380001 0.864984 15.575463
v -2.380001 1.100916 15.769088
v -2.380000 1.294539 16.005020
v -2.379998 1.438415 16.274193
v -2.319999 1.438414 17.465813
v -2.319998 1.294538 17.734983
v -2.319998 1.100914 17.970913
v -2.319998 0.864983 18.164539
v -2.319998 0.595810 18.308413
v -2.319998 -0.595810 18.308413
v -2.319998 -0.864983 18.164539
v -2.319998 -1.100914 17.970913
v -2.319998 -1.294538 17.734983
v -2.319999 -1.438414 17.465811
v -2.319999 -1.438414 16.274189
v -2.319999 -1.294538 16.005016
v -2.319999 -1.100914 15.769086
v -2.319999 -0.864982 15.575463
v -2.320000 -0.595809 15.431587
v -2.320000 0.595812 15.431590
v -2.319999 0.864984 15.575463
v -2.319999 1.100916 15.769088
v -2.319999 1.294539 16.005020
v -2.319997 1.438415 16.274193
v -2.380000 -1.438414 15.431588
v -2.379998 1.438415 15.431592
v -2.319999 -1.438414 15.431588
v -2.319997 1.438415 15.431592
v -2.380000 1.438414 18.308411
v -2.380000 -1.438414 18.308409
v -2.319999 1.438414 18.308411
v -2.319999 -1.438414 18.308409
v -2.380000 -1.600000 15.013070
v -2.380000 -1.600000 18.726931
v -2.379998 1.600001 15.013070
v -2.380000 1.600000 18.726931
v -2.299999 1.600000 16.870001
v -2.300000 -1.600000 16.870001
v -2.300001 -1.600000 15.013070
v -2.300000 -1.600000 18.726931
v -2.299999 1.600001 15.013070
v -2.300000 1.600000 18.726931
v -2.379999 0.323742 18.900000
v -2.379999 -0.323741 18.900000
v -2.379998 -1.118410 18.900000
v -2.379999 0.323742 19.100000
v -2.380000 1.118410 18.900000
v -2.379999 0.303742 19.850006
v -2.300000 1.600000 19.850006
v -2.300000 -1.600000 19.850006
v -2.379999 -0.303741 19.850006
v -2.380000 1.138410 19.850006
v -2.379998 -1.138410 19.850006
v -2.500000 1.600000 19.700001
v -2.500000 -1.600000 19.700001
v -2.500000 -0.303741 19.700001
v -2.499998 -1.138410 19.700001
v -2.500000 0.303742 19.700001
v -2.500000 1.138410 19.700001
v -2.500000 1.600000 19.850006
v -2.500000 -0.303741 19.850006
v -2.499998 -1.138410 19.850006
v -2.500000 1.138410 19.850006
v -2.500000 -1.600000 19.850006
v -2.500000 0.303742 19.850006
v -2.300000 -1.620000 19.900002
v -2.520000 -1.620000 19.900002
v -2.300000 -1.620000 19.850006
v -2.520000 -1.620000 19.850006
v -2.400000 -0.323741 19.900002
v -2.400000 0.323742 19.900002
v -2.400001 1.118410 19.900002
v -2.399999 -1.118410 19.900002
v -2.400000 -0.323741 19.850006
v -2.400000 0.323742 19.850006
v -2.400001 1.118410 19.850006
v -2.399999 -1.118410 19.850006
v -2.300000 1.620000 19.900002
v -2.520000 1.620000 19.900002
v -2.300000 1.620000 19.850006
v -2.520000 1.620000 19.850006
v -2.520000 -0.323741 19.900002
v -2.519998 -1.118410 19.900002
v -2.520000 1.118410 19.900002
v -2.520000 0.323742 19.900002
v -2.520000 -0.323741 19.850006
v -2.519998 -1.118410 19.850006
v -2.520000 1.118410 19.850006
v -2.520000 0.323742 19.850006
v -2.300000 1.640000 20.000002
v -2.540000 1.640000 20.000002
v -2.300000 1.640000 19.900002
v -2.540000 1.640000 19.900002
v -2.539999 0.343742 20.000002
v -2.539999 -0.343741 20.000002
v -2.540000 -1.640000 20.000002
v -2.540000 1.098410 20.000002
v -2.539998 -1.098410 20.000002
v -2.539999 -0.343741 19.900002
v -2.539998 -1.098410 19.900002
v -2.540000 1.098410 19.900002
v -2.540000 -1.640000 19.900002
v -2.539999 0.343742 19.900002
v -2.300000 -1.640000 20.000002
v -2.300000 -1.640000 19.900002
v -2.420000 0.343742 20.000002
v -2.420000 -0.343741 20.000002
v -2.420001 1.098410 20.000002
v -2.419999 -1.098410 20.000002
v -2.420000 -0.343741 19.900002
v -2.420000 0.343742 19.900002
v -2.420001 1.098410 19.900002
v -2.419999 -1.098410 19.900002
v -2.415000 -1.600000 19.499998
v -2.415000 -0.303741 19.499998
v -2.415000 0.303742 19.499998
v -2.415000 1.600000 19.499998
v -2.414999 -1.138410 19.499998
v -2.415000 1.138410 19.499998
v -2.435000 -1.600000 19.499998
v -2.434999 -0.303741 19.499998
v -2.434999 0.303742 19.499998
v -2.435000 1.600000 19.499998
v -2.434998 -1.138410 19.499998
v -2.435000 1.138410 19.499998
v -2.435000 -1.600000 19.599998
v -2.435000 1.600000 19.599998
v -2.435000 1.138410 19.599998
v -2.435000 -0.303741 19.599998
v -2.435000 0.303742 19.599998
v -2.434998 -1.138410 19.599998
v -2.415000 1.600000 19.100000
v -2.414999 0.303742 19.100000
v -2.415000 -1.600000 19.100000
v -2.455000 0.303742 19.700001
v -2.455000 -0.303741 19.700001
v -2.455001 -1.600000 19.700001
v -2.454999 -1.138410 19.700001
v -2.415000 -0.303741 19.100000
v -2.379999 -0.403741 19.100000
v -2.379999 0.303742 19.100000
v -2.455000 1.600000 19.700001
v -2.300000 1.600000 19.100000
v -2.455000 1.138410 19.700001
v -2.455000 -1.600000 19.599998
v -2.455000 1.600000 19.599998
v -2.455000 1.138410 19.599998
v -2.455000 -0.303741 19.599998
v -2.455000 0.303742 19.599998
v -2.454998 -1.138410 19.599998
v -2.300000 -1.600000 19.100000
v -2.379999 -0.303741 19.100000
v -2.379999 0.403742 19.100000
v -2.380000 1.138410 19.100000
v -2.379998 -1.138410 19.100000
v -2.414999 -1.138410 19.100000
v -2.415000 1.138410 19.100000
v -2.435000 1.620000 18.900000
v -2.300000 1.620000 18.900000
v -2.435000 1.620000 19.100000
v -2.300000 1.620000 19.100000
v -2.435000 -1.620000 18.900000
v -2.300000 -1.620000 18.900000
v -2.435000 -1.620000 19.100000
v -2.300000 -1.620000 19.100000
v -2.434999 0.323742 18.900000
v -2.435000 1.118410 18.900000
v -2.434999 -0.323741 18.900000
v -2.434998 -1.118410 18.900000
v -2.434999 0.323742 19.100000
v -2.434999 -0.323741 19.100000
v -2.434998 -1.118410 19.100000
v -2.435000 1.118410 19.100000
v -2.379998 -1.118410 19.100000
v -2.380000 1.118410 19.100000
v -2.379999 -0.323741 19.100000
v -2.379999 0.403742 19.800007
v -2.379999 -0.403741 19.800007
v -2.379999 1.038410 19.800007
v -2.379999 1.038410 19.100000
v -2.379998 -1.038410 19.800007
v -2.379998 -1.038410 19.100000
v -2.350000 0.403742 19.800007
v -2.350000 -0.403741 19.800007
v -2.350000 -0.403741 19.100000
v -2.350000 0.403742 19.100000
v -2.350000 1.038410 19.800007
v -2.350000 1.038410 19.100000
v -2.349999 -1.038410 19.800007
v -2.349999 -1.038410 19.100000
v 2.418264 1.830003 15.005488
v 2.450706 1.830003 14.983811
v 2.418264 1.830003 14.820712
v 2.379996 1.830003 14.813100
v 2.380001 -1.829997 15.013070
v 2.418269 -1.829997 15.005488
v 2.450711 -1.829997 14.983811
v 2.472389 -1.829997 14.951368
v 2.480000 -1.829997 14.913100
v 2.472389 -1.829997 14.874832
v 2.450711 -1.829997 14.842389
v 2.418269 -1.829997 14.820712
v 2.380001 -1.829997 14.813100
v 2.300001 -1.829997 15.013070
v 2.379996 1.830003 15.013070
v 2.472384 1.830003 14.951368
v 2.479996 1.830003 14.913100
v 2.472384 1.830003 14.874832
v 2.450706 1.830003 14.842389
v 2.379996 1.830003 14.750000
v 2.299998 1.830003 15.013070
v 2.380001 -1.829997 14.750000
v 2.359996 1.830003 14.750000
v 2.360000 -1.829997 14.750000
v 2.399998 1.830003 18.726931
v 2.399998 1.830003 18.766930
v 2.419998 1.830003 18.806929
v 2.449998 1.830003 18.806929
v 2.449998 1.830003 18.900000
v 2.300002 -1.829997 18.726931
v 2.400003 -1.829997 18.726931
v 2.400003 -1.829997 18.766930
v 2.420003 -1.829997 18.766930
v 2.420003 -1.829997 18.806929
v 2.450003 -1.829997 18.806929
v 2.419998 1.830003 18.766930
v 2.450003 -1.829997 18.900000
v 2.300002 -1.829997 18.900000
v 2.299998 1.830003 18.726931
v 2.299998 1.830003 18.900000
v 2.360000 -1.829997 14.750000
v 2.359999 -1.129997 14.150000
v 2.359996 1.830003 14.750000
v 2.359997 1.130003 14.150000
v 2.359998 -0.249997 14.150000
v 2.359998 -0.249997 14.750000
v 2.359999 0.250003 14.150000
v 2.359999 0.250003 14.750000
v 2.359999 -1.129997 13.999999
v 2.360000 -1.829997 13.999999
v 2.359996 1.830003 13.999999
v 2.359997 1.130003 13.999999
v 2.359998 -0.249997 13.999999
v 2.359999 0.250003 13.999999
v 2.340001 -1.129997 14.150000
v 2.339998 1.130003 14.150000
v 2.340000 -0.249997 14.150000
v 2.340001 0.250003 14.150000
v 2.340001 -1.129997 13.999999
v 2.340002 -1.829997 13.999999
v 2.339997 1.830003 13.999999
v 2.339998 1.130003 13.999999
v 2.340000 -0.249997 13.999999
v 2.340001 0.250003 13.999999
v 2.340001 -1.129997 13.960000
v 2.340002 -1.829997 13.960000
v 2.339997 1.830003 13.960000
v 2.339998 1.130003 13.960000
v 2.340000 -0.249997 13.960000
v 2.340001 0.250003 13.960000
v 2.320001 -1.129997 13.960000
v 2.320002 -1.829997 13.960000
v 2.319997 1.830003 13.960000
v 2.319998 1.130003 13.960000
v 2.320000 -0.249997 13.960000
v 2.320002 0.250003 13.960000
v 2.320001 -1.129997 13.919999
v 2.320002 -1.829997 13.919999
v 2.319997 1.830003 13.919999
v 2.319998 1.130003 13.919999
v 2.320000 -0.249997 13.919999
v 2.320002 0.250003 13.919999
v 2.299999 -0.249997 14.069999
v 2.300002 -1.829997 13.919999
v 2.299997 1.830003 13.919999
v 2.319999 -0.249997 14.069999
v 2.320001 -1.129997 14.069999
v 2.319998 1.130003 14.069999
v 2.320001 0.250003 14.069999
v 2.319999 -0.249997 14.109999
v 2.320001 0.250003 14.109999
v 2.300001 -1.129997 14.069999
v 2.340000 -0.249997 14.109999
v 2.300001 0.250003 14.069999
v 2.300001 -1.129997 13.919999
v 2.299998 1.130003 13.919999
v 2.300000 -0.249997 13.919999
v 2.300002 0.250003 13.919999
v 2.299998 1.130003 14.069999
v 2.340001 0.250003 14.109999
v 2.340001 -1.129997 14.109999
v 2.320001 -1.129997 14.109999
v 2.339998 1.130003 14.109999
v 2.319998 1.130003 14.109999
v 2.359998 1.130003 14.750000
v 2.359999 -1.129997 14.750000
v 2.250002 -1.439997 16.870001
v 2.250002 -1.412328 17.150930
v 2.250002 -1.330384 17.421066
v 2.250001 -1.197313 17.670021
v 2.250000 -1.018231 17.888233
v 2.250000 -0.800018 18.067316
v 2.250000 -0.551061 18.200386
v 2.250000 -0.280927 18.282331
v 2.249999 0.000003 18.310001
v 2.249999 0.280933 18.282331
v 2.249998 0.551067 18.200386
v 2.249998 0.800024 18.067316
v 2.249998 1.018237 17.888233
v 2.249998 1.197319 17.670021
v 2.249998 1.330389 17.421064
v 2.249998 1.412334 17.150930
v 2.249998 1.440003 16.870001
v 2.249998 1.412333 16.589069
v 2.249999 1.330389 16.318935
v 2.249999 1.197319 16.069979
v 2.250000 1.018236 15.851767
v 2.250000 0.800023 15.672685
v 2.250000 0.551066 15.539615
v 2.250000 0.280932 15.457670
v 2.250001 -0.280929 15.457670
v 2.250001 -0.551063 15.539616
v 2.250002 -0.800020 15.672686
v 2.250002 -1.018232 15.851768
v 2.250002 -1.197314 16.069983
v 2.250002 -1.330384 16.318939
v 2.250002 -1.412328 16.589073
v 2.250000 0.000003 15.430000
v 2.390001 -1.439997 16.870001
v 2.390001 -1.412328 17.150930
v 2.390001 -1.330383 17.421066
v 2.390000 -1.197313 17.670021
v 2.390000 -1.018231 17.888233
v 2.390000 -0.800018 18.067316
v 2.389999 -0.551061 18.200386
v 2.389999 -0.280927 18.282331
v 2.389998 0.000003 18.310001
v 2.389998 0.280933 18.282331
v 2.389998 0.551067 18.200386
v 2.389998 0.800024 18.067316
v 2.389997 1.018237 17.888233
v 2.389997 1.197319 17.670021
v 2.389998 1.330390 17.421064
v 2.389997 1.412334 17.150930
v 2.389997 1.440003 16.870001
v 2.389998 1.412334 16.589069
v 2.389998 1.330389 16.318935
v 2.389998 1.197319 16.069979
v 2.389999 1.018236 15.851767
v 2.389999 0.800023 15.672685
v 2.389999 0.551066 15.539615
v 2.390000 0.280932 15.457670
v 2.390001 -0.280929 15.457670
v 2.390001 -0.551063 15.539616
v 2.390001 -0.800020 15.672686
v 2.390002 -1.018232 15.851768
v 2.390001 -1.197314 16.069983
v 2.390002 -1.330384 16.318939
v 2.390002 -1.412328 16.589073
v 2.389999 0.000003 15.430000
v 2.390001 -1.468797 16.870001
v 2.390001 -1.440574 17.156549
v 2.390001 -1.356991 17.432087
v 2.390001 -1.221259 17.686022
v 2.390000 -1.038595 17.908598
v 2.390000 -0.816019 18.091263
v 2.389999 -0.562082 18.226994
v 2.389999 -0.286546 18.310577
v 2.389998 0.000003 18.338802
v 2.389998 0.286552 18.310577
v 2.389998 0.562088 18.226994
v 2.389998 0.816025 18.091263
v 2.389997 1.038601 17.908598
v 2.389997 1.221266 17.686022
v 2.389998 1.356997 17.432085
v 2.389997 1.440580 17.156549
v 2.389997 1.468803 16.870001
v 2.389998 1.440580 16.583450
v 2.389998 1.356997 16.307915
v 2.389998 1.221265 16.053978
v 2.389999 1.038601 15.831402
v 2.389999 0.816024 15.648739
v 2.389999 0.562087 15.513007
v 2.390000 0.286550 15.429423
v 2.390001 -0.286547 15.429423
v 2.390001 -0.562084 15.513008
v 2.390001 -0.816020 15.648739
v 2.390002 -1.038597 15.831404
v 2.390002 -1.221260 16.053982
v 2.390002 -1.356992 16.307919
v 2.390002 -1.440575 16.583454
v 2.389999 0.000003 15.401200
v 2.380002 -1.468797 16.870001
v 2.380002 -1.440574 17.156549
v 2.380002 -1.356991 17.432087
v 2.380001 -1.221259 17.686022
v 2.380001 -1.038595 17.908598
v 2.380000 -0.816019 18.091263
v 2.380000 -0.562082 18.226994
v 2.379999 -0.286546 18.310577
v 2.379999 0.000003 18.338802
v 2.379998 0.286552 18.310577
v 2.379998 0.562088 18.226994
v 2.379998 0.816025 18.091263
v 2.379998 1.038601 17.908598
v 2.379998 1.221266 17.686022
v 2.379998 1.356997 17.432085
v 2.379998 1.440580 17.156549
v 2.379998 1.468803 16.870001
v 2.379998 1.440580 16.583450
v 2.379999 1.356997 16.307915
v 2.379999 1.221265 16.053978
v 2.379999 1.038601 15.831402
v 2.380000 0.816024 15.648739
v 2.380000 0.562087 15.513007
v 2.380000 0.286550 15.429423
v 2.380001 -0.286547 15.429423
v 2.380001 -0.562084 15.513008
v 2.380002 -0.816020 15.648739
v 2.380002 -1.038597 15.831404
v 2.380002 -1.221260 16.053982
v 2.380002 -1.356992 16.307919
v 2.380002 -1.440575 16.583454
v 2.380000 0.000003 15.401200
v 2.380001 -1.599997 16.870001
v 2.380002 -1.438411 17.465813
v 2.380001 -1.294535 17.734983
v 2.380001 -1.100911 17.970913
v 2.380000 -0.864980 18.164539
v 2.380000 -0.595807 18.308411
v 2.379999 0.000003 18.726931
v 2.379998 0.595813 18.308413
v 2.379998 0.864986 18.164539
v 2.379998 1.100917 17.970913
v 2.379998 1.294541 17.734983
v 2.379998 1.438417 17.465811
v 2.379997 1.600003 16.870001
v 2.379998 1.438417 16.274189
v 2.379999 1.294541 16.005016
v 2.379999 1.100917 15.769086
v 2.380000 0.864985 15.575463
v 2.380000 0.595812 15.431587
v 2.379998 0.000003 15.013070
v 2.380001 -0.595809 15.431590
v 2.380002 -0.864981 15.575463
v 2.380002 -1.100913 15.769088
v 2.380002 -1.294536 16.005020
v 2.380000 -1.438412 16.274193
v 2.320000 -1.438411 17.465813
v 2.320000 -1.294535 17.734983
v 2.319999 -1.100911 17.970913
v 2.319999 -0.864980 18.164539
v 2.319999 -0.595807 18.308413
v 2.319998 0.595813 18.308413
v 2.319997 0.864986 18.164539
v 2.319997 1.100917 17.970913
v 2.319996 1.294541 17.734983
v 2.319997 1.438417 17.465811
v 2.319997 1.438417 16.274189
v 2.319997 1.294541 16.005016
v 2.319998 1.100916 15.769086
v 2.319998 0.864985 15.575463
v 2.319999 0.595812 15.431587
v 2.320001 -0.595809 15.431590
v 2.320001 -0.864981 15.575463
v 2.320001 -1.100913 15.769088
v 2.320001 -1.294536 16.005020
v 2.319999 -1.438412 16.274193
v 2.379998 1.438417 15.431588
v 2.380000 -1.438412 15.431592
v 2.319997 1.438417 15.431588
v 2.319999 -1.438412 15.431592
v 2.380002 -1.438411 18.308411
v 2.379998 1.438417 18.308409
v 2.320000 -1.438411 18.308411
v 2.319997 1.438417 18.308409
v 2.379998 1.600003 15.013070
v 2.379998 1.600003 18.726931
v 2.380000 -1.599997 15.013070
v 2.380002 -1.599996 18.726931
v 2.300002 -1.599997 16.870001
v 2.299998 1.600003 16.870001
v 2.299999 1.600003 15.013070
v 2.299998 1.600003 18.726931
v 2.300001 -1.599997 15.013070
v 2.300002 -1.599996 18.726931
v 2.379999 -0.323739 18.900000
v 2.379998 0.323744 18.900000
v 2.379996 1.118413 18.900000
v 2.379999 -0.323739 19.100000
v 2.380001 -1.118407 18.900000
v 2.379999 -0.303739 19.850006
v 2.300002 -1.599996 19.850006
v 2.299998 1.600003 19.850006
v 2.379998 0.303744 19.850006
v 2.380001 -1.138407 19.850006
v 2.379996 1.138413 19.850006
v 2.500003 -1.599996 19.700001
v 2.499998 1.600003 19.700001
v 2.499999 0.303745 19.700001
v 2.499997 1.138413 19.700001
v 2.500000 -0.303738 19.700001
v 2.500002 -1.138407 19.700001
v 2.500003 -1.599996 19.850006
v 2.499999 0.303745 19.850006
v 2.499997 1.138413 19.850006
v 2.500002 -1.138407 19.850006
v 2.499998 1.600003 19.850006
v 2.500000 -0.303738 19.850006
v 2.299998 1.620003 19.900002
v 2.519998 1.620003 19.900002
v 2.299998 1.620003 19.850006
v 2.519998 1.620003 19.850006
v 2.400000 0.323744 19.900002
v 2.400001 -0.323739 19.900002
v 2.400002 -1.118407 19.900002
v 2.399997 1.118413 19.900002
v 2.400000 0.323744 19.850006
v 2.400001 -0.323739 19.850006
v 2.400002 -1.118407 19.850006
v 2.399997 1.118413 19.850006
v 2.300002 -1.619997 19.900002
v 2.520003 -1.619997 19.900002
v 2.300002 -1.619997 19.850006
v 2.520003 -1.619997 19.850006
v 2.519999 0.323745 19.900002
v 2.519997 1.118413 19.900002
v 2.520002 -1.118407 19.900002
v 2.520000 -0.323738 19.900002
v 2.519999 0.323745 19.850006
v 2.519997 1.118413 19.850006
v 2.520002 -1.118407 19.850006
v 2.520000 -0.323738 19.850006
v 2.300002 -1.639997 20.000002
v 2.540003 -1.639997 20.000002
v 2.300002 -1.639997 19.900002
v 2.540003 -1.639997 19.900002
v 2.540000 -0.343738 20.000002
v 2.539999 0.343745 20.000002
v 2.539998 1.640003 20.000002
v 2.540002 -1.098407 20.000002
v 2.539997 1.098413 20.000002
v 2.539999 0.343745 19.900002
v 2.539997 1.098413 19.900002
v 2.540002 -1.098407 19.900002
v 2.539998 1.640003 19.900002
v 2.540000 -0.343738 19.900002
v 2.299998 1.640003 20.000002
v 2.299998 1.640003 19.900002
v 2.420001 -0.343738 20.000002
v 2.420000 0.343745 20.000002
v 2.420002 -1.098407 20.000002
v 2.419997 1.098413 20.000002
v 2.420000 0.343745 19.900002
v 2.420001 -0.343738 19.900002
v 2.420002 -1.098407 19.900002
v 2.419997 1.098413 19.900002
v 2.414999 1.600003 19.499998
v 2.414999 0.303745 19.499998
v 2.415000 -0.303739 19.499998
v 2.415002 -1.599996 19.499998
v 2.414997 1.138413 19.499998
v 2.415002 -1.138407 19.499998
v 2.434998 1.600003 19.499998
v 2.434999 0.303745 19.499998
v 2.435000 -0.303738 19.499998
v 2.435003 -1.599996 19.499998
v 2.434997 1.138413 19.499998
v 2.435002 -1.138407 19.499998
v 2.434998 1.600003 19.599998
v 2.435003 -1.599996 19.599998
v 2.435002 -1.138407 19.599998
v 2.434999 0.303745 19.599998
v 2.435000 -0.303738 19.599998
v 2.434997 1.138413 19.599998
v 2.415002 -1.599997 19.100000
v 2.415000 -0.303739 19.100000
v 2.414999 1.600003 19.100000
v 2.455001 -0.303738 19.700001
v 2.455000 0.303745 19.700001
v 2.454998 1.600003 19.700001
v 2.454997 1.138413 19.700001
v 2.414999 0.303744 19.100000
v 2.379999 0.403744 19.100000
v 2.379999 -0.303739 19.100000
v 2.455003 -1.599996 19.700001
v 2.300002 -1.599997 19.100000
v 2.455002 -1.138407 19.700001
v 2.454998 1.600003 19.599998
v 2.455003 -1.599996 19.599998
v 2.455002 -1.138407 19.599998
v 2.454999 0.303745 19.599998
v 2.455000 -0.303738 19.599998
v 2.454997 1.138413 19.599998
v 2.299998 1.600003 19.100000
v 2.379998 0.303744 19.100000
v 2.380000 -0.403739 19.100000
v 2.380001 -1.138407 19.100000
v 2.379996 1.138413 19.100000
v 2.414997 1.138413 19.100000
v 2.415001 -1.138407 19.100000
v 2.435003 -1.619997 18.900000
v 2.300002 -1.619997 18.900000
v 2.435003 -1.619997 19.100000
v 2.300002 -1.619997 19.100000
v 2.434998 1.620003 18.900000
v 2.299998 1.620003 18.900000
v 2.434998 1.620003 19.100000
v 2.299998 1.620003 19.100000
v 2.435000 -0.323738 18.900000
v 2.435001 -1.118407 18.900000
v 2.434999 0.323745 18.900000
v 2.434997 1.118413 18.900000
v 2.435000 -0.323739 19.100000
v 2.434999 0.323744 19.100000
v 2.434997 1.118413 19.100000
v 2.435001 -1.118407 19.100000
v 2.379996 1.118413 19.100000
v 2.380001 -1.118407 19.100000
v 2.379998 0.323744 19.100000
v 2.380000 -0.403739 19.800007
v 2.379999 0.403744 19.800007
v 2.380001 -1.038407 19.800007
v 2.380001 -1.038407 19.100000
v 2.379997 1.038413 19.800007
v 2.379997 1.038413 19.100000
v 2.350000 -0.403739 19.800007
v 2.349999 0.403744 19.800007
v 2.349999 0.403744 19.100000
v 2.350000 -0.403739 19.100000
v 2.350002 -1.038407 19.800007
v 2.350002 -1.038407 19.100000
v 2.349998 1.038413 19.800007
v 2.349998 1.038413 19.100000
v -2.230000 -2.560000 20.000000
v 2.230000 -2.560000 20.000000
v -2.230000 2.560000 20.000000
v -2.559998 -2.230000 20.000000
v 2.559998 2.230000 20.000000
v 2.560000 -2.230000 20.000002
v 2.230000 2.559999 20.000002
v -2.560001 2.230000 20.000002
v -2.300000 1.900000 20.000000
v -2.299999 -1.900000 20.000000
v -1.900000 2.300000 20.000000
v 1.900000 2.300000 20.000000
v 2.299999 1.900000 20.000000
v 2.300001 -1.900000 20.000000
v 1.900000 -2.300000 20.000000
v -1.900000 -2.300000 20.000000
v 2.559998 2.230002 20.400000
v 2.560001 -2.229998 20.400000
v -2.560001 2.229998 20.400000
v -2.559998 -2.230002 20.400000
v 2.230000 2.560000 20.400000
v -2.230000 2.560000 20.400000
v 2.230000 -2.560000 20.400000
v -2.230000 -2.560000 20.400000
v -2.600002 2.249998 20.400000
v -2.599999 -2.250002 20.400000
v 2.250000 2.600000 20.400000
v -2.250000 2.600000 20.400000
v 2.599998 2.250002 20.400000
v 2.600001 -2.249998 20.400000
v 2.250000 -2.600000 20.400000
v -2.250000 -2.600000 20.400000
v -2.600001 2.249999 20.449999
v -2.599999 -2.250002 20.449999
v -2.250000 2.600000 20.449999
v 2.250000 2.600000 20.449999
v 2.599999 2.250001 20.449999
v 2.600001 -2.249998 20.449999
v 2.250000 -2.600000 20.449999
v -2.250000 -2.600000 20.449999
v -2.239567 -2.576571 20.096197
v -2.247678 -2.590618 20.085358
v -2.253097 -2.600005 20.069138
v -2.255000 -2.603301 20.050003
v -2.253097 -2.600005 20.030869
v -2.247678 -2.590618 20.014647
v -2.239567 -2.576571 20.003809
v 2.239567 -2.576571 20.096197
v 2.247678 -2.590618 20.085358
v 2.253097 -2.600005 20.069138
v 2.255000 -2.603301 20.050003
v 2.253097 -2.600005 20.030869
v 2.247678 -2.590618 20.014647
v 2.239567 -2.576571 20.003809
v -2.255000 2.603301 20.050003
v -2.253097 2.600005 20.069138
v -2.247678 2.590618 20.085358
v -2.239567 2.576571 20.096197
v -2.239567 2.576571 20.003809
v -2.247678 2.590618 20.014647
v -2.253097 2.600005 20.030869
v 2.255000 2.603301 20.050003
v 2.253097 2.600005 20.069138
v 2.247678 2.590618 20.085358
v 2.239567 2.576571 20.096197
v 2.239567 2.576571 20.003809
v 2.247678 2.590618 20.014647
v 2.253097 2.600005 20.030869
v 2.560001 -2.229998 20.100002
v 2.576572 -2.239565 20.096197
v 2.590620 -2.247676 20.085358
v 2.600007 -2.253095 20.069138
v 2.603302 -2.254998 20.050003
v 2.600007 -2.253095 20.030869
v 2.590620 -2.247676 20.014647
v 2.576572 -2.239565 20.003809
v 2.576569 2.239569 20.096197
v 2.590617 2.247679 20.085358
v 2.600004 2.253099 20.069138
v 2.603300 2.255002 20.050003
v 2.600004 2.253099 20.030869
v 2.590617 2.247679 20.014647
v 2.576569 2.239569 20.003809
v -2.603300 -2.255002 20.050003
v -2.600004 -2.253099 20.069138
v -2.590617 -2.247679 20.085358
v -2.576569 -2.239569 20.096197
v -2.576569 -2.239569 20.003809
v -2.590617 -2.247679 20.014647
v -2.600004 -2.253099 20.030869
v -2.603302 2.254998 20.050003
v -2.600007 2.253095 20.069138
v -2.590620 2.247676 20.085358
v -2.576572 2.239565 20.096197
v -2.576572 2.239565 20.003809
v -2.590620 2.247676 20.014647
v -2.600007 2.253095 20.030869
v 2.230000 -2.560000 20.100000
v -2.230000 -2.560000 20.100000
v 2.230000 2.560000 20.100000
v -2.560001 2.229998 20.100000
v -2.559998 -2.230000 20.100000
v -2.230000 2.560000 20.100000
v 2.559998 2.230002 20.100000
v -2.250000 -2.600000 20.650000
v -2.269134 -2.633141 20.642387
v -2.285355 -2.661237 20.620710
v -2.296194 -2.680010 20.588268
v -2.300000 -2.686602 20.549999
v -2.296194 -2.680010 20.511730
v -2.285355 -2.661237 20.479288
v -2.269134 -2.633141 20.457611
v 2.250000 -2.600000 20.650000
v 2.269134 -2.633141 20.642387
v 2.285355 -2.661237 20.620710
v 2.296194 -2.680010 20.588268
v 2.300000 -2.686602 20.549999
v 2.296194 -2.680010 20.511730
v 2.285355 -2.661237 20.479288
v 2.269134 -2.633141 20.457611
v -2.300000 2.686602 20.549999
v -2.296194 2.680010 20.588268
v -2.285355 2.661237 20.620710
v -2.269134 2.633141 20.642387
v -2.250000 2.600000 20.650000
v -2.269134 2.633141 20.457611
v -2.285355 2.661237 20.479288
v -2.296194 2.680010 20.511730
v 2.300000 2.686602 20.549999
v 2.296194 2.680010 20.588268
v 2.285355 2.661237 20.620710
v 2.269134 2.633141 20.642387
v 2.250000 2.600000 20.650000
v 2.269134 2.633141 20.457611
v 2.285355 2.661237 20.479288
v 2.296194 2.680010 20.511730
v 2.600001 -2.249998 20.650000
v 2.633142 -2.269132 20.642387
v 2.661239 -2.285354 20.620710
v 2.680012 -2.296192 20.588268
v 2.686604 -2.299998 20.549999
v 2.680012 -2.296192 20.511730
v 2.661239 -2.285354 20.479288
v 2.633142 -2.269132 20.457611
v 2.599999 2.250001 20.650000
v 2.633140 2.269136 20.642387
v 2.661236 2.285357 20.620710
v 2.680009 2.296196 20.588268
v 2.686601 2.300002 20.549999
v 2.680009 2.296196 20.511730
v 2.661236 2.285357 20.479288
v 2.633140 2.269136 20.457611
v -2.686601 -2.300002 20.549999
v -2.680009 -2.296196 20.588268
v -2.661236 -2.285357 20.620710
v -2.633140 -2.269136 20.642387
v -2.599999 -2.250002 20.650000
v -2.633140 -2.269136 20.457611
v -2.661236 -2.285357 20.479288
v -2.680009 -2.296196 20.511730
v -2.686604 2.299999 20.549999
v -2.680012 2.296193 20.588268
v -2.661238 2.285354 20.620710
v -2.633142 2.269133 20.642387
v -2.600001 2.249999 20.650000
v -2.633142 2.269133 20.457611
v -2.661238 2.285354 20.479288
v -2.680012 2.296193 20.511730
v -2.250000 -2.600000 21.300001
v 2.250000 -2.600000 21.300001
v -2.250000 2.600000 21.300001
v 2.250000 2.600000 21.300001
v 2.600001 -2.249998 21.300001
v 2.599999 2.250001 21.300001
v -2.599999 -2.250002 21.300001
v -2.600001 2.249999 21.300001
v -2.639999 -2.270002 21.300001
v -2.640002 2.269999 21.300001
v -2.270000 -2.640000 21.300001
v 2.270000 -2.640000 21.300001
v -2.270000 2.640000 21.300001
v 2.270000 2.640000 21.300001
v 2.640002 -2.269998 21.300001
v 2.639999 2.270001 21.300001
v -2.639999 -2.270002 21.399998
v -2.640002 2.269999 21.399998
v -2.270000 -2.640000 21.400000
v 2.270000 -2.640000 21.399998
v -2.270000 2.640000 21.399998
v 2.270000 2.640000 21.399998
v 2.640002 -2.269998 21.399998
v 2.639999 2.270001 21.399998
v -2.270000 -2.640000 21.699999
v -2.298701 -2.689712 21.688581
v -2.323033 -2.731856 21.656065
v -2.339291 -2.760016 21.607401
v -2.345000 -2.769904 21.549999
v -2.339291 -2.760016 21.492598
v -2.323033 -2.731856 21.443933
v -2.298701 -2.689712 21.411417
v 2.270000 -2.640000 21.699999
v 2.298701 -2.689712 21.688581
v 2.323033 -2.731856 21.656065
v 2.339291 -2.760016 21.607401
v 2.345000 -2.769904 21.549999
v 2.339291 -2.760016 21.492598
v 2.323033 -2.731856 21.443933
v 2.298701 -2.689712 21.411417
v 2.300000 2.700000 22.000000
v -2.300000 2.700000 22.000000
v -2.700001 2.299999 22.000000
v -2.345000 2.769904 21.549999
v -2.339291 2.760016 21.607401
v -2.323033 2.731856 21.656065
v -2.298701 2.689712 21.688581
v -2.270000 2.640000 21.699999
v -2.298701 2.689712 21.411417
v -2.323033 2.731856 21.443933
v -2.339291 2.760016 21.492598
v 2.345000 2.769904 21.549999
v 2.339291 2.760016 21.607401
v 2.323033 2.731856 21.656065
v 2.298701 2.689712 21.688581
v 2.270000 2.640000 21.699999
v 2.700001 -2.299999 21.740000
v 2.699999 2.300002 21.740000
v -2.300000 -2.700000 21.740000
v 2.300000 -2.700000 21.740000
v -2.699998 -2.300002 21.740000
v -2.700001 2.299999 21.740000
v -2.640002 2.269999 21.740000
v 2.298701 2.689712 21.411417
v 2.323033 2.731856 21.443933
v 2.339291 2.760016 21.492598
v -2.699998 -2.300002 22.000000
v 2.300000 -2.700000 22.000000
v -2.300000 -2.700000 22.000000
v 2.699999 2.300002 22.000000
v 2.640002 -2.269999 21.699999
v 2.689714 -2.298700 21.688581
v 2.731857 -2.323031 21.656065
v 2.760017 -2.339289 21.607401
v 2.769905 -2.344998 21.549999
v 2.760017 -2.339289 21.492598
v 2.731857 -2.323031 21.443933
v 2.689714 -2.298700 21.411417
v 2.700001 -2.299999 22.000000
v -2.300000 2.700000 21.740000
v 2.300000 2.700000 21.740000
v -2.639999 -2.270002 21.740000
v 2.639999 2.270002 21.740000
v 2.640002 -2.269999 21.740000
v 2.270000 2.640000 21.740000
v 2.639999 2.270002 21.699999
v 2.689711 2.298703 21.688581
v 2.731855 2.323035 21.656065
v 2.760014 2.339293 21.607401
v 2.769903 2.345002 21.549999
v 2.760014 2.339293 21.492598
v 2.731855 2.323035 21.443933
v 2.689711 2.298703 21.411417
v -2.270000 2.640000 21.740000
v 2.270000 -2.640000 21.740000
v -2.270000 -2.640000 21.740000
v -2.769902 -2.345002 21.549999
v -2.760014 -2.339293 21.607401
v -2.731855 -2.323035 21.656065
v -2.689711 -2.298703 21.688581
v -2.639999 -2.270002 21.699999
v -2.689711 -2.298703 21.411417
v -2.731855 -2.323035 21.443933
v -2.760014 -2.339293 21.492598
v -2.769905 2.344998 21.549999
v -2.760017 2.339289 21.607401
v -2.731857 2.323031 21.656065
v -2.689714 2.298700 21.688581
v -2.640002 2.269999 21.699999
v -2.689714 2.298700 21.411417
v -2.731857 2.323031 21.443933
v -2.760017 2.339289 21.492598
v -2.740002 2.319998 22.000000
v -2.739999 -2.320001 22.000000
v 2.320000 2.740000 22.000000
v -2.320000 2.740000 22.000000
v 2.320000 -2.740000 22.000000
v -2.320000 -2.740000 22.000000
v 2.739999 2.320001 22.000000
v 2.740001 -2.319998 22.000000
v -2.740002 2.319998 22.049999
v -2.739999 -2.320001 22.049999
v 2.320000 2.740000 22.049999
v -2.320000 2.740000 22.049999
v 2.320000 -2.740000 22.049999
v -2.320000 -2.740000 22.049999
v 2.739999 2.320001 22.049999
v 2.740001 -2.319998 22.049999
v 2.340000 2.780000 22.049999
v -2.340000 2.780000 22.049999
v 2.779999 2.340002 22.049999
v 2.780001 -2.339998 22.049999
v 2.340000 -2.780000 22.049999
v -2.340000 -2.780000 22.049999
v -2.780001 2.339998 22.049999
v -2.779998 -2.340002 22.049999
v 2.340000 2.780000 22.199999
v -2.340000 2.780000 22.199999
v 2.779999 2.340002 22.199999
v 2.780001 -2.339998 22.199999
v 2.340000 -2.780000 22.199999
v -2.340000 -2.780000 22.199999
v -2.780001 2.339998 22.199999
v -2.779998 -2.340002 22.199999
v -2.840002 2.369998 22.199999
v -2.839998 -2.370001 22.199999
v 2.370000 -2.840000 22.199999
v -2.370000 -2.840000 22.199999
v 2.839998 2.370001 22.199999
v 2.840001 -2.369998 22.199999
v 2.370000 2.840000 22.199999
v -2.370000 2.840000 22.199999
v -2.840002 2.369998 22.299999
v -2.839998 -2.370001 22.299999
v 2.370000 -2.840000 22.299999
v -2.370000 -2.840000 22.299999
v 2.839998 2.370001 22.299999
v 2.840001 -2.369998 22.299999
v 2.370000 2.840000 22.299999
v -2.370000 2.840000 22.299999
vt 0.504025 0.622167
vt 0.504026 0.617020
vt 0.798864 0.617023
vt 0.798863 0.622169
vt 0.826435 0.642754
vt 0.826383 0.648380
vt 0.504025 0.648380
vt 0.504077 0.642754
vt 0.826472 0.637128
vt 0.504113 0.637128
vt 0.826539 0.631503
vt 0.504181 0.631503
vt 0.826576 0.625877
vt 0.504218 0.625877
vt 0.826576 0.617070
vt 0.504218 0.617070
vt 0.826383 0.656577
vt 0.504025 0.656576
vt 0.826383 0.669789
vt 0.504025 0.669789
vt 0.799088 0.663336
vt 0.799088 0.669780
vt 0.504250 0.669780
vt 0.504250 0.663336
vt 0.601719 0.210179
vt 0.512515 0.286640
vt 0.512515 0.191064
vt 0.601719 0.191063
vt 0.604268 0.191062
vt 0.604269 0.205081
vt 0.601909 0.210072
vt 0.538190 0.210073
vt 0.538191 0.190958
vt 0.601908 0.190958
vt 0.538192 0.286538
vt 0.601912 0.286535
vt 0.538191 0.188409
vt 0.601907 0.188410
vt 0.512515 0.191212
vt 0.601720 0.191213
vt 0.601720 0.188664
vt 0.512515 0.188664
vt 0.512515 0.188515
vt 0.601719 0.188514
vt 0.387433 0.642855
vt 0.387433 0.566394
vt 0.499576 0.566394
vt 0.499576 0.642855
vt 0.538191 0.183313
vt 0.601906 0.183314
vt 0.601720 0.183568
vt 0.512515 0.183566
vt 0.512515 0.183417
vt 0.601719 0.183418
vt 0.538191 0.180765
vt 0.601906 0.180766
vt 0.601720 0.181019
vt 0.512515 0.181018
vt 0.512515 0.180868
vt 0.601719 0.180869
vt 0.538192 0.175668
vt 0.601905 0.175670
vt 0.601720 0.175921
vt 0.512515 0.175920
vt 0.512515 0.175771
vt 0.601719 0.175772
vt 0.604457 0.204975
vt 0.604457 0.190958
vt 0.607006 0.199878
vt 0.607006 0.204975
vt 0.535643 0.185859
vt 0.535643 0.190957
vt 0.533093 0.199877
vt 0.533094 0.185858
vt 0.387627 0.559195
vt 0.499769 0.559195
vt 0.499770 0.564292
vt 0.387627 0.564292
vt 0.604457 0.210072
vt 0.387627 0.556646
vt 0.499769 0.556646
vt 0.606817 0.185963
vt 0.606817 0.180865
vt 0.609366 0.180865
vt 0.609366 0.199982
vt 0.533095 0.180760
vt 0.530544 0.199877
vt 0.530547 0.180760
vt 0.607006 0.185860
vt 0.607006 0.180763
vt 0.609554 0.180762
vt 0.609554 0.199878
vt 0.538192 0.173120
vt 0.601905 0.173122
vt 0.601720 0.173372
vt 0.512515 0.173372
vt 0.512515 0.173222
vt 0.601719 0.173223
vt 0.604267 0.185964
vt 0.606817 0.199983
vt 0.604269 0.186117
vt 0.604269 0.191213
vt 0.606817 0.200133
vt 0.606817 0.186118
vt 0.535642 0.204975
vt 0.604456 0.185860
vt 0.535642 0.210073
vt 0.601720 0.286789
vt 0.601720 0.210328
vt 0.512515 0.286789
vt 0.606817 0.181021
vt 0.609365 0.200133
vt 0.609365 0.181021
vt 0.387627 0.643302
vt 0.387627 0.566840
vt 0.499770 0.566840
vt 0.499770 0.643302
vt 0.533093 0.204975
vt 0.387433 0.558747
vt 0.499576 0.558748
vt 0.499576 0.563846
vt 0.387433 0.563845
vt 0.387433 0.556199
vt 0.499576 0.556200
vt 0.601719 0.286639
vt 0.387433 0.551101
vt 0.499576 0.551103
vt 0.604268 0.205230
vt 0.387433 0.548552
vt 0.499576 0.548554
vt 0.606817 0.205230
vt 0.387627 0.551549
vt 0.499769 0.551548
vt 0.387627 0.549001
vt 0.499769 0.549000
vt 0.604269 0.210328
vt 0.604268 0.210179
vt 0.606818 0.205081
vt 0.580364 0.633583
vt 0.577918 0.647067
vt 0.550325 0.641122
vt 0.553254 0.627677
vt 0.690061 0.640226
vt 0.690948 0.654003
vt 0.662512 0.654795
vt 0.662460 0.641011
vt 0.716638 0.638145
vt 0.718277 0.651777
vt 0.746810 0.647667
vt 0.744262 0.633675
vt 0.772104 0.627677
vt 0.774975 0.641254
vt 0.747310 0.647231
vt 0.744730 0.633466
vt 0.634904 0.640133
vt 0.634127 0.653876
vt 0.605894 0.651263
vt 0.607490 0.637604
vt 0.553381 0.627874
vt 0.550505 0.642055
vt 0.579425 0.648048
vt 0.581976 0.633672
vt 0.717415 0.637740
vt 0.719192 0.651450
vt 0.689946 0.640281
vt 0.580287 0.633433
vt 0.577938 0.646953
vt 0.550497 0.640989
vt 0.553302 0.627868
vt 0.610463 0.637829
vt 0.608746 0.652108
vt 0.638242 0.654381
vt 0.639076 0.640253
vt 0.662399 0.641123
vt 0.662475 0.654887
vt 0.634118 0.654009
vt 0.634882 0.640281
vt 0.667169 0.641145
vt 0.667201 0.654893
vt 0.694972 0.653666
vt 0.694117 0.640327
vt 0.580103 0.633665
vt 0.577518 0.647187
vt 0.605145 0.651429
vt 0.606951 0.637973
vt 0.607499 0.637764
vt 0.605899 0.651400
vt 0.720361 0.637711
vt 0.722012 0.650802
vt 0.748764 0.646387
vt 0.746384 0.633460
vt 0.633908 0.640621
vt 0.633050 0.654039
vt 0.661299 0.655182
vt 0.661303 0.641247
vt 0.717594 0.637758
vt 0.719331 0.651500
vt 0.689084 0.640511
vt 0.689790 0.654349
vt 0.772425 0.627868
vt 0.775252 0.641480
vt 0.747514 0.647369
vt 0.744978 0.633569
vt 0.775037 0.641457
vt 0.772128 0.627888
vt 0.553215 0.627888
vt 0.550348 0.641222
vt 0.774983 0.640409
vt 0.772169 0.627873
vt 0.747821 0.650011
vt 0.719542 0.654301
vt 0.605549 0.654104
vt 0.577409 0.649804
vt 0.578925 0.650944
vt 0.608417 0.655080
vt 0.691045 0.656897
vt 0.662478 0.657755
vt 0.638102 0.657428
vt 0.667252 0.657758
vt 0.549494 0.643834
vt 0.577006 0.649918
vt 0.633946 0.656868
vt 0.605553 0.654241
vt 0.695174 0.656347
vt 0.722374 0.653520
vt 0.604791 0.654233
vt 0.632855 0.656877
vt 0.748017 0.650156
vt 0.719673 0.654357
vt 0.749300 0.649113
vt 0.775836 0.642928
vt 0.661278 0.658048
vt 0.689955 0.657229
vt 0.577398 0.649921
vt 0.549423 0.643935
vt 0.691120 0.656873
vt 0.662511 0.657666
vt 0.718610 0.654661
vt 0.747332 0.650581
vt 0.775836 0.643914
vt 0.633953 0.656736
vt 0.549588 0.645008
vt 0.549634 0.643630
vt 0.776105 0.644149
vt 0.775973 0.644339
vt 0.776320 0.645156
vt 0.748196 0.651153
vt 0.662507 0.658676
vt 0.633889 0.657743
vt 0.747512 0.651579
vt 0.776191 0.645337
vt 0.748003 0.651006
vt 0.719662 0.655305
vt 0.605424 0.655103
vt 0.577226 0.650776
vt 0.578749 0.651984
vt 0.608305 0.656126
vt 0.691104 0.657906
vt 0.662477 0.658764
vt 0.638056 0.658468
vt 0.667272 0.658766
vt 0.549276 0.644821
vt 0.576824 0.650895
vt 0.633883 0.657874
vt 0.605429 0.655240
vt 0.695250 0.657321
vt 0.722503 0.654477
vt 0.604669 0.655220
vt 0.632789 0.657875
vt 0.719790 0.655363
vt 0.749485 0.650042
vt 0.776051 0.643850
vt 0.661274 0.659057
vt 0.690016 0.658242
vt 0.577218 0.650897
vt 0.549215 0.644908
vt 0.691177 0.657884
vt 0.718729 0.655675
vt 0.776054 0.644919
vt 0.549375 0.646060
vt 0.549419 0.644596
vt 0.947129 0.497512
vt 0.955196 0.500853
vt 0.940942 0.527521
vt 0.933682 0.522670
vt 0.933682 0.522601
vt 0.955196 0.500785
vt 0.947130 0.497443
vt 0.915586 0.544722
vt 0.921760 0.550895
vt 0.898386 0.570078
vt 0.893535 0.562818
vt 0.955535 0.470083
vt 0.996784 0.441693
vt 0.955320 0.500722
vt 0.947254 0.497381
vt 0.893591 0.562751
vt 0.898442 0.570011
vt 0.921816 0.550829
vt 0.933806 0.522539
vt 0.941067 0.527389
vt 0.921883 0.550764
vt 0.915710 0.544590
vt 0.940999 0.527456
vt 0.955252 0.500788
vt 0.947185 0.497447
vt 0.893658 0.562688
vt 0.898509 0.569947
vt 0.871843 0.584202
vt 0.868502 0.576135
vt 0.868376 0.576198
vt 0.871718 0.584264
vt 0.955409 0.470214
vt 0.996658 0.441824
vt 0.868378 0.576266
vt 0.871774 0.584264
vt 0.841079 0.584478
vt 0.812691 0.600273
vt 0.940989 0.527603
vt 0.945195 0.531806
vt 0.926205 0.555081
vt 0.922001 0.550877
vt 0.898055 0.570031
vt 0.902255 0.574234
vt 0.872167 0.590116
vt 0.872171 0.584175
vt 0.872295 0.590063
vt 0.872294 0.584121
vt 0.898091 0.569884
vt 0.902293 0.574086
vt 0.926233 0.554931
vt 0.922030 0.550727
vt 0.945230 0.531673
vt 0.941054 0.527667
vt 0.945257 0.531870
vt 0.926274 0.555131
vt 0.922070 0.550929
vt 0.940926 0.527636
vt 0.945133 0.531840
vt 0.926144 0.555112
vt 0.921941 0.550909
vt 0.898128 0.570090
vt 0.902331 0.574294
vt 0.872158 0.590231
vt 0.872158 0.584287
vt 0.954971 0.500840
vt 0.960918 0.500837
vt 0.897995 0.570059
vt 0.902194 0.574264
vt 0.872106 0.590084
vt 0.872112 0.584144
vt 0.954929 0.500713
vt 0.960877 0.500716
vt 0.955079 0.500849
vt 0.961023 0.500850
vt 0.954940 0.500902
vt 0.960888 0.500898
vt 0.955242 0.584290
vt 0.955242 0.590235
vt 0.871765 0.590235
vt 0.871783 0.584523
vt 0.955261 0.584523
vt 0.955261 0.590468
vt 0.871783 0.590468
vt 0.961245 0.500704
vt 0.961245 0.584183
vt 0.955301 0.584183
vt 0.961324 0.584288
vt 0.955379 0.584288
vt 0.955379 0.500810
vt 0.961324 0.500810
vt 0.941007 0.527363
vt 0.921825 0.550736
vt 0.898526 0.569996
vt 0.871859 0.584250
vt 0.955327 0.590052
vt 0.871849 0.590052
vt 0.871849 0.584108
vt 0.955327 0.584108
vt 0.871988 0.590450
vt 0.871988 0.584515
vt 0.996784 0.600209
vt 0.961375 0.584200
vt 0.955446 0.584200
vt 0.955445 0.500937
vt 0.961375 0.500937
vt 0.941097 0.527502
vt 0.955350 0.584314
vt 0.898539 0.570059
vt 0.871872 0.584313
vt 0.961336 0.584229
vt 0.955242 0.584189
vt 0.898431 0.569936
vt 0.955242 0.500712
vt 0.958331 0.441693
vt 0.955412 0.470146
vt 0.812816 0.600210
vt 0.996715 0.600276
vt 0.841204 0.584416
vt 0.812746 0.587272
vt 0.812691 0.608198
vt 0.996658 0.608198
vt 0.996661 0.608266
vt 0.812692 0.608266
vt 0.780568 0.562818
vt 0.780576 0.539484
vt 0.786993 0.539485
vt 0.786985 0.562819
vt 0.812815 0.587212
vt 0.958209 0.441757
vt 0.794078 0.565182
vt 0.780661 0.565181
vt 0.780661 0.562848
vt 0.796411 0.562848
vt 0.369144 0.575713
vt 0.288859 0.575713
vt 0.288859 0.571918
vt 0.369144 0.571917
vt 0.285048 0.615637
vt 0.285048 0.611209
vt 0.379925 0.611209
vt 0.335649 0.615637
vt 0.343014 0.626540
vt 0.343013 0.549692
vt 0.355664 0.549692
vt 0.355664 0.626540
vt 0.871108 0.555922
vt 0.778392 0.555922
vt 0.780725 0.553589
vt 0.868775 0.553589
vt 0.874869 0.553902
vt 0.782154 0.553903
vt 0.784487 0.551569
vt 0.872535 0.551569
vt 0.871108 0.561755
vt 0.778392 0.561756
vt 0.874869 0.559735
vt 0.782154 0.559736
vt 0.288889 0.580086
vt 0.369174 0.580086
vt 0.369174 0.583881
vt 0.288889 0.583881
vt 0.790570 0.559374
vt 0.849095 0.559370
vt 0.849095 0.553536
vt 0.790570 0.553541
vt 0.787733 0.559054
vt 0.863278 0.559048
vt 0.863277 0.553215
vt 0.787733 0.553221
vt 0.361357 0.626541
vt 0.361357 0.549692
vt 0.380333 0.549692
vt 0.380334 0.626542
vt 0.785904 0.559377
vt 0.785903 0.553543
vt 0.771900 0.553547
vt 0.771902 0.559381
vt 0.867945 0.553213
vt 0.867947 0.559046
vt 0.881947 0.559042
vt 0.881945 0.553210
vt 0.867973 0.559152
vt 0.881971 0.559145
vt 0.881968 0.553314
vt 0.867970 0.553320
vt 0.804780 0.559161
vt 0.863303 0.559158
vt 0.863302 0.553324
vt 0.804780 0.553328
vt 0.785399 0.550887
vt 0.865611 0.550881
vt 0.865609 0.539213
vt 0.785398 0.539220
vt 0.851428 0.551201
vt 0.788236 0.551208
vt 0.771399 0.550888
vt 0.769066 0.553221
vt 0.783066 0.553221
vt 0.807114 0.561495
vt 0.860969 0.561493
vt 0.790066 0.561387
vt 0.860944 0.561382
vt 0.853762 0.553533
vt 0.879427 0.553526
vt 0.879427 0.551193
vt 0.914191 0.450093
vt 0.905060 0.529995
vt 0.905059 0.450093
vt 0.914191 0.427264
vt 0.771398 0.539221
vt 0.769066 0.559054
vt 0.766732 0.561387
vt 0.780732 0.561387
vt 0.783065 0.559054
vt 0.865633 0.539322
vt 0.865636 0.550989
vt 0.879635 0.550982
vt 0.879631 0.539318
vt 0.873442 0.564089
vt 0.776058 0.564089
vt 0.879611 0.550877
vt 0.774232 0.539543
vt 0.774234 0.551212
vt 0.788234 0.539541
vt 0.285524 0.565643
vt 0.285524 0.561215
vt 0.336123 0.561216
vt 0.380400 0.565644
vt 0.367103 0.576644
vt 0.286816 0.576645
vt 0.286816 0.572850
vt 0.367103 0.572850
vt 0.774442 0.561493
vt 0.797778 0.561495
vt 0.800112 0.559162
vt 0.774443 0.559159
vt 0.780661 0.539514
vt 0.796411 0.539514
vt 0.325304 0.626538
vt 0.325304 0.549692
vt 0.327834 0.549692
vt 0.327834 0.626538
vt 0.284857 0.575865
vt 0.284867 0.561317
vt 0.335468 0.561352
vt 0.379734 0.575930
vt 0.348773 0.558686
vt 0.348773 0.556156
vt 0.361423 0.556156
vt 0.856097 0.561697
vt 0.879429 0.561692
vt 0.879429 0.559358
vt 0.853764 0.559365
vt 0.774443 0.553326
vt 0.800113 0.553329
vt 0.802446 0.550996
vt 0.774444 0.550992
vt 0.348299 0.618166
vt 0.335649 0.618167
vt 0.821306 0.450095
vt 0.823589 0.450095
vt 0.832722 0.529996
vt 0.821307 0.535704
vt 0.336123 0.558686
vt 0.327438 0.612639
vt 0.327438 0.554246
vt 0.340089 0.554247
vt 0.340088 0.612638
vt 0.335618 0.615519
vt 0.379893 0.600972
vt 0.348268 0.618049
vt 0.335618 0.618049
vt 0.327740 0.609019
vt 0.327740 0.550629
vt 0.340390 0.550629
vt 0.340390 0.609020
vt 0.340483 0.549692
vt 0.340484 0.626539
vt 0.861351 0.565182
vt 0.857268 0.565183
vt 0.854934 0.562850
vt 0.861351 0.562848
vt 0.368562 0.598689
vt 0.280009 0.598683
vt 0.280009 0.594888
vt 0.368562 0.594894
vt 0.823483 0.427265
vt 0.832615 0.450094
vt 0.342618 0.612637
vt 0.342618 0.554247
vt 0.355268 0.554248
vt 0.355267 0.612636
vt 0.284942 0.565803
vt 0.284942 0.561376
vt 0.379812 0.565794
vt 0.845516 0.539505
vt 0.861266 0.539511
vt 0.861258 0.562845
vt 0.845508 0.562840
vt 0.274305 0.612641
vt 0.274305 0.554246
vt 0.324908 0.554246
vt 0.324908 0.612640
vt 0.342919 0.550628
vt 0.342919 0.609020
vt 0.802447 0.539328
vt 0.360772 0.556309
vt 0.360776 0.550617
vt 0.379751 0.550630
vt 0.335398 0.615457
vt 0.379673 0.611030
vt 0.348049 0.617987
vt 0.335398 0.617988
vt 0.879387 0.539234
vt 0.879384 0.562570
vt 0.872966 0.562568
vt 0.872970 0.539234
vt 0.274705 0.626537
vt 0.274705 0.549692
vt 0.854934 0.539514
vt 0.797424 0.539231
vt 0.797424 0.562567
vt 0.870630 0.564900
vt 0.799757 0.564900
vt 0.348185 0.558839
vt 0.348184 0.556309
vt 0.784651 0.565152
vt 0.780567 0.565151
vt 0.832616 0.529996
vt 0.823483 0.450094
vt 0.879383 0.564903
vt 0.875300 0.564902
vt 0.325209 0.609018
vt 0.325210 0.550629
vt 0.791007 0.562568
vt 0.791007 0.539231
vt 0.360699 0.620517
vt 0.379674 0.626209
vt 0.360699 0.626209
vt 0.792904 0.561707
vt 0.846762 0.561703
vt 0.360958 0.612635
vt 0.360960 0.554248
vt 0.379934 0.554249
vt 0.379932 0.612636
vt 0.361263 0.609022
vt 0.361262 0.550627
vt 0.380239 0.550627
vt 0.380241 0.609022
vt 0.361423 0.550463
vt 0.380399 0.550463
vt 0.783571 0.561711
vt 0.769568 0.561715
vt 0.795091 0.564900
vt 0.791007 0.564901
vt 0.274611 0.609016
vt 0.274612 0.550627
vt 0.861258 0.565178
vt 0.847840 0.565174
vt 0.879423 0.539528
vt 0.851426 0.539534
vt 0.958263 0.441759
vt 0.821200 0.450094
vt 0.821202 0.535704
vt 0.284796 0.615458
vt 0.284796 0.611030
vt 0.348049 0.620517
vt 0.877203 0.562070
vt 0.779821 0.562070
vt 0.852601 0.565183
vt 0.798745 0.565182
vt 0.832682 0.449962
vt 0.905126 0.449962
vt 0.905126 0.529864
vt 0.832682 0.529864
vt 0.870281 0.561379
vt 0.884281 0.561374
vt 0.288600 0.591926
vt 0.368886 0.591926
vt 0.368886 0.595721
vt 0.288600 0.595720
vt 0.375696 0.602138
vt 0.287144 0.602138
vt 0.287144 0.598343
vt 0.375696 0.598343
vt 0.879609 0.539210
vt 0.916474 0.535701
vt 0.916474 0.450093
vt 0.293161 0.578967
vt 0.381714 0.578967
vt 0.381714 0.582762
vt 0.293161 0.582762
vt 0.335469 0.558822
vt 0.348119 0.558830
vt 0.823589 0.427265
vt 0.832721 0.450094
vt 0.355569 0.550628
vt 0.355570 0.609021
vt 0.780725 0.541922
vt 0.868775 0.541922
vt 0.784487 0.539902
vt 0.872535 0.539901
vt 0.914297 0.427264
vt 0.905165 0.450093
vt 0.360949 0.620696
vt 0.379925 0.626389
vt 0.360949 0.626389
vt 0.870307 0.561483
vt 0.884305 0.561476
vt 0.348299 0.620697
vt 0.905165 0.529996
vt 0.916580 0.535702
vt 0.843173 0.565172
vt 0.789317 0.565154
vt 0.285018 0.615519
vt 0.285018 0.600972
vt 0.348121 0.556301
vt 0.914297 0.450093
vt 0.916580 0.450093
vt 0.774445 0.539325
vt 0.861351 0.539514
vt 0.832644 0.449964
vt 0.832644 0.529866
vt 0.360918 0.620579
vt 0.379894 0.626272
vt 0.360918 0.626272
vt 0.348268 0.620579
vt 0.275803 0.615805
vt 0.364355 0.615805
vt 0.364355 0.619600
vt 0.275803 0.619600
vt 0.996785 0.608135
vt 0.812817 0.608135
vt 0.379519 0.575598
vt 0.335243 0.561050
vt 0.335243 0.558521
vt 0.347894 0.558521
vt 0.355281 0.627780
vt 0.355279 0.550933
vt 0.360970 0.550933
vt 0.360974 0.627780
vt 0.283993 0.589385
vt 0.372544 0.589385
vt 0.372544 0.593180
vt 0.283993 0.593180
vt 0.916170 0.535804
vt 0.904756 0.530096
vt 0.913889 0.450194
vt 0.916172 0.450194
vt 0.785825 0.539586
vt 0.785824 0.551254
vt 0.771822 0.551254
vt 0.771822 0.539585
vt 0.374513 0.585153
vt 0.285961 0.585153
vt 0.285961 0.581358
vt 0.374513 0.581358
vt 0.368886 0.580767
vt 0.288600 0.580767
vt 0.288600 0.576972
vt 0.368886 0.576972
vt 0.783491 0.559422
vt 0.781157 0.561756
vt 0.767154 0.561756
vt 0.769488 0.559422
vt 0.857402 0.564952
vt 0.803548 0.564951
vt 0.801214 0.562618
vt 0.859736 0.562619
vt 0.872706 0.561257
vt 0.775324 0.561257
vt 0.777657 0.558924
vt 0.870373 0.558924
vt 0.348771 0.617258
vt 0.380396 0.610300
vt 0.361422 0.619788
vt 0.348771 0.619788
vt 0.336120 0.614728
vt 0.285517 0.614728
vt 0.285517 0.610300
vt 0.958350 0.441797
vt 0.996803 0.441797
vt 0.955554 0.470186
vt 0.820899 0.450194
vt 0.823182 0.450194
vt 0.832312 0.530096
vt 0.820898 0.535804
vt 0.955503 0.470201
vt 0.849458 0.553097
vt 0.790930 0.553095
vt 0.788597 0.550761
vt 0.851792 0.550763
vt 0.774365 0.550608
vt 0.774374 0.538935
vt 0.802389 0.538957
vt 0.802378 0.550626
vt 0.793278 0.565003
vt 0.806696 0.565003
vt 0.809029 0.562669
vt 0.793278 0.562669
vt 0.274360 0.609202
vt 0.274358 0.550810
vt 0.324959 0.550808
vt 0.324960 0.609200
vt 0.794960 0.565120
vt 0.790876 0.565121
vt 0.790876 0.562787
vt 0.797293 0.562787
vt 0.870208 0.561191
vt 0.867878 0.558856
vt 0.881875 0.558872
vt 0.884205 0.561207
vt 0.380079 0.565833
vt 0.361103 0.556345
vt 0.361103 0.550652
vt 0.380079 0.550652
vt 0.379897 0.565953
vt 0.360921 0.556465
vt 0.360921 0.550772
vt 0.379897 0.550772
vt 0.361009 0.609201
vt 0.361012 0.550810
vt 0.379987 0.550811
vt 0.379985 0.609202
vt 0.882364 0.553584
vt 0.882365 0.559417
vt 0.868365 0.559420
vt 0.868364 0.553587
vt 0.361192 0.609045
vt 0.361188 0.550660
vt 0.380160 0.550660
vt 0.860873 0.561186
vt 0.807033 0.561128
vt 0.804703 0.558792
vt 0.863210 0.558855
vt 0.380396 0.625479
vt 0.361422 0.625479
vt 0.790876 0.539452
vt 0.797293 0.539452
vt 0.327490 0.550808
vt 0.327490 0.609200
vt 0.879253 0.565119
vt 0.875169 0.565119
vt 0.872836 0.562786
vt 0.879253 0.562786
vt 0.823181 0.427365
vt 0.832313 0.450194
vt 0.869884 0.565003
vt 0.873968 0.565003
vt 0.873968 0.562669
vt 0.867551 0.562669
vt 0.348271 0.558995
vt 0.348271 0.556465
vt 0.870501 0.565120
vt 0.799626 0.565120
vt 0.325140 0.609050
vt 0.325140 0.550654
vt 0.327670 0.550656
vt 0.867551 0.539334
vt 0.809029 0.539334
vt 0.872836 0.539452
vt 0.801215 0.539283
vt 0.859737 0.539284
vt 0.274320 0.627780
vt 0.274320 0.550933
vt 0.324920 0.550933
vt 0.324920 0.627780
vt 0.879253 0.539452
vt 0.336120 0.617259
vt 0.360543 0.555991
vt 0.360543 0.550298
vt 0.379519 0.550298
vt 0.788598 0.539093
vt 0.851791 0.539097
vt 0.340139 0.609200
vt 0.340140 0.550808
vt 0.342670 0.550808
vt 0.342667 0.609200
vt 0.274535 0.609050
vt 0.274535 0.550653
vt 0.340100 0.627780
vt 0.340099 0.550933
vt 0.342628 0.550933
vt 0.342630 0.627780
vt 0.340320 0.609048
vt 0.340319 0.550657
vt 0.342849 0.550659
vt 0.793278 0.539334
vt 0.285022 0.565952
vt 0.285022 0.561524
vt 0.335621 0.561525
vt 0.355497 0.550659
vt 0.355500 0.609046
vt 0.774358 0.558778
vt 0.774363 0.552943
vt 0.800042 0.552960
vt 0.800038 0.558796
vt 0.913889 0.427364
vt 0.904757 0.450194
vt 0.879787 0.553089
vt 0.879788 0.558921
vt 0.854126 0.558927
vt 0.854125 0.553095
vt 0.381713 0.590239
vt 0.293162 0.590239
vt 0.293161 0.586444
vt 0.381713 0.586444
vt 0.866154 0.564952
vt 0.862070 0.564953
vt 0.866153 0.562618
vt 0.327450 0.627780
vt 0.327449 0.550933
vt 0.335977 0.616796
vt 0.380253 0.602248
vt 0.348628 0.619326
vt 0.335977 0.619326
vt 0.335803 0.561405
vt 0.335803 0.558875
vt 0.348453 0.558875
vt 0.821306 0.450201
vt 0.823588 0.450200
vt 0.832720 0.530103
vt 0.821305 0.535810
vt 0.336123 0.617072
vt 0.380400 0.612644
vt 0.348773 0.619602
vt 0.336123 0.619602
vt 0.879787 0.550756
vt 0.797702 0.561129
vt 0.774357 0.561113
vt 0.348453 0.556345
vt 0.284643 0.575598
vt 0.284643 0.561050
vt 0.785464 0.539283
vt 0.785463 0.562617
vt 0.879789 0.561254
vt 0.856460 0.561260
vt 0.291042 0.591216
vt 0.371327 0.591216
vt 0.371327 0.595011
vt 0.291042 0.595011
vt 0.285205 0.565832
vt 0.285205 0.561405
vt 0.879551 0.550705
vt 0.881881 0.553040
vt 0.867885 0.553025
vt 0.865554 0.550690
vt 0.879564 0.539040
vt 0.865566 0.539024
vt 0.783491 0.553588
vt 0.769487 0.553588
vt 0.872100 0.563672
vt 0.774716 0.563672
vt 0.777050 0.561338
vt 0.869766 0.561338
vt 0.786263 0.553095
vt 0.772263 0.553095
vt 0.774596 0.550761
vt 0.774596 0.539092
vt 0.884699 0.561750
vt 0.870699 0.561753
vt 0.866030 0.539587
vt 0.880029 0.539586
vt 0.880030 0.551251
vt 0.866030 0.551254
vt 0.861362 0.561756
vt 0.790490 0.561754
vt 0.788157 0.559420
vt 0.863696 0.559421
vt 0.847124 0.561265
vt 0.793263 0.561264
vt 0.790930 0.558929
vt 0.849458 0.558931
vt 0.863696 0.553588
vt 0.788157 0.553588
vt 0.863217 0.553022
vt 0.804709 0.552961
vt 0.786263 0.558928
vt 0.772263 0.558928
vt 0.947222 0.497499
vt 0.379946 0.550933
vt 0.379949 0.627779
vt 0.375807 0.606911
vt 0.295521 0.606911
vt 0.295521 0.603116
vt 0.375807 0.603116
vt 0.777657 0.553091
vt 0.870373 0.553091
vt 0.777050 0.555505
vt 0.869766 0.555505
vt 0.779991 0.550757
vt 0.868039 0.550757
vt 0.779383 0.553171
vt 0.867433 0.553172
vt 0.996803 0.600314
vt 0.285524 0.617072
vt 0.285524 0.612644
vt 0.288600 0.584449
vt 0.368886 0.584449
vt 0.368886 0.588243
vt 0.288600 0.588243
vt 0.798881 0.564951
vt 0.785464 0.564951
vt 0.996642 0.441778
vt 0.841113 0.584383
vt 0.812725 0.600177
vt 0.812724 0.587180
vt 0.873968 0.539334
vt 0.996642 0.600291
vt 0.812836 0.600313
vt 0.996803 0.608240
vt 0.812836 0.608239
vt 0.868522 0.576239
vt 0.841225 0.584519
vt 0.996643 0.608216
vt 0.812836 0.587315
vt 0.868410 0.576103
vt 0.996691 0.600178
vt 0.958242 0.441662
vt 0.996694 0.441663
vt 0.961367 0.584135
vt 0.955423 0.584135
vt 0.955423 0.500656
vt 0.961367 0.500656
vt 0.955259 0.500631
vt 0.961204 0.500631
vt 0.961204 0.584109
vt 0.955485 0.500815
vt 0.955484 0.584293
vt 0.941231 0.527482
vt 0.898674 0.570039
vt 0.872006 0.584293
vt 0.871863 0.584122
vt 0.921903 0.550686
vt 0.941086 0.527311
vt 0.955594 0.500567
vt 0.961539 0.500567
vt 0.961539 0.584045
vt 0.955594 0.584045
vt 0.961432 0.584272
vt 0.961432 0.500793
vt 0.871966 0.584403
vt 0.955444 0.584403
vt 0.955444 0.590348
vt 0.871966 0.590348
vt 0.955248 0.590254
vt 0.871771 0.590254
vt 0.922005 0.550823
vt 0.926207 0.555027
vt 0.872131 0.584200
vt 0.898042 0.570027
vt 0.902248 0.574230
vt 0.945223 0.531860
vt 0.941019 0.527657
vt 0.955038 0.500862
vt 0.960983 0.500861
vt 0.926288 0.555197
vt 0.922084 0.550994
vt 0.872169 0.584143
vt 0.872184 0.590341
vt 0.872176 0.584404
vt 0.898164 0.570159
vt 0.902368 0.574354
vt 0.872145 0.590185
vt 0.961138 0.500832
vt 0.921741 0.550846
vt 0.915619 0.544556
vt 0.893567 0.562655
vt 0.915679 0.544708
vt 0.933775 0.522657
vt 0.947163 0.497349
vt 0.933716 0.522506
vt 0.868468 0.576251
vt 0.893679 0.562792
vt 0.933826 0.522643
vt 0.947273 0.497485
vt 0.687442 0.657581
vt 0.687493 0.658605
vt 0.716803 0.656315
vt 0.716688 0.655275
vt 0.604794 0.654026
vt 0.604671 0.655012
vt 0.632762 0.657690
vt 0.632825 0.656697
vt 0.630575 0.656815
vt 0.630501 0.657798
vt 0.658689 0.659084
vt 0.658702 0.658079
vt 0.604159 0.653715
vt 0.604030 0.654688
vt 0.576566 0.650248
vt 0.576752 0.649302
vt 0.605730 0.654231
vt 0.605607 0.655229
vt 0.577440 0.650942
vt 0.577618 0.649968
vt 0.576163 0.649438
vt 0.575977 0.650385
vt 0.602978 0.654797
vt 0.603108 0.653836
vt 0.660241 0.657856
vt 0.660227 0.658875
vt 0.631780 0.657500
vt 0.631855 0.656508
vt 0.662608 0.657722
vt 0.662606 0.658731
vt 0.634025 0.657836
vt 0.634088 0.656831
vt 0.718796 0.654567
vt 0.718915 0.655593
vt 0.689579 0.658242
vt 0.689522 0.657207
vt 0.747290 0.650206
vt 0.747477 0.651206
vt 0.775898 0.643887
vt 0.719706 0.654341
vt 0.719825 0.655345
vt 0.691183 0.656891
vt 0.776114 0.644407
vt 0.776329 0.645431
vt 0.747742 0.651398
vt 0.747564 0.650386
vt 0.689483 0.657026
vt 0.689538 0.658040
vt 0.718496 0.655634
vt 0.718374 0.654612
vt 0.776323 0.645095
vt 0.748209 0.651111
vt 0.748030 0.650114
vt 0.746458 0.652191
vt 0.746276 0.651162
vt 0.660995 0.658636
vt 0.661000 0.657635
vt 0.549476 0.645027
vt 0.549681 0.644054
vt 0.549515 0.644009
vt 0.549732 0.643069
vt 0.576992 0.649697
vt 0.576810 0.650675
vt 0.549547 0.643287
vt 0.549326 0.644242
vt 0.776054 0.645874
vt 0.775834 0.644847
vt 0.549465 0.643606
vt 0.549247 0.644594
vt 0.745750 0.648157
vt 0.774883 0.641872
vt 0.661020 0.654788
vt 0.689333 0.654145
vt 0.550319 0.640992
vt 0.577505 0.646965
vt 0.687303 0.654668
vt 0.716366 0.652319
vt 0.605149 0.651222
vt 0.633012 0.653875
vt 0.630789 0.654024
vt 0.658743 0.655223
vt 0.604520 0.650947
vt 0.577290 0.646526
vt 0.606072 0.651394
vt 0.578131 0.647117
vt 0.576683 0.646793
vt 0.603481 0.651102
vt 0.660274 0.654961
vt 0.632053 0.653781
vt 0.662606 0.654855
vt 0.634259 0.653974
vt 0.718452 0.651650
vt 0.689353 0.654173
vt 0.746749 0.647272
vt 0.775013 0.641167
vt 0.719361 0.651486
vt 0.691008 0.654024
vt 0.775200 0.641537
vt 0.747060 0.647565
vt 0.718033 0.651710
vt 0.775252 0.641421
vt 0.747526 0.647329
vt 0.550574 0.641243
vt 0.550593 0.640503
vt 0.550399 0.640763
vt 0.658746 0.641518
vt 0.686442 0.640701
vt 0.579679 0.633368
vt 0.553427 0.627740
vt 0.580092 0.633433
vt 0.606955 0.637738
vt 0.605223 0.638181
vt 0.631621 0.640647
vt 0.632861 0.640180
vt 0.606158 0.637622
vt 0.635015 0.640254
vt 0.607650 0.637772
vt 0.579314 0.633733
vt 0.688681 0.640088
vt 0.660321 0.640859
vt 0.690102 0.640261
vt 0.662534 0.641088
vt 0.744474 0.633600
vt 0.716825 0.637879
vt 0.716289 0.637561
vt 0.744355 0.633321
vt 0.744978 0.633536
vt 0.743195 0.633687
vt 0.771952 0.627866
vt 0.661056 0.641368
vt 0.688382 0.640329
vt 0.553188 0.627649
vt 0.714601 0.638115
vt 0.633987 0.640362
vt 0.580546 0.633651
vt 0.772151 0.627648
vt 0.772294 0.627740
vt 0.772416 0.627814
vt 0.553469 0.627815
vt 0.604307 0.191044
vt 0.606857 0.199964
vt 0.606856 0.205062
vt 0.601758 0.210159
vt 0.601759 0.191044
vt 0.601757 0.191154
vt 0.601757 0.210270
vt 0.387928 0.548832
vt 0.500070 0.548832
vt 0.500070 0.551381
vt 0.387928 0.551381
vt 0.512551 0.286731
vt 0.512552 0.191155
vt 0.500070 0.556479
vt 0.387928 0.556479
vt 0.606854 0.205172
vt 0.606854 0.200075
vt 0.499541 0.548674
vt 0.387400 0.548674
vt 0.387400 0.551223
vt 0.499541 0.551222
vt 0.606856 0.185946
vt 0.387400 0.556321
vt 0.499541 0.556320
vt 0.512553 0.286619
vt 0.601757 0.286620
vt 0.387400 0.566517
vt 0.499541 0.566516
vt 0.499541 0.563968
vt 0.387400 0.563968
vt 0.387400 0.558870
vt 0.499541 0.558870
vt 0.500070 0.566673
vt 0.387928 0.566673
vt 0.387928 0.564125
vt 0.500070 0.564125
vt 0.606907 0.200362
vt 0.606905 0.186346
vt 0.609455 0.200362
vt 0.535546 0.191443
vt 0.535545 0.205461
vt 0.532997 0.205461
vt 0.532997 0.200364
vt 0.387928 0.643134
vt 0.500071 0.643134
vt 0.606856 0.186058
vt 0.606857 0.180960
vt 0.601757 0.286731
vt 0.538095 0.191443
vt 0.538094 0.210559
vt 0.535545 0.210559
vt 0.604358 0.191443
vt 0.604357 0.186346
vt 0.604307 0.185946
vt 0.601759 0.175752
vt 0.512551 0.175752
vt 0.512551 0.173203
vt 0.601759 0.173203
vt 0.512553 0.175863
vt 0.601755 0.175863
vt 0.601755 0.173314
vt 0.512552 0.173315
vt 0.601808 0.176154
vt 0.538104 0.176152
vt 0.538107 0.173604
vt 0.601808 0.173605
vt 0.606905 0.181249
vt 0.609453 0.181249
vt 0.532998 0.186345
vt 0.530448 0.200364
vt 0.532998 0.181247
vt 0.530449 0.181247
vt 0.606855 0.180848
vt 0.609404 0.180848
vt 0.500070 0.559027
vt 0.387928 0.559027
vt 0.601809 0.191443
vt 0.604359 0.205460
vt 0.601812 0.210558
vt 0.604360 0.210557
vt 0.535546 0.186345
vt 0.606908 0.205459
vt 0.601759 0.180849
vt 0.512551 0.180849
vt 0.512553 0.180960
vt 0.601755 0.180960
vt 0.601808 0.181250
vt 0.538102 0.181249
vt 0.601759 0.183398
vt 0.512553 0.183398
vt 0.512553 0.183509
vt 0.601756 0.183509
vt 0.601809 0.183798
vt 0.538099 0.183797
vt 0.601759 0.188495
vt 0.512553 0.188495
vt 0.512552 0.188606
vt 0.601756 0.188606
vt 0.601809 0.188895
vt 0.538097 0.188894
vt 0.499542 0.642976
vt 0.387401 0.642977
vt 0.512553 0.191043
vt 0.538094 0.287023
vt 0.601814 0.287023
vt 0.504181 0.663524
vt 0.504181 0.669969
vt 0.799021 0.669968
vt 0.799021 0.663524
vt 0.503983 0.656692
vt 0.503983 0.669902
vt 0.826338 0.669903
vt 0.826338 0.656691
vt 0.503983 0.648494
vt 0.826338 0.648494
vt 0.503790 0.617185
vt 0.503790 0.625992
vt 0.826145 0.625989
vt 0.826145 0.617181
vt 0.503827 0.631618
vt 0.826182 0.631616
vt 0.503894 0.637243
vt 0.826249 0.637241
vt 0.503931 0.642869
vt 0.826286 0.642868
vt 0.790807 0.409536
vt 0.796263 0.436965
vt 0.654287 0.450949
vt 0.612872 0.587469
vt 0.587034 0.576765
vt 0.517767 0.409535
vt 0.528470 0.383697
vt 0.668269 0.592926
vt 0.640302 0.592925
vt 0.764567 0.360444
vt 0.780104 0.383698
vt 0.512310 0.464930
vt 0.512311 0.436964
vt 0.721538 0.576768
vt 0.695700 0.587471
vt 0.721537 0.325131
vt 0.744791 0.340669
vt 0.612873 0.314429
vt 0.640303 0.308973
vt 0.764567 0.541454
vt 0.744792 0.561230
vt 0.668270 0.308973
vt 0.695699 0.314429
vt 0.790807 0.492362
vt 0.780105 0.518200
vt 0.544005 0.541452
vt 0.528468 0.518198
vt 0.563782 0.340669
vt 0.587036 0.325131
vt 0.796263 0.464932
vt 0.563781 0.561227
vt 0.544007 0.360444
vt 0.517766 0.492360
vt 0.504088 0.611875
vt 0.798926 0.611878
vt 0.799247 0.622356
vt 0.799246 0.617210
vt 0.504405 0.617210
vt 0.504406 0.622356
vt 0.823588 0.427372
vt 0.832720 0.450200
vt 0.355320 0.550809
vt 0.355317 0.609201
vt 0.779383 0.541504
vt 0.867433 0.541505
vt 0.779990 0.539090
vt 0.868039 0.539090
vt 0.914295 0.427370
vt 0.905164 0.450199
vt 0.361424 0.622132
vt 0.380400 0.627825
vt 0.361424 0.627824
vt 0.783930 0.561261
vt 0.769929 0.561261
vt 0.348773 0.622132
vt 0.905165 0.530102
vt 0.916579 0.535810
vt 0.811363 0.565003
vt 0.865217 0.565003
vt 0.285376 0.616796
vt 0.285376 0.602248
vt 0.347894 0.555991
vt 0.914295 0.450200
vt 0.916579 0.450199
vt 0.879785 0.539092
vt 0.866154 0.539284
vt 0.832926 0.449966
vt 0.905370 0.449965
vt 0.905371 0.529868
vt 0.832926 0.529868
vt 0.361278 0.621855
vt 0.380253 0.627547
vt 0.361278 0.627547
vt 0.348628 0.621856
vt 0.335622 0.558995
vt 0.286111 0.588674
vt 0.374663 0.588674
vt 0.374663 0.592469
vt 0.286111 0.592469
vt 0.812782 0.608253
vt 0.996753 0.608252
vt 0.996690 0.608104
vt 0.812724 0.608103
vt 0.796263 0.465010
vt 0.654287 0.451022
vt 0.563784 0.561300
vt 0.528467 0.383771
vt 0.544004 0.360517
vt 0.640303 0.592994
vt 0.780108 0.383774
vt 0.790810 0.409613
vt 0.517765 0.409610
vt 0.668268 0.592994
vt 0.764571 0.360518
vt 0.744787 0.561303
vt 0.695702 0.314498
vt 0.721541 0.325202
vt 0.780102 0.518276
vt 0.528471 0.518273
vt 0.587034 0.325201
vt 0.612872 0.314498
vt 0.512311 0.465007
vt 0.799184 0.612065
vt 0.504344 0.612065
vt 0.799139 0.622286
vt 0.799138 0.617140
vt 0.504296 0.617140
vt 0.504298 0.622287
vt 0.799076 0.611995
vt 0.504235 0.611995
vt 0.504087 0.642942
vt 0.504139 0.648568
vt 0.826491 0.648569
vt 0.826439 0.642944
vt 0.504051 0.637316
vt 0.826402 0.637317
vt 0.503983 0.631691
vt 0.826335 0.631692
vt 0.503946 0.626065
vt 0.826297 0.626066
vt 0.503946 0.617257
vt 0.826297 0.617257
vt 0.504139 0.656766
vt 0.826491 0.656766
vt 0.504140 0.669977
vt 0.826491 0.669977
vt 0.504073 0.663455
vt 0.504073 0.669900
vt 0.798914 0.669897
vt 0.798914 0.663452
vt 0.601620 0.210330
vt 0.512416 0.286792
vt 0.512415 0.191216
vt 0.601619 0.191213
vt 0.604168 0.191212
vt 0.604168 0.205232
vt 0.601752 0.210420
vt 0.538034 0.210420
vt 0.538035 0.191305
vt 0.601752 0.191305
vt 0.538034 0.286882
vt 0.601753 0.286882
vt 0.538035 0.188756
vt 0.601753 0.188757
vt 0.512105 0.191347
vt 0.601310 0.191347
vt 0.601309 0.188798
vt 0.512105 0.188798
vt 0.512415 0.188667
vt 0.601619 0.188665
vt 0.499725 0.643303
vt 0.499726 0.566843
vt 0.538035 0.183659
vt 0.601753 0.183659
vt 0.601309 0.183701
vt 0.512105 0.183701
vt 0.512415 0.183570
vt 0.601619 0.183569
vt 0.538035 0.181110
vt 0.601752 0.181111
vt 0.601309 0.181153
vt 0.512105 0.181153
vt 0.512415 0.181021
vt 0.601619 0.181020
vt 0.538036 0.176013
vt 0.601753 0.176013
vt 0.601309 0.176055
vt 0.512105 0.176056
vt 0.512415 0.175924
vt 0.601619 0.175923
vt 0.604300 0.205322
vt 0.604301 0.191305
vt 0.606848 0.200226
vt 0.606848 0.205323
vt 0.535494 0.186211
vt 0.535489 0.191305
vt 0.532937 0.200223
vt 0.532947 0.186208
vt 0.499460 0.558692
vt 0.387317 0.558692
vt 0.387317 0.563789
vt 0.499460 0.563789
vt 0.604300 0.210420
vt 0.499460 0.556143
vt 0.387317 0.556143
vt 0.606716 0.186112
vt 0.606715 0.181011
vt 0.609266 0.181010
vt 0.609267 0.200135
vt 0.532951 0.181113
vt 0.530389 0.200221
vt 0.530403 0.181110
vt 0.606851 0.186209
vt 0.606852 0.181112
vt 0.609400 0.181113
vt 0.609397 0.200226
vt 0.538035 0.173464
vt 0.601753 0.173465
vt 0.601309 0.173507
vt 0.512105 0.173507
vt 0.512415 0.173375
vt 0.601619 0.173374
vt 0.604166 0.186112
vt 0.606718 0.200135
vt 0.603859 0.186251
vt 0.603858 0.191347
vt 0.606407 0.200266
vt 0.606406 0.186251
vt 0.535485 0.205321
vt 0.604303 0.186208
vt 0.535485 0.210420
vt 0.601311 0.286924
vt 0.601310 0.210462
vt 0.512106 0.286924
vt 0.606406 0.181155
vt 0.608955 0.200266
vt 0.608955 0.181155
vt 0.499459 0.642799
vt 0.499460 0.566338
vt 0.387317 0.566338
vt 0.387316 0.642799
vt 0.532936 0.205321
vt 0.499727 0.559197
vt 0.499727 0.564294
vt 0.499727 0.556648
vt 0.601621 0.286790
vt 0.499727 0.551550
vt 0.603858 0.205364
vt 0.499727 0.549002
vt 0.606407 0.205364
vt 0.499460 0.551046
vt 0.387317 0.551046
vt 0.499460 0.548497
vt 0.387317 0.548497
vt 0.603859 0.210462
vt 0.604168 0.210330
vt 0.606717 0.205232
vt 0.580471 0.633598
vt 0.578037 0.647091
vt 0.550421 0.641171
vt 0.688494 0.640179
vt 0.660451 0.654797
vt 0.660437 0.640959
vt 0.718294 0.637897
vt 0.719898 0.651552
vt 0.747866 0.647231
vt 0.745484 0.633701
vt 0.772238 0.627715
vt 0.775092 0.641291
vt 0.747427 0.647233
vt 0.744864 0.633469
vt 0.632981 0.640196
vt 0.632162 0.653775
vt 0.604604 0.650984
vt 0.772372 0.627625
vt 0.775265 0.641778
vt 0.746403 0.647807
vt 0.743834 0.633457
vt 0.717547 0.637713
vt 0.719313 0.651421
vt 0.577314 0.646597
vt 0.550548 0.640599
vt 0.553370 0.627802
vt 0.715395 0.637650
vt 0.717129 0.651912
vt 0.687656 0.654226
vt 0.686807 0.640103
vt 0.662609 0.654844
vt 0.658717 0.641011
vt 0.658693 0.654771
vt 0.630896 0.653543
vt 0.631757 0.640194
vt 0.580922 0.633755
vt 0.578369 0.647545
vt 0.606531 0.651709
vt 0.608285 0.637980
vt 0.607626 0.637756
vt 0.606037 0.651398
vt 0.605502 0.637554
vt 0.603835 0.650653
vt 0.577065 0.646202
vt 0.579466 0.633264
vt 0.635791 0.640481
vt 0.634889 0.654245
vt 0.663298 0.655066
vt 0.663361 0.641293
vt 0.716525 0.637735
vt 0.718259 0.651728
vt 0.690894 0.640431
vt 0.691667 0.654166
vt 0.775224 0.641669
vt 0.746965 0.647596
vt 0.744417 0.633538
vt 0.775333 0.641136
vt 0.772468 0.628018
vt 0.553496 0.628019
vt 0.550651 0.641621
vt 0.550815 0.640176
vt 0.553652 0.627625
vt 0.747934 0.650014
vt 0.604247 0.653756
vt 0.576780 0.649379
vt 0.746906 0.650697
vt 0.717463 0.654881
vt 0.687799 0.657272
vt 0.658647 0.657644
vt 0.549795 0.644288
vt 0.577863 0.650330
vt 0.630692 0.656226
vt 0.603470 0.653373
vt 0.606186 0.654564
vt 0.634715 0.657112
vt 0.747470 0.650435
vt 0.718598 0.654638
vt 0.576525 0.648931
vt 0.549958 0.642698
vt 0.663297 0.657935
vt 0.691840 0.657027
vt 0.577519 0.649948
vt 0.689531 0.657109
vt 0.660423 0.657775
vt 0.720244 0.654392
vt 0.748392 0.650079
vt 0.775949 0.643952
vt 0.631972 0.656507
vt 0.776184 0.644724
vt 0.549689 0.643173
vt 0.776251 0.643936
vt 0.747649 0.651451
vt 0.660410 0.658790
vt 0.631899 0.657499
vt 0.748575 0.651053
vt 0.776465 0.644905
vt 0.748115 0.651008
vt 0.604120 0.654731
vt 0.576596 0.650328
vt 0.747084 0.651735
vt 0.717578 0.655926
vt 0.687846 0.658311
vt 0.658628 0.658659
vt 0.549578 0.645294
vt 0.577683 0.651327
vt 0.630616 0.657200
vt 0.603339 0.654330
vt 0.606068 0.655569
vt 0.634656 0.658122
vt 0.576340 0.649862
vt 0.549741 0.643622
vt 0.663300 0.658944
vt 0.691904 0.658033
vt 0.577340 0.650925
vt 0.549315 0.644960
vt 0.689586 0.658137
vt 0.720369 0.655392
vt 0.776166 0.644957
vt 0.776399 0.645774
vt 0.549473 0.644114
vt 0.871788 0.584355
vt 0.898116 0.570240
vt 0.902322 0.574443
vt 0.926266 0.555273
vt 0.922062 0.551069
vt 0.941053 0.527817
vt 0.945254 0.532021
vt 0.898170 0.570101
vt 0.902369 0.574305
vt 0.955196 0.500972
vt 0.961137 0.500975
vt 0.955319 0.590221
vt 0.871852 0.590234
vt 0.961301 0.584410
vt 0.961301 0.500932
vt 0.955038 0.584247
vt 0.940784 0.527436
vt 0.921601 0.550810
vt 0.898227 0.569993
vt 0.871560 0.584247
vt 0.898635 0.570035
vt 0.955494 0.590168
vt 0.872016 0.590168
vt 0.872016 0.584223
vt 0.955494 0.584223
vt 0.955323 0.590340
vt 0.955323 0.584395
vt 0.955535 0.500604
vt 0.961451 0.584085
vt 0.955506 0.584082
vt 0.955415 0.500630
vt 0.961360 0.500630
vt 0.812767 0.600384
vt 0.812762 0.587386
vt 0.841149 0.584580
vt 0.796463 0.562666
vt 0.796462 0.539330
vt 0.802879 0.539330
vt 0.802880 0.562665
vt 0.785171 0.564952
vt 0.771753 0.564953
vt 0.771753 0.562618
vt 0.787505 0.562619
vt 0.289211 0.569317
vt 0.369496 0.569317
vt 0.369496 0.573112
vt 0.289211 0.573112
vt 0.285531 0.616504
vt 0.285532 0.612077
vt 0.380408 0.612077
vt 0.336132 0.616504
vt 0.342920 0.627524
vt 0.342921 0.550676
vt 0.355571 0.550675
vt 0.355570 0.627524
vt 0.867436 0.553445
vt 0.774720 0.553413
vt 0.777054 0.551080
vt 0.865103 0.551111
vt 0.873224 0.553625
vt 0.780508 0.553625
vt 0.782842 0.551291
vt 0.870890 0.551291
vt 0.867434 0.559278
vt 0.774718 0.559246
vt 0.873224 0.559458
vt 0.780508 0.559458
vt 0.368054 0.598265
vt 0.287769 0.598266
vt 0.287769 0.594471
vt 0.368054 0.594471
vt 0.863648 0.559356
vt 0.805123 0.559351
vt 0.805124 0.553517
vt 0.863648 0.553524
vt 0.863622 0.558890
vt 0.788080 0.558895
vt 0.788079 0.553061
vt 0.863622 0.553058
vt 0.361264 0.550675
vt 0.380239 0.627524
vt 0.868312 0.559357
vt 0.868314 0.553524
vt 0.882315 0.553530
vt 0.882312 0.559364
vt 0.783410 0.553060
vt 0.783410 0.558893
vt 0.769409 0.558891
vt 0.769410 0.553059
vt 0.786073 0.559463
vt 0.772073 0.559464
vt 0.772073 0.553631
vt 0.786073 0.553630
vt 0.849263 0.559458
vt 0.790740 0.559464
vt 0.790740 0.553630
vt 0.849262 0.553625
vt 0.865955 0.550724
vt 0.785745 0.550727
vt 0.785745 0.539059
vt 0.865955 0.539057
vt 0.802791 0.551183
vt 0.865982 0.551191
vt 0.879955 0.550725
vt 0.882288 0.553057
vt 0.868288 0.553058
vt 0.846929 0.561792
vt 0.793074 0.561798
vt 0.861288 0.561224
vt 0.790414 0.561229
vt 0.800457 0.553517
vt 0.774790 0.553509
vt 0.774791 0.551176
vt 0.914077 0.450093
vt 0.904944 0.529995
vt 0.904945 0.450093
vt 0.914078 0.427263
vt 0.879955 0.539057
vt 0.882289 0.558891
vt 0.884622 0.561224
vt 0.870621 0.561224
vt 0.868288 0.558890
vt 0.788405 0.539629
vt 0.788406 0.551297
vt 0.774406 0.551298
vt 0.774405 0.539630
vt 0.869767 0.561612
vt 0.772383 0.561579
vt 0.771744 0.550725
vt 0.879986 0.539527
vt 0.879983 0.551195
vt 0.865984 0.539523
vt 0.285022 0.566106
vt 0.285022 0.561679
vt 0.335621 0.561679
vt 0.379897 0.566107
vt 0.284797 0.573134
vt 0.365082 0.573134
vt 0.365082 0.576929
vt 0.284797 0.576929
vt 0.879597 0.561790
vt 0.856263 0.561792
vt 0.853929 0.559458
vt 0.879597 0.559457
vt 0.771754 0.539283
vt 0.787506 0.539283
vt 0.325211 0.627523
vt 0.325209 0.550677
vt 0.327741 0.627523
vt 0.285011 0.576015
vt 0.379888 0.576018
vt 0.348271 0.559150
vt 0.348271 0.556620
vt 0.360921 0.556619
vt 0.798120 0.561683
vt 0.774788 0.561674
vt 0.774788 0.559341
vt 0.800454 0.559350
vt 0.879597 0.553624
vt 0.853929 0.553625
vt 0.851596 0.551292
vt 0.879597 0.551291
vt 0.348782 0.619034
vt 0.336132 0.619034
vt 0.821462 0.450369
vt 0.823745 0.450369
vt 0.832877 0.530272
vt 0.821462 0.535980
vt 0.335621 0.559149
vt 0.328018 0.617466
vt 0.328024 0.559072
vt 0.340674 0.559076
vt 0.340669 0.617466
vt 0.379666 0.600972
vt 0.327983 0.625800
vt 0.327983 0.567407
vt 0.340633 0.567409
vt 0.340633 0.625799
vt 0.340390 0.550676
vt 0.340390 0.627523
vt 0.852442 0.564950
vt 0.848359 0.564950
vt 0.846026 0.562617
vt 0.852442 0.562617
vt 0.374663 0.599946
vt 0.286111 0.599947
vt 0.286111 0.596151
vt 0.374663 0.596152
vt 0.823369 0.427263
vt 0.832500 0.450092
vt 0.343199 0.617465
vt 0.343203 0.559078
vt 0.355851 0.559081
vt 0.355848 0.617465
vt 0.284961 0.566329
vt 0.284961 0.561902
vt 0.335557 0.561898
vt 0.379833 0.566321
vt 0.861401 0.539329
vt 0.877152 0.539329
vt 0.877152 0.562665
vt 0.861401 0.562664
vt 0.274880 0.617460
vt 0.274886 0.559061
vt 0.325494 0.559070
vt 0.325487 0.617467
vt 0.343163 0.567410
vt 0.343163 0.625799
vt 0.851595 0.539625
vt 0.360913 0.556411
vt 0.360913 0.550718
vt 0.379888 0.550718
vt 0.335326 0.615858
vt 0.379602 0.611430
vt 0.347977 0.618388
vt 0.335326 0.618388
vt 0.879251 0.539562
vt 0.879252 0.562897
vt 0.872835 0.562897
vt 0.872834 0.539562
vt 0.274613 0.627524
vt 0.274611 0.550679
vt 0.846026 0.539283
vt 0.797293 0.539564
vt 0.797293 0.562898
vt 0.870502 0.565232
vt 0.799627 0.565232
vt 0.348206 0.559367
vt 0.348205 0.556836
vt 0.360856 0.556835
vt 0.800546 0.564999
vt 0.796463 0.564999
vt 0.832501 0.529994
vt 0.823369 0.450092
vt 0.879252 0.565231
vt 0.875168 0.565231
vt 0.325453 0.625800
vt 0.325453 0.567406
vt 0.790876 0.562899
vt 0.790876 0.539564
vt 0.360627 0.620917
vt 0.379602 0.626610
vt 0.360627 0.626609
vt 0.861315 0.561689
vt 0.807457 0.561685
vt 0.361540 0.617464
vt 0.361541 0.559084
vt 0.380511 0.559085
vt 0.380511 0.617464
vt 0.361503 0.625798
vt 0.361504 0.567413
vt 0.380477 0.567414
vt 0.380477 0.625798
vt 0.360856 0.551142
vt 0.379833 0.551141
vt 0.360921 0.550927
vt 0.870644 0.561691
vt 0.884644 0.561698
vt 0.794960 0.565232
vt 0.790877 0.565233
vt 0.274849 0.625801
vt 0.274849 0.567405
vt 0.877152 0.564998
vt 0.863734 0.564998
vt 0.774794 0.539509
vt 0.802794 0.539516
vt 0.821086 0.450093
vt 0.821087 0.535701
vt 0.284724 0.615858
vt 0.284724 0.611430
vt 0.347977 0.620918
vt 0.875558 0.561791
vt 0.778174 0.561792
vt 0.843691 0.564951
vt 0.789838 0.564952
vt 0.832493 0.450166
vt 0.904938 0.450166
vt 0.904938 0.530068
vt 0.832493 0.530068
vt 0.781076 0.561226
vt 0.767076 0.561224
vt 0.368527 0.582385
vt 0.288242 0.582385
vt 0.288242 0.578591
vt 0.368527 0.578590
vt 0.366524 0.587317
vt 0.277972 0.587312
vt 0.277972 0.583517
vt 0.366524 0.583522
vt 0.771744 0.539059
vt 0.916358 0.535702
vt 0.916360 0.450093
vt 0.283535 0.573498
vt 0.372087 0.573498
vt 0.372087 0.577293
vt 0.283535 0.577293
vt 0.335613 0.558939
vt 0.348263 0.558940
vt 0.823746 0.427540
vt 0.832877 0.450370
vt 0.355812 0.567412
vt 0.355812 0.625799
vt 0.777058 0.539413
vt 0.865107 0.539443
vt 0.782842 0.539624
vt 0.870890 0.539624
vt 0.914455 0.427540
vt 0.905322 0.450370
vt 0.361433 0.621564
vt 0.380408 0.627257
vt 0.361432 0.627257
vt 0.783740 0.561796
vt 0.769740 0.561797
vt 0.348782 0.621564
vt 0.905320 0.530272
vt 0.916734 0.535978
vt 0.859067 0.564997
vt 0.805213 0.564999
vt 0.284791 0.600972
vt 0.348263 0.556410
vt 0.914454 0.450371
vt 0.916737 0.450371
vt 0.879596 0.539624
vt 0.852443 0.539283
vt 0.905137 0.450180
vt 0.905137 0.530082
vt 0.360692 0.620579
vt 0.379667 0.626271
vt 0.360692 0.626272
vt 0.348041 0.620579
vt 0.335556 0.559368
vt 0.287790 0.584760
vt 0.376342 0.584760
vt 0.376343 0.588555
vt 0.287790 0.588555
vt 0.504086 0.622094
vt 0.504088 0.616947
vt 0.798921 0.622103
vt 0.504150 0.611801
vt 0.798984 0.611812
vt 0.826590 0.643056
vt 0.826538 0.648682
vt 0.504182 0.648680
vt 0.504234 0.643054
vt 0.826626 0.637429
vt 0.504270 0.637429
vt 0.826694 0.631804
vt 0.504338 0.631804
vt 0.826731 0.626178
vt 0.504374 0.626178
vt 0.826731 0.617370
vt 0.504374 0.617370
vt 0.826538 0.656879
vt 0.504181 0.656877
vt 0.826538 0.670091
vt 0.504181 0.670088
vt 0.799146 0.669711
vt 0.504310 0.669711
vt 0.504310 0.663266
vt 0.601851 0.210361
vt 0.512645 0.286822
vt 0.601850 0.191245
vt 0.604400 0.191244
vt 0.604400 0.205262
vt 0.601697 0.210526
vt 0.537979 0.210527
vt 0.537979 0.191412
vt 0.601697 0.191411
vt 0.537978 0.286989
vt 0.601697 0.286989
vt 0.537979 0.188864
vt 0.601697 0.188863
vt 0.512210 0.191349
vt 0.601414 0.191348
vt 0.601414 0.188800
vt 0.512209 0.188800
vt 0.512646 0.188697
vt 0.601849 0.188697
vt 0.499586 0.566515
vt 0.499587 0.642975
vt 0.537979 0.183768
vt 0.601697 0.183766
vt 0.601414 0.183702
vt 0.512209 0.183703
vt 0.512646 0.183600
vt 0.601849 0.183600
vt 0.537979 0.181219
vt 0.601697 0.181219
vt 0.601414 0.181154
vt 0.512209 0.181154
vt 0.512646 0.181052
vt 0.537979 0.176122
vt 0.601697 0.176121
vt 0.601414 0.176056
vt 0.512209 0.176056
vt 0.512646 0.175954
vt 0.604245 0.205429
vt 0.604245 0.191410
vt 0.606794 0.200332
vt 0.606794 0.205429
vt 0.535431 0.186315
vt 0.535430 0.191412
vt 0.532882 0.200332
vt 0.532882 0.186315
vt 0.387541 0.559194
vt 0.387541 0.564291
vt 0.604245 0.210526
vt 0.387541 0.556645
vt 0.609498 0.181050
vt 0.609497 0.200165
vt 0.532883 0.181218
vt 0.530333 0.200332
vt 0.530334 0.181217
vt 0.606794 0.186310
vt 0.606794 0.181212
vt 0.609344 0.181212
vt 0.609344 0.200331
vt 0.537979 0.173573
vt 0.601697 0.173573
vt 0.601414 0.173507
vt 0.512209 0.173507
vt 0.512646 0.173405
vt 0.601847 0.173407
vt 0.604400 0.186147
vt 0.606948 0.200165
vt 0.603962 0.186250
vt 0.603962 0.191348
vt 0.606511 0.200269
vt 0.606511 0.186250
vt 0.535430 0.205429
vt 0.604245 0.186311
vt 0.535430 0.210527
vt 0.601415 0.286924
vt 0.601414 0.210464
vt 0.512210 0.286925
vt 0.606511 0.181152
vt 0.609060 0.200269
vt 0.609060 0.181152
vt 0.387541 0.643301
vt 0.387541 0.566840
vt 0.532881 0.205429
vt 0.499586 0.558870
vt 0.499586 0.563967
vt 0.499586 0.556322
vt 0.601851 0.286822
vt 0.499586 0.551225
vt 0.603962 0.205366
vt 0.499587 0.548676
vt 0.606511 0.205366
vt 0.387541 0.551548
vt 0.499684 0.551547
vt 0.387541 0.549000
vt 0.603962 0.210464
vt 0.604400 0.210361
vt 0.606948 0.205262
vt 0.580205 0.633873
vt 0.577755 0.647354
vt 0.550170 0.641396
vt 0.553105 0.627956
vt 0.636678 0.640163
vt 0.635771 0.654106
vt 0.664567 0.654798
vt 0.664621 0.641004
vt 0.717500 0.638094
vt 0.719164 0.651569
vt 0.747361 0.647407
vt 0.744792 0.633585
vt 0.771950 0.627955
vt 0.774819 0.641525
vt 0.747167 0.647499
vt 0.744588 0.633739
vt 0.692010 0.640328
vt 0.692781 0.653856
vt 0.720332 0.651089
vt 0.718653 0.637897
vt 0.550514 0.641918
vt 0.581939 0.633638
vt 0.717277 0.638012
vt 0.719056 0.651721
vt 0.690729 0.654312
vt 0.689804 0.640558
vt 0.745353 0.633376
vt 0.747901 0.646878
vt 0.775122 0.640747
vt 0.610357 0.637857
vt 0.608611 0.652108
vt 0.638064 0.654444
vt 0.638920 0.640332
vt 0.662247 0.641410
vt 0.662326 0.655179
vt 0.633959 0.654303
vt 0.634721 0.640573
vt 0.666984 0.641250
vt 0.667009 0.654996
vt 0.694796 0.653774
vt 0.693932 0.640423
vt 0.580718 0.633558
vt 0.578133 0.647282
vt 0.606166 0.651516
vt 0.607953 0.637848
vt 0.607337 0.638057
vt 0.605736 0.651694
vt 0.720202 0.637766
vt 0.721877 0.650877
vt 0.748685 0.646405
vt 0.746270 0.633448
vt 0.635344 0.640417
vt 0.634407 0.654128
vt 0.662714 0.655022
vt 0.662813 0.641299
vt 0.608793 0.637666
vt 0.607034 0.651582
vt 0.690253 0.640513
vt 0.690986 0.654182
vt 0.550408 0.641435
vt 0.578495 0.647399
vt 0.581063 0.633425
vt 0.775234 0.641163
vt 0.772309 0.627764
vt 0.550553 0.641297
vt 0.774975 0.640345
vt 0.772122 0.627775
vt 0.747678 0.650279
vt 0.719407 0.654572
vt 0.720679 0.653877
vt 0.748433 0.649697
vt 0.578849 0.650866
vt 0.608275 0.655075
vt 0.690908 0.657178
vt 0.662330 0.658047
vt 0.637918 0.657487
vt 0.667057 0.657862
vt 0.549692 0.643950
vt 0.577621 0.650053
vt 0.633787 0.657163
vt 0.605389 0.654534
vt 0.694999 0.656457
vt 0.722243 0.653601
vt 0.605813 0.654359
vt 0.634225 0.656985
vt 0.577986 0.650221
vt 0.606688 0.654475
vt 0.749228 0.649138
vt 0.662707 0.657881
vt 0.691154 0.657034
vt 0.577233 0.650208
vt 0.635601 0.657014
vt 0.664586 0.657768
vt 0.719502 0.654420
vt 0.747887 0.650285
vt 0.775679 0.644185
vt 0.692964 0.656583
vt 0.549592 0.644861
vt 0.775997 0.643366
vt 0.776169 0.644006
vt 0.549326 0.645158
vt 0.577805 0.651231
vt 0.664595 0.658781
vt 0.693034 0.657575
vt 0.748069 0.651271
vt 0.776387 0.644990
vt 0.747861 0.651273
vt 0.719528 0.655575
vt 0.720802 0.654857
vt 0.748617 0.650659
vt 0.578671 0.651902
vt 0.608159 0.656119
vt 0.690969 0.658187
vt 0.662328 0.659057
vt 0.637871 0.658527
vt 0.667076 0.658870
vt 0.577438 0.651045
vt 0.633724 0.658169
vt 0.605265 0.655533
vt 0.695075 0.657432
vt 0.722374 0.654559
vt 0.605692 0.655359
vt 0.634164 0.657990
vt 0.606569 0.655493
vt 0.749415 0.650069
vt 0.776054 0.643796
vt 0.662707 0.658888
vt 0.691217 0.658037
vt 0.577053 0.651183
vt 0.549059 0.645179
vt 0.635544 0.658038
vt 0.719623 0.655423
vt 0.775898 0.645188
vt 0.549376 0.645910
vt 0.776217 0.644325
vt 0.955573 0.470101
vt 0.872134 0.584306
vt 0.941156 0.527632
vt 0.945360 0.531833
vt 0.926382 0.555097
vt 0.922178 0.550893
vt 0.955099 0.500873
vt 0.955522 0.584427
vt 0.955522 0.590372
vt 0.955569 0.584057
vt 0.898563 0.569922
vt 0.871941 0.590270
vt 0.955446 0.590005
vt 0.871968 0.590005
vt 0.871968 0.584060
vt 0.961277 0.584057
vt 0.961277 0.500579
vt 0.941151 0.527231
vt 0.955386 0.584047
vt 0.921960 0.550599
vt 0.898580 0.569773
vt 0.871907 0.584018
vt 0.961242 0.500801
vt 0.961242 0.584279
vt 0.898650 0.570051
vt 0.958369 0.441711
vt 0.812855 0.600227
vt 0.772121 0.562817
vt 0.772121 0.539483
vt 0.778538 0.539483
vt 0.778538 0.562818
vt 0.812855 0.587229
vt 0.792489 0.565182
vt 0.779072 0.565183
vt 0.779071 0.562850
vt 0.794822 0.562849
vt 0.369705 0.595604
vt 0.289418 0.595603
vt 0.289418 0.591808
vt 0.369705 0.591809
vt 0.285075 0.615419
vt 0.285075 0.610992
vt 0.379950 0.610994
vt 0.335675 0.615421
vt 0.342822 0.627552
vt 0.355472 0.627552
vt 0.782073 0.553251
vt 0.874789 0.553251
vt 0.872456 0.550918
vt 0.784406 0.550918
vt 0.869184 0.555172
vt 0.776468 0.555172
vt 0.778801 0.552839
vt 0.866850 0.552838
vt 0.782072 0.559084
vt 0.874789 0.559084
vt 0.869184 0.561005
vt 0.776468 0.561006
vt 0.286420 0.579889
vt 0.366705 0.579888
vt 0.366705 0.583683
vt 0.286420 0.583684
vt 0.790951 0.558821
vt 0.849475 0.558819
vt 0.849475 0.552986
vt 0.790951 0.552989
vt 0.788017 0.558954
vt 0.788017 0.553121
vt 0.361164 0.627551
vt 0.380138 0.627551
vt 0.786282 0.558822
vt 0.786283 0.552989
vt 0.772281 0.552986
vt 0.772280 0.558819
vt 0.868226 0.553115
vt 0.868224 0.558948
vt 0.882224 0.558954
vt 0.882227 0.553120
vt 0.867970 0.559092
vt 0.804779 0.559095
vt 0.863301 0.559092
vt 0.785683 0.550787
vt 0.865894 0.550782
vt 0.865894 0.539115
vt 0.851808 0.550652
vt 0.788617 0.550655
vt 0.771681 0.550788
vt 0.769348 0.553121
vt 0.783349 0.553121
vt 0.807113 0.561429
vt 0.860968 0.561426
vt 0.790351 0.561287
vt 0.861228 0.561279
vt 0.854141 0.552985
vt 0.879807 0.552988
vt 0.879808 0.550655
vt 0.914219 0.450197
vt 0.914227 0.427368
vt 0.769347 0.558954
vt 0.767014 0.561288
vt 0.781016 0.561288
vt 0.783349 0.558954
vt 0.779739 0.561418
vt 0.877123 0.561418
vt 0.879894 0.550785
vt 0.774617 0.538986
vt 0.774615 0.550653
vt 0.788618 0.538987
vt 0.285102 0.566390
vt 0.285101 0.561962
vt 0.335702 0.561960
vt 0.379978 0.566387
vt 0.365592 0.558461
vt 0.285306 0.558462
vt 0.285306 0.554667
vt 0.365592 0.554666
vt 0.774442 0.561424
vt 0.797777 0.561428
vt 0.800111 0.559095
vt 0.774443 0.559090
vt 0.779071 0.539514
vt 0.794821 0.539514
vt 0.325113 0.627555
vt 0.327643 0.550706
vt 0.327643 0.627554
vt 0.285243 0.575934
vt 0.380119 0.575933
vt 0.348351 0.559430
vt 0.348351 0.556900
vt 0.361003 0.556900
vt 0.856474 0.561151
vt 0.879806 0.561154
vt 0.879806 0.558821
vt 0.854141 0.558817
vt 0.802446 0.550929
vt 0.774444 0.550925
vt 0.335675 0.617951
vt 0.821202 0.535755
vt 0.335702 0.559430
vt 0.327759 0.619502
vt 0.327757 0.561109
vt 0.340407 0.561110
vt 0.340409 0.619501
vt 0.335611 0.615700
vt 0.379888 0.601152
vt 0.327435 0.623699
vt 0.327435 0.565308
vt 0.340084 0.565308
vt 0.340085 0.623699
vt 0.340293 0.627553
vt 0.859762 0.565183
vt 0.855678 0.565182
vt 0.853345 0.562849
vt 0.859762 0.562850
vt 0.374663 0.607423
vt 0.286111 0.607423
vt 0.286111 0.603628
vt 0.374663 0.603628
vt 0.832643 0.450171
vt 0.342939 0.619499
vt 0.342937 0.561111
vt 0.355587 0.561111
vt 0.355587 0.619498
vt 0.285210 0.565383
vt 0.285244 0.560956
vt 0.335836 0.561345
vt 0.380076 0.566114
vt 0.837060 0.539484
vt 0.852810 0.539485
vt 0.852810 0.562818
vt 0.837060 0.562818
vt 0.274623 0.619505
vt 0.274623 0.561109
vt 0.325227 0.561109
vt 0.325228 0.619503
vt 0.342614 0.565308
vt 0.342615 0.623699
vt 0.361143 0.550633
vt 0.380118 0.550633
vt 0.335999 0.616689
vt 0.380274 0.612261
vt 0.348649 0.619219
vt 0.335999 0.619219
vt 0.879844 0.538885
vt 0.879844 0.562220
vt 0.873427 0.562220
vt 0.873427 0.538885
vt 0.274511 0.627555
vt 0.853345 0.539514
vt 0.797883 0.538890
vt 0.797884 0.562225
vt 0.871092 0.564553
vt 0.800218 0.564558
vt 0.348524 0.556382
vt 0.361174 0.556479
vt 0.776204 0.565151
vt 0.772121 0.565151
vt 0.832617 0.530073
vt 0.823511 0.450168
vt 0.879844 0.564553
vt 0.875760 0.564553
vt 0.324905 0.623699
vt 0.324906 0.565308
vt 0.791467 0.562226
vt 0.791466 0.538890
vt 0.361298 0.621749
vt 0.380274 0.627441
vt 0.361298 0.627441
vt 0.793284 0.561155
vt 0.847141 0.561152
vt 0.361278 0.619497
vt 0.361278 0.561111
vt 0.380252 0.561112
vt 0.380250 0.619496
vt 0.360959 0.623700
vt 0.360957 0.565307
vt 0.379933 0.565307
vt 0.379935 0.623700
vt 0.361219 0.550786
vt 0.380195 0.550934
vt 0.361003 0.551208
vt 0.379978 0.551207
vt 0.783948 0.561156
vt 0.769945 0.561152
vt 0.795551 0.564559
vt 0.791467 0.564559
vt 0.274305 0.623697
vt 0.274306 0.565307
vt 0.852810 0.565151
vt 0.839393 0.565151
vt 0.879808 0.538988
vt 0.851808 0.538986
vt 0.821228 0.450167
vt 0.285396 0.616689
vt 0.285396 0.612262
vt 0.348649 0.621749
vt 0.871517 0.563339
vt 0.774134 0.563339
vt 0.851013 0.565180
vt 0.797156 0.565182
vt 0.870556 0.561282
vt 0.884557 0.561288
vt 0.283255 0.580014
vt 0.363541 0.580042
vt 0.363540 0.583837
vt 0.283253 0.583809
vt 0.378609 0.584152
vt 0.290057 0.584152
vt 0.290057 0.580357
vt 0.378610 0.580357
vt 0.879896 0.539117
vt 0.916473 0.535807
vt 0.916502 0.450198
vt 0.287620 0.581652
vt 0.376173 0.581652
vt 0.376173 0.585447
vt 0.287621 0.585447
vt 0.355264 0.565308
vt 0.355265 0.623699
vt 0.872456 0.539250
vt 0.784406 0.539251
vt 0.778801 0.541172
vt 0.866850 0.541171
vt 0.360975 0.620481
vt 0.379950 0.626173
vt 0.360975 0.626173
vt 0.348325 0.620481
vt 0.834727 0.565151
vt 0.780871 0.565154
vt 0.285011 0.615700
vt 0.285011 0.601152
vt 0.859763 0.539514
vt 0.832395 0.450231
vt 0.832395 0.530133
vt 0.360912 0.620760
vt 0.379887 0.626452
vt 0.360912 0.626452
vt 0.348262 0.620760
vt 0.335856 0.558815
vt 0.287790 0.592237
vt 0.376342 0.592237
vt 0.376342 0.596032
vt 0.287790 0.596032
vt 0.812855 0.608153
vt 0.786064 0.740614
vt 0.471309 0.740257
vt 0.471285 0.761429
vt 0.786040 0.761787
vt 0.785845 0.761727
vt 0.471091 0.761387
vt 0.468315 0.766926
vt 0.787216 0.767247
vt 0.733523 0.764199
vt 0.780653 0.764180
vt 0.780655 0.768942
vt 0.733525 0.768959
vt 0.734834 0.760186
vt 0.779293 0.760236
vt 0.780634 0.764280
vt 0.734869 0.760160
vt 0.779304 0.760140
vt 0.733586 0.764126
vt 0.734935 0.760083
vt 0.779397 0.760108
vt 0.779270 0.716968
vt 0.734854 0.716994
vt 0.730119 0.677293
vt 0.783956 0.677261
vt 0.787411 0.767307
vt 0.468509 0.766966
vt 0.468474 0.772532
vt 0.787376 0.772873
vt 0.471320 0.761484
vt 0.786076 0.761825
vt 0.786099 0.740653
vt 0.768430 0.677239
vt 0.500250 0.676937
vt 0.476940 0.695260
vt 0.791699 0.695615
vt 0.734864 0.731605
vt 0.779326 0.731654
vt 0.734952 0.731499
vt 0.779416 0.731527
vt 0.468281 0.772492
vt 0.787182 0.772813
vt 0.785193 0.761602
vt 0.470179 0.761261
vt 0.467400 0.766804
vt 0.786563 0.767126
vt 0.733585 0.768892
vt 0.780601 0.769046
vt 0.476969 0.695313
vt 0.791731 0.695654
vt 0.768461 0.677280
vt 0.500278 0.676989
vt 0.467366 0.772374
vt 0.786529 0.772696
vt 0.468509 0.772588
vt 0.781903 0.818267
vt 0.462742 0.817945
vt 0.462695 0.864046
vt 0.781857 0.864368
vt 0.464206 0.818188
vt 0.464160 0.864252
vt 0.783061 0.864573
vt 0.783108 0.818509
vt 0.464435 0.818282
vt 0.464388 0.864345
vt 0.783288 0.864668
vt 0.783334 0.818604
vt 0.464396 0.818220
vt 0.464346 0.864284
vt 0.783247 0.864632
vt 0.733463 0.798217
vt 0.780577 0.798261
vt 0.780517 0.860126
vt 0.733409 0.860085
vt 0.780664 0.798171
vt 0.780670 0.860070
vt 0.733538 0.860074
vt 0.780568 0.798229
vt 0.733456 0.860048
vt 0.733590 0.798128
vt 0.780717 0.798138
vt 0.780703 0.860019
vt 0.733582 0.860011
vt 0.459881 0.869662
vt 0.783233 0.869965
vt 0.461533 0.869894
vt 0.784621 0.870224
vt 0.461348 0.869863
vt 0.784435 0.870165
vt 0.461576 0.869956
vt 0.784664 0.870260
vt 0.782046 0.864058
vt 0.732239 0.864050
vt 0.781889 0.864098
vt 0.732109 0.864083
vt 0.781858 0.864163
vt 0.781849 0.873676
vt 0.732057 0.873641
vt 0.782014 0.873633
vt 0.732194 0.873634
vt 0.781888 0.873609
vt 0.461569 0.877073
vt 0.784657 0.877376
vt 0.461341 0.876979
vt 0.784428 0.877281
vt 0.461525 0.877010
vt 0.784614 0.877340
vt 0.459874 0.876784
vt 0.783227 0.877086
vt 0.459032 0.923467
vt 0.459075 0.929106
vt 0.782163 0.929409
vt 0.782120 0.923770
vt 0.780323 0.923416
vt 0.456971 0.923114
vt 0.456929 0.928757
vt 0.780281 0.929060
vt 0.732250 0.917360
vt 0.782021 0.917364
vt 0.782019 0.921168
vt 0.732252 0.921164
vt 0.781999 0.921255
vt 0.732209 0.921251
vt 0.732207 0.917445
vt 0.781895 0.917396
vt 0.781897 0.921203
vt 0.732094 0.921202
vt 0.732095 0.917395
vt 0.458807 0.923378
vt 0.458851 0.929017
vt 0.781931 0.929314
vt 0.781888 0.923676
vt 0.732044 0.917435
vt 0.781819 0.917451
vt 0.781817 0.921254
vt 0.732044 0.921240
vt 0.458982 0.923406
vt 0.459025 0.929045
vt 0.782119 0.929374
vt 0.782075 0.923736
vt 0.454077 0.934448
vt 0.782391 0.934743
vt 0.456199 0.934744
vt 0.784274 0.935065
vt 0.456251 0.934805
vt 0.456026 0.934717
vt 0.784086 0.935005
vt 0.784034 0.927220
vt 0.730236 0.927216
vt 0.730074 0.927260
vt 0.783918 0.927260
vt 0.730191 0.927306
vt 0.784016 0.927310
vt 0.730026 0.927294
vt 0.783833 0.927305
vt 0.783829 0.952034
vt 0.730022 0.952026
vt 0.784013 0.952048
vt 0.730190 0.952044
vt 0.783919 0.952009
vt 0.730072 0.952008
vt 0.784031 0.951945
vt 0.730235 0.951942
vt 0.456011 0.953260
vt 0.784069 0.953546
vt 0.456234 0.953348
vt 0.784303 0.953642
vt 0.454061 0.953004
vt 0.782374 0.953299
vt 0.451166 0.958782
vt 0.783759 0.959055
vt 0.453119 0.959034
vt 0.785452 0.959298
vt 0.453287 0.959060
vt 0.785640 0.959360
vt 0.785686 0.959394
vt 0.785356 0.956085
vt 0.728845 0.956080
vt 0.785174 0.956069
vt 0.728676 0.956062
vt 0.785375 0.955979
vt 0.728891 0.955977
vt 0.785267 0.956048
vt 0.728725 0.956047
vt 0.785268 0.960808
vt 0.728725 0.960807
vt 0.785373 0.960733
vt 0.728891 0.960730
vt 0.785174 0.960823
vt 0.785355 0.960841
vt 0.728845 0.960837
vt 0.453305 0.964921
vt 0.785650 0.965194
vt 0.785604 0.965160
vt 0.453083 0.964835
vt 0.785416 0.965098
vt 0.451130 0.964587
vt 0.783723 0.964860
vt 0.450154 0.970685
vt 0.786804 0.970924
vt 0.450376 0.970770
vt 0.787040 0.971021
vt 0.450320 0.970708
vt 0.448198 0.970440
vt 0.785113 0.970691
vt 0.786520 0.964858
vt 0.727330 0.964855
vt 0.786717 0.964766
vt 0.727547 0.964764
vt 0.786615 0.964847
vt 0.727378 0.964845
vt 0.786699 0.964877
vt 0.727500 0.964874
vt 0.786697 0.979146
vt 0.727499 0.979144
vt 0.786616 0.979128
vt 0.727377 0.979125
vt 0.786715 0.979028
vt 0.727547 0.979027
vt 0.786520 0.979126
vt 0.727329 0.979124
vt 0.448190 0.981238
vt 0.785105 0.981490
vt 0.450311 0.981498
vt 0.786984 0.981776
vt 0.450368 0.981560
vt 0.450147 0.981476
vt 0.786795 0.981713
vt 0.445220 0.987167
vt 0.787236 0.987409
vt 0.447342 0.987423
vt 0.789113 0.987692
vt 0.447400 0.987485
vt 0.789162 0.987727
vt 0.447180 0.987402
vt 0.788923 0.987628
vt 0.788636 0.985187
vt 0.725357 0.985184
vt 0.788732 0.985079
vt 0.725530 0.985078
vt 0.788539 0.985179
vt 0.725311 0.985178
vt 0.788714 0.985199
vt 0.725481 0.985198
vt 0.788713 0.994711
vt 0.725481 0.994711
vt 0.788539 0.994691
vt 0.725311 0.994691
vt 0.788732 0.994587
vt 0.725530 0.994587
vt 0.788636 0.994710
vt 0.725356 0.994705
vt 0.447176 0.994612
vt 0.788918 0.994838
vt 0.447395 0.994695
vt 0.789156 0.994937
vt 0.447336 0.994633
vt 0.789107 0.994902
vt 0.445215 0.994383
vt 0.787231 0.994626
vt 0.779349 0.717080
vt 0.730250 0.677225
vt 0.784150 0.677340
vt 0.779430 0.716915
vt 0.734965 0.716867
vt 0.730293 0.677113
vt 0.784189 0.677171
vt 0.730198 0.677225
vt 0.476746 0.695218
vt 0.791496 0.695557
vt 0.768227 0.677183
vt 0.500054 0.676894
vt 0.785868 0.740555
vt 0.471114 0.740215
vt 0.499843 0.676912
vt 0.476515 0.695251
vt 0.785216 0.740412
vt 0.470202 0.740072
vt 0.779289 0.731576
vt 0.798891 0.627315
vt 0.504053 0.627313
vt 0.799060 0.658190
vt 0.504222 0.658190
vt 0.504193 0.653044
vt 0.799032 0.653044
vt 0.798919 0.632461
vt 0.504081 0.632460
vt 0.798947 0.637607
vt 0.504109 0.637606
vt 0.798975 0.642753
vt 0.799004 0.647899
vt 0.504165 0.647898
vt 0.504238 0.653232
vt 0.799077 0.653232
vt 0.799105 0.648086
vt 0.504266 0.648086
vt 0.799134 0.642940
vt 0.504294 0.642941
vt 0.799162 0.637794
vt 0.504322 0.637794
vt 0.799190 0.632648
vt 0.504350 0.632648
vt 0.799218 0.627502
vt 0.504378 0.627502
vt 0.799049 0.658378
vt 0.504210 0.658378
vt 0.504270 0.627433
vt 0.799111 0.627432
vt 0.504101 0.658309
vt 0.798942 0.658306
vt 0.798970 0.653161
vt 0.504129 0.653164
vt 0.504241 0.632579
vt 0.799083 0.632578
vt 0.504213 0.637726
vt 0.799055 0.637723
vt 0.504185 0.642872
vt 0.799027 0.642869
vt 0.504157 0.648018
vt 0.798998 0.648015
vt 0.798949 0.627249
vt 0.504114 0.627241
vt 0.799118 0.658122
vt 0.504282 0.658120
vt 0.504254 0.652973
vt 0.799090 0.652977
vt 0.798977 0.632395
vt 0.504142 0.632388
vt 0.799005 0.637540
vt 0.504170 0.637534
vt 0.799033 0.642686
vt 0.504198 0.642681
vt 0.799061 0.647831
vt 0.504226 0.647827
vt 0.464196 0.777996
vt 0.787840 0.778291
vt 0.792420 0.701163
vt 0.473889 0.700846
vt 0.780479 0.722482
vt 0.733732 0.722436
vt 0.734001 0.720596
vt 0.780214 0.720642
vt 0.780570 0.724341
vt 0.733637 0.724293
vt 0.780474 0.726199
vt 0.733729 0.726150
vt 0.780204 0.728040
vt 0.733995 0.727990
vt 0.779801 0.729856
vt 0.734394 0.729807
vt 0.734403 0.718782
vt 0.779816 0.718825
vt 0.734490 0.718666
vt 0.779900 0.718711
vt 0.780298 0.720526
vt 0.734088 0.720482
vt 0.780563 0.722365
vt 0.733819 0.722322
vt 0.780655 0.724221
vt 0.733723 0.724180
vt 0.780560 0.726077
vt 0.733816 0.726039
vt 0.780290 0.727915
vt 0.734082 0.727880
vt 0.779889 0.729730
vt 0.734481 0.729698
vt 0.779759 0.729778
vt 0.733717 0.726149
vt 0.780421 0.726124
vt 0.780512 0.724269
vt 0.780416 0.722414
vt 0.780146 0.720576
vt 0.779744 0.718763
vt 0.779815 0.718878
vt 0.780210 0.720692
vt 0.780560 0.724386
vt 0.780189 0.728078
vt 0.473695 0.700804
vt 0.471205 0.706439
vt 0.792843 0.706708
vt 0.792219 0.701104
vt 0.789149 0.735067
vt 0.791639 0.729431
vt 0.469994 0.729160
vt 0.470617 0.734764
vt 0.793200 0.723770
vt 0.469562 0.723518
vt 0.793684 0.718106
vt 0.469382 0.717860
vt 0.473385 0.700799
vt 0.793473 0.712409
vt 0.469837 0.712142
vt 0.469353 0.717806
vt 0.793041 0.706767
vt 0.471398 0.706481
vt 0.469645 0.712101
vt 0.469161 0.717764
vt 0.793454 0.718007
vt 0.793275 0.712349
vt 0.469771 0.729063
vt 0.470393 0.734667
vt 0.788919 0.734968
vt 0.791409 0.729332
vt 0.788345 0.734864
vt 0.469576 0.734561
vt 0.790913 0.729259
vt 0.469046 0.728987
vt 0.468621 0.717709
vt 0.793109 0.717954
vt 0.793023 0.712300
vt 0.469180 0.712048
vt 0.792686 0.706676
vt 0.470817 0.706404
vt 0.732583 0.772552
vt 0.781600 0.772537
vt 0.789115 0.735028
vt 0.470587 0.734709
vt 0.469963 0.729106
vt 0.468708 0.723363
vt 0.792550 0.723615
vt 0.792452 0.701202
vt 0.473918 0.700900
vt 0.793167 0.723731
vt 0.469532 0.723464
vt 0.469867 0.712197
vt 0.793074 0.706806
vt 0.788774 0.778495
vt 0.465362 0.778180
vt 0.732641 0.772489
vt 0.781679 0.772509
vt 0.782476 0.776139
vt 0.731841 0.776119
vt 0.783008 0.779817
vt 0.731307 0.779799
vt 0.783193 0.783529
vt 0.731120 0.783512
vt 0.783002 0.787240
vt 0.731309 0.787225
vt 0.782465 0.790917
vt 0.731844 0.790903
vt 0.781663 0.794545
vt 0.732646 0.794533
vt 0.781538 0.772637
vt 0.782332 0.776262
vt 0.731738 0.776220
vt 0.732538 0.772593
vt 0.782861 0.779935
vt 0.731203 0.779896
vt 0.783044 0.783641
vt 0.731015 0.783605
vt 0.782852 0.787347
vt 0.731202 0.787315
vt 0.782315 0.791018
vt 0.731736 0.790990
vt 0.781513 0.794641
vt 0.732535 0.794617
vt 0.732586 0.794584
vt 0.781607 0.794576
vt 0.731786 0.790955
vt 0.782406 0.790946
vt 0.731251 0.787278
vt 0.731063 0.783567
vt 0.783126 0.783556
vt 0.731250 0.779856
vt 0.782937 0.779844
vt 0.731784 0.776180
vt 0.782401 0.776166
vt 0.781526 0.794671
vt 0.782872 0.787370
vt 0.783066 0.783660
vt 0.782357 0.776271
vt 0.781564 0.772640
vt 0.786409 0.812920
vt 0.462999 0.812599
vt 0.788960 0.807207
vt 0.461802 0.806909
vt 0.790571 0.801454
vt 0.460989 0.801170
vt 0.791089 0.795688
vt 0.460682 0.795408
vt 0.790782 0.789926
vt 0.461200 0.789643
vt 0.789970 0.784186
vt 0.462811 0.783891
vt 0.786446 0.812955
vt 0.463036 0.812660
vt 0.461840 0.806969
vt 0.460719 0.795468
vt 0.790817 0.789962
vt 0.461236 0.789702
vt 0.465169 0.778141
vt 0.462619 0.783854
vt 0.789777 0.784127
vt 0.788581 0.778436
vt 0.461008 0.789607
vt 0.790591 0.789866
vt 0.460491 0.795373
vt 0.790899 0.795629
vt 0.460799 0.801135
vt 0.790381 0.801395
vt 0.461611 0.806875
vt 0.788770 0.807148
vt 0.462808 0.812566
vt 0.786220 0.812860
vt 0.785074 0.812645
vt 0.461430 0.812349
vt 0.787681 0.806954
vt 0.460318 0.806680
vt 0.789346 0.801213
vt 0.459584 0.800952
vt 0.789915 0.795449
vt 0.459354 0.795192
vt 0.789685 0.789689
vt 0.459924 0.789428
vt 0.788952 0.783961
vt 0.461588 0.783687
vt 0.783453 0.878962
vt 0.730827 0.878955
vt 0.784648 0.884401
vt 0.729631 0.884394
vt 0.785446 0.889912
vt 0.728831 0.889905
vt 0.785725 0.895473
vt 0.728552 0.895467
vt 0.785441 0.901034
vt 0.728834 0.901028
vt 0.784638 0.906543
vt 0.729636 0.906538
vt 0.783437 0.911980
vt 0.730835 0.911975
vt 0.783302 0.878993
vt 0.730691 0.878982
vt 0.784501 0.884429
vt 0.729491 0.884420
vt 0.785302 0.889939
vt 0.728689 0.889931
vt 0.785584 0.895500
vt 0.728407 0.895493
vt 0.785304 0.901060
vt 0.728687 0.901055
vt 0.784504 0.906571
vt 0.729486 0.906567
vt 0.783307 0.912009
vt 0.730683 0.912006
vt 0.730791 0.912057
vt 0.783417 0.912061
vt 0.729590 0.906617
vt 0.784617 0.906622
vt 0.728788 0.901105
vt 0.785420 0.901108
vt 0.728504 0.895541
vt 0.728784 0.889977
vt 0.785424 0.889981
vt 0.729584 0.884464
vt 0.784624 0.884466
vt 0.783427 0.879024
vt 0.730632 0.912049
vt 0.783234 0.912068
vt 0.729435 0.906611
vt 0.784435 0.906634
vt 0.728636 0.901100
vt 0.785239 0.901126
vt 0.785524 0.895567
vt 0.728639 0.889977
vt 0.785247 0.890008
vt 0.729441 0.884466
vt 0.784450 0.884499
vt 0.730641 0.879028
vt 0.783257 0.879061
vt 0.783535 0.917720
vt 0.454962 0.917432
vt 0.786182 0.911942
vt 0.453256 0.911665
vt 0.787875 0.906103
vt 0.452122 0.905834
vt 0.788455 0.900234
vt 0.451742 0.899966
vt 0.788075 0.894367
vt 0.452322 0.894097
vt 0.786942 0.888534
vt 0.454015 0.888258
vt 0.785236 0.882768
vt 0.456662 0.882480
vt 0.785249 0.918024
vt 0.456909 0.917710
vt 0.787861 0.912234
vt 0.455144 0.911931
vt 0.789522 0.906390
vt 0.453956 0.906093
vt 0.790072 0.900521
vt 0.453527 0.900226
vt 0.789642 0.894654
vt 0.454078 0.894356
vt 0.788454 0.888816
vt 0.455739 0.888512
vt 0.786688 0.883038
vt 0.458351 0.882722
vt 0.785294 0.918058
vt 0.456958 0.917771
vt 0.787905 0.912268
vt 0.455192 0.911993
vt 0.789565 0.906424
vt 0.454004 0.906155
vt 0.790116 0.900555
vt 0.453573 0.900288
vt 0.789685 0.894688
vt 0.788497 0.888851
vt 0.455785 0.888575
vt 0.786731 0.883072
vt 0.458396 0.882785
vt 0.458168 0.882692
vt 0.786502 0.882978
vt 0.455557 0.888482
vt 0.788268 0.888756
vt 0.453897 0.894326
vt 0.789456 0.894594
vt 0.453347 0.900196
vt 0.789886 0.900461
vt 0.453777 0.906064
vt 0.789335 0.906330
vt 0.454966 0.911902
vt 0.787674 0.912175
vt 0.456732 0.917681
vt 0.785062 0.917964
vt 0.469339 0.723422
vt 0.792969 0.723671
usemtl Exterior_Mat
s off
f 559/958 568/959 566/960 550/961
f 571/962 572/963 579/964 578/965
f 580/966 571/962 578/965 577/967
f 570/968 580/966 577/967 576/969
f 569/970 570/968 576/969 575/971
f 583/972 569/970 575/971 574/973
f 572/963 573/974 581/975 579/964
f 573/974 584/976 582/977 581/975
f 561/978 567/979 560/980 551/981
f 586/982 585/983 594/984 593/985
f 593/985 603/986 645/987
f 591/988 589/989 597/990 598/991
f 590/992 589/989 591/988 592/993
f 598/991 597/990 607/994 608/995
f 595/996 596/997 606/998 605/999
f 593/985 594/984 604/1000 603/1001
f 650/1002 586/1003 589/1004 590/1005
f 608/995 607/994 613/1006 614/1007
f 605/999 606/998 612/1008 611/1009
f 603/1001 604/1000 610/1010 609/1011
f 614/1007 613/1006 619/1012 620/1013
f 611/1009 612/1008 618/1014 617/1015
f 609/1011 610/1010 616/1016 615/1017
f 620/1013 619/1012 625/1018 626/1019
f 617/1015 618/1014 624/1020 623/1021
f 615/1017 616/1016 622/1022 621/1023
f 644/1024 608/1025 633/1026 635/1027
f 613/1028 607/1029 630/1030 619/1031
f 644/1032 647/1033 600/1034 602/1035
f 591/988 598/991 644/1024 602/1036
f 598/991 608/1025 644/1024
f 635/1037 648/1038 647/1033 644/1032
f 615/1039 621/1040 639/1041 636/1042
f 625/1043 619/1031 627/1044 641/1045
f 619/1031 630/1030 627/1044
f 620/1046 626/1047 642/1048 638/1049
f 626/1019 625/1018 641/1050 642/1051
f 623/1021 624/1020 640/1052 629/1053
f 621/1023 622/1022 628/1054 639/1055
f 603/986 609/1056 615/1039 631/1057
f 612/1058 606/1059 632/1060 618/1061
f 597/990 637/1062 607/1029
f 608/1025 614/1063 620/1046 633/1026
f 597/990 589/989 601/1064 637/1062
f 649/1065 588/1066 587/1067
f 624/1068 618/1061 643/1069 640/1070
f 618/1061 632/1060 643/1069
f 592/1071 591/1072 588/1073 649/1074
f 607/1029 637/1062 634/1075 630/1030
f 633/1026 620/1046 638/1049
f 588/1073 591/1072 602/1035 600/1034
f 645/1076 637/1077 601/1078 599/1079
f 646/1080 634/1081 637/1077 645/1076
f 589/1004 586/1003 599/1079 601/1078
f 585/983 586/982 650/1082
f 631/1083 630/1084 634/1081 646/1080
f 631/1057 615/1039 636/1042
f 596/997 647/1085 606/1059
f 636/1086 627/1087 630/1084 631/1083
f 606/1059 647/1085 648/1088 632/1060
f 633/1089 632/1090 648/1038 635/1037
f 587/1067 588/1066 596/997 595/996
f 638/1091 643/1092 632/1090 633/1089
f 596/997 588/1066 600/1093 647/1085
f 586/982 593/985 645/987 599/1094
f 645/987 603/986 631/1057 646/1095
f 675/1096 707/1097 714/1098 682/1099
f 672/1100 704/1101 703/1102 671/1103
f 661/1104 693/1105 692/1106 660/1107
f 651/1108 683/1109 713/1110 681/1111
f 670/1112 702/1113 701/1114 669/1115
f 659/1116 691/1117 690/1118 658/1119
f 680/1120 712/1121 711/1101 679/1122
f 668/1123 700/1124 699/1125 667/1126
f 657/1127 689/1128 688/1129 656/1130
f 678/1131 710/1132 709/1133 677/1134
f 655/1135 687/1136 686/1137 654/1138
f 666/1139 698/1140 697/1141 665/1142
f 676/1143 708/1144 707/1097 675/1096
f 653/1145 685/1146 684/1147 652/1148
f 664/1149 696/1150 695/1151 663/1152
f 673/1153 705/1154 704/1101 672/1100
f 662/1155 694/1156 693/1105 661/1104
f 682/1157 714/1158 706/1159 674/1160
f 671/1103 703/1102 702/1113 670/1112
f 660/1107 692/1106 691/1161 659/1162
f 681/1111 713/1110 712/1121 680/1120
f 669/1115 701/1114 700/1124 668/1123
f 658/1119 690/1118 689/1128 657/1127
f 679/1122 711/1101 710/1132 678/1131
f 656/1130 688/1129 687/1136 655/1135
f 667/1163 699/1164 698/1140 666/1139
f 677/1134 709/1133 708/1144 676/1143
f 654/1138 686/1137 685/1146 653/1145
f 665/1142 697/1141 696/1150 664/1149
f 674/1160 706/1159 705/1154 673/1153
f 652/1148 684/1147 683/1165 651/1166
f 663/1152 695/1151 694/1156 662/1155
f 713/1110 745/1167 744/1168 712/1121
f 701/1114 733/1169 732/1170 700/1124
f 690/1118 722/1171 721/1172 689/1128
f 711/1101 743/1173 742/1174 710/1132
f 688/1129 720/1175 719/1176 687/1136
f 699/1164 731/1177 730/1178 698/1140
f 709/1133 741/1179 740/1180 708/1144
f 686/1137 718/1181 717/1182 685/1146
f 697/1141 729/1183 728/1184 696/1150
f 706/1159 738/1185 737/1186 705/1154
f 684/1147 716/1187 715/1188 683/1165
f 695/1151 727/1189 726/1190 694/1156
f 707/1097 739/1191 746/1192 714/1098
f 704/1101 736/1193 735/1194 703/1102
f 693/1105 725/1195 724/1196 692/1106
f 683/1109 715/1197 745/1167 713/1110
f 702/1113 734/1198 733/1169 701/1114
f 691/1117 723/1199 722/1171 690/1118
f 712/1121 744/1168 743/1173 711/1101
f 700/1124 732/1170 731/1200 699/1125
f 689/1128 721/1172 720/1175 688/1129
f 710/1132 742/1174 741/1179 709/1133
f 687/1136 719/1176 718/1181 686/1137
f 698/1140 730/1178 729/1183 697/1141
f 708/1144 740/1180 739/1191 707/1097
f 685/1146 717/1182 716/1187 684/1147
f 696/1150 728/1184 727/1189 695/1151
f 705/1154 737/1186 736/1193 704/1101
f 694/1156 726/1190 725/1195 693/1105
f 714/1158 746/1201 738/1185 706/1159
f 703/1102 735/1194 734/1198 702/1113
f 692/1106 724/1196 723/1202 691/1161
f 746/1201 778/1203 770/1204 738/1185
f 735/1194 767/1205 766/1206 734/1198
f 724/1196 756/1207 755/1208 723/1202
f 745/1167 777/1209 776/1210 744/1168
f 733/1169 765/1211 764/1212 732/1170
f 722/1171 754/1213 753/1214 721/1172
f 743/1173 775/1215 774/1216 742/1174
f 720/1175 752/1217 751/1218 719/1176
f 731/1177 763/1219 762/1220 730/1178
f 741/1179 773/1221 772/1222 740/1180
f 718/1181 750/1223 749/1224 717/1182
f 729/1183 761/1225 760/1226 728/1184
f 738/1185 770/1204 769/1227 737/1186
f 716/1187 748/1228 747/1229 715/1188
f 727/1189 759/1230 758/1231 726/1190
f 739/1191 771/1232 778/1233 746/1192
f 736/1193 768/1234 767/1205 735/1194
f 725/1195 757/1235 756/1207 724/1196
f 715/1197 747/1236 777/1209 745/1167
f 734/1198 766/1206 765/1211 733/1169
f 723/1199 755/1237 754/1213 722/1171
f 744/1168 776/1210 775/1215 743/1173
f 732/1170 764/1212 763/1238 731/1200
f 721/1172 753/1214 752/1217 720/1175
f 742/1174 774/1216 773/1221 741/1179
f 719/1176 751/1218 750/1223 718/1181
f 730/1178 762/1220 761/1225 729/1183
f 740/1180 772/1222 771/1232 739/1191
f 717/1182 749/1224 748/1228 716/1187
f 728/1184 760/1226 759/1230 727/1189
f 737/1186 769/1227 768/1234 736/1193
f 726/1190 758/1231 757/1235 725/1195
f 769/1239 796/1240 795/1241 768/1242
f 758/1243 787/1241 786/1244 757/1245
f 767/1246 794/1247 793/1248 766/1249
f 754/1250 785/1251 784/1252 753/1253
f 775/1254 801/1255 800/1256 774/1246
f 752/1257 783/1258 782/1259 751/1260
f 773/1243 799/1261 798/1262 772/1263
f 750/1264 781/1265 780/1266 749/1267
f 761/1268 790/1269 789/1255 760/1249
f 770/1270 797/1271 796/1240 769/1239
f 759/1246 788/1256 787/1241 758/1243
f 768/1242 795/1241 794/1247 767/1246
f 766/1249 793/1248 792/1269 765/1272
f 776/1268 802/1273 801/1255 775/1254
f 753/1253 784/1252 783/1258 752/1257
f 774/1246 800/1256 799/1261 773/1243
f 751/1260 782/1259 781/1265 750/1264
f 762/1274 791/1275 790/1269 761/1268
f 760/1249 789/1255 788/1256 759/1246
f 789/1276 811/1277 810/1278 788/1279
f 787/1280 809/1281 808/1282 786/1283
f 796/1284 817/1285 816/1286 795/1287
f 794/1288 815/1289 814/1261 793/1290
f 783/1291 806/1292 805/1293 782/1294
f 801/1295 821/1296 820/1297 800/1298
f 781/1299 804/1300 803/1301 780/1302
f 790/1303 812/1304 811/1277 789/1276
f 799/1305 819/1306 818/1307 798/1308
f 788/1279 810/1278 809/1281 787/1280
f 795/1287 816/1286 815/1289 794/1288
f 793/1290 814/1261 813/1309 792/1310
f 784/1311 807/1312 806/1292 783/1291
f 802/1313 822/1314 821/1296 801/1295
f 782/1294 805/1293 804/1300 781/1299
f 800/1298 820/1297 819/1306 799/1305
f 802/1273 824/1315 826/1316 822/1317
f 813/1318 825/1319 823/1320 792/1321
f 817/1252 796/1322 823/1323 825/1324
f 798/1325 818/1326 826/1327 824/1328
f 822/1252 826/1324 821/1329
f 821/1329 826/1324 820/1330
f 820/1330 826/1324 819/1265
f 819/1265 826/1324 818/1266
f 814/1331 825/1324 813/1332
f 815/1259 825/1324 814/1331
f 816/1258 825/1324 815/1259
f 817/1262 825/1324 816/1258
f 790/1333 828/1334 830/1335 812/1336
f 803/1320 829/1337 827/1338 780/1319
f 827/1324 784/1252 785/1251 834/1339
f 807/1340 784/1341 827/1342 829/1343
f 806/1344 829/1345 805/1298
f 805/1298 829/1345 804/1346
f 804/1346 829/1345 803/1347
f 786/1327 808/1328 830/1348 828/1341
f 810/1256 830/1349 809/1350
f 811/1329 830/1349 810/1256
f 812/1351 830/1349 811/1329
f 755/1352 785/1251 754/1250
f 757/1245 786/1244 785/1271 756/1353
f 780/1266 827/1324 834/1339 779/1354
f 798/1262 824/1345 833/1355 797/1271
f 824/1345 802/1273 779/1275 833/1355
f 749/1267 780/1266 779/1354 748/1356
f 747/1357 779/1275 777/1274
f 764/1274 791/1275 763/1357
f 832/1355 791/1275 836/1358 838/1359
f 763/1357 791/1275 762/1274
f 765/1272 792/1269 791/1275 764/1274
f 791/1275 831/1355 837/1360 836/1361
f 792/1269 823/1315 831/1355 791/1275
f 828/1315 790/1269 791/1275 832/1355
f 972/1362 843/1363 967/1364 970/1365
f 748/1356 779/1354 747/1366
f 756/1353 785/1271 755/1367
f 930/1368 941/1369 959/1370 958/1371
f 978/1372 951/1373 984/1374 986/1375
f 955/1376 952/1377 850/1378 917/1379
f 947/1380 946/1381 934/1382 933/1383
f 823/1315 796/1240 797/1271 831/1355
f 870/1384 869/1385 909/1386 910/1387
f 868/1388 871/1389 911/1390 908/1391
f 874/1392 873/1393 869/1385 870/1384
f 872/1394 875/1395 871/1389 868/1388
f 979/1396 976/1397 982/1398 987/1399
f 885/1400 867/1401 865/1402 881/1403
f 887/1404 884/1405 880/1406 883/1407
f 856/1408 854/1409 859/1410 863/1411
f 772/1263 798/1262 797/1271 771/1250
f 885/1412 881/1413 871/1414 875/1415
f 880/1416 884/1417 872/1418 868/1419
f 886/1420 874/1421 870/1422 882/1423
f 879/1424 886/1425 882/1426 877/1427
f 901/1428 897/1429 893/1430 892/1431
f 881/1403 865/1402 900/1432 898/1433
f 883/1407 880/1406 897/1429 901/1428
f 901/1428 909/1434 869/1435 883/1436
f 858/1437 861/1438 886/1425 879/1424
f 863/1439 859/1440 884/1405 887/1404
f 865/1441 864/1442 903/1443 900/1432
f 972/1444 979/1445 980/1446 843/1447
f 892/1431 904/1448 909/1434 901/1428
f 873/1449 846/1450 863/1451 887/1452
f 895/1453 899/1454 910/1455 906/1456
f 899/1454 882/1423 870/1422 910/1455
f 850/1457 846/1458 873/1393 874/1392
f 897/1429 880/1416 868/1419 908/1459
f 907/1460 911/1461 898/1433 896/1462
f 911/1461 871/1414 881/1413 898/1433
f 953/1463 954/1464 916/1465 851/1466
f 938/1467 980/1468 988/1469 983/1470
f 847/1471 858/1472 879/1473 878/1474
f 957/1475 956/1476 958/1371 959/1370
f 914/1477 913/1478 919/1479 920/1480
f 941/1481 930/1482 915/1483 847/1484
f 851/1466 929/1485 948/1486 936/1487
f 862/1488 848/1489 866/1490 867/1491
f 876/1492 877/1493 891/1494 890/1495
f 917/1379 850/1378 926/1496 923/1497
f 952/1498 973/1499 977/1500 850/1501
f 851/1466 916/1465 922/1502 929/1485
f 921/1503 923/1504 926/1505 925/1506
f 912/1507 848/1508 924/1509 918/1510
f 922/1511 918/1512 924/1513 929/1514
f 920/1480 919/1479 927/1515 928/1516
f 952/1517 955/1518 971/1519 973/1520
f 976/1521 938/1522 983/1523 982/1524
f 876/1492 878/1474 879/1473 877/1493
f 842/1525 843/1447 980/1446 938/1526
f 866/1490 864/1442 865/1441 867/1491
f 944/1527 945/1528 942/1529 940/1530
f 939/1531 931/1532 914/1483 846/1533
f 960/1534 961/1535 963/1536 962/1537
f 925/1506 926/1505 945/1528 944/1527
f 928/1516 927/1515 946/1381 947/1380
f 930/1538 955/1539 917/1540 915/1541
f 929/1514 924/1513 943/1542 948/1543
f 891/1494 899/1454 895/1453 889/1544
f 847/1484 940/1545 852/1546 858/1547
f 913/1548 849/1549 927/1550 919/1551
f 842/1552 974/1553 969/1554 966/1555
f 931/1556 937/1557 913/1478 914/1477
f 956/1476 965/1558 971/1519 958/1371
f 964/1559 966/1555 969/1554 968/1560
f 967/1364 960/1534 962/1537 970/1365
f 915/1541 917/1540 923/1504 921/1503
f 937/1561 931/1562 968/1560 969/1554
f 846/1533 928/1563 947/1564 933/1545
f 954/1565 953/1566 972/1362 970/1365
f 842/1525 938/1526 976/1567 974/1568
f 950/1569 937/1570 969/1554 974/1553
f 916/1571 912/1572 918/1512 922/1511
f 844/1573 841/1574 964/1559 968/1560
f 934/1575 849/1549 859/1576 854/1577
f 860/1578 862/1579 867/1401 885/1400
f 852/1580 857/1581 861/1582 858/1583
f 869/1435 873/1449 887/1452 883/1436
f 855/1584 853/1585 862/1586 860/1587
f 846/1533 933/1545 856/1546 863/1547
f 851/1466 936/1487 855/1588 860/1589
f 860/1590 885/1412 875/1415 851/1591
f 931/1592 939/1593 844/1573 968/1560
f 954/1594 932/1595 912/1572 916/1571
f 949/1596 932/1597 962/1537 963/1536
f 903/1443 902/1598 894/1599 900/1432
f 877/1427 882/1426 899/1454 891/1494
f 771/1250 797/1271 778/1600
f 950/1601 974/1568 976/1567 849/1602
f 778/1367 797/1271 770/1270
f 849/1549 913/1548 937/1603 950/1604
f 927/1550 849/1549 934/1575 946/1605
f 849/1606 851/1607 875/1395 872/1394
f 955/1608 930/1609 958/1371 971/1519
f 986/1610 984/1611 981/1612 985/1613
f 884/1417 859/1614 849/1615 872/1418
f 975/1616 977/1617 985/1618 981/1619
f 977/1620 978/1621 986/1622 985/1623
f 893/1430 897/1429 908/1459 905/1624
f 851/1625 979/1445 972/1444 953/1626
f 980/1627 979/1628 987/1629 988/1630
f 933/1383 934/1382 854/1409 856/1408
f 847/1484 915/1483 921/1631 925/1632
f 845/1633 978/1634 977/1500 973/1499
f 948/1543 943/1542 935/1635 936/1636
f 910/1387 909/1386 904/1637 906/1638
f 976/1567 979/1445 851/1625 849/1602
f 908/1391 911/1390 907/1639 905/1640
f 845/1633 841/1641 951/1642 978/1634
f 940/1530 942/1529 857/1581 852/1580
f 807/1262 829/1345 806/1344
f 942/1643 850/1378 861/1644 857/1645
f 861/1646 850/1647 874/1421 886/1420
f 926/1496 850/1378 942/1643 945/1648
f 850/1501 977/1500 975/1649 846/1650
f 932/1651 954/1652 970/1365 962/1537
f 898/1433 900/1432 894/1599 896/1462
f 936/1636 935/1635 853/1585 855/1584
f 932/1653 949/1654 848/1508 912/1507
f 847/1484 925/1632 944/1655 940/1545
f 846/1650 975/1649 844/1656 939/1657
f 888/1658 890/1495 891/1494 889/1544
f 809/1350 830/1349 808/1266
f 845/1659 973/1520 971/1519 965/1558
f 983/1660 988/1611 987/1612 982/1661
f 935/1662 848/1508 862/1663 853/1664
f 924/1509 848/1508 935/1662 943/1665
f 846/1533 914/1483 920/1631 928/1563
f 951/1666 975/1667 981/1668 984/1669
f 951/1642 841/1641 844/1656 975/1649
f 777/1274 779/1275 802/1273 776/1268
f 833/1355 779/1275 835/1358 839/1359
f 779/1354 834/1339 840/1670 835/1671
f 786/1244 828/1315 832/1355 785/1271
f 1067/1672 999/1673 993/1674 989/1675
f 1376/1676 1377/1677 1060/1678 1058/1679
f 1423/1680 1422/1681 1430/1682 1431/1683
f 1063/1684 1422/1685 1415/1686 1396/1687
f 1021/1688 1017/1689 1006/1690 1009/1691
f 1420/1692 1421/1693 1429/1694 1428/1695
f 1418/1696 1420/1697 1428/1698 1424/1699
f 1030/1700 1055/1701 1065/1702 1042/1703
f 1429/1660 1427/1611 1424/1612 1428/1661
f 1398/1704 1373/1705 1401/1706 1414/1707
f 1065/1708 1063/1709 1039/1710 1042/1711
f 1370/1712 1065/1713 1377/1714 1389/1715
f 1065/1713 1001/1716 1380/1717 1393/1718
f 1136/1719 1117/1720 1144/1721
f 1393/1722 1417/1723 1419/1724 1065/1725
f 1143/1726 1117/1720 1136/1600
f 1037/1727 1032/1728 1015/1729 1023/1730
f 1011/1731 1012/1732 1020/1733 1014/1734
f 1392/1735 1375/1736 1405/1737 1406/1738
f 1397/1739 1375/1740 1002/1741 998/1742
f 1374/1743 1382/1744 1070/1745 1411/1746
f 1054/1747 1029/1748 1039/1749 1063/1750
f 1063/1751 1379/1752 1059/1753 1054/1754
f 1068/1755 1376/1756 1058/1757 1051/1758
f 1059/1759 1061/1760 1052/1761 1054/1762
f 1045/1763 1041/1764 1027/1765 1031/1766
f 1062/1767 1057/1768 1053/1769 1056/1587
f 1054/1770 1052/1771 1047/1772 1029/1773
f 1377/1714 1065/1713 1055/1774 1060/1775
f 1070/1745 1073/1776 1407/1777 1411/1746
f 998/1742 1002/1741 996/1778 992/1779
f 1393/1780 1380/1781 1412/1782 1417/1783
f 1072/1784 1381/1785 1419/1724 1417/1723
f 1397/1786 1396/1787 1415/1788 1413/1789
f 1068/1755 1371/1790 1390/1791 1376/1756
f 1380/1792 1374/1793 1411/1746 1412/1782
f 999/1794 997/1795 991/1796 993/1511
f 1410/1797 1403/1798 1405/1737 1413/1789
f 1407/1777 1409/1799 1412/1782 1411/1746
f 1399/1800 1408/1801 1414/1707 1401/1706
f 1374/1802 1380/1803 1001/1804 1000/1805
f 1072/1806 1417/1783 1412/1782 1409/1799
f 1001/1716 1065/1713 1370/1712 995/1807
f 1067/1672 1383/1808 1062/1809 1056/1810
f 1023/1730 1015/1729 1019/1811 1025/1812
f 1372/1813 990/1814 1386/1815 1391/1816
f 1373/1817 1398/1818 997/1795 999/1794
f 1371/1819 1370/1820 1389/1821 1390/1822
f 989/1823 1369/1824 1388/1825 1387/1543
f 1403/1798 1404/1826 1406/1738 1405/1737
f 1382/1827 1374/1828 1000/1829 1068/1755
f 1387/1543 1388/1825 1385/1830 1383/1831
f 1048/1832 1050/1833 1049/1834 1047/1835
f 1072/1784 1071/1836 1423/1837 1381/1785
f 1038/1838 1036/1839 1035/1840 1037/1841
f 1419/1842 1381/1843 1426/1844 1425/1845
f 1395/1846 1398/1847 1414/1707 1416/1848
f 994/1849 995/1850 1370/1820 1371/1819
f 992/1779 996/1778 990/1814 1372/1813
f 1002/1851 1066/1852 990/1853 996/1854
f 993/1511 991/1796 1369/1824 989/1823
f 1063/1751 998/1855 992/1856 1372/1857
f 1395/1858 1416/1859 1420/1860 1064/1861
f 997/1862 1064/1863 1369/1864 991/1865
f 1038/1838 1037/1841 1023/1730 1024/1866
f 1052/1867 1066/1868 1048/1832 1047/1835
f 1063/1751 1372/1857 1391/1869 1379/1752
f 1384/1870 1373/1871 999/1673 1067/1672
f 1000/1805 1001/1804 995/1850 994/1849
f 1400/1872 1399/1800 1401/1706 1402/1873
f 1067/1874 1056/1875 1035/1840 1036/1839
f 1381/1876 1423/1877 1431/1878 1426/1879
f 1396/1880 1397/1881 998/1855 1063/1751
f 1003/1882 1043/1883 1033/1884 1016/1885
f 1007/1886 1003/1882 1016/1885 1018/1887
f 1017/1689 1034/1888 1046/1889 1006/1690
f 1064/1890 1068/1891 1041/1892 1040/1893
f 1015/1729 1032/1894 1044/1895 1004/1896
f 1019/1811 1015/1729 1004/1896 1008/1897
f 1041/1764 1068/1898 1051/1899 1027/1765
f 1022/1900 1010/1901 1005/1902 1013/1903
f 1415/1686 1422/1685 1423/1837 1071/1836
f 1049/1834 1050/1833 1011/1731 1014/1734
f 1051/1904 1055/1905 1030/1906 1027/1907
f 1056/1908 1053/1909 1028/1910 1035/1911
f 1013/1903 1005/1902 1045/1763 1031/1766
f 1031/1912 1034/1913 1017/1689 1013/1903
f 1033/1914 1049/1915 1014/1734 1016/1885
f 1013/1903 1017/1689 1021/1688 1022/1900
f 1035/1911 1028/1910 1032/1728 1037/1727
f 1028/1916 1040/1917 1044/1895 1032/1894
f 1034/1888 1030/1700 1042/1703 1046/1889
f 1029/1748 1033/1884 1043/1883 1039/1749
f 1142/1918 1116/1262 1117/1720 1143/1726
f 1058/1679 1060/1678 1055/1919 1051/1920
f 1027/1907 1030/1906 1034/1913 1031/1912
f 1029/1773 1047/1772 1049/1915 1033/1914
f 1422/1921 1419/1922 1425/1923 1430/1924
f 1042/1711 1039/1710 1043/1925 1046/1926
f 1040/1893 1041/1892 1045/1927 1044/1928
f 1046/1926 1043/1925 1003/1929 1006/1930
f 1044/1928 1045/1927 1005/1931 1004/1932
f 1091/1345 1118/1262 1117/1720 1083/1933
f 1390/1822 1389/1821 1377/1677 1376/1676
f 1398/1934 1395/1935 1064/1863 997/1862
f 1421/1936 1394/1937 1427/1938 1429/1939
f 1373/1940 1384/1941 1402/1873 1401/1706
f 1158/1270 1129/1942 1159/1367
f 1166/1943 1135/1944 1167/1945
f 1415/1788 1071/1946 1410/1797 1413/1789
f 1086/1315 1124/1269 1123/1275 1082/1947
f 1122/1347 1091/1345 1083/1933 1123/1948
f 1123/1948 1083/1933 1077/1949 1078/1950
f 1149/1951 1122/1347 1123/1948 1150/1952
f 1151/1357 1123/1275 1152/1274
f 1082/1947 1123/1275 1078/1358 1076/1953
f 1150/1952 1123/1948 1151/1954
f 1167/1954 1135/1948 1137/1952
f 1165/1955 1134/1266 1135/1944 1166/1943
f 1090/1345 1112/1273 1135/1948 1081/1933
f 1116/1262 1090/1345 1081/1933 1117/1720
f 1134/1266 1087/1349 1080/1956 1135/1944
f 1157/1239 1128/1244 1129/1942 1158/1270
f 1159/1957 1129/1958 1160/1353
f 1102/1327 1084/1345 1103/1344
f 1103/1344 1084/1345 1104/1298
f 1104/1298 1084/1345 1105/1331
f 1128/1959 1106/1960 1084/1961 1086/1962
f 1110/1261 1085/1315 1111/1244
f 1109/1247 1085/1315 1110/1261
f 1108/1255 1085/1315 1109/1247
f 1107/1963 1130/1964 1087/1965 1085/1336
f 1087/1349 1130/1351 1129/1958 1080/1956
f 1111/1316 1085/1317 1087/1273 1134/1315
f 1124/1316 1086/1317 1084/1273 1102/1315
f 1097/1966 1089/1967 1098/1968
f 1098/1968 1089/1967 1099/1279
f 1099/1279 1089/1967 1100/1969
f 1100/1969 1089/1967 1101/1970
f 1095/1265 1088/1336 1096/1971
f 1094/1972 1088/1336 1095/1265
f 1093/1973 1088/1336 1094/1972
f 1092/1963 1088/1336 1093/1973
f 1116/1974 1096/1975 1088/1976 1090/1977
f 1097/1978 1118/1967 1091/1966 1089/1979
f 1101/1980 1089/1981 1091/1982 1122/1983
f 1112/1273 1090/1315 1088/1984 1092/1985
f 1114/1986 1094/1987 1095/1281 1115/1280
f 1132/1278 1109/1279 1110/1276 1133/1277
f 1112/1303 1092/1304 1093/1277 1113/1276
f 1130/1307 1107/1988 1108/1989 1131/1990
f 1121/1991 1100/1992 1101/1993 1122/1994
f 1119/1300 1098/1299 1099/1279 1120/1278
f 1126/1995 1104/1996 1105/1291 1127/1292
f 1115/1280 1095/1281 1096/1282 1116/1997
f 1124/1998 1102/1999 1103/2000 1125/2001
f 1133/1277 1110/1276 1111/1993 1134/1314
f 1113/1276 1093/1277 1094/1987 1114/1986
f 1131/1990 1108/1989 1109/1279 1132/1278
f 1120/1278 1099/1279 1100/1992 1121/1991
f 1118/2002 1097/1988 1098/1299 1119/1300
f 1127/1292 1105/1291 1106/1244 1128/2003
f 1125/2001 1103/2000 1104/1996 1126/1995
f 1154/1249 1125/1255 1126/2004 1155/1246
f 1152/1274 1123/1275 1124/1269 1153/1268
f 1163/2005 1132/1330 1133/1350 1164/2006
f 1140/2007 1114/1298 1115/1261 1141/2008
f 1161/2009 1130/1351 1131/1329 1162/2010
f 1138/2011 1112/1273 1113/1346 1139/1254
f 1148/2012 1121/1346 1122/1347 1149/1951
f 1146/2013 1119/1344 1120/1298 1147/2007
f 1155/1246 1126/2004 1127/1241 1156/1243
f 1144/1721 1117/1720 1118/1262 1145/2014
f 1153/1268 1124/1269 1125/1255 1154/1249
f 1164/2006 1133/1350 1134/1266 1165/1955
f 1141/2008 1115/1261 1116/1262 1142/1918
f 1162/2010 1131/1329 1132/1330 1163/2005
f 1139/1254 1113/1346 1114/1298 1140/2007
f 1160/1353 1129/1958 1130/1351 1161/2009
f 1147/2007 1120/1298 1121/1346 1148/2012
f 1156/1243 1127/1241 1128/1244 1157/1239
f 1145/2014 1118/1262 1119/1344 1146/2013
f 1188/2015 1156/2016 1157/2017 1189/2018
f 1177/2019 1145/2020 1146/2021 1178/2022
f 1186/2023 1154/2024 1155/2025 1187/2026
f 1197/2027 1165/2028 1166/2029 1198/2030
f 1174/2031 1142/2032 1143/2033 1175/2034
f 1184/2035 1152/2036 1153/2037 1185/2038
f 1195/2039 1163/2040 1164/2041 1196/2042
f 1172/2043 1140/2044 1141/2045 1173/2046
f 1193/2047 1161/2048 1162/2049 1194/2050
f 1182/2051 1150/2052 1151/1236 1183/2053
f 1170/2054 1138/2055 1139/1234 1171/2056
f 1191/2057 1159/2058 1160/2059 1192/2060
f 1180/2061 1148/2062 1149/2063 1181/2064
f 1199/1201 1167/2065 1137/2066 1169/2067
f 1189/2018 1157/2017 1158/2068 1190/2069
f 1178/2022 1146/2021 1147/2070 1179/2071
f 1175/2034 1143/2033 1136/2072 1168/2073
f 1187/2026 1155/2025 1156/2016 1188/2015
f 1198/2030 1166/2029 1167/2074 1199/2075
f 1176/2076 1144/2077 1145/2020 1177/2019
f 1185/2038 1153/2037 1154/2024 1186/2023
f 1196/2042 1164/2041 1165/2028 1197/2027
f 1173/2046 1141/2045 1142/2032 1174/2031
f 1183/2078 1151/2079 1152/2036 1184/2035
f 1194/2050 1162/2049 1163/2040 1195/2039
f 1171/2056 1139/1234 1140/2044 1172/2043
f 1192/2060 1160/2059 1161/2048 1193/2047
f 1181/2064 1149/2063 1150/2052 1182/2051
f 1169/2067 1137/2066 1138/2055 1170/2054
f 1190/2069 1158/2068 1159/2080 1191/2081
f 1179/2071 1147/2070 1148/2062 1180/2061
f 1168/2082 1136/2083 1144/2077 1176/2076
f 1222/2084 1190/2069 1191/2081 1223/2085
f 1211/2086 1179/2071 1180/2061 1212/2087
f 1200/2088 1168/2082 1176/2076 1208/2089
f 1220/2090 1188/2015 1189/2018 1221/2091
f 1209/2092 1177/2019 1178/2022 1210/2093
f 1218/2094 1186/2023 1187/2026 1219/2095
f 1229/2096 1197/2027 1198/2030 1230/2097
f 1206/2098 1174/2031 1175/2034 1207/2099
f 1216/2100 1184/2035 1185/2038 1217/2101
f 1227/2102 1195/2039 1196/2042 1228/2103
f 1204/2104 1172/2043 1173/2046 1205/2105
f 1225/2106 1193/2047 1194/2050 1226/2107
f 1214/2108 1182/2051 1183/2053 1215/2109
f 1202/2110 1170/2054 1171/2056 1203/2111
f 1223/2112 1191/2057 1192/2060 1224/2113
f 1212/2087 1180/2061 1181/2064 1213/2114
f 1231/2115 1199/1201 1169/2067 1201/2116
f 1221/2091 1189/2018 1190/2069 1222/2084
f 1210/2093 1178/2022 1179/2071 1211/2086
f 1207/2099 1175/2034 1168/2073 1200/2117
f 1219/2095 1187/2026 1188/2015 1220/2090
f 1230/2097 1198/2030 1199/2075 1231/2118
f 1208/2089 1176/2076 1177/2019 1209/2092
f 1217/2101 1185/2038 1186/2023 1218/2094
f 1228/2103 1196/2042 1197/2027 1229/2096
f 1205/2105 1173/2046 1174/2031 1206/2098
f 1215/2119 1183/2078 1184/2035 1216/2100
f 1226/2107 1194/2050 1195/2039 1227/2102
f 1203/2111 1171/2056 1172/2043 1204/2104
f 1224/2113 1192/2060 1193/2047 1225/2106
f 1213/2114 1181/2064 1182/2051 1214/2108
f 1201/2116 1169/2067 1170/2054 1202/2110
f 1251/2120 1219/2095 1220/2090 1252/2121
f 1262/2122 1230/2097 1231/2118 1263/2123
f 1240/2124 1208/2089 1209/2092 1241/2125
f 1249/2126 1217/2101 1218/2094 1250/2127
f 1260/2128 1228/2103 1229/2096 1261/2129
f 1237/2130 1205/2105 1206/2098 1238/2131
f 1247/1126 1215/2119 1216/2100 1248/2132
f 1258/2133 1226/2107 1227/2102 1259/2134
f 1235/2135 1203/2111 1204/2104 1236/2136
f 1256/2137 1224/2113 1225/2106 1257/2138
f 1245/2139 1213/2114 1214/2108 1246/2140
f 1233/2141 1201/2116 1202/2110 1234/1153
f 1254/2142 1222/2084 1223/2085 1255/2143
f 1243/2144 1211/2086 1212/2087 1244/2145
f 1232/2146 1200/2088 1208/2089 1240/2124
f 1252/2121 1220/2090 1221/2091 1253/2147
f 1241/2125 1209/2092 1210/2093 1242/2148
f 1250/2127 1218/2094 1219/2095 1251/2120
f 1261/2129 1229/2096 1230/2097 1262/2122
f 1238/2131 1206/2098 1207/2099 1239/2149
f 1248/2132 1216/2100 1217/2101 1249/2126
f 1259/2134 1227/2102 1228/2103 1260/2128
f 1236/2136 1204/2104 1205/2105 1237/2130
f 1257/2138 1225/2106 1226/2107 1258/2133
f 1246/2140 1214/2108 1215/2109 1247/2150
f 1234/1153 1202/2110 1203/2111 1235/2135
f 1255/2151 1223/2112 1224/2113 1256/2137
f 1244/2145 1212/2087 1213/2114 1245/2139
f 1263/2152 1231/2115 1201/2116 1233/2141
f 1253/2147 1221/2091 1222/2084 1254/2142
f 1242/2148 1210/2093 1211/2086 1243/2144
f 1239/2149 1207/2099 1200/2117 1232/2153
f 1269/987 1311/2154 1283/2155 1268/2156
f 1328/2157 1321/2158 1269/987 1315/1094
f 1318/2159 1326/2160 1314/1093 1267/1085
f 1276/2161 1271/2162 1282/2163 1281/2164
f 1327/2165 1326/2160 1318/2159 1319/2166
f 1281/2164 1282/2163 1266/2167 1279/2168
f 1308/1059 1267/1085 1266/2169 1282/2170
f 1278/2171 1287/2172 1284/2173 1283/2174
f 1318/2159 1267/1085 1308/1059
f 1283/2155 1299/2175 1278/1042
f 1283/2174 1284/2173 1280/2176 1268/2177
f 1329/2178 1328/2157 1264/2179
f 1325/2180 1328/2181 1315/2182 1313/2183
f 1268/2177 1280/2176 1277/2184 1269/2185
f 1269/2185 1277/2184 1313/2183 1315/2182
f 1326/2186 1323/2187 1312/2188 1314/2189
f 1281/2190 1294/2191 1276/2192
f 1307/2193 1277/2194 1280/2195 1284/2196
f 1322/2197 1323/2187 1326/2186 1265/2198
f 1296/2199 1282/2170 1271/1069
f 1290/2200 1296/2199 1271/1069 1274/1070
f 1265/2201 1326/2160 1327/2165
f 1317/2202 1325/2203 1313/2204 1277/2194
f 1306/2205 1300/2206 1294/2191 1281/2190
f 1317/2202 1277/2194 1307/2193
f 1302/1058 1308/1059 1282/2170 1296/2199
f 1311/2154 1305/2207 1299/2175 1283/2155
f 1293/2208 1292/2209 1286/2210 1275/2211
f 1291/2212 1290/2213 1274/2214 1285/2215
f 1288/2216 1289/2217 1273/2218 1272/2219
f 1294/2191 1288/2220 1272/2221 1276/2192
f 1295/2222 1284/2196 1287/2223
f 1289/2224 1295/2222 1287/2223 1273/2225
f 1299/2175 1293/2226 1275/2227 1278/1042
f 1279/2168 1266/2167 1267/2228 1270/2229
f 1316/2230 1306/2205 1270/2231
f 1323/2232 1316/2230 1270/2231 1312/2233
f 1270/2229 1267/2228 1314/2189 1312/2188
f 1301/2234 1307/2193 1284/2196 1295/2222
f 1270/2231 1306/2205 1281/2190 1279/2235
f 1299/2236 1298/2237 1292/2209 1293/2208
f 1297/2238 1296/2239 1290/2213 1291/2212
f 1294/2240 1295/2241 1289/2217 1288/2216
f 1305/2242 1304/2243 1298/2237 1299/2236
f 1303/2244 1302/2245 1296/2239 1297/2238
f 1300/2246 1301/2247 1295/2241 1294/2240
f 1311/2248 1310/2249 1304/2243 1305/2242
f 1309/2250 1308/2251 1302/2245 1303/2244
f 1306/2252 1307/2253 1301/2247 1300/2246
f 1264/2254 1328/2181 1325/2180 1324/2255
f 1321/2158 1320/2256 1310/2249 1311/2248
f 1319/2166 1318/2159 1308/2251 1309/2250
f 1316/2230 1317/2202 1307/2253 1306/2252
f 1324/2257 1325/2203 1323/2232 1322/2258
f 1323/2232 1325/2203 1317/2202 1316/2230
f 1321/2158 1311/2154 1269/987
f 1328/2157 1329/2178 1320/2256 1321/2158
f 1353/2259 1347/2260 1354/2261 1363/2262
f 1341/2263 1330/2264 1332/2265 1333/2266
f 1342/2267 1341/2263 1333/2266 1335/2268
f 1331/2269 1345/2270 1339/2271 1340/2272
f 1345/2270 1344/2273 1338/2274 1339/2271
f 1344/2273 1334/2275 1337/2276 1338/2274
f 1334/2275 1343/2277 1336/2278 1337/2276
f 667/2279 666/2280 1368/2281
f 656/2282 655/2283 1368/2281
f 679/2284 678/2285 1368/2281
f 658/2286 657/2287 1368/2281
f 669/2288 668/2289 1368/2281
f 681/2290 680/2291 1368/2281
f 660/2292 659/2293 1368/2281
f 671/2294 670/2295 1368/2281
f 682/2296 674/2297 1368/2281
f 662/2298 661/2299 1368/2281
f 673/2300 672/2301 1368/2281
f 664/2302 663/2303 1368/2281
f 653/2304 652/2305 1368/2281
f 676/2306 675/2307 1368/2281
f 666/2280 665/2308 1368/2281
f 655/2283 654/2309 1368/2281
f 678/2285 677/2310 1368/2281
f 657/2287 656/2282 1368/2281
f 668/2289 667/2279 1368/2281
f 680/2291 679/2284 1368/2281
f 659/2293 658/2286 1368/2281
f 670/2295 669/2288 1368/2281
f 651/2311 681/2290 1368/2281
f 661/2299 660/2292 1368/2281
f 672/2301 671/2294 1368/2281
f 675/2307 682/2296 1368/2281
f 663/2303 662/2298 1368/2281
f 652/2305 651/2311 1368/2281
f 674/2297 673/2300 1368/2281
f 665/2308 664/2302 1368/2281
f 654/2309 653/2304 1368/2281
f 677/2310 676/2306 1368/2281
f 568/959 585/2312 587/2313 566/960
f 1343/2277 1342/2267 1335/2268 1336/2278
f 1355/2314 1346/2315 1348/2316 1364/2317
f 1069/2318 1421/2319 1420/1860 1416/1859
f 1391/1816 1386/1815 1378/2320 1379/2321
f 1004/1932 1005/1931 1010/2322 1008/2323
f 1419/1724 1422/1685 1063/1684 1065/1725
f 1006/1930 1003/1929 1007/2324 1009/2325
f 1069/2318 1073/2326 1394/2327 1421/2319
f 1383/1831 1385/1830 1057/1768 1062/1767
f 1107/1273 1085/1315 1108/1255
f 1385/2328 1064/1863 1053/2329 1057/2330
f 1053/2331 1064/2332 1040/1917 1028/1916
f 1369/1864 1064/1863 1385/2328 1388/2333
f 1064/1861 1420/1860 1418/2334 1068/2335
f 1375/2336 1397/2337 1413/1789 1405/1737
f 1016/1885 1014/1734 1020/1733 1018/1887
f 1379/2321 1378/2320 1061/1760 1059/1759
f 1375/2338 1392/2339 1066/1852 1002/1851
f 1067/1672 989/1675 1387/2340 1383/1808
f 1068/2335 1418/2334 1070/2341 1382/2342
f 1026/2343 1024/1866 1023/1730 1025/1812
f 1105/1331 1084/1345 1106/1347
f 1069/2344 1416/1848 1414/1707 1408/1801
f 1426/2345 1431/2346 1430/2347 1425/2348
f 1378/2349 1066/1852 1052/2350 1061/2351
f 990/1853 1066/1852 1378/2349 1386/2352
f 1068/1755 1000/1829 994/2353 1371/1790
f 1394/2354 1418/2355 1424/2356 1427/2357
f 1394/2327 1073/2326 1070/2341 1418/2334
f 1137/1952 1135/1948 1112/1273 1138/2011
f 1081/1933 1135/1948 1079/2358 1075/2359
f 1135/1944 1080/1956 1074/2360 1079/2361
f 1128/1244 1086/1315 1082/1947 1129/1942
f 1247/2280 1248/2362 1432/2363
f 1258/2283 1259/2364 1432/2363
f 1235/2365 1236/2366 1432/2363
f 1256/2367 1257/2282 1432/2363
f 1245/2368 1246/2369 1432/2363
f 1233/2291 1234/2370 1432/2363
f 1254/2293 1255/2371 1432/2363
f 1243/2295 1244/2372 1432/2363
f 1232/2297 1240/2300 1432/2363
f 1252/2373 1253/2292 1432/2363
f 1241/2374 1242/2375 1432/2363
f 1250/2376 1251/2298 1432/2363
f 1261/2377 1262/2311 1432/2363
f 1238/2378 1239/2379 1432/2363
f 1248/2362 1249/2302 1432/2363
f 1259/2364 1260/2304 1432/2363
f 1236/2366 1237/2306 1432/2363
f 1257/2282 1258/2283 1432/2363
f 1246/2369 1247/2280 1432/2363
f 1234/2370 1235/2365 1432/2363
f 1255/2371 1256/2367 1432/2363
f 1244/2372 1245/2368 1432/2363
f 1263/2380 1233/2291 1432/2363
f 1253/2292 1254/2293 1432/2363
f 1242/2375 1243/2295 1432/2363
f 1239/2379 1232/2297 1432/2363
f 1251/2298 1252/2373 1432/2363
f 1262/2311 1263/2380 1432/2363
f 1240/2300 1241/2374 1432/2363
f 1249/2302 1250/2376 1432/2363
f 1260/2304 1261/2377 1432/2363
f 1237/2306 1238/2378 1432/2363
f 1346/2315 1329/2381 1327/2382 1348/2316
f 1445/2383 1454/2384 1452/2385 1436/2386
f 1454/2384 1456/2387 1455/2388 1452/2385
f 1459/2389 1460/2390 1467/2391 1466/2392
f 1468/2393 1459/2389 1466/2392 1465/2394
f 1458/2395 1468/2393 1465/2394 1464/2396
f 1457/2397 1458/2395 1464/2396 1463/2398
f 1471/2399 1457/2397 1463/2398 1462/2400
f 1460/2390 1461/2401 1469/2402 1467/2391
f 1461/2401 1472/2403 1470/2404 1469/2402
f 1447/2405 1453/2406 1446/2407 1437/2408
f 1474/2409 1473/2410 1482/2411 1481/2412
f 1481/2412 1491/2413 1533/2414
f 1479/2415 1477/2416 1485/2417 1486/2418
f 1478/2419 1477/2416 1479/2415 1480/2420
f 1486/2418 1485/2417 1495/2421 1496/2422
f 1483/2423 1484/2424 1494/2425 1493/2426
f 1481/2412 1482/2411 1492/2427 1491/2428
f 1538/2429 1474/2430 1477/1072 1478/1071
f 1496/2422 1495/2421 1501/2431 1502/2432
f 1493/2426 1494/2425 1500/2433 1499/2434
f 1491/2428 1492/2427 1498/2435 1497/2436
f 1502/2432 1501/2431 1507/2437 1508/2438
f 1499/2434 1500/2433 1506/2439 1505/2440
f 1497/2436 1498/2435 1504/2441 1503/2442
f 1508/2438 1507/2437 1513/2443 1514/2444
f 1505/2440 1506/2439 1512/2445 1511/2446
f 1503/2442 1504/2441 1510/2447 1509/2448
f 1532/2449 1496/2450 1521/2451 1523/2452
f 1501/2453 1495/2454 1518/2455 1507/2456
f 1532/2457 1535/2458 1488/2459 1490/2460
f 1479/2415 1486/2418 1532/2449 1490/2461
f 1486/2418 1496/2450 1532/2449
f 1523/2462 1536/2463 1535/2458 1532/2457
f 1503/2464 1509/2465 1527/2466 1524/2467
f 1513/2468 1507/2456 1515/2469 1529/2470
f 1507/2456 1518/2455 1515/2469
f 1508/2471 1514/2472 1530/2473 1526/2474
f 1514/2444 1513/2443 1529/2475 1530/2476
f 1511/2446 1512/2445 1528/2477 1517/2478
f 1509/2448 1510/2447 1516/2479 1527/2480
f 1491/2413 1497/2481 1503/2464 1519/2482
f 1500/2483 1494/2484 1520/2485 1506/2486
f 1485/2417 1525/2487 1495/2454
f 1496/2450 1502/2488 1508/2471 1521/2451
f 1485/2417 1477/2416 1489/2489 1525/2487
f 1537/2490 1476/2491 1475/2492
f 1512/2493 1506/2486 1531/2494 1528/2495
f 1506/2486 1520/2485 1531/2494
f 1480/2496 1479/2497 1476/2498 1537/2499
f 1495/2454 1525/2487 1522/2500 1518/2455
f 1521/2451 1508/2471 1526/2474
f 1476/2498 1479/2497 1490/2460 1488/2459
f 1533/2501 1525/1032 1489/1035 1487/2502
f 1534/2503 1522/1037 1525/1032 1533/2501
f 1477/1072 1474/2430 1487/2502 1489/1035
f 1473/2410 1474/2409 1538/2504
f 1519/2505 1518/1089 1522/1037 1534/2503
f 1519/2482 1503/2464 1524/2467
f 1484/2424 1535/2506 1494/2484
f 1524/2507 1515/1091 1518/1089 1519/2505
f 1494/2484 1535/2506 1536/2508 1520/2485
f 1521/2509 1520/2510 1536/2463 1523/2462
f 1475/2492 1476/2491 1484/2424 1483/2423
f 1526/2511 1531/2512 1520/2510 1521/2509
f 1484/2424 1476/2491 1488/2513 1535/2506
f 1474/2409 1481/2412 1533/2414 1487/2514
f 1533/2414 1491/2413 1519/2482 1534/2515
f 1563/2516 1595/2517 1602/2518 1570/1099
f 1560/2519 1592/2107 1591/2520 1559/2521
f 1549/2522 1581/2523 1580/2524 1548/2525
f 1539/2526 1571/2527 1601/2528 1569/2529
f 1558/2530 1590/2531 1589/2532 1557/2129
f 1547/2533 1579/2534 1578/2535 1546/2536
f 1568/2537 1600/2538 1599/2111 1567/1100
f 1556/2122 1588/2539 1587/2540 1555/2541
f 1545/2542 1577/2543 1576/2544 1544/2545
f 1566/2136 1598/2546 1597/2105 1565/2130
f 1543/2547 1575/2548 1574/2549 1542/2550
f 1554/2551 1586/2552 1585/2553 1553/2554
f 1564/2555 1596/2556 1595/2517 1563/2516
f 1541/2557 1573/2558 1572/2559 1540/2560
f 1552/2561 1584/2562 1583/2563 1551/2564
f 1561/2565 1593/2566 1592/2107 1560/2519
f 1550/2567 1582/2568 1581/2523 1549/2522
f 1570/2152 1602/2569 1594/2570 1562/2571
f 1559/2521 1591/2520 1590/2531 1558/2530
f 1548/2525 1580/2524 1579/2572 1547/2573
f 1569/2529 1601/2528 1600/2538 1568/2537
f 1557/2129 1589/2532 1588/2539 1556/2122
f 1546/2536 1578/2535 1577/2543 1545/2542
f 1567/1100 1599/2111 1598/2546 1566/2136
f 1544/2545 1576/2544 1575/2548 1543/2547
f 1555/2574 1587/2575 1586/2552 1554/2551
f 1565/2130 1597/2105 1596/2556 1564/2555
f 1542/2550 1574/2549 1573/2558 1541/2557
f 1553/2554 1585/2553 1584/2562 1552/2561
f 1562/2571 1594/2570 1593/2566 1561/2565
f 1540/2560 1572/2559 1571/2576 1539/2577
f 1551/2564 1583/2563 1582/2568 1550/2567
f 1601/2528 1633/2578 1632/2054 1600/2538
f 1589/2532 1621/2579 1620/2580 1588/2539
f 1578/2535 1610/2581 1609/2582 1577/2543
f 1599/2111 1631/2056 1630/2043 1598/2546
f 1576/2544 1608/2583 1607/2584 1575/2548
f 1587/2575 1619/2585 1618/2586 1586/2552
f 1597/2105 1629/2046 1628/2031 1596/2556
f 1574/2549 1606/2587 1605/2588 1573/2558
f 1585/2553 1617/2589 1616/2590 1584/2562
f 1594/2570 1626/2591 1625/2592 1593/2566
f 1572/2559 1604/2593 1603/2594 1571/2576
f 1583/2563 1615/2595 1614/2596 1582/2568
f 1595/2517 1627/2597 1634/2074 1602/2518
f 1592/2107 1624/2598 1623/2599 1591/2520
f 1581/2523 1613/2600 1612/2601 1580/2524
f 1571/2527 1603/2602 1633/2578 1601/2528
f 1590/2531 1622/2603 1621/2579 1589/2532
f 1579/2534 1611/2604 1610/2581 1578/2535
f 1600/2538 1632/2054 1631/2056 1599/2111
f 1588/2539 1620/2580 1619/2605 1587/2540
f 1577/2543 1609/2582 1608/2583 1576/2544
f 1598/2546 1630/2043 1629/2046 1597/2105
f 1575/2548 1607/2584 1606/2587 1574/2549
f 1586/2552 1618/2586 1617/2589 1585/2553
f 1596/2556 1628/2031 1627/2597 1595/2517
f 1573/2558 1605/2588 1604/2593 1572/2559
f 1584/2562 1616/2590 1615/2595 1583/2563
f 1593/2566 1625/2592 1624/2598 1592/2107
f 1582/2568 1614/2596 1613/2600 1581/2523
f 1602/2569 1634/2057 1626/2591 1594/2570
f 1591/2520 1623/2599 1622/2603 1590/2531
f 1580/2524 1612/2601 1611/2606 1579/2572
f 1634/2057 1666/2058 1658/2607 1626/2591
f 1623/2599 1655/2608 1654/2609 1622/2603
f 1612/2601 1644/2610 1643/2611 1611/2606
f 1633/2578 1665/2612 1664/2055 1632/2054
f 1621/2579 1653/2613 1652/2614 1620/2580
f 1610/2581 1642/2615 1641/2616 1609/2582
f 1631/2056 1663/1234 1662/2044 1630/2043
f 1608/2583 1640/2617 1639/2618 1607/2584
f 1619/2585 1651/2619 1650/2620 1618/2586
f 1629/2046 1661/2045 1660/2032 1628/2031
f 1606/2587 1638/2621 1637/2622 1605/2588
f 1617/2589 1649/2623 1648/2624 1616/2590
f 1626/2591 1658/2607 1657/1235 1625/2592
f 1604/2593 1636/2625 1635/2626 1603/2594
f 1615/2595 1647/2627 1646/2628 1614/2596
f 1627/2597 1659/2629 1666/2630 1634/2074
f 1624/2598 1656/2631 1655/2608 1623/2599
f 1613/2600 1645/2632 1644/2610 1612/2601
f 1603/2602 1635/2633 1665/2612 1633/2578
f 1622/2603 1654/2609 1653/2613 1621/2579
f 1611/2604 1643/2634 1642/2615 1610/2581
f 1632/2054 1664/2055 1663/1234 1631/2056
f 1620/2580 1652/2614 1651/2635 1619/2605
f 1609/2582 1641/2616 1640/2617 1608/2583
f 1630/2043 1662/2044 1661/2045 1629/2046
f 1607/2584 1639/2618 1638/2621 1606/2587
f 1618/2586 1650/2620 1649/2623 1617/2589
f 1628/2031 1660/2032 1659/2629 1627/2597
f 1605/2588 1637/2622 1636/2625 1604/2593
f 1616/2590 1648/2624 1647/2627 1615/2595
f 1625/2592 1657/1235 1656/2631 1624/2598
f 1614/2596 1646/2628 1645/2632 1613/2600
f 1657/1263 1684/1244 1683/1261 1656/1243
f 1646/2013 1675/1261 1674/1262 1645/1918
f 1655/1246 1682/1256 1681/1255 1654/2006
f 1642/1270 1673/1271 1672/1244 1641/1239
f 1663/1254 1689/1346 1688/1247 1662/1246
f 1640/1242 1671/1261 1670/1247 1639/1246
f 1661/1242 1687/1261 1686/1244 1660/1918
f 1638/1254 1669/1248 1668/1269 1637/1268
f 1649/1951 1678/1273 1677/1331 1648/1254
f 1658/1353 1685/1271 1684/1244 1657/1263
f 1647/2007 1676/1247 1675/1261 1646/2013
f 1656/1243 1683/1261 1682/1256 1655/1246
f 1654/2006 1681/1255 1680/1269 1653/1268
f 1664/1272 1690/2636 1689/1346 1663/1254
f 1641/1239 1672/1244 1671/1261 1640/1242
f 1662/1246 1688/1247 1687/1261 1661/1242
f 1639/1246 1670/1247 1669/1248 1638/1254
f 1650/1952 1679/1948 1678/1273 1649/1951
f 1648/1254 1677/1331 1676/1247 1647/2007
f 1677/1300 1699/1299 1698/1294 1676/1293
f 1675/1292 1697/1291 1696/1311 1674/1312
f 1684/1983 1705/1980 1704/2637 1683/2638
f 1682/2639 1703/2640 1702/2641 1681/2642
f 1671/1291 1694/1292 1693/1995 1670/1996
f 1689/1276 1709/1277 1708/1278 1688/1279
f 1669/2643 1692/2644 1691/1301 1668/1302
f 1678/1301 1700/1302 1699/1299 1677/1300
f 1687/1280 1707/1281 1706/1301 1686/1283
f 1676/1293 1698/1294 1697/1291 1675/1292
f 1683/2638 1704/2637 1703/2640 1682/2639
f 1681/2642 1702/2641 1701/2645 1680/2646
f 1672/1311 1695/1312 1694/1292 1671/1291
f 1690/1303 1710/1312 1709/1277 1689/1276
f 1670/1996 1693/1995 1692/2644 1669/2643
f 1688/1279 1708/1278 1707/1281 1687/1280
f 1690/1273 1712/1345 1714/2647 1710/1317
f 1701/1347 1713/1345 1711/2647 1680/2648
f 1705/2649 1684/1981 1711/1342 1713/2650
f 1686/1966 1706/1979 1714/1978 1712/1967
f 1710/1303 1714/2651 1709/2652
f 1709/2652 1714/2651 1708/2653
f 1708/2653 1714/2651 1707/2654
f 1707/2654 1714/2651 1706/2655
f 1702/2656 1713/1326 1701/1970
f 1703/1279 1713/1326 1702/2656
f 1704/1968 1713/1326 1703/1279
f 1705/1327 1713/1326 1704/1968
f 1678/2657 1716/2658 1718/2659 1700/2660
f 1691/2661 1717/1985 1715/2636 1668/2662
f 1715/1315 1672/1244 1673/1271 1722/1355
f 1695/2663 1672/1975 1715/2664 1717/2665
f 1694/1265 1717/1341 1693/1259
f 1693/1259 1717/1341 1692/1258
f 1692/1258 1717/1341 1691/1961
f 1674/1959 1696/1960 1718/2666 1716/2667
f 1698/1972 1718/1341 1697/1258
f 1699/1265 1718/1341 1698/1972
f 1700/1332 1718/1341 1699/1265
f 1643/1367 1673/1271 1642/1270
f 1645/1918 1674/1262 1673/1271 1644/1726
f 1668/1269 1715/1315 1722/1355 1667/1275
f 1686/1244 1712/1345 1721/1355 1685/1271
f 1712/1345 1690/2636 1667/2668 1721/1355
f 1637/1268 1668/1269 1667/1275 1636/1274
f 1635/2669 1667/2668 1665/2670
f 1652/1274 1679/1275 1651/1357
f 1720/1355 1679/1948 1724/1950 1726/1359
f 1651/1954 1679/1948 1650/1952
f 1653/1268 1680/1269 1679/1275 1652/1274
f 1679/1275 1719/1355 1725/1359 1724/1358
f 1680/1269 1711/1315 1719/1355 1679/1275
f 1716/1345 1678/1273 1679/1948 1720/1355
f 1860/2671 1731/2672 1855/2673 1858/2674
f 1636/1274 1667/1275 1635/1357
f 1644/1726 1673/1271 1643/1600
f 1818/2675 1829/2676 1847/2677 1846/2678
f 1866/2679 1839/2680 1872/2681 1874/2682
f 1843/2683 1840/2684 1738/2685 1805/2686
f 1835/2687 1834/2688 1822/2689 1821/2690
f 1711/1315 1684/1244 1685/1271 1719/1355
f 1758/2691 1757/2692 1797/2693 1798/2694
f 1756/2695 1759/2696 1799/2697 1796/2698
f 1762/2699 1761/2700 1757/2692 1758/2691
f 1760/2701 1763/2702 1759/2696 1756/2695
f 1867/2703 1864/2704 1870/2705 1875/2706
f 1773/2707 1755/2708 1753/2709 1769/2710
f 1775/2711 1772/2712 1768/2713 1771/2714
f 1744/2351 1742/2715 1747/1769 1751/2716
f 1660/1918 1686/1244 1685/1271 1659/1270
f 1773/2717 1769/2718 1759/2719 1763/2720
f 1768/2721 1772/2722 1760/2723 1756/2724
f 1774/2725 1762/2726 1758/2727 1770/2728
f 1767/2729 1774/2730 1770/2731 1765/2732
f 1789/2733 1785/2734 1781/2735 1780/2736
f 1769/2710 1753/2709 1788/2737 1786/2738
f 1771/2714 1768/2713 1785/2734 1789/2733
f 1789/2733 1797/2739 1757/2740 1771/2741
f 1746/2742 1749/2743 1774/2730 1767/2729
f 1751/2744 1747/2745 1772/2712 1775/2711
f 1753/2746 1752/2747 1791/2748 1788/2737
f 1860/2749 1867/2750 1868/2751 1731/2752
f 1780/2736 1792/2753 1797/2739 1789/2733
f 1761/2754 1734/2755 1751/2756 1775/2757
f 1783/2758 1787/2759 1798/2760 1794/2761
f 1787/2759 1770/2728 1758/2727 1798/2760
f 1738/2762 1734/2763 1761/2700 1762/2699
f 1785/2734 1768/2721 1756/2724 1796/2764
f 1795/2765 1799/2766 1786/2738 1784/2767
f 1799/2766 1759/2719 1769/2718 1786/2738
f 1841/2768 1842/2769 1804/2770 1739/2771
f 1826/2772 1868/2773 1876/2774 1871/2775
f 1735/2776 1746/2777 1767/2778 1766/2779
f 1845/2780 1844/2781 1846/2678 1847/2677
f 1802/2782 1801/2783 1807/1796 1808/2784
f 1829/2785 1818/1828 1803/1829 1735/2786
f 1739/2771 1817/2787 1836/2788 1824/2789
f 1750/2790 1736/2791 1754/2792 1755/2793
f 1764/2794 1765/2795 1779/2796 1778/2797
f 1805/2686 1738/2685 1814/2798 1811/2799
f 1840/2800 1861/2801 1865/2802 1738/2803
f 1739/2771 1804/2770 1810/2804 1817/2787
f 1809/2805 1811/2806 1814/2807 1813/2808
f 1800/1548 1736/2809 1812/1550 1806/1551
f 1810/2810 1806/2811 1812/2812 1817/2813
f 1808/2784 1807/1796 1815/2814 1816/2815
f 1840/2816 1843/2817 1859/2818 1861/2819
f 1864/2820 1826/2821 1871/2822 1870/2823
f 1764/2794 1766/2779 1767/2778 1765/2795
f 1730/2824 1731/2752 1868/2751 1826/2825
f 1754/2792 1752/2747 1753/2746 1755/2793
f 1832/2826 1833/2827 1830/2828 1828/2829
f 1827/2830 1819/2831 1802/2832 1734/2833
f 1848/2834 1849/2835 1851/2836 1850/2837
f 1813/2808 1814/2807 1833/2827 1832/2826
f 1816/2815 1815/2814 1834/2688 1835/2687
f 1818/2838 1843/2839 1805/2840 1803/2841
f 1817/2813 1812/2812 1831/2842 1836/2843
f 1779/2796 1787/2759 1783/2758 1777/2844
f 1735/2786 1828/2845 1740/2846 1746/2847
f 1801/2848 1737/2849 1815/2850 1807/2851
f 1730/2852 1862/2853 1857/2854 1854/2855
f 1819/2856 1825/2857 1801/2783 1802/2782
f 1844/2781 1853/2858 1859/2818 1846/2678
f 1852/2859 1854/2855 1857/2854 1856/2860
f 1855/2673 1848/2834 1850/2837 1858/2674
f 1803/2841 1805/2840 1811/2806 1809/2805
f 1825/2861 1819/2862 1856/2860 1857/2854
f 1734/2833 1816/2863 1835/2864 1821/2865
f 1842/2866 1841/2867 1860/2671 1858/2674
f 1730/2824 1826/2825 1864/2868 1862/2869
f 1838/2870 1825/2871 1857/2854 1862/2853
f 1804/2872 1800/2873 1806/2811 1810/2810
f 1732/2874 1729/2875 1852/2859 1856/2860
f 1822/2876 1737/2849 1747/2877 1742/2878
f 1748/2879 1750/2880 1755/2708 1773/2707
f 1740/2881 1745/2882 1749/2883 1746/2884
f 1757/2740 1761/2754 1775/2757 1771/2741
f 1743/2885 1741/2886 1750/2887 1748/2888
f 1734/2833 1821/2865 1744/2889 1751/2890
f 1739/2771 1824/2789 1743/2891 1748/1919
f 1748/2892 1773/2717 1763/2720 1739/2893
f 1819/2894 1827/2895 1732/2874 1856/2860
f 1842/2896 1820/2897 1800/2873 1804/2872
f 1837/2898 1820/2899 1850/2837 1851/2836
f 1791/2748 1790/2900 1782/2901 1788/2737
f 1765/2732 1770/2731 1787/2759 1779/2796
f 1659/1270 1685/1271 1666/1367
f 1838/2902 1862/2869 1864/2868 1737/2903
f 1666/1367 1685/1271 1658/1353
f 1737/2849 1801/2848 1825/2904 1838/2905
f 1815/2850 1737/2849 1822/2876 1834/2906
f 1737/2907 1739/2908 1763/2702 1760/2701
f 1843/2909 1818/2910 1846/2678 1859/2818
f 1874/2911 1872/2912 1869/2913 1873/2914
f 1772/2722 1747/2915 1737/2916 1760/2723
f 1863/2917 1865/2918 1873/2919 1869/2920
f 1865/2921 1866/2922 1874/2923 1873/2924
f 1781/2735 1785/2734 1796/2764 1793/2925
f 1739/2926 1867/2750 1860/2749 1841/2927
f 1868/2928 1867/2929 1875/2930 1876/2931
f 1821/2690 1822/2689 1742/2715 1744/2351
f 1735/2786 1803/1829 1809/2932 1813/2933
f 1733/2934 1866/2935 1865/2802 1861/2801
f 1836/2843 1831/2842 1823/2936 1824/2937
f 1798/2694 1797/2693 1792/2938 1794/2939
f 1864/2868 1867/2750 1739/2926 1737/2903
f 1796/2698 1799/2697 1795/2940 1793/2941
f 1733/2934 1729/2942 1839/2943 1866/2935
f 1828/2829 1830/2828 1745/2882 1740/2881
f 1695/1332 1717/1341 1694/1265
f 1830/2944 1738/2685 1749/2945 1745/2946
f 1749/2947 1738/2948 1762/2726 1774/2725
f 1814/2798 1738/2685 1830/2944 1833/2949
f 1738/2803 1865/2802 1863/2950 1734/2951
f 1820/2952 1842/2953 1858/2674 1850/2837
f 1786/2738 1788/2737 1782/2901 1784/2767
f 1824/2937 1823/2936 1741/2886 1743/2885
f 1820/1603 1837/2954 1736/2809 1800/1548
f 1735/2786 1813/2933 1832/2955 1828/2845
f 1734/2951 1863/2950 1732/2956 1827/2957
f 1776/2958 1778/2797 1779/2796 1777/2844
f 1697/1258 1718/1341 1696/1961
f 1733/2959 1861/2819 1859/2818 1853/2858
f 1871/2319 1876/2960 1875/2961 1870/1860
f 1823/2962 1736/2809 1750/2963 1741/2964
f 1812/1550 1736/2809 1823/2962 1831/2965
f 1734/2833 1802/2832 1808/2966 1816/2863
f 1839/2967 1863/2968 1869/2969 1872/2970
f 1839/2943 1729/2942 1732/2956 1863/2950
f 1665/2670 1667/2668 1690/2636 1664/1272
f 1721/1355 1667/2668 1723/2358 1727/1359
f 1667/1275 1722/1355 1728/1359 1723/1358
f 1674/1262 1716/1345 1720/1355 1673/1271
f 1889/2971 1898/2972 1896/960 1880/2973
f 1898/2972 1900/2974 1899/2975 1896/960
f 1903/2976 1904/2977 1911/2978 1910/2979
f 1912/2980 1903/2976 1910/2979 1909/2981
f 1902/2982 1912/2980 1909/2981 1908/2983
f 1901/2984 1902/2982 1908/2983 1907/2985
f 1915/2986 1901/2984 1907/2985 1906/2987
f 1904/2977 1905/2988 1913/2989 1911/2978
f 1905/2988 1916/2990 1914/2991 1913/2989
f 1891/978 1897/2992 1890/2993 1881/2994
f 1918/2995 1917/2996 1926/2166 1925/2997
f 1925/2997 1935/2998 1977/2999
f 1923/3000 1921/3001 1929/3002 1930/3003
f 1922/3004 1921/3001 1923/3000 1924/3005
f 1930/3003 1929/3002 1939/3006 1940/3007
f 1927/3008 1928/3009 1938/3010 1937/3011
f 1925/2997 1926/2166 1936/3012 1935/3013
f 1982/2255 1918/2180 1921/3014 1922/3015
f 1940/3007 1939/3006 1945/3016 1946/3017
f 1937/3011 1938/3010 1944/3018 1943/3019
f 1935/3013 1936/3012 1942/3020 1941/3021
f 1946/3017 1945/3016 1951/3022 1952/3023
f 1943/3019 1944/3018 1950/3024 1949/3025
f 1941/3021 1942/3020 1948/3026 1947/2438
f 1952/3023 1951/3022 1957/3027 1958/3028
f 1949/3025 1950/3024 1956/3029 1955/3030
f 1947/2438 1948/3026 1954/3031 1953/2444
f 1976/3032 1940/3033 1965/3034 1967/3035
f 1945/3036 1939/3037 1962/3038 1951/3039
f 1976/3040 1979/2501 1932/2502 1934/3041
f 1923/3000 1930/3003 1976/3032 1934/3042
f 1930/3003 1940/3033 1976/3032
f 1967/3043 1980/2503 1979/2501 1976/3040
f 1947/2199 1953/2200 1971/3044 1968/3045
f 1957/3046 1951/3039 1959/3047 1973/3048
f 1951/3039 1962/3038 1959/3047
f 1952/3049 1958/3050 1974/3051 1970/3052
f 1958/3028 1957/3027 1973/3053 1974/3054
f 1955/3030 1956/3029 1972/3055 1961/3056
f 1953/2444 1954/3031 1960/3057 1971/3058
f 1935/2998 1941/3059 1947/2199 1963/3060
f 1944/3061 1938/3062 1964/3063 1950/3064
f 1929/3002 1969/3065 1939/3037
f 1940/3033 1946/3066 1952/3049 1965/3034
f 1929/3002 1921/3001 1933/3067 1969/3065
f 1981/3068 1920/3069 1919/3070
f 1956/3071 1950/3064 1975/3072 1972/3073
f 1950/3064 1964/3063 1975/3072
f 1924/3074 1923/3075 1920/2430 1981/2429
f 1939/3037 1969/3065 1966/3076 1962/3038
f 1965/3034 1952/3049 1970/3052
f 1920/2430 1923/3075 1934/3041 1932/2502
f 1977/2184 1969/3077 1933/3078 1931/2183
f 1978/2176 1966/3079 1969/3077 1977/2184
f 1921/3014 1918/2180 1931/2183 1933/3078
f 1917/2996 1918/2995 1982/3080
f 1963/2173 1962/3081 1966/3079 1978/2176
f 1963/3060 1947/2199 1968/3045
f 1928/3009 1979/3082 1938/3062
f 1968/2172 1959/3083 1962/3081 1963/2173
f 1938/3062 1979/3082 1980/3084 1964/3063
f 1965/3085 1964/3086 1980/2503 1967/3043
f 1919/3070 1920/3069 1928/3009 1927/3008
f 1970/3087 1975/2507 1964/3086 1965/3085
f 1928/3009 1920/3069 1932/3088 1979/3082
f 1918/2995 1925/2997 1977/2999 1931/3089
f 1977/2999 1935/2998 1963/3060 1978/3090
f 2007/3091 2039/3092 2046/3093 2014/3094
f 2004/3095 2036/3096 2035/3097 2003/3098
f 1993/3099 2025/3100 2024/3101 1992/3102
f 1983/3103 2015/3104 2045/3105 2013/3106
f 2002/3107 2034/3108 2033/3109 2001/3110
f 1991/2541 2023/3111 2022/1118 1990/3112
f 2012/3113 2044/3114 2043/3115 2011/3116
f 2000/3117 2032/3118 2031/3119 1999/2150
f 1989/3120 2021/3121 2020/3122 1988/3123
f 2010/3124 2042/3125 2041/3126 2009/3127
f 1987/3128 2019/3129 2018/3130 1986/3131
f 1998/3132 2030/3133 2029/3134 1997/3135
f 2008/3136 2040/3137 2039/3092 2007/3091
f 1985/3138 2017/3139 2016/3140 1984/3141
f 1996/3142 2028/3143 2027/3144 1995/3145
f 2005/3146 2037/3147 2036/3096 2004/3095
f 1994/3148 2026/3149 2025/3100 1993/3099
f 2014/1099 2046/3150 2038/3151 2006/3152
f 2003/3098 2035/3097 2034/3108 2002/3107
f 1992/3102 2024/3101 2023/3153 1991/3154
f 2013/3106 2045/3105 2044/3114 2012/3113
f 2001/3110 2033/3109 2032/3118 2000/3117
f 1990/3112 2022/1118 2021/3121 1989/3120
f 2011/3116 2043/3115 2042/3125 2010/3124
f 1988/3123 2020/3122 2019/3129 1987/3128
f 1999/2541 2031/3155 2030/3133 1998/3132
f 2009/3127 2041/3126 2040/3137 2008/3136
f 1986/3131 2018/3130 2017/3139 1985/3138
f 1997/3135 2029/3134 2028/3143 1996/3142
f 2006/3152 2038/3151 2037/3147 2005/3146
f 1984/3141 2016/3140 2015/3156 1983/3157
f 1995/3145 2027/3144 2026/3149 1994/3148
f 2045/3105 2077/3158 2076/3159 2044/3114
f 2033/3109 2065/3160 2064/3161 2032/3118
f 2022/1118 2054/3162 2053/3163 2021/3121
f 2043/3115 2075/3164 2074/3165 2042/3125
f 2020/3122 2052/3166 2051/3167 2019/3129
f 2031/3155 2063/3168 2062/3169 2030/3133
f 2041/3126 2073/3170 2072/3171 2040/3137
f 2018/3130 2050/3172 2049/3173 2017/3139
f 2029/3134 2061/3174 2060/3175 2028/3143
f 2038/3151 2070/3176 2069/3177 2037/3147
f 2016/3140 2048/3178 2047/1188 2015/3156
f 2027/3144 2059/3179 2058/3180 2026/3149
f 2039/3092 2071/3181 2078/2079 2046/3093
f 2036/3096 2068/3182 2067/3183 2035/3097
f 2025/3100 2057/3184 2056/3185 2024/3101
f 2015/3104 2047/3186 2077/3158 2045/3105
f 2034/3108 2066/3187 2065/3160 2033/3109
f 2023/3111 2055/3188 2054/3162 2022/1118
f 2044/3114 2076/3159 2075/3164 2043/3115
f 2032/3118 2064/3161 2063/3189 2031/3119
f 2021/3121 2053/3163 2052/3166 2020/3122
f 2042/3125 2074/3165 2073/3170 2041/3126
f 2019/3129 2051/3167 2050/3172 2018/3130
f 2030/3133 2062/3169 2061/3174 2029/3134
f 2040/3137 2072/3171 2071/3181 2039/3092
f 2017/3139 2049/3173 2048/3178 2016/3140
f 2028/3143 2060/3175 2059/3179 2027/3144
f 2037/3147 2069/3177 2068/3182 2036/3096
f 2026/3149 2058/3180 2057/3184 2025/3100
f 2046/3150 2078/2635 2070/3176 2038/3151
f 2035/3097 2067/3183 2066/3187 2034/3108
f 2024/3101 2056/3185 2055/3190 2023/3153
f 2078/2635 2110/3191 2102/3192 2070/3176
f 2067/3183 2099/3193 2098/3194 2066/3187
f 2056/3185 2088/3195 2087/3196 2055/3190
f 2077/3158 2109/3197 2108/3198 2076/3159
f 2065/3160 2097/3199 2096/3200 2064/3161
f 2054/3162 2086/3201 2085/3202 2053/3163
f 2075/3164 2107/3203 2106/3204 2074/3165
f 2052/3166 2084/3205 2083/3206 2051/3167
f 2063/3168 2095/2072 2094/3207 2062/3169
f 2073/3170 2105/3208 2104/3209 2072/3171
f 2050/3172 2082/3210 2081/3211 2049/3173
f 2061/3174 2093/3212 2092/3213 2060/3175
f 2070/3176 2102/3192 2101/3214 2069/3177
f 2048/3178 2080/3215 2079/3216 2047/1188
f 2059/3179 2091/3217 2090/3218 2058/3180
f 2071/3181 2103/3219 2110/3220 2078/2079
f 2068/3182 2100/3221 2099/3193 2067/3183
f 2057/3184 2089/3222 2088/3195 2056/3185
f 2047/3186 2079/3223 2109/3197 2077/3158
f 2066/3187 2098/3194 2097/3199 2065/3160
f 2055/3188 2087/3224 2086/3201 2054/3162
f 2076/3159 2108/3198 2107/3203 2075/3164
f 2064/3161 2096/3200 2095/3225 2063/3189
f 2053/3163 2085/3202 2084/3205 2052/3166
f 2074/3165 2106/3204 2105/3208 2073/3170
f 2051/3167 2083/3206 2082/3210 2050/3172
f 2062/3169 2094/3207 2093/3212 2061/3174
f 2072/3171 2104/3209 2103/3219 2071/3181
f 2049/3173 2081/3211 2080/3215 2048/3178
f 2060/3175 2092/3213 2091/3217 2059/3179
f 2069/3177 2101/3214 2100/3221 2068/3182
f 2058/3180 2090/3218 2089/3222 2057/3184
f 2101/1263 2128/1244 2127/1261 2100/1243
f 2090/1242 2119/1241 2118/1240 2089/1239
f 2099/1246 2126/1256 2125/1255 2098/2006
f 2086/3226 2117/1251 2116/1961 2085/1253
f 2107/1249 2133/1255 2132/1247 2106/1246
f 2084/2013 2115/1258 2114/1259 2083/1260
f 2105/1243 2131/1241 2130/1244 2104/1239
f 2082/1264 2113/1331 2112/1332 2081/1951
f 2093/1272 2122/1269 2121/1248 2092/1249
f 2102/1353 2129/1271 2128/1244 2101/1263
f 2091/1246 2120/1247 2119/1241 2090/1242
f 2100/1243 2127/1261 2126/1256 2099/1246
f 2098/2006 2125/1255 2124/1273 2097/1268
f 2108/1268 2134/1269 2133/1255 2107/1249
f 2085/1253 2116/1961 2115/1258 2084/2013
f 2106/1246 2132/1247 2131/1241 2105/1243
f 2083/1260 2114/1259 2113/1331 2082/1264
f 2094/1274 2123/1275 2122/1269 2093/1272
f 2092/1249 2121/1248 2120/1247 2091/1246
f 2121/1295 2143/1296 2142/1297 2120/1298
f 2119/1989 2141/1990 2140/1307 2118/1308
f 2128/2002 2149/3227 2148/1299 2127/1300
f 2126/1995 2147/1996 2146/1992 2125/1991
f 2115/3228 2138/3229 2137/3230 2114/3231
f 2133/1276 2153/1277 2152/1987 2132/1986
f 2113/2643 2136/2644 2135/1998 2112/1302
f 2122/1313 2144/1314 2143/1296 2121/1295
f 2131/1280 2151/1281 2150/1282 2130/1283
f 2120/1298 2142/1297 2141/1990 2119/1989
f 2127/1300 2148/1299 2147/1996 2126/1995
f 2125/1991 2146/1992 2145/3232 2124/1994
f 2116/1311 2139/1312 2138/3229 2115/3228
f 2134/1303 2154/1304 2153/1277 2133/1276
f 2114/3231 2137/3230 2136/2644 2113/2643
f 2132/1986 2152/1987 2151/1281 2131/1280
f 2134/1970 2156/1967 2158/2657 2154/2658
f 2145/1980 2157/3233 2155/3234 2124/1337
f 2149/1252 2128/1322 2155/1323 2157/1324
f 2130/2664 2150/3235 2158/1974 2156/1975
f 2154/1961 2158/1341 2153/1258
f 2153/1258 2158/1341 2152/1972
f 2152/1972 2158/1341 2151/3236
f 2151/3236 2158/1341 2150/1332
f 2146/1331 2157/1324 2145/1266
f 2147/1259 2157/1324 2146/1331
f 2148/1258 2157/1324 2147/1259
f 2149/1252 2157/1324 2148/1258
f 2122/1982 2160/3237 2162/1347 2144/1326
f 2135/3238 2161/3239 2159/3240 2112/1960
f 2159/1341 2116/1961 2117/1251 2166/1339
f 2139/3241 2116/1336 2159/1963 2161/3242
f 2138/3243 2161/3244 2137/3245
f 2137/3245 2161/3244 2136/3246
f 2136/3246 2161/3244 2135/3247
f 2118/1262 2140/3248 2162/3249 2160/1345
f 2142/1279 2162/1967 2141/3250
f 2143/1968 2162/1967 2142/1279
f 2144/1966 2162/1967 2143/1968
f 2087/3251 2117/1251 2086/3226
f 2089/1239 2118/1240 2117/1271 2088/1270
f 2112/1332 2159/1341 2166/1339 2111/3252
f 2130/1244 2156/1315 2165/1355 2129/1271
f 2156/1315 2134/1269 2111/1275 2165/1355
f 2081/1951 2112/1332 2111/3252 2080/1356
f 2079/1357 2111/1275 2109/1274
f 2096/1274 2123/1275 2095/1357
f 2164/1355 2123/1275 2168/1361 2170/1360
f 2095/1357 2123/1275 2094/1274
f 2097/1268 2124/1273 2123/1275 2096/1274
f 2123/1275 2163/1355 2169/1359 2168/1358
f 2124/1273 2155/1315 2163/1355 2123/1275
f 2160/1315 2122/1269 2123/1275 2164/1355
f 2304/3253 2175/3254 2299/3255 2302/3256
f 2080/1356 2111/3252 2079/3257
f 2088/1270 2117/1271 2087/1367
f 2262/3258 2273/3259 2291/3260 2290/3261
f 2310/3262 2283/3263 2316/3264 2318/3265
f 2287/3266 2284/3267 2182/3268 2249/3269
f 2279/3270 2278/1825 2266/1830 2265/3271
f 2155/1315 2128/1244 2129/1271 2163/1355
f 2202/3272 2201/3273 2241/3274 2242/3275
f 2200/3276 2203/3277 2243/3278 2240/3279
f 2206/3280 2205/3281 2201/3273 2202/3272
f 2204/3282 2207/3283 2203/3277 2200/3276
f 2311/3284 2308/3285 2314/3286 2319/3287
f 2217/3288 2199/3289 2197/3290 2213/3291
f 2219/3292 2216/2711 2212/2714 2215/3293
f 2188/3294 2186/1768 2191/1754 2195/3295
f 2104/1239 2130/1244 2129/1271 2103/1270
f 2217/3296 2213/3297 2203/3298 2207/3299
f 2212/3300 2216/3301 2204/3302 2200/3303
f 2218/3304 2206/1421 2202/1422 2214/1423
f 2211/3305 2218/3306 2214/1426 2209/1427
f 2233/3307 2229/3308 2225/3309 2224/2735
f 2213/3291 2197/3290 2232/3310 2230/3311
f 2215/3293 2212/2714 2229/3308 2233/3307
f 2233/3307 2241/3312 2201/3313 2215/3314
f 2190/3315 2193/3316 2218/3306 2211/3305
f 2195/3317 2191/3318 2216/2711 2219/3292
f 2197/3319 2196/3320 2235/3321 2232/3310
f 2304/3322 2311/2961 2312/2960 2175/3323
f 2224/2735 2236/2925 2241/3312 2233/3307
f 2205/3324 2178/3325 2195/3326 2219/3327
f 2227/1453 2231/1429 2242/1459 2238/1456
f 2231/1429 2214/1423 2202/1422 2242/1459
f 2182/3328 2178/3329 2205/3281 2206/3280
f 2229/3308 2212/3300 2200/3303 2240/3330
f 2239/3331 2243/3332 2230/3311 2228/3333
f 2243/3332 2203/3298 2213/3297 2230/3311
f 2285/3334 2286/3335 2248/3336 2183/3337
f 2270/3338 2312/3339 2320/3340 2315/3341
f 2179/3342 2190/3343 2211/3344 2210/3345
f 2289/3346 2288/3347 2290/3261 2291/3260
f 2246/3348 2245/1795 2251/3349 2252/3350
f 2273/3351 2262/1881 2247/1855 2179/3352
f 2183/3337 2261/3353 2280/3354 2268/3355
f 2194/3356 2180/3357 2198/3358 2199/3359
f 2208/1492 2209/1493 2223/3360 2222/3361
f 2249/3269 2182/3268 2258/1509 2255/3362
f 2284/1601 2305/1568 2309/1567 2182/3363
f 2183/3337 2248/3336 2254/3364 2261/3353
f 2253/3365 2255/3366 2258/3367 2257/3368
f 2244/3369 2180/3370 2256/1496 2250/1497
f 2254/3371 2250/3372 2256/3373 2261/3374
f 2252/3350 2251/3349 2259/1824 2260/3375
f 2284/3376 2287/3377 2303/3378 2305/3379
f 2308/3380 2270/3381 2315/3382 2314/3383
f 2208/1492 2210/3345 2211/3344 2209/1493
f 2174/1525 2175/3323 2312/2960 2270/3384
f 2198/3358 2196/3320 2197/3319 2199/3359
f 2276/3385 2277/3386 2274/3387 2272/3388
f 2271/3389 2263/3390 2246/3391 2178/3392
f 2292/3393 2293/3394 2295/3395 2294/3396
f 2257/3368 2258/3367 2277/3386 2276/3385
f 2260/3375 2259/1824 2278/1825 2279/3270
f 2262/3397 2287/3398 2249/3399 2247/3400
f 2261/3374 2256/3373 2275/3401 2280/3402
f 2223/3360 2231/1429 2227/1453 2221/1544
f 2179/3352 2272/1752 2184/3403 2190/3404
f 2245/3405 2181/3406 2259/3407 2251/3408
f 2174/3409 2306/3410 2301/3411 2298/3412
f 2263/3413 2269/1818 2245/1795 2246/3348
f 2288/3347 2297/3414 2303/3378 2290/3261
f 2296/3415 2298/3412 2301/3411 2300/3416
f 2299/3255 2292/3393 2294/3396 2302/3256
f 2247/3400 2249/3399 2255/3366 2253/3365
f 2269/3417 2263/3418 2300/3416 2301/3411
f 2178/3392 2260/1857 2279/3419 2265/3420
f 2286/3421 2285/3422 2304/3253 2302/3256
f 2174/1525 2270/3384 2308/3423 2306/3424
f 2282/3425 2269/3426 2301/3411 2306/3410
f 2248/3427 2244/3428 2250/3372 2254/3371
f 2176/3429 2173/3430 2296/3415 2300/3416
f 2266/3431 2181/3406 2191/3432 2186/3433
f 2192/3434 2194/3435 2199/3289 2217/3288
f 2184/3436 2189/3437 2193/3438 2190/3439
f 2201/3313 2205/3324 2219/3327 2215/3314
f 2187/3440 2185/3441 2194/3442 2192/3443
f 2178/3392 2265/3420 2188/3444 2195/3445
f 2183/3337 2268/3355 2187/3446 2192/3447
f 2192/3448 2217/3296 2207/3299 2183/3449
f 2263/3450 2271/3451 2176/3429 2300/3416
f 2286/3452 2264/3453 2244/3428 2248/3427
f 2281/3454 2264/3455 2294/3396 2295/3395
f 2235/3321 2234/3456 2226/3457 2232/3310
f 2209/1427 2214/1426 2231/1429 2223/3360
f 2103/1270 2129/1271 2110/1367
f 2282/3458 2306/3424 2308/3423 2181/3363
f 2110/1367 2129/1271 2102/1353
f 2181/3406 2245/3405 2269/3459 2282/3460
f 2259/3407 2181/3406 2266/3431 2278/3461
f 2181/3462 2183/3463 2207/3283 2204/3282
f 2287/3464 2262/3465 2290/3261 2303/3378
f 2318/2319 2316/2960 2313/2961 2317/1860
f 2216/3301 2191/3466 2181/3467 2204/3302
f 2307/3468 2309/3469 2317/3470 2313/3471
f 2309/3472 2310/3473 2318/3474 2317/3475
f 2225/3309 2229/3308 2240/3330 2237/3476
f 2183/3477 2311/2961 2304/3322 2285/3478
f 2312/3479 2311/3480 2319/3481 2320/3482
f 2265/3271 2266/1830 2186/1768 2188/3294
f 2179/3352 2247/1855 2253/1856 2257/1857
f 2177/1525 2310/1526 2309/1567 2305/1568
f 2280/3402 2275/3401 2267/3483 2268/3484
f 2242/3275 2241/3274 2236/3485 2238/3486
f 2308/3423 2311/2961 2183/3477 2181/3363
f 2240/3279 2243/3278 2239/3487 2237/3488
f 2177/1525 2173/1447 2283/1446 2310/1526
f 2272/3388 2274/3387 2189/3437 2184/3436
f 2139/2666 2161/3244 2138/3243
f 2274/3489 2182/3268 2193/3490 2189/3491
f 2193/1614 2182/1615 2206/1421 2218/3304
f 2258/1509 2182/3268 2274/3489 2277/3492
f 2182/3363 2309/1567 2307/1445 2178/3477
f 2264/3493 2286/3494 2302/3256 2294/3396
f 2230/3311 2232/3310 2226/3457 2228/3333
f 2268/3484 2267/3483 2185/3441 2187/3440
f 2264/3495 2281/3496 2180/3370 2244/3369
f 2179/3352 2257/1857 2276/1869 2272/1752
f 2178/3477 2307/1445 2176/1444 2271/1626
f 2220/1658 2222/3361 2223/3360 2221/1544
f 2141/3250 2162/1967 2140/1970
f 2177/3497 2305/3379 2303/3378 2297/3414
f 2315/3498 2320/1837 2319/1685 2314/3499
f 2267/3500 2180/3370 2194/3501 2185/3502
f 2256/1496 2180/3370 2267/3500 2275/3503
f 2178/3392 2246/3391 2252/3504 2260/1857
f 2283/3505 2307/3506 2313/3507 2316/3508
f 2283/1446 2173/1447 2176/1444 2307/1445
f 2109/1274 2111/1275 2134/1269 2108/1268
f 2165/1355 2111/1275 2167/1358 2171/1359
f 2111/3252 2166/1339 2172/1949 2167/3509
f 2118/1240 2160/1315 2164/1355 2117/1271
f 2419/3510 2418/3511 2343/3512 2344/3513
f 2341/3514 2342/3515 2348/3516 2347/3517
f 2351/3518 2350/3519 2358/3520 2359/3521
f 2340/3522 2344/3523 2352/3524 2346/3518
f 2350/3519 2351/3518 2343/3525 2338/3526
f 2347/3524 2349/3518 2337/3522 2341/3523
f 2345/3519 2348/3527 2342/3528 2339/3529
f 2326/3530 2322/3531 2335/3532 2334/3533
f 2352/3534 2351/3535 2359/3536 2360/3537
f 2337/3538 2338/3539 2389/3540 2424/3511
f 2336/3541 2335/3542 2322/3543 2321/3544
f 2422/3545 2419/3546 2344/3523 2340/3522
f 2423/3547 2421/3548 2339/3529 2342/3528
f 2347/3517 2348/3516 2355/3549 2356/3550
f 2339/3551 2340/3552 2346/3553 2345/3554
f 2348/3527 2345/3519 2353/3520 2355/3555
f 2349/3518 2347/3524 2356/3556 2357/3521
f 2325/3557 2326/3558 2334/3559 2333/3560
f 2345/3554 2346/3553 2354/3561 2353/3562
f 2350/3534 2349/3535 2357/3563 2358/3537
f 2485/3564 2477/3565 2495/3566 2496/3567
f 2445/3568 2491/3569 2492/3570 2453/3571
f 2465/3572 2494/3573 2493/3574 2457/3575
f 2433/3576 2490/3577 2489/3578 2425/3575
f 2477/3579 2425/3580 2489/3581 2495/3582
f 2457/3583 2493/3584 2490/3585 2433/3579
f 2453/3586 2492/3581 2494/3587 2465/3579
f 2445/3588 2485/3589 2496/3590 2491/3591
f 2496/3567 2495/3566 2497/3592 2498/3593
f 2489/3578 2490/3577 2500/3594 2499/3595
f 2492/3570 2491/3569 2501/3596 2502/3597
f 2493/3574 2494/3573 2504/3598 2503/3599
f 2498/3600 2501/3601 2491/3591 2496/3590
f 2502/3602 2504/3603 2494/3587 2492/3581
f 2490/3585 2493/3584 2503/3600 2500/3601
f 2495/3582 2489/3581 2499/3604 2497/3603
f 2497/3603 2499/3604 2507/3605 2505/3606
f 2500/3601 2503/3600 2511/3607 2508/3608
f 2504/3603 2502/3602 2510/3609 2512/3606
f 2501/3601 2498/3600 2506/3607 2509/3608
f 2503/3599 2504/3598 2512/3610 2511/3611
f 2502/3597 2501/3596 2509/3612 2510/3613
f 2499/3595 2500/3594 2508/3614 2507/3615
f 2498/3593 2497/3592 2505/3616 2506/3617
f 2574/3618 2571/3619 2572/3620 2559/3621
f 2597/3622 2589/3623 2570/3624 2551/3625
f 2536/3626 2597/3627 2551/3628 2582/3629
f 2559/3627 2572/3630 2583/3631 2521/3632
f 2544/3633 2573/3634 2571/3635 2574/3636
f 2536/3637 2582/3638 2573/3639 2544/3640
f 2589/3641 2513/3642 2584/3643 2570/3644
f 2521/3645 2583/3646 2584/3647 2513/3648
f 2551/3625 2570/3624 2549/3649 2550/3650
f 2583/3646 2548/3651 2547/3652 2584/3647
f 2571/3619 2546/3653 2545/3652 2572/3620
f 2582/3638 2568/3654 2569/3655 2573/3639
f 2551/3628 2550/3656 2568/3657 2582/3629
f 2546/3658 2571/3635 2573/3634 2569/3659
f 2548/3660 2583/3631 2572/3630 2545/3661
f 2549/3662 2570/3644 2584/3643 2547/3663
f 2547/3663 2557/3664 2555/3665 2549/3662
f 2545/3661 2567/3666 2556/3667 2548/3660
f 2569/3659 2529/3668 2558/3669 2546/3658
f 2550/3656 2531/3670 2530/3671 2568/3657
f 2568/3654 2530/3672 2529/3673 2569/3655
f 2546/3653 2558/3674 2567/3675 2545/3652
f 2548/3651 2556/3674 2557/3675 2547/3652
f 2550/3650 2549/3649 2555/3676 2531/3677
f 2531/3677 2555/3676 2602/3678 2601/3679
f 2529/3673 2530/3672 2604/3680 2603/3681
f 2557/3675 2556/3674 2605/3682 2606/3683
f 2567/3675 2558/3674 2607/3682 2608/3684
f 2556/3667 2567/3666 2608/3685 2605/3686
f 2555/3665 2557/3664 2606/3687 2602/3688
f 2601/3689 2604/3690 2530/3671 2531/3670
f 2603/3691 2607/3692 2558/3669 2529/3668
f 2607/3692 2603/3691 2611/3693 2615/3694
f 2604/3690 2601/3689 2609/3695 2612/3696
f 2602/3688 2606/3687 2614/3697 2610/3694
f 2605/3686 2608/3685 2616/3698 2613/3699
f 2608/3684 2607/3682 2615/3700 2616/3701
f 2606/3683 2605/3682 2613/3700 2614/3702
f 2603/3681 2604/3680 2612/3703 2611/3704
f 2601/3679 2602/3678 2610/3705 2609/3706
f 2611/3704 2612/3703 2618/3707 2617/3708
f 2616/3701 2615/3700 2619/3709 2620/3710
f 2614/3702 2613/3700 2621/3711 2622/3710
f 2609/3706 2610/3705 2624/3712 2623/3713
f 2622/3714 2624/3715 2610/3694 2614/3697
f 2612/3696 2609/3695 2623/3716 2618/3717
f 2617/3718 2619/3719 2615/3694 2611/3693
f 2620/3720 2621/3721 2613/3699 2616/3698
f 2621/3721 2620/3720 2628/3722 2629/3723
f 2619/3719 2617/3718 2625/3724 2627/3725
f 2618/3717 2623/3716 2631/3726 2626/3727
f 2624/3715 2622/3714 2630/3728 2632/3729
f 2623/3713 2624/3712 2632/3730 2631/3731
f 2622/3710 2621/3711 2629/3732 2630/3733
f 2620/3710 2619/3709 2627/3734 2628/3733
f 2617/3708 2618/3707 2626/3735 2625/3736
f 2631/3731 2632/3730 2634/3737 2633/3738
f 2630/3733 2629/3732 2635/3739 2636/3740
f 2628/3733 2627/3734 2637/3741 2638/3742
f 2625/3736 2626/3735 2640/3743 2639/3744
f 2627/3725 2625/3724 2639/3745 2637/3746
f 2633/3747 2640/3748 2626/3727 2631/3726
f 2632/3729 2630/3728 2636/3749 2634/3750
f 2629/3723 2628/3722 2638/3751 2635/3752
f 2635/3752 2638/3751 2646/3753 2643/3754
f 2634/3750 2636/3749 2644/3755 2642/3756
f 2640/3748 2633/3747 2641/3757 2648/3758
f 2637/3746 2639/3745 2647/3759 2645/3760
f 2639/3744 2640/3743 2648/3761 2647/3762
f 2638/3742 2637/3741 2645/3763 2646/3764
f 2636/3740 2635/3739 2643/3765 2644/3766
f 2633/3738 2634/3737 2642/3767 2641/3768
f 2327/3769 2325/3531 2333/3770 2332/3771
f 2346/3518 2352/3524 2360/3556 2354/3521
f 2328/3772 2323/3773 2331/3774 2329/3775
f 2344/3513 2343/3512 2351/3535 2352/3534
f 2338/3539 2337/3538 2349/3535 2350/3534
f 2330/3776 2336/3771 2321/3530 2324/3531
f 2323/3777 2327/3778 2332/3779 2331/3780
f 2342/3515 2341/3514 2420/3781 2423/3782
f 2329/3779 2330/3783 2324/3784 2328/3778
f 2421/3785 2422/3786 2340/3552 2339/3551
f 2418/3545 2389/3787 2338/3526 2343/3525
f 2424/3545 2420/3546 2341/3523 2337/3522
s 1
f 549/3788 558/3789 559/958 550/961
f 547/3790 552/3791 553/3792 548/3793
f 561/978 551/981 552/3791 547/3790
f 565/3794 557/3795 558/3789 549/3788
f 564/3796 556/3797 557/3795 565/3794
f 563/3798 555/965 556/3797 564/3796
f 562/3799 554/3800 555/965 563/3798
f 548/3793 553/3792 554/3800 562/3799
f 1366/3801 1361/3802 1360/3803 1352/3804
f 1352/3804 1360/3803 1359/3805 1351/3806
f 1351/3806 1359/3805 1358/3807 1350/3808
f 1350/3808 1358/3807 1357/3809 1349/3810
f 1349/3810 1357/3809 1356/3811 1365/3812
f 1353/2259 1363/2262 1362/3813 1367/3814
f 1367/3814 1362/3813 1361/3802 1366/3801
f 1365/3812 1356/3811 1355/2314 1364/2317
f 1435/3815 1444/3816 1445/2383 1436/2386
f 1433/3817 1438/3818 1439/3819 1434/3820
f 1447/2405 1437/2408 1438/3818 1433/3817
f 1451/3821 1443/3822 1444/3816 1435/3815
f 1450/3823 1442/3824 1443/3822 1451/3821
f 1449/3825 1441/3826 1442/3824 1450/3823
f 1448/3827 1440/3828 1441/3826 1449/3825
f 1434/3820 1439/3819 1440/3828 1448/3827
f 1879/3829 1888/3830 1889/2971 1880/2973
f 1877/3831 1882/3832 1883/3833 1878/3834
f 1891/978 1881/2994 1882/3832 1877/3831
f 1895/3835 1887/3836 1888/3830 1879/3829
f 1894/3837 1886/3838 1887/3836 1895/3835
f 1893/3839 1885/3840 1886/3838 1894/3837
f 1892/3841 1884/3842 1885/3840 1893/3839
f 1878/3834 1883/3833 1884/3842 1892/3841
f 2478/3843 2486/3844 2353/3562 2354/3561
f 2367/3845 2321/3544 2322/3543 2374/3846
f 2365/3847 2410/3848 2409/3849 2366/3850
f 2364/3851 2404/3852 2410/3848 2365/3847
f 2363/3853 2405/3854 2404/3852 2364/3851
f 2362/3855 2406/3856 2405/3854 2363/3853
f 2361/3857 2407/3858 2406/3856 2362/3855
f 2366/3850 2409/3849 2408/3859 2367/3860
f 2379/3861 2415/3862 2416/3863 2380/3864
f 2380/3864 2416/3863 2417/3865 2381/3866
f 2381/3866 2417/3865 2411/3867 2375/3868
f 2375/3868 2411/3867 2412/3869 2376/3870
f 2376/3870 2412/3869 2413/3871 2377/3872
f 2377/3872 2413/3871 2414/3873 2378/3874
f 2368/3858 2369/3856 2391/3855 2390/3875
f 2369/3856 2370/3876 2392/3877 2391/3855
f 2370/3876 2371/3852 2393/3878 2392/3877
f 2371/3852 2372/3848 2394/3879 2393/3878
f 2372/3848 2373/3849 2395/3880 2394/3879
f 2373/3849 2374/3859 2396/3881 2395/3880
f 2386/3882 2387/3883 2402/3849 2403/3859
f 2387/3883 2388/3847 2401/3848 2402/3849
f 2388/3847 2382/3884 2400/3852 2401/3848
f 2382/3884 2383/3853 2399/3854 2400/3852
f 2383/3853 2384/3885 2398/3856 2399/3854
f 2384/3885 2385/3857 2397/3858 2398/3856
f 2379/3886 2380/3887 2387/3888 2386/3889
f 2390/3890 2391/3891 2398/3892 2397/3893
f 2391/3891 2392/3894 2399/3895 2398/3892
f 2392/3894 2393/3896 2400/3897 2399/3895
f 2408/3898 2415/3889 2328/3778 2324/3784
f 2364/3896 2365/3899 2372/3900 2371/3901
f 2365/3899 2366/3902 2373/3903 2372/3900
f 2366/3902 2367/3845 2374/3846 2373/3903
f 2381/3904 2375/3905 2382/3906 2388/3907
f 2377/3908 2378/3909 2385/3910 2384/3911
f 2422/3786 2421/3785 2414/3912 2407/3913
f 2407/3913 2414/3912 2413/3914 2406/3915
f 2404/3916 2411/3917 2417/3918 2410/3919
f 2410/3919 2417/3918 2416/3920 2409/3921
f 2409/3921 2416/3920 2415/3889 2408/3898
f 2440/3922 2359/3521 2358/3520 2464/3923
f 2419/3510 2361/3924 2368/3925 2418/3511
f 2361/3924 2362/3891 2369/3926 2368/3925
f 2367/3860 2408/3859 2324/3531 2321/3530
f 2405/3927 2412/3928 2411/3917 2404/3916
f 2406/3915 2413/3914 2412/3928 2405/3927
f 2396/3929 2326/3558 2325/3557 2403/3930
f 2363/3931 2364/3896 2371/3901 2370/3932
f 2418/3545 2368/3858 2390/3875 2389/3787
f 2378/3909 2423/3782 2420/3781 2385/3910
f 2393/3896 2394/3899 2401/3933 2400/3897
f 2394/3899 2395/3934 2402/3903 2401/3933
f 2389/3540 2390/3890 2397/3893 2424/3511
f 2419/3546 2422/3545 2407/3858 2361/3857
f 2362/3891 2363/3931 2370/3932 2369/3926
f 2395/3934 2396/3929 2403/3930 2402/3903
f 2374/3859 2322/3531 2326/3530 2396/3881
f 2385/3857 2420/3546 2424/3545 2397/3858
f 2432/3935 2360/3537 2359/3536 2440/3936
f 2446/3937 2486/3938 2487/3939 2447/3940
f 2447/3940 2487/3939 2488/3941 2448/3942
f 2448/3942 2488/3941 2481/3943 2441/3944
f 2441/3944 2481/3943 2482/3945 2442/3946
f 2442/3946 2482/3945 2483/3947 2443/3948
f 2443/3948 2483/3947 2484/3949 2444/3950
f 2444/3950 2484/3949 2485/3589 2445/3588
f 2454/3951 2455/3952 2471/3953 2472/3954
f 2455/3952 2456/3955 2470/3956 2471/3953
f 2456/3955 2449/3957 2469/3958 2470/3956
f 2449/3957 2450/3959 2468/3960 2469/3958
f 2450/3959 2451/3961 2467/3962 2468/3960
f 2451/3961 2452/3963 2466/3964 2467/3962
f 2452/3963 2453/3586 2465/3579 2466/3964
f 2433/3579 2434/3965 2458/3966 2457/3583
f 2434/3965 2435/3967 2459/3968 2458/3966
f 2435/3967 2436/3969 2460/3959 2459/3968
f 2436/3969 2437/3970 2461/3971 2460/3959
f 2437/3970 2438/3972 2462/3973 2461/3971
f 2438/3972 2439/3974 2463/3975 2462/3973
f 2439/3974 2440/3922 2464/3923 2463/3975
f 2425/3580 2477/3579 2476/3964 2426/3976
f 2426/3976 2476/3964 2475/3962 2427/3961
f 2427/3961 2475/3962 2474/3960 2428/3977
f 2428/3977 2474/3960 2473/3958 2429/3978
f 2429/3978 2473/3958 2480/3956 2430/3955
f 2430/3955 2480/3956 2479/3953 2431/3979
f 2431/3979 2479/3953 2478/3954 2432/3980
f 2425/3575 2426/3981 2434/3982 2433/3576
f 2426/3981 2427/3983 2435/3984 2434/3982
f 2427/3983 2428/3985 2436/3986 2435/3984
f 2428/3985 2429/3987 2437/3988 2436/3986
f 2429/3987 2430/3989 2438/3990 2437/3988
f 2430/3989 2431/3991 2439/3992 2438/3990
f 2431/3991 2432/3935 2440/3936 2439/3992
f 2457/3575 2458/3993 2466/3994 2465/3572
f 2458/3993 2459/3983 2467/3995 2466/3994
f 2459/3983 2460/3985 2468/3986 2467/3995
f 2460/3985 2461/3987 2469/3996 2468/3986
f 2461/3987 2462/3997 2470/3998 2469/3996
f 2462/3997 2463/3991 2471/3992 2470/3998
f 2463/3991 2464/3935 2472/3936 2471/3992
f 2356/3556 2454/3951 2472/3954 2357/3521
f 2446/3999 2447/4000 2455/4001 2454/4002
f 2447/4000 2448/4003 2456/4004 2455/4001
f 2448/4003 2441/4005 2449/4006 2456/4004
f 2441/4005 2442/4007 2450/4008 2449/4006
f 2442/4007 2443/4009 2451/4010 2450/4008
f 2443/4009 2444/4011 2452/4012 2451/4010
f 2444/4011 2445/3568 2453/3571 2452/4012
f 2477/3565 2485/3564 2484/4013 2476/4014
f 2476/4014 2484/4013 2483/4015 2475/4016
f 2475/4016 2483/4015 2482/4017 2474/4018
f 2474/4018 2482/4017 2481/4019 2473/4020
f 2473/4020 2481/4019 2488/4021 2480/4022
f 2480/4022 2488/4021 2487/4023 2479/4024
f 2479/4024 2487/4023 2486/3844 2478/3843
f 2509/3608 2506/3607 2598/4025 2537/4026
f 2537/4026 2598/4025 2599/4027 2538/4028
f 2538/4028 2599/4027 2600/4029 2539/4030
f 2539/4030 2600/4029 2593/4031 2532/4032
f 2532/4032 2593/4031 2594/4033 2533/4034
f 2533/4034 2594/4033 2595/4035 2534/4036
f 2534/4036 2595/4035 2596/4037 2535/4038
f 2535/4038 2596/4037 2597/3627 2536/3626
f 2510/3609 2552/4039 2581/4040 2512/3606
f 2552/4039 2553/4041 2580/4042 2581/4040
f 2553/4041 2554/4043 2579/4044 2580/4042
f 2554/4043 2540/4045 2578/4046 2579/4044
f 2540/4045 2541/4047 2577/4048 2578/4046
f 2541/4047 2542/4049 2576/4050 2577/4048
f 2542/4049 2543/4051 2575/4052 2576/4050
f 2543/4051 2544/3633 2574/3636 2575/4052
f 2521/3632 2522/4053 2560/4054 2559/3627
f 2522/4053 2523/4055 2561/4056 2560/4054
f 2523/4055 2524/4057 2562/4058 2561/4056
f 2524/4057 2525/4059 2563/4031 2562/4058
f 2525/4059 2526/4060 2564/4061 2563/4031
f 2526/4060 2527/4062 2565/4063 2564/4061
f 2527/4062 2528/4026 2566/4064 2565/4063
f 2528/4026 2508/3608 2511/3607 2566/4064
f 2513/3642 2589/3641 2588/4065 2514/4066
f 2514/4066 2588/4065 2587/4067 2515/4068
f 2515/4068 2587/4067 2586/4069 2516/4070
f 2516/4070 2586/4069 2585/4046 2517/4071
f 2517/4071 2585/4046 2592/4072 2518/4073
f 2518/4073 2592/4072 2591/4074 2519/4075
f 2519/4075 2591/4074 2590/4076 2520/4077
f 2520/4077 2590/4076 2505/3606 2507/3605
f 2589/3623 2597/3622 2596/4078 2588/4079
f 2588/4079 2596/4078 2595/4080 2587/4081
f 2587/4081 2595/4080 2594/4082 2586/4083
f 2586/4083 2594/4082 2593/4084 2585/4085
f 2585/4085 2593/4084 2600/4086 2592/4087
f 2592/4087 2600/4086 2599/4088 2591/4089
f 2591/4089 2599/4088 2598/4090 2590/4091
f 2590/4091 2598/4090 2506/3617 2505/3616
f 2513/3648 2514/4092 2522/4093 2521/3645
f 2514/4092 2515/4094 2523/4095 2522/4093
f 2515/4094 2516/4096 2524/4097 2523/4095
f 2516/4096 2517/4098 2525/4099 2524/4097
f 2517/4098 2518/4100 2526/4101 2525/4099
f 2518/4100 2519/4102 2527/4103 2526/4101
f 2519/4102 2520/4104 2528/4105 2527/4103
f 2520/4104 2507/3615 2508/3614 2528/4105
f 2559/3621 2560/4106 2575/4107 2574/3618
f 2560/4106 2561/4108 2576/4109 2575/4107
f 2561/4108 2562/4110 2577/4111 2576/4109
f 2562/4110 2563/4112 2578/4113 2577/4111
f 2563/4112 2564/4114 2579/4101 2578/4113
f 2564/4114 2565/4115 2580/4116 2579/4101
f 2565/4115 2566/4117 2581/4118 2580/4116
f 2566/4117 2511/3611 2512/3610 2581/4118
f 2509/3612 2537/4119 2552/4120 2510/3613
f 2537/4119 2538/4121 2553/4122 2552/4120
f 2538/4121 2539/4123 2554/4124 2553/4122
f 2539/4123 2532/4125 2540/4126 2554/4124
f 2532/4125 2533/4127 2541/4128 2540/4126
f 2533/4127 2534/4129 2542/4130 2541/4128
f 2534/4129 2535/4131 2543/4132 2542/4130
f 2535/4131 2536/3637 2544/3640 2543/4132
f 2432/3980 2478/3954 2354/3521 2360/3556
f 2464/3935 2358/3537 2357/3563 2472/3936
f 2355/3555 2353/3520 2486/3938 2446/3937
f 2355/3549 2446/3999 2454/4002 2356/3550
f 2327/3769 2386/3882 2403/3859 2325/3531
f 2378/3874 2414/3873 2421/3548 2423/3547
f 2323/3773 2328/3772 2415/3862 2379/3861
f 2323/3777 2379/3886 2386/3889 2327/3778
f 2380/3887 2381/3904 2388/3907 2387/3888
f 2376/4133 2377/3908 2384/3911 2383/4134
f 2375/3905 2376/4133 2383/4134 2382/3906
o BrickWalls
v -2.230000 -2.560000 3.000000
v 2.230000 -2.560000 3.000000
v -2.230000 2.560000 3.000000
v 2.230000 2.560000 3.000000
v 2.560001 -2.229998 3.000000
v 2.559998 2.230002 3.000000
v -2.559998 -2.230000 3.000000
v -2.560001 2.230000 3.000000
v -2.230000 -2.560000 20.000000
v 2.230000 -2.560000 20.000000
v -2.230000 2.560000 20.000000
v -2.559998 -2.230002 20.000000
v 2.559998 1.829999 3.000000
v 2.560001 -1.829997 3.000000
v 2.559998 2.230002 20.000000
v 2.559998 1.830000 20.000000
v 2.560000 -1.830000 20.000000
v 1.829999 -2.560000 3.000000
v -1.829998 -2.560000 3.000000
v -1.830000 2.560000 3.000000
v 1.830000 2.560000 3.000000
v 1.830000 -2.560000 20.000000
v -1.830000 -2.560000 20.000000
v -1.830000 2.560000 20.000000
v 1.830000 2.560000 20.000000
v -2.560000 1.830000 3.000000
v -2.559999 -1.830000 3.000000
v -2.299999 -1.600001 3.400000
v -2.300000 1.600000 3.400000
v -2.560000 1.830000 20.000000
v -2.559999 -1.830000 20.000000
v -2.300000 1.600000 20.000000
v -2.299999 -1.600001 20.000000
v -1.600000 2.300000 3.400000
v 1.600000 2.300000 3.400000
v -1.600000 2.300000 20.000000
v 1.600000 2.300000 20.000000
v 2.299999 1.600000 3.400000
v 2.300001 -1.599999 3.400000
v 2.299999 1.600000 20.000000
v 2.300001 -1.599999 20.000000
v 1.600000 -2.300000 3.400000
v -1.600000 -2.300000 3.400000
v 1.600000 -2.300000 20.000000
v -1.600000 -2.300000 20.000000
v -2.299999 -1.600001 14.150000
v -1.600000 2.300000 14.150000
v 2.300001 -1.599999 14.150000
v 1.600000 -2.300000 14.150000
v 2.230000 -2.560000 14.150000
v 2.560001 -2.229998 14.150000
v 2.560001 -1.829997 14.150000
v 1.829999 -2.560000 14.150000
v -2.559998 -2.230002 14.150000
v -2.230000 -2.560000 14.150000
v -1.829998 -2.560000 14.150000
v -2.559999 -1.830000 14.150000
v -1.600000 -2.300000 14.150000
v -2.230000 2.560000 14.150000
v -2.560001 2.229998 14.150000
v -1.829999 2.560000 14.150000
v -2.300000 1.600000 14.150000
v -2.560000 1.830000 14.150000
v 2.230000 2.560000 14.150000
v 2.559998 1.829999 14.150000
v 2.559998 2.230002 14.150000
v 1.829998 2.560000 14.150000
v 1.600000 2.300000 14.150000
v 2.299999 1.600000 14.150000
v 2.230000 2.559999 20.000002
v 2.560000 -2.230000 20.000002
v -2.560001 2.229998 20.000002
v -2.300000 1.600000 8.575014
v -2.299999 -1.600001 8.575014
v -2.300000 0.210003 3.949990
v -2.300000 -0.210003 3.949990
v -2.300000 0.210003 4.969980
v -2.300000 -0.210003 4.969975
v -2.300000 0.210003 10.569980
v -2.300000 -0.210003 10.569980
v -2.300000 0.210003 9.549990
v -2.300000 -0.210003 9.549985
v -2.150000 0.210003 3.949990
v -2.150000 -0.210003 3.949990
v -2.150000 0.210003 4.969980
v -2.150000 -0.210003 4.969980
v -2.150000 0.210003 10.569980
v -2.150000 -0.210003 10.569980
v -2.150000 0.210003 9.549990
v -2.150000 -0.210003 9.549990
v -2.230000 2.560000 8.574999
v 2.230000 -2.560000 8.574999
v -2.559998 -2.230001 8.574999
v 2.560001 -2.229998 8.574999
v 2.559998 1.829999 8.574999
v -1.829999 2.560000 8.574999
v 1.829999 -2.560000 8.574999
v -2.559999 -1.830000 8.574999
v 2.299999 1.600000 8.574999
v 1.600000 -2.300000 8.574999
v 2.300001 -1.599999 8.574999
v -1.600000 2.300000 8.574999
v 2.560001 -1.829997 8.574999
v -2.230000 -2.560000 8.574999
v -1.829998 -2.560000 8.574999
v -1.600000 -2.300000 8.574999
v -2.560001 2.229999 8.574999
v -2.560000 1.830000 8.574999
v 2.230000 2.560000 8.574999
v 2.559998 2.230002 8.574999
v 1.829998 2.560000 8.574999
v 1.600000 2.300000 8.574999
vt 0.128744 0.011866
vt 0.084043 0.011866
vt 0.084040 0.572201
vt 0.128742 0.572201
vt 0.166983 0.011840
vt 0.128669 0.011839
vt 0.166981 0.572174
vt 0.045729 0.011866
vt 0.045728 0.572201
vt 0.167072 0.011902
vt 0.128758 0.011903
vt 0.128759 0.572237
vt 0.167072 0.572237
vt 0.045715 0.545890
vt 0.084029 0.545890
vt 0.045697 0.545838
vt 0.045697 0.011845
vt 0.012448 0.050158
vt 0.012447 0.545838
vt 0.200231 0.572174
vt 0.200232 0.011840
vt 0.045655 0.545692
vt 0.045655 0.011699
vt 0.012405 0.050012
vt 0.012405 0.545692
vt 0.506812 0.050086
vt 0.200304 0.050087
vt 0.333443 0.102767
vt 0.373673 0.102767
vt 0.506819 0.050192
vt 0.528833 0.095896
vt 0.178265 0.095775
vt 0.506816 0.049983
vt 0.528862 0.095671
vt 0.528851 0.095779
vt 0.084042 0.038600
vt 0.045729 0.038600
vt 0.045729 0.572594
vt 0.084042 0.572594
vt 0.128744 0.038600
vt 0.128744 0.572594
vt 0.167057 0.038600
vt 0.167057 0.572594
vt 0.128705 0.011966
vt 0.084003 0.011966
vt 0.084003 0.545960
vt 0.128704 0.545960
vt 0.045690 0.011966
vt 0.045689 0.545960
vt 0.167018 0.011966
vt 0.167017 0.545960
vt 0.012479 0.011866
vt 0.012478 0.572200
vt 0.128825 0.545868
vt 0.167139 0.545868
vt 0.084125 0.011874
vt 0.084124 0.545867
vt 0.045811 0.011874
vt 0.045811 0.545867
vt 0.012405 0.011839
vt 0.012405 0.572175
vt 0.200389 0.545868
vt 0.200389 0.011874
vt 0.200304 0.572201
vt 0.200307 0.011865
vt 0.012465 0.050210
vt 0.012465 0.545890
vt 0.200353 0.572237
vt 0.506814 0.011726
vt 0.200307 0.011726
vt 0.200307 0.545720
vt 0.506814 0.545720
vt 0.045776 0.572237
vt 0.200307 0.572594
vt 0.200307 0.038600
vt 0.012440 0.011966
vt 0.012440 0.545959
vt 0.200299 0.545960
vt 0.200299 0.011966
vt 0.084058 0.572238
vt 0.083968 0.011840
vt 0.373675 0.202838
vt 0.333446 0.202838
vt 0.012561 0.011874
vt 0.012561 0.545867
vt 0.373673 0.200465
vt 0.506812 0.545768
vt 0.319073 0.105161
vt 0.319073 0.202860
vt 0.333440 0.202860
vt 0.333440 0.105162
vt 0.012251 0.545693
vt 0.045501 0.545692
vt 0.045501 0.011699
vt 0.012251 0.050012
vt 0.373660 0.105127
vt 0.333430 0.105127
vt 0.333430 0.090760
vt 0.373660 0.090760
vt 0.388063 0.202799
vt 0.388063 0.105101
vt 0.373675 0.202861
vt 0.373670 0.217229
vt 0.333440 0.217215
vt 0.333447 0.200474
vt 0.373677 0.214841
vt 0.333447 0.214841
vt 0.319101 0.102818
vt 0.319101 0.200516
vt 0.333468 0.200517
vt 0.333468 0.102818
vt 0.388033 0.200472
vt 0.388033 0.102773
vt 0.373803 0.102749
vt 0.333574 0.102735
vt 0.333579 0.088367
vt 0.373808 0.088381
vt 0.200307 0.011753
vt 0.128730 0.545889
vt 0.167044 0.011896
vt 0.167044 0.545890
vt 0.128670 0.011699
vt 0.083969 0.011699
vt 0.083969 0.545692
vt 0.128669 0.545692
vt 0.506814 0.011753
vt 0.128516 0.011699
vt 0.083814 0.011699
vt 0.083814 0.545692
vt 0.128515 0.545692
vt 0.166829 0.011699
vt 0.166829 0.545692
vt 0.200304 0.545768
vt 0.128712 0.545838
vt 0.167025 0.545838
vt 0.084011 0.545838
vt 0.200275 0.050158
vt 0.012480 0.038600
vt 0.012480 0.572594
vt 0.200293 0.545890
vt 0.200078 0.545692
vt 0.200079 0.050012
vt 0.166983 0.011699
vt 0.166983 0.545692
vt 0.012472 0.011967
vt 0.012472 0.545960
vt 0.200232 0.545693
vt 0.200233 0.050012
usemtl Exterior_Mat
s off
f 2702/4135 2703/4136 2657/4137 2660/4138
f 2713/4139 2714/4140 2663/4138 2664/4141
f 2703/4136 2704/4142 2671/4143 2657/4137
f 2709/4144 2707/4145 2659/4146 2672/4147
f 2701/4144 2698/4145 2658/4146 2670/4147
f 2653/4136 2662/4142 2751/4148 2742/4149
f 2705/4144 2702/4135 2660/4138 2679/4147
f 2759/4150 2669/4151 2683/4152 2760/4153
f 2713/4139 2664/4141 2688/4154 2717/4155
f 2753/4156 2667/4157 2691/4158 2754/4159
f 2677/4160 2676/4161 2724/4162 2723/4163
f 2682/4161 2683/4164 2669/4165 2668/4166
f 2686/4167 2687/4161 2662/4166 2661/4168
f 2690/4160 2691/4161 2667/4166 2666/4169
f 2742/4170 2751/4171 2700/4172 2699/4173
f 2740/4174 2742/4170 2699/4173 2698/4175
f 2745/4176 2740/4174 2698/4175 2701/4177
f 2741/4178 2752/4179 2703/4180 2702/4181
f 2752/4179 2753/4182 2704/4183 2703/4180
f 2746/4184 2741/4178 2702/4181 2705/4185
f 2671/4143 2704/4142 2706/4186 2693/4187
f 2739/4178 2755/4179 2708/4180 2707/4181
f 2744/4184 2739/4178 2707/4181 2709/4185
f 2678/4143 2711/4142 2710/4186 2680/4187
f 2755/4179 2756/4182 2711/4183 2708/4180
f 2743/4144 2758/4145 2714/4188 2713/4189
f 2758/4145 2757/4190 2712/4191 2714/4188
f 2757/4190 2759/4192 2715/4193 2712/4191
f 2673/4143 2715/4151 2716/4194 2685/4195
f 2743/4144 2713/4189 2717/4196 2747/4197
f 2705/4144 2679/4147 2681/4198 2694/4199
f 2709/4144 2672/4147 2684/4198 2695/4199
f 2751/4148 2662/4142 2687/4200 2749/4201
f 2701/4144 2670/4147 2692/4202 2697/4197
f 2754/4203 2748/4204 2697/4205 2706/4206
f 2749/4203 2747/4204 2717/4205 2696/4206
f 2760/4203 2750/4204 2695/4205 2716/4206
f 2665/4207 2700/4192 2696/4186 2689/4187
f 2745/4176 2701/4177 2697/4208 2748/4209
f 2704/4183 2753/4182 2754/4210 2706/4211
f 2744/4184 2709/4185 2695/4212 2750/4213
f 2707/4145 2708/4190 2720/4214 2659/4146
f 2699/4190 2700/4192 2665/4207 2719/4214
f 2698/4145 2699/4190 2719/4214 2658/4146
f 2714/4140 2712/4215 2718/4137 2663/4138
f 2712/4215 2715/4151 2673/4143 2718/4137
f 2708/4190 2711/4142 2678/4143 2720/4214
f 2727/4216 2728/4217 2694/4205 2710/4206
f 2715/4193 2759/4192 2760/4218 2716/4219
f 2674/4165 2675/4166 2676/4161 2677/4164
f 2677/4160 2723/4163 2725/4220 2721/4221
f 2730/4222 2728/4223 2736/4224 2738/4225
f 2721/4226 2756/4227 2674/4228 2677/4229
f 2729/4230 2730/4231 2738/4232 2737/4233
f 2727/4234 2729/4235 2737/4230 2735/4216
f 2728/4217 2727/4236 2735/4237 2736/4238
f 2726/4239 2725/4220 2733/4240 2734/4241
f 2724/4242 2726/4243 2734/4244 2732/4245
f 2725/4246 2723/4247 2731/4163 2733/4220
f 2723/4248 2724/4249 2732/4250 2731/4251
f 2730/4231 2722/4252 2694/4205 2728/4217
f 2650/4135 2653/4136 2742/4149 2740/4253
f 2666/4254 2650/4135 2740/4253 2745/4255
f 2655/4256 2649/4257 2752/4258 2741/4259
f 2649/4257 2667/4157 2753/4156 2752/4258
f 2721/4260 2729/4230 2727/4216 2710/4206
f 2651/4261 2656/4262 2755/4263 2739/4264
f 2668/4265 2651/4261 2739/4264 2744/4266
f 2725/4220 2726/4239 2722/4267 2721/4221
f 2661/4139 2654/4140 2758/4268 2743/4269
f 2654/4140 2652/4215 2757/4270 2758/4268
f 2652/4215 2669/4151 2759/4150 2757/4270
f 2661/4139 2743/4269 2747/4267 2686/4271
f 2700/4172 2751/4171 2749/4272 2696/4273
f 2691/4161 2690/4160 2748/4221 2754/4267
f 2687/4161 2686/4160 2747/4206 2749/4205
f 2683/4160 2682/4161 2750/4267 2760/4206
f 2666/4254 2745/4255 2748/4274 2690/4271
f 2668/4265 2744/4266 2750/4275 2682/4276
f 2675/4277 2655/4256 2741/4259 2746/4278
f 2656/4262 2674/4228 2756/4227 2755/4263
f 2746/4184 2705/4185 2694/4212 2722/4213
f 2724/4162 2676/4161 2722/4267 2726/4239
f 2711/4183 2756/4182 2721/4279 2710/4280
f 2721/4260 2722/4252 2730/4231 2729/4230
f 2675/4277 2746/4278 2722/4281 2676/4282
o Clock_Surface
v -2.225000 1.353600 16.870001
v -2.225000 1.327591 17.134075
v -2.225000 1.250563 17.388000
v -2.224999 1.125477 17.622021
v -2.224999 0.957140 17.827141
v -2.224999 0.752020 17.995478
v -2.224999 0.518000 18.120564
v -2.224999 0.264074 18.197592
v -2.224999 0.000000 18.223600
v -2.224999 -0.264074 18.197592
v -2.224999 -0.518000 18.120564
v -2.224999 -0.752020 17.995478
v -2.224999 -0.957140 17.827141
v -2.224999 -1.125477 17.622021
v -2.225000 -1.250564 17.388000
v -2.225000 -1.327591 17.134075
v -2.225000 -1.353600 16.870001
v -2.225000 -1.327591 16.605927
v -2.225000 -1.250563 16.351999
v -2.225000 -1.125477 16.117981
v -2.225001 -0.957139 15.912861
v -2.225001 -0.752019 15.744523
v -2.225001 -0.517999 15.619437
v -2.225001 -0.264073 15.542410
v -2.225001 0.000001 15.516401
v -2.225001 0.264076 15.542410
v -2.225001 0.518002 15.619438
v -2.225001 0.752021 15.744524
v -2.225001 0.957141 15.912863
v -2.225000 1.125478 16.117983
v -2.225000 1.250564 16.352003
v -2.225000 1.327591 16.605928
v -2.225000 0.000000 16.870003
v 2.225000 0.000002 16.870003
v 2.225002 -1.327588 16.605928
v 2.225002 -1.250561 16.352003
v 2.225002 -1.125475 16.117983
v 2.225002 -0.957138 15.912863
v 2.225002 -0.752018 15.744524
v 2.225001 -0.517999 15.619438
v 2.225001 -0.264073 15.542410
v 2.225001 0.000002 15.516401
v 2.225001 0.264076 15.542410
v 2.225000 0.518002 15.619437
v 2.225000 0.752022 15.744523
v 2.224999 0.957142 15.912861
v 2.224999 1.125480 16.117981
v 2.224999 1.250566 16.351999
v 2.224999 1.327594 16.605927
v 2.224998 1.353603 16.870001
v 2.224998 1.327594 17.134075
v 2.224998 1.250566 17.388000
v 2.224998 1.125480 17.622021
v 2.224998 0.957143 17.827141
v 2.224998 0.752023 17.995478
v 2.224999 0.518003 18.120564
v 2.224999 0.264077 18.197592
v 2.224999 0.000003 18.223600
v 2.224999 -0.264071 18.197592
v 2.225000 -0.517997 18.120564
v 2.225000 -0.752017 17.995478
v 2.225001 -0.957137 17.827141
v 2.225001 -1.125474 17.622021
v 2.225001 -1.250560 17.388000
v 2.225001 -1.327588 17.134075
v 2.225002 -1.353597 16.870001
vt 0.824922 0.410216
vt 0.806314 0.397783
vt 0.878737 0.309535
vt 0.992346 0.320725
vt 0.987980 0.342674
vt 0.824923 0.208855
vt 0.845599 0.200291
vt 0.979417 0.363349
vt 0.790489 0.381958
vt 0.778056 0.363350
vt 0.867548 0.195925
vt 0.889927 0.195925
vt 0.966984 0.381956
vt 0.951159 0.397781
vt 0.769492 0.342674
vt 0.765126 0.320724
vt 0.911876 0.200292
vt 0.932552 0.208856
vt 0.932552 0.410215
vt 0.911876 0.418779
vt 0.765126 0.298344
vt 0.769493 0.276395
vt 0.951159 0.221290
vt 0.966983 0.237114
vt 0.889927 0.423145
vt 0.867548 0.423146
vt 0.979417 0.255722
vt 0.987980 0.276397
vt 0.778057 0.255719
vt 0.790490 0.237112
vt 0.845599 0.418780
vt 0.992346 0.298346
vt 0.806315 0.221288
usemtl Exterior_Mat
s off
f 2784/4283 2783/4284 2793/4285
f 2762/4286 2761/4287 2793/4285
f 2773/4288 2772/4289 2793/4285
f 2761/4287 2792/4290 2793/4285
f 2782/4291 2781/4292 2793/4285
f 2771/4293 2770/4294 2793/4285
f 2791/4295 2790/4296 2793/4285
f 2780/4297 2779/4298 2793/4285
f 2769/4299 2768/4300 2793/4285
f 2789/4301 2788/4302 2793/4285
f 2778/4303 2777/4304 2793/4285
f 2767/4305 2766/4306 2793/4285
f 2787/4307 2786/4308 2793/4285
f 2765/4309 2764/4310 2793/4285
f 2776/4311 2775/4312 2793/4285
f 2785/4313 2784/4283 2793/4285
f 2763/4314 2762/4286 2793/4285
f 2774/4315 2773/4288 2793/4285
f 2783/4284 2782/4291 2793/4285
f 2772/4289 2771/4293 2793/4285
f 2792/4290 2791/4295 2793/4285
f 2781/4292 2780/4297 2793/4285
f 2770/4294 2769/4299 2793/4285
f 2790/4296 2789/4301 2793/4285
f 2779/4298 2778/4303 2793/4285
f 2768/4300 2767/4305 2793/4285
f 2788/4302 2787/4307 2793/4285
f 2766/4306 2765/4309 2793/4285
f 2777/4304 2776/4311 2793/4285
f 2786/4308 2785/4313 2793/4285
f 2764/4310 2763/4314 2793/4285
f 2775/4312 2774/4315 2793/4285
f 2823/4310 2824/4314 2794/4285
f 2801/4308 2802/4313 2794/4285
f 2810/4304 2811/4311 2794/4285
f 2812/4312 2813/4315 2794/4285
f 2799/4302 2800/4307 2794/4285
f 2819/4300 2820/4305 2794/4285
f 2808/4298 2809/4303 2794/4285
f 2821/4306 2822/4309 2794/4285
f 2817/4294 2818/4299 2794/4285
f 2795/4290 2796/4295 2794/4285
f 2797/4296 2798/4301 2794/4285
f 2806/4292 2807/4297 2794/4285
f 2804/4284 2805/4291 2794/4285
f 2813/4315 2814/4288 2794/4285
f 2824/4314 2825/4286 2794/4285
f 2815/4289 2816/4293 2794/4285
f 2822/4309 2823/4310 2794/4285
f 2809/4303 2810/4304 2794/4285
f 2800/4307 2801/4308 2794/4285
f 2818/4299 2819/4300 2794/4285
f 2802/4313 2803/4283 2794/4285
f 2811/4311 2812/4312 2794/4285
f 2798/4301 2799/4302 2794/4285
f 2816/4293 2817/4294 2794/4285
f 2807/4297 2808/4298 2794/4285
f 2814/4288 2815/4289 2794/4285
f 2820/4305 2821/4306 2794/4285
f 2826/4287 2795/4290 2794/4285
f 2803/4283 2804/4284 2794/4285
f 2796/4295 2797/4296 2794/4285
f 2825/4286 2826/4287 2794/4285
f 2805/4291 2806/4292 2794/4285
o Clock_MinuteArm
v -2.285000 -0.049999 16.932478
v -2.285000 -0.005000 18.070002
v -2.255000 -0.005000 18.070002
v -2.255000 -0.049999 16.932478
v -2.285000 -0.056403 17.401239
v -2.255000 -0.056403 17.401239
v -2.255000 -0.091644 17.166859
v -2.285000 -0.091644 17.166859
v -2.255000 -0.088106 17.049667
v -2.285000 -0.088106 17.049667
v -2.255000 -0.070515 17.284048
v -2.285000 -0.070515 17.284048
v -2.285000 -0.072743 17.870001
v -2.255000 -0.072743 17.870001
v -2.285000 -0.039450 17.635620
v -2.285000 -0.065397 16.991072
v -2.255000 -0.065397 16.991072
v -2.255000 -0.039450 17.635620
v -2.285000 -0.046368 17.518429
v -2.255000 -0.046368 17.518429
v -2.285000 -0.042141 17.752810
v -2.285000 -0.097098 17.108263
v -2.255000 -0.097098 17.108263
v -2.255000 -0.042141 17.752810
v -2.285000 -0.061988 17.811405
v -2.255000 -0.061988 17.811405
v -2.285000 -0.047766 17.970001
v -2.255000 -0.047766 17.970001
v -2.285000 -0.065926 17.920000
v -2.255000 -0.065926 17.920000
v -2.285000 -0.027291 18.020000
v -2.255000 -0.027291 18.020000
v -2.285000 -0.037066 17.694216
v -2.255000 -0.037066 17.694216
v -2.285000 0.049999 16.932478
v -2.285000 0.004998 18.070002
v -2.255000 0.004998 18.070002
v -2.255000 0.049999 16.932478
v -2.285000 0.056402 17.401239
v -2.255000 0.056402 17.401239
v -2.255000 0.091644 17.166859
v -2.285000 0.091644 17.166859
v -2.255000 0.088106 17.049667
v -2.285000 0.088106 17.049667
v -2.255000 0.070514 17.284048
v -2.285000 0.070514 17.284048
v -2.285000 0.072742 17.870001
v -2.295000 -0.000000 16.991072
v -2.255000 -0.000000 16.991072
v -2.255000 0.072742 17.870001
v -2.285000 0.039449 17.635620
v -2.285000 0.065397 16.991074
v -2.255000 0.065397 16.991074
v -2.255000 0.039449 17.635620
v -2.285000 0.046367 17.518429
v -2.255000 -0.000000 17.108263
v -2.295000 -0.000000 17.108263
v -2.255000 0.046367 17.518429
v -2.285000 0.042140 17.752810
v -2.285000 0.097097 17.108263
v -2.255000 0.097097 17.108263
v -2.255000 0.042140 17.752810
v -2.295000 -0.000000 16.932478
v -2.295000 -0.000001 18.074997
v -2.255000 -0.000001 18.074997
v -2.255000 -0.000000 16.932478
v -2.295000 -0.000000 17.401239
v -2.255000 -0.000000 17.401239
v -2.255000 -0.000000 17.166859
v -2.295000 -0.000000 17.166859
v -2.255000 -0.000000 17.049667
v -2.295000 -0.000000 17.049667
v -2.295000 -0.000000 17.284048
v -2.255000 -0.000000 17.284048
v -2.295000 -0.000001 17.870001
v -2.255000 -0.000001 17.870001
v -2.255000 -0.000000 17.635620
v -2.295000 -0.000000 17.635620
v -2.255000 -0.000000 17.518429
v -2.295000 -0.000000 17.518429
v -2.295000 -0.000001 17.752810
v -2.255000 -0.000001 17.752810
v -2.285000 0.061986 17.811405
v -2.255000 0.061986 17.811405
v -2.295000 -0.000001 17.811405
v -2.255000 -0.000001 17.811405
v -2.285000 0.047765 17.970001
v -2.255000 0.047765 17.970001
v -2.295000 -0.000001 17.970001
v -2.255000 -0.000001 17.970001
v -2.295000 -0.000001 17.920000
v -2.285000 0.065925 17.920000
v -2.255000 0.065925 17.920000
v -2.255000 -0.000001 17.920000
v -2.285000 0.027290 18.020000
v -2.255000 0.027290 18.020000
v -2.255000 -0.000001 18.020000
v -2.295000 -0.000001 18.020000
v -2.285000 0.037065 17.694216
v -2.255000 0.037065 17.694216
v -2.255000 -0.000001 17.694216
v -2.295000 -0.000001 17.694216
v -2.250000 -0.000000 16.915001
v -2.250000 -0.017221 16.911575
v -2.250000 -0.031820 16.901821
v -2.250000 -0.041574 16.887222
v -2.250000 -0.045000 16.870001
v -2.250000 -0.041574 16.852779
v -2.250000 -0.031820 16.838181
v -2.250000 -0.017221 16.828426
v -2.250000 0.000000 16.825001
v -2.250000 0.017221 16.828426
v -2.250000 0.031820 16.838181
v -2.250000 0.041574 16.852779
v -2.250000 0.045000 16.870001
v -2.250000 0.041574 16.887222
v -2.250000 0.031820 16.901821
v -2.250000 0.017221 16.911575
v -2.250000 -0.000000 16.960001
v -2.250000 -0.034441 16.953150
v -2.250000 -0.063639 16.933640
v -2.250000 -0.083147 16.904442
v -2.250000 -0.089998 16.870001
v -2.250000 -0.083147 16.835560
v -2.250000 -0.063639 16.806360
v -2.250000 -0.034441 16.786852
v -2.250000 0.000002 16.780001
v -2.250000 0.034445 16.786852
v -2.250000 0.063643 16.806362
v -2.250000 0.083151 16.835560
v -2.250000 0.090002 16.870001
v -2.250000 0.083151 16.904442
v -2.250000 0.063642 16.933641
v -2.250000 0.034445 16.953150
v -2.300000 -0.000000 16.915001
v -2.300000 -0.017221 16.911575
v -2.300000 -0.031820 16.901821
v -2.300000 -0.041574 16.887222
v -2.300000 -0.045000 16.870001
v -2.300000 -0.041574 16.852779
v -2.300000 -0.031820 16.838181
v -2.300000 -0.017221 16.828426
v -2.300000 0.000000 16.825001
v -2.300000 0.017221 16.828426
v -2.300000 0.031820 16.838181
v -2.300000 0.041574 16.852779
v -2.300000 0.045000 16.870001
v -2.300000 0.041574 16.887222
v -2.300000 0.031820 16.901821
v -2.300000 0.017221 16.911575
v -2.300000 -0.000002 16.960001
v -2.300000 -0.034443 16.953150
v -2.300000 -0.063641 16.933640
v -2.300000 -0.083149 16.904442
v -2.300000 -0.090000 16.870001
v -2.300000 -0.083149 16.835560
v -2.300000 -0.063641 16.806360
v -2.300000 -0.034443 16.786852
v -2.300000 0.000000 16.780001
v -2.300000 0.034443 16.786852
v -2.300000 0.063641 16.806362
v -2.300000 0.083149 16.835560
v -2.300000 0.090000 16.870001
v -2.300000 0.083149 16.904442
v -2.300000 0.063641 16.933641
v -2.300000 0.034443 16.953150
v 2.285000 0.049996 16.932478
v 2.285000 0.004997 18.070002
v 2.255000 0.004997 18.070002
v 2.255000 0.049996 16.932478
v 2.285000 0.056400 17.401239
v 2.255000 0.056400 17.401239
v 2.255000 0.091642 17.166859
v 2.285000 0.091642 17.166859
v 2.255000 0.088103 17.049667
v 2.285000 0.088103 17.049667
v 2.255000 0.070512 17.284048
v 2.285000 0.070512 17.284048
v 2.285000 0.072740 17.870001
v 2.255000 0.072740 17.870001
v 2.285000 0.039447 17.635620
v 2.285000 0.065394 16.991072
v 2.255000 0.065394 16.991072
v 2.255000 0.039447 17.635620
v 2.285000 0.046365 17.518429
v 2.255000 0.046365 17.518429
v 2.285000 0.042139 17.752810
v 2.285001 0.097095 17.108263
v 2.255000 0.097095 17.108263
v 2.255000 0.042139 17.752810
v 2.285000 0.061985 17.811405
v 2.255000 0.061985 17.811405
v 2.285000 0.047764 17.970001
v 2.255000 0.047764 17.970001
v 2.285000 0.065923 17.920000
v 2.255000 0.065923 17.920000
v 2.285000 0.027288 18.020000
v 2.255000 0.027288 18.020000
v 2.285000 0.037063 17.694216
v 2.255000 0.037063 17.694216
v 2.285000 -0.050002 16.932478
v 2.285000 -0.005001 18.070002
v 2.255000 -0.005001 18.070002
v 2.255000 -0.050002 16.932478
v 2.285000 -0.056405 17.401239
v 2.255000 -0.056405 17.401239
v 2.255000 -0.091647 17.166859
v 2.285000 -0.091647 17.166859
v 2.255000 -0.088109 17.049667
v 2.285000 -0.088109 17.049667
v 2.255000 -0.070517 17.284048
v 2.285000 -0.070517 17.284048
v 2.285000 -0.072745 17.870001
v 2.295000 -0.000003 16.991072
v 2.255000 -0.000003 16.991072
v 2.255000 -0.072745 17.870001
v 2.285000 -0.039452 17.635620
v 2.285000 -0.065400 16.991074
v 2.255000 -0.065400 16.991074
v 2.255000 -0.039452 17.635620
v 2.285000 -0.046370 17.518429
v 2.255000 -0.000003 17.108263
v 2.295000 -0.000003 17.108263
v 2.255000 -0.046370 17.518429
v 2.285000 -0.042143 17.752810
v 2.285000 -0.097100 17.108263
v 2.255000 -0.097100 17.108263
v 2.255000 -0.042143 17.752810
v 2.295000 -0.000003 16.932478
v 2.295000 -0.000002 18.074997
v 2.255000 -0.000002 18.074997
v 2.255000 -0.000003 16.932478
v 2.295000 -0.000003 17.401239
v 2.255000 -0.000003 17.401239
v 2.255000 -0.000003 17.166859
v 2.295000 -0.000003 17.166859
v 2.255000 -0.000003 17.049667
v 2.295000 -0.000003 17.049667
v 2.295000 -0.000003 17.284048
v 2.255000 -0.000003 17.284048
v 2.295000 -0.000002 17.870001
v 2.255000 -0.000002 17.870001
v 2.255000 -0.000002 17.635620
v 2.295000 -0.000002 17.635620
v 2.255000 -0.000002 17.518429
v 2.295000 -0.000003 17.518429
v 2.295000 -0.000002 17.752810
v 2.255000 -0.000002 17.752810
v 2.285000 -0.061989 17.811405
v 2.255000 -0.061989 17.811405
v 2.295000 -0.000002 17.811405
v 2.255000 -0.000002 17.811405
v 2.285000 -0.047768 17.970001
v 2.255000 -0.047768 17.970001
v 2.295000 -0.000002 17.970001
v 2.255000 -0.000002 17.970001
v 2.295000 -0.000002 17.920000
v 2.285000 -0.065928 17.920000
v 2.255000 -0.065928 17.920000
v 2.255000 -0.000002 17.920000
v 2.285000 -0.027293 18.020000
v 2.255000 -0.027293 18.020000
v 2.255000 -0.000002 18.020000
v 2.295000 -0.000002 18.020000
v 2.285000 -0.037068 17.694216
v 2.255000 -0.037068 17.694216
v 2.255000 -0.000002 17.694216
v 2.295000 -0.000002 17.694216
v 2.250000 -0.000003 16.915001
v 2.250000 0.017219 16.911575
v 2.250000 0.031817 16.901821
v 2.250000 0.041572 16.887222
v 2.250000 0.044997 16.870001
v 2.250000 0.041572 16.852779
v 2.250000 0.031817 16.838181
v 2.250000 0.017219 16.828426
v 2.250000 -0.000003 16.825001
v 2.250000 -0.017224 16.828426
v 2.250000 -0.031823 16.838181
v 2.250000 -0.041577 16.852779
v 2.250000 -0.045003 16.870001
v 2.250000 -0.041577 16.887222
v 2.250000 -0.031823 16.901821
v 2.250000 -0.017224 16.911575
v 2.250000 -0.000003 16.960001
v 2.250000 0.034438 16.953150
v 2.250000 0.063636 16.933640
v 2.250000 0.083144 16.904442
v 2.250000 0.089995 16.870001
v 2.250000 0.083144 16.835560
v 2.250000 0.063636 16.806360
v 2.250000 0.034438 16.786852
v 2.250000 -0.000005 16.780001
v 2.250000 -0.034448 16.786852
v 2.250000 -0.063645 16.806362
v 2.250000 -0.083154 16.835560
v 2.250000 -0.090005 16.870001
v 2.250000 -0.083154 16.904442
v 2.250000 -0.063645 16.933641
v 2.250000 -0.034448 16.953150
v 2.300000 -0.000003 16.915001
v 2.300000 0.017219 16.911575
v 2.300000 0.031817 16.901821
v 2.300000 0.041572 16.887222
v 2.300000 0.044997 16.870001
v 2.300000 0.041572 16.852779
v 2.300000 0.031817 16.838181
v 2.300000 0.017218 16.828426
v 2.300000 -0.000003 16.825001
v 2.300000 -0.017224 16.828426
v 2.300000 -0.031823 16.838181
v 2.300000 -0.041577 16.852779
v 2.300000 -0.045003 16.870001
v 2.300000 -0.041577 16.887222
v 2.300000 -0.031823 16.901821
v 2.300000 -0.017224 16.911575
v 2.300000 -0.000001 16.960001
v 2.300000 0.034440 16.953150
v 2.300000 0.063638 16.933640
v 2.300000 0.083146 16.904442
v 2.300000 0.089997 16.870001
v 2.300000 0.083146 16.835560
v 2.300000 0.063638 16.806360
v 2.300000 0.034440 16.786852
v 2.300000 -0.000003 16.780001
v 2.300000 -0.034446 16.786852
v 2.300000 -0.063644 16.806362
v 2.300000 -0.083152 16.835560
v 2.300000 -0.090003 16.870001
v 2.300000 -0.083152 16.904442
v 2.300000 -0.063643 16.933641
v 2.300000 -0.034446 16.953150
vt 0.356984 0.656981
vt 0.374333 0.657373
vt 0.374117 0.666881
vt 0.356773 0.666483
vt 0.007186 0.640096
vt 0.025646 0.635312
vt 0.025644 0.656145
vt 0.007190 0.656146
vt 0.120588 0.656361
vt 0.157775 0.655951
vt 0.157866 0.665394
vt 0.120704 0.665811
vt 0.006756 0.658156
vt 0.025916 0.657803
vt 0.026087 0.667287
vt 0.006932 0.667642
vt 0.064499 0.657145
vt 0.083060 0.656866
vt 0.083197 0.666321
vt 0.064650 0.666610
vt 0.045780 0.657452
vt 0.045944 0.666928
vt 0.044719 0.683924
vt 0.026168 0.676748
vt 0.026163 0.656049
vt 0.044705 0.656043
vt 0.081801 0.685014
vt 0.063264 0.686755
vt 0.063244 0.656036
vt 0.081780 0.656027
vt 0.288265 0.655768
vt 0.307078 0.656016
vt 0.306934 0.665487
vt 0.288157 0.665226
vt 0.194802 0.655656
vt 0.231749 0.655502
vt 0.231769 0.664939
vt 0.194860 0.665094
vt 0.044112 0.628220
vt 0.062562 0.625407
vt 0.062557 0.656145
vt 0.044102 0.656145
vt 0.250219 0.655504
vt 0.268755 0.655590
vt 0.268687 0.665037
vt 0.250195 0.664944
vt 0.350345 0.647455
vt 0.366511 0.653310
vt 0.368042 0.656802
vt 0.350536 0.656709
vt 0.376573 0.657423
vt 0.376286 0.670106
vt 0.007617 0.671878
vt 0.007617 0.656051
vt 0.117919 0.633726
vt 0.154834 0.638124
vt 0.154827 0.656173
vt 0.117916 0.656155
vt 0.192888 0.670563
vt 0.155893 0.673793
vt 0.155873 0.655978
vt 0.192863 0.655937
vt 0.118858 0.678298
vt 0.118839 0.656005
vt 0.081012 0.627116
vt 0.081009 0.656147
vt 0.284362 0.636550
vt 0.302908 0.633262
vt 0.302814 0.656485
vt 0.284274 0.656408
vt 0.319187 0.676210
vt 0.303511 0.678427
vt 0.303402 0.655605
vt 0.319084 0.655531
vt 0.248266 0.667482
vt 0.229826 0.668298
vt 0.229795 0.655875
vt 0.248226 0.655827
vt 0.191776 0.641247
vt 0.228748 0.643407
vt 0.228731 0.656251
vt 0.191763 0.656204
vt 0.247255 0.644162
vt 0.265783 0.642651
vt 0.265741 0.656340
vt 0.247229 0.656287
vt 0.285107 0.675142
vt 0.266686 0.668998
vt 0.266632 0.655764
vt 0.285019 0.655688
vt 0.323034 0.656283
vt 0.339871 0.656613
vt 0.339673 0.666106
vt 0.322860 0.665766
vt 0.318709 0.635461
vt 0.334510 0.641175
vt 0.334499 0.656631
vt 0.318639 0.656556
vt 0.350491 0.663927
vt 0.334842 0.670433
vt 0.334763 0.655450
vt 0.350444 0.655367
vt 0.366131 0.656842
vt 0.367687 0.655264
vt 0.357897 0.655691
vt 0.358148 0.646565
vt 0.374789 0.647038
vt 0.374530 0.656156
vt 0.007186 0.672197
vt 0.025647 0.676978
vt 0.123385 0.653746
vt 0.123345 0.644151
vt 0.161036 0.644060
vt 0.161052 0.653615
vt 0.007283 0.654713
vt 0.007186 0.645000
vt 0.026800 0.644809
vt 0.026896 0.654513
vt 0.066319 0.654126
vt 0.066241 0.644465
vt 0.085175 0.644342
vt 0.085235 0.653973
vt 0.047114 0.644621
vt 0.047204 0.654307
vt 0.044698 0.628167
vt 0.026159 0.635355
vt 0.081770 0.627042
vt 0.063235 0.625320
vt 0.291414 0.654226
vt 0.291573 0.644953
vt 0.309947 0.645328
vt 0.309757 0.654552
vt 0.198419 0.653588
vt 0.198434 0.644079
vt 0.235561 0.644229
vt 0.235512 0.653682
vt 0.044111 0.684068
vt 0.062558 0.686880
vt 0.253915 0.653785
vt 0.254002 0.644391
vt 0.272378 0.644630
vt 0.272253 0.653962
vt 0.350252 0.665959
vt 0.366473 0.660276
vt 0.377024 0.644060
vt 0.376674 0.656220
vt 0.007617 0.640229
vt 0.117903 0.678581
vt 0.154809 0.674217
vt 0.192847 0.641315
vt 0.155862 0.638166
vt 0.118830 0.633715
vt 0.081003 0.685173
vt 0.284207 0.676256
vt 0.302710 0.679699
vt 0.318984 0.634858
vt 0.303298 0.632792
vt 0.248198 0.644180
vt 0.229773 0.643456
vt 0.191743 0.671158
vt 0.228707 0.669092
vt 0.247197 0.668407
vt 0.265694 0.670020
vt 0.284938 0.636244
vt 0.266586 0.642538
vt 0.325220 0.654874
vt 0.325436 0.645692
vt 0.341693 0.646112
vt 0.341457 0.655261
vt 0.318517 0.677643
vt 0.334362 0.672080
vt 0.350396 0.646811
vt 0.334687 0.640475
vt 0.366111 0.653707
vt 0.056003 0.644661
vt 0.052086 0.648575
vt 0.040288 0.640685
vt 0.048124 0.632857
vt 0.049966 0.653691
vt 0.049965 0.659229
vt 0.036042 0.661996
vt 0.036044 0.650918
vt 0.052084 0.664346
vt 0.056001 0.668262
vt 0.048116 0.680065
vt 0.040283 0.672232
vt 0.075689 0.664350
vt 0.077808 0.659234
vt 0.091726 0.662002
vt 0.087489 0.672234
vt 0.061118 0.670382
vt 0.066656 0.670383
vt 0.069426 0.684303
vt 0.058350 0.684303
vt 0.077808 0.653698
vt 0.075689 0.648582
vt 0.087487 0.640698
vt 0.091726 0.650928
vt 0.071772 0.668264
vt 0.079658 0.680064
vt 0.071772 0.644665
vt 0.066656 0.642545
vt 0.069429 0.628628
vt 0.079657 0.632869
vt 0.061119 0.642543
vt 0.058357 0.628624
vt 0.015414 0.640381
vt 0.026491 0.640384
vt 0.026487 0.656154
vt 0.015410 0.656152
vt 0.137244 0.640396
vt 0.148319 0.640394
vt 0.148322 0.656163
vt 0.137247 0.656165
vt 0.037566 0.640387
vt 0.048642 0.640389
vt 0.048639 0.656159
vt 0.037562 0.656157
vt 0.159393 0.640391
vt 0.170467 0.640388
vt 0.170471 0.656156
vt 0.159397 0.656160
vt 0.059718 0.640392
vt 0.070793 0.640394
vt 0.070791 0.656164
vt 0.059715 0.656162
vt 0.181541 0.640385
vt 0.192615 0.640381
vt 0.192619 0.656149
vt 0.181545 0.656153
vt 0.081868 0.640395
vt 0.092944 0.640397
vt 0.092943 0.656167
vt 0.081867 0.656165
vt 0.104020 0.640398
vt 0.115095 0.640398
vt 0.115096 0.656167
vt 0.104019 0.656168
vt 0.126170 0.640397
vt 0.126171 0.656166
vt 0.050198 0.653695
vt 0.036278 0.650926
vt 0.040517 0.640693
vt 0.052319 0.648579
vt 0.048348 0.632862
vt 0.056234 0.644663
vt 0.058580 0.628625
vt 0.061348 0.642543
vt 0.069654 0.628625
vt 0.066886 0.642543
vt 0.079885 0.632861
vt 0.072003 0.644663
vt 0.087718 0.640692
vt 0.075918 0.648578
vt 0.091957 0.650923
vt 0.078037 0.653694
vt 0.091958 0.661999
vt 0.078038 0.659231
vt 0.087721 0.672233
vt 0.075919 0.664348
vt 0.079888 0.680066
vt 0.072001 0.668263
vt 0.069653 0.684303
vt 0.066885 0.670382
vt 0.058579 0.684303
vt 0.061346 0.670382
vt 0.048345 0.680064
vt 0.056230 0.668263
vt 0.040514 0.672233
vt 0.052314 0.664348
vt 0.036277 0.662001
vt 0.050197 0.659232
vt 0.357438 0.656583
vt 0.374610 0.656475
vt 0.374671 0.665885
vt 0.357497 0.665996
vt 0.121546 0.656790
vt 0.158815 0.656888
vt 0.158797 0.666354
vt 0.121520 0.666272
vt 0.007205 0.656461
vt 0.026463 0.656503
vt 0.026442 0.666034
vt 0.007186 0.665995
vt 0.065232 0.656610
vt 0.083876 0.656671
vt 0.083848 0.666169
vt 0.065206 0.666120
vt 0.046424 0.656554
vt 0.046401 0.666077
vt 0.044059 0.683835
vt 0.025622 0.676687
vt 0.080935 0.684955
vt 0.062496 0.686667
vt 0.062500 0.656112
vt 0.080940 0.656114
vt 0.289251 0.656913
vt 0.307959 0.656847
vt 0.307999 0.666267
vt 0.289280 0.666340
vt 0.195899 0.656950
vt 0.232864 0.656979
vt 0.232862 0.666423
vt 0.195889 0.666404
vt 0.044019 0.628222
vt 0.062426 0.625409
vt 0.062433 0.656079
vt 0.044017 0.656084
vt 0.251314 0.656978
vt 0.269807 0.656958
vt 0.269825 0.666391
vt 0.251320 0.666416
vt 0.350305 0.646296
vt 0.366654 0.652033
vt 0.368236 0.655537
vt 0.350585 0.655614
vt 0.376827 0.656460
vt 0.376908 0.669007
vt 0.007187 0.671841
vt 0.117665 0.633675
vt 0.154506 0.638024
vt 0.154525 0.656035
vt 0.117681 0.656058
vt 0.191617 0.670750
vt 0.154710 0.673889
vt 0.154718 0.656130
vt 0.191628 0.656144
vt 0.117817 0.678316
vt 0.117822 0.656120
vt 0.080834 0.627105
vt 0.080848 0.656073
vt 0.283895 0.635895
vt 0.302490 0.632446
vt 0.302575 0.655775
vt 0.283951 0.655828
vt 0.318456 0.677352
vt 0.302599 0.679442
vt 0.302692 0.656390
vt 0.318543 0.656450
vt 0.247014 0.667911
vt 0.228534 0.668613
vt 0.228554 0.656175
vt 0.247046 0.656206
vt 0.191369 0.641072
vt 0.228283 0.643121
vt 0.228312 0.655953
vt 0.191391 0.656002
vt 0.246774 0.643788
vt 0.265307 0.642156
vt 0.265352 0.655874
vt 0.246810 0.655918
vt 0.284048 0.675951
vt 0.265523 0.669587
vt 0.265573 0.656255
vt 0.284127 0.656320
vt 0.323795 0.656776
vt 0.340484 0.656685
vt 0.340538 0.666100
vt 0.323842 0.666192
vt 0.318381 0.634521
vt 0.334313 0.640126
vt 0.334439 0.655674
vt 0.318484 0.655727
vt 0.350232 0.665230
vt 0.334339 0.671662
vt 0.334399 0.656509
vt 0.350265 0.656566
vt 0.366143 0.658207
vt 0.367736 0.656623
vt 0.356782 0.655206
vt 0.356811 0.645669
vt 0.374218 0.645718
vt 0.374191 0.655256
vt 0.007186 0.672100
vt 0.025604 0.676873
vt 0.120149 0.653377
vt 0.120255 0.643958
vt 0.157306 0.644356
vt 0.157210 0.653777
vt 0.006756 0.651995
vt 0.006876 0.642545
vt 0.025961 0.642793
vt 0.025840 0.652239
vt 0.064262 0.652722
vt 0.064381 0.643291
vt 0.082868 0.643523
vt 0.082756 0.652946
vt 0.045738 0.643051
vt 0.045617 0.652489
vt 0.044063 0.628385
vt 0.025625 0.635530
vt 0.080943 0.627272
vt 0.062503 0.625556
vt 0.287781 0.654909
vt 0.287833 0.645401
vt 0.306730 0.645494
vt 0.306684 0.655014
vt 0.194160 0.654147
vt 0.194250 0.644715
vt 0.231181 0.645039
vt 0.231101 0.654489
vt 0.044030 0.683949
vt 0.062443 0.686754
vt 0.249597 0.654645
vt 0.249666 0.645175
vt 0.268248 0.645292
vt 0.268187 0.654782
vt 0.350379 0.664937
vt 0.366685 0.659058
vt 0.376473 0.642545
vt 0.376438 0.655261
vt 0.007186 0.640376
vt 0.117689 0.678444
vt 0.154533 0.674049
vt 0.191633 0.641536
vt 0.154721 0.638368
vt 0.117824 0.633924
vt 0.284002 0.675765
vt 0.302626 0.679112
vt 0.318613 0.635550
vt 0.302772 0.633336
vt 0.247065 0.644494
vt 0.228563 0.643732
vt 0.191403 0.670934
vt 0.228325 0.668787
vt 0.246825 0.668052
vt 0.265373 0.669599
vt 0.284190 0.636684
vt 0.265608 0.642917
vt 0.322707 0.655085
vt 0.322745 0.645559
vt 0.339641 0.645617
vt 0.339608 0.655149
vt 0.318512 0.676941
vt 0.334422 0.671230
vt 0.350292 0.647903
vt 0.334449 0.641359
vt 0.366151 0.655030
vt 0.075553 0.664348
vt 0.077673 0.659231
vt 0.091594 0.662000
vt 0.087355 0.672235
vt 0.077672 0.653693
vt 0.075553 0.648577
vt 0.087352 0.640690
vt 0.091594 0.650922
vt 0.071636 0.644662
vt 0.066520 0.642543
vt 0.069287 0.628624
vt 0.079519 0.632861
vt 0.049831 0.653692
vt 0.049831 0.659229
vt 0.035913 0.661998
vt 0.035913 0.650924
vt 0.060981 0.642543
vt 0.055865 0.644661
vt 0.047981 0.632862
vt 0.058213 0.628624
vt 0.051950 0.664345
vt 0.055867 0.668261
vt 0.047981 0.680059
vt 0.040150 0.672229
vt 0.051950 0.648576
vt 0.040150 0.640693
vt 0.060983 0.670380
vt 0.066521 0.670382
vt 0.069286 0.684303
vt 0.058210 0.684300
vt 0.071637 0.668263
vt 0.079522 0.680067
vt 0.192619 0.672177
vt 0.181543 0.672182
vt 0.181537 0.656412
vt 0.192614 0.656407
vt 0.070784 0.672193
vt 0.059709 0.672189
vt 0.059713 0.656420
vt 0.070787 0.656423
vt 0.170468 0.672185
vt 0.159392 0.672190
vt 0.159387 0.656420
vt 0.170462 0.656416
vt 0.048633 0.672186
vt 0.037558 0.672183
vt 0.037563 0.656414
vt 0.048638 0.656417
vt 0.148316 0.672193
vt 0.137241 0.672196
vt 0.137237 0.656426
vt 0.148312 0.656424
vt 0.026483 0.672180
vt 0.015409 0.672177
vt 0.015413 0.656408
vt 0.026488 0.656410
vt 0.126165 0.672198
vt 0.115089 0.672198
vt 0.115088 0.656428
vt 0.126163 0.656428
vt 0.104012 0.672198
vt 0.092935 0.672197
vt 0.092937 0.656427
vt 0.104013 0.656428
vt 0.081860 0.672194
vt 0.081863 0.656425
vt 0.075619 0.664779
vt 0.087420 0.672665
vt 0.079587 0.680497
vt 0.071703 0.668695
vt 0.069356 0.684734
vt 0.066587 0.670814
vt 0.058280 0.684732
vt 0.061050 0.670814
vt 0.048051 0.680494
vt 0.055933 0.668693
vt 0.040219 0.672664
vt 0.052017 0.664778
vt 0.035979 0.662433
vt 0.049897 0.659662
vt 0.035978 0.651358
vt 0.049897 0.654126
vt 0.040217 0.641126
vt 0.052016 0.649010
vt 0.048047 0.633294
vt 0.055933 0.645094
vt 0.058279 0.629054
vt 0.061049 0.642975
vt 0.069355 0.629054
vt 0.066587 0.642975
vt 0.079588 0.633293
vt 0.071704 0.645095
vt 0.087421 0.641125
vt 0.075620 0.649011
vt 0.091660 0.651358
vt 0.077740 0.654127
vt 0.091660 0.662435
vt 0.077740 0.659664
usemtl Exterior_Mat
s off
f 2858/4316 2829/4317 2828/4318 2857/4319
f 2827/4320 2842/4321 2874/4322 2889/4323
f 2837/4324 2832/4325 2831/4326 2838/4327
f 2830/4328 2843/4329 2842/4330 2827/4331
f 2849/4332 2833/4333 2834/4334 2848/4335
f 2843/4329 2835/4336 2836/4337 2842/4330
f 2835/4338 2843/4339 2875/4340 2897/4341
f 2833/4333 2837/4324 2838/4327 2834/4334
f 2833/4342 2849/4343 2882/4344 2895/4345
f 2852/4346 2840/4347 2839/4348 2851/4349
f 2835/4336 2849/4332 2848/4335 2836/4337
f 2846/4350 2844/4351 2841/4352 2845/4353
f 2832/4325 2846/4350 2845/4353 2831/4326
f 2836/4354 2848/4355 2883/4356 2898/4357
f 2860/4358 2850/4359 2847/4360 2859/4361
f 2857/4362 2828/4363 2890/4364 2924/4365
f 2828/4318 2829/4317 2891/4366 2890/4367
f 2843/4339 2830/4368 2892/4369 2875/4340
f 2838/4370 2831/4371 2893/4372 2899/4373
f 2846/4374 2832/4375 2894/4376 2905/4377
f 2837/4378 2833/4342 2895/4345 2900/4379
f 2848/4355 2834/4380 2896/4381 2883/4356
f 2849/4343 2835/4338 2897/4341 2882/4344
f 2842/4321 2836/4354 2898/4357 2874/4322
f 2834/4380 2838/4370 2899/4373 2896/4381
f 2832/4375 2837/4378 2900/4379 2894/4376
f 2851/4382 2839/4383 2901/4384 2911/4385
f 2856/4386 2840/4387 2902/4388 2920/4389
f 2860/4390 2844/4391 2903/4392 2927/4393
f 2845/4394 2841/4395 2904/4396 2906/4397
f 2844/4391 2846/4374 2905/4377 2903/4392
f 2831/4371 2845/4394 2906/4397 2893/4372
f 2859/4398 2847/4399 2907/4400 2928/4401
f 2852/4402 2850/4403 2908/4404 2912/4405
f 2850/4359 2852/4346 2851/4349 2847/4360
f 2847/4399 2851/4382 2911/4385 2907/4400
f 2840/4387 2852/4402 2912/4405 2902/4388
f 2856/4406 2854/4407 2853/4408 2855/4409
f 2855/4410 2853/4411 2915/4412 2917/4413
f 2858/4414 2854/4415 2916/4416 2923/4417
f 2854/4415 2856/4386 2920/4389 2916/4416
f 2840/4347 2856/4406 2855/4409 2839/4348
f 2839/4383 2855/4410 2917/4413 2901/4384
f 2854/4407 2858/4316 2857/4319 2853/4408
f 2853/4411 2857/4362 2924/4365 2915/4412
f 2829/4418 2858/4414 2923/4417 2891/4419
f 2844/4351 2860/4358 2859/4361 2841/4352
f 2850/4403 2860/4390 2927/4393 2908/4404
f 2841/4395 2859/4398 2928/4401 2904/4396
f 2922/4420 2921/4421 2862/4422 2863/4423
f 2861/4424 2889/4323 2874/4322 2878/4425
f 2871/4426 2872/4427 2865/4428 2866/4429
f 2864/4430 2861/4431 2878/4432 2879/4433
f 2887/4434 2886/4435 2868/4436 2867/4437
f 2879/4433 2878/4432 2870/4438 2869/4439
f 2869/4440 2897/4341 2875/4340 2879/4441
f 2867/4437 2868/4436 2872/4427 2871/4426
f 2867/4442 2895/4345 2882/4344 2887/4443
f 2910/4444 2909/4445 2873/4446 2876/4447
f 2869/4439 2870/4438 2886/4435 2887/4434
f 2884/4448 2881/4449 2877/4450 2880/4451
f 2866/4429 2865/4428 2881/4449 2884/4448
f 2870/4452 2898/4357 2883/4356 2886/4453
f 2926/4454 2925/4455 2885/4456 2888/4457
f 2921/4458 2924/4365 2890/4364 2862/4459
f 2862/4422 2890/4460 2891/4461 2863/4423
f 2879/4441 2875/4340 2892/4369 2864/4462
f 2872/4463 2899/4373 2893/4372 2865/4464
f 2884/4465 2905/4377 2894/4376 2866/4466
f 2871/4467 2900/4379 2895/4345 2867/4442
f 2886/4453 2883/4356 2896/4381 2868/4468
f 2887/4443 2882/4344 2897/4341 2869/4440
f 2878/4425 2874/4322 2898/4357 2870/4452
f 2868/4468 2896/4381 2899/4373 2872/4463
f 2866/4466 2894/4376 2900/4379 2871/4467
f 2909/4469 2911/4385 2901/4384 2873/4470
f 2919/4471 2920/4389 2902/4388 2876/4472
f 2926/4473 2927/4393 2903/4392 2880/4474
f 2881/4475 2906/4397 2904/4396 2877/4476
f 2880/4474 2903/4392 2905/4377 2884/4465
f 2865/4464 2893/4372 2906/4397 2881/4475
f 2925/4477 2928/4401 2907/4400 2885/4478
f 2910/4479 2912/4405 2908/4404 2888/4480
f 2888/4457 2885/4456 2909/4445 2910/4444
f 2885/4478 2907/4400 2911/4385 2909/4469
f 2876/4472 2902/4388 2912/4405 2910/4479
f 2919/4481 2918/4482 2913/4483 2914/4484
f 2918/4485 2917/4413 2915/4412 2913/4486
f 2922/4487 2923/4417 2916/4416 2914/4488
f 2914/4488 2916/4416 2920/4389 2919/4471
f 2876/4447 2873/4446 2918/4482 2919/4481
f 2873/4470 2901/4384 2917/4413 2918/4485
f 2914/4484 2913/4483 2921/4421 2922/4420
f 2913/4486 2915/4412 2924/4365 2921/4458
f 2863/4489 2891/4419 2923/4417 2922/4487
f 2880/4451 2877/4450 2925/4455 2926/4454
f 2888/4480 2908/4404 2927/4393 2926/4473
f 2877/4476 2904/4396 2928/4401 2925/4477
f 2938/4490 2937/4491 2953/4492 2954/4493
f 2936/4494 2935/4495 2951/4496 2952/4497
f 2934/4498 2933/4499 2949/4500 2950/4501
f 2929/4502 2944/4503 2960/4504 2945/4505
f 2932/4506 2931/4507 2947/4508 2948/4509
f 2943/4510 2942/4511 2958/4512 2959/4513
f 2930/4514 2929/4502 2945/4505 2946/4515
f 2941/4516 2940/4517 2956/4518 2957/4519
f 2939/4520 2938/4490 2954/4493 2955/4521
f 2937/4491 2936/4494 2952/4497 2953/4492
f 2935/4495 2934/4498 2950/4501 2951/4496
f 2933/4499 2932/4506 2948/4509 2949/4500
f 2944/4503 2943/4510 2959/4513 2960/4504
f 2931/4507 2930/4514 2946/4515 2947/4508
f 2942/4511 2941/4516 2957/4519 2958/4512
f 2940/4517 2939/4520 2955/4521 2956/4518
f 2945/4522 2960/4523 2992/4524 2977/4525
f 2950/4526 2949/4527 2981/4528 2982/4529
f 2959/4530 2958/4531 2990/4532 2991/4533
f 2948/4534 2947/4535 2979/4536 2980/4537
f 2957/4538 2956/4539 2988/4540 2989/4541
f 2946/4542 2945/4543 2977/4544 2978/4545
f 2955/4546 2954/4547 2986/4548 2987/4549
f 2953/4550 2952/4551 2984/4552 2985/4553
f 2951/4554 2950/4526 2982/4529 2983/4555
f 2960/4523 2959/4530 2991/4533 2992/4524
f 2949/4527 2948/4534 2980/4537 2981/4528
f 2958/4531 2957/4538 2989/4541 2990/4532
f 2947/4535 2946/4542 2978/4545 2979/4536
f 2956/4539 2955/4546 2987/4549 2988/4540
f 2954/4547 2953/4550 2985/4553 2986/4548
f 2952/4551 2951/4554 2983/4555 2984/4552
f 2961/4556 2977/4557 2992/4558 2976/4559
f 2976/4559 2992/4558 2991/4560 2975/4561
f 2975/4561 2991/4560 2990/4562 2974/4563
f 2974/4563 2990/4562 2989/4564 2973/4565
f 2973/4565 2989/4564 2988/4566 2972/4567
f 2972/4567 2988/4566 2987/4568 2971/4569
f 2971/4569 2987/4568 2986/4570 2970/4571
f 2970/4571 2986/4570 2985/4572 2969/4573
f 2969/4573 2985/4572 2984/4574 2968/4575
f 2968/4575 2984/4574 2983/4576 2967/4577
f 2967/4577 2983/4576 2982/4578 2966/4579
f 2966/4579 2982/4578 2981/4580 2965/4581
f 2965/4581 2981/4580 2980/4582 2964/4583
f 2964/4583 2980/4582 2979/4584 2963/4585
f 2963/4585 2979/4584 2978/4586 2962/4587
f 2962/4587 2978/4586 2977/4557 2961/4556
f 3024/4588 2995/4589 2994/4590 3023/4591
f 2993/4320 3008/4321 3040/4322 3055/4323
f 3003/4592 2998/4593 2997/4594 3004/4595
f 2996/4596 3009/4597 3008/4598 2993/4599
f 3015/4600 2999/4601 3000/4602 3014/4603
f 3009/4597 3001/4604 3002/4605 3008/4598
f 3001/4606 3009/4607 3041/4322 3063/4357
f 2999/4601 3003/4592 3004/4595 3000/4602
f 2999/4608 3015/4609 3048/4610 3061/4611
f 3018/4612 3006/4613 3005/4614 3017/4615
f 3001/4604 3015/4600 3014/4603 3002/4605
f 3012/4616 3010/4617 3007/4618 3011/4619
f 2998/4593 3012/4616 3011/4619 2997/4594
f 3002/4620 3014/4621 3049/4622 3064/4623
f 3026/4624 3016/4625 3013/4626 3025/4627
f 3023/4628 2994/4629 3056/4630 3090/4631
f 2994/4590 2995/4589 3057/4632 3056/4633
f 3009/4607 2996/4634 3058/4323 3041/4322
f 3004/4635 2997/4636 3059/4637 3065/4638
f 3012/4639 2998/4640 3060/4641 3071/4642
f 3003/4643 2999/4608 3061/4611 3066/4644
f 3014/4621 3000/4645 3062/4646 3049/4622
f 3015/4609 3001/4606 3063/4357 3048/4610
f 3008/4321 3002/4620 3064/4623 3040/4322
f 3000/4645 3004/4635 3065/4638 3062/4646
f 2998/4640 3003/4643 3066/4644 3060/4641
f 3017/4647 3005/4648 3067/4649 3077/4650
f 3022/4651 3006/4652 3068/4653 3086/4654
f 3026/4655 3010/4656 3069/4657 3093/4658
f 3011/4659 3007/4660 3070/4661 3072/4662
f 3010/4656 3012/4639 3071/4642 3069/4657
f 2997/4636 3011/4659 3072/4662 3059/4637
f 3025/4663 3013/4664 3073/4665 3094/4666
f 3018/4667 3016/4668 3074/4669 3078/4670
f 3016/4625 3018/4612 3017/4615 3013/4626
f 3013/4664 3017/4647 3077/4650 3073/4665
f 3006/4652 3018/4667 3078/4670 3068/4653
f 3022/4671 3020/4672 3019/4673 3021/4674
f 3021/4675 3019/4676 3081/4677 3083/4678
f 3024/4679 3020/4680 3082/4681 3089/4682
f 3020/4680 3022/4651 3086/4654 3082/4681
f 3006/4613 3022/4671 3021/4674 3005/4614
f 3005/4648 3021/4675 3083/4678 3067/4649
f 3020/4672 3024/4588 3023/4591 3019/4673
f 3019/4676 3023/4628 3090/4631 3081/4677
f 2995/4683 3024/4679 3089/4682 3057/4684
f 3010/4617 3026/4624 3025/4627 3007/4618
f 3016/4668 3026/4655 3093/4658 3074/4669
f 3007/4660 3025/4663 3094/4666 3070/4661
f 3088/4685 3087/4686 3028/4687 3029/4688
f 3027/4689 3055/4323 3040/4322 3044/4690
f 3037/4691 3038/4692 3031/4693 3032/4694
f 3030/4695 3027/4696 3044/4697 3045/4698
f 3053/4699 3052/4700 3034/4701 3033/4702
f 3045/4698 3044/4697 3036/4703 3035/4704
f 3035/4705 3063/4357 3041/4322 3045/4706
f 3033/4702 3034/4701 3038/4692 3037/4691
f 3033/4707 3061/4611 3048/4610 3053/4708
f 3076/4709 3075/4710 3039/4711 3042/4712
f 3035/4704 3036/4703 3052/4700 3053/4699
f 3050/4713 3047/4714 3043/4715 3046/4716
f 3032/4694 3031/4693 3047/4714 3050/4713
f 3036/4717 3064/4623 3049/4622 3052/4718
f 3092/4719 3091/4720 3051/4721 3054/4722
f 3087/4723 3090/4631 3056/4630 3028/4724
f 3028/4687 3056/4725 3057/4726 3029/4688
f 3045/4706 3041/4322 3058/4323 3030/4727
f 3038/4728 3065/4638 3059/4637 3031/4729
f 3050/4730 3071/4642 3060/4641 3032/4731
f 3037/4732 3066/4644 3061/4611 3033/4707
f 3052/4718 3049/4622 3062/4646 3034/4608
f 3053/4708 3048/4610 3063/4357 3035/4705
f 3044/4690 3040/4322 3064/4623 3036/4717
f 3034/4608 3062/4646 3065/4638 3038/4728
f 3032/4731 3060/4641 3066/4644 3037/4732
f 3075/4733 3077/4650 3067/4649 3039/4734
f 3085/4735 3086/4654 3068/4653 3042/4736
f 3092/4737 3093/4658 3069/4657 3046/4738
f 3047/4739 3072/4662 3070/4661 3043/4740
f 3046/4738 3069/4657 3071/4642 3050/4730
f 3031/4729 3059/4637 3072/4662 3047/4739
f 3091/4741 3094/4666 3073/4665 3051/4742
f 3076/4743 3078/4670 3074/4669 3054/4744
f 3054/4722 3051/4721 3075/4710 3076/4709
f 3051/4742 3073/4665 3077/4650 3075/4733
f 3042/4736 3068/4653 3078/4670 3076/4743
f 3085/4745 3084/4746 3079/4747 3080/4748
f 3084/4749 3083/4678 3081/4677 3079/4750
f 3088/4751 3089/4682 3082/4681 3080/4752
f 3080/4752 3082/4681 3086/4654 3085/4735
f 3042/4712 3039/4711 3084/4746 3085/4745
f 3039/4734 3067/4649 3083/4678 3084/4749
f 3080/4748 3079/4747 3087/4686 3088/4685
f 3079/4750 3081/4677 3090/4631 3087/4723
f 3029/4753 3057/4684 3089/4682 3088/4751
f 3046/4716 3043/4715 3091/4720 3092/4719
f 3054/4744 3074/4669 3093/4658 3092/4737
f 3043/4740 3070/4661 3094/4666 3091/4741
f 3104/4754 3103/4755 3119/4756 3120/4757
f 3102/4758 3101/4759 3117/4760 3118/4761
f 3100/4762 3099/4763 3115/4764 3116/4765
f 3095/4766 3110/4767 3126/4768 3111/4769
f 3098/4770 3097/4771 3113/4772 3114/4773
f 3109/4774 3108/4775 3124/4776 3125/4777
f 3096/4778 3095/4766 3111/4769 3112/4779
f 3107/4780 3106/4781 3122/4782 3123/4783
f 3105/4784 3104/4754 3120/4757 3121/4785
f 3103/4755 3102/4758 3118/4761 3119/4756
f 3101/4759 3100/4762 3116/4765 3117/4760
f 3099/4763 3098/4770 3114/4773 3115/4764
f 3110/4767 3109/4774 3125/4777 3126/4768
f 3097/4771 3096/4778 3112/4779 3113/4772
f 3108/4775 3107/4780 3123/4783 3124/4776
f 3106/4781 3105/4784 3121/4785 3122/4782
f 3111/4786 3126/4787 3158/4788 3143/4789
f 3116/4790 3115/4791 3147/4792 3148/4793
f 3125/4794 3124/4795 3156/4796 3157/4797
f 3114/4798 3113/4799 3145/4800 3146/4801
f 3123/4802 3122/4803 3154/4804 3155/4805
f 3112/4806 3111/4807 3143/4808 3144/4809
f 3121/4810 3120/4811 3152/4812 3153/4813
f 3119/4814 3118/4815 3150/4816 3151/4817
f 3117/4818 3116/4790 3148/4793 3149/4819
f 3126/4787 3125/4794 3157/4797 3158/4788
f 3115/4791 3114/4798 3146/4801 3147/4792
f 3124/4795 3123/4802 3155/4805 3156/4796
f 3113/4799 3112/4806 3144/4809 3145/4800
f 3122/4803 3121/4810 3153/4813 3154/4804
f 3120/4811 3119/4814 3151/4817 3152/4812
f 3118/4815 3117/4818 3149/4819 3150/4816
f 3127/4820 3143/4821 3158/4822 3142/4823
f 3142/4823 3158/4822 3157/4824 3141/4825
f 3141/4825 3157/4824 3156/4826 3140/4827
f 3140/4827 3156/4826 3155/4828 3139/4829
f 3139/4829 3155/4828 3154/4830 3138/4831
f 3138/4831 3154/4830 3153/4832 3137/4833
f 3137/4833 3153/4832 3152/4834 3136/4835
f 3136/4835 3152/4834 3151/4836 3135/4837
f 3135/4837 3151/4836 3150/4838 3134/4839
f 3134/4839 3150/4838 3149/4840 3133/4841
f 3133/4841 3149/4840 3148/4842 3132/4843
f 3132/4843 3148/4842 3147/4844 3131/4845
f 3131/4845 3147/4844 3146/4846 3130/4847
f 3130/4847 3146/4846 3145/4848 3129/4849
f 3129/4849 3145/4848 3144/4850 3128/4851
f 3128/4851 3144/4850 3143/4821 3127/4820
o Clock_HourArm
v -2.335000 0.062477 16.920000
v -2.335000 0.891526 16.875000
v -2.305000 0.891526 16.875000
v -2.305000 0.062477 16.920000
v -2.335000 0.394824 16.926403
v -2.305000 0.394824 16.926403
v -2.305000 0.296857 16.961645
v -2.335000 0.296857 16.961645
v -2.305000 0.179667 16.958107
v -2.335000 0.179667 16.958107
v -2.305000 0.349460 16.940516
v -2.335000 0.349460 16.940516
v -2.335000 0.691526 16.942743
v -2.305000 0.691526 16.942743
v -2.335000 0.475890 16.909451
v -2.335000 0.121072 16.935398
v -2.305000 0.121072 16.935398
v -2.305000 0.475890 16.909451
v -2.335000 0.437991 16.916368
v -2.305000 0.437991 16.916368
v -2.335000 0.574336 16.912142
v -2.335000 0.238262 16.967098
v -2.305000 0.238262 16.967098
v -2.305000 0.574336 16.912142
v -2.335000 0.632931 16.931988
v -2.305000 0.632931 16.931988
v -2.335000 0.791526 16.917767
v -2.305000 0.791526 16.917767
v -2.335000 0.741526 16.935926
v -2.305000 0.741526 16.935926
v -2.335000 0.841526 16.897291
v -2.305000 0.841526 16.897291
v -2.335000 0.515741 16.907066
v -2.305000 0.515741 16.907066
v -2.335000 0.062477 16.820002
v -2.335000 0.891526 16.865002
v -2.305000 0.891526 16.865002
v -2.305000 0.062477 16.820002
v -2.335000 0.394824 16.813599
v -2.305000 0.394824 16.813599
v -2.305000 0.296857 16.778357
v -2.335000 0.296857 16.778357
v -2.305000 0.179667 16.781895
v -2.335000 0.179667 16.781895
v -2.305000 0.349460 16.799486
v -2.335000 0.349460 16.799486
v -2.335000 0.691526 16.797258
v -2.345000 0.121072 16.870001
v -2.305000 0.121072 16.870001
v -2.305000 0.691526 16.797258
v -2.335000 0.475890 16.830551
v -2.335000 0.121072 16.804604
v -2.305000 0.121072 16.804604
v -2.305000 0.475890 16.830551
v -2.335000 0.437991 16.823633
v -2.305000 0.238262 16.870001
v -2.345000 0.238262 16.870001
v -2.305000 0.437991 16.823633
v -2.335000 0.574336 16.827860
v -2.335000 0.238262 16.772903
v -2.305000 0.238262 16.772903
v -2.305000 0.574336 16.827860
v -2.345000 0.062477 16.870001
v -2.340000 0.896523 16.870001
v -2.305000 0.896523 16.870001
v -2.305000 0.062477 16.870001
v -2.345000 0.394824 16.870001
v -2.305000 0.394824 16.870001
v -2.305000 0.296857 16.870001
v -2.345000 0.296857 16.870001
v -2.305000 0.179667 16.870001
v -2.345000 0.179667 16.870001
v -2.345000 0.349460 16.870001
v -2.305000 0.349460 16.870001
v -2.345000 0.691526 16.870001
v -2.305000 0.691526 16.870001
v -2.305000 0.475890 16.870001
v -2.345000 0.475890 16.870001
v -2.305000 0.437991 16.870001
v -2.345000 0.437991 16.870001
v -2.345000 0.574336 16.870001
v -2.305000 0.574336 16.870001
v -2.335000 0.632931 16.808014
v -2.305000 0.632931 16.808014
v -2.345000 0.632931 16.870001
v -2.305000 0.632931 16.870001
v -2.335000 0.791526 16.822235
v -2.305000 0.791526 16.822235
v -2.345000 0.791526 16.870001
v -2.305000 0.791526 16.870001
v -2.345000 0.741526 16.870001
v -2.335000 0.741526 16.804075
v -2.305000 0.741526 16.804075
v -2.305000 0.741526 16.870001
v -2.335000 0.841526 16.842710
v -2.305000 0.841526 16.842710
v -2.305000 0.841526 16.870001
v -2.345000 0.841526 16.870001
v -2.335000 0.515741 16.832935
v -2.305000 0.515741 16.832935
v -2.305000 0.515741 16.870001
v -2.345000 0.515741 16.870001
v -2.300000 0.045000 16.870001
v -2.300000 0.041575 16.887222
v -2.300000 0.031820 16.901821
v -2.300000 0.017221 16.911575
v -2.300000 -0.000000 16.915001
v -2.300000 -0.017221 16.911575
v -2.300000 -0.031820 16.901821
v -2.300000 -0.041575 16.887222
v -2.300000 -0.045000 16.870001
v -2.300000 -0.041575 16.852779
v -2.300000 -0.031820 16.838181
v -2.300000 -0.017221 16.828426
v -2.300000 0.000000 16.825001
v -2.300000 0.017221 16.828426
v -2.300000 0.031820 16.838181
v -2.300000 0.041575 16.852779
v -2.300000 0.090000 16.870001
v -2.300000 0.083149 16.904442
v -2.300000 0.063640 16.933640
v -2.300000 0.034442 16.953148
v -2.300000 -0.000000 16.959999
v -2.300000 -0.034442 16.953148
v -2.300000 -0.063640 16.933640
v -2.300000 -0.083149 16.904442
v -2.300000 -0.090000 16.869999
v -2.300000 -0.083149 16.835556
v -2.300000 -0.063640 16.806358
v -2.300000 -0.034442 16.786850
v -2.300000 0.000000 16.779999
v -2.300000 0.034442 16.786850
v -2.300000 0.063640 16.806358
v -2.300000 0.083149 16.835556
v -2.350000 0.045000 16.870001
v -2.350000 0.041575 16.887222
v -2.350000 0.031820 16.901821
v -2.350000 0.017221 16.911575
v -2.350000 -0.000000 16.915001
v -2.350000 -0.017221 16.911575
v -2.350000 -0.031820 16.901821
v -2.350000 -0.041575 16.887222
v -2.350000 -0.045000 16.870001
v -2.350000 -0.041575 16.852779
v -2.350000 -0.031820 16.838181
v -2.350000 -0.017221 16.828426
v -2.350000 0.000000 16.825001
v -2.350000 0.017221 16.828426
v -2.350000 0.031820 16.838181
v -2.350000 0.041575 16.852779
v -2.350000 0.090000 16.870003
v -2.350000 0.083149 16.904444
v -2.350000 0.063640 16.933641
v -2.350000 0.034442 16.953150
v -2.350000 -0.000000 16.960001
v -2.350000 -0.034442 16.953150
v -2.350000 -0.063640 16.933641
v -2.350000 -0.083149 16.904444
v -2.350000 -0.090000 16.870001
v -2.350000 -0.083149 16.835558
v -2.350000 -0.063640 16.806360
v -2.350000 -0.034442 16.786852
v -2.350000 0.000000 16.780001
v -2.350000 0.034442 16.786852
v -2.350000 0.063640 16.806360
v -2.350000 0.083149 16.835558
v 2.350000 -0.083152 16.835558
v 2.350000 -0.063643 16.806360
v 2.350000 -0.034445 16.786852
v 2.350000 -0.000003 16.780001
v 2.350000 0.034439 16.786852
v 2.350000 0.063637 16.806360
v 2.350000 0.083146 16.835558
v 2.350000 0.089997 16.870001
v 2.350000 0.083146 16.904444
v 2.350000 0.063637 16.933641
v 2.350000 0.034439 16.953150
v 2.350000 -0.000003 16.960001
v 2.350000 -0.034445 16.953150
v 2.350000 -0.063643 16.933641
v 2.350000 -0.083152 16.904444
v 2.350000 -0.090003 16.870003
v 2.350000 -0.041578 16.852779
v 2.350000 -0.031823 16.838181
v 2.350000 -0.017224 16.828426
v 2.350000 -0.000003 16.825001
v 2.350000 0.017218 16.828426
v 2.350000 0.031817 16.838181
v 2.350000 0.041572 16.852779
v 2.350000 0.044997 16.870001
v 2.350000 0.041572 16.887222
v 2.350000 0.031817 16.901821
v 2.350000 0.017218 16.911575
v 2.350000 -0.000003 16.915001
v 2.350000 -0.017224 16.911575
v 2.350000 -0.031823 16.901821
v 2.350000 -0.041578 16.887222
v 2.350000 -0.045003 16.870001
v 2.300000 -0.083152 16.835556
v 2.300000 -0.063643 16.806358
v 2.300000 -0.034444 16.786850
v 2.300000 -0.000003 16.779999
v 2.300000 0.034439 16.786850
v 2.300000 0.063637 16.806358
v 2.300000 0.083146 16.835556
v 2.300000 0.089997 16.869999
v 2.300000 0.083146 16.904442
v 2.300000 0.063637 16.933640
v 2.300000 0.034439 16.953148
v 2.300000 -0.000003 16.959999
v 2.300000 -0.034444 16.953148
v 2.300000 -0.063643 16.933640
v 2.300000 -0.083152 16.904442
v 2.300000 -0.090003 16.870001
v 2.300000 -0.041578 16.852779
v 2.300000 -0.031823 16.838181
v 2.300000 -0.017224 16.828426
v 2.300000 -0.000003 16.825001
v 2.300000 0.017218 16.828426
v 2.300000 0.031817 16.838181
v 2.300000 0.041572 16.852779
v 2.300000 0.044997 16.870001
v 2.300000 0.041572 16.887222
v 2.300000 0.031817 16.901821
v 2.300000 0.017218 16.911575
v 2.300000 -0.000003 16.915001
v 2.300000 -0.017224 16.911575
v 2.300000 -0.031823 16.901821
v 2.300000 -0.041578 16.887222
v 2.300000 -0.045003 16.870001
v 2.344999 -0.515744 16.870001
v 2.304999 -0.515744 16.870001
v 2.304999 -0.515744 16.832935
v 2.334999 -0.515744 16.832935
v 2.344999 -0.841529 16.870001
v 2.304999 -0.841529 16.870001
v 2.304999 -0.841529 16.842710
v 2.334998 -0.841529 16.842710
v 2.304999 -0.741529 16.870001
v 2.304999 -0.741529 16.804075
v 2.334999 -0.741529 16.804075
v 2.344999 -0.741529 16.870001
v 2.304999 -0.791529 16.870001
v 2.344999 -0.791529 16.870001
v 2.304999 -0.791529 16.822235
v 2.334999 -0.791529 16.822235
v 2.304999 -0.632934 16.870001
v 2.344999 -0.632934 16.870001
v 2.304999 -0.632934 16.808014
v 2.334999 -0.632934 16.808014
v 2.304999 -0.574339 16.870001
v 2.344999 -0.574339 16.870001
v 2.344999 -0.437994 16.870001
v 2.304999 -0.437994 16.870001
v 2.344999 -0.475893 16.870001
v 2.304999 -0.475893 16.870001
v 2.304999 -0.691529 16.870001
v 2.344999 -0.691529 16.870001
v 2.304999 -0.349463 16.870001
v 2.344999 -0.349463 16.870001
v 2.345000 -0.179670 16.870001
v 2.305000 -0.179670 16.870001
v 2.344999 -0.296860 16.870001
v 2.304999 -0.296860 16.870001
v 2.304999 -0.394827 16.870001
v 2.344999 -0.394827 16.870001
v 2.305000 -0.062480 16.870001
v 2.304999 -0.896526 16.870001
v 2.339998 -0.896526 16.870001
v 2.345000 -0.062480 16.870001
v 2.304999 -0.574339 16.827860
v 2.305000 -0.238265 16.772903
v 2.334999 -0.238265 16.772903
v 2.334999 -0.574339 16.827860
v 2.304999 -0.437994 16.823633
v 2.345000 -0.238265 16.870001
v 2.305000 -0.238265 16.870001
v 2.334999 -0.437994 16.823633
v 2.304999 -0.475893 16.830551
v 2.305000 -0.121075 16.804604
v 2.334999 -0.121075 16.804604
v 2.334999 -0.475893 16.830551
v 2.304999 -0.691529 16.797258
v 2.305000 -0.121075 16.870001
v 2.345000 -0.121075 16.870001
v 2.334999 -0.691529 16.797258
v 2.334999 -0.349463 16.799486
v 2.304999 -0.349463 16.799486
v 2.334999 -0.179670 16.781895
v 2.305000 -0.179670 16.781895
v 2.334999 -0.296860 16.778357
v 2.304999 -0.296860 16.778357
v 2.304999 -0.394827 16.813599
v 2.334999 -0.394827 16.813599
v 2.305000 -0.062480 16.820002
v 2.304999 -0.891529 16.865002
v 2.334998 -0.891529 16.865002
v 2.335000 -0.062480 16.820002
v 2.304999 -0.515744 16.907066
v 2.334999 -0.515744 16.907066
v 2.304999 -0.841529 16.897291
v 2.334998 -0.841529 16.897291
v 2.304999 -0.741529 16.935926
v 2.334999 -0.741529 16.935926
v 2.304999 -0.791529 16.917767
v 2.334999 -0.791529 16.917767
v 2.304999 -0.632934 16.931988
v 2.334999 -0.632934 16.931988
v 2.304999 -0.574339 16.912142
v 2.305000 -0.238265 16.967098
v 2.334999 -0.238265 16.967098
v 2.334999 -0.574339 16.912142
v 2.304999 -0.437994 16.916368
v 2.334999 -0.437994 16.916368
v 2.304999 -0.475893 16.909451
v 2.305000 -0.121075 16.935398
v 2.334999 -0.121075 16.935398
v 2.334999 -0.475893 16.909451
v 2.304999 -0.691529 16.942743
v 2.334999 -0.691529 16.942743
v 2.334999 -0.349463 16.940516
v 2.304999 -0.349463 16.940516
v 2.334999 -0.179670 16.958107
v 2.305000 -0.179670 16.958107
v 2.334999 -0.296860 16.961645
v 2.304999 -0.296860 16.961645
v 2.304999 -0.394827 16.926403
v 2.334999 -0.394827 16.926403
v 2.305000 -0.062480 16.920000
v 2.304999 -0.891529 16.875000
v 2.334998 -0.891529 16.875000
v 2.335000 -0.062480 16.920000
vt 0.030635 0.668565
vt 0.011150 0.669093
vt 0.010860 0.658413
vt 0.030350 0.657886
vt 0.020016 0.674028
vt 0.040707 0.679385
vt 0.040697 0.656037
vt 0.020018 0.656038
vt 0.210490 0.665859
vt 0.193819 0.665807
vt 0.193836 0.655255
vt 0.210552 0.655326
vt 0.314868 0.667294
vt 0.293676 0.666913
vt 0.293858 0.656416
vt 0.315057 0.656797
vt 0.250955 0.666248
vt 0.230352 0.666012
vt 0.230456 0.655495
vt 0.251092 0.655741
vt 0.271697 0.666546
vt 0.271861 0.656046
vt 0.061386 0.624489
vt 0.040705 0.632510
vt 0.040710 0.655601
vt 0.061400 0.655593
vt 0.102747 0.623217
vt 0.082066 0.621306
vt 0.082087 0.655580
vt 0.102774 0.655565
vt 0.107844 0.666699
vt 0.086701 0.667145
vt 0.086465 0.656486
vt 0.107643 0.656049
vt 0.178240 0.665826
vt 0.164672 0.665904
vt 0.164599 0.655309
vt 0.178211 0.655255
vt 0.061406 0.687327
vt 0.082088 0.690466
vt 0.082062 0.656020
vt 0.061382 0.656031
vt 0.150582 0.666041
vt 0.129771 0.666321
vt 0.129612 0.655686
vt 0.150466 0.655425
vt 0.295350 0.664750
vt 0.313037 0.656898
vt 0.314606 0.654262
vt 0.295149 0.654511
vt 0.008634 0.669161
vt 0.008294 0.656704
vt 0.020015 0.637947
vt 0.020018 0.655606
vt 0.121338 0.681116
vt 0.137358 0.676167
vt 0.137317 0.655950
vt 0.121307 0.655978
vt 0.152568 0.639137
vt 0.137332 0.635621
vt 0.137361 0.655526
vt 0.152600 0.655499
vt 0.121318 0.630657
vt 0.121345 0.655547
vt 0.102765 0.688537
vt 0.102740 0.656002
vt 0.221634 0.677579
vt 0.242403 0.681116
vt 0.242115 0.655144
vt 0.221389 0.655372
vt 0.259603 0.631747
vt 0.241946 0.629447
vt 0.259745 0.655013
vt 0.179997 0.642346
vt 0.165941 0.641549
vt 0.165979 0.655468
vt 0.180045 0.655424
vt 0.152604 0.672653
vt 0.165995 0.670219
vt 0.165921 0.655847
vt 0.152550 0.655906
vt 0.180079 0.669321
vt 0.200812 0.670889
vt 0.200672 0.655582
vt 0.179982 0.655760
vt 0.221293 0.633358
vt 0.200658 0.640469
vt 0.200727 0.655338
vt 0.221411 0.655232
vt 0.068776 0.667574
vt 0.049860 0.668054
vt 0.049585 0.657380
vt 0.068515 0.656907
vt 0.260062 0.678530
vt 0.277695 0.671996
vt 0.277510 0.654728
vt 0.259805 0.654940
vt 0.294971 0.645150
vt 0.277283 0.638047
vt 0.277394 0.654902
vt 0.295043 0.654779
vt 0.312677 0.652870
vt 0.314456 0.654618
vt 0.030259 0.648509
vt 0.030691 0.659190
vt 0.011208 0.660003
vt 0.010761 0.649325
vt 0.020015 0.638049
vt 0.040698 0.632696
vt 0.210637 0.646190
vt 0.210409 0.656724
vt 0.193743 0.656412
vt 0.193914 0.645861
vt 0.315057 0.649456
vt 0.314684 0.659932
vt 0.293528 0.659180
vt 0.293895 0.648698
vt 0.251175 0.647274
vt 0.250859 0.657774
vt 0.230269 0.657194
vt 0.230546 0.646680
vt 0.271579 0.658426
vt 0.271925 0.647937
vt 0.061416 0.686702
vt 0.040720 0.678695
vt 0.102801 0.687924
vt 0.082111 0.689865
vt 0.107662 0.646049
vt 0.107876 0.656698
vt 0.086748 0.657210
vt 0.086460 0.646546
vt 0.178279 0.645641
vt 0.178172 0.656212
vt 0.164621 0.656127
vt 0.164653 0.645537
vt 0.061379 0.624748
vt 0.082041 0.621589
vt 0.150508 0.645534
vt 0.150555 0.656144
vt 0.129776 0.656328
vt 0.129644 0.645698
vt 0.295093 0.644274
vt 0.312969 0.651669
vt 0.008768 0.661887
vt 0.008244 0.649437
vt 0.020023 0.673264
vt 0.121266 0.630865
vt 0.137269 0.635757
vt 0.152634 0.671875
vt 0.137390 0.675445
vt 0.121372 0.680448
vt 0.102700 0.623486
vt 0.221163 0.633187
vt 0.241818 0.629193
vt 0.259887 0.678291
vt 0.242242 0.680802
vt 0.180094 0.668512
vt 0.166018 0.669400
vt 0.152487 0.639190
vt 0.165844 0.641507
vt 0.179879 0.642224
vt 0.200523 0.640297
vt 0.221527 0.677120
vt 0.200796 0.670218
vt 0.068477 0.647084
vt 0.068826 0.657760
vt 0.049913 0.658434
vt 0.049515 0.647753
vt 0.259509 0.631366
vt 0.277276 0.637470
vt 0.295116 0.664415
vt 0.277506 0.671769
vt 0.312708 0.656400
vt 0.098374 0.658925
vt 0.098375 0.652727
vt 0.113956 0.649628
vt 0.113956 0.662026
vt 0.096003 0.647000
vt 0.091620 0.642617
vt 0.100445 0.629408
vt 0.109212 0.638173
vt 0.085894 0.640246
vt 0.079696 0.640247
vt 0.076598 0.624669
vt 0.088992 0.624666
vt 0.067210 0.658922
vt 0.069580 0.664648
vt 0.056367 0.673470
vt 0.051628 0.662013
vt 0.073969 0.642619
vt 0.069586 0.646999
vt 0.056382 0.638171
vt 0.065148 0.629411
vt 0.073963 0.669032
vt 0.079690 0.671406
vt 0.076585 0.686991
vt 0.065131 0.682242
vt 0.067212 0.652723
vt 0.051635 0.649619
vt 0.085889 0.671406
vt 0.091617 0.669035
vt 0.100445 0.682247
vt 0.088987 0.686995
vt 0.096002 0.664653
vt 0.109212 0.673481
vt 0.206577 0.674982
vt 0.194183 0.674972
vt 0.194197 0.657325
vt 0.206592 0.657335
vt 0.070218 0.674924
vt 0.057817 0.674931
vt 0.057800 0.657276
vt 0.070205 0.657266
vt 0.181787 0.674961
vt 0.169396 0.674951
vt 0.169410 0.657304
vt 0.181804 0.657314
vt 0.045420 0.674942
vt 0.033027 0.674955
vt 0.033008 0.657307
vt 0.045402 0.657291
vt 0.157001 0.674942
vt 0.144607 0.674933
vt 0.144619 0.657284
vt 0.157015 0.657294
vt 0.020632 0.674969
vt 0.008237 0.674983
vt 0.008218 0.657333
vt 0.020615 0.657320
vt 0.132213 0.674925
vt 0.119818 0.674919
vt 0.119823 0.657266
vt 0.132224 0.657274
vt 0.107419 0.674916
vt 0.095019 0.674916
vt 0.095019 0.657257
vt 0.107423 0.657261
vt 0.082618 0.674918
vt 0.082611 0.657259
vt 0.098419 0.653170
vt 0.114004 0.650078
vt 0.113994 0.662477
vt 0.098416 0.659366
vt 0.109241 0.673924
vt 0.096041 0.665092
vt 0.100471 0.682680
vt 0.091657 0.669473
vt 0.089023 0.687413
vt 0.085931 0.671843
vt 0.076634 0.687413
vt 0.079734 0.671841
vt 0.065185 0.682672
vt 0.074008 0.669467
vt 0.056419 0.673909
vt 0.069626 0.665083
vt 0.051674 0.662457
vt 0.067255 0.659357
vt 0.051672 0.650059
vt 0.067255 0.653157
vt 0.056416 0.638603
vt 0.069628 0.647430
vt 0.065185 0.629832
vt 0.074013 0.643047
vt 0.076644 0.625086
vt 0.079741 0.640676
vt 0.089048 0.625091
vt 0.085941 0.640678
vt 0.100503 0.629845
vt 0.091667 0.643054
vt 0.109267 0.638619
vt 0.096049 0.647441
vt 0.074097 0.642679
vt 0.065268 0.629472
vt 0.076723 0.624726
vt 0.079825 0.640308
vt 0.091753 0.642680
vt 0.100580 0.629469
vt 0.109346 0.638237
vt 0.096137 0.647062
vt 0.074098 0.669092
vt 0.065271 0.682302
vt 0.056505 0.673533
vt 0.069714 0.664708
vt 0.086025 0.640308
vt 0.089124 0.624723
vt 0.098510 0.652789
vt 0.114090 0.649691
vt 0.114090 0.662086
vt 0.098511 0.658987
vt 0.169517 0.656876
vt 0.157141 0.656933
vt 0.157081 0.639304
vt 0.169449 0.639265
vt 0.057892 0.656991
vt 0.045470 0.656978
vt 0.045493 0.639292
vt 0.057913 0.639310
vt 0.109347 0.673536
vt 0.096138 0.664712
vt 0.020621 0.656946
vt 0.008194 0.656930
vt 0.008217 0.639235
vt 0.020645 0.639253
vt 0.033046 0.656962
vt 0.033072 0.639271
vt 0.085982 0.671564
vt 0.091709 0.669190
vt 0.100536 0.682403
vt 0.089081 0.687148
vt 0.051763 0.662080
vt 0.067342 0.658982
vt 0.107532 0.657018
vt 0.095127 0.657017
vt 0.095133 0.639357
vt 0.107530 0.639362
vt 0.098464 0.659079
vt 0.098464 0.652881
vt 0.114044 0.649781
vt 0.114046 0.662178
vt 0.069714 0.647060
vt 0.056506 0.638237
vt 0.051764 0.649687
vt 0.067342 0.652785
vt 0.079825 0.671463
vt 0.076726 0.687048
vt 0.100583 0.682303
vt 0.091754 0.669094
vt 0.082719 0.657012
vt 0.082734 0.639346
vt 0.119937 0.657012
vt 0.119924 0.639360
vt 0.194236 0.656766
vt 0.181879 0.656819
vt 0.181808 0.639219
vt 0.194166 0.639172
vt 0.070309 0.657003
vt 0.070328 0.639329
vt 0.144745 0.656974
vt 0.132341 0.656999
vt 0.132315 0.639351
vt 0.144700 0.639332
vt 0.089126 0.687048
vt 0.086026 0.671464
vt 0.085983 0.640401
vt 0.079784 0.640401
vt 0.076683 0.624821
vt 0.089081 0.624821
vt 0.074057 0.669192
vt 0.079783 0.671565
vt 0.076683 0.687147
vt 0.065229 0.682401
vt 0.067302 0.659083
vt 0.069673 0.664810
vt 0.056464 0.673635
vt 0.051721 0.662182
vt 0.096092 0.647154
vt 0.091709 0.642772
vt 0.100534 0.629564
vt 0.109299 0.638329
vt 0.096092 0.664808
vt 0.109303 0.673634
vt 0.067302 0.652885
vt 0.051722 0.649785
vt 0.165790 0.670364
vt 0.165831 0.656007
vt 0.179901 0.656051
vt 0.179850 0.669602
vt 0.074057 0.642775
vt 0.065230 0.629566
vt 0.206592 0.656717
vt 0.206523 0.639123
vt 0.069674 0.647158
vt 0.056465 0.638333
vt 0.277384 0.673750
vt 0.277492 0.656481
vt 0.295141 0.656570
vt 0.295160 0.666812
vt 0.200235 0.640171
vt 0.200551 0.655022
vt 0.179868 0.655413
vt 0.179657 0.642357
vt 0.294549 0.642909
vt 0.294848 0.652530
vt 0.277204 0.653054
vt 0.276719 0.636214
vt 0.158506 0.676584
vt 0.158520 0.665990
vt 0.172622 0.666001
vt 0.172614 0.676609
vt 0.220701 0.632692
vt 0.221232 0.654542
vt 0.258924 0.630305
vt 0.259559 0.653550
vt 0.241913 0.654022
vt 0.241246 0.628374
vt 0.221247 0.678429
vt 0.221336 0.656220
vt 0.242077 0.656314
vt 0.241954 0.682290
vt 0.193432 0.676626
vt 0.193433 0.666002
vt 0.215356 0.665990
vt 0.215359 0.676630
vt 0.200604 0.656130
vt 0.200536 0.671432
vt 0.081952 0.690329
vt 0.081968 0.655911
vt 0.102639 0.655920
vt 0.102607 0.688431
vt 0.165802 0.655602
vt 0.165647 0.641709
vt 0.314606 0.656680
vt 0.312988 0.659283
vt 0.040631 0.679221
vt 0.040633 0.655903
vt 0.061300 0.655906
vt 0.061299 0.687169
vt 0.236501 0.665970
vt 0.236507 0.676625
vt 0.312426 0.650185
vt 0.314249 0.651881
vt 0.273359 0.676616
vt 0.273355 0.665941
vt 0.292589 0.665931
vt 0.292592 0.676613
vt 0.254433 0.665953
vt 0.254439 0.676620
vt 0.259647 0.679989
vt 0.259777 0.656396
vt 0.137182 0.676154
vt 0.137215 0.655950
vt 0.152452 0.655976
vt 0.152414 0.672706
vt 0.152423 0.655721
vt 0.152308 0.639385
vt 0.137099 0.635924
vt 0.137183 0.655806
vt 0.121167 0.655863
vt 0.121102 0.630992
vt 0.121172 0.681051
vt 0.102542 0.623569
vt 0.040531 0.632881
vt 0.040539 0.655959
vt 0.019857 0.655961
vt 0.019855 0.638317
vt 0.144911 0.676555
vt 0.144926 0.665976
vt 0.129294 0.676525
vt 0.129308 0.665959
vt 0.092663 0.676475
vt 0.092668 0.665945
vt 0.112586 0.665949
vt 0.112577 0.676497
vt 0.029272 0.676450
vt 0.029276 0.665956
vt 0.051261 0.665956
vt 0.051260 0.676458
vt 0.072025 0.665948
vt 0.072024 0.676464
vt 0.081910 0.655931
vt 0.081872 0.621669
vt 0.008086 0.676435
vt 0.008091 0.665945
vt 0.019971 0.673865
vt 0.019978 0.655903
vt 0.165867 0.641638
vt 0.179944 0.642490
vt 0.312087 0.665923
vt 0.312089 0.676608
vt 0.061224 0.655949
vt 0.061202 0.624857
vt 0.314606 0.664140
vt 0.314606 0.676608
vt 0.259870 0.632797
vt 0.277553 0.639206
vt 0.277692 0.669928
vt 0.260195 0.676841
vt 0.242192 0.630333
vt 0.158251 0.639976
vt 0.172350 0.639943
vt 0.172376 0.650559
vt 0.158254 0.650570
vt 0.295269 0.646327
vt 0.221764 0.676449
vt 0.200867 0.669921
vt 0.200663 0.640820
vt 0.221445 0.634005
vt 0.254244 0.639419
vt 0.273189 0.639245
vt 0.273290 0.649933
vt 0.254338 0.650101
vt 0.295150 0.662166
vt 0.236291 0.639577
vt 0.236373 0.650247
vt 0.292442 0.639053
vt 0.292551 0.649745
vt 0.312549 0.653711
vt 0.193172 0.639861
vt 0.215120 0.639734
vt 0.215187 0.650389
vt 0.193219 0.650498
vt 0.242581 0.679721
vt 0.165956 0.669560
vt 0.152539 0.672123
vt 0.040544 0.679048
vt 0.019855 0.673608
vt 0.137268 0.675747
vt 0.137235 0.635733
vt 0.081976 0.621482
vt 0.102643 0.623396
vt 0.040633 0.632581
vt 0.061310 0.624634
vt 0.121232 0.680780
vt 0.312067 0.649540
vt 0.311954 0.638847
vt 0.314472 0.638821
vt 0.314606 0.651293
vt 0.121215 0.630801
vt 0.102649 0.688278
vt 0.081945 0.690226
vt 0.061242 0.687062
vt 0.112394 0.639850
vt 0.129082 0.639931
vt 0.129037 0.650483
vt 0.112328 0.650386
vt 0.008083 0.638822
vt 0.029235 0.639083
vt 0.029107 0.649560
vt 0.007953 0.649297
vt 0.071906 0.639548
vt 0.092512 0.639718
vt 0.092429 0.650236
vt 0.071806 0.650048
vt 0.051182 0.639341
vt 0.051065 0.649827
vt 0.144674 0.639974
vt 0.144652 0.650546
vt 0.313018 0.654054
usemtl Exterior_Mat
s off
f 3190/4852 3161/4853 3160/4854 3189/4855
f 3159/4856 3174/4857 3206/4858 3221/4859
f 3169/4860 3164/4861 3163/4862 3170/4863
f 3162/4864 3175/4865 3174/4866 3159/4867
f 3181/4868 3165/4869 3166/4870 3180/4871
f 3175/4865 3167/4872 3168/4873 3174/4866
f 3167/4874 3175/4875 3207/4876 3229/4877
f 3165/4869 3169/4860 3170/4863 3166/4870
f 3165/4878 3181/4879 3214/4880 3227/4881
f 3184/4882 3172/4883 3171/4884 3183/4885
f 3167/4872 3181/4868 3180/4871 3168/4873
f 3178/4886 3176/4887 3173/4888 3177/4889
f 3164/4861 3178/4886 3177/4889 3163/4862
f 3168/4890 3180/4891 3215/4892 3230/4893
f 3192/4894 3182/4895 3179/4896 3191/4897
f 3189/4898 3160/4899 3222/4900 3256/4901
f 3160/4854 3161/4853 3223/4902 3222/4903
f 3175/4875 3162/4904 3224/4905 3207/4876
f 3170/4906 3163/4907 3225/4908 3231/4909
f 3178/4910 3164/4911 3226/4912 3237/4913
f 3169/4914 3165/4878 3227/4881 3232/4915
f 3180/4891 3166/4916 3228/4917 3215/4892
f 3181/4879 3167/4874 3229/4877 3214/4880
f 3174/4857 3168/4890 3230/4893 3206/4858
f 3166/4916 3170/4906 3231/4909 3228/4917
f 3164/4911 3169/4914 3232/4915 3226/4912
f 3183/4918 3171/4919 3233/4920 3243/4921
f 3188/4922 3172/4923 3234/4920 3252/4924
f 3192/4925 3176/4926 3235/4927 3259/4928
f 3177/4929 3173/4930 3236/4931 3238/4932
f 3176/4926 3178/4910 3237/4913 3235/4927
f 3163/4907 3177/4929 3238/4932 3225/4908
f 3191/4933 3179/4934 3239/4935 3260/4936
f 3184/4937 3182/4938 3240/4939 3244/4940
f 3182/4895 3184/4882 3183/4885 3179/4896
f 3179/4934 3183/4918 3243/4921 3239/4935
f 3172/4923 3184/4937 3244/4940 3234/4920
f 3188/4941 3186/4942 3185/4943 3187/4944
f 3187/4945 3185/4946 3247/4947 3249/4948
f 3190/4949 3186/4950 3248/4951 3255/4952
f 3186/4950 3188/4922 3252/4924 3248/4951
f 3172/4883 3188/4941 3187/4944 3171/4884
f 3171/4919 3187/4945 3249/4948 3233/4920
f 3186/4942 3190/4852 3189/4855 3185/4943
f 3185/4946 3189/4898 3256/4901 3247/4947
f 3161/4953 3190/4949 3255/4952 3223/4954
f 3176/4887 3192/4894 3191/4897 3173/4888
f 3182/4938 3192/4925 3259/4928 3240/4939
f 3173/4930 3191/4933 3260/4936 3236/4931
f 3254/4955 3253/4956 3194/4957 3195/4958
f 3193/4959 3221/4859 3206/4858 3210/4960
f 3203/4961 3204/4962 3197/4963 3198/4964
f 3196/4965 3193/4966 3210/4967 3211/4968
f 3219/4969 3218/4970 3200/4971 3199/4972
f 3211/4968 3210/4967 3202/4973 3201/4974
f 3201/4975 3229/4877 3207/4876 3211/4976
f 3199/4972 3200/4971 3204/4962 3203/4961
f 3199/4977 3227/4881 3214/4880 3219/4978
f 3242/4979 3241/4980 3205/4981 3208/4982
f 3201/4974 3202/4973 3218/4970 3219/4969
f 3216/4983 3213/4984 3209/4985 3212/4986
f 3198/4964 3197/4963 3213/4984 3216/4983
f 3202/4987 3230/4893 3215/4892 3218/4988
f 3258/4989 3257/4990 3217/4991 3220/4992
f 3253/4993 3256/4901 3222/4900 3194/4994
f 3194/4957 3222/4995 3223/4996 3195/4958
f 3211/4976 3207/4876 3224/4905 3196/4997
f 3204/4998 3231/4909 3225/4908 3197/4999
f 3216/5000 3237/4913 3226/4912 3198/5001
f 3203/5002 3232/4915 3227/4881 3199/4977
f 3218/4988 3215/4892 3228/4917 3200/5003
f 3219/4978 3214/4880 3229/4877 3201/4975
f 3210/4960 3206/4858 3230/4893 3202/4987
f 3200/5003 3228/4917 3231/4909 3204/4998
f 3198/5001 3226/4912 3232/4915 3203/5002
f 3241/5004 3243/4921 3233/4920 3205/5005
f 3251/5006 3252/4924 3234/4920 3208/5007
f 3258/5008 3259/4928 3235/4927 3212/5009
f 3213/5010 3238/4932 3236/4931 3209/5011
f 3212/5009 3235/4927 3237/4913 3216/5000
f 3197/4999 3225/4908 3238/4932 3213/5010
f 3257/5012 3260/4936 3239/4935 3217/5013
f 3242/5014 3244/4940 3240/4939 3220/5015
f 3220/4992 3217/4991 3241/4980 3242/4979
f 3217/5013 3239/4935 3243/4921 3241/5004
f 3208/5007 3234/4920 3244/4940 3242/5014
f 3251/5016 3250/5017 3245/5018 3246/5019
f 3250/5020 3249/4948 3247/4947 3245/5021
f 3254/5022 3255/4952 3248/4951 3246/5023
f 3246/5023 3248/4951 3252/4924 3251/5006
f 3208/4982 3205/4981 3250/5017 3251/5016
f 3205/5005 3233/4920 3249/4948 3250/5020
f 3246/5019 3245/5018 3253/4956 3254/4955
f 3245/5021 3247/4947 3256/4901 3253/4993
f 3195/5024 3223/4954 3255/4952 3254/5022
f 3212/4986 3209/4985 3257/4990 3258/4989
f 3220/5015 3240/4939 3259/4928 3258/5008
f 3209/5011 3236/4931 3260/4936 3257/5012
f 3270/5025 3269/5026 3285/5027 3286/5028
f 3268/5029 3267/5030 3283/5031 3284/5032
f 3266/5033 3265/5034 3281/5035 3282/5036
f 3261/5037 3276/5038 3292/5039 3277/5040
f 3264/5041 3263/5042 3279/5043 3280/5044
f 3275/5045 3274/5046 3290/5047 3291/5048
f 3262/5049 3261/5037 3277/5040 3278/5050
f 3273/5051 3272/5052 3288/5053 3289/5054
f 3271/5055 3270/5025 3286/5028 3287/5056
f 3269/5026 3268/5029 3284/5032 3285/5027
f 3267/5030 3266/5033 3282/5036 3283/5031
f 3265/5034 3264/5041 3280/5044 3281/5035
f 3276/5038 3275/5045 3291/5048 3292/5039
f 3263/5042 3262/5049 3278/5050 3279/5043
f 3274/5046 3273/5051 3289/5054 3290/5047
f 3272/5052 3271/5055 3287/5056 3288/5053
f 3277/5057 3292/5058 3324/5059 3309/5060
f 3282/5061 3281/5062 3313/5063 3314/5064
f 3291/5065 3290/5066 3322/5067 3323/5068
f 3280/5069 3279/5070 3311/5071 3312/5072
f 3289/5073 3288/5074 3320/5075 3321/5076
f 3278/5077 3277/5078 3309/5079 3310/5080
f 3287/5081 3286/5082 3318/5083 3319/5084
f 3285/5085 3284/5086 3316/5087 3317/5088
f 3283/5089 3282/5061 3314/5064 3315/5090
f 3292/5058 3291/5065 3323/5068 3324/5059
f 3281/5062 3280/5069 3312/5072 3313/5063
f 3290/5066 3289/5073 3321/5076 3322/5067
f 3279/5070 3278/5077 3310/5080 3311/5071
f 3288/5074 3287/5081 3319/5084 3320/5075
f 3286/5082 3285/5085 3317/5088 3318/5083
f 3284/5086 3283/5089 3315/5090 3316/5087
f 3293/5091 3309/5092 3324/5093 3308/5094
f 3308/5094 3324/5093 3323/5095 3307/5096
f 3307/5096 3323/5095 3322/5097 3306/5098
f 3306/5098 3322/5097 3321/5099 3305/5100
f 3305/5100 3321/5099 3320/5101 3304/5102
f 3304/5102 3320/5101 3319/5103 3303/5104
f 3303/5104 3319/5103 3318/5105 3302/5106
f 3302/5106 3318/5105 3317/5107 3301/5108
f 3301/5108 3317/5107 3316/5109 3300/5110
f 3300/5110 3316/5109 3315/5111 3299/5112
f 3299/5112 3315/5111 3314/5113 3298/5114
f 3298/5114 3314/5113 3313/5115 3297/5116
f 3297/5116 3313/5115 3312/5117 3296/5118
f 3296/5118 3312/5117 3311/5119 3295/5120
f 3295/5120 3311/5119 3310/5121 3294/5122
f 3294/5122 3310/5121 3309/5092 3293/5091
f 3352/5123 3336/5124 3337/5125 3353/5126
f 3355/5127 3339/5128 3340/5129 3356/5130
f 3347/5131 3331/5132 3332/5133 3348/5134
f 3354/5135 3338/5136 3339/5128 3355/5127
f 3341/5137 3325/5138 3326/5139 3342/5140
f 3359/5141 3360/5142 3328/5143 3327/5144
f 3368/5145 3369/5146 3337/5147 3336/5148
f 3342/5140 3326/5139 3327/5149 3343/5150
f 3356/5130 3340/5129 3325/5138 3341/5137
f 3371/5151 3372/5152 3340/5153 3339/5154
f 3370/5155 3371/5151 3339/5154 3338/5156
f 3377/5157 3378/5158 3362/5159 3361/5160
f 3348/5134 3332/5133 3333/5161 3349/5162
f 3364/5163 3365/5164 3333/5165 3332/5166
f 3380/5167 3381/5168 3365/5169 3364/5170
f 3353/5126 3337/5125 3338/5136 3354/5135
f 3351/5171 3335/5172 3336/5124 3352/5123
f 3349/5162 3333/5161 3334/5173 3350/5174
f 3346/5175 3330/5176 3331/5132 3347/5131
f 3343/5150 3327/5149 3328/5177 3344/5178
f 3365/5164 3366/5179 3334/5180 3333/5165
f 3363/5181 3364/5163 3332/5166 3331/5182
f 3357/5183 3358/5184 3326/5185 3325/5186
f 3366/5179 3367/5187 3335/5188 3334/5180
f 3361/5189 3362/5190 3330/5191 3329/5192
f 3344/5178 3328/5177 3329/5193 3345/5194
f 3360/5142 3361/5189 3329/5192 3328/5143
f 3367/5187 3368/5145 3336/5148 3335/5188
f 3384/5195 3385/5196 3369/5197 3368/5198
f 3375/5199 3376/5200 3360/5201 3359/5202
f 3373/5203 3374/5204 3358/5205 3357/5206
f 3345/5194 3329/5193 3330/5176 3346/5175
f 3376/5200 3377/5157 3361/5160 3360/5201
f 3374/5204 3375/5199 3359/5202 3358/5205
f 3382/5207 3383/5208 3367/5209 3366/5210
f 3378/5158 3379/5211 3363/5212 3362/5159
f 3358/5184 3359/5141 3327/5144 3326/5185
f 3388/5213 3373/5203 3357/5206 3372/5214
f 3381/5168 3382/5207 3366/5210 3365/5169
f 3440/5215 3413/5216 3389/5217 3392/5218
f 3379/5211 3380/5167 3364/5170 3363/5212
f 3362/5190 3363/5181 3331/5182 3330/5191
f 3369/5146 3370/5155 3338/5156 3337/5147
f 3385/5196 3386/5219 3370/5220 3369/5197
f 3383/5208 3384/5195 3368/5198 3367/5209
f 3350/5174 3334/5173 3335/5172 3351/5171
f 3372/5221 3357/5183 3325/5186 3340/5222
f 3387/5223 3388/5213 3372/5214 3371/5224
f 3386/5219 3387/5223 3371/5224 3370/5220
f 3404/5225 3402/5226 3393/5227 3396/5228
f 3429/5229 3409/5230 3390/5231 3391/5232
f 3395/5233 3394/5234 3401/5235 3403/5236
f 3437/5237 3440/5238 3392/5239 3391/5240
f 3407/5241 3405/5242 3409/5230 3429/5229
f 3398/5243 3397/5244 3415/5245 3441/5246
f 3408/5247 3406/5248 3416/5249 3444/5250
f 3429/5251 3432/5252 3408/5253 3407/5254
f 3392/5218 3389/5217 3410/5255 3432/5256
f 3431/5257 3434/5258 3421/5259 3449/5260
f 3391/5232 3390/5231 3414/5261 3437/5262
f 3396/5228 3393/5227 3427/5263 3455/5264
f 3403/5236 3401/5235 3397/5244 3398/5243
f 3439/5265 3443/5266 3419/5267 3447/5268
f 3407/5254 3408/5253 3444/5269 3441/5270
f 3454/5271 3426/5272 3394/5234 3395/5233
f 3403/5273 3404/5274 3396/5275 3395/5276
f 3441/5270 3444/5269 3399/5277 3398/5278
f 3399/5279 3400/5280 3402/5226 3404/5225
f 3432/5256 3410/5255 3406/5248 3408/5247
f 3452/5281 3424/5282 3411/5283 3436/5284
f 3437/5262 3414/5261 3412/5285 3433/5286
f 3451/5287 3423/5288 3417/5289 3446/5290
f 3449/5260 3421/5259 3418/5289 3445/5291
f 3436/5284 3411/5283 3413/5216 3440/5215
f 3441/5246 3415/5245 3405/5242 3407/5241
f 3446/5290 3417/5289 3422/5259 3450/5292
f 3438/5293 3442/5294 3425/5295 3453/5296
f 3433/5297 3436/5298 3440/5238 3437/5237
f 3391/5240 3392/5239 3432/5252 3429/5251
f 3451/5299 3452/5300 3436/5298 3433/5297
f 3398/5278 3399/5277 3404/5274 3403/5273
f 3450/5301 3449/5302 3445/5303 3446/5304
f 3438/5305 3439/5306 3447/5307 3448/5308
f 3448/5308 3447/5307 3431/5309 3430/5310
f 3450/5292 3422/5259 3435/5311 3430/5312
f 3445/5291 3418/5289 3424/5282 3452/5281
f 3453/5313 3456/5314 3439/5306 3438/5305
f 3456/5315 3428/5316 3443/5266 3439/5265
f 3476/5317 3458/5318 3389/5217 3413/5216
f 3395/5276 3396/5275 3455/5319 3454/5320
f 3430/5312 3435/5311 3420/5321 3448/5322
f 3433/5286 3412/5285 3423/5288 3451/5287
f 3430/5310 3431/5309 3449/5302 3450/5301
f 3446/5304 3445/5303 3452/5300 3451/5299
f 3444/5250 3416/5249 3400/5280 3399/5279
f 3455/5319 3427/5323 3426/5324 3454/5320
f 3448/5322 3420/5321 3442/5294 3438/5293
f 3447/5268 3419/5267 3434/5258 3431/5257
f 3462/5325 3464/5326 3402/5226 3400/5280
f 3463/5327 3461/5328 3397/5244 3401/5235
f 3478/5329 3462/5325 3400/5280 3416/5249
f 3473/5330 3457/5331 3458/5332 3476/5333
f 3464/5326 3460/5334 3393/5227 3402/5226
f 3465/5335 3467/5336 3409/5230 3405/5242
f 3467/5336 3457/5008 3390/5231 3409/5230
f 3470/5337 3466/5338 3406/5248 3410/5255
f 3461/5339 3463/5340 3464/5341 3462/5342
f 3459/5343 3463/5327 3401/5235 3394/5234
f 3477/5344 3461/5339 3462/5342 3478/5345
f 3463/5340 3459/5346 3460/5347 3464/5341
f 3458/5318 3470/5337 3410/5255 3389/5217
f 3488/5348 3459/5343 3394/5234 3426/5272
f 3467/5349 3465/5350 3466/5351 3470/5352
f 3477/5353 3465/5335 3405/5242 3415/5245
f 3473/5354 3471/5355 3412/5285 3414/5261
f 3466/5338 3478/5329 3416/5249 3406/5248
f 3474/5356 3487/5357 3425/5295 3442/5294
f 3457/5008 3473/5354 3414/5261 3390/5231
f 3471/5355 3485/5358 3423/5288 3412/5285
f 3486/5359 3472/5010 3411/5283 3424/5282
f 3469/5360 3483/5361 3421/5259 3434/5258
f 3475/5362 3481/5363 3419/5267 3443/5266
f 3485/5358 3480/5364 3417/5289 3423/5288
f 3489/5365 3488/5366 3426/5367 3427/5368
f 3461/5328 3477/5353 3415/5245 3397/5244
f 3479/5369 3486/5359 3424/5282 3418/5289
f 3472/5010 3476/5317 3413/5216 3411/5283
f 3480/5364 3484/5370 3422/5259 3417/5289
f 3468/5371 3482/5372 3420/5321 3435/5311
f 3483/5361 3479/5369 3418/5289 3421/5259
f 3457/5331 3467/5349 3470/5352 3458/5332
f 3459/5346 3488/5366 3489/5365 3460/5347
f 3490/4904 3475/5362 3443/5266 3428/5316
f 3480/5373 3485/5374 3486/5375 3479/5376
f 3487/5377 3474/5378 3475/5379 3490/5380
f 3468/5381 3484/5382 3483/5383 3469/5384
f 3474/5378 3482/5385 3481/5386 3475/5379
f 3482/5372 3474/5356 3442/5294 3420/5321
f 3484/5382 3480/5373 3479/5376 3483/5383
f 3484/5370 3468/5371 3435/5311 3422/5259
f 3465/5350 3477/5344 3478/5345 3466/5351
f 3482/5385 3468/5381 3469/5384 3481/5386
f 3471/5387 3473/5330 3476/5333 3472/5388
f 3485/5374 3471/5387 3472/5388 3486/5375
f 3481/5363 3469/5360 3434/5258 3419/5267
f 3460/5334 3489/5389 3427/5263 3393/5227
o Roof
v -2.840002 2.369998 22.299999
v -2.839998 -2.370001 22.299999
v 2.370000 -2.840000 22.299999
v -2.370000 -2.840000 22.299999
v 2.839998 2.370001 22.299999
v 2.840001 -2.369998 22.299999
v 2.370000 2.840000 22.299999
v -2.370000 2.840000 22.299999
v -2.860001 2.379998 22.319998
v -2.859998 -2.380002 22.319998
v 2.380000 2.860000 22.319998
v -2.380000 2.860000 22.319998
v 2.859998 2.380002 22.319998
v 2.860001 -2.379998 22.319998
v 2.380000 -2.860000 22.319998
v -2.380000 -2.860000 22.319998
v -2.380002 2.379998 22.800001
v -2.379999 -2.380002 22.800001
v 2.380000 2.380000 22.800001
v 2.380000 -2.380000 22.800001
v -0.000002 0.000000 25.000000
vt 0.539457 0.004452
vt 0.907433 0.004426
vt 0.909717 0.010888
vt 0.538729 0.010887
vt 0.908904 0.004522
vt 0.540928 0.004497
vt 0.538643 0.010958
vt 0.909631 0.010957
vt 0.907455 0.004446
vt 0.538752 0.010908
vt 0.908987 0.004600
vt 0.541012 0.004574
vt 0.538727 0.011036
vt 0.909714 0.011036
vt 0.597953 0.010836
vt 0.544434 0.010836
vt 0.544991 0.008538
vt 0.597395 0.008538
vt 0.597952 0.010886
vt 0.544434 0.010887
vt 0.544991 0.008588
vt 0.597395 0.008588
vt 0.598124 0.010717
vt 0.544605 0.010717
vt 0.545163 0.008419
vt 0.597567 0.008419
vt 0.571365 0.057066
vt 0.571193 0.057235
vt 0.909717 0.063794
vt 0.538729 0.063794
vt 0.538752 0.063814
vt 0.724246 0.316417
vt 0.538643 0.063865
vt 0.909631 0.063864
vt 0.538727 0.063942
vt 0.909714 0.063942
vt 0.724138 0.316467
vt 0.724221 0.316545
usemtl Exterior_Mat
s off
f 3491/5390 3492/5391 3500/5392 3499/5393
f 3497/5394 3498/5395 3502/5396 3501/5397
f 3496/5390 3495/5398 3503/5392 3504/5399
f 3494/5400 3493/5401 3505/5402 3506/5403
f 3504/5404 3505/5405 3493/5406 3496/5407
f 3501/5408 3503/5409 3495/5410 3497/5411
f 3499/5412 3502/5413 3498/5414 3491/5415
f 3492/5410 3494/5411 3506/5408 3500/5409
f 3502/5413 3499/5412 3507/5416
f 3503/5409 3501/5408 3509/5417
f 3499/5393 3500/5392 3508/5418 3507/5419
f 3510/5420 3509/5418 3511/5421
f 3501/5397 3502/5396 3507/5422 3509/5423
f 3500/5409 3506/5408 3508/5417
f 3505/5405 3504/5404 3510/5417
f 3506/5403 3505/5402 3510/5424 3508/5425
f 3504/5399 3503/5392 3509/5418 3510/5420
f 3507/5419 3508/5418 3511/5421
f 3509/5423 3507/5422 3511/5426
f 3508/5425 3510/5424 3511/5427
o Clock_Main
v -2.250000 0.100000 16.870001
v -2.250000 0.092388 16.908270
v -2.250000 0.070711 16.940712
v -2.250000 0.038268 16.962389
v -2.250000 -0.000000 16.970001
v -2.250000 -0.038268 16.962389
v -2.250000 -0.070711 16.940712
v -2.250000 -0.092388 16.908270
v -2.250000 -0.100000 16.870001
v -2.250000 -0.092388 16.831732
v -2.250000 -0.070711 16.799290
v -2.250000 -0.038268 16.777613
v -2.250000 0.000000 16.770000
v -2.250000 0.038268 16.777613
v -2.250000 0.070711 16.799290
v -2.250000 0.092388 16.831732
v -2.200000 0.100000 16.870001
v -2.200000 0.092388 16.908270
v -2.200000 0.070711 16.940712
v -2.200000 0.038268 16.962389
v -2.200000 -0.000000 16.970001
v -2.200000 -0.038268 16.962389
v -2.200000 -0.070711 16.940712
v -2.200000 -0.092388 16.908270
v -2.200000 -0.100000 16.870001
v -2.200000 -0.092388 16.831732
v -2.200000 -0.070711 16.799290
v -2.200000 -0.038268 16.777613
v -2.200000 0.000000 16.770000
v -2.200000 0.038268 16.777613
v -2.200000 0.070711 16.799290
v -2.200000 0.092388 16.831732
v -2.250000 0.045000 16.870001
v -2.250000 0.041575 16.887222
v -2.250000 0.031820 16.901821
v -2.250000 0.017221 16.911575
v -2.250000 -0.000000 16.915001
v -2.250000 -0.017221 16.911575
v -2.250000 -0.031820 16.901821
v -2.250000 -0.041575 16.887222
v -2.250000 -0.045000 16.870001
v -2.250000 -0.041575 16.852779
v -2.250000 -0.031820 16.838181
v -2.250000 -0.017221 16.828426
v -2.250000 0.000000 16.825001
v -2.250000 0.017221 16.828426
v -2.250000 0.031820 16.838181
v -2.250000 0.041575 16.852779
v -2.350000 0.045000 16.870001
v -2.350000 0.041575 16.887222
v -2.350000 0.031820 16.901821
v -2.350000 0.017221 16.911575
v -2.350000 -0.000000 16.915001
v -2.350000 -0.017221 16.911575
v -2.350000 -0.031820 16.901821
v -2.350000 -0.041575 16.887222
v -2.350000 -0.045000 16.870001
v -2.350000 -0.041575 16.852779
v -2.350000 -0.031820 16.838181
v -2.350000 -0.017221 16.828426
v -2.350000 0.000000 16.825001
v -2.350000 0.017221 16.828426
v -2.350000 0.031820 16.838181
v -2.350000 0.041575 16.852779
v -2.350000 0.067500 16.870001
v -2.350000 0.062362 16.895832
v -2.350000 0.047730 16.917732
v -2.350000 0.025831 16.932362
v -2.350000 -0.000000 16.937500
v -2.350000 -0.025831 16.932362
v -2.350000 -0.047730 16.917732
v -2.350000 -0.062362 16.895832
v -2.350000 -0.067500 16.870001
v -2.350000 -0.062362 16.844170
v -2.350000 -0.047730 16.822269
v -2.350000 -0.025831 16.807640
v -2.350000 0.000000 16.802502
v -2.350000 0.025831 16.807640
v -2.350000 0.047730 16.822269
v -2.350000 0.062362 16.844170
v -2.370000 0.067500 16.870001
v -2.370000 0.062362 16.895832
v -2.370000 0.047730 16.917732
v -2.370000 0.025831 16.932362
v -2.370000 -0.000000 16.937500
v -2.370000 -0.025831 16.932362
v -2.370000 -0.047730 16.917732
v -2.370000 -0.062362 16.895832
v -2.370000 -0.067500 16.870001
v -2.370000 -0.062362 16.844170
v -2.370000 -0.047730 16.822269
v -2.370000 -0.025831 16.807640
v -2.370000 0.000000 16.802502
v -2.370000 0.025831 16.807640
v -2.370000 0.047730 16.822269
v -2.370000 0.062362 16.844170
v -2.380000 0.026433 16.870001
v -2.380000 0.024421 16.880116
v -2.380000 0.018691 16.888693
v -2.380000 0.010115 16.894421
v -2.380000 -0.000000 16.896433
v -2.380000 -0.010115 16.894421
v -2.380000 -0.018691 16.888693
v -2.380000 -0.024421 16.880116
v -2.380000 -0.026433 16.870001
v -2.380000 -0.024421 16.859886
v -2.380000 -0.018691 16.851309
v -2.380000 -0.010115 16.845581
v -2.380000 0.000000 16.843569
v -2.380000 0.010115 16.845581
v -2.380000 0.018691 16.851309
v -2.380000 0.024421 16.859886
v -2.380001 0.000000 16.870001
v -2.376836 0.017973 16.913391
v -2.376836 0.046967 16.870001
v -2.376836 0.043391 16.852028
v -2.376836 -0.017973 16.913391
v -2.376836 -0.000000 16.916965
v -2.376836 -0.043391 16.887974
v -2.376836 -0.033210 16.903214
v -2.376836 -0.043391 16.852028
v -2.376836 -0.046967 16.870001
v -2.376836 -0.017973 16.826611
v -2.376836 -0.033210 16.836788
v -2.376836 0.017973 16.826611
v -2.376836 0.000000 16.823036
v -2.376836 0.033210 16.903214
v -2.376836 0.043391 16.887974
v -2.376836 0.033210 16.836788
v -2.374032 0.052877 16.891903
v -2.374032 0.000000 16.812769
v -2.374032 -0.040470 16.829529
v -2.374032 -0.057233 16.870001
v -2.374032 -0.040470 16.910473
v -2.374032 -0.000000 16.927233
v -2.374032 0.052877 16.848099
v -2.374032 0.040470 16.829529
v -2.374032 0.021902 16.922876
v -2.374032 0.057233 16.870001
v -2.374032 -0.021902 16.922876
v -2.374032 -0.052877 16.891903
v -2.374032 -0.052877 16.848099
v -2.374032 -0.021902 16.817125
v -2.374032 0.021902 16.817125
v -2.374032 0.040470 16.910473
v 2.250000 0.100000 16.870001
v 2.250000 0.092388 16.908270
v 2.250000 0.070711 16.940712
v 2.250000 0.038268 16.962389
v 2.250000 -0.000000 16.970001
v 2.250000 -0.038268 16.962389
v 2.250000 -0.070711 16.940712
v 2.250000 -0.092388 16.908270
v 2.250000 -0.100000 16.870001
v 2.250000 -0.092388 16.831732
v 2.250000 -0.070711 16.799290
v 2.250000 -0.038268 16.777613
v 2.250000 0.000000 16.770000
v 2.250000 0.038268 16.777613
v 2.250000 0.070711 16.799290
v 2.250000 0.092388 16.831732
v 2.200000 0.100000 16.870001
v 2.200000 0.092388 16.908270
v 2.200000 0.070711 16.940712
v 2.200000 0.038268 16.962389
v 2.200000 -0.000000 16.970001
v 2.200000 -0.038268 16.962389
v 2.200000 -0.070711 16.940712
v 2.200000 -0.092388 16.908270
v 2.200000 -0.100000 16.870001
v 2.200000 -0.092388 16.831732
v 2.200000 -0.070711 16.799290
v 2.200000 -0.038268 16.777613
v 2.200000 0.000000 16.770000
v 2.200000 0.038268 16.777613
v 2.200000 0.070711 16.799290
v 2.200000 0.092388 16.831732
v 2.250000 0.045000 16.870001
v 2.250000 0.041575 16.887222
v 2.250000 0.031820 16.901821
v 2.250000 0.017221 16.911575
v 2.250000 -0.000000 16.915001
v 2.250000 -0.017221 16.911575
v 2.250000 -0.031820 16.901821
v 2.250000 -0.041575 16.887222
v 2.250000 -0.045000 16.870001
v 2.250000 -0.041575 16.852779
v 2.250000 -0.031820 16.838181
v 2.250000 -0.017221 16.828426
v 2.250000 0.000000 16.825001
v 2.250000 0.017221 16.828426
v 2.250000 0.031820 16.838181
v 2.250000 0.041575 16.852779
v 2.350000 0.045000 16.870001
v 2.350000 0.041575 16.887222
v 2.350000 0.031820 16.901821
v 2.350000 0.017221 16.911575
v 2.350000 -0.000000 16.915001
v 2.350000 -0.017221 16.911575
v 2.350000 -0.031820 16.901821
v 2.350000 -0.041575 16.887222
v 2.350000 -0.045000 16.870001
v 2.350000 -0.041575 16.852779
v 2.350000 -0.031820 16.838181
v 2.350000 -0.017221 16.828426
v 2.350000 0.000000 16.825001
v 2.350000 0.017221 16.828426
v 2.350000 0.031820 16.838181
v 2.350000 0.041575 16.852779
v 2.350000 0.067500 16.870001
v 2.350000 0.062362 16.895832
v 2.350000 0.047730 16.917732
v 2.350000 0.025831 16.932362
v 2.350000 -0.000000 16.937500
v 2.350000 -0.025831 16.932362
v 2.350000 -0.047730 16.917732
v 2.350000 -0.062362 16.895832
v 2.350000 -0.067500 16.870001
v 2.350000 -0.062362 16.844170
v 2.350000 -0.047730 16.822269
v 2.350000 -0.025831 16.807640
v 2.350000 0.000000 16.802502
v 2.350000 0.025831 16.807640
v 2.350000 0.047730 16.822269
v 2.350000 0.062362 16.844170
v 2.370000 0.067500 16.870001
v 2.370000 0.062362 16.895832
v 2.370000 0.047730 16.917732
v 2.370000 0.025831 16.932362
v 2.370000 -0.000000 16.937500
v 2.370000 -0.025831 16.932362
v 2.370000 -0.047730 16.917732
v 2.370000 -0.062362 16.895832
v 2.370000 -0.067500 16.870001
v 2.370000 -0.062362 16.844170
v 2.370000 -0.047730 16.822269
v 2.370000 -0.025831 16.807640
v 2.370000 0.000000 16.802502
v 2.370000 0.025831 16.807640
v 2.370000 0.047730 16.822269
v 2.370000 0.062362 16.844170
v 2.380000 0.026433 16.870001
v 2.380000 0.024421 16.880116
v 2.380000 0.018691 16.888693
v 2.380000 0.010115 16.894421
v 2.380000 -0.000000 16.896433
v 2.380000 -0.010115 16.894421
v 2.380000 -0.018691 16.888693
v 2.380000 -0.024421 16.880116
v 2.380000 -0.026433 16.870001
v 2.380000 -0.024421 16.859886
v 2.380000 -0.018691 16.851309
v 2.380000 -0.010115 16.845581
v 2.380000 0.000000 16.843569
v 2.380000 0.010115 16.845581
v 2.380000 0.018691 16.851309
v 2.380000 0.024421 16.859886
v 2.380001 0.000000 16.870001
v 2.376836 0.017973 16.913391
v 2.376836 0.046967 16.870001
v 2.376836 0.043391 16.852028
v 2.376836 -0.017973 16.913391
v 2.376836 -0.000000 16.916965
v 2.376836 -0.043391 16.887974
v 2.376836 -0.033210 16.903214
v 2.376836 -0.043391 16.852028
v 2.376836 -0.046967 16.870001
v 2.376836 -0.017973 16.826611
v 2.376836 -0.033210 16.836788
v 2.376836 0.017973 16.826611
v 2.376836 0.000000 16.823036
v 2.376836 0.033210 16.903214
v 2.376836 0.043391 16.887974
v 2.376836 0.033210 16.836788
v 2.374032 0.052877 16.891903
v 2.374032 0.000000 16.812769
v 2.374032 -0.040470 16.829529
v 2.374032 -0.057233 16.870001
v 2.374032 -0.040470 16.910473
v 2.374032 -0.000000 16.927233
v 2.374032 0.052877 16.848099
v 2.374032 0.040470 16.829529
v 2.374032 0.021902 16.922876
v 2.374032 0.057233 16.870001
v 2.374032 -0.021902 16.922876
v 2.374032 -0.052877 16.891903
v 2.374032 -0.052877 16.848099
v 2.374032 -0.021902 16.817125
v 2.374032 0.021902 16.817125
v 2.374032 0.040470 16.910473
v 2.205000 0.025002 16.945002
v 2.245000 -0.024999 16.945002
v 2.205000 -0.024999 16.945002
v 2.245000 0.025003 16.945002
v 2.205000 -0.024999 16.795000
v 2.205000 0.025002 16.795000
v 2.245000 -0.024999 16.795000
v 2.245000 0.025002 16.795000
v 2.205000 0.025002 16.000000
v 2.205000 0.025003 17.740002
v 2.245000 0.025003 17.740002
v 2.245000 0.025002 16.000000
v 2.245000 -0.024999 16.000000
v 2.245000 -0.024998 17.740002
v 2.205000 -0.024998 17.740002
v 2.205000 -0.024999 16.000000
v 2.205000 -0.074997 16.895000
v 2.245000 -0.074997 16.844999
v 2.205000 -0.074997 16.844999
v 2.245000 -0.074997 16.895000
v 2.205000 0.075003 16.844999
v 2.205000 0.075003 16.895000
v 2.245000 0.075003 16.844999
v 2.245000 0.075003 16.895000
v 2.204999 0.870003 16.895000
v 2.205001 -0.869997 16.895000
v 2.245001 -0.869997 16.895000
v 2.244999 0.870003 16.895000
v 2.204999 0.870003 16.844999
v 2.205001 -0.869997 16.844999
v 2.245001 -0.869997 16.844999
v 2.244999 0.870003 16.844999
v 2.205000 -0.584779 18.106983
v -2.200000 1.353600 16.869999
v -2.200000 1.327591 17.134073
v -2.200000 1.250563 17.388000
v -2.200000 1.125477 17.622019
v -2.200000 0.957139 17.827137
v -2.200000 0.752019 17.995476
v -2.200000 0.518000 18.120562
v -2.199999 0.264074 18.197590
v -2.199999 -0.000000 18.223600
v -2.199999 -0.264075 18.197590
v -2.200000 -0.518000 18.120562
v -2.200000 -0.752020 17.995476
v -2.200000 -0.957140 17.827137
v -2.200000 -1.125478 17.622019
v -2.200000 -1.250564 17.387999
v -2.200000 -1.327591 17.134073
v -2.200000 -1.353600 16.869999
v -2.200001 -1.327591 16.605923
v -2.200001 -1.250563 16.351997
v -2.200001 -1.125477 16.117979
v -2.200001 -0.957139 15.912859
v -2.200001 -0.752019 15.744522
v -2.200001 -0.518000 15.619436
v -2.200001 -0.264073 15.542408
v -2.200001 0.264075 15.542408
v -2.200001 0.518001 15.619437
v -2.200001 0.752021 15.744523
v -2.200001 0.957141 15.912861
v -2.200001 1.125478 16.117981
v -2.200001 1.250564 16.352001
v -2.200001 1.327591 16.605927
v -2.200000 -0.000000 15.516398
v -2.250000 1.353600 16.870001
v -2.250000 1.327591 17.134075
v -2.250000 1.250563 17.388002
v -2.250000 1.125477 17.622021
v -2.250000 0.957140 17.827139
v -2.250000 0.752020 17.995478
v -2.250000 0.518000 18.120564
v -2.249999 0.264074 18.197592
v -2.249999 0.000000 18.223602
v -2.249999 -0.264074 18.197592
v -2.250000 -0.518000 18.120564
v -2.250000 -0.752020 17.995478
v -2.250000 -0.957140 17.827139
v -2.250000 -1.125477 17.622021
v -2.250000 -1.250563 17.388000
v -2.250000 -1.327591 17.134075
v -2.250000 -1.353600 16.870001
v -2.250000 -1.327591 16.605925
v -2.250001 -1.250563 16.351999
v -2.250001 -1.125477 16.117981
v -2.250001 -0.957139 15.912861
v -2.250001 -0.752019 15.744524
v -2.250001 -0.517999 15.619438
v -2.250001 -0.264073 15.542410
v -2.250001 0.264076 15.542410
v -2.250001 0.518002 15.619439
v -2.250001 0.752021 15.744525
v -2.250001 0.957141 15.912863
v -2.250001 1.125478 16.117983
v -2.250001 1.250564 16.352003
v -2.250000 1.327591 16.605928
v -2.250000 0.000000 15.516400
v -2.250000 1.440000 16.870001
v -2.250000 1.412331 17.150930
v -2.250000 1.330386 17.421066
v -2.250000 1.197316 17.670021
v -2.249999 1.018234 17.888233
v -2.249999 0.800021 18.067316
v -2.249999 0.551064 18.200386
v -2.249999 0.280930 18.282331
v -2.249999 0.000000 18.310001
v -2.249999 -0.280930 18.282331
v -2.249999 -0.551064 18.200386
v -2.249999 -0.800021 18.067316
v -2.249999 -1.018234 17.888233
v -2.250000 -1.197316 17.670021
v -2.250000 -1.330387 17.421064
v -2.250000 -1.412331 17.150930
v -2.250000 -1.440000 16.870001
v -2.250000 -1.412331 16.589069
v -2.250000 -1.330386 16.318935
v -2.250000 -1.197316 16.069979
v -2.250001 -1.018233 15.851767
v -2.250001 -0.800020 15.672685
v -2.250001 -0.551063 15.539615
v -2.250001 -0.280929 15.457670
v -2.250001 0.280932 15.457670
v -2.250001 0.551066 15.539616
v -2.250001 0.800023 15.672686
v -2.250001 1.018235 15.851768
v -2.250000 1.197317 16.069983
v -2.250000 1.330387 16.318939
v -2.250000 1.412331 16.589073
v -2.250000 0.000000 15.430000
v -2.200000 0.900000 16.870001
v -2.200000 0.882707 17.045582
v -2.200000 0.831492 17.214417
v -2.200000 0.748323 17.370014
v -2.200000 0.636396 17.506397
v -2.200000 0.500013 17.618324
v -2.200000 0.344415 17.701492
v -2.200000 0.175581 17.752708
v -2.200000 0.000000 17.770000
v -2.200000 -0.175581 17.752708
v -2.200000 -0.344415 17.701492
v -2.200000 -0.500013 17.618324
v -2.200000 -0.636396 17.506397
v -2.200000 -0.748323 17.370014
v -2.200000 -0.831492 17.214417
v -2.200000 -0.882707 17.045582
v -2.200000 -0.900000 16.870001
v -2.200000 -0.882707 16.694420
v -2.200000 -0.831491 16.525585
v -2.200000 -0.748322 16.369987
v -2.200001 -0.636396 16.233604
v -2.200001 -0.500013 16.121677
v -2.200001 -0.344414 16.038509
v -2.200001 -0.175581 15.987294
v -2.200001 0.000001 15.970001
v -2.200001 0.175582 15.987294
v -2.200001 0.344416 16.038509
v -2.200001 0.500014 16.121679
v -2.200001 0.636397 16.233606
v -2.200000 0.748323 16.369989
v -2.200000 0.831492 16.525587
v -2.200000 0.882707 16.694422
v -2.250000 0.900000 16.870001
v -2.250000 0.882707 17.045582
v -2.250000 0.831492 17.214417
v -2.250000 0.748323 17.370014
v -2.250000 0.636396 17.506397
v -2.250000 0.500013 17.618324
v -2.250000 0.344415 17.701492
v -2.250000 0.175581 17.752708
v -2.250000 0.000000 17.770000
v -2.250000 -0.175581 17.752708
v -2.250000 -0.344415 17.701492
v -2.250000 -0.500013 17.618324
v -2.250000 -0.636396 17.506397
v -2.250000 -0.748323 17.370014
v -2.250000 -0.831492 17.214417
v -2.250000 -0.882707 17.045582
v -2.250000 -0.900000 16.870001
v -2.250000 -0.882707 16.694420
v -2.250000 -0.831491 16.525585
v -2.250000 -0.748322 16.369987
v -2.250001 -0.636396 16.233604
v -2.250001 -0.500013 16.121677
v -2.250001 -0.344414 16.038509
v -2.250001 -0.175581 15.987294
v -2.250001 0.000001 15.970001
v -2.250001 0.175582 15.987294
v -2.250001 0.344416 16.038509
v -2.250001 0.500014 16.121679
v -2.250001 0.636397 16.233606
v -2.250000 0.748323 16.369989
v -2.250000 0.831492 16.525587
v -2.250000 0.882707 16.694422
v -2.200000 0.837000 16.870001
v -2.200000 0.820917 17.033291
v -2.200000 0.773287 17.190308
v -2.200000 0.695940 17.335014
v -2.200000 0.591848 17.461849
v -2.200000 0.465012 17.565941
v -2.200000 0.320306 17.643288
v -2.200000 0.163291 17.690920
v -2.200000 0.000000 17.707001
v -2.200000 -0.163290 17.690920
v -2.200000 -0.320306 17.643288
v -2.200000 -0.465012 17.565941
v -2.200000 -0.591848 17.461849
v -2.200000 -0.695940 17.335014
v -2.200000 -0.773287 17.190308
v -2.200000 -0.820917 17.033291
v -2.200000 -0.837000 16.870001
v -2.200000 -0.820917 16.706711
v -2.200000 -0.773287 16.549694
v -2.200000 -0.695940 16.404989
v -2.200001 -0.591848 16.278152
v -2.200001 -0.465012 16.174061
v -2.200001 -0.320305 16.096714
v -2.200001 -0.163290 16.049084
v -2.200001 0.000001 16.033001
v -2.200001 0.163291 16.049084
v -2.200000 0.320307 16.096714
v -2.200000 0.465013 16.174063
v -2.200001 0.591849 16.278154
v -2.200000 0.695941 16.404991
v -2.200000 0.773288 16.549696
v -2.200000 0.820918 16.706713
v -2.250000 0.837000 16.869999
v -2.250000 0.820917 17.033289
v -2.250000 0.773287 17.190306
v -2.250000 0.695940 17.335012
v -2.250000 0.591848 17.461847
v -2.250000 0.465012 17.565939
v -2.250000 0.320306 17.643286
v -2.250000 0.163291 17.690918
v -2.250000 0.000000 17.706999
v -2.250000 -0.163290 17.690918
v -2.250000 -0.320306 17.643286
v -2.250000 -0.465012 17.565939
v -2.250000 -0.591848 17.461847
v -2.250000 -0.695940 17.335012
v -2.250000 -0.773287 17.190306
v -2.250000 -0.820917 17.033289
v -2.250000 -0.837000 16.869999
v -2.250000 -0.820917 16.706709
v -2.250000 -0.773287 16.549692
v -2.250000 -0.695940 16.404987
v -2.250001 -0.591848 16.278151
v -2.250001 -0.465012 16.174059
v -2.250001 -0.320305 16.096712
v -2.250001 -0.163290 16.049082
v -2.250001 0.000001 16.032999
v -2.250001 0.163291 16.049082
v -2.250001 0.320307 16.096712
v -2.250001 0.465013 16.174061
v -2.250001 0.591849 16.278152
v -2.250000 0.695941 16.404989
v -2.250000 0.773288 16.549694
v -2.250000 0.820918 16.706711
v -2.204998 -0.713251 15.698317
v -2.204998 -0.755072 15.722471
v -2.245002 -0.755069 15.722468
v -2.245002 -0.713247 15.698315
v -2.204998 -0.405940 16.113947
v -2.204998 -0.451785 16.140415
v -2.245002 -0.451781 16.140413
v -2.245002 -0.405937 16.113943
v -2.204998 -0.560276 15.621105
v -2.204998 -0.602103 15.645254
v -2.245002 -0.602101 15.645248
v -2.245002 -0.560273 15.621103
v -2.204998 -0.479669 16.039259
v -2.245002 -0.479667 16.039255
v -2.245002 -0.464729 17.624929
v -2.245002 -0.421427 17.649929
v -2.204998 -0.421423 17.649931
v -2.204998 -0.464725 17.624931
v -2.245002 -0.701493 18.035017
v -2.245002 -0.658191 18.060015
v -2.204998 -0.658187 18.060019
v -2.204998 -0.701489 18.035019
v -2.245000 0.785629 17.239069
v -2.245000 0.808287 17.199823
v -2.205000 0.808287 17.199823
v -2.205000 0.785629 17.239069
v -2.245000 1.121460 17.645687
v -2.245000 1.144118 17.606441
v -2.205000 1.144118 17.606441
v -2.205000 1.121460 17.645687
v -2.210000 1.207999 17.479670
v -2.210000 1.230657 17.440426
v -2.240000 1.230657 17.440426
v -2.240000 1.207999 17.479670
v -2.210000 0.689779 17.405085
v -2.210000 0.712432 17.365839
v -2.240000 0.712432 17.365839
v -2.240000 0.689779 17.405085
v -2.245002 -0.750802 17.332342
v -2.245002 -0.725801 17.375641
v -2.204998 -0.725798 17.375645
v -2.204998 -0.750800 17.332344
v -2.245002 -1.162520 17.570045
v -2.245002 -1.137518 17.613346
v -2.204998 -1.137516 17.613350
v -2.204998 -1.162518 17.570049
v -2.245002 -0.800802 17.245739
v -2.245002 -0.775800 17.289040
v -2.204998 -0.775798 17.289043
v -2.204998 -0.800800 17.245743
v -2.245002 -1.212520 17.483444
v -2.245002 -1.187518 17.526745
v -2.204998 -1.187516 17.526749
v -2.204998 -1.212518 17.483448
v -2.245000 -0.878184 16.944998
v -2.245000 -0.878182 16.994999
v -2.204998 -0.878182 16.995003
v -2.204998 -0.878184 16.945002
v -2.245000 -1.356794 16.944998
v -2.245000 -1.356793 16.994997
v -2.204998 -1.356793 16.995003
v -2.204998 -1.356794 16.945002
v -2.245002 -0.890484 16.844995
v -2.245002 -0.890482 16.894999
v -2.204998 -0.890482 16.895002
v -2.204998 -0.890484 16.845001
v -2.245002 -1.356794 16.844995
v -2.245002 -1.356792 16.894999
v -2.204998 -1.356792 16.895002
v -2.204998 -1.356794 16.844999
v -2.245002 -0.878184 16.744999
v -2.245002 -0.878182 16.794998
v -2.204998 -0.878182 16.795002
v -2.204998 -0.878184 16.745003
v -2.245002 -1.356794 16.744997
v -2.245002 -1.356792 16.794998
v -2.204998 -1.356792 16.795002
v -2.204998 -1.356794 16.745003
v -2.245002 -0.799336 16.552837
v -2.245002 -0.824334 16.596140
v -2.204998 -0.824336 16.596144
v -2.204998 -0.799338 16.552841
v -2.245002 -1.237517 16.299854
v -2.245002 -1.262515 16.343157
v -2.204998 -1.262517 16.343161
v -2.204998 -1.237519 16.299858
v -2.245002 -0.767122 16.455967
v -2.245002 -0.792121 16.499269
v -2.205000 -0.792123 16.499273
v -2.204998 -0.767125 16.455971
v -2.245002 -1.196356 16.208149
v -2.245002 -1.221354 16.251450
v -2.205000 -1.221356 16.251453
v -2.204998 -1.196358 16.208153
v -2.245002 -0.717122 16.369364
v -2.245002 -0.742121 16.412666
v -2.204998 -0.742123 16.412670
v -2.204998 -0.717125 16.369368
v -2.245002 -1.146356 16.121546
v -2.245002 -1.171354 16.164848
v -2.204998 -1.171356 16.164852
v -2.204998 -1.146358 16.121550
v -2.245002 -0.649336 16.293032
v -2.245002 -0.674334 16.336332
v -2.204998 -0.674336 16.336336
v -2.204998 -0.649338 16.293036
v -2.245002 -1.087517 16.040047
v -2.245002 -1.112515 16.083349
v -2.204998 -1.112517 16.083353
v -2.204998 -1.087519 16.040051
v -2.204998 -0.106846 15.504408
v -2.204998 -0.155142 15.504416
v -2.245002 -0.155138 15.504416
v -2.245002 -0.106842 15.504408
v -2.204998 -0.046351 16.012268
v -2.204998 -0.099288 16.012268
v -2.245002 -0.099284 16.012268
v -2.245002 -0.046347 16.012268
v -2.204998 0.066410 15.504414
v -2.204998 0.018113 15.504414
v -2.245002 0.018118 15.504410
v -2.245002 0.066415 15.504414
v -2.204998 -0.072859 15.910723
v -2.245002 -0.072854 15.910721
v -2.245002 0.076130 16.002613
v -2.245002 0.026130 16.002613
v -2.204998 0.026126 16.002613
v -2.204998 0.076126 16.002613
v -2.245002 0.152444 15.503147
v -2.245002 0.102444 15.503149
v -2.204998 0.102440 15.503149
v -2.204998 0.152440 15.503147
v -2.204998 0.536830 15.587218
v -2.204998 0.495001 15.563077
v -2.245002 0.495004 15.563080
v -2.245002 0.536833 15.587220
v -2.204998 0.336199 16.073685
v -2.204998 0.290354 16.047216
v -2.245002 0.290358 16.047218
v -2.245002 0.336202 16.073687
v -2.204998 0.695134 15.677514
v -2.204998 0.653308 15.653365
v -2.245002 0.653313 15.653364
v -2.245002 0.695138 15.677516
v -2.204998 0.364015 15.972490
v -2.245002 0.364020 15.972490
v -2.245002 0.408293 16.115030
v -2.245002 0.364990 16.090031
v -2.204998 0.364987 16.090029
v -2.204998 0.408289 16.115028
v -2.245002 0.768978 15.721679
v -2.245002 0.725676 15.696680
v -2.204998 0.725672 15.696678
v -2.204998 0.768975 15.721677
v -2.245002 0.494895 16.165030
v -2.245002 0.451593 16.140032
v -2.204998 0.451589 16.140030
v -2.204998 0.494891 16.165028
v -2.245002 0.850572 15.780354
v -2.245002 0.807270 15.755356
v -2.204998 0.807266 15.755354
v -2.204998 0.850568 15.780352
v -2.204998 1.030128 15.951285
v -2.204998 1.005974 15.909464
v -2.245002 1.005976 15.909468
v -2.245002 1.030131 15.951289
v -2.204998 0.661232 16.299829
v -2.204998 0.634763 16.253984
v -2.245002 0.634765 16.253988
v -2.245002 0.661234 16.299833
v -2.204998 1.116712 16.077490
v -2.204998 1.092563 16.035664
v -2.245002 1.092569 16.035666
v -2.245002 1.116714 16.077494
v -2.204998 0.735919 16.226101
v -2.245002 0.735923 16.226103
v -2.245002 0.725457 16.372990
v -2.245002 0.700455 16.329689
v -2.204998 0.700453 16.329685
v -2.204998 0.725455 16.372986
v -2.245002 1.161099 16.151207
v -2.245002 1.136098 16.107906
v -2.204998 1.136096 16.107903
v -2.204998 1.161097 16.151203
v -2.245002 0.775457 16.459593
v -2.245002 0.750455 16.416292
v -2.204998 0.750453 16.416288
v -2.204998 0.775455 16.459589
v -2.245002 1.211099 16.237810
v -2.245002 1.186098 16.194510
v -2.204998 1.186095 16.194506
v -2.204998 1.211097 16.237806
v -2.245002 0.825457 16.546196
v -2.245002 0.800455 16.502895
v -2.204998 0.800453 16.502892
v -2.204998 0.825455 16.546192
v -2.245002 1.261099 16.324411
v -2.245002 1.236098 16.281113
v -2.204998 1.236095 16.281109
v -2.204998 1.261097 16.324409
v -2.245832 0.868482 16.863329
v -2.245832 0.868482 16.818012
v -2.205832 0.868482 16.818012
v -2.205832 0.868482 16.863329
v -2.245832 1.346115 17.055029
v -2.245832 1.346115 17.009712
v -2.205832 1.346115 17.009712
v -2.205832 1.346115 17.055029
v -2.210832 1.361100 16.863329
v -2.210832 1.361100 16.818014
v -2.240832 1.361100 16.818014
v -2.240832 1.361100 16.863329
v -2.210832 0.868481 17.055029
v -2.210832 0.868476 17.009714
v -2.240832 0.868476 17.009714
v -2.240832 0.868481 17.055029
v -2.245838 0.861362 16.798559
v -2.245838 0.861361 16.748560
v -2.205000 0.861361 16.748560
v -2.205000 0.861362 16.798559
v -2.245838 1.360366 16.798559
v -2.245838 1.360364 16.748560
v -2.205000 1.360364 16.748560
v -2.205000 1.360366 16.798559
v -2.244999 0.136554 17.738174
v -2.244999 0.181870 17.738174
v -2.204999 0.181870 17.738174
v -2.204999 0.136554 17.738174
v -2.244999 0.002079 18.241385
v -2.244999 0.047395 18.241385
v -2.204999 0.047395 18.241385
v -2.204999 0.002079 18.241385
v -2.210000 0.193779 18.216118
v -2.210000 0.239094 18.216118
v -2.240000 0.239094 18.216118
v -2.240000 0.193779 18.216118
v -2.210000 0.002079 17.749140
v -2.210000 0.047394 17.749134
v -2.240000 0.047394 17.749134
v -2.240000 0.002079 17.749140
v -2.245006 -0.095586 17.741211
v -2.245006 -0.045586 17.741209
v -2.204999 -0.045586 17.741209
v -2.204999 -0.095586 17.741211
v -2.245006 -0.095586 18.226803
v -2.245006 -0.045586 18.226801
v -2.204999 -0.045586 18.226801
v -2.204999 -0.095586 18.226803
v -2.245006 -0.195590 17.727804
v -2.245006 -0.145589 17.727802
v -2.204999 -0.145589 17.727802
v -2.204999 -0.195590 17.727804
v -2.245006 -0.195590 18.226803
v -2.245006 -0.145589 18.226801
v -2.204999 -0.145589 18.226801
v -2.204999 -0.195590 18.226803
v -2.244999 0.551781 17.551882
v -2.244999 0.591026 17.529224
v -2.204999 0.591026 17.529224
v -2.204999 0.551781 17.551882
v -2.244999 0.637341 18.083475
v -2.244999 0.676586 18.060816
v -2.204999 0.676586 18.060816
v -2.204999 0.637341 18.083475
v -2.210000 0.795196 17.973486
v -2.210000 0.834440 17.950829
v -2.240000 0.834440 17.950829
v -2.240000 0.795196 17.973486
v -2.210000 0.393299 17.660782
v -2.210000 0.432541 17.638121
v -2.240000 0.432541 17.638121
v -2.240000 0.393299 17.660782
v -2.245006 0.340138 17.683247
v -2.245006 0.383438 17.658245
v -2.204999 0.383438 17.658245
v -2.204999 0.340138 17.683247
v -2.245006 0.584782 18.106983
v -2.245006 0.628083 18.081982
v -2.204999 0.628083 18.081982
v -2.204999 0.584782 18.106983
v -2.245000 -0.870000 16.844999
v -2.245000 0.870000 16.844999
v -2.205000 0.870000 16.844999
v -2.205000 -0.870000 16.844999
v -2.245000 -0.870000 16.895000
v -2.245000 0.870000 16.895000
v -2.205000 0.870000 16.895000
v -2.205000 -0.870000 16.895000
v -2.245000 -0.075000 16.895000
v -2.245000 -0.075000 16.844999
v -2.205000 -0.075000 16.895000
v -2.205000 -0.075000 16.844999
v -2.245000 0.075000 16.895000
v -2.205000 0.075000 16.844999
v -2.245000 0.075000 16.844999
v -2.205000 0.075000 16.895000
v -2.205000 0.025002 16.000000
v -2.205000 0.025001 17.740002
v -2.245000 0.025001 17.740002
v -2.245000 0.025002 16.000000
v -2.245000 -0.024999 16.000000
v -2.245000 -0.025000 17.740002
v -2.205000 -0.025000 17.740002
v -2.205000 -0.024999 16.000000
v -2.245000 -0.025000 16.795000
v -2.245000 0.025002 16.795000
v -2.205000 -0.025000 16.795000
v -2.205000 0.025002 16.795000
v -2.245000 -0.025000 16.945002
v -2.205000 0.025001 16.945002
v -2.245000 0.025001 16.945002
v -2.205000 -0.025000 16.945002
v 2.205000 -0.628080 18.081982
v 2.245007 -0.628080 18.081982
v 2.245007 -0.584779 18.106983
v 2.205000 -0.340135 17.683247
v 2.205000 -0.383435 17.658245
v 2.245006 -0.383435 17.658245
v 2.245006 -0.340135 17.683247
v 2.240000 -0.393297 17.660782
v 2.240000 -0.432538 17.638121
v 2.210000 -0.432538 17.638121
v 2.210000 -0.393297 17.660782
v 2.240000 -0.795193 17.973486
v 2.240000 -0.834437 17.950829
v 2.210001 -0.834437 17.950829
v 2.210001 -0.795194 17.973486
v 2.205000 -0.637338 18.083475
v 2.205000 -0.676583 18.060816
v 2.245000 -0.676583 18.060816
v 2.245000 -0.637338 18.083475
v 2.205000 -0.551778 17.551882
v 2.205000 -0.591023 17.529224
v 2.245000 -0.591023 17.529224
v 2.245000 -0.551778 17.551882
v 2.204999 0.195592 18.226803
v 2.204999 0.145592 18.226801
v 2.245006 0.145592 18.226801
v 2.245006 0.195592 18.226803
v 2.204999 0.195592 17.727804
v 2.204999 0.145592 17.727802
v 2.245006 0.145592 17.727802
v 2.245006 0.195592 17.727804
v 2.204999 0.095589 18.226803
v 2.204999 0.045589 18.226801
v 2.245006 0.045589 18.226801
v 2.245006 0.095589 18.226803
v 2.204999 0.095589 17.741211
v 2.204999 0.045589 17.741209
v 2.245006 0.045589 17.741209
v 2.245006 0.095589 17.741211
v 2.240000 -0.002076 17.749140
v 2.240000 -0.047391 17.749134
v 2.210000 -0.047391 17.749134
v 2.210000 -0.002076 17.749140
v 2.240000 -0.193777 18.216118
v 2.240000 -0.239091 18.216118
v 2.210000 -0.239091 18.216118
v 2.210000 -0.193777 18.216118
v 2.204999 -0.002076 18.241385
v 2.204999 -0.047392 18.241385
v 2.244999 -0.047392 18.241385
v 2.244999 -0.002076 18.241385
v 2.205000 -0.136551 17.738174
v 2.205000 -0.181867 17.738174
v 2.245000 -0.181867 17.738174
v 2.245000 -0.136551 17.738174
v 2.205002 -1.360363 16.798559
v 2.205002 -1.360361 16.748560
v 2.245840 -1.360361 16.748560
v 2.245840 -1.360363 16.798559
v 2.205001 -0.861360 16.798559
v 2.205001 -0.861358 16.748560
v 2.245840 -0.861358 16.748560
v 2.245840 -0.861360 16.798559
v 2.240833 -0.868479 17.055029
v 2.240833 -0.868473 17.009714
v 2.210834 -0.868473 17.009714
v 2.210834 -0.868479 17.055029
v 2.240834 -1.361097 16.863329
v 2.240834 -1.361097 16.818014
v 2.210834 -1.361097 16.818014
v 2.210834 -1.361097 16.863329
v 2.205834 -1.346112 17.055029
v 2.205834 -1.346112 17.009712
v 2.245834 -1.346112 17.009712
v 2.245834 -1.346112 17.055029
v 2.205833 -0.868479 16.863329
v 2.205833 -0.868479 16.818012
v 2.245833 -0.868479 16.818012
v 2.245833 -0.868479 16.863329
v 2.205000 -1.261094 16.324409
v 2.205000 -1.236093 16.281109
v 2.245004 -1.236095 16.281113
v 2.245004 -1.261096 16.324411
v 2.204999 -0.825452 16.546192
v 2.204999 -0.800450 16.502892
v 2.245003 -0.800452 16.502895
v 2.245003 -0.825454 16.546196
v 2.204999 -1.211094 16.237806
v 2.204999 -1.186093 16.194506
v 2.245003 -1.186095 16.194510
v 2.245003 -1.211096 16.237810
v 2.204999 -0.775452 16.459589
v 2.204999 -0.750450 16.416288
v 2.245003 -0.750452 16.416292
v 2.245003 -0.775454 16.459593
v 2.204999 -1.161094 16.151203
v 2.204999 -1.136093 16.107903
v 2.245003 -1.136095 16.107906
v 2.245003 -1.161097 16.151207
v 2.204999 -0.725452 16.372986
v 2.204999 -0.700450 16.329685
v 2.245003 -0.700453 16.329689
v 2.245003 -0.725454 16.372990
v 2.245003 -0.735920 16.226103
v 2.204999 -0.735916 16.226101
v 2.245003 -1.116711 16.077494
v 2.245003 -1.092566 16.035666
v 2.204999 -1.092560 16.035664
v 2.204999 -1.116709 16.077490
v 2.245003 -0.661231 16.299833
v 2.245003 -0.634763 16.253988
v 2.204999 -0.634761 16.253984
v 2.204999 -0.661229 16.299829
v 2.245003 -1.030128 15.951289
v 2.245003 -1.005974 15.909468
v 2.204999 -1.005971 15.909464
v 2.204999 -1.030126 15.951285
v 2.204999 -0.850566 15.780352
v 2.204999 -0.807263 15.755354
v 2.245003 -0.807267 15.755356
v 2.245003 -0.850569 15.780354
v 2.204998 -0.494888 16.165028
v 2.204998 -0.451586 16.140030
v 2.245002 -0.451590 16.140032
v 2.245002 -0.494892 16.165030
v 2.204999 -0.768972 15.721677
v 2.204999 -0.725670 15.696678
v 2.245003 -0.725673 15.696680
v 2.245003 -0.768976 15.721679
v 2.204998 -0.408286 16.115028
v 2.204998 -0.364984 16.090029
v 2.245002 -0.364987 16.090031
v 2.245002 -0.408290 16.115030
v 2.245002 -0.364017 15.972490
v 2.204998 -0.364012 15.972490
v 2.245003 -0.695135 15.677516
v 2.245003 -0.653310 15.653364
v 2.204999 -0.653305 15.653365
v 2.204999 -0.695131 15.677514
v 2.245002 -0.336200 16.073687
v 2.245002 -0.290355 16.047218
v 2.204998 -0.290351 16.047216
v 2.204998 -0.336196 16.073685
v 2.245002 -0.536831 15.587220
v 2.245002 -0.495002 15.563080
v 2.204998 -0.494998 15.563077
v 2.204998 -0.536827 15.587218
v 2.204998 -0.152437 15.503147
v 2.204998 -0.102437 15.503149
v 2.245002 -0.102441 15.503149
v 2.245002 -0.152441 15.503147
v 2.204998 -0.076123 16.002613
v 2.204998 -0.026123 16.002613
v 2.245002 -0.026128 16.002613
v 2.245002 -0.076128 16.002613
v 2.245002 0.072857 15.910721
v 2.204998 0.072862 15.910723
v 2.245002 -0.066412 15.504414
v 2.245002 -0.018115 15.504410
v 2.204998 -0.018111 15.504414
v 2.204998 -0.066408 15.504414
v 2.245002 0.046350 16.012268
v 2.245002 0.099286 16.012268
v 2.204998 0.099291 16.012268
v 2.204998 0.046354 16.012268
v 2.245002 0.106845 15.504408
v 2.245002 0.155140 15.504416
v 2.204998 0.155145 15.504416
v 2.204998 0.106849 15.504408
v 2.204997 1.087522 16.040051
v 2.204997 1.112520 16.083353
v 2.245001 1.112518 16.083349
v 2.245001 1.087520 16.040047
v 2.204998 0.649341 16.293036
v 2.204998 0.674339 16.336336
v 2.245001 0.674337 16.336332
v 2.245001 0.649338 16.293032
v 2.204997 1.146361 16.121550
v 2.204997 1.171359 16.164852
v 2.245001 1.171357 16.164848
v 2.245001 1.146358 16.121546
v 2.204998 0.717127 16.369368
v 2.204998 0.742126 16.412670
v 2.245001 0.742124 16.412666
v 2.245001 0.717125 16.369364
v 2.204997 1.196361 16.208153
v 2.204998 1.221359 16.251453
v 2.245000 1.221357 16.251450
v 2.245001 1.196358 16.208149
v 2.204998 0.767127 16.455971
v 2.204999 0.792126 16.499273
v 2.245001 0.792124 16.499269
v 2.245001 0.767125 16.455967
v 2.204997 1.237522 16.299858
v 2.204997 1.262520 16.343161
v 2.245000 1.262518 16.343157
v 2.245000 1.237520 16.299854
v 2.204998 0.799341 16.552841
v 2.204998 0.824339 16.596144
v 2.245001 0.824337 16.596140
v 2.245001 0.799339 16.552837
v 2.204997 1.356797 16.745003
v 2.204997 1.356795 16.795002
v 2.245000 1.356795 16.794998
v 2.245000 1.356797 16.744997
v 2.204998 0.878187 16.745003
v 2.204998 0.878185 16.795002
v 2.245001 0.878185 16.794998
v 2.245001 0.878187 16.744999
v 2.204997 1.356797 16.844999
v 2.204997 1.356795 16.895002
v 2.245000 1.356795 16.894999
v 2.245000 1.356797 16.844995
v 2.204998 0.890487 16.845001
v 2.204998 0.890485 16.895002
v 2.245001 0.890485 16.894999
v 2.245001 0.890487 16.844995
v 2.204997 1.356797 16.945002
v 2.204997 1.356795 16.995003
v 2.244998 1.356795 16.994997
v 2.244998 1.356797 16.944998
v 2.204998 0.878187 16.945002
v 2.204998 0.878185 16.995003
v 2.244999 0.878185 16.994999
v 2.244999 0.878187 16.944998
v 2.204997 1.212521 17.483448
v 2.204997 1.187519 17.526749
v 2.245001 1.187521 17.526745
v 2.245000 1.212523 17.483444
v 2.204998 0.800803 17.245743
v 2.204998 0.775801 17.289043
v 2.245001 0.775803 17.289040
v 2.245001 0.800805 17.245739
v 2.204997 1.162521 17.570049
v 2.204997 1.137519 17.613350
v 2.245001 1.137521 17.613346
v 2.245001 1.162523 17.570045
v 2.204998 0.750803 17.332344
v 2.204998 0.725801 17.375645
v 2.245001 0.725803 17.375641
v 2.245001 0.750805 17.332342
v 2.240001 -0.689776 17.405085
v 2.240001 -0.712429 17.365839
v 2.210001 -0.712429 17.365839
v 2.210001 -0.689776 17.405085
v 2.240001 -1.207997 17.479670
v 2.240001 -1.230654 17.440426
v 2.210002 -1.230654 17.440426
v 2.210001 -1.207997 17.479670
v 2.205001 -1.121457 17.645687
v 2.205001 -1.144115 17.606441
v 2.245001 -1.144115 17.606441
v 2.245001 -1.121457 17.645687
v 2.205001 -0.785626 17.239069
v 2.205001 -0.808284 17.199823
v 2.245001 -0.808284 17.199823
v 2.245001 -0.785626 17.239069
v 2.204998 0.701492 18.035019
v 2.204998 0.658190 18.060019
v 2.245001 0.658194 18.060015
v 2.245001 0.701496 18.035017
v 2.204998 0.464728 17.624931
v 2.204998 0.421426 17.649931
v 2.245002 0.421429 17.649929
v 2.245002 0.464732 17.624929
v 2.245002 0.479670 16.039255
v 2.204998 0.479672 16.039259
v 2.245002 0.560275 15.621103
v 2.245002 0.602104 15.645248
v 2.204998 0.602106 15.645254
v 2.204998 0.560279 15.621105
v 2.245002 0.405940 16.113943
v 2.245002 0.451784 16.140413
v 2.204998 0.451788 16.140415
v 2.204998 0.405943 16.113947
v 2.245001 0.713250 15.698315
v 2.245001 0.755072 15.722468
v 2.204997 0.755075 15.722471
v 2.204997 0.713254 15.698317
v 2.250001 -0.820915 16.706711
v 2.250001 -0.773285 16.549694
v 2.250001 -0.695938 16.404989
v 2.250001 -0.591846 16.278152
v 2.250001 -0.465010 16.174061
v 2.250001 -0.320304 16.096712
v 2.250001 -0.163289 16.049082
v 2.250001 0.000002 16.032999
v 2.250000 0.163293 16.049082
v 2.250000 0.320308 16.096712
v 2.250000 0.465015 16.174059
v 2.250000 0.591851 16.278151
v 2.250000 0.695943 16.404987
v 2.250000 0.773290 16.549692
v 2.249999 0.820920 16.706709
v 2.249999 0.837003 16.869999
v 2.249999 0.820920 17.033289
v 2.249999 0.773290 17.190306
v 2.249999 0.695943 17.335012
v 2.249999 0.591851 17.461847
v 2.249999 0.465015 17.565939
v 2.249999 0.320309 17.643286
v 2.249999 0.163293 17.690918
v 2.250000 0.000003 17.706999
v 2.250000 -0.163288 17.690918
v 2.250000 -0.320303 17.643286
v 2.250000 -0.465009 17.565939
v 2.250000 -0.591846 17.461847
v 2.250001 -0.695937 17.335012
v 2.250001 -0.773284 17.190306
v 2.250001 -0.820914 17.033289
v 2.250001 -0.836997 16.869999
v 2.200001 -0.820915 16.706713
v 2.200001 -0.773285 16.549696
v 2.200001 -0.695938 16.404991
v 2.200001 -0.591846 16.278154
v 2.200001 -0.465010 16.174063
v 2.200001 -0.320304 16.096714
v 2.200001 -0.163289 16.049084
v 2.200001 0.000002 16.033001
v 2.200000 0.163293 16.049084
v 2.200000 0.320308 16.096714
v 2.200000 0.465015 16.174061
v 2.200000 0.591851 16.278152
v 2.199999 0.695943 16.404989
v 2.199999 0.773290 16.549694
v 2.199999 0.820920 16.706711
v 2.199999 0.837003 16.870001
v 2.199999 0.820920 17.033291
v 2.199999 0.773290 17.190308
v 2.199999 0.695943 17.335014
v 2.199999 0.591851 17.461849
v 2.199999 0.465015 17.565941
v 2.199999 0.320309 17.643288
v 2.199999 0.163293 17.690920
v 2.200000 0.000003 17.707001
v 2.200000 -0.163288 17.690920
v 2.200000 -0.320303 17.643288
v 2.200000 -0.465009 17.565941
v 2.200000 -0.591846 17.461849
v 2.200001 -0.695937 17.335014
v 2.200001 -0.773284 17.190308
v 2.200001 -0.820914 17.033291
v 2.200001 -0.836997 16.870001
v 2.250002 -0.882704 16.694422
v 2.250001 -0.831489 16.525587
v 2.250001 -0.748320 16.369989
v 2.250001 -0.636394 16.233606
v 2.250001 -0.500011 16.121679
v 2.250001 -0.344413 16.038509
v 2.250001 -0.175579 15.987294
v 2.250001 0.000002 15.970001
v 2.250000 0.175583 15.987294
v 2.250000 0.344417 16.038509
v 2.250000 0.500016 16.121677
v 2.250000 0.636399 16.233604
v 2.250000 0.748325 16.369987
v 2.250000 0.831494 16.525585
v 2.249999 0.882710 16.694420
v 2.249999 0.900003 16.870001
v 2.249999 0.882710 17.045582
v 2.249999 0.831495 17.214417
v 2.249999 0.748326 17.370014
v 2.249999 0.636399 17.506397
v 2.249999 0.500016 17.618324
v 2.249999 0.344418 17.701492
v 2.249999 0.175584 17.752708
v 2.250000 0.000003 17.770000
v 2.250000 -0.175578 17.752708
v 2.250000 -0.344412 17.701492
v 2.250000 -0.500010 17.618324
v 2.250000 -0.636393 17.506397
v 2.250001 -0.748320 17.370014
v 2.250001 -0.831489 17.214417
v 2.250002 -0.882704 17.045582
v 2.250002 -0.899997 16.870001
v 2.200001 -0.882704 16.694422
v 2.200001 -0.831489 16.525587
v 2.200001 -0.748320 16.369989
v 2.200001 -0.636394 16.233606
v 2.200001 -0.500011 16.121679
v 2.200001 -0.344413 16.038509
v 2.200001 -0.175579 15.987294
v 2.200001 0.000002 15.970001
v 2.200000 0.175583 15.987294
v 2.200000 0.344417 16.038509
v 2.200000 0.500015 16.121677
v 2.200000 0.636399 16.233604
v 2.199999 0.748325 16.369987
v 2.199999 0.831494 16.525585
v 2.199999 0.882710 16.694420
v 2.199999 0.900003 16.870001
v 2.199999 0.882710 17.045582
v 2.199999 0.831494 17.214417
v 2.199999 0.748325 17.370014
v 2.199999 0.636399 17.506397
v 2.199999 0.500016 17.618324
v 2.199999 0.344418 17.701492
v 2.199999 0.175584 17.752708
v 2.200000 0.000003 17.770000
v 2.200000 -0.175579 17.752708
v 2.200000 -0.344412 17.701492
v 2.200000 -0.500010 17.618324
v 2.200000 -0.636393 17.506397
v 2.200001 -0.748320 17.370014
v 2.200001 -0.831489 17.214417
v 2.200001 -0.882704 17.045582
v 2.200001 -0.899997 16.870001
v 2.250000 0.000003 15.430000
v 2.250002 -1.412328 16.589073
v 2.250002 -1.330384 16.318939
v 2.250002 -1.197314 16.069983
v 2.250002 -1.018232 15.851768
v 2.250002 -0.800020 15.672686
v 2.250002 -0.551063 15.539616
v 2.250001 -0.280929 15.457670
v 2.250000 0.280932 15.457670
v 2.250000 0.551066 15.539615
v 2.250000 0.800023 15.672685
v 2.249999 1.018236 15.851767
v 2.249999 1.197319 16.069979
v 2.249999 1.330389 16.318935
v 2.249998 1.412333 16.589069
v 2.249998 1.440003 16.870001
v 2.249998 1.412334 17.150930
v 2.249998 1.330389 17.421064
v 2.249998 1.197319 17.670021
v 2.249998 1.018237 17.888233
v 2.249998 0.800024 18.067316
v 2.249999 0.551067 18.200386
v 2.249999 0.280933 18.282331
v 2.249999 0.000003 18.310001
v 2.250000 -0.280927 18.282331
v 2.250000 -0.551061 18.200386
v 2.250000 -0.800018 18.067316
v 2.250001 -1.018231 17.888233
v 2.250001 -1.197313 17.670021
v 2.250001 -1.330384 17.421066
v 2.250002 -1.412328 17.150930
v 2.250002 -1.439997 16.870001
v 2.250000 0.000003 15.516400
v 2.250002 -1.327588 16.605928
v 2.250002 -1.250561 16.352003
v 2.250002 -1.125475 16.117983
v 2.250002 -0.957138 15.912863
v 2.250002 -0.752018 15.744525
v 2.250002 -0.517999 15.619439
v 2.250002 -0.264073 15.542410
v 2.250001 0.264076 15.542410
v 2.250001 0.518002 15.619438
v 2.250000 0.752022 15.744524
v 2.250000 0.957142 15.912861
v 2.249999 1.125480 16.117981
v 2.249999 1.250566 16.351999
v 2.249999 1.327594 16.605925
v 2.249999 1.353603 16.870001
v 2.249998 1.327594 17.134075
v 2.249998 1.250566 17.388000
v 2.249998 1.125480 17.622021
v 2.249999 0.957142 17.827139
v 2.249999 0.752023 17.995478
v 2.249999 0.518003 18.120564
v 2.249999 0.264077 18.197592
v 2.249999 0.000003 18.223602
v 2.250000 -0.264071 18.197592
v 2.250000 -0.517997 18.120564
v 2.250000 -0.752017 17.995478
v 2.250000 -0.957137 17.827139
v 2.250001 -1.125474 17.622021
v 2.250002 -1.250560 17.388002
v 2.250002 -1.327588 17.134075
v 2.250002 -1.353597 16.870001
v 2.200000 0.000003 15.516398
v 2.200002 -1.327588 16.605927
v 2.200003 -1.250561 16.352001
v 2.200002 -1.125475 16.117981
v 2.200002 -0.957138 15.912861
v 2.200002 -0.752018 15.744523
v 2.200002 -0.517998 15.619437
v 2.200001 -0.264072 15.542408
v 2.200001 0.264076 15.542408
v 2.200000 0.518003 15.619436
v 2.200000 0.752022 15.744522
v 2.200000 0.957142 15.912859
v 2.199999 1.125480 16.117979
v 2.199999 1.250566 16.351997
v 2.199999 1.327594 16.605923
v 2.199998 1.353603 16.869999
v 2.199999 1.327594 17.134073
v 2.199999 1.250567 17.387999
v 2.199998 1.125481 17.622019
v 2.199998 0.957143 17.827137
v 2.199999 0.752023 17.995476
v 2.199999 0.518003 18.120562
v 2.199999 0.264077 18.197590
v 2.199999 0.000003 18.223600
v 2.199999 -0.264071 18.197590
v 2.200000 -0.517997 18.120562
v 2.200001 -0.752017 17.995476
v 2.200001 -0.957137 17.827137
v 2.200001 -1.125474 17.622019
v 2.200001 -1.250560 17.388000
v 2.200001 -1.327588 17.134073
v 2.200002 -1.353597 16.869999
vt 0.170922 0.646522
vt 0.170928 0.656008
vt 0.178332 0.656003
vt 0.178325 0.646517
vt 0.067102 0.646511
vt 0.067099 0.656047
vt 0.074540 0.656050
vt 0.074545 0.646515
vt 0.104281 0.646537
vt 0.104283 0.656048
vt 0.111702 0.656041
vt 0.111698 0.646539
vt 0.081985 0.646520
vt 0.081980 0.656053
vt 0.089419 0.656055
vt 0.089423 0.646527
vt 0.119108 0.646537
vt 0.119114 0.656033
vt 0.126521 0.656024
vt 0.126515 0.646534
vt 0.133920 0.646533
vt 0.133923 0.656019
vt 0.141323 0.656017
vt 0.141321 0.646532
vt 0.148722 0.646531
vt 0.148723 0.656014
vt 0.156124 0.656013
vt 0.156121 0.646529
vt 0.163521 0.646527
vt 0.163525 0.656011
vt 0.185735 0.655998
vt 0.185728 0.646510
vt 0.096855 0.646532
vt 0.096855 0.656053
vt 0.064960 0.644383
vt 0.059156 0.653072
vt 0.061515 0.655431
vt 0.070203 0.649624
vt 0.050701 0.641548
vt 0.052738 0.651797
vt 0.056074 0.651797
vt 0.058113 0.641548
vt 0.038603 0.670739
vt 0.047295 0.664933
vt 0.046018 0.661851
vt 0.035767 0.663888
vt 0.038608 0.649624
vt 0.047296 0.655432
vt 0.049656 0.653074
vt 0.043851 0.644383
vt 0.050695 0.678823
vt 0.052736 0.668570
vt 0.049653 0.667293
vt 0.043845 0.675983
vt 0.046019 0.658515
vt 0.035769 0.656474
vt 0.064963 0.675985
vt 0.059155 0.667292
vt 0.056072 0.668570
vt 0.058111 0.678823
vt 0.073044 0.663888
vt 0.062792 0.661850
vt 0.061515 0.664932
vt 0.070208 0.670740
vt 0.062792 0.658513
vt 0.073042 0.656472
vt 0.015880 0.669295
vt 0.034882 0.669291
vt 0.034882 0.665956
vt 0.015880 0.665958
vt 0.015882 0.675969
vt 0.034884 0.675962
vt 0.034883 0.672627
vt 0.015881 0.672632
vt 0.015884 0.682641
vt 0.034887 0.682635
vt 0.034885 0.679299
vt 0.015883 0.679305
vt 0.015886 0.635920
vt 0.034888 0.635935
vt 0.034890 0.632600
vt 0.015888 0.632582
vt 0.015878 0.652609
vt 0.034882 0.652611
vt 0.034883 0.649276
vt 0.015879 0.649270
vt 0.015882 0.642593
vt 0.034884 0.642604
vt 0.034886 0.639269
vt 0.015884 0.639257
vt 0.015878 0.659284
vt 0.034882 0.659283
vt 0.034883 0.655947
vt 0.015878 0.655947
vt 0.034882 0.662620
vt 0.015879 0.662621
vt 0.015886 0.685978
vt 0.034888 0.685972
vt 0.034884 0.645940
vt 0.015880 0.645932
vt 0.061738 0.655216
vt 0.065290 0.652840
vt 0.061751 0.649305
vt 0.059378 0.652859
vt 0.063017 0.661634
vt 0.067213 0.662465
vt 0.067208 0.657460
vt 0.063016 0.658297
vt 0.059381 0.667078
vt 0.061758 0.670635
vt 0.065299 0.667093
vt 0.061741 0.664718
vt 0.052959 0.668355
vt 0.052124 0.672549
vt 0.057131 0.672550
vt 0.056297 0.668355
vt 0.047519 0.655214
vt 0.043967 0.652838
vt 0.042048 0.657459
vt 0.046241 0.658296
vt 0.047517 0.664716
vt 0.043960 0.667091
vt 0.047499 0.670632
vt 0.049876 0.667076
vt 0.052961 0.651583
vt 0.052128 0.647391
vt 0.047506 0.649303
vt 0.049878 0.652858
vt 0.042046 0.662464
vt 0.046240 0.661632
vt 0.057129 0.647391
vt 0.056296 0.651583
vt 0.108620 0.660931
vt 0.108617 0.657134
vt 0.103616 0.657138
vt 0.103620 0.660935
vt 0.133639 0.660929
vt 0.133639 0.657127
vt 0.128632 0.657127
vt 0.128632 0.660928
vt 0.143654 0.660932
vt 0.143655 0.657129
vt 0.138647 0.657128
vt 0.138646 0.660930
vt 0.153670 0.660936
vt 0.153672 0.657133
vt 0.148664 0.657131
vt 0.148662 0.660935
vt 0.163687 0.660939
vt 0.163688 0.657136
vt 0.158680 0.657135
vt 0.158679 0.660938
vt 0.093621 0.660946
vt 0.093617 0.657150
vt 0.088617 0.657156
vt 0.088621 0.660952
vt 0.118623 0.660928
vt 0.118623 0.657129
vt 0.113619 0.657130
vt 0.113621 0.660929
vt 0.098616 0.657144
vt 0.098620 0.660941
vt 0.123627 0.657128
vt 0.123627 0.660928
vt 0.168695 0.660941
vt 0.168696 0.657138
vt 0.046430 0.655209
vt 0.049697 0.657383
vt 0.051069 0.656004
vt 0.048881 0.652740
vt 0.052113 0.668857
vt 0.052873 0.665024
vt 0.051079 0.664285
vt 0.048911 0.667540
vt 0.058778 0.667542
vt 0.056605 0.664284
vt 0.054812 0.665024
vt 0.055576 0.668858
vt 0.062557 0.661888
vt 0.058719 0.661117
vt 0.057977 0.662910
vt 0.061229 0.665092
vt 0.061250 0.655201
vt 0.057982 0.657379
vt 0.058723 0.659176
vt 0.062569 0.658416
vt 0.055576 0.651411
vt 0.054810 0.655261
vt 0.056606 0.656004
vt 0.058790 0.652743
vt 0.045119 0.661897
vt 0.048960 0.661121
vt 0.048959 0.659180
vt 0.045114 0.658426
vt 0.052866 0.655260
vt 0.052097 0.651411
vt 0.049703 0.662916
vt 0.046451 0.665099
vt 0.044772 0.666228
vt 0.043135 0.662301
vt 0.051697 0.649421
vt 0.055974 0.649415
vt 0.059921 0.651059
vt 0.062939 0.654077
vt 0.064559 0.658024
vt 0.064544 0.662287
vt 0.062909 0.666221
vt 0.059899 0.669224
vt 0.055971 0.670837
vt 0.051720 0.670845
vt 0.043123 0.658039
vt 0.044739 0.654084
vt 0.047790 0.669220
vt 0.047750 0.651054
vt 0.053840 0.660145
vt 0.043018 0.667407
vt 0.041057 0.662727
vt 0.051280 0.647327
vt 0.056389 0.647329
vt 0.061108 0.649285
vt 0.064705 0.652901
vt 0.066643 0.657611
vt 0.066632 0.662710
vt 0.064666 0.667407
vt 0.061069 0.670982
vt 0.056384 0.672918
vt 0.051310 0.672918
vt 0.041028 0.657634
vt 0.042967 0.652904
vt 0.046616 0.670989
vt 0.046567 0.649290
vt 0.170864 0.644458
vt 0.178299 0.644451
vt 0.178290 0.634924
vt 0.170855 0.634930
vt 0.067088 0.644398
vt 0.074483 0.644414
vt 0.074501 0.634939
vt 0.067109 0.634923
vt 0.104065 0.644463
vt 0.111465 0.644471
vt 0.111470 0.634986
vt 0.104073 0.634983
vt 0.081876 0.644428
vt 0.089271 0.644442
vt 0.089286 0.634966
vt 0.081894 0.634954
vt 0.118870 0.644476
vt 0.126280 0.644480
vt 0.126277 0.634981
vt 0.118870 0.634986
vt 0.133699 0.644481
vt 0.141125 0.644480
vt 0.141118 0.634961
vt 0.133693 0.634971
vt 0.148557 0.644476
vt 0.155993 0.644472
vt 0.155984 0.634945
vt 0.148549 0.634953
vt 0.163429 0.644466
vt 0.163420 0.634937
vt 0.185735 0.644444
vt 0.185725 0.634916
vt 0.096667 0.644453
vt 0.096679 0.634977
vt 0.043700 0.644521
vt 0.038459 0.649764
vt 0.047149 0.655569
vt 0.049508 0.653210
vt 0.057963 0.641680
vt 0.050549 0.641683
vt 0.052590 0.651932
vt 0.055926 0.651932
vt 0.070060 0.670878
vt 0.072898 0.664027
vt 0.062646 0.661988
vt 0.061369 0.665070
vt 0.070059 0.649759
vt 0.064815 0.644516
vt 0.059009 0.653209
vt 0.061368 0.655568
vt 0.057966 0.678957
vt 0.064817 0.676121
vt 0.059010 0.667430
vt 0.055928 0.668706
vt 0.072898 0.656612
vt 0.062646 0.658652
vt 0.043702 0.676119
vt 0.050552 0.678957
vt 0.052591 0.668706
vt 0.049508 0.667429
vt 0.035623 0.664027
vt 0.038460 0.670876
vt 0.047149 0.665071
vt 0.045873 0.661988
vt 0.035623 0.656613
vt 0.045873 0.658652
vt 0.199530 0.670019
vt 0.199530 0.666687
vt 0.180545 0.666695
vt 0.180547 0.670028
vt 0.199532 0.676683
vt 0.199531 0.673351
vt 0.180549 0.673360
vt 0.180551 0.676692
vt 0.199535 0.683346
vt 0.199533 0.680014
vt 0.180553 0.680024
vt 0.180555 0.683356
vt 0.199564 0.636658
vt 0.199572 0.633311
vt 0.180491 0.633311
vt 0.180499 0.636658
vt 0.199537 0.653356
vt 0.199540 0.650020
vt 0.180524 0.650023
vt 0.180529 0.653360
vt 0.199551 0.643344
vt 0.199557 0.640003
vt 0.180506 0.640004
vt 0.180513 0.643345
vt 0.199532 0.660023
vt 0.199534 0.656690
vt 0.180533 0.656695
vt 0.180538 0.660029
vt 0.199530 0.663355
vt 0.180542 0.663362
vt 0.199537 0.686679
vt 0.180557 0.686689
vt 0.199545 0.646684
vt 0.180519 0.646685
vt 0.055334 0.668882
vt 0.051998 0.668882
vt 0.051164 0.673075
vt 0.056168 0.673075
vt 0.060776 0.665245
vt 0.058417 0.667605
vt 0.060792 0.671159
vt 0.064330 0.667621
vt 0.062054 0.658827
vt 0.062053 0.662164
vt 0.066245 0.662998
vt 0.066247 0.657994
vt 0.058418 0.653384
vt 0.060777 0.655745
vt 0.064333 0.653370
vt 0.060795 0.649831
vt 0.045279 0.658827
vt 0.046557 0.655744
vt 0.043000 0.653369
vt 0.041086 0.657994
vt 0.051999 0.652107
vt 0.055337 0.652107
vt 0.056171 0.647914
vt 0.051166 0.647913
vt 0.046557 0.665245
vt 0.045279 0.662163
vt 0.041086 0.662998
vt 0.043002 0.667621
vt 0.048917 0.653383
vt 0.046541 0.649828
vt 0.048916 0.667605
vt 0.046541 0.671159
vt 0.108644 0.663041
vt 0.103635 0.663046
vt 0.103639 0.666850
vt 0.108649 0.666845
vt 0.133705 0.663000
vt 0.128692 0.663014
vt 0.128700 0.666822
vt 0.133715 0.666807
vt 0.143737 0.662982
vt 0.138720 0.662986
vt 0.138727 0.666792
vt 0.143736 0.666785
vt 0.153744 0.663011
vt 0.148747 0.662991
vt 0.148738 0.666788
vt 0.153728 0.666800
vt 0.163714 0.663069
vt 0.158731 0.663037
vt 0.158711 0.666822
vt 0.163690 0.666853
vt 0.093614 0.663061
vt 0.088605 0.663068
vt 0.088611 0.666872
vt 0.093620 0.666865
vt 0.118669 0.663030
vt 0.113657 0.663034
vt 0.113660 0.666838
vt 0.118673 0.666836
vt 0.098624 0.663052
vt 0.098630 0.666856
vt 0.123680 0.663024
vt 0.123686 0.666830
vt 0.168696 0.663101
vt 0.168672 0.666884
vt 0.045339 0.662532
vt 0.046670 0.665738
vt 0.049926 0.663552
vt 0.049182 0.661758
vt 0.055803 0.652053
vt 0.052326 0.652050
vt 0.053092 0.655898
vt 0.055035 0.655900
vt 0.061472 0.655842
vt 0.059014 0.653384
vt 0.056831 0.656644
vt 0.058206 0.658018
vt 0.062780 0.662525
vt 0.062791 0.659055
vt 0.058946 0.659815
vt 0.058942 0.661756
vt 0.059003 0.668180
vt 0.061453 0.665729
vt 0.058200 0.663549
vt 0.056829 0.664923
vt 0.052336 0.669497
vt 0.055799 0.669498
vt 0.055035 0.665663
vt 0.053095 0.665662
vt 0.046657 0.655842
vt 0.045337 0.659058
vt 0.049182 0.659816
vt 0.049922 0.658018
vt 0.049132 0.668178
vt 0.051302 0.664922
vt 0.049110 0.653376
vt 0.051295 0.656640
vt 0.047981 0.651689
vt 0.044968 0.654715
vt 0.048011 0.669860
vt 0.051943 0.671485
vt 0.056195 0.671478
vt 0.060124 0.669862
vt 0.063133 0.666858
vt 0.064765 0.662924
vt 0.064780 0.658663
vt 0.063160 0.654718
vt 0.060144 0.651701
vt 0.056201 0.650057
vt 0.043345 0.658666
vt 0.043352 0.662935
vt 0.051928 0.650060
vt 0.044990 0.666867
vt 0.054064 0.660783
vt 0.046800 0.649925
vt 0.043199 0.653532
vt 0.046836 0.671630
vt 0.051533 0.673560
vt 0.056608 0.673560
vt 0.061295 0.671621
vt 0.064890 0.668042
vt 0.066852 0.663347
vt 0.066863 0.658250
vt 0.064925 0.653544
vt 0.061331 0.649931
vt 0.056618 0.647974
vt 0.041251 0.658256
vt 0.041270 0.663360
vt 0.051512 0.647968
vt 0.043235 0.668048
vt 0.277790 0.688845
vt 0.277790 0.681244
vt 0.370685 0.681243
vt 0.370685 0.688845
vt 0.311616 0.673015
vt 0.314823 0.665023
vt 0.412625 0.665024
vt 0.409417 0.673016
vt 0.113641 0.660529
vt 0.113917 0.652932
vt 0.190694 0.655721
vt 0.190418 0.663318
vt 0.208179 0.684803
vt 0.208179 0.677201
vt 0.301072 0.677202
vt 0.301072 0.684805
vt 0.317221 0.691251
vt 0.317174 0.683649
vt 0.393676 0.683172
vt 0.393724 0.690773
vt 0.208680 0.667713
vt 0.208680 0.660112
vt 0.301573 0.660112
vt 0.301573 0.667714
vt 0.278291 0.671755
vt 0.371185 0.671755
vt 0.111321 0.685819
vt 0.111321 0.678217
vt 0.204217 0.678216
vt 0.204217 0.685817
vt 0.111821 0.668729
vt 0.111822 0.661127
vt 0.204717 0.661126
vt 0.204717 0.668728
vt 0.315048 0.674721
vt 0.411282 0.673813
vt 0.113004 0.677287
vt 0.113004 0.669685
vt 0.209318 0.669683
vt 0.209318 0.677285
vt 0.314823 0.657423
vt 0.412625 0.657423
vt 0.278291 0.664153
vt 0.371185 0.664153
vt 0.413614 0.683598
vt 0.314976 0.667120
vt 0.411210 0.666211
vt 0.407764 0.670482
vt 0.407764 0.676183
vt 0.311837 0.676183
vt 0.311838 0.670482
vt 0.119300 0.659953
vt 0.116233 0.668000
vt 0.013916 0.668000
vt 0.016982 0.659953
vt 0.181784 0.669031
vt 0.181784 0.676632
vt 0.082804 0.676632
vt 0.082804 0.669031
vt 0.300002 0.658241
vt 0.300002 0.667742
vt 0.205178 0.667743
vt 0.205180 0.658241
vt 0.321602 0.686341
vt 0.321602 0.678580
vt 0.416426 0.678580
vt 0.416426 0.686341
vt 0.403264 0.659524
vt 0.403264 0.669026
vt 0.310988 0.669026
vt 0.310989 0.659524
vt 0.122170 0.672800
vt 0.118929 0.664823
vt 0.215694 0.664824
vt 0.218935 0.672802
vt 0.404494 0.656815
vt 0.404493 0.662516
vt 0.308569 0.662515
vt 0.308569 0.656815
vt 0.300002 0.650638
vt 0.205180 0.650638
vt 0.403264 0.651922
vt 0.310989 0.651922
vt 0.184006 0.660712
vt 0.085027 0.660711
vt 0.116233 0.675600
vt 0.013916 0.675600
vt 0.403264 0.676627
vt 0.310988 0.676627
vt 0.119301 0.652352
vt 0.016982 0.652351
vt 0.375774 0.665568
vt 0.375778 0.674614
vt 0.422926 0.674704
vt 0.422977 0.666187
vt 0.161427 0.662854
vt 0.161404 0.672372
vt 0.213323 0.672218
vt 0.213345 0.662665
vt 0.317373 0.663674
vt 0.317273 0.673379
vt 0.370494 0.673617
vt 0.370608 0.663751
vt 0.009208 0.664578
vt 0.009198 0.674363
vt 0.063507 0.674592
vt 0.063448 0.664318
vt 0.265359 0.662565
vt 0.265315 0.672117
vt 0.317422 0.672299
vt 0.317489 0.662644
vt 0.009341 0.663076
vt 0.009277 0.672604
vt 0.062060 0.673231
vt 0.062135 0.663217
vt 0.118828 0.664433
vt 0.118886 0.674447
vt 0.172613 0.674302
vt 0.172563 0.664603
vt 0.370379 0.662547
vt 0.370299 0.672346
vt 0.422057 0.672273
vt 0.422079 0.662947
vt 0.116389 0.663367
vt 0.116364 0.673278
vt 0.169854 0.673172
vt 0.169859 0.663471
vt 0.224643 0.664928
vt 0.224676 0.674403
vt 0.275813 0.674219
vt 0.275801 0.664926
vt 0.222397 0.664151
vt 0.222391 0.673738
vt 0.273976 0.673926
vt 0.274003 0.664494
vt 0.058065 0.662839
vt 0.057941 0.672318
vt 0.109599 0.672587
vt 0.109682 0.663099
vt 0.326218 0.665478
vt 0.326224 0.674679
vt 0.325240 0.664822
vt 0.325217 0.674132
vt 0.375611 0.674661
vt 0.375601 0.665458
vt 0.161374 0.663224
vt 0.161304 0.672711
vt 0.213009 0.672802
vt 0.213078 0.663315
vt 0.109642 0.663027
vt 0.109612 0.672529
vt 0.265031 0.663410
vt 0.264945 0.672973
vt 0.007930 0.663438
vt 0.007948 0.672433
vt 0.057872 0.672546
vt 0.057914 0.663005
vt 0.422629 0.673734
vt 0.422686 0.664339
vt 0.008518 0.662607
vt 0.008405 0.671539
vt 0.423280 0.674332
vt 0.423279 0.665745
vt 0.325166 0.690326
vt 0.375684 0.690006
vt 0.273696 0.689951
vt 0.222340 0.689575
vt 0.169830 0.690000
vt 0.116361 0.689687
vt 0.062136 0.690324
vt 0.007311 0.689272
vt 0.370249 0.690436
vt 0.424325 0.690198
vt 0.317138 0.689400
vt 0.265013 0.689178
vt 0.213097 0.688913
vt 0.161401 0.688818
vt 0.109683 0.688713
vt 0.057871 0.688524
vt 0.006446 0.687161
vt 0.370123 0.689049
vt 0.423802 0.688609
vt 0.317356 0.688236
vt 0.265473 0.688296
vt 0.213498 0.688418
vt 0.161581 0.688528
vt 0.109791 0.688675
vt 0.057960 0.688826
vt 0.006199 0.688180
vt 0.375847 0.690186
vt 0.424520 0.689236
vt 0.326192 0.689923
vt 0.275805 0.690340
vt 0.224680 0.690073
vt 0.172881 0.690734
vt 0.119174 0.691455
vt 0.063654 0.692146
vt 0.007312 0.691506
vt 0.424969 0.689324
vt 0.351858 0.659535
vt 0.383136 0.659830
vt 0.383149 0.668876
vt 0.351881 0.668628
vt 0.290624 0.679471
vt 0.259123 0.679507
vt 0.258980 0.670427
vt 0.290503 0.670198
vt 0.038028 0.661750
vt 0.068265 0.661309
vt 0.068429 0.670140
vt 0.038224 0.670420
vt 0.007295 0.658307
vt 0.038953 0.658610
vt 0.039021 0.667476
vt 0.007324 0.667725
vt 0.227991 0.679532
vt 0.197450 0.679439
vt 0.197386 0.670675
vt 0.227897 0.670613
vt 0.099106 0.660992
vt 0.130326 0.660691
vt 0.130460 0.669887
vt 0.099215 0.669996
vt 0.069762 0.658433
vt 0.101173 0.658501
vt 0.101218 0.667695
vt 0.069832 0.667468
vt 0.162327 0.660361
vt 0.195512 0.659905
vt 0.195674 0.669699
vt 0.162496 0.669814
vt 0.191034 0.657937
vt 0.223944 0.658482
vt 0.223937 0.667973
vt 0.190932 0.667515
vt 0.133274 0.658620
vt 0.165705 0.658937
vt 0.165673 0.668399
vt 0.133257 0.667983
vt 0.229908 0.659555
vt 0.266264 0.659034
vt 0.266264 0.669843
vt 0.230067 0.669542
vt 0.256447 0.658792
vt 0.288591 0.659048
vt 0.288614 0.668329
vt 0.256464 0.668177
vt 0.198466 0.659269
vt 0.231601 0.659438
vt 0.231670 0.669076
vt 0.198446 0.668831
vt 0.389735 0.679300
vt 0.355914 0.679365
vt 0.355782 0.669648
vt 0.389640 0.669482
vt 0.320387 0.659291
vt 0.320411 0.668473
vt 0.322874 0.679315
vt 0.322742 0.669862
vt 0.007295 0.661964
vt 0.007437 0.671108
vt 0.415687 0.659926
vt 0.415469 0.669576
vt 0.166285 0.679619
vt 0.166347 0.670369
vt 0.156557 0.656724
vt 0.156228 0.667019
vt 0.425320 0.679636
vt 0.425320 0.669019
vt 0.266414 0.659013
vt 0.266472 0.669360
vt 0.197443 0.659620
vt 0.227850 0.659274
vt 0.258882 0.658860
vt 0.290408 0.658388
vt 0.322631 0.657805
vt 0.355658 0.657245
vt 0.389523 0.656577
vt 0.423813 0.656174
vt 0.264797 0.682877
vt 0.230015 0.682635
vt 0.195672 0.682204
vt 0.162519 0.681875
vt 0.130484 0.681609
vt 0.099236 0.681454
vt 0.068507 0.681369
vt 0.038406 0.681372
vt 0.008869 0.682081
vt 0.265021 0.682424
vt 0.231530 0.681596
vt 0.198297 0.681035
vt 0.165528 0.680452
vt 0.133130 0.679892
vt 0.101141 0.679401
vt 0.069797 0.678952
vt 0.039059 0.678681
vt 0.008667 0.679037
vt 0.413926 0.681082
vt 0.382971 0.680275
vt 0.351796 0.680192
vt 0.320336 0.680168
vt 0.288538 0.680155
vt 0.256384 0.680139
vt 0.223841 0.680096
vt 0.190798 0.679977
vt 0.157398 0.680077
vt 0.167643 0.659287
vt 0.157444 0.690256
vt 0.190846 0.690102
vt 0.223892 0.689983
vt 0.256437 0.689887
vt 0.288592 0.689790
vt 0.320387 0.689697
vt 0.351831 0.689615
vt 0.382904 0.689628
vt 0.413706 0.690255
vt 0.008747 0.688048
vt 0.038998 0.687882
vt 0.069629 0.688292
vt 0.100936 0.688932
vt 0.132906 0.689588
vt 0.165294 0.690268
vt 0.198051 0.690979
vt 0.231267 0.691765
vt 0.264757 0.692630
vt 0.009046 0.690839
vt 0.038442 0.690350
vt 0.068434 0.690513
vt 0.099126 0.690786
vt 0.130343 0.691142
vt 0.162343 0.691688
vt 0.195462 0.692373
vt 0.229845 0.693162
vt 0.264695 0.693497
vt 0.423663 0.645703
vt 0.389301 0.646196
vt 0.355385 0.647156
vt 0.322380 0.647982
vt 0.290178 0.648786
vt 0.258676 0.649441
vt 0.227674 0.650037
vt 0.197369 0.650556
vt 0.167707 0.650447
vt 0.122755 0.687536
vt 0.122755 0.679934
vt 0.201289 0.679935
vt 0.201288 0.687536
vt 0.321439 0.662083
vt 0.321424 0.654480
vt 0.399827 0.654314
vt 0.399842 0.661916
vt 0.319435 0.678641
vt 0.319436 0.671039
vt 0.417572 0.671046
vt 0.417572 0.678648
vt 0.122049 0.670784
vt 0.220141 0.673442
vt 0.122254 0.663185
vt 0.220346 0.665843
vt 0.220915 0.683472
vt 0.259424 0.662934
vt 0.259423 0.672435
vt 0.169441 0.672435
vt 0.169442 0.662934
vt 0.259424 0.680037
vt 0.169441 0.680037
vt 0.259424 0.655332
vt 0.169442 0.655332
vt 0.141404 0.659378
vt 0.138395 0.667447
vt 0.038178 0.667446
vt 0.041187 0.659377
vt 0.138394 0.675048
vt 0.038178 0.675047
vt 0.141404 0.651777
vt 0.041187 0.651775
vt 0.140561 0.676825
vt 0.137361 0.668830
vt 0.236853 0.668830
vt 0.240051 0.676826
vt 0.140561 0.682526
vt 0.240051 0.682526
vt 0.137361 0.663130
vt 0.236853 0.663130
vt 0.407046 0.659656
vt 0.407046 0.669156
vt 0.316705 0.669156
vt 0.316706 0.659654
vt 0.407046 0.676758
vt 0.316706 0.676758
vt 0.407046 0.652054
vt 0.316706 0.652053
vt 0.364721 0.659523
vt 0.364720 0.669023
vt 0.274379 0.669020
vt 0.274380 0.659519
vt 0.364721 0.676624
vt 0.274378 0.676623
vt 0.364721 0.651922
vt 0.274380 0.651917
vt 0.272348 0.659520
vt 0.272348 0.669022
vt 0.181400 0.669022
vt 0.181400 0.659520
vt 0.272348 0.676623
vt 0.181400 0.676623
vt 0.272348 0.651919
vt 0.181400 0.651919
vt 0.374144 0.655186
vt 0.374144 0.664688
vt 0.285531 0.664688
vt 0.285532 0.655186
vt 0.374144 0.672289
vt 0.285531 0.672290
vt 0.374144 0.647585
vt 0.285532 0.647584
vt 0.113760 0.659555
vt 0.113760 0.669056
vt 0.022812 0.669058
vt 0.022812 0.659556
vt 0.113760 0.676659
vt 0.022812 0.676659
vt 0.113759 0.651952
vt 0.022812 0.651955
vt 0.120909 0.663159
vt 0.120909 0.672659
vt 0.024762 0.672660
vt 0.024763 0.663158
vt 0.120909 0.680261
vt 0.024762 0.680261
vt 0.120909 0.655557
vt 0.024762 0.655556
vt 0.367035 0.660168
vt 0.367035 0.669667
vt 0.272851 0.669667
vt 0.272851 0.660167
vt 0.367035 0.677269
vt 0.272851 0.677268
vt 0.367035 0.652564
vt 0.272851 0.652565
vt 0.414664 0.660643
vt 0.414664 0.670144
vt 0.320480 0.670145
vt 0.320480 0.660644
vt 0.414664 0.677746
vt 0.320480 0.677746
vt 0.414664 0.653041
vt 0.320480 0.653042
vt 0.412505 0.659077
vt 0.412505 0.668579
vt 0.316358 0.668579
vt 0.316358 0.659078
vt 0.412505 0.676181
vt 0.316358 0.676181
vt 0.412505 0.651476
vt 0.316358 0.651476
vt 0.271269 0.688142
vt 0.271269 0.680540
vt 0.348750 0.680539
vt 0.348750 0.688142
vt 0.084302 0.657985
vt 0.084289 0.650384
vt 0.163410 0.650247
vt 0.163423 0.657850
vt 0.082312 0.674547
vt 0.082312 0.666945
vt 0.181168 0.666950
vt 0.181167 0.674552
vt 0.270506 0.671394
vt 0.367561 0.673926
vt 0.270704 0.663795
vt 0.367760 0.666327
vt 0.368399 0.683950
vt 0.049477 0.677513
vt 0.050913 0.668120
vt 0.146926 0.668118
vt 0.145491 0.677510
vt 0.050913 0.660519
vt 0.146926 0.660516
vt 0.049478 0.685114
vt 0.145492 0.685112
vt 0.047503 0.686747
vt 0.047503 0.679146
vt 0.127742 0.679146
vt 0.127743 0.686747
vt 0.028860 0.661608
vt 0.028859 0.654007
vt 0.110710 0.653987
vt 0.110711 0.661588
vt 0.026925 0.678180
vt 0.026925 0.670579
vt 0.128512 0.670584
vt 0.128511 0.678186
vt 0.046570 0.670016
vt 0.146427 0.672185
vt 0.046735 0.662415
vt 0.146592 0.664585
vt 0.147451 0.682192
vt 0.297809 0.677096
vt 0.299869 0.667820
vt 0.401283 0.667820
vt 0.399224 0.677096
vt 0.299870 0.660218
vt 0.401283 0.660218
vt 0.297810 0.684698
vt 0.399224 0.684698
vt 0.247564 0.682722
vt 0.249662 0.673455
vt 0.349219 0.673455
vt 0.347121 0.682722
vt 0.249663 0.665854
vt 0.349219 0.665853
vt 0.247564 0.690324
vt 0.347121 0.690324
vt 0.311616 0.680616
vt 0.409417 0.680617
vt 0.316378 0.682319
vt 0.313256 0.674294
vt 0.413705 0.674295
vt 0.416827 0.682319
vt 0.316378 0.688021
vt 0.416827 0.688021
vt 0.313256 0.668593
vt 0.413705 0.668594
vt 0.321602 0.669079
vt 0.416427 0.669080
vt 0.321602 0.661319
vt 0.416428 0.661320
vt 0.184006 0.653111
vt 0.085026 0.653110
vt 0.300001 0.675344
vt 0.205179 0.675345
vt 0.122171 0.678501
vt 0.218935 0.678503
vt 0.118929 0.659122
vt 0.215694 0.659123
vt 0.155425 0.660334
vt 0.155424 0.669836
vt 0.062447 0.669836
vt 0.062447 0.660334
vt 0.155424 0.677438
vt 0.062446 0.677438
vt 0.155425 0.652732
vt 0.062447 0.652732
vt 0.302996 0.677778
vt 0.151922 0.677777
vt 0.151922 0.668277
vt 0.302996 0.668277
vt 0.151922 0.660676
vt 0.302996 0.660675
vt 0.302996 0.685379
vt 0.151922 0.685379
vt 0.419778 0.678241
vt 0.268703 0.678243
vt 0.268702 0.668741
vt 0.419778 0.668739
vt 0.268702 0.661140
vt 0.419778 0.661139
vt 0.419778 0.685843
vt 0.268703 0.685844
vt 0.011711 0.669250
vt 0.162782 0.669251
vt 0.162781 0.676852
vt 0.011711 0.676851
vt 0.107703 0.658951
vt 0.258774 0.658949
vt 0.258774 0.668451
vt 0.107703 0.668453
vt 0.011711 0.659749
vt 0.162783 0.659749
vt 0.011711 0.652148
vt 0.162783 0.652148
vt 0.258774 0.676051
vt 0.107704 0.676054
vt 0.107703 0.651351
vt 0.258774 0.651349
usemtl Exterior_Mat
s off
f 3518/5428 3534/5429 3533/5430 3517/5431
f 3516/5432 3532/5433 3531/5434 3515/5435
f 3527/5436 3543/5437 3542/5438 3526/5439
f 3514/5440 3530/5441 3529/5442 3513/5443
f 3525/5444 3541/5445 3540/5446 3524/5447
f 3523/5448 3539/5449 3538/5450 3522/5451
f 3521/5452 3537/5453 3536/5454 3520/5455
f 3519/5456 3535/5457 3534/5429 3518/5428
f 3517/5431 3533/5430 3532/5458 3516/5459
f 3512/5460 3528/5461 3543/5437 3527/5436
f 3515/5435 3531/5434 3530/5441 3514/5440
f 3526/5439 3542/5438 3541/5445 3525/5444
f 3513/5443 3529/5442 3528/5461 3512/5460
f 3524/5447 3540/5446 3539/5449 3523/5448
f 3522/5451 3538/5450 3537/5453 3521/5452
f 3520/5455 3536/5454 3535/5457 3519/5456
f 3518/5462 3550/5463 3551/5464 3519/5465
f 3516/5466 3548/5467 3549/5468 3517/5469
f 3527/5470 3559/5471 3544/5472 3512/5473
f 3514/5474 3546/5475 3547/5476 3515/5477
f 3525/5478 3557/5479 3558/5480 3526/5481
f 3512/5473 3544/5472 3545/5482 3513/5483
f 3523/5484 3555/5485 3556/5486 3524/5487
f 3521/5488 3553/5489 3554/5490 3522/5491
f 3519/5465 3551/5464 3552/5492 3520/5493
f 3517/5469 3549/5468 3550/5463 3518/5462
f 3515/5477 3547/5476 3548/5467 3516/5466
f 3526/5481 3558/5480 3559/5471 3527/5470
f 3513/5483 3545/5482 3546/5475 3514/5474
f 3524/5487 3556/5486 3557/5479 3525/5478
f 3522/5491 3554/5490 3555/5485 3523/5484
f 3520/5493 3552/5492 3553/5489 3521/5488
f 3553/5494 3569/5495 3570/5496 3554/5497
f 3551/5498 3567/5499 3568/5500 3552/5501
f 3549/5502 3565/5503 3566/5504 3550/5505
f 3547/5506 3563/5507 3564/5508 3548/5509
f 3558/5510 3574/5511 3575/5512 3559/5513
f 3545/5514 3561/5515 3562/5516 3546/5517
f 3556/5518 3572/5519 3573/5520 3557/5521
f 3554/5497 3570/5496 3571/5522 3555/5523
f 3552/5501 3568/5500 3569/5495 3553/5494
f 3550/5505 3566/5504 3567/5499 3551/5498
f 3548/5524 3564/5525 3565/5503 3549/5502
f 3559/5513 3575/5512 3560/5526 3544/5527
f 3546/5517 3562/5516 3563/5507 3547/5506
f 3557/5521 3573/5520 3574/5511 3558/5510
f 3544/5527 3560/5526 3561/5515 3545/5514
f 3555/5523 3571/5522 3572/5519 3556/5518
f 3570/5528 3586/5529 3587/5530 3571/5531
f 3568/5532 3584/5533 3585/5534 3569/5535
f 3566/5536 3582/5537 3583/5538 3567/5539
f 3564/5540 3580/5541 3581/5542 3565/5543
f 3575/5544 3591/5545 3576/5546 3560/5547
f 3562/5548 3578/5549 3579/5550 3563/5551
f 3573/5552 3589/5553 3590/5554 3574/5555
f 3560/5547 3576/5546 3577/5556 3561/5557
f 3571/5531 3587/5530 3588/5558 3572/5559
f 3569/5535 3585/5534 3586/5529 3570/5528
f 3567/5539 3583/5538 3584/5533 3568/5532
f 3565/5543 3581/5542 3582/5537 3566/5536
f 3563/5551 3579/5550 3580/5541 3564/5540
f 3574/5555 3590/5554 3591/5545 3575/5544
f 3561/5557 3577/5556 3578/5549 3562/5548
f 3572/5559 3588/5558 3589/5553 3573/5552
f 3576/5560 3592/5561 3593/5562 3577/5563
f 3587/5564 3603/5565 3604/5566 3588/5567
f 3585/5568 3601/5569 3602/5570 3586/5571
f 3583/5572 3599/5573 3600/5574 3584/5575
f 3581/5576 3597/5577 3598/5578 3582/5579
f 3579/5580 3595/5581 3596/5582 3580/5583
f 3590/5584 3606/5585 3607/5586 3591/5587
f 3577/5563 3593/5562 3594/5588 3578/5589
f 3588/5567 3604/5566 3605/5590 3589/5591
f 3586/5571 3602/5570 3603/5565 3587/5564
f 3584/5575 3600/5574 3601/5569 3585/5568
f 3582/5579 3598/5578 3599/5573 3583/5572
f 3580/5592 3596/5593 3597/5577 3581/5576
f 3591/5587 3607/5586 3592/5561 3576/5560
f 3578/5589 3594/5588 3595/5581 3579/5580
f 3589/5591 3605/5590 3606/5585 3590/5584
f 3639/5594 3609/5595 3610/5596 3638/5597
f 3637/5598 3620/5599 3621/5600 3636/5601
f 3635/5602 3618/5603 3619/5604 3634/5605
f 3633/5606 3616/5607 3617/5608 3632/5609
f 3631/5610 3614/5611 3615/5612 3630/5613
f 3629/5614 3612/5615 3613/5616 3628/5617
f 3627/5618 3623/5619 3608/5620 3626/5621
f 3638/5597 3610/5596 3611/5622 3625/5623
f 3636/5601 3621/5600 3622/5624 3640/5625
f 3626/5621 3608/5620 3609/5595 3639/5594
f 3634/5605 3619/5604 3620/5599 3637/5598
f 3632/5609 3617/5608 3618/5603 3635/5602
f 3630/5613 3615/5612 3616/5607 3633/5606
f 3628/5617 3613/5616 3614/5611 3631/5610
f 3625/5623 3611/5622 3612/5615 3629/5614
f 3640/5625 3622/5624 3623/5619 3627/5618
f 3648/5626 3640/5625 3627/5618 3647/5627
f 3649/5628 3625/5623 3629/5614 3646/5629
f 3651/5630 3628/5617 3631/5610 3645/5631
f 3652/5632 3630/5613 3633/5606 3644/5633
f 3653/5634 3632/5609 3635/5602 3643/5635
f 3654/5636 3634/5605 3637/5598 3642/5637
f 3650/5638 3626/5621 3639/5594 3641/5639
f 3655/5640 3636/5601 3640/5625 3648/5626
f 3656/5641 3638/5597 3625/5623 3649/5628
f 3647/5627 3627/5618 3626/5621 3650/5638
f 3646/5629 3629/5614 3628/5617 3651/5630
f 3645/5631 3631/5610 3630/5613 3652/5632
f 3644/5633 3633/5606 3632/5609 3653/5634
f 3643/5635 3635/5602 3634/5605 3654/5636
f 3642/5637 3637/5598 3636/5601 3655/5640
f 3641/5639 3639/5594 3638/5597 3656/5641
f 3610/5596 3624/5642 3611/5622
f 3621/5600 3624/5642 3622/5624
f 3608/5620 3624/5642 3609/5595
f 3619/5604 3624/5642 3620/5599
f 3617/5608 3624/5642 3618/5603
f 3615/5612 3624/5642 3616/5607
f 3613/5616 3624/5642 3614/5611
f 3611/5622 3624/5642 3612/5615
f 3622/5624 3624/5642 3623/5619
f 3609/5595 3624/5642 3610/5596
f 3620/5599 3624/5642 3621/5600
f 3618/5603 3624/5642 3619/5604
f 3616/5607 3624/5642 3617/5608
f 3614/5611 3624/5642 3615/5612
f 3612/5615 3624/5642 3613/5616
f 3623/5619 3624/5642 3608/5620
f 3606/5643 3648/5626 3647/5627 3607/5644
f 3595/5645 3649/5628 3646/5629 3596/5646
f 3597/5647 3651/5630 3645/5631 3598/5648
f 3599/5649 3652/5632 3644/5633 3600/5650
f 3601/5651 3653/5634 3643/5635 3602/5652
f 3603/5653 3654/5636 3642/5637 3604/5654
f 3592/5655 3650/5638 3641/5639 3593/5656
f 3605/5657 3655/5640 3648/5626 3606/5643
f 3594/5658 3656/5641 3649/5628 3595/5645
f 3607/5644 3647/5627 3650/5638 3592/5655
f 3596/5646 3646/5629 3651/5630 3597/5647
f 3598/5648 3645/5631 3652/5632 3599/5649
f 3600/5650 3644/5633 3653/5634 3601/5651
f 3602/5652 3643/5635 3654/5636 3603/5653
f 3604/5654 3642/5637 3655/5640 3605/5657
f 3593/5656 3641/5639 3656/5641 3594/5658
f 3663/5659 3662/5660 3678/5661 3679/5662
f 3661/5663 3660/5664 3676/5665 3677/5666
f 3672/5667 3671/5668 3687/5669 3688/5670
f 3659/5671 3658/5672 3674/5673 3675/5674
f 3670/5675 3669/5676 3685/5677 3686/5678
f 3668/5679 3667/5680 3683/5681 3684/5682
f 3666/5683 3665/5684 3681/5685 3682/5686
f 3664/5687 3663/5659 3679/5662 3680/5688
f 3662/5660 3661/5689 3677/5690 3678/5661
f 3657/5691 3672/5667 3688/5670 3673/5692
f 3660/5664 3659/5671 3675/5674 3676/5665
f 3671/5668 3670/5675 3686/5678 3687/5669
f 3658/5672 3657/5691 3673/5692 3674/5673
f 3669/5676 3668/5679 3684/5682 3685/5677
f 3667/5680 3666/5683 3682/5686 3683/5681
f 3665/5684 3664/5687 3680/5688 3681/5685
f 3663/5693 3664/5694 3696/5695 3695/5696
f 3661/5697 3662/5698 3694/5699 3693/5700
f 3672/5701 3657/5702 3689/5703 3704/5704
f 3659/5705 3660/5706 3692/5707 3691/5708
f 3670/5709 3671/5710 3703/5711 3702/5712
f 3657/5702 3658/5713 3690/5714 3689/5703
f 3668/5715 3669/5716 3701/5717 3700/5718
f 3666/5719 3667/5720 3699/5721 3698/5722
f 3664/5694 3665/5723 3697/5724 3696/5695
f 3662/5698 3663/5693 3695/5696 3694/5699
f 3660/5706 3661/5697 3693/5700 3692/5707
f 3671/5710 3672/5701 3704/5704 3703/5711
f 3658/5713 3659/5705 3691/5708 3690/5714
f 3669/5716 3670/5709 3702/5712 3701/5717
f 3667/5720 3668/5715 3700/5718 3699/5721
f 3665/5723 3666/5719 3698/5722 3697/5724
f 3698/5725 3699/5726 3715/5727 3714/5728
f 3696/5729 3697/5730 3713/5731 3712/5732
f 3694/5733 3695/5734 3711/5735 3710/5736
f 3692/5737 3693/5738 3709/5739 3708/5740
f 3703/5741 3704/5742 3720/5743 3719/5744
f 3690/5745 3691/5746 3707/5747 3706/5748
f 3701/5749 3702/5750 3718/5751 3717/5752
f 3699/5726 3700/5753 3716/5754 3715/5727
f 3697/5730 3698/5725 3714/5728 3713/5731
f 3695/5734 3696/5729 3712/5732 3711/5735
f 3693/5755 3694/5733 3710/5736 3709/5756
f 3704/5742 3689/5757 3705/5758 3720/5743
f 3691/5746 3692/5737 3708/5740 3707/5747
f 3702/5750 3703/5741 3719/5744 3718/5751
f 3689/5757 3690/5745 3706/5748 3705/5758
f 3700/5753 3701/5749 3717/5752 3716/5754
f 3715/5759 3716/5760 3732/5761 3731/5762
f 3713/5763 3714/5764 3730/5765 3729/5766
f 3711/5767 3712/5768 3728/5769 3727/5770
f 3709/5771 3710/5772 3726/5773 3725/5774
f 3720/5775 3705/5776 3721/5777 3736/5778
f 3707/5779 3708/5780 3724/5781 3723/5782
f 3718/5783 3719/5784 3735/5785 3734/5786
f 3705/5776 3706/5787 3722/5788 3721/5777
f 3716/5760 3717/5789 3733/5790 3732/5761
f 3714/5764 3715/5759 3731/5762 3730/5765
f 3712/5768 3713/5763 3729/5766 3728/5769
f 3710/5772 3711/5767 3727/5770 3726/5773
f 3708/5780 3709/5771 3725/5774 3724/5781
f 3719/5784 3720/5775 3736/5778 3735/5785
f 3706/5787 3707/5779 3723/5782 3722/5788
f 3717/5789 3718/5783 3734/5786 3733/5790
f 3721/5791 3722/5792 3738/5793 3737/5794
f 3732/5795 3733/5796 3749/5797 3748/5798
f 3730/5799 3731/5800 3747/5801 3746/5802
f 3728/5803 3729/5804 3745/5805 3744/5806
f 3726/5807 3727/5808 3743/5809 3742/5810
f 3724/5811 3725/5812 3741/5813 3740/5814
f 3735/5815 3736/5816 3752/5817 3751/5818
f 3722/5792 3723/5819 3739/5820 3738/5793
f 3733/5796 3734/5821 3750/5822 3749/5797
f 3731/5800 3732/5795 3748/5798 3747/5801
f 3729/5804 3730/5799 3746/5802 3745/5805
f 3727/5808 3728/5803 3744/5806 3743/5809
f 3725/5823 3726/5807 3742/5810 3741/5824
f 3736/5816 3721/5791 3737/5794 3752/5817
f 3723/5819 3724/5811 3740/5814 3739/5820
f 3734/5821 3735/5815 3751/5818 3750/5822
f 3784/5825 3783/5826 3755/5827 3754/5828
f 3782/5829 3781/5830 3766/5831 3765/5832
f 3780/5833 3779/5834 3764/5835 3763/5836
f 3778/5837 3777/5838 3762/5839 3761/5840
f 3776/5841 3775/5842 3760/5843 3759/5844
f 3774/5845 3773/5846 3758/5847 3757/5848
f 3772/5849 3771/5850 3753/5851 3768/5852
f 3783/5826 3770/5853 3756/5854 3755/5827
f 3781/5830 3785/5855 3767/5856 3766/5831
f 3771/5850 3784/5825 3754/5828 3753/5851
f 3779/5834 3782/5829 3765/5832 3764/5835
f 3777/5838 3780/5833 3763/5836 3762/5839
f 3775/5842 3778/5837 3761/5840 3760/5843
f 3773/5846 3776/5841 3759/5844 3758/5847
f 3770/5853 3774/5845 3757/5848 3756/5854
f 3785/5855 3772/5849 3768/5852 3767/5856
f 3793/5857 3792/5858 3772/5849 3785/5855
f 3794/5859 3791/5860 3774/5845 3770/5853
f 3796/5861 3790/5862 3776/5841 3773/5846
f 3797/5863 3789/5864 3778/5837 3775/5842
f 3798/5865 3788/5866 3780/5833 3777/5838
f 3799/5867 3787/5868 3782/5829 3779/5834
f 3795/5869 3786/5870 3784/5825 3771/5850
f 3800/5871 3793/5857 3785/5855 3781/5830
f 3801/5872 3794/5859 3770/5853 3783/5826
f 3792/5858 3795/5869 3771/5850 3772/5849
f 3791/5860 3796/5861 3773/5846 3774/5845
f 3790/5862 3797/5863 3775/5842 3776/5841
f 3789/5864 3798/5865 3777/5838 3778/5837
f 3788/5866 3799/5867 3779/5834 3780/5833
f 3787/5868 3800/5871 3781/5830 3782/5829
f 3786/5870 3801/5872 3783/5826 3784/5825
f 3755/5827 3756/5854 3769/5873
f 3766/5831 3767/5856 3769/5873
f 3753/5851 3754/5828 3769/5873
f 3764/5835 3765/5832 3769/5873
f 3762/5839 3763/5836 3769/5873
f 3760/5843 3761/5840 3769/5873
f 3758/5847 3759/5844 3769/5873
f 3756/5854 3757/5848 3769/5873
f 3767/5856 3768/5852 3769/5873
f 3754/5828 3755/5827 3769/5873
f 3765/5832 3766/5831 3769/5873
f 3763/5836 3764/5835 3769/5873
f 3761/5840 3762/5839 3769/5873
f 3759/5844 3760/5843 3769/5873
f 3757/5848 3758/5847 3769/5873
f 3768/5852 3753/5851 3769/5873
f 3751/5874 3752/5875 3792/5858 3793/5857
f 3740/5876 3741/5877 3791/5860 3794/5859
f 3742/5878 3743/5879 3790/5862 3796/5861
f 3744/5880 3745/5881 3789/5864 3797/5863
f 3746/5882 3747/5883 3788/5866 3798/5865
f 3748/5884 3749/5885 3787/5868 3799/5867
f 3737/5886 3738/5887 3786/5870 3795/5869
f 3750/5888 3751/5874 3793/5857 3800/5871
f 3739/5889 3740/5876 3794/5859 3801/5872
f 3752/5875 3737/5886 3795/5869 3792/5858
f 3741/5877 3742/5878 3796/5861 3791/5860
f 3743/5879 3744/5880 3797/5863 3790/5862
f 3745/5881 3746/5882 3798/5865 3789/5864
f 3747/5883 3748/5884 3799/5867 3788/5866
f 3749/5885 3750/5888 3800/5871 3787/5868
f 3738/5887 3739/5889 3801/5872 3786/5870
f 4466/5890 4469/5891 4473/5892 4470/5893
f 4445/5894 4444/5895 4448/5896 4449/5897
f 4477/5898 4478/5899 4475/5900 4474/5901
f 4450/5902 4453/5903 4457/5904 4454/5905
f 4487/5906 4484/5907 4474/5908 4475/5909
f 4452/5910 4451/5911 4455/5912 4456/5913
f 4469/5891 4468/5914 4472/5915 4473/5892
f 4458/5916 4461/5917 4465/5918 4462/5919
f 4460/5920 4459/5921 4463/5922 4464/5923
f 4484/5907 4485/5924 4481/5925 4474/5908
f 4461/5917 4460/5920 4464/5923 4465/5918
f 4479/5926 4476/5927 4480/5928 4483/5929
f 4444/5895 4443/5930 4447/5931 4448/5896
f 4453/5903 4452/5910 4456/5913 4457/5904
f 4468/5914 4467/5932 4471/5933 4472/5915
f 4474/5908 4481/5925 4480/5934
f 4485/5924 4486/5935 4482/5936 4481/5925
f 4476/5927 4477/5898 4474/5901 4480/5928
f 4415/5937 4416/5938 4412/5939 4411/5940
f 4389/5941 4388/5942 4392/5943 4393/5944
f 4420/5945 4419/5946 4423/5947 4424/5948
f 4397/5949 4396/5950 4400/5951 4401/5952
f 4426/5953 4429/5954 4433/5955 4430/5956
f 4405/5957 4404/5958 4408/5959 4409/5960
f 4382/5961 4383/5962 4379/5963 4378/5964
f 4417/5965 4414/5966 4410/5967 4413/5968
f 4394/5969 4397/5949 4401/5952 4398/5970
f 4402/5971 4405/5957 4409/5960 4406/5972
f 4421/5973 4420/5945 4424/5948 4425/5974
f 4388/5942 4387/5975 4391/5976 4392/5943
f 4404/5958 4403/5977 4407/5978 4408/5959
f 4386/5979 4389/5941 4393/5944 4390/5980
f 3859/5981 3891/5982 3898/5983 3866/5984
f 3856/5985 3888/5986 3887/5987 3855/5988
f 3845/5989 3877/5990 3876/5991 3844/5992
f 3835/5993 3867/5994 3897/5995 3865/5996
f 3854/5997 3886/5998 3885/5999 3853/6000
f 3843/6001 3875/6002 3874/6003 3842/6004
f 3864/6005 3896/6006 3895/6007 3863/6008
f 3852/6009 3884/6010 3883/6011 3851/6012
f 3841/6013 3873/6014 3872/6015 3840/6016
f 3862/6017 3894/6018 3893/6019 3861/6020
f 3839/6021 3871/6022 3870/6023 3838/6024
f 3850/6025 3882/6026 3881/6027 3849/6028
f 3860/6029 3892/6030 3891/5982 3859/5981
f 3837/6031 3869/6032 3868/6033 3836/6034
f 3848/6035 3880/6036 3879/6037 3847/6038
f 3857/6039 3889/6040 3888/5986 3856/5985
f 3846/6041 3878/6042 3877/5990 3845/5989
f 3866/6043 3898/6044 3890/6045 3858/6046
f 3855/5988 3887/5987 3886/5998 3854/5997
f 3844/5992 3876/5991 3875/6047 3843/6048
f 3865/5996 3897/5995 3896/6006 3864/6005
f 3853/6000 3885/5999 3884/6010 3852/6009
f 3842/6004 3874/6003 3873/6014 3841/6013
f 3863/6008 3895/6007 3894/6018 3862/6017
f 3840/6016 3872/6015 3871/6022 3839/6021
f 3851/6049 3883/6050 3882/6026 3850/6025
f 3861/6020 3893/6019 3892/6030 3860/6029
f 3838/6024 3870/6023 3869/6032 3837/6031
f 3849/6028 3881/6027 3880/6036 3848/6035
f 3858/6046 3890/6045 3889/6040 3857/6039
f 3836/6034 3868/6033 3867/6051 3835/6052
f 3847/6038 3879/6037 3878/6042 3846/6041
f 3868/6033 3869/6032 3901/6053 3900/6054
f 3869/6032 3870/6023 3902/6055 3901/6053
f 3870/6023 3871/6022 3903/6056 3902/6055
f 3871/6022 3872/6015 3904/6057 3903/6056
f 3872/6015 3873/6014 3905/6058 3904/6057
f 3873/6014 3874/6003 3906/6059 3905/6058
f 3874/6003 3875/6002 3907/6060 3906/6059
f 3875/6047 3876/5991 3908/6061 3907/6062
f 3876/5991 3877/5990 3909/6063 3908/6061
f 3877/5990 3878/6042 3910/6064 3909/6063
f 3878/6042 3879/6037 3911/6065 3910/6064
f 3879/6037 3880/6036 3912/6066 3911/6065
f 3880/6036 3881/6027 3913/6067 3912/6066
f 3881/6027 3882/6026 3914/6068 3913/6067
f 3882/6026 3883/6050 3915/6069 3914/6068
f 3883/6011 3884/6010 3916/6070 3915/6071
f 3884/6010 3885/5999 3917/6072 3916/6070
f 3885/5999 3886/5998 3918/6073 3917/6072
f 3886/5998 3887/5987 3919/6074 3918/6073
f 3887/5987 3888/5986 3920/6075 3919/6074
f 3888/5986 3889/6040 3921/6076 3920/6075
f 3889/6040 3890/6045 3922/6077 3921/6076
f 3890/6045 3898/6044 3930/6078 3922/6077
f 3898/5983 3891/5982 3923/6079 3930/6080
f 3891/5982 3892/6030 3924/6081 3923/6079
f 3892/6030 3893/6019 3925/6082 3924/6081
f 3893/6019 3894/6018 3926/6083 3925/6082
f 3894/6018 3895/6007 3927/6084 3926/6083
f 3895/6007 3896/6006 3928/6085 3927/6084
f 3896/6006 3897/5995 3929/6086 3928/6085
f 3897/5995 3867/5994 3899/6087 3929/6086
f 3867/6051 3868/6033 3900/6054 3899/6088
f 3957/6089 3956/6090 3988/6091 3989/6092
f 3935/6093 3934/6094 3966/6095 3967/6096
f 3946/6097 3945/6098 3977/6099 3978/6100
f 3955/6101 3954/6102 3986/6103 3987/6104
f 3933/6105 3932/6106 3964/6107 3965/6108
f 3944/6109 3943/6110 3975/6111 3976/6112
f 3953/6113 3952/6114 3984/6115 3985/6116
f 3942/6117 3941/6118 3973/6119 3974/6120
f 3962/6121 3961/6122 3993/6123 3994/6124
f 3951/6125 3950/6126 3982/6127 3983/6128
f 3940/6129 3939/6130 3971/6131 3972/6132
f 3960/6133 3959/6134 3991/6135 3992/6136
f 3949/6137 3948/6138 3980/6139 3981/6140
f 3938/6141 3937/6142 3969/6143 3970/6144
f 3958/6145 3957/6089 3989/6092 3990/6146
f 3936/6147 3935/6093 3967/6096 3968/6148
f 3947/6149 3946/6097 3978/6100 3979/6150
f 3956/6090 3955/6151 3987/6152 3988/6091
f 3934/6094 3933/6105 3965/6108 3966/6095
f 3945/6098 3944/6109 3976/6112 3977/6099
f 3954/6102 3953/6113 3985/6116 3986/6103
f 3932/6106 3931/6153 3963/6154 3964/6107
f 3943/6110 3942/6117 3974/6120 3975/6111
f 3931/6155 3962/6121 3994/6124 3963/6156
f 3952/6114 3951/6125 3983/6128 3984/6115
f 3941/6118 3940/6129 3972/6132 3973/6119
f 3961/6122 3960/6133 3992/6136 3993/6123
f 3950/6126 3949/6137 3981/6140 3982/6127
f 3939/6157 3938/6141 3970/6144 3971/6158
f 3959/6134 3958/6145 3990/6146 3991/6135
f 3948/6138 3947/6159 3979/6160 3980/6139
f 3937/6142 3936/6147 3968/6148 3969/6143
f 3964/6107 4028/6161 4029/6162 3965/6108
f 3965/6108 4029/6162 4030/6163 3966/6095
f 3966/6095 4030/6163 4031/6164 3967/6096
f 3967/6096 4031/6164 4032/6165 3968/6148
f 3968/6148 4032/6165 4033/6166 3969/6143
f 3969/6143 4033/6166 4034/6167 3970/6144
f 3970/6144 4034/6167 4035/6168 3971/6158
f 3971/6131 4035/6169 4036/6170 3972/6132
f 3972/6132 4036/6170 4037/6171 3973/6119
f 3973/6119 4037/6171 4038/6172 3974/6120
f 3974/6120 4038/6172 4039/6173 3975/6111
f 3975/6111 4039/6173 4040/6174 3976/6112
f 3976/6112 4040/6174 4041/6175 3977/6099
f 3977/6099 4041/6175 4042/6176 3978/6100
f 3978/6100 4042/6176 4043/6177 3979/6150
f 3979/6160 4043/6178 4044/6179 3980/6139
f 3980/6139 4044/6179 4045/6180 3981/6140
f 3981/6140 4045/6180 4046/6181 3982/6127
f 3982/6127 4046/6181 4047/6182 3983/6128
f 3983/6128 4047/6182 4048/6183 3984/6115
f 3984/6115 4048/6183 4049/6184 3985/6116
f 3985/6116 4049/6184 4050/6185 3986/6103
f 3986/6103 4050/6185 4051/6186 3987/6104
f 3987/6152 4051/6187 4052/6188 3988/6091
f 3988/6091 4052/6188 4053/6189 3989/6092
f 3989/6092 4053/6189 4054/6190 3990/6146
f 3990/6146 4054/6190 4055/6191 3991/6135
f 3991/6135 4055/6191 4056/6192 3992/6136
f 3992/6136 4056/6192 4057/6193 3993/6123
f 3993/6123 4057/6193 4058/6194 3994/6124
f 3994/6124 4058/6194 4027/6195 3963/6156
f 3963/6154 4027/6196 4028/6161 3964/6107
f 3995/6197 4027/6195 4058/6194 4026/6198
f 4026/6198 4058/6194 4057/6193 4025/6199
f 4025/6199 4057/6193 4056/6192 4024/6200
f 4024/6200 4056/6192 4055/6191 4023/6201
f 4023/6201 4055/6191 4054/6190 4022/6202
f 4022/6202 4054/6190 4053/6189 4021/6203
f 4021/6203 4053/6189 4052/6188 4020/6204
f 4020/6204 4052/6188 4051/6187 4019/6205
f 4019/6206 4051/6186 4050/6185 4018/6207
f 4018/6207 4050/6185 4049/6184 4017/6208
f 4017/6208 4049/6184 4048/6183 4016/6209
f 4016/6209 4048/6183 4047/6182 4015/6210
f 4015/6210 4047/6182 4046/6181 4014/6211
f 4014/6211 4046/6181 4045/6180 4013/6212
f 4013/6212 4045/6180 4044/6179 4012/6213
f 4012/6213 4044/6179 4043/6178 4011/6214
f 4011/6215 4043/6177 4042/6176 4010/6216
f 4010/6216 4042/6176 4041/6175 4009/6217
f 4009/6217 4041/6175 4040/6174 4008/6218
f 4008/6218 4040/6174 4039/6173 4007/6219
f 4007/6219 4039/6173 4038/6172 4006/6220
f 4006/6220 4038/6172 4037/6171 4005/6221
f 4005/6221 4037/6171 4036/6170 4004/6222
f 4004/6222 4036/6170 4035/6169 4003/6223
f 4003/6224 4035/6168 4034/6167 4002/6225
f 4002/6225 4034/6167 4033/6166 4001/6226
f 4001/6226 4033/6166 4032/6165 4000/6227
f 4000/6227 4032/6165 4031/6164 3999/6228
f 3999/6228 4031/6164 4030/6163 3998/6229
f 3998/6229 4030/6163 4029/6162 3997/6230
f 3997/6230 4029/6162 4028/6161 3996/6231
f 3996/6231 4028/6161 4027/6196 3995/6232
f 4059/6233 4062/6234 4072/6235 4071/6236
f 4069/6237 4068/6238 4071/6239 4072/6240
f 4067/6241 4070/6242 4066/6243 4063/6244
f 4070/6242 4069/6237 4072/6240 4066/6243
f 4062/6234 4061/6245 4065/6246 4072/6235
f 4061/6245 4060/6247 4064/6248 4065/6246
f 4072/6235 4065/6246 4066/6249
f 4077/6250 4078/6251 4074/6252 4073/6253
f 4078/6251 4079/6254 4075/6255 4074/6252
f 4080/6256 4077/6250 4073/6253 4076/6257
f 4085/6258 4086/6259 4082/6260 4081/6261
f 4086/6259 4087/6262 4083/6263 4082/6260
f 4088/6264 4085/6258 4081/6261 4084/6265
f 4092/6266 4091/6267 4095/6268 4096/6269
f 4089/6270 4092/6266 4096/6269 4093/6271
f 4091/6267 4090/6272 4094/6273 4095/6268
f 4101/6274 4102/6275 4098/6276 4097/6277
f 4102/6275 4103/6278 4099/6279 4098/6276
f 4104/6280 4101/6274 4097/6277 4100/6281
f 4109/6282 4110/6283 4106/6284 4105/6285
f 4110/6283 4111/6286 4107/6287 4106/6284
f 4112/6288 4109/6282 4105/6285 4108/6289
f 4117/6290 4118/6291 4114/6292 4113/6293
f 4118/6291 4119/6294 4115/6295 4114/6292
f 4120/6296 4117/6290 4113/6293 4116/6297
f 4125/6298 4126/6299 4122/6300 4121/6301
f 4126/6299 4127/6302 4123/6303 4122/6300
f 4128/6304 4125/6298 4121/6301 4124/6305
f 4133/6306 4134/6307 4130/6308 4129/6309
f 4134/6307 4135/6310 4131/6311 4130/6308
f 4136/6312 4133/6306 4129/6309 4132/6313
f 4141/6314 4142/6315 4138/6316 4137/6317
f 4142/6315 4143/6318 4139/6319 4138/6316
f 4144/6320 4141/6314 4137/6317 4140/6321
f 4149/6322 4150/6323 4146/6324 4145/6325
f 4150/6323 4151/6326 4147/6327 4146/6324
f 4152/6328 4149/6322 4145/6325 4148/6329
f 4157/6330 4158/6331 4154/6332 4153/6333
f 4158/6331 4159/6334 4155/6335 4154/6332
f 4160/6336 4157/6330 4153/6333 4156/6337
f 4165/6338 4166/6339 4162/6340 4161/6341
f 4166/6339 4167/6342 4163/6343 4162/6340
f 4168/6344 4165/6338 4161/6341 4164/6345
f 4169/6346 4172/6347 4182/6348 4181/6349
f 4179/6350 4178/6351 4181/6352 4182/6353
f 4177/6354 4180/6355 4176/6356 4173/6357
f 4180/6355 4179/6350 4182/6353 4176/6356
f 4172/6347 4171/6358 4175/6359 4182/6348
f 4171/6358 4170/6360 4174/6361 4175/6359
f 4182/6348 4175/6359 4176/6362
f 4187/6363 4188/6364 4184/6365 4183/6366
f 4188/6364 4189/6367 4185/6368 4184/6365
f 4190/6369 4187/6363 4183/6366 4186/6370
f 4191/6371 4194/6372 4204/6373 4203/6374
f 4201/6375 4200/6376 4203/6377 4204/6378
f 4199/6379 4202/6380 4198/6381 4195/6382
f 4202/6380 4201/6375 4204/6378 4198/6381
f 4194/6372 4193/6383 4197/6384 4204/6373
f 4193/6383 4192/6385 4196/6386 4197/6384
f 4204/6373 4197/6384 4198/6387
f 4209/6388 4210/6389 4206/6390 4205/6391
f 4210/6389 4211/6392 4207/6393 4206/6390
f 4212/6394 4209/6388 4205/6391 4208/6395
f 4217/6396 4218/6397 4214/6398 4213/6399
f 4218/6397 4219/6400 4215/6401 4214/6398
f 4220/6402 4217/6396 4213/6399 4216/6403
f 4221/5906 4224/5907 4234/5908 4233/5909
f 4231/5898 4230/5899 4233/5900 4234/5901
f 4229/5926 4232/5927 4228/5928 4225/5929
f 4232/5927 4231/5898 4234/5901 4228/5928
f 4224/5907 4223/5924 4227/5925 4234/5908
f 4223/5924 4222/5935 4226/5936 4227/5925
f 4234/5908 4227/5925 4228/5934
f 4239/5891 4240/5914 4236/5915 4235/5892
f 4240/5914 4241/5932 4237/5933 4236/5915
f 4242/5890 4239/5891 4235/5892 4238/5893
f 4247/5917 4248/5920 4244/5923 4243/5918
f 4248/5920 4249/5921 4245/5922 4244/5923
f 4250/5916 4247/5917 4243/5918 4246/5919
f 4255/5903 4256/5910 4252/5913 4251/5904
f 4256/5910 4257/5911 4253/5912 4252/5913
f 4258/5902 4255/5903 4251/5904 4254/5905
f 4263/5894 4264/5895 4260/5896 4259/5897
f 4264/5895 4265/5930 4261/5931 4260/5896
f 4266/6404 4263/5894 4259/5897 4262/6405
f 4270/6406 4269/6407 4273/6408 4274/6409
f 4267/6410 4270/6406 4274/6409 4271/6411
f 4269/6407 4268/6412 4272/6413 4273/6408
f 4279/5954 4280/6414 4276/6415 4275/5955
f 4280/6414 4281/6416 4277/6417 4276/6415
f 4282/5953 4279/5954 4275/5955 4278/5956
f 4287/5973 4288/5945 4284/5948 4283/5974
f 4288/5945 4289/5946 4285/5947 4284/5948
f 4290/6418 4287/5973 4283/5974 4286/6419
f 4294/5966 4293/5937 4297/5940 4298/5967
f 4291/5965 4294/5966 4298/5967 4295/5968
f 4293/5937 4292/5938 4296/5939 4297/5940
f 4303/5957 4304/5958 4300/5959 4299/5960
f 4304/5958 4305/5977 4301/5978 4300/5959
f 4306/5971 4303/5957 4299/5960 4302/5972
f 4311/5949 4312/5950 4308/5951 4307/5952
f 4312/5950 4313/6420 4309/6421 4308/5951
f 4314/5969 4311/5949 4307/5952 4310/5970
f 4319/5941 4320/5942 4316/5943 4315/5944
f 4320/5942 4321/5975 4317/5976 4316/5943
f 4322/5979 4319/5941 4315/5944 4318/5980
f 4326/5961 4325/5962 4329/5963 4330/5964
f 4323/6422 4326/5961 4330/5964 4327/6423
f 4325/5962 4324/6424 4328/6425 4329/5963
f 4335/6426 4336/6427 4332/6428 4331/6429
f 4336/6427 4337/6430 4333/6431 4332/6428
f 4338/6432 4335/6426 4331/6429 4334/6433
f 4351/6434 4344/6435 4340/6436 4353/6437
f 4353/6437 4340/6436 4341/6438 4352/6439
f 4354/6440 4345/6441 4344/6435 4351/6434
f 4343/6442 4347/6443 4348/6444 4339/6445
f 4339/6445 4348/6444 4350/6446 4342/6447
f 4346/6448 4349/6449 4347/6443 4343/6442
f 4369/6450 4357/6451 4356/6452 4368/6453
f 4359/6454 4363/6455 4364/6456 4358/6457
f 4367/6458 4360/6459 4357/6451 4369/6450
f 4370/6460 4361/6461 4360/6459 4367/6458
f 4358/6457 4364/6456 4366/6462 4355/6463
f 4362/6464 4365/6465 4363/6455 4359/6454
f 3802/6460 3811/6461 3812/6459 3805/6458
f 3818/6440 3827/6441 3828/6435 3821/6434
f 3810/6464 3807/6465 3809/6455 3813/6454
f 4385/6422 4382/5961 4378/5964 4381/6423
f 3833/6445 3824/6444 3822/6446 3830/6447
f 4373/6426 4372/6427 4376/6428 4377/6429
f 3803/6450 3815/6451 3816/6452 3804/6453
f 3813/6454 3809/6455 3808/6456 3814/6457
f 3821/6434 3828/6435 3832/6436 3819/6437
f 3805/6458 3812/6459 3815/6451 3803/6450
f 3819/6437 3832/6436 3831/6438 3820/6439
f 3814/6457 3808/6456 3806/6462 3817/6463
f 3829/6442 3825/6443 3824/6444 3833/6445
f 4383/5962 4384/6424 4380/6425 4379/5963
f 3826/6448 3823/6449 3825/6443 3829/6442
f 4372/6427 4371/6430 4375/6431 4376/6428
f 3834/6432 4373/6426 4377/6429 4374/6433
f 4442/6404 4445/5894 4449/5897 4446/6405
f 4396/5950 4395/6420 4399/6421 4400/5951
f 4438/6406 4439/6407 4435/6408 4434/6409
f 4439/6407 4440/6412 4436/6413 4435/6408
f 4428/6414 4427/6416 4431/6417 4432/6415
f 4418/6418 4421/5973 4425/5974 4422/6419
f 4441/6410 4438/6406 4434/6409 4437/6411
f 4414/5966 4415/5937 4411/5940 4410/5967
f 4429/5954 4428/6414 4432/6415 4433/5955
f 4490/6397 4489/6400 4493/6401 4494/6398
f 4491/6396 4490/6397 4494/6398 4495/6399
f 4499/6388 4498/6389 4502/6390 4503/6391
f 4496/6394 4499/6388 4503/6391 4500/6395
f 4488/6402 4491/6396 4495/6399 4492/6403
f 4498/6389 4497/6392 4501/6393 4502/6390
f 4606/6275 4605/6278 4609/6279 4610/6276
f 4574/6307 4573/6310 4577/6311 4578/6308
f 4591/6290 4590/6291 4594/6292 4595/6293
f 4572/6312 4575/6306 4579/6309 4576/6313
f 4616/6266 4617/6267 4613/6268 4612/6269
f 4566/6315 4565/6318 4569/6319 4570/6316
f 4617/6267 4618/6272 4614/6273 4613/6268
f 4564/6320 4567/6314 4571/6317 4568/6321
f 4583/6298 4582/6299 4586/6300 4587/6301
f 4558/6323 4557/6326 4561/6327 4562/6324
f 4598/6283 4597/6286 4601/6287 4602/6284
f 4575/6306 4574/6307 4578/6308 4579/6309
f 4604/6280 4607/6274 4611/6277 4608/6281
f 4596/6288 4599/6282 4603/6285 4600/6289
f 4590/6291 4589/6294 4593/6295 4594/6292
f 4567/6314 4566/6315 4570/6316 4571/6317
f 4619/6270 4616/6266 4612/6269 4615/6271
f 4588/6296 4591/6290 4595/6293 4592/6297
f 4607/6274 4606/6275 4610/6276 4611/6277
f 4559/6322 4558/6323 4562/6324 4563/6325
f 4582/6299 4581/6302 4585/6303 4586/6300
f 4599/6282 4598/6283 4602/6284 4603/6285
f 4556/6328 4559/6322 4563/6325 4560/6329
f 4580/6304 4583/6298 4587/6301 4584/6305
f 4509/6379 4506/6380 4510/6381 4513/6382
f 4507/6375 4508/6376 4505/6377 4504/6378
f 4517/6371 4514/6372 4504/6373 4505/6374
f 4518/6369 4521/6363 4525/6366 4522/6370
f 4515/6383 4516/6385 4512/6386 4511/6384
f 4520/6364 4519/6367 4523/6368 4524/6365
f 4521/6363 4520/6364 4524/6365 4525/6366
f 4526/6348 4533/6359 4532/6362
f 4537/6358 4538/6360 4534/6361 4533/6359
f 4536/6347 4537/6358 4533/6359 4526/6348
f 4528/6355 4529/6350 4526/6353 4532/6356
f 4531/6354 4528/6355 4532/6356 4535/6357
f 4529/6350 4530/6351 4527/6352 4526/6353
f 4539/6346 4536/6347 4526/6348 4527/6349
f 4540/6344 4543/6338 4547/6341 4544/6345
f 4504/6373 4511/6384 4510/6387
f 4542/6339 4541/6342 4545/6343 4546/6340
f 4543/6338 4542/6339 4546/6340 4547/6341
f 4548/6336 4551/6330 4555/6333 4552/6337
f 4550/6331 4549/6334 4553/6335 4554/6332
f 4551/6330 4550/6331 4554/6332 4555/6333
f 4506/6380 4507/6375 4504/6378 4510/6381
f 4514/6372 4515/6383 4511/6384 4504/6373
f 4622/6259 4621/6262 4625/6263 4626/6260
f 4623/6258 4622/6259 4626/6260 4627/6261
f 4628/6256 4631/6250 4635/6253 4632/6257
f 4630/6251 4629/6254 4633/6255 4634/6252
f 4631/6250 4630/6251 4634/6252 4635/6253
f 4636/6235 4643/6246 4642/6249
f 4647/6245 4648/6247 4644/6248 4643/6246
f 4646/6234 4647/6245 4643/6246 4636/6235
f 4638/6242 4639/6237 4636/6240 4642/6243
f 4641/6241 4638/6242 4642/6243 4645/6244
f 4639/6237 4640/6238 4637/6239 4636/6240
f 4649/6233 4646/6234 4636/6235 4637/6236
f 4712/6231 4680/6161 4681/6196 4713/6232
f 4711/6230 4679/6162 4680/6161 4712/6231
f 4710/6229 4678/6163 4679/6162 4711/6230
f 4709/6228 4677/6164 4678/6163 4710/6229
f 4708/6227 4676/6165 4677/6164 4709/6228
f 4707/6226 4675/6166 4676/6165 4708/6227
f 4706/6225 4674/6167 4675/6166 4707/6226
f 4704/6222 4672/6170 4673/6169 4705/6223
f 4705/6224 4673/6168 4674/6167 4706/6225
f 4703/6221 4671/6171 4672/6170 4704/6222
f 4702/6220 4670/6172 4671/6171 4703/6221
f 4701/6219 4669/6173 4670/6172 4702/6220
f 4700/6218 4668/6174 4669/6173 4701/6219
f 4699/6217 4667/6175 4668/6174 4700/6218
f 4620/6264 4623/6258 4627/6261 4624/6265
f 4689/6206 4657/6186 4658/6185 4690/6207
f 4726/6127 4662/6181 4661/6182 4725/6128
f 4744/6107 4680/6161 4679/6162 4743/6108
f 4693/6210 4661/6182 4662/6181 4694/6211
f 4722/6103 4658/6185 4657/6186 4721/6104
f 4740/6148 4676/6165 4675/6166 4739/6143
f 4718/6146 4654/6190 4653/6191 4717/6135
f 4736/6132 4672/6170 4671/6171 4735/6119
f 4714/6124 4650/6194 4681/6195 4745/6156
f 4732/6112 4668/6174 4667/6175 4731/6099
f 4683/6199 4651/6193 4652/6192 4684/6200
f 4687/6203 4655/6189 4656/6188 4688/6204
f 4728/6139 4664/6179 4663/6180 4727/6140
f 4691/6208 4659/6184 4660/6183 4692/6209
f 4724/6115 4660/6183 4659/6184 4723/6116
f 4742/6095 4678/6163 4677/6164 4741/6096
f 4697/6215 4665/6177 4666/6176 4698/6216
f 4720/6091 4656/6188 4655/6189 4719/6092
f 4695/6212 4663/6180 4664/6179 4696/6213
f 4738/6144 4674/6167 4673/6168 4737/6158
f 4716/6136 4652/6192 4651/6193 4715/6123
f 4734/6120 4670/6172 4669/6173 4733/6111
f 4713/6197 4681/6195 4650/6194 4682/6198
f 4730/6100 4666/6176 4665/6177 4729/6150
f 4685/6201 4653/6191 4654/6190 4686/6202
f 4690/6207 4658/6185 4659/6184 4691/6208
f 4725/6128 4661/6182 4660/6183 4724/6115
f 4743/6108 4679/6162 4678/6163 4742/6095
f 4694/6211 4662/6181 4663/6180 4695/6212
f 4721/6152 4657/6187 4656/6188 4720/6091
f 4739/6143 4675/6166 4674/6167 4738/6144
f 4717/6135 4653/6191 4652/6192 4716/6136
f 4735/6119 4671/6171 4670/6172 4734/6120
f 4745/6154 4681/6196 4680/6161 4744/6107
f 4731/6099 4667/6175 4666/6176 4730/6100
f 4684/6200 4652/6192 4653/6191 4685/6201
f 4688/6204 4656/6188 4657/6187 4689/6205
f 4727/6140 4663/6180 4662/6181 4726/6127
f 4692/6209 4660/6183 4661/6182 4693/6210
f 4723/6116 4659/6184 4658/6185 4722/6103
f 4741/6096 4677/6164 4676/6165 4740/6148
f 4698/6216 4666/6176 4667/6175 4699/6217
f 4719/6092 4655/6189 4654/6190 4718/6146
f 4696/6213 4664/6179 4665/6178 4697/6214
f 4737/6131 4673/6169 4672/6170 4736/6132
f 4715/6123 4651/6193 4650/6194 4714/6124
f 4733/6111 4669/6173 4668/6174 4732/6112
f 4682/6198 4650/6194 4651/6193 4683/6199
f 4729/6160 4665/6178 4664/6179 4728/6139
f 4686/6202 4654/6190 4655/6189 4687/6203
f 4771/6142 4772/6147 4740/6148 4739/6143
f 4760/6138 4761/6159 4729/6160 4728/6139
f 4749/6134 4750/6145 4718/6146 4717/6135
f 4769/6157 4770/6141 4738/6144 4737/6158
f 4758/6126 4759/6137 4727/6140 4726/6127
f 4747/6122 4748/6133 4716/6136 4715/6123
f 4767/6118 4768/6129 4736/6132 4735/6119
f 4756/6114 4757/6125 4725/6128 4724/6115
f 4777/6155 4746/6121 4714/6124 4745/6156
f 4765/6110 4766/6117 4734/6120 4733/6111
f 4776/6106 4777/6153 4745/6154 4744/6107
f 4754/6102 4755/6113 4723/6116 4722/6103
f 4763/6098 4764/6109 4732/6112 4731/6099
f 4774/6094 4775/6105 4743/6108 4742/6095
f 4761/6149 4762/6097 4730/6100 4729/6150
f 4822/5998 4821/5987 4789/6074 4790/6073
f 4821/5987 4820/5986 4788/6075 4789/6074
f 4820/5986 4819/6040 4787/6076 4788/6075
f 4819/6040 4818/6045 4786/6077 4787/6076
f 4818/6045 4810/6044 4778/6078 4786/6077
f 4810/5983 4817/5982 4785/6079 4778/6080
f 4817/5982 4816/6030 4784/6081 4785/6079
f 4816/6030 4815/6019 4783/6082 4784/6081
f 4815/6019 4814/6018 4782/6083 4783/6082
f 4814/6018 4813/6007 4781/6084 4782/6083
f 4813/6007 4812/6006 4780/6085 4781/6084
f 4812/6006 4811/5995 4779/6086 4780/6085
f 4811/5995 4841/5994 4809/6087 4779/6086
f 4841/6051 4840/6033 4808/6054 4809/6088
f 4751/6089 4752/6090 4720/6091 4719/6092
f 4773/6093 4774/6094 4742/6095 4741/6096
f 4762/6097 4763/6098 4731/6099 4730/6100
f 4753/6101 4754/6102 4722/6103 4721/6104
f 4775/6105 4776/6106 4744/6107 4743/6108
f 4764/6109 4765/6110 4733/6111 4732/6112
f 4755/6113 4756/6114 4724/6115 4723/6116
f 4766/6117 4767/6118 4735/6119 4734/6120
f 4746/6121 4747/6122 4715/6123 4714/6124
f 4757/6125 4758/6126 4726/6127 4725/6128
f 4768/6129 4769/6130 4737/6131 4736/6132
f 4748/6133 4749/6134 4717/6135 4716/6136
f 4759/6137 4760/6138 4728/6139 4727/6140
f 4770/6141 4771/6142 4739/6143 4738/6144
f 4750/6145 4751/6089 4719/6092 4718/6146
f 4772/6147 4773/6093 4741/6096 4740/6148
f 4752/6090 4753/6151 4721/6152 4720/6091
f 4823/5999 4822/5998 4790/6073 4791/6072
f 4828/6036 4827/6027 4795/6067 4796/6066
f 4832/5991 4831/5990 4799/6063 4800/6061
f 4827/6027 4826/6026 4794/6068 4795/6067
f 4831/5990 4830/6042 4798/6064 4799/6063
f 4826/6026 4825/6050 4793/6069 4794/6068
f 4825/6011 4824/6010 4792/6070 4793/6071
f 4824/6010 4823/5999 4791/6072 4792/6070
f 4830/6042 4829/6037 4797/6065 4798/6064
f 4829/6037 4828/6036 4796/6066 4797/6065
f 4834/6003 4833/6002 4801/6060 4802/6059
f 4835/6014 4834/6003 4802/6059 4803/6058
f 4836/6015 4835/6014 4803/6058 4804/6057
f 4833/6047 4832/5991 4800/6061 4801/6062
f 4838/6023 4837/6022 4805/6056 4806/6055
f 4839/6032 4838/6023 4806/6055 4807/6053
f 4840/6033 4839/6032 4807/6053 4808/6054
f 4837/6022 4836/6015 4804/6057 4805/6056
f 4872/6034 4840/6033 4841/6051 4873/6052
f 4850/6046 4818/6045 4819/6040 4851/6039
f 4859/6028 4827/6027 4828/6036 4860/6035
f 4861/6038 4829/6037 4830/6042 4862/6041
f 4847/6020 4815/6019 4816/6030 4848/6029
f 4857/6049 4825/6050 4826/6026 4858/6025
f 4868/6016 4836/6015 4837/6022 4869/6021
f 4870/6024 4838/6023 4839/6032 4871/6031
f 4845/6008 4813/6007 4814/6018 4846/6017
f 4853/5988 4821/5987 4822/5998 4854/5997
f 4860/6035 4828/6036 4829/6037 4861/6038
f 4864/5992 4832/5991 4833/6047 4865/6048
f 4851/6039 4819/6040 4820/5986 4852/5985
f 4843/5996 4811/5995 4812/6006 4844/6005
f 4855/6000 4823/5999 4824/6010 4856/6009
f 4866/6004 4834/6003 4835/6014 4867/6013
f 4862/6041 4830/6042 4831/5990 4863/5989
f 4842/6043 4810/6044 4818/6045 4850/6046
f 4848/6029 4816/6030 4817/5982 4849/5981
f 4858/6025 4826/6026 4827/6027 4859/6028
f 4869/6021 4837/6022 4838/6023 4870/6024
f 4871/6031 4839/6032 4840/6033 4872/6034
f 4846/6017 4814/6018 4815/6019 4847/6020
f 4854/5997 4822/5998 4823/5999 4855/6000
f 4849/5981 4817/5982 4810/5983 4842/5984
f 4865/6001 4833/6002 4834/6003 4866/6004
f 4852/5985 4820/5986 4821/5987 4853/5988
f 4844/6005 4812/6006 4813/6007 4845/6008
f 4856/6009 4824/6010 4825/6011 4857/6012
f 4867/6013 4835/6014 4836/6015 4868/6016
f 4863/5989 4831/5990 4832/5991 4864/5992
f 4873/5993 4841/5994 4811/5995 4843/5996
